Zebrafish 6 hpf, mock injected
Genes included in this table either have 1 or more poly(A) tags, or have RPF RPKM > 0 and RNA RPM > 10.0 for samples with mRNA-Seq and ribosome profiling data
Transcript ID	Gene name	Poly(A) tags	Mean TL	Median TL	10th %ile, TL	25th %ile, TL	75th %ile, TL	90th %ile, TL	mRNA RPKM	RPF RPKM	log2(TE)
ENSDART00000049448	ERO1LB	25	37.9	30.6	1.2	18.0	52.7	76.9	NA	NA	NA
ENSDART00000125259	melk	104	85.8	69.3	10.0	38.8	128.5	172.1	8.4	18.8	1.1622714289
ENSDART00000032368	si:ch211-259i2.2	1	62.4	62.4	NA	NA	NA	NA	NA	NA	NA
ENSDART00000101274	zgc:153981	6	75.3	57.0	NA	NA	NA	NA	NA	NA	NA
ENSDART00000099479	crfb4	1	12.8	12.8	NA	NA	NA	NA	NA	NA	NA
ENSDART00000015655	tecrl2	7	27.3	18.7	NA	NA	NA	NA	NA	NA	NA
ENSDART00000004585	clptm1l	52	38.5	29.2	14.4	21.5	47.9	78.8	11.74	5.4	-1.12040109606
ENSDART00000125251	dnal1	19	54.9	19.3	11.1	13.3	85.7	120.0	NA	NA	NA
ENSDART00000099476	fam174b	7	38.3	27.5	NA	NA	NA	NA	NA	NA	NA
ENSDART00000099477	rorab	2	13.0	13.0	NA	NA	NA	NA	NA	NA	NA
ENSDART00000039847	chchd4	64	52.0	31.9	8.4	16.7	74.5	134.8	NA	NA	NA
ENSDART00000099473	msi2a	28	24.4	19.1	6.5	9.6	30.6	52.7	NA	NA	NA
ENSDART00000083062	ints1	285	66.2	56.9	26.8	39.4	83.4	116.5	14.42	27.97	0.955809089235
ENSDART00000143781	EIF1B	2165	74.8	70.8	36.3	51.4	92.5	117.2	1133.59	2153.95	0.926085824106
ENSDART00000109252	nudt5	76	49.0	30.7	12.1	19.8	51.4	129.0	NA	NA	NA
ENSDART00000143784	doc2d	2	57.5	57.5	NA	NA	NA	NA	NA	NA	NA
ENSDART00000109251	mpz	6	146.7	126.5	NA	NA	NA	NA	NA	NA	NA
ENSDART00000083068	mlec	78	33.2	26.6	7.7	17.6	50.4	65.0	22.54	29.93	0.409104763326
ENSDART00000057290	prpf38a	294	66.5	58.1	23.6	34.8	87.4	128.8	107.59	173.5	0.689391670605
ENSDART00000091662	noc2l	148	66.8	49.9	14.6	24.4	106.2	144.1	26.78	66.04	1.30218415959
ENSDART00000109258	ck2b	340	88.2	83.5	27.3	48.7	121.5	158.2	78.49	321.07	2.03230710484
ENSDART00000109259	smarcc1a	1039	77.0	69.1	29.4	46.0	101.5	136.1	78.05	312.85	2.00300056672
ENSDART00000003801	crsp7	44	50.2	25.4	5.6	10.7	95.9	114.1	NA	NA	NA
ENSDART00000008854	wsb1	69	96.2	69.8	8.0	25.5	147.5	206.0	NA	NA	NA
ENSDART00000079600	minpp1a	7	72.6	66.3	NA	NA	NA	NA	NA	NA	NA
ENSDART00000146902	tmem106ba	26	45.0	23.4	14.2	17.0	52.7	96.3	NA	NA	NA
ENSDART00000097494	hint2	21	101.4	69.9	33.7	42.5	161.1	226.4	NA	NA	NA
ENSDART00000114148	casc4	52	37.9	34.2	12.4	24.1	46.5	66.4	10.6	11.1	0.0664954117869
ENSDART00000076115	htr1b	11	25.5	25.0	2.5	6.6	44.8	52.0	NA	NA	NA
ENSDART00000148816	si:ch1073-391i24.1	23	33.2	26.0	12.7	20.5	42.8	57.5	NA	NA	NA
ENSDART00000127907	wu:fc34e06	3	98.4	99.4	NA	NA	NA	NA	NA	NA	NA
ENSDART00000089609	skiv2l	15	42.1	32.0	13.2	21.2	44.4	75.7	6.01	2.29	-1.39201739261
ENSDART00000148812	egfl6	1	23.6	23.6	NA	NA	NA	NA	NA	NA	NA
ENSDART00000113304	FRRS1	71	50.9	45.2	23.5	36.3	64.1	91.5	NA	NA	NA
ENSDART00000089603	golga7ba	73	81.4	71.3	24.5	38.0	119.3	146.0	NA	NA	NA
ENSDART00000152096	stra6	7	22.2	10.4	NA	NA	NA	NA	NA	NA	NA
ENSDART00000144375	fgf11a	1	105.6	105.6	NA	NA	NA	NA	NA	NA	NA
ENSDART00000004588	asic1a	1	52.1	52.1	NA	NA	NA	NA	NA	NA	NA
ENSDART00000127624	nkx6.2	1	8.7	8.7	NA	NA	NA	NA	NA	NA	NA
ENSDART00000089605	TBC1D8B	17	43.1	29.1	10.0	14.4	55.5	103.3	NA	NA	NA
ENSDART00000125253	MAPK8IP1	1	-3.9	-3.9	NA	NA	NA	NA	NA	NA	NA
ENSDART00000131048	si:ch211-113a14.26	25	3.3	-4.0	-5.5	-4.9	1.1	10.1	NA	NA	NA
ENSDART00000101319	zgc:162396	9	38.5	25.7	NA	NA	NA	NA	NA	NA	NA
ENSDART00000128334	lpcat2	6	87.9	111.8	NA	NA	NA	NA	NA	NA	NA
ENSDART00000131046	CU694324.1	15	63.2	48.8	14.6	21.3	93.8	118.7	NA	NA	NA
ENSDART00000034109	coq3	9	55.8	37.2	NA	NA	NA	NA	NA	NA	NA
ENSDART00000131042	ildr1a	181	57.0	36.1	12.0	18.3	74.8	130.6	24.22	21.03	-0.203750014963
ENSDART00000104999	ccdc85ca	6	66.2	64.5	NA	NA	NA	NA	NA	NA	NA
ENSDART00000099782	mrpl14	31	47.0	30.7	11.7	19.4	68.7	91.9	NA	NA	NA
ENSDART00000006983	KAT5	42	90.5	55.2	6.6	25.8	154.2	193.1	10.22	15.34	0.585903286565
ENSDART00000003752	cct3	258	67.2	62.7	24.4	36.4	90.7	117.3	81.15	190.15	1.22847493908
ENSDART00000110005	cdhr1a	14	72.2	66.0	10.7	39.9	99.9	144.7	NA	NA	NA
ENSDART00000126608	fam60a	5	58.4	12.6	NA	NA	NA	NA	NA	NA	NA
ENSDART00000054015	gpc2	1	0.0	0.0	NA	NA	NA	NA	NA	NA	NA
ENSDART00000126694	sepw2b	21	47.9	32.9	17.9	20.2	61.5	76.2	NA	NA	NA
ENSDART00000133576	nmnat1	13	42.6	28.1	11.0	13.5	39.3	86.9	14.86	12.63	-0.234579476751
ENSDART00000076807	cnot6l	8	33.4	33.0	NA	NA	NA	NA	NA	NA	NA
ENSDART00000011936	CCDC106	10	72.3	65.1	11.1	22.6	118.5	140.8	NA	NA	NA
ENSDART00000011931	ruvbl1	208	68.3	61.5	14.0	32.1	99.1	128.5	62.44	159.07	1.34911933207
ENSDART00000076800	znhit1	45	57.6	48.0	11.5	20.2	93.1	121.2	NA	NA	NA
ENSDART00000152193	mms19	27	40.7	25.5	11.1	16.6	57.0	95.4	5.14	10.64	1.04965788631
ENSDART00000062324	h2afvb	5801	116.4	116.7	79.0	98.0	135.0	154.3	1081.9	4799.98	2.14946123754
ENSDART00000046045	il6st	8	64.9	54.8	NA	NA	NA	NA	NA	NA	NA
ENSDART00000083066	asphd2	7	47.6	37.7	NA	NA	NA	NA	NA	NA	NA
ENSDART00000050831	chac2	1	9.1	9.1	NA	NA	NA	NA	NA	NA	NA
ENSDART00000129356	CR478286.1	63	68.4	51.5	15.6	24.4	102.6	157.3	21.97	6.3	-1.80211113604
ENSDART00000052097	hrsp12	31	45.5	48.1	14.8	30.0	61.4	68.0	NA	NA	NA
ENSDART00000128595	pola1	40	45.6	34.8	14.5	23.2	67.7	90.3	7.52	30.3	2.01051322668
ENSDART00000049918	trim35-27	3	18.7	22.2	NA	NA	NA	NA	NA	NA	NA
ENSDART00000131625	NISCH	6	34.4	17.2	NA	NA	NA	NA	NA	NA	NA
ENSDART00000139037	pgls	4	63.0	51.0	NA	NA	NA	NA	NA	NA	NA
ENSDART00000128841	pip5k1cb	1	21.3	21.3	NA	NA	NA	NA	NA	NA	NA
ENSDART00000128599	CR352229.2	90	54.4	48.7	9.6	23.2	75.7	113.8	NA	NA	NA
ENSDART00000139033	lrp1bb	1	61.0	61.0	NA	NA	NA	NA	NA	NA	NA
ENSDART00000128845	pla2g12a	11	62.3	46.2	13.9	15.9	88.1	157.4	NA	NA	NA
ENSDART00000129429	si:dkey-119m7.4	2	100.9	100.9	NA	NA	NA	NA	NA	NA	NA
ENSDART00000087293	kcnc4	2	57.5	57.5	NA	NA	NA	NA	NA	NA	NA
ENSDART00000087835	ano6	5	49.8	38.7	NA	NA	NA	NA	NA	NA	NA
ENSDART00000113036	zgc:163143	7	19.2	17.4	NA	NA	NA	NA	NA	NA	NA
ENSDART00000005985	smo	164	72.1	63.3	16.3	31.6	105.8	137.9	NA	NA	NA
ENSDART00000098788	sema6dl	220	78.2	56.9	15.2	23.9	122.5	177.0	NA	NA	NA
ENSDART00000005989	dffb	21	44.0	20.1	6.2	8.8	38.3	140.3	NA	NA	NA
ENSDART00000110224	MON1B	58	50.3	22.3	9.0	14.1	65.4	140.2	NA	NA	NA
ENSDART00000100698	ercc8	28	57.7	46.2	12.3	26.7	68.2	100.8	10.48	3.36	-1.64110557876
ENSDART00000007079	asna1	246	41.9	33.0	11.0	20.8	52.0	83.6	33.38	80.27	1.2658769429
ENSDART00000124124	TGIF2	50	23.1	17.5	-4.8	1.2	39.2	60.5	24.62	200.75	3.02749732081
ENSDART00000050863	zgc:101858	22	79.1	80.1	30.1	55.3	101.5	119.3	NA	NA	NA
ENSDART00000098433	trpm7	199	35.1	30.8	9.1	18.6	43.2	61.9	18.17	4.87	-1.89956474215
ENSDART00000081966	rtn4a	397	55.5	49.1	17.1	28.5	73.2	104.9	32.78	117.88	1.84643120602
ENSDART00000081969	zgc:123349	17	41.1	36.7	5.7	17.6	52.2	88.3	NA	NA	NA
ENSDART00000080062	CR954145.1	2	24.6	24.6	NA	NA	NA	NA	NA	NA	NA
ENSDART00000149520	mcl1b	679	61.5	51.6	11.8	22.0	91.4	125.4	121.8	271.04	1.15399164654
ENSDART00000149521	eef2k	3	33.6	29.0	NA	NA	NA	NA	NA	NA	NA
ENSDART00000098439	ube2d4	5	15.0	10.1	NA	NA	NA	NA	NA	NA	NA
ENSDART00000098438	spg7	12	28.0	22.0	14.3	17.4	34.5	45.7	5.97	2.5	-1.2558028366
ENSDART00000090200	snapin	8	22.6	19.7	NA	NA	NA	NA	NA	NA	NA
ENSDART00000103845	eno4	2	92.4	92.4	NA	NA	NA	NA	NA	NA	NA
ENSDART00000090757	kat2b	2	132.5	132.5	NA	NA	NA	NA	NA	NA	NA
ENSDART00000090754	C18H16orf70	81	72.8	53.5	21.2	31.8	100.2	151.4	NA	NA	NA
ENSDART00000099021	dock8	3	30.4	31.7	NA	NA	NA	NA	NA	NA	NA
ENSDART00000063329	cux1b	38	50.8	35.7	14.7	24.2	74.8	95.3	8.98	7.74	-0.214381878597
ENSDART00000063492	ppm1ab	22	66.7	47.3	7.9	24.2	79.6	140.6	NA	NA	NA
ENSDART00000087740	C11H1orf106	19	70.9	73.8	6.6	13.9	118.1	139.5	NA	NA	NA
ENSDART00000067666	tmed7	237	76.1	63.2	22.9	37.6	112.3	138.7	54.78	48.28	-0.18222358995
ENSDART00000105064	TXNDC16	1	176.5	176.5	NA	NA	NA	NA	NA	NA	NA
ENSDART00000015277	gpx1b	9	38.6	40.9	NA	NA	NA	NA	NA	NA	NA
ENSDART00000113964	POLR2E	3	27.9	19.2	NA	NA	NA	NA	NA	NA	NA
ENSDART00000105168	si:ch211-133n4.4	69	59.4	51.2	17.3	30.7	82.7	114.4	NA	NA	NA
ENSDART00000101601	cth1	306	38.5	21.4	6.8	12.7	55.7	100.2	30.79	49.69	0.690493674505
ENSDART00000026885	phc3	3	38.6	25.5	NA	NA	NA	NA	NA	NA	NA
ENSDART00000026085	ptges	2	23.3	23.3	NA	NA	NA	NA	NA	NA	NA
ENSDART00000012357	sav1	44	58.5	40.4	12.9	24.4	81.7	129.1	NA	NA	NA
ENSDART00000137502	CABZ01086354.1	6	27.8	30.7	NA	NA	NA	NA	NA	NA	NA
ENSDART00000100190	ces2	1	125.0	125.0	NA	NA	NA	NA	NA	NA	NA
ENSDART00000012603	drd4a	6	85.8	62.7	NA	NA	NA	NA	NA	NA	NA
ENSDART00000012600	galk2	40	26.7	23.8	11.1	14.7	33.2	50.9	9.39	7.85	-0.258432503875
ENSDART00000007271	mtfr1l	163	65.4	53.5	13.5	26.5	88.1	137.1	17.12	72.82	2.08865203904
ENSDART00000132028	pitpnaa	83	56.2	31.7	8.9	14.9	83.9	129.8	NA	NA	NA
ENSDART00000099979	smad4	160	70.3	54.2	14.5	26.4	101.3	147.0	NA	NA	NA
ENSDART00000009507	gatsl2	522	83.6	78.0	19.1	42.9	122.3	154.9	38.19	147.15	1.94602071721
ENSDART00000064311	arhgdia	186	65.2	60.3	27.3	45.7	79.9	104.9	NA	NA	NA
ENSDART00000064866	prkab1a	4	46.0	33.3	NA	NA	NA	NA	NA	NA	NA
ENSDART00000059041	h1m	49	36.1	36.9	11.2	21.8	46.3	64.7	327.55	316.61	-0.0490083254835
ENSDART00000064312	ms4a17a.7	2	71.9	71.9	NA	NA	NA	NA	NA	NA	NA
ENSDART00000101861	tcea1	887	67.1	57.6	19.7	33.5	90.1	132.8	121.4	767.75	2.66086818561
ENSDART00000078052	mto1	2	110.0	110.0	NA	NA	NA	NA	NA	NA	NA
ENSDART00000133998	ptplb	9	64.5	48.2	NA	NA	NA	NA	NA	NA	NA
ENSDART00000123312	SH2D4A	5	55.4	44.0	NA	NA	NA	NA	NA	NA	NA
ENSDART00000066471	adam8b	2	32.5	32.5	NA	NA	NA	NA	NA	NA	NA
ENSDART00000123315	si:dkey-7e14.3	2	2.1	2.1	NA	NA	NA	NA	NA	NA	NA
ENSDART00000123314	ankrd46a	69	73.8	74.6	21.4	33.7	109.2	131.3	NA	NA	NA
ENSDART00000123319	gpm6bb	36	39.2	37.9	15.2	23.1	53.1	62.6	NA	NA	NA
ENSDART00000016271	ilvbl	101	27.2	24.3	7.2	14.9	37.9	49.3	9.64	30.76	1.67395045173
ENSDART00000133997	armc8	15	38.7	21.4	10.6	19.2	33.1	94.7	NA	NA	NA
ENSDART00000130879	st3gal3a	11	36.0	40.8	15.0	19.4	45.7	62.2	NA	NA	NA
ENSDART00000111175	CUTA	24	34.8	29.5	15.6	18.8	40.9	64.9	NA	NA	NA
ENSDART00000036891	rabac1	222	77.4	67.1	29.0	43.6	97.4	140.8	NA	NA	NA
ENSDART00000055564	rprd1b	166	45.7	35.2	11.3	21.1	60.5	88.4	35.1	96.42	1.4578613992
ENSDART00000085371	rfk	3	77.6	42.2	NA	NA	NA	NA	NA	NA	NA
ENSDART00000130876	ap3m1	10	39.0	19.4	9.9	11.7	51.8	74.9	NA	NA	NA
ENSDART00000039629	celf3a	4	72.2	73.4	NA	NA	NA	NA	NA	NA	NA
ENSDART00000052240	psmg2	14	82.2	84.1	15.5	34.9	121.2	136.4	NA	NA	NA
ENSDART00000112854	gapvd1	39	32.7	22.5	6.2	14.0	42.6	64.0	NA	NA	NA
ENSDART00000110514	prr12a	259	72.7	51.4	7.9	18.3	118.8	167.9	33.25	15.31	-1.11888005778
ENSDART00000112850	mettl20	17	56.8	37.8	15.0	17.2	89.7	120.7	NA	NA	NA
ENSDART00000055623	hbbe3	1	4.0	4.0	NA	NA	NA	NA	NA	NA	NA
ENSDART00000112853	appl2	11	91.7	87.1	16.3	30.8	129.9	140.5	NA	NA	NA
ENSDART00000019252	fbxw11b	209	78.0	63.0	14.2	29.5	123.5	155.3	11.53	29.32	1.34649259048
ENSDART00000026264	kif13ba	49	31.5	23.6	10.1	15.7	36.3	59.9	6.39	5.96	-0.100503600485
ENSDART00000122374	ints10	48	90.3	90.1	17.6	42.7	139.7	168.5	6.51	10.14	0.639328203838
ENSDART00000125415	si:ch1073-459b3.2	5	42.6	26.0	NA	NA	NA	NA	NA	NA	NA
ENSDART00000125412	fbxo45	26	56.1	37.7	14.1	22.1	73.3	123.4	NA	NA	NA
ENSDART00000125413	xrn1	248	39.4	33.2	9.6	20.4	49.3	73.3	11.63	88.02	2.91998027492
ENSDART00000134978	nckap5l	292	84.5	79.9	13.4	42.2	121.4	160.2	11.36	37.76	1.73289592986
ENSDART00000134976	si:ch73-382f3.1	58	49.0	35.2	12.9	19.4	61.6	105.7	NA	NA	NA
ENSDART00000134975	zgc:101569	18	37.7	32.9	21.3	29.2	43.6	51.1	NA	NA	NA
ENSDART00000078058	NCAM2	4	28.8	21.8	NA	NA	NA	NA	NA	NA	NA
ENSDART00000134971	zgc:194659	5	35.0	41.9	NA	NA	NA	NA	NA	NA	NA
ENSDART00000126927	taf1	114	90.9	88.7	16.6	41.2	130.5	169.4	15.37	28.29	0.880175011705
ENSDART00000115088	birc5a	204	62.5	52.7	12.0	20.4	94.4	134.3	44.2	119.29	1.43235483322
ENSDART00000142569	specc1lb	45	47.8	33.4	10.5	17.9	72.1	98.0	NA	NA	NA
ENSDART00000108609	rnd3a	28	58.6	45.3	10.9	15.4	85.1	141.9	NA	NA	NA
ENSDART00000115081	agpat3	72	61.8	40.4	12.6	19.9	90.1	122.5	NA	NA	NA
ENSDART00000115085	lrig1	28	48.6	30.4	10.3	19.8	55.6	93.1	NA	NA	NA
ENSDART00000057846	CR790363.1	1	113.2	113.2	NA	NA	NA	NA	NA	NA	NA
ENSDART00000103640	hey1	27	68.2	59.8	8.5	18.6	101.2	163.1	NA	NA	NA
ENSDART00000103645	tmem181	34	58.3	32.3	7.6	14.3	69.3	165.2	NA	NA	NA
ENSDART00000103644	fbxl18	45	38.1	25.4	8.0	14.5	50.2	81.7	8.95	3.32	-1.4307044408
ENSDART00000135624	FAM163A	4	43.7	17.9	NA	NA	NA	NA	NA	NA	NA
ENSDART00000135620	hmgn3	61	114.8	111.4	76.9	92.5	131.5	170.1	NA	NA	NA
ENSDART00000047008	efhd2	527	74.4	74.4	24.2	47.6	100.8	122.2	24.71	396.1	4.00269778546
ENSDART00000111710	EDEM3	8	57.8	39.9	NA	NA	NA	NA	NA	NA	NA
ENSDART00000108501	rnf213a	6	31.5	28.4	NA	NA	NA	NA	2.15	1.25	-0.782408564927
ENSDART00000108855	si:dkey-188i13.7	24	35.2	35.8	19.5	27.7	44.5	48.9	NA	NA	NA
ENSDART00000081191	sass6	54	57.6	34.0	9.5	20.7	78.1	149.5	9.84	14.5	0.559322679563
ENSDART00000151037	abi2b	207	53.3	37.4	15.1	22.8	67.9	111.6	10.87	21.08	0.95552292661
ENSDART00000061098	BX663520.1	1	33.5	33.5	NA	NA	NA	NA	NA	NA	NA
ENSDART00000030934	kcnk5a	3	92.0	88.0	NA	NA	NA	NA	NA	NA	NA
ENSDART00000111509	CLIP1	6	110.7	105.5	NA	NA	NA	NA	NA	NA	NA
ENSDART00000055194	actb2	5795	74.2	68.0	30.7	47.7	95.4	126.5	457.66	2344.55	2.35696293699
ENSDART00000089596	tmem168b	27	32.2	21.2	11.3	15.7	32.7	64.2	6.83	1.3	-2.39337395526
ENSDART00000032344	nup35	225	61.2	47.0	18.2	24.6	82.9	126.4	14.38	85.48	2.57152323222
ENSDART00000081747	CU019624.1	17	69.5	52.3	21.9	41.7	92.1	118.2	NA	NA	NA
ENSDART00000140200	topbp1	14	70.9	48.1	14.3	24.9	115.4	158.1	7.49	13.02	0.797691824707
ENSDART00000077608	im:7149628	1	19.7	19.7	NA	NA	NA	NA	NA	NA	NA
ENSDART00000081035	slc25a26	20	31.2	25.5	11.5	17.7	36.2	62.9	NA	NA	NA
ENSDART00000081741	rab25a	24	66.0	67.9	28.4	41.5	91.6	104.8	NA	NA	NA
ENSDART00000081039	sb:cb252	2	100.9	100.9	NA	NA	NA	NA	NA	NA	NA
ENSDART00000147529	batf3	2	26.2	26.2	NA	NA	NA	NA	NA	NA	NA
ENSDART00000122194	pid1	138	63.4	55.4	13.0	25.6	92.5	120.2	NA	NA	NA
ENSDART00000037850	dync1li2	48	67.4	54.5	7.0	25.6	87.5	124.6	NA	NA	NA
ENSDART00000055252	C3H19orf52	29	38.4	17.6	8.8	13.6	50.6	93.0	16.3	8.53	-0.9342543178
ENSDART00000018981	srp72	177	45.7	35.5	14.6	21.6	53.0	87.7	41.75	65.66	0.653238552324
ENSDART00000035724	FP928982.1	17	35.9	19.1	10.4	13.4	34.5	100.3	NA	NA	NA
ENSDART00000078387	pecr	3	117.7	119.5	NA	NA	NA	NA	NA	NA	NA
ENSDART00000104346	mkrn4	878	34.7	22.6	8.0	13.7	41.6	72.2	145.44	269.08	0.887611058637
ENSDART00000103425	st7l	9	70.4	59.1	NA	NA	NA	NA	NA	NA	NA
ENSDART00000133370	macrod2	19	80.9	82.8	54.4	62.4	96.5	121.1	NA	NA	NA
ENSDART00000133371	pou2f2a	6	66.6	72.9	NA	NA	NA	NA	NA	NA	NA
ENSDART00000033914	mbd1	94	74.0	55.6	12.0	23.0	111.9	163.9	13.17	29.83	1.17950863208
ENSDART00000106569	si:ch211-266d19.4	23	54.8	43.1	13.4	21.7	59.8	130.8	12.19	31.02	1.34750056042
ENSDART00000099501	MASP1	1	42.3	42.3	NA	NA	NA	NA	NA	NA	NA
ENSDART00000141471	hars	206	51.4	40.4	18.2	26.9	62.0	98.4	86.35	72.72	-0.247843978222
ENSDART00000133379	hist2h3c	43	48.8	45.1	5.0	22.0	70.1	96.5	NA	NA	NA
ENSDART00000114850	blzf1	929	69.9	55.6	17.3	28.2	100.1	147.8	NA	NA	NA
ENSDART00000035725	pane1	77	51.3	34.4	15.5	20.0	60.7	118.7	NA	NA	NA
ENSDART00000104270	cbx8a	1	68.2	68.2	NA	NA	NA	NA	NA	NA	NA
ENSDART00000029894	wdr26b	73	56.3	36.6	10.5	23.2	68.6	129.5	NA	NA	NA
ENSDART00000033746	gins2	67	41.3	15.4	4.8	8.3	49.6	114.8	NA	NA	NA
ENSDART00000004779	MAD2L1BP	212	69.7	59.9	18.7	36.2	97.3	134.7	27.5	114.14	2.05330094438
ENSDART00000014727	ddx39aa	2835	76.2	74.0	28.6	47.4	101.2	126.1	330.4	969.6	1.55317601205
ENSDART00000004771	poc1b	15	33.4	25.2	6.7	10.9	42.6	65.9	NA	NA	NA
ENSDART00000021396	ldlrap1a	9	55.2	31.7	NA	NA	NA	NA	NA	NA	NA
ENSDART00000014729	arpc1a	243	73.5	63.6	19.7	33.7	101.6	144.9	108.57	80.53	-0.431027275037
ENSDART00000093052	HIPK1	455	50.5	37.7	13.6	22.6	68.2	110.3	19.44	40.68	1.06529146025
ENSDART00000045614	slc25a36b	53	75.1	71.6	21.3	44.6	98.2	130.6	NA	NA	NA
ENSDART00000102827	lepre1	10	46.4	30.1	3.9	11.5	64.3	116.7	NA	NA	NA
ENSDART00000074729	UACA	101	33.0	27.7	8.9	15.9	42.8	64.1	17.05	33.43	0.971371615706
ENSDART00000131838	si:dkey-174n20.1	4	53.3	52.0	NA	NA	NA	NA	NA	NA	NA
ENSDART00000056712	etfdh	57	97.2	96.8	25.4	57.5	132.3	147.5	NA	NA	NA
ENSDART00000131834	gng7	18	37.7	31.8	15.8	25.0	41.7	60.4	NA	NA	NA
ENSDART00000131837	chd8	226	63.9	39.6	12.9	21.2	93.3	151.4	22.64	75.45	1.73664694258
ENSDART00000131836	cryz	4	31.3	32.1	NA	NA	NA	NA	NA	NA	NA
ENSDART00000010452	zgc:91860	3	17.0	12.5	NA	NA	NA	NA	NA	NA	NA
ENSDART00000103052	zgc:158320	2	12.9	12.9	NA	NA	NA	NA	NA	NA	NA
ENSDART00000126501	CNST	1	203.9	203.9	NA	NA	NA	NA	NA	NA	NA
ENSDART00000074231	CLDND1	97	48.9	34.7	4.0	17.5	63.2	129.5	NA	NA	NA
ENSDART00000126505	C3H16orf52	35	56.6	44.6	11.7	18.6	76.8	127.5	NA	NA	NA
ENSDART00000074235	tmed8	3	87.7	98.2	NA	NA	NA	NA	NA	NA	NA
ENSDART00000138696	g6pd	24	59.1	46.2	12.6	17.8	75.8	144.7	NA	NA	NA
ENSDART00000008115	hsd3b2	20	46.0	28.8	14.4	16.6	39.4	124.3	22.48	121.47	2.43388610818
ENSDART00000067583	sidt2	22	40.8	25.3	8.8	10.6	45.5	93.9	5.93	1.85	-1.68050683403
ENSDART00000054574	polr1e	62	53.4	34.9	11.7	18.5	82.5	116.5	17.34	26.78	0.627052062102
ENSDART00000054575	tmem192	33	25.4	23.0	1.9	9.8	34.6	51.1	NA	NA	NA
ENSDART00000106442	zgc:174563	44	58.8	42.8	14.1	23.4	72.1	126.3	NA	NA	NA
ENSDART00000146123	elavl1	1413	69.9	62.9	16.6	33.5	99.1	132.4	72.72	1183.22	4.02422233391
ENSDART00000146122	EVA1A	78	44.0	43.3	16.5	23.2	61.2	75.8	72.93	82.77	0.182595563325
ENSDART00000146125	ttc3	8	95.6	33.5	NA	NA	NA	NA	11.81	0.84	-3.81347582662
ENSDART00000146124	CCDC117	71	27.5	19.5	6.8	11.0	30.3	40.0	NA	NA	NA
ENSDART00000133743	camkk1	2	35.2	35.2	NA	NA	NA	NA	NA	NA	NA
ENSDART00000133742	cdkn2c	2	124.2	124.2	NA	NA	NA	NA	NA	NA	NA
ENSDART00000079104	ndufs6	238	66.5	59.6	17.2	30.3	95.7	130.1	NA	NA	NA
ENSDART00000059533	wipi1	13	95.7	73.8	36.4	53.4	139.5	190.6	NA	NA	NA
ENSDART00000092682	agfg1b	25	70.8	71.6	14.4	26.6	99.4	121.8	NA	NA	NA
ENSDART00000131087	galt	27	19.9	15.6	5.7	9.0	26.5	40.3	NA	NA	NA
ENSDART00000132112	tmem176l.1	71	38.7	27.4	8.4	13.7	55.6	84.5	NA	NA	NA
ENSDART00000067586	chchd6b	75	30.7	24.6	12.5	18.7	33.6	51.4	54.12	16.48	-1.71544559679
ENSDART00000079139	ctcf	744	57.4	48.7	9.7	25.7	82.5	117.1	92.98	878.75	3.24046045322
ENSDART00000073712	tmem187	3	4.4	3.5	NA	NA	NA	NA	NA	NA	NA
ENSDART00000080289	prrc2c	171	85.4	81.0	23.8	44.2	119.8	158.2	30.63	54.76	0.838177079659
ENSDART00000004108	xpo4	95	87.5	83.6	24.4	40.0	119.3	157.4	9.86	19.29	0.968193591671
ENSDART00000083296	ZNF423	7	53.0	45.9	NA	NA	NA	NA	NA	NA	NA
ENSDART00000083294	nol6	143	69.3	59.5	8.5	18.7	112.6	148.0	18.22	38.06	1.06275260247
ENSDART00000102778	dlx6a	6	16.3	14.7	NA	NA	NA	NA	NA	NA	NA
ENSDART00000102779	errfi1	7	32.7	24.2	NA	NA	NA	NA	NA	NA	NA
ENSDART00000058910	sox19b	33	32.3	19.9	6.3	11.2	47.1	64.1	NA	NA	NA
ENSDART00000058913	eif4a1a	2896	67.2	59.2	13.8	30.4	97.8	128.9	360.29	1770.13	2.29662480224
ENSDART00000111466	gprc5c	11	93.0	81.2	7.2	57.3	154.7	168.3	NA	NA	NA
ENSDART00000041504	tescb	1	27.9	27.9	NA	NA	NA	NA	NA	NA	NA
ENSDART00000149042	si:dkey-87o1.2	326	80.2	77.1	26.3	52.3	103.9	130.8	62.64	67.89	0.116114872697
ENSDART00000114841	add2	3	27.1	23.7	NA	NA	NA	NA	NA	NA	NA
ENSDART00000123961	klhdc8b	1	3.6	3.6	NA	NA	NA	NA	NA	NA	NA
ENSDART00000123962	si:ch211-12h2.6	1	46.4	46.4	NA	NA	NA	NA	NA	NA	NA
ENSDART00000048273	pan3	63	60.1	33.2	9.8	14.7	83.3	148.7	15.05	19.65	0.384765825499
ENSDART00000048183	AL928724.1	1	20.7	20.7	NA	NA	NA	NA	NA	NA	NA
ENSDART00000126991	BX088691.1	3	87.3	94.0	NA	NA	NA	NA	NA	NA	NA
ENSDART00000105902	hmmr	123	69.7	57.3	15.2	34.8	100.8	139.3	21.49	47.91	1.1566613307
ENSDART00000105903	LSM5	401	64.5	63.3	26.3	43.3	80.1	97.3	178.24	450.46	1.33757786533
ENSDART00000114906	CR387996.2	10	46.5	27.1	10.9	14.1	74.4	101.7	NA	NA	NA
ENSDART00000114907	crfb13	11	64.6	62.8	29.9	46.0	75.6	109.2	NA	NA	NA
ENSDART00000038836	C24H11orf54	79	28.4	24.6	6.5	13.4	37.6	54.5	NA	NA	NA
ENSDART00000142958	c2cd2l	9	36.8	23.9	NA	NA	NA	NA	NA	NA	NA
ENSDART00000142959	RUNDC1	3	10.7	9.8	NA	NA	NA	NA	NA	NA	NA
ENSDART00000035513	shq1	12	36.4	15.4	1.9	7.5	60.6	93.4	5.94	5.23	-0.183651984554
ENSDART00000142955	s100s	34	84.2	77.6	49.7	58.2	101.1	123.7	NA	NA	NA
ENSDART00000110033	BX255969.1	2	145.1	145.1	NA	NA	NA	NA	NA	NA	NA
ENSDART00000024135	zgc:112335	1	46.7	46.7	NA	NA	NA	NA	NA	NA	NA
ENSDART00000110036	zgc:112970	2	17.9	17.9	NA	NA	NA	NA	NA	NA	NA
ENSDART00000142953	si:ch211-197l9.2	3	78.9	61.3	NA	NA	NA	NA	NA	NA	NA
ENSDART00000077452	selt1b	159	62.1	58.0	27.0	42.1	75.4	101.7	NA	NA	NA
ENSDART00000132564	nf2a	76	37.4	32.7	12.9	20.3	50.6	64.9	9.4	18.15	0.949236886318
ENSDART00000137088	abhd17b	14	61.6	24.0	6.9	9.1	123.0	139.6	NA	NA	NA
ENSDART00000137870	BX000999.6	3	68.7	88.5	NA	NA	NA	NA	NA	NA	NA
ENSDART00000077459	smyd2a	9	41.8	32.8	NA	NA	NA	NA	NA	NA	NA
ENSDART00000022999	ube2i	267	80.8	72.9	21.7	43.7	111.0	145.2	44.3	171.59	1.95358687336
ENSDART00000058662	dbt	195	68.0	57.0	19.9	33.2	93.6	129.2	21.04	113.65	2.43339107441
ENSDART00000152369	si:dkeyp-118b1.2	66	80.3	65.5	18.5	32.4	121.4	174.1	NA	NA	NA
ENSDART00000087191	mark4a	4	21.3	16.6	NA	NA	NA	NA	NA	NA	NA
ENSDART00000144590	CEP192	54	45.5	20.9	9.8	17.3	41.0	118.8	4.3	2.63	-0.709273860297
ENSDART00000130504	mkrn2	0	NA	NA	NA	NA	NA	NA	20.37	12.75	-0.67594873322
ENSDART00000076803	CR381630.1	1	36.7	36.7	NA	NA	NA	NA	NA	NA	NA
ENSDART00000005643	abcd3b	14	46.0	37.3	10.1	17.7	63.2	86.7	NA	NA	NA
ENSDART00000005641	lhx1a	177	52.3	35.4	8.3	15.3	79.1	121.4	NA	NA	NA
ENSDART00000052746	ube2i2	168	75.3	65.2	18.5	36.3	97.5	134.9	32.63	160.83	2.30126564839
ENSDART00000004420	rab4a	6	91.8	68.7	NA	NA	NA	NA	NA	NA	NA
ENSDART00000092691	PEA15	4	92.5	91.4	NA	NA	NA	NA	NA	NA	NA
ENSDART00000138688	creb3l3	22	76.5	64.3	20.9	45.6	104.4	125.0	NA	NA	NA
ENSDART00000123051	rccd1	7	34.7	20.0	NA	NA	NA	NA	NA	NA	NA
ENSDART00000152370	foxh1	535	49.4	30.3	6.4	13.7	77.4	121.8	23.92	247.46	3.37090604887
ENSDART00000152373	scara5	2	12.4	12.4	NA	NA	NA	NA	NA	NA	NA
ENSDART00000112682	si:ch211-166e11.5	28	59.6	53.5	14.2	26.6	83.3	120.0	NA	NA	NA
ENSDART00000112685	wu:fe38f03	7	71.4	87.8	NA	NA	NA	NA	NA	NA	NA
ENSDART00000112689	crnkl1	249	61.8	48.9	19.1	28.0	77.2	127.6	56.61	79.8	0.495331822788
ENSDART00000142835	hecw1	1	17.6	17.6	NA	NA	NA	NA	NA	NA	NA
ENSDART00000147962	AL954741.1	16	57.4	48.2	4.4	14.7	86.8	129.6	NA	NA	NA
ENSDART00000004424	znf292a	71	77.5	69.4	15.6	40.3	111.6	161.8	10.72	19.44	0.858723313148
ENSDART00000153364	C12H10orf118	0	NA	NA	NA	NA	NA	NA	6.34	14.76	1.21913797592
ENSDART00000012522	vcanb	2	48.1	48.1	NA	NA	NA	NA	NA	NA	NA
ENSDART00000139620	lats2	26	91.9	97.4	10.0	27.0	125.7	161.1	NA	NA	NA
ENSDART00000045253	aco1	28	57.6	56.6	14.5	34.5	79.8	96.9	NA	NA	NA
ENSDART00000151639	si:ch73-248e21.4	1	21.2	21.2	NA	NA	NA	NA	NA	NA	NA
ENSDART00000111348	rtcb	8	36.5	35.8	NA	NA	NA	NA	NA	NA	NA
ENSDART00000010986	ckba	10	41.2	45.2	19.3	35.9	55.4	61.2	NA	NA	NA
ENSDART00000002428	acvr2aa	43	76.1	72.4	11.1	30.7	106.8	155.9	NA	NA	NA
ENSDART00000123506	CENPF	116	62.4	43.6	9.7	13.9	104.6	150.2	7.27	9.26	0.349056829341
ENSDART00000111343	lmf2a	7	27.6	19.2	NA	NA	NA	NA	NA	NA	NA
ENSDART00000111345	rerea	54	66.7	38.6	13.3	19.5	110.9	170.5	13.68	15.85	0.212414610141
ENSDART00000151634	TNRC6C	19	91.7	76.0	26.9	51.6	128.7	182.4	NA	NA	NA
ENSDART00000087991	fndc3bb	21	64.8	23.9	8.4	15.1	128.6	149.1	6.34	8.82	0.476295815418
ENSDART00000129850	prc1a	546	87.0	79.5	16.6	27.9	135.4	172.2	104.44	156.96	0.587722583906
ENSDART00000126842	flj11011l	18	44.2	29.2	6.3	11.7	79.0	93.2	NA	NA	NA
ENSDART00000132908	agbl4	2	81.3	81.3	NA	NA	NA	NA	NA	NA	NA
ENSDART00000138533	cmc2	7	19.5	19.1	NA	NA	NA	NA	NA	NA	NA
ENSDART00000138530	THEM6	48	44.8	33.2	9.7	17.0	58.0	108.5	NA	NA	NA
ENSDART00000052529	rpl14	2356	85.7	88.3	29.3	48.8	116.4	140.0	2155.12	602.57	-1.83856745002
ENSDART00000059440	CU571169.1	7	47.2	18.2	NA	NA	NA	NA	NA	NA	NA
ENSDART00000149206	mbpb	90	89.4	85.8	43.2	60.0	113.0	140.0	NA	NA	NA
ENSDART00000086823	srpr	196	60.6	54.7	18.4	37.5	75.1	104.5	18.5	11.31	-0.709926341414
ENSDART00000089834	afg3l2	4	30.5	35.7	NA	NA	NA	NA	NA	NA	NA
ENSDART00000062845	mmp9	14	67.6	57.6	15.4	17.9	112.7	127.6	NA	NA	NA
ENSDART00000122052	chaf1b	61	40.0	27.4	8.5	17.1	48.5	86.5	23.06	91.49	1.9882215502
ENSDART00000128103	itm2cb	74	63.6	59.0	5.7	17.0	100.4	129.3	NA	NA	NA
ENSDART00000128102	wu:fb39e10	18	46.3	27.7	9.5	16.8	55.3	82.9	26.62	30.07	0.175814296662
ENSDART00000128453	zgc:110655	147	26.2	21.0	10.2	15.0	31.2	47.8	142.27	27.7	-2.36067359626
ENSDART00000104505	tsen2	38	31.0	26.2	10.2	15.9	30.9	47.8	22.77	1.85	-3.62153711562
ENSDART00000139486	SLC6A7	52	42.6	34.7	12.6	21.7	53.0	97.9	NA	NA	NA
ENSDART00000045245	ing4	115	70.3	53.4	16.7	28.9	97.7	154.5	NA	NA	NA
ENSDART00000021461	glg1b	8	42.9	43.5	NA	NA	NA	NA	NA	NA	NA
ENSDART00000021462	rnf128a	107	53.9	43.7	13.1	19.5	84.0	111.7	NA	NA	NA
ENSDART00000128108	CABZ01117575.1	4	93.2	104.9	NA	NA	NA	NA	NA	NA	NA
ENSDART00000039043	rgs7bpb	1	13.1	13.1	NA	NA	NA	NA	NA	NA	NA
ENSDART00000006514	gtf2f2b	6	28.8	27.9	NA	NA	NA	NA	NA	NA	NA
ENSDART00000006513	pdhb	143	77.9	77.4	22.8	40.8	105.1	133.9	18.19	66.2	1.86368567404
ENSDART00000006512	sh3gl3b	12	29.1	26.5	4.3	12.4	32.2	69.2	NA	NA	NA
ENSDART00000091348	MRAS	1	26.2	26.2	NA	NA	NA	NA	NA	NA	NA
ENSDART00000091349	eea1	30	44.2	25.1	5.4	15.8	49.4	100.4	5.7	5.66	-0.0101598662202
ENSDART00000056629	haus5	0	NA	NA	NA	NA	NA	NA	10.44	13.11	0.328545973652
ENSDART00000114279	her6	101	51.8	32.8	9.8	15.4	71.8	129.6	NA	NA	NA
ENSDART00000114274	BX323861.1	1	88.5	88.5	NA	NA	NA	NA	NA	NA	NA
ENSDART00000114272	nop2	75	69.3	69.1	21.8	39.5	90.4	128.1	61.82	95.94	0.634058785343
ENSDART00000122059	scoca	56	55.0	36.0	7.4	17.7	84.2	139.9	NA	NA	NA
ENSDART00000130950	nup98	319	56.7	47.6	12.6	23.0	77.1	115.0	18.45	142.05	2.94470611013
ENSDART00000017402	IP6K2	14	52.2	26.6	11.6	19.0	61.7	123.4	NA	NA	NA
ENSDART00000062153	RPL37A	1805	99.2	102.6	36.0	57.7	129.2	158.2	1773.54	610.34	-1.53894681997
ENSDART00000041394	emc9	18	41.2	36.8	8.9	25.0	48.9	91.6	NA	NA	NA
ENSDART00000012167	ndufs5	73	66.0	51.8	12.7	24.1	100.2	130.8	NA	NA	NA
ENSDART00000046784	fkbp1ab	19	51.4	54.2	12.8	29.3	69.5	84.4	NA	NA	NA
ENSDART00000126845	ldb1a	214	66.7	51.7	13.4	21.2	102.5	133.8	NA	NA	NA
ENSDART00000046781	rnf185	308	35.3	25.9	9.7	15.0	45.0	73.3	48.78	121.58	1.31754426065
ENSDART00000053432	cdc42	37	83.2	73.1	20.4	33.9	122.7	169.7	NA	NA	NA
ENSDART00000056151	acy1	5	84.1	67.2	NA	NA	NA	NA	NA	NA	NA
ENSDART00000082385	golt1bb	258	44.3	27.0	8.0	13.4	61.5	109.7	65.85	114.65	0.799981009324
ENSDART00000136593	cbx1b	5	106.9	107.1	NA	NA	NA	NA	NA	NA	NA
ENSDART00000080174	n4bp1	62	50.3	33.3	11.3	17.6	72.6	121.8	5.74	14.12	1.2986174466
ENSDART00000080173	srsf2a	2043	68.1	60.4	21.0	34.8	91.7	125.1	203.3	1174.02	2.52977486537
ENSDART00000099258	cyp46a4	3	19.1	18.6	NA	NA	NA	NA	NA	NA	NA
ENSDART00000105681	cdc14ab	113	36.5	20.7	7.9	14.0	50.9	90.3	8.62	55.93	2.6978625559
ENSDART00000123769	CABZ01084579.1	84	50.4	37.8	12.0	22.1	66.7	100.6	73.87	181.7	1.29849793681
ENSDART00000042944	asxl1	183	54.2	35.4	11.4	20.0	74.6	122.0	24.13	53.61	1.15167421955
ENSDART00000054803	trpt1	4	71.7	41.8	NA	NA	NA	NA	NA	NA	NA
ENSDART00000125709	si:dkey-17e16.17	98	60.0	47.2	13.8	25.2	90.7	123.4	NA	NA	NA
ENSDART00000123767	shcbp1	208	54.9	49.9	13.4	22.3	77.2	102.4	21.19	99.25	2.22768351455
ENSDART00000008287	pgam1a	82	25.5	17.8	6.5	10.1	35.3	49.8	17.39	9.47	-0.876821601838
ENSDART00000135587	cd9a	13	60.2	57.2	38.0	42.1	80.4	85.0	NA	NA	NA
ENSDART00000125707	LARS2	20	35.9	28.2	8.7	17.3	49.1	65.9	NA	NA	NA
ENSDART00000111355	znf598	72	34.7	25.8	12.5	17.6	37.4	62.7	8.28	15.65	0.918459984321
ENSDART00000023917	large	4	47.9	25.9	NA	NA	NA	NA	NA	NA	NA
ENSDART00000088917	rnmt	117	47.0	36.2	12.8	20.3	57.6	98.4	14.58	75.29	2.36846753954
ENSDART00000043091	CR847934.1	4	27.5	27.6	NA	NA	NA	NA	NA	NA	NA
ENSDART00000140782	proza	3	57.2	43.8	NA	NA	NA	NA	NA	NA	NA
ENSDART00000140781	tp53i11b	25	29.6	16.5	4.5	12.3	26.9	82.8	NA	NA	NA
ENSDART00000012292	zgc:112146	5	36.4	26.7	NA	NA	NA	NA	NA	NA	NA
ENSDART00000105686	grnb	56	44.0	33.3	13.3	19.7	48.4	98.7	27.91	62.37	1.16007013451
ENSDART00000017668	ptbp1a	443	75.8	67.7	20.6	39.8	105.1	146.4	NA	NA	NA
ENSDART00000127479	gsr	52	53.1	38.1	17.0	21.8	64.6	126.3	9.16	18.31	0.9992122877
ENSDART00000136049	syt10	3	19.8	18.1	NA	NA	NA	NA	NA	NA	NA
ENSDART00000125700	mrpl20	37	57.7	46.0	9.8	23.9	84.1	127.8	NA	NA	NA
ENSDART00000136045	mgst2	50	61.0	56.2	22.9	42.4	77.4	93.5	NA	NA	NA
ENSDART00000098226	cyr61l2	15	63.5	27.5	9.0	15.9	98.2	163.1	NA	NA	NA
ENSDART00000136046	ppp1r3da	4	17.6	15.7	NA	NA	NA	NA	NA	NA	NA
ENSDART00000127477	ADAD1	3	9.1	12.1	NA	NA	NA	NA	NA	NA	NA
ENSDART00000128591	accs	13	59.6	6.4	1.9	4.2	127.6	158.0	NA	NA	NA
ENSDART00000056523	hkdc1	50	102.7	100.9	34.1	70.9	130.7	159.0	NA	NA	NA
ENSDART00000082324	zpcx	54	40.0	39.3	11.2	25.7	51.5	63.3	23.08	2.1	-3.45818199098
ENSDART00000029874	nkx6.1	3	64.5	42.3	NA	NA	NA	NA	NA	NA	NA
ENSDART00000022204	zic5	7	29.2	15.8	NA	NA	NA	NA	NA	NA	NA
ENSDART00000124388	mrpl19	46	67.2	58.2	16.3	27.6	104.1	127.9	NA	NA	NA
ENSDART00000136103	ubap2	207	57.9	42.7	13.7	24.9	73.6	125.9	30.78	114.34	1.89326505861
ENSDART00000074534	FAM210B	88	28.9	17.6	6.5	10.9	28.1	70.4	20.84	7.0	-1.57392845045
ENSDART00000123103	pls1	2	62.0	62.0	NA	NA	NA	NA	NA	NA	NA
ENSDART00000074537	SHISA9	1	32.0	32.0	NA	NA	NA	NA	NA	NA	NA
ENSDART00000016135	nfe2l3	378	70.3	61.3	12.4	31.1	100.6	136.4	7.87	29.6	1.91116163501
ENSDART00000113824	hdgfrp2	217	51.8	39.0	11.9	20.3	76.8	112.8	84.18	127.7	0.601209110249
ENSDART00000027616	eif4g2a	532	59.7	44.3	14.8	25.7	83.4	127.8	95.97	105.44	0.135766877171
ENSDART00000020931	qtrtd1	49	34.7	23.9	7.4	10.7	46.4	86.1	NA	NA	NA
ENSDART00000113823	C13H2orf50	5	94.6	95.7	NA	NA	NA	NA	NA	NA	NA
ENSDART00000099315	cebpz	162	54.8	41.2	12.3	21.0	71.3	126.4	73.17	63.95	-0.194307899748
ENSDART00000025330	rdh14b	77	51.7	41.4	11.7	20.5	74.8	112.0	NA	NA	NA
ENSDART00000016139	lancl1	30	89.6	82.3	31.4	47.7	107.4	180.5	NA	NA	NA
ENSDART00000113829	CDCA7L	396	47.6	33.4	10.5	17.8	66.6	110.3	65.98	92.07	0.480702368623
ENSDART00000085743	NDST2	13	31.9	18.0	8.7	12.3	27.5	44.6	NA	NA	NA
ENSDART00000112997	ANKRD13D	2	142.7	142.7	NA	NA	NA	NA	NA	NA	NA
ENSDART00000076481	EHD4	24	26.9	20.5	9.9	14.2	31.0	62.4	NA	NA	NA
ENSDART00000030030	SLC44A4	4	6.0	6.7	NA	NA	NA	NA	NA	NA	NA
ENSDART00000112992	ino80da	5	11.8	16.9	NA	NA	NA	NA	NA	NA	NA
ENSDART00000105753	olfm3a	1	96.7	96.7	NA	NA	NA	NA	NA	NA	NA
ENSDART00000128846	SMIM20	11	27.1	21.9	6.3	18.6	30.5	34.4	NA	NA	NA
ENSDART00000147065	sh3glb2b	62	43.4	36.6	17.4	24.9	58.2	69.6	NA	NA	NA
ENSDART00000036939	gadd45ba	110	117.6	118.7	47.2	93.9	146.0	168.8	NA	NA	NA
ENSDART00000112999	C20H1orf131	24	75.1	69.7	21.7	43.0	114.5	133.3	NA	NA	NA
ENSDART00000100504	zgc:163030	80	75.7	65.9	24.7	42.6	97.9	137.2	NA	NA	NA
ENSDART00000147060	hmgcs1	66	58.6	37.4	13.0	19.4	77.4	138.9	NA	NA	NA
ENSDART00000110595	C2H10orf67	1	39.8	39.8	NA	NA	NA	NA	NA	NA	NA
ENSDART00000007642	zgc:110239	331	40.9	39.3	11.0	21.8	55.1	65.8	72.76	116.12	0.674399028975
ENSDART00000009888	casq1b	2	54.6	54.6	NA	NA	NA	NA	NA	NA	NA
ENSDART00000007649	mid1ip1b	53	80.1	74.9	19.0	44.9	111.0	143.3	NA	NA	NA
ENSDART00000007797	slc30a4	16	23.7	15.7	1.6	7.9	38.9	52.3	NA	NA	NA
ENSDART00000149836	lhfpl4b	1	137.4	137.4	NA	NA	NA	NA	NA	NA	NA
ENSDART00000102902	cpsf3l	8	101.7	103.7	NA	NA	NA	NA	NA	NA	NA
ENSDART00000102900	sp5	106	46.6	31.2	10.0	17.5	71.2	104.3	NA	NA	NA
ENSDART00000010293	serpina10a	8	37.5	29.7	NA	NA	NA	NA	NA	NA	NA
ENSDART00000091115	whsc1l1	94	58.0	38.9	5.8	10.4	89.1	139.7	6.32	9.21	0.543276597914
ENSDART00000060550	ndufb9	26	81.4	75.9	31.4	50.7	118.5	133.2	50.56	40.47	-0.321143614508
ENSDART00000149838	map2k2b	19	57.4	44.2	16.6	21.7	71.7	146.0	NA	NA	NA
ENSDART00000111709	CABZ01079251.1	1	124.3	124.3	NA	NA	NA	NA	NA	NA	NA
ENSDART00000087298	gmpr2	43	91.8	69.3	20.6	38.3	141.9	169.6	NA	NA	NA
ENSDART00000085039	mst4	207	49.0	35.9	8.8	18.7	63.9	101.4	10.16	59.18	2.54220929442
ENSDART00000011876	sycp1	21	32.9	27.2	17.5	18.3	48.0	54.8	6.46	4.91	-0.395811140379
ENSDART00000111708	B3GNT1	18	54.8	41.0	11.5	21.9	88.1	116.1	NA	NA	NA
ENSDART00000033211	zgc:66448	132	47.0	33.1	8.6	13.6	70.1	111.3	14.33	24.96	0.8005793246
ENSDART00000085031	ash2l	188	71.7	47.5	12.2	24.2	105.6	149.7	13.42	47.3	1.81745551203
ENSDART00000053011	LRRC14	51	62.9	31.1	10.7	18.8	87.5	165.6	6.94	5.81	-0.256397499174
ENSDART00000019442	xpnpep1	42	37.8	31.3	13.7	23.5	42.5	70.6	13.04	19.21	0.558913649434
ENSDART00000075913	DCAF8	13	31.0	19.0	5.9	9.0	41.9	64.0	NA	NA	NA
ENSDART00000047126	CLCN4	20	58.9	37.0	16.3	20.1	56.8	153.6	NA	NA	NA
ENSDART00000041800	epha8	1	25.1	25.1	NA	NA	NA	NA	NA	NA	NA
ENSDART00000045410	thy1	199	29.3	25.6	10.0	15.3	39.7	51.3	31.46	50.48	0.682193239567
ENSDART00000041802	CCDC108	2	17.7	17.7	NA	NA	NA	NA	NA	NA	NA
ENSDART00000019053	faima	2	45.7	45.7	NA	NA	NA	NA	NA	NA	NA
ENSDART00000041805	metrn	200	63.5	51.3	6.8	17.4	105.5	138.1	NA	NA	NA
ENSDART00000041806	acsm3	4	52.8	52.4	NA	NA	NA	NA	NA	NA	NA
ENSDART00000041807	col5a2a	1	89.4	89.4	NA	NA	NA	NA	NA	NA	NA
ENSDART00000026693	dmbx1b	3	94.5	112.3	NA	NA	NA	NA	NA	NA	NA
ENSDART00000026694	rpp40	39	51.4	30.3	9.4	16.1	68.0	115.2	9.8	6.07	-0.691085232747
ENSDART00000093318	zgc:175222	0	NA	NA	NA	NA	NA	NA	3.74	2.93	-0.352137605465
ENSDART00000098123	si:ch211-224b1.4	2	49.5	49.5	NA	NA	NA	NA	NA	NA	NA
ENSDART00000113037	SEMA4C	7	69.2	52.6	NA	NA	NA	NA	NA	NA	NA
ENSDART00000098126	ncapd2	440	74.8	66.9	14.6	34.6	106.2	149.2	57.17	98.78	0.788960678445
ENSDART00000098643	tomm5	125	60.9	56.5	17.7	30.5	81.2	123.2	NA	NA	NA
ENSDART00000051271	fcho2	22	30.3	27.0	6.0	14.1	34.4	67.6	4.14	2.91	-0.508611614591
ENSDART00000144625	ndufb3	32	102.6	91.1	44.0	66.7	136.8	160.3	NA	NA	NA
ENSDART00000129427	vkorc1	19	17.4	16.9	1.5	10.3	23.7	30.7	NA	NA	NA
ENSDART00000051278	tnpo1	75	81.1	59.4	18.0	34.4	114.9	160.5	NA	NA	NA
ENSDART00000130304	ATXN1L	4	22.3	21.3	NA	NA	NA	NA	5.38	7.06	0.392062010715
ENSDART00000085009	coq6	10	34.3	21.8	6.8	15.7	31.0	88.5	NA	NA	NA
ENSDART00000013409	prmt3	6	28.4	31.6	NA	NA	NA	NA	8.47	9.91	0.226523087854
ENSDART00000013404	ak1	1	158.3	158.3	NA	NA	NA	NA	NA	NA	NA
ENSDART00000134068	tln2a	9	61.2	38.0	NA	NA	NA	NA	NA	NA	NA
ENSDART00000013400	farp2	316	99.7	93.4	31.1	55.4	133.9	170.7	15.73	70.15	2.15692443309
ENSDART00000064993	wu:fb54a03	265	54.3	40.3	15.8	24.7	69.8	105.5	132.79	99.83	-0.411601174549
ENSDART00000050271	hexb	31	87.6	61.4	18.5	28.1	139.8	192.3	NA	NA	NA
ENSDART00000151193	gpatch8	59	75.6	64.4	19.4	28.8	107.5	164.8	19.1	12.18	-0.649058505017
ENSDART00000059320	rab27a	18	22.5	11.4	-0.3	6.2	18.0	71.2	NA	NA	NA
ENSDART00000059321	epcam	2522	50.0	36.8	11.5	19.7	67.1	108.7	429.31	655.59	0.6107740704
ENSDART00000148115	trpc5b	3	11.6	14.5	NA	NA	NA	NA	NA	NA	NA
ENSDART00000059327	spsb4b	3	24.8	28.4	NA	NA	NA	NA	29.04	49.21	0.760910063134
ENSDART00000105516	nploc4	33	40.7	22.9	11.8	16.7	49.7	103.0	6.53	7.55	0.209393652666
ENSDART00000073549	snai3	1	22.8	22.8	NA	NA	NA	NA	NA	NA	NA
ENSDART00000128113	CABZ01073174.1	2	72.8	72.8	NA	NA	NA	NA	NA	NA	NA
ENSDART00000110229	fam118b	137	75.9	75.9	22.3	43.7	102.9	133.1	NA	NA	NA
ENSDART00000043956	FBXO15	10	70.2	53.3	11.1	17.8	78.1	170.2	NA	NA	NA
ENSDART00000125621	abhd16a	19	44.5	29.9	10.1	14.8	52.9	104.7	NA	NA	NA
ENSDART00000132354	tjap1	60	21.4	15.4	6.4	11.2	28.0	50.1	NA	NA	NA
ENSDART00000132687	rab3c	3	55.0	62.5	NA	NA	NA	NA	NA	NA	NA
ENSDART00000023346	gtf2b	78	58.2	50.2	16.6	24.9	73.4	121.5	15.94	201.82	3.66234561558
ENSDART00000153175	si:ch211-214e3.5	82	54.9	41.7	13.7	21.6	71.4	109.2	5.06	21.98	2.11898209625
ENSDART00000104519	stat3	34	62.6	51.9	21.6	37.2	81.0	118.3	5.39	43.24	3.00400934498
ENSDART00000153170	stx7l	1	121.1	121.1	NA	NA	NA	NA	NA	NA	NA
ENSDART00000059341	C1H11orf73	82	72.3	64.1	23.8	41.0	94.1	124.8	73.72	35.56	-1.0518007468
ENSDART00000083883	HERC4	17	30.9	22.5	-3.2	3.0	37.4	64.3	4.05	3.81	-0.0881309102787
ENSDART00000050865	surf4l	17	31.0	29.2	3.6	10.4	45.8	64.4	NA	NA	NA
ENSDART00000058051	phlda1	13	38.5	32.2	11.0	17.0	45.6	69.8	NA	NA	NA
ENSDART00000057052	slx4ip	10	49.2	33.2	20.4	22.5	57.5	112.4	NA	NA	NA
ENSDART00000057053	im:7138239	195	72.6	61.2	17.2	31.0	102.1	149.8	NA	NA	NA
ENSDART00000053325	tomm40l	55	69.0	63.9	10.9	22.5	102.5	140.5	NA	NA	NA
ENSDART00000058056	mrps26	53	55.4	33.4	11.8	20.2	61.3	147.7	41.8	27.8	-0.588418059357
ENSDART00000078592	NPDC1	24	24.7	19.3	12.0	15.4	31.8	41.0	NA	NA	NA
ENSDART00000103361	zdhhc13	118	48.6	29.1	9.9	15.2	66.4	124.5	7.33	32.28	2.13875547514
ENSDART00000110226	nlrc3	6	117.3	95.5	NA	NA	NA	NA	NA	NA	NA
ENSDART00000078596	hspd1	580	51.1	43.9	15.9	28.0	62.7	95.7	75.04	190.22	1.34193720821
ENSDART00000103365	ociad1	231	37.9	27.8	12.7	19.4	44.4	71.8	34.05	64.72	0.926556809531
ENSDART00000097167	si:ch211-13k12.1	3	62.9	42.0	NA	NA	NA	NA	NA	NA	NA
ENSDART00000059182	cyp2k8	7	68.6	71.3	NA	NA	NA	NA	NA	NA	NA
ENSDART00000092991	pigx	23	84.3	85.9	42.3	66.1	98.3	139.3	NA	NA	NA
ENSDART00000113890	rabep2	40	64.2	51.1	16.7	24.3	89.6	143.7	NA	NA	NA
ENSDART00000109070	si:ch73-360o10.1	118	77.1	69.5	17.6	33.6	110.3	143.7	26.21	16.42	-0.674663226551
ENSDART00000112054	CABZ01031892.1	1	52.9	52.9	NA	NA	NA	NA	NA	NA	NA
ENSDART00000055380	tubb5	181	43.2	25.2	7.0	13.4	61.4	113.5	NA	NA	NA
ENSDART00000152562	eif3f	249	83.6	82.0	32.7	53.5	112.1	132.2	222.04	205.5	-0.111681204305
ENSDART00000112053	fam89a	299	70.4	67.0	11.4	29.5	104.2	135.0	16.57	98.22	2.56744321997
ENSDART00000138135	vsig8b	1	27.6	27.6	NA	NA	NA	NA	NA	NA	NA
ENSDART00000032309	slc25a32b	5	36.0	30.2	NA	NA	NA	NA	NA	NA	NA
ENSDART00000081154	prpf18	93	77.0	62.5	17.4	32.4	108.0	157.2	20.21	52.61	1.38026772836
ENSDART00000101292	si:dkey-238c7.16	297	35.9	33.0	12.7	20.7	47.2	63.0	17.51	122.16	2.80252097836
ENSDART00000032306	ywhae1	1245	64.0	56.1	20.9	34.3	85.4	118.8	270.51	725.1	1.42249804638
ENSDART00000101296	si:dkey-30c15.2	8	86.3	61.5	NA	NA	NA	NA	NA	NA	NA
ENSDART00000099417	CABZ01041962.1	108	75.3	69.9	18.8	37.2	106.3	153.1	NA	NA	NA
ENSDART00000102903	dmd	23	70.9	51.8	17.2	26.5	116.8	137.3	1.82	3.45	0.922657911467
ENSDART00000102014	fam195b	102	42.3	31.6	8.2	14.3	56.4	94.0	NA	NA	NA
ENSDART00000058065	fam178a	3	29.7	34.2	NA	NA	NA	NA	NA	NA	NA
ENSDART00000102019	grxcr1	2	24.5	24.5	NA	NA	NA	NA	NA	NA	NA
ENSDART00000058277	znf800b	81	61.8	46.3	17.1	24.6	90.6	130.3	NA	NA	NA
ENSDART00000058271	RABEPK	1	57.2	57.2	NA	NA	NA	NA	NA	NA	NA
ENSDART00000109276	sall3a	10	55.1	43.0	13.8	16.8	67.9	108.0	NA	NA	NA
ENSDART00000083085	mtmr14	19	74.9	68.2	10.7	15.1	132.1	154.2	NA	NA	NA
ENSDART00000003826	rapgef2	4	11.7	8.7	NA	NA	NA	NA	NA	NA	NA
ENSDART00000130260	hoxc10a	1	14.1	14.1	NA	NA	NA	NA	NA	NA	NA
ENSDART00000130267	BX005368.2	1	149.5	149.5	NA	NA	NA	NA	NA	NA	NA
ENSDART00000054386	qdprb1	2	14.8	14.8	NA	NA	NA	NA	NA	NA	NA
ENSDART00000005431	psmd8	185	65.2	58.4	15.7	26.7	96.5	127.2	51.8	196.59	1.92416593454
ENSDART00000138055	iqgap2	1	20.0	20.0	NA	NA	NA	NA	NA	NA	NA
ENSDART00000005345	upb1	3	45.7	49.1	NA	NA	NA	NA	NA	NA	NA
ENSDART00000149039	odc1	1273	69.5	59.0	18.3	32.9	99.8	137.6	133.19	291.95	1.13223554323
ENSDART00000097345	TOM1L2	1	10.2	10.2	NA	NA	NA	NA	NA	NA	NA
ENSDART00000092190	arl14	2	95.6	95.6	NA	NA	NA	NA	NA	NA	NA
ENSDART00000097348	bmper	57	92.9	91.5	31.9	44.8	126.3	169.6	NA	NA	NA
ENSDART00000142546	cdc42l2	1	47.3	47.3	NA	NA	NA	NA	NA	NA	NA
ENSDART00000142545	mier1b	7	36.6	18.2	NA	NA	NA	NA	NA	NA	NA
ENSDART00000089622	kif14	36	72.7	34.7	14.0	20.2	89.1	204.8	7.44	5.57	-0.417625293768
ENSDART00000041371	poli	6	44.7	38.9	NA	NA	NA	NA	NA	NA	NA
ENSDART00000053609	dolpp1	96	51.1	37.1	11.2	20.2	67.0	108.3	25.02	19.74	-0.341959799709
ENSDART00000056899	txndc12	39	75.8	77.6	16.3	28.7	110.8	144.0	NA	NA	NA
ENSDART00000149527	ADCK3	45	31.3	23.6	9.8	14.7	40.2	64.4	NA	NA	NA
ENSDART00000081449	BX640518.1	29	34.3	24.7	3.0	11.6	40.2	49.7	NA	NA	NA
ENSDART00000077664	atp2b1a	451	84.8	73.1	30.9	46.7	121.4	155.0	124.09	78.39	-0.66264532767
ENSDART00000127900	nop58	1117	74.9	65.4	16.8	31.0	107.9	144.4	607.29	476.56	-0.349727748911
ENSDART00000077660	mipep	4	73.8	60.7	NA	NA	NA	NA	NA	NA	NA
ENSDART00000127905	ntd5	6	100.5	89.6	NA	NA	NA	NA	NA	NA	NA
ENSDART00000131027	TMEM216	2	33.3	33.3	NA	NA	NA	NA	NA	NA	NA
ENSDART00000037576	CABZ01059390.1	14	57.0	45.0	11.5	33.6	50.0	117.5	NA	NA	NA
ENSDART00000078974	tmub2	1	19.1	19.1	NA	NA	NA	NA	NA	NA	NA
ENSDART00000078975	C2H6orf52	283	73.3	49.9	10.0	17.0	114.5	168.8	35.57	143.32	2.01050706915
ENSDART00000078977	si:busm1-163l24.3	1	6.8	6.8	NA	NA	NA	NA	NA	NA	NA
ENSDART00000010647	rcc2	707	66.0	51.5	13.0	24.8	97.0	136.6	42.63	259.81	2.60751600029
ENSDART00000131029	NXPH4	2	11.4	11.4	NA	NA	NA	NA	NA	NA	NA
ENSDART00000022830	pygb	54	45.0	41.7	21.1	30.9	55.0	70.2	4.3	15.2	1.82166275874
ENSDART00000058587	gbp	159	47.6	34.5	8.8	15.1	66.3	113.8	NA	NA	NA
ENSDART00000058586	dek	368	51.8	42.3	10.1	18.4	75.9	108.5	83.74	318.02	1.925128675
ENSDART00000141911	si:dkey-12j5.1	31	60.3	60.3	17.3	24.8	87.9	99.5	9.75	27.32	1.48648335965
ENSDART00000022838	ctsc	2072	92.9	92.1	37.7	63.5	120.0	144.1	53.42	1027.43	4.26551631857
ENSDART00000054037	oprd1b	1	26.5	26.5	NA	NA	NA	NA	NA	NA	NA
ENSDART00000048046	naglu	26	102.0	100.4	17.5	56.6	130.6	180.7	NA	NA	NA
ENSDART00000146335	zgc:114045	10	58.4	55.1	17.9	31.4	92.4	102.3	NA	NA	NA
ENSDART00000133550	FKBPL	33	53.3	47.4	8.7	12.6	68.6	124.9	NA	NA	NA
ENSDART00000105533	enthd2	3	56.4	25.3	NA	NA	NA	NA	NA	NA	NA
ENSDART00000138232	arl13a	76	41.6	25.1	6.4	13.2	59.3	89.2	NA	NA	NA
ENSDART00000150489	pla2g6	8	31.5	19.1	NA	NA	NA	NA	NA	NA	NA
ENSDART00000062309	prkrira	208	45.5	30.2	12.0	18.4	59.7	110.3	20.33	46.12	1.18178229781
ENSDART00000138236	cox8a	256	81.9	80.1	33.0	58.7	101.6	131.0	NA	NA	NA
ENSDART00000011910	arglu1a	91	72.6	65.2	18.3	30.1	102.6	137.1	63.75	46.24	-0.463283944133
ENSDART00000079738	hadhb	55	50.3	30.1	9.8	17.7	56.1	132.7	9.23	14.87	0.688002094407
ENSDART00000089616	C25H7orf60	77	29.7	21.0	3.9	11.7	44.1	68.5	NA	NA	NA
ENSDART00000084859	si:dkey-193b15.6	302	71.3	53.1	17.3	27.8	107.4	151.2	NA	NA	NA
ENSDART00000011919	ss18	518	89.7	84.8	31.5	53.2	123.8	156.8	49.71	248.68	2.32268247559
ENSDART00000062303	foxd5	395	51.6	31.5	4.3	10.0	81.4	134.5	NA	NA	NA
ENSDART00000092733	sv2	2	42.4	42.4	NA	NA	NA	NA	NA	NA	NA
ENSDART00000121421	DOK7	33	36.8	21.4	9.8	15.6	42.3	95.3	6.91	2.79	-1.30842058856
ENSDART00000110201	hivep1	1	50.9	50.9	NA	NA	NA	NA	NA	NA	NA
ENSDART00000124104	sp1	234	46.9	35.1	12.8	21.2	61.6	94.6	32.2	98.26	1.60954355075
ENSDART00000046066	capn1a	64	45.5	40.9	17.0	23.7	55.4	67.8	13.4	41.92	1.64540571619
ENSDART00000106650	zgc:123217	1	-6.0	-6.0	NA	NA	NA	NA	NA	NA	NA
ENSDART00000029262	BX571714.1	10	36.0	19.7	2.5	7.7	50.3	95.0	NA	NA	NA
ENSDART00000128866	vasa	315	66.5	65.4	26.9	43.1	84.8	107.7	38.34	143.41	1.90322338476
ENSDART00000073912	rag2	5	55.7	51.8	NA	NA	NA	NA	NA	NA	NA
ENSDART00000029106	BX571811.1	1	9.4	9.4	NA	NA	NA	NA	NA	NA	NA
ENSDART00000091423	arsg	1	19.5	19.5	NA	NA	NA	NA	NA	NA	NA
ENSDART00000125379	CUL3	164	76.1	67.4	16.0	30.9	113.4	155.4	8.3	33.17	1.99869577055
ENSDART00000128226	CABZ01088330.1	2	84.1	84.1	NA	NA	NA	NA	NA	NA	NA
ENSDART00000113683	ubald2	127	49.2	35.9	8.3	18.2	76.0	118.6	NA	NA	NA
ENSDART00000129441	erbb2ip	104	48.8	30.6	6.6	12.4	71.3	123.3	8.32	39.59	2.25048063389
ENSDART00000149584	gng12a	8	110.3	120.0	NA	NA	NA	NA	NA	NA	NA
ENSDART00000145013	zgc:77262	292	95.6	95.1	46.6	69.6	120.3	143.3	NA	NA	NA
ENSDART00000129237	lrp2a	1	29.8	29.8	NA	NA	NA	NA	NA	NA	NA
ENSDART00000129992	pax7b	4	97.1	56.5	NA	NA	NA	NA	NA	NA	NA
ENSDART00000113014	RB1CC1	26	73.2	46.5	11.2	16.3	122.1	188.1	5.8	4.71	-0.300325840402
ENSDART00000114041	anp32a	729	93.6	92.1	37.0	63.6	119.2	153.1	228.01	747.92	1.71378686383
ENSDART00000114040	ubr2	28	70.0	58.3	8.0	19.8	110.6	145.0	4.43	10.81	1.28698791918
ENSDART00000146766	rnf165a	327	67.4	59.3	21.7	36.0	88.0	123.6	NA	NA	NA
ENSDART00000105102	fopnl	221	41.3	37.4	15.1	24.6	54.9	69.0	NA	NA	NA
ENSDART00000007906	stmn1a	1243	55.9	44.1	11.4	22.7	81.7	117.8	260.28	712.04	1.45189383035
ENSDART00000081909	C8H9orf116	5	49.7	17.2	NA	NA	NA	NA	NA	NA	NA
ENSDART00000039903	ass1	5	107.0	90.4	NA	NA	NA	NA	NA	NA	NA
ENSDART00000151114	myh10	122	55.9	53.0	23.5	39.3	71.2	87.9	14.8	34.06	1.20248125916
ENSDART00000149545	tgm1	2	94.2	94.2	NA	NA	NA	NA	NA	NA	NA
ENSDART00000104009	slc30a1b	18	112.7	124.6	32.2	82.9	152.8	159.6	NA	NA	NA
ENSDART00000149018	cxcr4a	491	35.9	15.9	5.2	8.6	44.7	111.3	NA	NA	NA
ENSDART00000034580	calm1a	115	88.1	85.1	35.9	58.8	117.0	147.1	116.03	682.52	2.55637345429
ENSDART00000146765	PARP6	1	75.8	75.8	NA	NA	NA	NA	NA	NA	NA
ENSDART00000035245	spire2	2	20.4	20.4	NA	NA	NA	NA	NA	NA	NA
ENSDART00000003482	stk17b	38	52.7	28.4	9.1	15.0	75.8	121.2	NA	NA	NA
ENSDART00000061547	ltk	1	52.1	52.1	NA	NA	NA	NA	NA	NA	NA
ENSDART00000134029	si:ch211-125e6.12	1	82.1	82.1	NA	NA	NA	NA	NA	NA	NA
ENSDART00000099511	ELL3	14	52.7	46.7	13.5	23.6	62.0	110.7	NA	NA	NA
ENSDART00000145272	lrpap1	22	49.8	28.4	11.8	13.6	62.1	87.6	NA	NA	NA
ENSDART00000103058	si:dkey-10p5.7	2	207.3	207.3	NA	NA	NA	NA	NA	NA	NA
ENSDART00000135256	ubtd2	29	55.5	53.0	12.6	27.1	78.3	95.9	NA	NA	NA
ENSDART00000143844	dennd2c	7	34.8	10.0	NA	NA	NA	NA	NA	NA	NA
ENSDART00000052260	zfpm2b	1	21.3	21.3	NA	NA	NA	NA	NA	NA	NA
ENSDART00000055541	gskip	195	40.4	36.1	14.8	22.0	53.5	69.6	NA	NA	NA
ENSDART00000055810	rab1ba	99	38.2	26.0	8.9	15.1	47.0	94.0	NA	NA	NA
ENSDART00000075513	aqp9b	1	108.7	108.7	NA	NA	NA	NA	NA	NA	NA
ENSDART00000055817	PIGG	1	21.2	21.2	NA	NA	NA	NA	NA	NA	NA
ENSDART00000144061	PTPDC1	1	-5.2	-5.2	NA	NA	NA	NA	NA	NA	NA
ENSDART00000015040	hrasb	20	52.6	45.9	12.3	23.2	64.6	114.8	NA	NA	NA
ENSDART00000026064	larsb	31	40.9	30.6	9.6	16.0	49.5	101.3	NA	NA	NA
ENSDART00000142864	stag1b	18	47.2	32.1	15.4	25.3	58.9	101.9	5.65	38.41	2.76515919123
ENSDART00000031028	cnot6	607	56.8	41.8	12.1	19.5	81.0	125.2	24.05	171.98	2.83813200083
ENSDART00000100706	ndufaf2	29	65.5	70.4	12.4	29.3	90.4	125.3	NA	NA	NA
ENSDART00000145251	pir	8	29.5	23.6	NA	NA	NA	NA	NA	NA	NA
ENSDART00000077107	MAP7	17	29.0	20.4	4.8	10.4	37.8	63.1	NA	NA	NA
ENSDART00000134635	si:dkey-9i23.15	26	42.2	30.4	7.6	14.9	52.8	88.3	NA	NA	NA
ENSDART00000123375	zgc:113263	34	42.5	25.5	10.0	14.4	45.7	112.6	3.89	7.29	0.906148659341
ENSDART00000123374	dnajb11	76	32.7	21.7	10.6	14.4	36.0	72.1	17.63	29.96	0.765005149139
ENSDART00000128711	efr3a	1	29.0	29.0	NA	NA	NA	NA	NA	NA	NA
ENSDART00000128717	ran	915	82.8	81.5	22.9	49.8	114.7	139.2	528.92	1731.1	1.71056763289
ENSDART00000123373	CABZ01071911.1	31	66.5	48.5	34.3	37.8	93.5	119.4	NA	NA	NA
ENSDART00000064462	psma6l	1	40.1	40.1	NA	NA	NA	NA	NA	NA	NA
ENSDART00000115312	ncdn	3	26.6	26.4	NA	NA	NA	NA	10.38	6.11	-0.764562158539
ENSDART00000128718	DTX3	22	45.7	22.4	5.3	11.8	67.7	131.7	NA	NA	NA
ENSDART00000143011	C8H17orf59	74	28.1	21.6	10.7	14.3	29.4	53.8	NA	NA	NA
ENSDART00000063167	sema6a	1	34.6	34.6	NA	NA	NA	NA	NA	NA	NA
ENSDART00000111156	pdp1	19	34.9	31.7	5.8	11.0	49.0	78.6	NA	NA	NA
ENSDART00000111150	birc2	36	85.4	65.3	26.2	51.9	128.6	169.6	NA	NA	NA
ENSDART00000111151	BX005076.1	11	33.5	17.1	8.0	11.0	29.5	56.6	NA	NA	NA
ENSDART00000130854	tspan3a	4	28.9	21.0	NA	NA	NA	NA	NA	NA	NA
ENSDART00000130856	lamb2l	4	32.5	18.2	NA	NA	NA	NA	NA	NA	NA
ENSDART00000135647	ZFP91	67	83.2	74.9	16.7	24.6	117.0	151.6	30.61	18.17	-0.752444625293
ENSDART00000145905	eno3	107	24.7	26.7	6.1	14.7	31.7	42.6	182.64	63.98	-1.51330986711
ENSDART00000055607	PDGFB	1	67.8	67.8	NA	NA	NA	NA	NA	NA	NA
ENSDART00000089021	canx	240	86.1	74.6	23.7	42.0	114.6	159.8	15.29	49.25	1.68753531787
ENSDART00000026201	MFN1	1	30.4	30.4	NA	NA	NA	NA	NA	NA	NA
ENSDART00000089025	lap3	70	36.5	31.3	14.0	19.0	46.2	69.6	11.76	17.85	0.60203601408
ENSDART00000125438	CABZ01028770.1	1	66.3	66.3	NA	NA	NA	NA	NA	NA	NA
ENSDART00000080160	lrrc28	17	66.2	68.3	12.3	35.4	81.7	107.7	NA	NA	NA
ENSDART00000122429	klf15	1	105.1	105.1	NA	NA	NA	NA	NA	NA	NA
ENSDART00000125430	pprc1	630	68.2	53.3	14.7	26.4	102.4	138.9	62.87	127.83	1.02378278912
ENSDART00000125432	esrrd	4	33.7	36.5	NA	NA	NA	NA	NA	NA	NA
ENSDART00000125434	CR628395.1	2	166.9	166.9	NA	NA	NA	NA	NA	NA	NA
ENSDART00000122424	ugt1b4	24	113.0	108.3	57.0	84.9	139.5	155.4	NA	NA	NA
ENSDART00000105687	zbtb33	52	65.3	59.3	9.8	16.7	92.0	142.6	NA	NA	NA
ENSDART00000031535	arl4aa	19	71.7	44.1	8.1	21.1	118.2	154.0	NA	NA	NA
ENSDART00000064334	st6galnac1.1	1	60.0	60.0	NA	NA	NA	NA	NA	NA	NA
ENSDART00000141579	FBXO10	2	43.0	43.0	NA	NA	NA	NA	NA	NA	NA
ENSDART00000078022	prex1	3	99.7	112.8	NA	NA	NA	NA	NA	NA	NA
ENSDART00000006703	maf1	120	73.9	60.8	12.8	29.1	90.7	158.0	NA	NA	NA
ENSDART00000103626	smcr7b	68	42.2	30.6	10.4	17.6	49.7	95.5	NA	NA	NA
ENSDART00000078024	crk	515	52.7	41.2	9.8	18.4	78.0	113.2	44.87	188.86	2.07349408633
ENSDART00000103622	irf7	2	20.3	20.3	NA	NA	NA	NA	NA	NA	NA
ENSDART00000078028	cyb5a	124	56.4	53.6	18.1	34.0	71.7	90.7	NA	NA	NA
ENSDART00000006709	dldh	293	40.6	35.8	14.6	21.7	52.4	68.1	36.71	62.34	0.763985040526
ENSDART00000085624	ipo13	24	23.1	15.5	-2.0	7.8	25.4	61.3	NA	NA	NA
ENSDART00000002501	ip6k2	20	57.2	43.0	15.5	18.8	96.1	119.2	NA	NA	NA
ENSDART00000111565	pms2	1	27.8	27.8	NA	NA	NA	NA	NA	NA	NA
ENSDART00000151057	RIN2	1	101.6	101.6	NA	NA	NA	NA	NA	NA	NA
ENSDART00000108528	arhgef7b	47	86.7	66.9	10.0	29.4	128.8	179.1	NA	NA	NA
ENSDART00000111560	aatkb	19	27.8	21.4	7.5	11.6	32.8	60.6	NA	NA	NA
ENSDART00000111563	vwa8	1	61.9	61.9	NA	NA	NA	NA	NA	NA	NA
ENSDART00000111562	ZC3H7B	3	60.7	44.4	NA	NA	NA	NA	NA	NA	NA
ENSDART00000043156	cyp17a1	30	31.6	24.9	14.2	18.5	41.9	52.5	NA	NA	NA
ENSDART00000030773	foxo3a	72	37.2	30.7	10.0	20.2	46.4	75.8	7.54	14.65	0.958264236041
ENSDART00000100716	bida	19	58.1	50.8	15.7	22.3	71.3	98.9	NA	NA	NA
ENSDART00000081016	smc1al	208	92.6	92.4	29.1	50.0	121.1	161.5	81.96	213.47	1.38104144553
ENSDART00000113025	CU468287.1	1	25.1	25.1	NA	NA	NA	NA	NA	NA	NA
ENSDART00000040810	arl4ab	57	51.5	38.7	15.0	18.9	63.6	116.7	NA	NA	NA
ENSDART00000089853	fan1	12	27.2	18.3	6.0	9.7	29.2	40.9	4.26	1.66	-1.35967018888
ENSDART00000040812	nuf2	107	66.2	52.5	14.3	29.7	93.8	146.1	36.63	52.04	0.506595261009
ENSDART00000045861	slc43a2a	3	59.3	38.4	NA	NA	NA	NA	NA	NA	NA
ENSDART00000127288	RBPMS	79	46.7	43.2	15.3	29.2	60.8	76.2	NA	NA	NA
ENSDART00000078369	zgc:136971	7	24.6	26.7	NA	NA	NA	NA	NA	NA	NA
ENSDART00000123590	C25HXorf38	5	19.6	17.3	NA	NA	NA	NA	NA	NA	NA
ENSDART00000123592	cat	82	30.9	23.7	9.8	14.4	44.3	58.0	12.47	36.49	1.54903968575
ENSDART00000146192	TMEM55B	41	53.8	25.6	12.6	19.0	76.0	134.2	NA	NA	NA
ENSDART00000018475	snrpd3	3086	49.7	43.9	17.3	29.1	62.6	87.8	576.27	1023.72	0.829004352838
ENSDART00000043403	ethe1	8	53.6	34.9	NA	NA	NA	NA	NA	NA	NA
ENSDART00000143997	si:ch211-202h22.8	36	77.4	70.4	27.6	55.0	102.5	133.6	NA	NA	NA
ENSDART00000066556	C24H7orf50	92	49.1	34.3	10.3	18.0	74.0	109.2	87.93	63.53	-0.46891744961
ENSDART00000085481	slc25a21	27	50.1	47.2	16.5	32.0	61.6	79.9	NA	NA	NA
ENSDART00000103190	zgc:194131	4	90.8	96.7	NA	NA	NA	NA	NA	NA	NA
ENSDART00000121998	grwd1	81	44.0	34.8	12.9	21.3	59.8	79.6	60.74	67.06	0.142805574626
ENSDART00000135940	ghrb	3	64.3	66.7	NA	NA	NA	NA	NA	NA	NA
ENSDART00000121993	acap1	17	60.0	39.0	17.7	24.3	105.3	122.5	NA	NA	NA
ENSDART00000124740	ncoa2	49	35.1	15.8	3.3	8.9	43.6	86.1	7.45	11.58	0.63632292264
ENSDART00000050395	EPHB3	37	70.3	57.0	9.5	17.6	117.6	157.0	NA	NA	NA
ENSDART00000135215	tmem51a	10	41.9	19.2	9.4	17.9	24.0	133.1	NA	NA	NA
ENSDART00000040390	glrx3	153	40.5	28.2	10.8	17.1	52.1	87.4	19.94	56.1	1.4923353611
ENSDART00000041142	myh11a	1	46.1	46.1	NA	NA	NA	NA	NA	NA	NA
ENSDART00000004284	scnm1	31	17.4	15.1	6.1	8.3	22.7	28.6	NA	NA	NA
ENSDART00000100199	mfap4	1	16.4	16.4	NA	NA	NA	NA	NA	NA	NA
ENSDART00000033514	psen1	71	76.9	58.1	28.4	38.0	118.4	154.5	NA	NA	NA
ENSDART00000110783	chfr	84	31.4	20.4	8.8	13.6	39.7	59.4	11.37	9.47	-0.263795923424
ENSDART00000127138	calub	143	31.6	18.5	4.5	8.7	34.4	79.4	NA	NA	NA
ENSDART00000075157	chic1	13	56.8	37.7	9.4	20.5	61.0	138.9	NA	NA	NA
ENSDART00000110785	BX323458.1	5	41.4	43.6	NA	NA	NA	NA	NA	NA	NA
ENSDART00000127131	mtmr10	16	63.7	41.5	15.4	23.3	120.7	140.1	NA	NA	NA
ENSDART00000102571	mettl6	18	65.8	44.7	14.9	23.7	122.4	139.8	NA	NA	NA
ENSDART00000127136	si:dkey-7l6.4	7	87.4	81.6	NA	NA	NA	NA	NA	NA	NA
ENSDART00000074255	mgat2	14	30.9	25.4	9.3	18.7	32.3	67.2	10.35	2.04	-2.34298971042
ENSDART00000074706	azin1a	9	130.0	130.8	NA	NA	NA	NA	NA	NA	NA
ENSDART00000018654	rnd1l	163	89.2	91.7	19.0	43.6	130.0	161.2	NA	NA	NA
ENSDART00000131811	csrp2bp	17	93.8	60.1	16.2	37.7	132.8	164.3	NA	NA	NA
ENSDART00000055787	C3H17orf103	68	64.6	45.3	16.8	32.4	86.8	124.6	NA	NA	NA
ENSDART00000007587	gtf2h2	102	74.6	59.7	26.4	37.3	89.2	152.4	16.6	21.42	0.367775238516
ENSDART00000131819	letm2	27	35.0	14.4	7.6	8.8	38.4	91.9	NA	NA	NA
ENSDART00000140442	si:dkeyp-2e4.3	2	92.3	92.3	NA	NA	NA	NA	68.63	41.77	-0.716372211181
ENSDART00000126425	TFPT	105	57.8	45.7	16.0	28.3	82.8	109.8	43.21	24.41	-0.823892935809
ENSDART00000126420	slc38a10	18	71.5	49.2	30.6	37.3	105.6	120.8	3.95	3.27	-0.272562017566
ENSDART00000146103	dapk3	67	51.5	28.4	13.4	17.9	59.5	117.2	NA	NA	NA
ENSDART00000146101	mcoln1a	44	42.7	38.5	16.8	22.3	64.2	73.7	NA	NA	NA
ENSDART00000146104	si:ch211-200p22.4	31	33.3	29.3	13.8	22.2	40.8	60.6	13.9	28.78	1.04998170913
ENSDART00000046889	dnmt5	23	47.9	31.6	6.8	10.8	78.2	97.9	4.06	5.41	0.414148866642
ENSDART00000059514	prickle1a	124	70.9	66.1	10.0	25.6	111.3	141.7	11.04	22.92	1.05386687198
ENSDART00000055780	hn1l	554	28.8	20.4	7.0	12.3	35.6	61.5	19.04	258.94	3.76551246037
ENSDART00000059046	prdm10	61	50.5	37.5	10.7	17.2	63.9	108.8	NA	NA	NA
ENSDART00000046880	PLEKHM3	7	61.4	63.1	NA	NA	NA	NA	NA	NA	NA
ENSDART00000034745	prkcha	9	17.0	13.9	NA	NA	NA	NA	NA	NA	NA
ENSDART00000046633	notch1a	1	138.5	138.5	NA	NA	NA	NA	16.03	65.2	2.02409753896
ENSDART00000144076	nxt2	245	68.8	57.4	12.8	30.5	99.8	136.1	122.41	148.13	0.275142431298
ENSDART00000143088	cbx1a	861	49.8	42.8	11.2	22.7	71.4	98.0	159.38	588.31	1.88410595688
ENSDART00000023153	rabgef1l	14	40.3	27.9	12.1	16.4	41.4	87.4	NA	NA	NA
ENSDART00000143084	aftphb	8	92.1	62.1	NA	NA	NA	NA	NA	NA	NA
ENSDART00000126240	cd44a	4	51.4	57.1	NA	NA	NA	NA	NA	NA	NA
ENSDART00000012164	tmod2	40	47.1	28.3	6.6	14.4	58.0	130.6	NA	NA	NA
ENSDART00000010081	etfb	36	57.9	52.4	29.1	37.4	74.9	91.9	NA	NA	NA
ENSDART00000015566	scap	28	20.7	17.9	5.0	10.6	27.8	36.8	NA	NA	NA
ENSDART00000141553	pfkfb1	48	56.3	30.1	15.2	24.1	53.8	171.7	13.75	11.18	-0.298511430456
ENSDART00000106008	terf1	37	40.8	24.5	12.4	16.4	59.8	90.6	NA	NA	NA
ENSDART00000034740	fut9d	24	58.6	26.0	4.4	10.3	108.8	138.3	NA	NA	NA
ENSDART00000023963	ddx1	4	54.6	47.4	NA	NA	NA	NA	NA	NA	NA
ENSDART00000142957	col17a1a	3	163.9	206.5	NA	NA	NA	NA	NA	NA	NA
ENSDART00000013211	KLHL24	79	66.2	63.0	7.3	18.5	102.2	132.1	NA	NA	NA
ENSDART00000101326	cyp2k6	1	87.7	87.7	NA	NA	NA	NA	NA	NA	NA
ENSDART00000023960	MCOLN2	5	16.8	21.4	NA	NA	NA	NA	NA	NA	NA
ENSDART00000105925	gtf3ab	122	28.9	23.8	14.1	18.3	37.9	50.2	36.69	8.53	-2.10476925793
ENSDART00000078894	irf8	1	106.7	106.7	NA	NA	NA	NA	NA	NA	NA
ENSDART00000038818	gga1	36	41.1	28.4	9.9	15.9	46.1	101.0	NA	NA	NA
ENSDART00000092502	creg1	16	45.4	35.8	25.1	31.1	65.1	70.7	NA	NA	NA
ENSDART00000052712	gnb1l	46	26.2	17.8	9.9	13.2	28.9	56.5	NA	NA	NA
ENSDART00000097756	lcn15	2	64.8	64.8	NA	NA	NA	NA	NA	NA	NA
ENSDART00000035827	brf1b	2	48.7	48.7	NA	NA	NA	NA	NA	NA	NA
ENSDART00000097754	tmprss4b	48	30.8	27.8	5.1	11.0	48.3	62.8	11.08	14.52	0.390083571947
ENSDART00000073735	rrad	3	21.6	26.0	NA	NA	NA	NA	NA	NA	NA
ENSDART00000078838	rab3aa	22	41.4	24.4	12.1	16.1	50.3	75.3	NA	NA	NA
ENSDART00000077476	prox1a	1	149.4	149.4	NA	NA	NA	NA	NA	NA	NA
ENSDART00000143885	gbp3	18	33.5	26.4	9.6	17.3	38.3	56.9	3.63	2.97	-0.289506617195
ENSDART00000140798	WDR6	1	11.8	11.8	NA	NA	NA	NA	NA	NA	NA
ENSDART00000131300	unk	18	31.6	26.8	13.4	19.7	41.5	49.4	NA	NA	NA
ENSDART00000017679	ppp2r2c	6	12.8	13.0	NA	NA	NA	NA	NA	NA	NA
ENSDART00000081072	ssbp3a	43	25.1	23.8	5.6	10.5	31.3	38.8	NA	NA	NA
ENSDART00000063147	sgsh	42	61.0	54.3	20.1	30.9	92.6	108.7	NA	NA	NA
ENSDART00000057553	ch25hl1.1	8	47.1	34.6	NA	NA	NA	NA	NA	NA	NA
ENSDART00000058647	si:dkey-95h12.1	1	132.0	132.0	NA	NA	NA	NA	NA	NA	NA
ENSDART00000135008	gabpb2b	74	64.6	53.5	7.7	22.3	88.7	135.7	10.45	42.27	2.01613117006
ENSDART00000130038	zgc:112982	101	65.2	49.4	12.5	20.5	86.1	132.3	16.67	53.22	1.67471440604
ENSDART00000058643	znf750	46	36.6	19.8	3.6	9.1	56.3	77.5	NA	NA	NA
ENSDART00000130526	RFC4	104	45.1	26.7	7.4	12.1	71.4	106.6	81.43	41.59	-0.96932371734
ENSDART00000106474	zgc:158852	123	26.2	21.5	8.4	14.1	33.9	49.2	NA	NA	NA
ENSDART00000130521	CACFD1	4	42.7	40.3	NA	NA	NA	NA	NA	NA	NA
ENSDART00000114603	CU856207.1	1	32.9	32.9	NA	NA	NA	NA	NA	NA	NA
ENSDART00000005667	gpt2l	3	84.9	82.3	NA	NA	NA	NA	NA	NA	NA
ENSDART00000005883	jagn1b	46	28.5	15.6	6.8	8.4	31.4	71.6	NA	NA	NA
ENSDART00000079164	KLHL3	2	158.1	158.1	NA	NA	NA	NA	NA	NA	NA
ENSDART00000079165	ext2	56	63.6	67.0	13.3	23.3	88.2	114.6	NA	NA	NA
ENSDART00000148993	hdac6	7	120.9	122.9	NA	NA	NA	NA	NA	NA	NA
ENSDART00000005119	eif3i	451	67.5	54.6	21.0	33.8	97.8	126.0	196.27	226.18	0.204631691686
ENSDART00000086592	vezf1b	167	62.6	47.7	11.5	20.5	101.3	127.2	NA	NA	NA
ENSDART00000148995	slc25a44a	77	52.4	39.7	9.0	16.9	79.6	109.1	NA	NA	NA
ENSDART00000152353	gngt2b	5	127.0	119.3	NA	NA	NA	NA	NA	NA	NA
ENSDART00000104063	psmd4a	29	65.4	52.3	24.9	31.9	99.0	139.5	18.68	15.61	-0.259023917732
ENSDART00000038648	ptbp2b	67	135.4	121.8	58.0	87.7	182.7	229.7	NA	NA	NA
ENSDART00000152355	med13b	92	76.1	57.8	16.0	22.4	121.3	167.3	11.1	7.14	-0.636563697208
ENSDART00000125195	evla	12	19.4	16.8	4.4	11.3	22.3	39.1	NA	NA	NA
ENSDART00000109599	URB1	10	47.5	38.9	20.3	22.2	53.5	73.0	3.56	2.51	-0.504189877016
ENSDART00000125190	rrs1	375	59.7	51.0	16.0	27.5	85.1	120.2	81.12	159.83	0.978408669267
ENSDART00000113911	micall1	42	57.4	43.4	13.5	23.4	83.0	115.8	NA	NA	NA
ENSDART00000109594	BX927371.1	0	NA	NA	NA	NA	NA	NA	5.66	4.75	-0.252874539614
ENSDART00000109596	dpp4	5	24.9	7.3	NA	NA	NA	NA	NA	NA	NA
ENSDART00000153177	MKL2	1	-1.9	-1.9	NA	NA	NA	NA	NA	NA	NA
ENSDART00000109593	bloc1s3	16	27.6	21.8	8.8	13.7	28.0	53.5	NA	NA	NA
ENSDART00000125198	pfn1	4091	87.3	80.8	40.2	58.2	110.1	144.2	395.92	1459.88	1.88256893413
ENSDART00000148338	si:dkey-11f4.7	1	42.0	42.0	NA	NA	NA	NA	NA	NA	NA
ENSDART00000104525	kmt2a	28	39.8	23.7	4.7	10.5	33.8	111.6	4.49	2.63	-0.771652645449
ENSDART00000109735	C20H8orf82	5	43.8	40.3	NA	NA	NA	NA	NA	NA	NA
ENSDART00000109042	CABZ01072083.1	5	55.8	36.8	NA	NA	NA	NA	NA	NA	NA
ENSDART00000109737	cox15	11	60.6	22.9	2.9	9.1	77.2	89.3	NA	NA	NA
ENSDART00000127480	add1	270	55.0	50.3	21.1	34.2	69.5	95.8	37.81	181.62	2.26408332656
ENSDART00000028673	lfng	216	55.1	32.2	4.2	9.0	86.7	138.0	NA	NA	NA
ENSDART00000087978	ctdspl2a	218	46.6	30.5	9.4	18.1	67.3	108.2	13.14	71.3	2.43993680101
ENSDART00000129870	syncrip	1974	82.6	79.4	32.3	54.9	105.5	136.5	333.58	1361.04	2.02860476845
ENSDART00000025570	calrl	103	47.7	38.0	15.5	24.6	62.6	103.4	14.11	49.41	1.80808506785
ENSDART00000087976	cyp4v7	2	70.8	70.8	NA	NA	NA	NA	NA	NA	NA
ENSDART00000114783	clip1a	24	48.9	39.9	13.6	22.8	52.3	99.3	3.51	4.79	0.448554625432
ENSDART00000052091	atp6v1c1b	4	15.2	15.9	NA	NA	NA	NA	NA	NA	NA
ENSDART00000129251	MTBP	17	55.8	37.4	10.3	25.9	90.4	124.7	4.22	4.47	0.0830318324761
ENSDART00000041912	TGM1	1	92.7	92.7	NA	NA	NA	NA	NA	NA	NA
ENSDART00000086379	KIRREL3	1	21.7	21.7	NA	NA	NA	NA	NA	NA	NA
ENSDART00000062793	APOB	3	204.6	213.8	NA	NA	NA	NA	NA	NA	NA
ENSDART00000152027	si:ch73-196k8.2	11	78.9	86.9	11.5	13.0	115.4	155.2	NA	NA	NA
ENSDART00000149229	si:ch73-30l9.1	3	50.5	25.8	NA	NA	NA	NA	NA	NA	NA
ENSDART00000057327	CACNG5	2	20.5	20.5	NA	NA	NA	NA	NA	NA	NA
ENSDART00000112555	spc25	130	41.1	27.9	10.0	16.7	54.8	89.6	43.85	65.71	0.583536099454
ENSDART00000086375	adnp2a	61	46.5	31.0	6.5	15.6	68.7	111.8	4.01	8.43	1.07193039449
ENSDART00000055563	si:dkeyp-59c12.1	1	26.5	26.5	NA	NA	NA	NA	NA	NA	NA
ENSDART00000090907	DGKG	1	30.5	30.5	NA	NA	NA	NA	NA	NA	NA
ENSDART00000099628	eif3s6ip	527	85.9	83.1	33.8	57.5	114.2	135.3	47.3	161.4	1.77072848994
ENSDART00000039369	fancg	21	80.7	61.1	13.0	30.6	130.9	148.0	6.5	3.62	-0.844450020833
ENSDART00000042972	srpk1b	162	60.3	48.1	12.8	25.5	83.2	116.8	14.91	33.63	1.17346852124
ENSDART00000128473	ttpal	3	26.6	6.2	NA	NA	NA	NA	NA	NA	NA
ENSDART00000125991	armc9	21	73.7	67.1	13.7	50.1	104.5	129.2	6.78	3.12	-1.11973924427
ENSDART00000032050	g6pca.1	15	36.1	26.9	8.8	12.8	45.2	77.7	NA	NA	NA
ENSDART00000039027	golt1ba	6	36.6	47.7	NA	NA	NA	NA	NA	NA	NA
ENSDART00000003543	gmppaa	4	51.3	59.0	NA	NA	NA	NA	NA	NA	NA
ENSDART00000140861	taz	27	118.3	104.4	38.2	63.3	146.6	225.7	NA	NA	NA
ENSDART00000006061	tcea3	1	18.8	18.8	NA	NA	NA	NA	NA	NA	NA
ENSDART00000039028	nsmce4a	139	36.0	22.0	8.3	13.1	38.6	85.1	42.94	40.02	-0.101601023953
ENSDART00000006065	cyp2aa2	3	42.4	15.8	NA	NA	NA	NA	NA	NA	NA
ENSDART00000003544	gabpb2a	187	52.4	32.5	9.4	15.7	79.1	126.1	27.15	105.46	1.95767179869
ENSDART00000111097	C10H8orf4	1	22.6	22.6	NA	NA	NA	NA	NA	NA	NA
ENSDART00000123178	slbp	1288	55.3	41.4	12.1	21.7	75.3	120.4	163.92	655.06	1.99863516641
ENSDART00000059796	CTBP1	8	36.1	28.8	NA	NA	NA	NA	NA	NA	NA
ENSDART00000150680	si:dkeyp-35e5.11	4	39.1	42.5	NA	NA	NA	NA	NA	NA	NA
ENSDART00000148576	pygmb	33	41.6	24.6	6.0	12.5	42.8	119.4	NA	NA	NA
ENSDART00000073634	slc30a5	11	70.0	46.5	11.3	14.3	110.1	118.0	8.23	4.03	-1.03011259189
ENSDART00000012104	dla	18	85.7	57.5	9.1	20.3	134.4	206.8	NA	NA	NA
ENSDART00000099027	fancc	6	59.7	37.1	NA	NA	NA	NA	NA	NA	NA
ENSDART00000075126	b3gnt7l	5	63.1	50.3	NA	NA	NA	NA	NA	NA	NA
ENSDART00000062175	derl2	66	36.6	27.1	16.3	22.1	45.2	57.7	17.77	22.38	0.332766354948
ENSDART00000132969	znf106a	107	63.5	53.0	9.8	22.3	90.1	142.8	6.56	27.61	2.07342316797
ENSDART00000053414	commd7	32	52.1	43.4	15.0	18.8	78.2	96.6	18.69	24.92	0.415037499279
ENSDART00000064439	nup43	53	24.7	16.7	6.6	9.7	31.4	54.8	38.17	19.45	-0.972669031342
ENSDART00000053416	si:ch211-226m16.2	5	70.0	53.2	NA	NA	NA	NA	NA	NA	NA
ENSDART00000127735	ugt5b2	2	98.3	98.3	NA	NA	NA	NA	NA	NA	NA
ENSDART00000127734	CABZ01066695.1	1	59.2	59.2	NA	NA	NA	NA	NA	NA	NA
ENSDART00000127737	ttll10	1	70.9	70.9	NA	NA	NA	NA	NA	NA	NA
ENSDART00000127739	CABZ01111872.1	1	63.9	63.9	NA	NA	NA	NA	NA	NA	NA
ENSDART00000101126	alox12	23	119.0	106.7	48.2	69.6	158.2	219.8	NA	NA	NA
ENSDART00000031234	stxbp2	10	91.8	50.4	12.6	16.0	135.8	236.9	NA	NA	NA
ENSDART00000029092	lrrc1	118	46.0	28.8	10.9	18.0	54.9	104.7	8.01	14.69	0.874960248148
ENSDART00000123298	BX569781.3	14	101.8	103.4	12.9	36.3	158.0	185.4	NA	NA	NA
ENSDART00000039796	CORO1C	33	87.3	94.8	31.1	55.0	115.7	137.3	NA	NA	NA
ENSDART00000123292	BX640398.1	3	96.2	87.1	NA	NA	NA	NA	NA	NA	NA
ENSDART00000123741	KBTBD2	71	64.1	48.1	15.8	29.7	76.1	137.0	19.54	9.17	-1.09143682837
ENSDART00000054822	nkx3.2	1	182.0	182.0	NA	NA	NA	NA	NA	NA	NA
ENSDART00000139203	txnrd2	4	25.3	19.9	NA	NA	NA	NA	NA	NA	NA
ENSDART00000044658	LETMD1	14	23.1	20.3	13.4	17.7	27.0	32.7	NA	NA	NA
ENSDART00000011102	heatr1	12	75.7	64.3	22.0	52.5	88.1	155.2	3.65	9.33	1.35398061708
ENSDART00000016488	gtf2e2	159	50.6	33.2	9.3	15.7	76.3	123.4	32.44	79.92	1.30078276358
ENSDART00000067526	lsm12b	721	54.6	46.7	13.4	25.7	78.0	106.1	169.63	133.65	-0.343931503451
ENSDART00000114522	kif22	418	56.0	39.0	9.5	17.4	84.5	130.3	101.68	229.56	1.17483534406
ENSDART00000114521	colgalt1	4	111.5	89.7	NA	NA	NA	NA	NA	NA	NA
ENSDART00000114527	si:ch73-138e16.8	3	69.5	48.0	NA	NA	NA	NA	NA	NA	NA
ENSDART00000113204	LGALS3	5	55.5	47.7	NA	NA	NA	NA	20.71	57.65	1.47699305432
ENSDART00000121679	wu:fj13e08	49	52.0	40.1	7.4	19.4	61.1	121.0	NA	NA	NA
ENSDART00000146740	fra10ac1	27	65.7	61.0	15.0	36.0	91.5	122.4	17.69	26.42	0.578696418556
ENSDART00000023931	eef2b	5632	67.2	61.6	30.1	42.4	86.9	113.6	1064.68	1034.62	-0.0413188941514
ENSDART00000114528	tbc1d31	92	83.9	80.1	18.0	44.8	121.6	154.5	12.68	13.53	0.0936070938371
ENSDART00000140765	si:ch73-138e16.2	2	27.8	27.8	NA	NA	NA	NA	NA	NA	NA
ENSDART00000125414	ccdc149b	2	21.0	21.0	NA	NA	NA	NA	NA	NA	NA
ENSDART00000140767	b3gnt2b	439	89.6	84.4	25.5	48.6	125.9	162.2	NA	NA	NA
ENSDART00000017686	hccs	241	52.1	40.1	12.6	21.8	71.7	111.0	28.81	136.82	2.24763756952
ENSDART00000110412	GPR78	1	4.7	4.7	NA	NA	NA	NA	NA	NA	NA
ENSDART00000084282	PAPD5	33	44.0	21.4	5.7	10.2	66.4	110.8	15.02	21.5	0.517451846963
ENSDART00000138985	gnaia	650	47.8	36.0	6.9	16.5	70.1	111.0	24.72	476.26	4.26799873674
ENSDART00000127458	CU855686.2	2	40.6	40.6	NA	NA	NA	NA	NA	NA	NA
ENSDART00000015827	tnr	4	29.0	22.3	NA	NA	NA	NA	NA	NA	NA
ENSDART00000051531	iqcd	2	25.3	25.3	NA	NA	NA	NA	NA	NA	NA
ENSDART00000098578	golga1	13	29.5	24.3	12.1	19.1	43.5	50.5	NA	NA	NA
ENSDART00000082289	cpsf6	604	86.5	80.3	20.0	40.4	126.9	158.5	67.92	162.45	1.25808737966
ENSDART00000090010	phex	7	41.5	45.2	NA	NA	NA	NA	NA	NA	NA
ENSDART00000051533	plp1b	1	23.8	23.8	NA	NA	NA	NA	NA	NA	NA
ENSDART00000031498	ccna2	0	NA	NA	NA	NA	NA	NA	87.81	1206.11	3.77983243364
ENSDART00000031499	wt1a	2	70.6	70.6	NA	NA	NA	NA	NA	NA	NA
ENSDART00000115123	CRTC2	1	22.7	22.7	NA	NA	NA	NA	NA	NA	NA
ENSDART00000115129	CU655970.1	64	35.6	30.4	7.4	17.0	49.6	68.8	10.27	20.48	0.995779533682
ENSDART00000025428	epha2	108	56.3	24.8	6.2	13.2	75.9	164.1	NA	NA	NA
ENSDART00000113802	CABZ01102082.1	39	27.4	20.6	8.4	13.1	42.0	49.6	NA	NA	NA
ENSDART00000113804	CABZ01005777.1	13	82.5	94.7	15.1	35.4	129.1	143.4	NA	NA	NA
ENSDART00000113806	hnrnpa0l	18	65.7	52.1	13.8	38.0	90.4	121.4	NA	NA	NA
ENSDART00000027630	kdelr2a	454	46.4	35.0	14.7	22.2	58.7	96.7	30.33	277.12	3.1916934321
ENSDART00000148687	slc34a1a	1	63.1	63.1	NA	NA	NA	NA	NA	NA	NA
ENSDART00000102868	etnk2	5	55.5	53.5	NA	NA	NA	NA	NA	NA	NA
ENSDART00000065212	ttc4	95	76.1	64.6	15.1	39.0	119.3	140.5	NA	NA	NA
ENSDART00000065211	pars2	13	71.3	59.5	13.4	33.2	120.0	147.3	NA	NA	NA
ENSDART00000088488	opa3	27	50.0	35.7	11.3	14.8	56.7	138.5	NA	NA	NA
ENSDART00000122378	CABZ01084007.1	43	40.2	23.5	13.6	16.8	50.4	83.3	24.07	5.48	-2.13498834351
ENSDART00000150221	sco2	24	77.8	66.2	20.0	31.9	110.9	151.0	NA	NA	NA
ENSDART00000110570	limch1b	1	14.3	14.3	NA	NA	NA	NA	NA	NA	NA
ENSDART00000007624	plch2a	3	23.6	23.0	NA	NA	NA	NA	NA	NA	NA
ENSDART00000007622	lace1a	9	64.0	57.9	NA	NA	NA	NA	NA	NA	NA
ENSDART00000038157	naprt1	1	31.3	31.3	NA	NA	NA	NA	NA	NA	NA
ENSDART00000098101	zcchc17	61	48.6	34.1	9.9	18.2	70.9	107.3	35.67	27.93	-0.352895642187
ENSDART00000060535	crybb3	1	108.2	108.2	NA	NA	NA	NA	NA	NA	NA
ENSDART00000010270	mfsd4b	1	106.4	106.4	NA	NA	NA	NA	NA	NA	NA
ENSDART00000149812	ovol1	66	59.3	58.4	9.9	17.4	85.4	112.7	NA	NA	NA
ENSDART00000149813	rad50	31	33.5	28.4	16.0	19.3	43.3	58.7	10.49	12.5	0.252913416972
ENSDART00000027255	tardbpl	438	72.2	55.5	14.0	26.7	99.1	157.2	54.45	293.43	2.43001242425
ENSDART00000140577	zgc:64085	2	23.9	23.9	NA	NA	NA	NA	NA	NA	NA
ENSDART00000106272	si:dkey-37o8.1	7	56.7	53.0	NA	NA	NA	NA	NA	NA	NA
ENSDART00000138441	si:ch1073-221c23.2	2	56.6	56.6	NA	NA	NA	NA	NA	NA	NA
ENSDART00000090676	si:ch211-210g13.5	15	14.7	15.2	1.1	12.8	20.4	22.8	NA	NA	NA
ENSDART00000111236	zgc:171220	9	46.4	36.0	NA	NA	NA	NA	NA	NA	NA
ENSDART00000110549	cisd1	67	51.2	44.7	14.9	23.3	64.4	98.9	NA	NA	NA
ENSDART00000033890	ptgs1	3	29.0	30.7	NA	NA	NA	NA	NA	NA	NA
ENSDART00000136795	gna11a	109	31.3	23.9	6.7	13.5	43.8	65.8	NA	NA	NA
ENSDART00000056319	cox6c	138	73.2	72.5	26.0	42.8	99.0	119.2	194.49	201.73	0.0527296695656
ENSDART00000135788	mcmbp	166	45.8	28.0	10.4	16.9	65.0	104.7	20.3	52.0	1.35703189584
ENSDART00000075421	sord	23	21.7	17.8	7.9	13.9	29.3	39.3	NA	NA	NA
ENSDART00000055737	tyw3	63	45.1	26.9	9.1	15.7	70.8	106.7	NA	NA	NA
ENSDART00000061914	mthfd1l	3	36.6	37.0	NA	NA	NA	NA	NA	NA	NA
ENSDART00000125043	smad1	4	72.6	79.3	NA	NA	NA	NA	NA	NA	NA
ENSDART00000012816	sel1l	63	36.2	29.6	10.4	21.3	46.5	65.2	15.51	40.6	1.38828104104
ENSDART00000077862	cicb	17	73.9	34.7	21.7	24.1	134.2	153.7	1.95	1.55	-0.331205908475
ENSDART00000137250	zgc:173856	14	47.7	48.9	29.0	37.6	59.9	64.4	5.25	3.88	-0.436260770366
ENSDART00000122654	rnd1	2	213.5	213.5	NA	NA	NA	NA	NA	NA	NA
ENSDART00000043930	bmpr1bb	6	70.8	24.4	NA	NA	NA	NA	NA	NA	NA
ENSDART00000081465	ccdc106	28	22.7	21.2	9.4	13.7	25.8	37.8	NA	NA	NA
ENSDART00000081563	si:dkey-178e17.3	1	13.5	13.5	NA	NA	NA	NA	NA	NA	NA
ENSDART00000132379	limch1a	7	40.8	23.3	NA	NA	NA	NA	NA	NA	NA
ENSDART00000051258	TERF2IP	96	64.0	42.9	7.4	14.3	114.8	146.8	12.68	34.52	1.44487771904
ENSDART00000015170	mtdhb	13	71.6	67.6	37.0	51.8	87.0	91.4	13.52	11.87	-0.18777521664
ENSDART00000043938	tram2	26	49.4	38.1	11.4	18.2	65.3	95.8	NA	NA	NA
ENSDART00000015682	ndufs3	35	56.2	45.8	11.5	26.8	88.0	112.7	22.2	30.31	0.449234175547
ENSDART00000015681	dbx1b	2	51.8	51.8	NA	NA	NA	NA	NA	NA	NA
ENSDART00000023186	stk38b	10	24.4	20.4	10.1	13.2	24.0	39.1	NA	NA	NA
ENSDART00000018228	gsk3b	74	107.9	111.1	41.5	66.3	147.7	173.2	NA	NA	NA
ENSDART00000009276	ptpreb	1	12.0	12.0	NA	NA	NA	NA	NA	NA	NA
ENSDART00000015688	invs	2	33.5	33.5	NA	NA	NA	NA	NA	NA	NA
ENSDART00000082045	epm2a	10	28.7	28.3	10.9	19.9	33.4	47.9	NA	NA	NA
ENSDART00000088023	gon4l	93	62.9	43.1	10.0	20.6	82.6	155.2	15.29	4.35	-1.81350110062
ENSDART00000122341	zfr2	49	74.2	47.4	15.7	29.0	95.6	186.5	6.69	4.54	-0.559313913351
ENSDART00000050258	zgc:165653	162	72.4	66.3	35.8	46.3	87.6	108.4	NA	NA	NA
ENSDART00000135877	als2a	6	18.3	18.1	NA	NA	NA	NA	NA	NA	NA
ENSDART00000075646	irf1a	1	17.3	17.3	NA	NA	NA	NA	NA	NA	NA
ENSDART00000111951	si:dkey-22o22.2	1	127.4	127.4	NA	NA	NA	NA	NA	NA	NA
ENSDART00000111952	igsf9a	8	28.6	29.2	NA	NA	NA	NA	NA	NA	NA
ENSDART00000014887	eif4a3	752	78.2	74.0	24.7	45.6	104.8	138.4	230.32	691.78	1.58667361065
ENSDART00000108950	ttll4	28	54.6	38.8	14.1	20.5	76.0	114.8	11.68	4.36	-1.4216402341
ENSDART00000125955	zgc:158614	32	30.2	31.1	10.8	16.9	39.0	52.0	NA	NA	NA
ENSDART00000053638	ctssa	1	12.9	12.9	NA	NA	NA	NA	NA	NA	NA
ENSDART00000108955	zgc:162161	9	17.4	19.5	NA	NA	NA	NA	NA	NA	NA
ENSDART00000023064	slc35b2	20	46.2	33.5	9.0	21.7	67.0	98.7	NA	NA	NA
ENSDART00000055011	PDILT	1	43.7	43.7	NA	NA	NA	NA	NA	NA	NA
ENSDART00000112317	zgc:194621	7	30.3	16.3	NA	NA	NA	NA	NA	NA	NA
ENSDART00000112032	ARHGAP22	13	84.3	68.2	25.7	52.8	110.5	167.3	NA	NA	NA
ENSDART00000091813	ago3b	75	38.8	24.7	9.7	17.1	47.0	77.6	NA	NA	NA
ENSDART00000101726	slc35f2	18	52.1	29.2	10.7	18.4	83.4	127.7	NA	NA	NA
ENSDART00000102381	ube2d3	42	53.1	38.1	9.4	18.6	74.5	103.9	NA	NA	NA
ENSDART00000032141	spon2a	7	56.7	52.8	NA	NA	NA	NA	NA	NA	NA
ENSDART00000145448	anapc13	50	56.8	43.4	12.4	19.6	92.3	119.9	NA	NA	NA
ENSDART00000102384	sesn2	14	74.5	62.3	14.4	32.4	108.0	144.9	NA	NA	NA
ENSDART00000109894	olfm2a	1	10.3	10.3	NA	NA	NA	NA	NA	NA	NA
ENSDART00000149371	idh3b	102	48.7	34.4	14.0	23.1	58.8	112.2	15.42	27.87	0.853910237189
ENSDART00000016501	cyp2v1	1	9.5	9.5	NA	NA	NA	NA	NA	NA	NA
ENSDART00000057700	naa20	82	65.0	52.7	28.9	36.7	81.9	122.7	NA	NA	NA
ENSDART00000083317	arsk	1	-0.0	-0.0	NA	NA	NA	NA	NA	NA	NA
ENSDART00000086952	st14a	288	39.0	28.5	9.9	16.9	49.4	82.8	13.77	59.49	2.11111861882
ENSDART00000083622	tead3a	66	79.1	80.1	18.2	39.2	109.9	148.3	NA	NA	NA
ENSDART00000008096	aph1b	301	50.5	33.7	10.3	17.4	70.5	119.6	35.65	44.24	0.311449308903
ENSDART00000033093	lad1	2	149.8	149.8	NA	NA	NA	NA	NA	NA	NA
ENSDART00000090368	C24H8orf44	5	38.1	27.8	NA	NA	NA	NA	NA	NA	NA
ENSDART00000024058	kcnh2	1	49.1	49.1	NA	NA	NA	NA	NA	NA	NA
ENSDART00000103385	slc25a22	310	53.8	24.2	9.2	13.6	69.2	155.5	NA	NA	NA
ENSDART00000087426	bcl11aa	1	24.1	24.1	NA	NA	NA	NA	NA	NA	NA
ENSDART00000111537	zgc:162576	25	75.2	52.5	19.7	27.8	118.7	165.2	NA	NA	NA
ENSDART00000112788	slc39a5	173	103.3	103.4	28.4	63.3	140.3	178.1	NA	NA	NA
ENSDART00000086164	kctd3	1	40.7	40.7	NA	NA	NA	NA	NA	NA	NA
ENSDART00000086165	setd1ba	12	45.0	26.0	-1.7	8.5	65.7	128.0	3.26	7.41	1.18460157807
ENSDART00000089642	FBXO31	11	8.4	17.3	-28.0	-14.7	28.8	33.6	NA	NA	NA
ENSDART00000073839	slc38a7	484	51.6	36.3	12.0	19.4	68.5	123.1	31.44	92.56	1.55778764685
ENSDART00000089640	PDE3B	2	226.1	226.1	NA	NA	NA	NA	NA	NA	NA
ENSDART00000060545	dennd5a	9	99.5	102.8	NA	NA	NA	NA	NA	NA	NA
ENSDART00000112784	LYRM9	5	34.1	12.3	NA	NA	NA	NA	NA	NA	NA
ENSDART00000077390	lgalsla	5	47.9	28.0	NA	NA	NA	NA	NA	NA	NA
ENSDART00000032324	hddc3	11	66.3	43.5	23.5	29.7	51.0	180.2	NA	NA	NA
ENSDART00000032322	abcg2c	33	88.2	73.1	19.7	29.7	124.5	164.4	NA	NA	NA
ENSDART00000032857	mapk11	23	72.2	56.0	17.1	28.0	107.0	129.6	NA	NA	NA
ENSDART00000109926	man1b1	45	66.1	50.6	13.6	29.0	91.6	130.8	NA	NA	NA
ENSDART00000109927	CGREF1	2	38.3	38.3	NA	NA	NA	NA	NA	NA	NA
ENSDART00000108852	pkmyt1	12	54.3	30.8	8.5	9.6	104.0	108.2	NA	NA	NA
ENSDART00000049167	psme2	1	49.3	49.3	NA	NA	NA	NA	NA	NA	NA
ENSDART00000074116	rab33ba	27	39.8	23.2	4.0	10.7	38.9	90.8	NA	NA	NA
ENSDART00000074117	aspa	55	95.4	97.9	50.4	77.9	117.8	140.7	NA	NA	NA
ENSDART00000003847	mylpfb	2	51.0	51.0	NA	NA	NA	NA	NA	NA	NA
ENSDART00000003845	tfa	29	117.5	108.2	51.5	90.7	156.5	192.3	NA	NA	NA
ENSDART00000078642	VPS37B	62	28.3	17.5	4.9	8.3	33.7	61.1	NA	NA	NA
ENSDART00000130208	CARKD	35	58.6	42.8	12.0	18.4	86.3	129.9	9.48	11.38	0.263541593408
ENSDART00000113353	BX248510.1	24	44.2	35.9	11.9	18.0	56.9	71.2	NA	NA	NA
ENSDART00000105586	srsf2b	190	71.7	63.2	21.7	35.8	101.4	138.3	NA	NA	NA
ENSDART00000124552	FASTKD5	21	40.4	19.7	8.4	12.6	35.2	73.4	NA	NA	NA
ENSDART00000023336	rps6	1111	89.5	90.8	38.2	64.1	113.8	134.9	1346.05	748.24	-0.847159003109
ENSDART00000109509	PTPLA	5	121.2	163.1	NA	NA	NA	NA	NA	NA	NA
ENSDART00000062366	rsrc2	109	79.5	76.8	12.1	30.3	108.6	160.1	93.98	54.58	-0.783981373127
ENSDART00000080332	cops5	61	59.2	41.5	4.0	15.0	94.1	122.7	13.39	23.3	0.799173994217
ENSDART00000127923	nktr	131	114.6	103.4	18.1	40.9	174.4	237.4	28.46	23.47	-0.278117820003
ENSDART00000131558	zgc:103438	1	22.8	22.8	NA	NA	NA	NA	NA	NA	NA
ENSDART00000077641	cyb561d1	1	17.4	17.4	NA	NA	NA	NA	NA	NA	NA
ENSDART00000092118	erbb4a	1	27.9	27.9	NA	NA	NA	NA	NA	NA	NA
ENSDART00000009767	vac14	8	18.2	14.2	NA	NA	NA	NA	5.18	13.23	1.35278905859
ENSDART00000131557	mvd	3	10.5	8.9	NA	NA	NA	NA	NA	NA	NA
ENSDART00000091625	atp8a1	1	27.2	27.2	NA	NA	NA	NA	NA	NA	NA
ENSDART00000058256	zp3b	67	40.0	39.1	13.6	19.3	55.5	65.8	37.31	9.52	-1.97052888151
ENSDART00000058255	bbs5	5	77.2	58.6	NA	NA	NA	NA	NA	NA	NA
ENSDART00000081746	apoa1bp	29	25.0	21.5	7.9	9.7	31.4	39.8	NA	NA	NA
ENSDART00000080339	galm	8	61.7	52.2	NA	NA	NA	NA	NA	NA	NA
ENSDART00000147520	lnx1	12	63.2	40.2	20.6	26.1	92.8	145.3	NA	NA	NA
ENSDART00000058258	gng5	1436	58.4	50.8	20.7	33.9	74.1	101.9	NA	NA	NA
ENSDART00000033630	OSBP2	2	35.6	35.6	NA	NA	NA	NA	NA	NA	NA
ENSDART00000113783	mlf1	1	55.8	55.8	NA	NA	NA	NA	NA	NA	NA
ENSDART00000124022	mapkap1	86	72.8	63.9	19.0	31.4	109.3	143.7	NA	NA	NA
ENSDART00000020673	f3a	1	23.7	23.7	NA	NA	NA	NA	NA	NA	NA
ENSDART00000138783	rnf216	49	52.5	40.5	7.5	16.9	73.3	136.7	10.7	13.59	0.344934659479
ENSDART00000124164	palm1b	61	89.3	88.8	10.8	23.1	142.6	165.1	12.64	65.54	2.37437920937
ENSDART00000121447	uvssa	2	74.9	74.9	NA	NA	NA	NA	NA	NA	NA
ENSDART00000035670	polr2eb	113	58.1	46.8	12.3	22.9	77.1	134.4	121.36	137.29	0.177933554847
ENSDART00000024309	rb1	92	89.3	85.5	28.8	47.6	125.9	155.8	10.07	112.19	3.47780849931
ENSDART00000050821	C13H1orf65	6	29.6	24.7	NA	NA	NA	NA	NA	NA	NA
ENSDART00000024304	per3	12	20.5	21.0	2.7	10.9	30.2	31.8	4.52	5.16	0.191048293008
ENSDART00000050824	TM6SF2	4	103.0	129.5	NA	NA	NA	NA	NA	NA	NA
ENSDART00000124168	ppp4r2b	294	49.0	37.9	7.3	14.3	73.0	108.9	35.34	150.3	2.08847106425
ENSDART00000006132	cfl1	2878	58.5	51.8	14.9	29.5	79.6	109.6	743.16	1968.51	1.40535928438
ENSDART00000019581	arih1	117	45.4	27.3	6.3	13.3	64.2	123.5	10.73	33.73	1.65238224226
ENSDART00000123274	papss1	80	49.5	37.0	9.0	15.3	73.1	111.5	NA	NA	NA
ENSDART00000081038	ndnl2	133	43.4	27.1	8.4	14.7	58.5	103.9	38.71	54.1	0.482922286422
ENSDART00000029797	faf2	299	49.7	34.6	18.8	25.2	60.9	105.6	46.78	55.95	0.258246269511
ENSDART00000143723	idi1	46	53.0	38.5	5.1	15.7	88.4	119.4	NA	NA	NA
ENSDART00000092131	si:ch211-117c9.5	1	177.3	177.3	NA	NA	NA	NA	NA	NA	NA
ENSDART00000078916	smim7	48	55.3	46.5	10.0	22.3	85.6	114.1	NA	NA	NA
ENSDART00000003715	actr6	76	77.8	66.7	23.9	40.8	113.0	138.5	16.88	18.86	0.160014771968
ENSDART00000025324	spns1	274	46.2	39.4	19.3	29.6	54.5	76.2	17.93	54.47	1.60308637897
ENSDART00000065183	cldn2	2	79.7	79.7	NA	NA	NA	NA	NA	NA	NA
ENSDART00000111506	fam211ba	10	24.6	14.8	0.5	5.9	23.2	46.9	NA	NA	NA
ENSDART00000013021	tlr3	3	74.4	73.6	NA	NA	NA	NA	NA	NA	NA
ENSDART00000047740	wdr32	127	66.2	50.4	14.1	24.3	108.4	138.3	15.77	25.7	0.704585699291
ENSDART00000087566	trip12	286	86.3	78.8	18.6	38.0	120.9	169.9	18.42	65.9	1.8390054038
ENSDART00000129463	ago4	45	24.9	18.2	6.9	13.3	35.4	49.9	15.44	47.14	1.61027900598
ENSDART00000085021	mmaa	46	38.1	36.1	8.9	15.7	50.9	67.3	13.56	6.03	-1.16912727124
ENSDART00000087568	nelfa	82	41.5	24.3	9.5	16.3	47.4	115.2	9.32	20.98	1.17061281792
ENSDART00000026578	ube2v2	677	86.3	85.1	31.0	51.9	112.6	141.2	108.33	431.9	1.99526449042
ENSDART00000079202	abcb8	15	31.3	25.7	4.1	12.7	40.1	65.9	NA	NA	NA
ENSDART00000017859	ddi2	211	47.7	41.0	15.3	29.4	63.1	87.8	12.91	204.72	3.98709114673
ENSDART00000079207	trim47	152	59.7	43.2	9.1	20.2	96.0	130.9	NA	NA	NA
ENSDART00000017854	lgi1a	77	44.0	46.4	17.5	28.4	56.4	64.5	NA	NA	NA
ENSDART00000081926	CU856539.1	6	27.8	26.6	NA	NA	NA	NA	NA	NA	NA
ENSDART00000081922	SPIN2B	86	62.6	50.0	8.0	18.2	100.8	147.1	NA	NA	NA
ENSDART00000017852	ubxn7	69	58.0	51.0	10.0	24.4	85.8	123.1	13.24	40.36	1.6080230523
ENSDART00000124411	sumo2a	1	14.8	14.8	NA	NA	NA	NA	NA	NA	NA
ENSDART00000062587	klf2a	21	46.0	21.1	7.7	12.8	47.7	112.9	NA	NA	NA
ENSDART00000007012	EPS8	4	99.0	85.4	NA	NA	NA	NA	6.52	3.03	-1.10555417076
ENSDART00000090712	stox1	28	31.4	21.9	8.8	15.2	36.7	60.1	19.21	28.04	0.545628830345
ENSDART00000125383	meis1	2	74.9	74.9	NA	NA	NA	NA	NA	NA	NA
ENSDART00000045397	stx11b.1	144	51.0	34.3	9.8	14.6	72.3	120.9	NA	NA	NA
ENSDART00000139560	ppp3r1a	58	56.7	38.0	12.7	22.3	92.1	119.2	NA	NA	NA
ENSDART00000139567	renbp	1	19.3	19.3	NA	NA	NA	NA	NA	NA	NA
ENSDART00000014649	ugt2a5	6	58.9	59.7	NA	NA	NA	NA	NA	NA	NA
ENSDART00000137125	SPOP	3	60.8	37.6	NA	NA	NA	NA	NA	NA	NA
ENSDART00000135271	MYADM	71	57.5	49.8	24.2	32.3	77.1	106.8	NA	NA	NA
ENSDART00000087782	mrps9	41	24.9	16.9	9.8	12.5	27.5	43.1	18.97	18.33	-0.0495128928716
ENSDART00000148652	slc26a2	6	77.8	69.3	NA	NA	NA	NA	NA	NA	NA
ENSDART00000087786	slka	35	40.8	28.6	5.7	12.9	51.2	91.7	5.89	9.68	0.716739413444
ENSDART00000055834	phospho1	254	90.0	89.9	34.2	59.6	118.0	143.2	NA	NA	NA
ENSDART00000019459	fam91a1	9	20.4	15.7	NA	NA	NA	NA	NA	NA	NA
ENSDART00000130832	trmt61a	0	NA	NA	NA	NA	NA	NA	18.92	33.66	0.831123087991
ENSDART00000130833	CABZ01024770.1	26	38.5	24.9	6.8	13.0	41.8	79.3	NA	NA	NA
ENSDART00000047358	fkbp6	20	20.7	16.5	7.0	10.5	27.7	36.7	NA	NA	NA
ENSDART00000130839	TIMP4	3	71.0	98.7	NA	NA	NA	NA	NA	NA	NA
ENSDART00000017140	arhgef11	35	73.1	53.4	9.8	22.3	125.9	169.3	4.83	5.16	0.0953478765875
ENSDART00000047724	zeb1b	7	96.3	79.1	NA	NA	NA	NA	NA	NA	NA
ENSDART00000017144	bag1	17	40.7	31.8	6.3	25.5	50.9	86.2	NA	NA	NA
ENSDART00000043117	fbxw4	14	41.8	32.3	17.5	18.5	52.0	65.1	NA	NA	NA
ENSDART00000012318	htra1b	4	56.4	57.6	NA	NA	NA	NA	NA	NA	NA
ENSDART00000017148	gclc	237	46.9	35.4	10.3	18.0	57.4	102.8	17.55	46.76	1.41380389934
ENSDART00000081054	tada3l	35	61.9	56.7	9.3	26.1	90.0	129.8	10.73	16.97	0.661336488786
ENSDART00000043448	adcyap1r1a	1	75.9	75.9	NA	NA	NA	NA	NA	NA	NA
ENSDART00000133374	ponzr2	8	76.8	57.8	NA	NA	NA	NA	NA	NA	NA
ENSDART00000128736	lmbrd2a	14	25.2	15.8	5.3	11.0	27.3	52.4	NA	NA	NA
ENSDART00000128737	fkbp7	124	63.5	57.1	20.2	38.4	77.7	108.8	NA	NA	NA
ENSDART00000128731	rnps1	1475	57.9	51.3	18.7	31.7	76.4	104.8	147.4	829.46	2.49243588569
ENSDART00000123359	BX005472.1	1	20.6	20.6	NA	NA	NA	NA	NA	NA	NA
ENSDART00000123354	msl2b	83	48.2	30.4	8.0	13.0	66.8	132.9	12.63	7.89	-0.678757433774
ENSDART00000021231	slmapb	32	36.6	19.5	6.4	13.4	30.4	116.4	NA	NA	NA
ENSDART00000123350	sptlc2a	13	47.8	32.7	9.1	17.7	56.3	119.4	NA	NA	NA
ENSDART00000006490	tlk2	162	63.0	50.2	9.8	21.8	86.9	145.9	23.31	54.89	1.23559433485
ENSDART00000114340	plagl2	5	71.7	56.3	NA	NA	NA	NA	NA	NA	NA
ENSDART00000103815	stmn2a	43	39.5	38.8	14.4	22.2	49.4	63.7	NA	NA	NA
ENSDART00000151404	abat	47	43.9	36.4	15.9	21.9	69.0	80.3	12.54	34.45	1.45796663479
ENSDART00000097923	actr8	18	43.8	30.4	16.3	22.0	37.7	97.5	15.0	4.91	-1.61116757107
ENSDART00000138852	lcorl	51	45.9	32.4	13.3	19.7	59.8	96.5	5.64	6.81	0.271959635613
ENSDART00000108721	tjp1a	38	37.7	32.1	12.9	20.1	52.0	63.0	5.97	32.23	2.43260135179
ENSDART00000148210	dnajc4	12	54.4	21.7	5.4	12.1	111.4	129.7	NA	NA	NA
ENSDART00000040499	pus7	98	84.9	70.2	19.4	36.2	113.0	167.7	29.22	26.11	-0.162353720491
ENSDART00000135667	si:dkey-88l16.5	63	27.3	23.3	9.1	15.6	34.6	47.7	NA	NA	NA
ENSDART00000098132	klhl24	24	29.2	26.1	11.5	14.0	38.8	50.1	6.61	7.05	0.0929729857785
ENSDART00000124838	BX321921.1	1	166.3	166.3	NA	NA	NA	NA	NA	NA	NA
ENSDART00000122408	CCDC178	3	24.8	24.9	NA	NA	NA	NA	NA	NA	NA
ENSDART00000124833	pdcd11	191	63.6	49.2	14.8	25.3	90.9	133.1	51.72	96.48	0.89950763209
ENSDART00000122405	jak2b	27	77.9	29.7	4.0	12.2	128.6	202.7	NA	NA	NA
ENSDART00000122407	cdk1	143	76.0	70.8	15.3	31.5	110.7	141.5	19.78	68.41	1.79016480393
ENSDART00000124837	f10	1	63.7	63.7	NA	NA	NA	NA	NA	NA	NA
ENSDART00000122403	wu:fb55g09	19	45.3	22.7	15.5	18.2	57.9	101.0	NA	NA	NA
ENSDART00000141595	med23	116	68.5	51.7	16.2	34.6	85.8	156.7	12.52	18.34	0.550759076662
ENSDART00000034078	psmc4	263	44.2	36.4	14.5	21.5	55.0	86.1	44.69	171.69	1.94178206288
ENSDART00000141597	lrrfip1b	24	69.6	37.3	8.8	15.2	97.8	169.8	NA	NA	NA
ENSDART00000141596	agpat9	9	85.3	97.4	NA	NA	NA	NA	NA	NA	NA
ENSDART00000006724	smarcd3b	50	88.1	72.1	15.6	31.4	143.8	167.7	NA	NA	NA
ENSDART00000078000	C16H1orf43	49	41.7	23.3	7.8	11.3	50.9	111.5	NA	NA	NA
ENSDART00000016002	tspan7	304	78.5	72.4	21.3	37.2	108.2	139.2	25.05	131.87	2.39623388491
ENSDART00000104657	mrps21	127	72.6	66.7	19.5	32.9	108.8	138.8	NA	NA	NA
ENSDART00000108868	CT990569.2	35	50.3	33.9	11.3	15.5	69.1	114.3	4.35	15.93	1.87265896079
ENSDART00000011662	ppm1bb	126	56.2	49.0	12.0	25.9	77.6	104.4	10.68	84.05	2.97633617244
ENSDART00000103131	hoxc1a	2	4.0	4.0	NA	NA	NA	NA	NA	NA	NA
ENSDART00000138816	adamtsl2	2	44.2	44.2	NA	NA	NA	NA	NA	NA	NA
ENSDART00000111542	shroom4	30	29.6	26.4	8.7	12.8	40.4	50.0	5.27	2.24	-1.23430422958
ENSDART00000139053	si:dkey-183c16.7	2	147.9	147.9	NA	NA	NA	NA	NA	NA	NA
ENSDART00000111540	COL22A1	1	9.1	9.1	NA	NA	NA	NA	NA	NA	NA
ENSDART00000098727	svopa	2	41.4	41.4	NA	NA	NA	NA	NA	NA	NA
ENSDART00000065556	POLQ	16	53.6	45.2	3.2	6.9	96.9	113.3	4.01	3.21	-0.321028939333
ENSDART00000023926	eif3eb	50	40.7	31.5	12.1	17.3	49.7	72.8	10.99	21.35	0.958044683559
ENSDART00000100778	C18H15orf38	20	41.6	38.9	19.3	22.6	49.2	61.6	NA	NA	NA
ENSDART00000084557	lhpp	2	16.7	16.7	NA	NA	NA	NA	NA	NA	NA
ENSDART00000065006	twf2a	1	9.8	9.8	NA	NA	NA	NA	NA	NA	NA
ENSDART00000140243	actn1	1	82.2	82.2	NA	NA	NA	NA	NA	NA	NA
ENSDART00000076321	si:dkeyp-66d1.2	1	36.2	36.2	NA	NA	NA	NA	NA	NA	NA
ENSDART00000083836	CCDC86	351	64.7	58.0	19.5	34.7	89.2	115.5	140.41	144.73	0.0437183102995
ENSDART00000097528	sp4	9	48.8	45.8	NA	NA	NA	NA	NA	NA	NA
ENSDART00000110892	b4galnt3b	6	84.2	41.1	NA	NA	NA	NA	NA	NA	NA
ENSDART00000045844	NBL1	5	49.1	43.2	NA	NA	NA	NA	NA	NA	NA
ENSDART00000060181	zgc:114174	1	6.9	6.9	NA	NA	NA	NA	NA	NA	NA
ENSDART00000029930	slc48a1b	58	18.8	16.3	2.5	8.8	24.0	33.5	NA	NA	NA
ENSDART00000018411	dyx1c1	3	20.8	19.3	NA	NA	NA	NA	NA	NA	NA
ENSDART00000033957	UTP20	66	91.6	97.9	24.1	43.8	125.1	164.1	14.05	36.23	1.36661467534
ENSDART00000126092	irs4a	5	23.9	22.6	NA	NA	NA	NA	NA	NA	NA
ENSDART00000099994	hspa8	10749	69.5	62.4	26.8	41.8	91.5	122.7	1906.4	2672.79	0.487495633443
ENSDART00000126097	otx2	20	65.9	44.2	14.8	25.7	101.7	144.2	NA	NA	NA
ENSDART00000099992	C10H11orf63	8	56.9	24.5	NA	NA	NA	NA	NA	NA	NA
ENSDART00000114486	uhrf1bp1	2	86.8	86.8	NA	NA	NA	NA	NA	NA	NA
ENSDART00000039585	klhl36	7	69.9	66.1	NA	NA	NA	NA	NA	NA	NA
ENSDART00000077157	six3b	10	77.6	57.3	7.9	25.0	140.3	165.3	NA	NA	NA
ENSDART00000008152	sgk2b	3	24.0	10.2	NA	NA	NA	NA	NA	NA	NA
ENSDART00000011627	irx7	161	54.3	46.9	2.7	11.9	80.4	131.3	NA	NA	NA
ENSDART00000019325	cyp20a1	24	35.6	23.0	9.1	16.6	40.7	58.6	8.87	6.31	-0.491294099319
ENSDART00000059285	yif1b	47	32.9	24.9	12.4	15.9	41.5	61.7	11.74	17.61	0.584962500721
ENSDART00000014769	chn2	32	39.7	20.2	7.0	9.8	37.9	97.8	NA	NA	NA
ENSDART00000014766	casp8l2	9	91.3	76.8	NA	NA	NA	NA	NA	NA	NA
ENSDART00000014945	hcfc1a	611	66.1	55.4	9.9	26.9	94.5	139.6	39.15	166.37	2.08731109613
ENSDART00000148524	nol12	228	72.7	61.0	16.7	32.0	101.9	152.6	66.26	93.38	0.494975385161
ENSDART00000136640	wwp2	191	70.1	51.7	16.3	27.3	102.5	151.4	7.9	38.86	2.29836134252
ENSDART00000051392	spns3	2	39.7	39.7	NA	NA	NA	NA	NA	NA	NA
ENSDART00000102555	actr2b	20	74.0	68.4	29.5	36.4	87.8	110.3	NA	NA	NA
ENSDART00000127157	hlfa	4	63.1	59.5	NA	NA	NA	NA	NA	NA	NA
ENSDART00000014721	echdc2	4	80.0	46.0	NA	NA	NA	NA	NA	NA	NA
ENSDART00000102552	trmt11	64	50.9	35.7	9.9	15.5	75.0	116.6	11.8	13.6	0.204819791888
ENSDART00000102553	homer3	13	23.7	16.4	10.1	12.9	29.5	40.9	NA	NA	NA
ENSDART00000034690	otud3	29	50.3	34.0	12.7	19.8	68.8	127.9	NA	NA	NA
ENSDART00000064975	rbm18	41	54.9	45.0	11.6	28.9	62.2	97.8	NA	NA	NA
ENSDART00000064974	anxa3b	36	41.4	32.2	14.2	19.2	48.0	78.4	NA	NA	NA
ENSDART00000136865	cfp	1	150.3	150.3	NA	NA	NA	NA	NA	NA	NA
ENSDART00000074272	im:6904045	4	61.1	65.6	NA	NA	NA	NA	NA	NA	NA
ENSDART00000123929	WDR63	2	22.4	22.4	NA	NA	NA	NA	NA	NA	NA
ENSDART00000066583	zgc:112496	22	49.2	28.1	13.5	17.6	48.5	145.8	NA	NA	NA
ENSDART00000126406	FBXL3	1	9.2	9.2	NA	NA	NA	NA	NA	NA	NA
ENSDART00000085201	pmp22b	4	32.2	22.8	NA	NA	NA	NA	NA	NA	NA
ENSDART00000082526	zgc:111976	8	35.8	36.7	NA	NA	NA	NA	NA	NA	NA
ENSDART00000082256	ciao1	70	34.4	20.9	5.7	12.0	39.3	80.0	12.07	16.41	0.443149562759
ENSDART00000124492	zgc:111868	317	33.0	28.0	10.4	17.8	42.8	63.1	41.64	59.74	0.520727169011
ENSDART00000059063	ehd2	5	35.9	21.1	NA	NA	NA	NA	NA	NA	NA
ENSDART00000129598	usp36	115	67.2	45.1	19.8	27.9	92.0	149.4	43.66	16.22	-1.42853831077
ENSDART00000124499	hprt1	99	22.7	16.2	6.4	10.2	27.9	44.6	NA	NA	NA
ENSDART00000103357	vapb	54	42.0	30.2	15.7	19.2	44.4	84.4	NA	NA	NA
ENSDART00000004735	aaas	12	39.9	32.9	13.8	22.8	51.8	83.9	NA	NA	NA
ENSDART00000126802	ccdc43	50	44.6	35.4	11.8	19.4	47.9	84.0	14.95	32.54	1.12206876659
ENSDART00000061585	C9H2orf49	48	58.0	34.3	11.3	21.1	89.7	133.0	NA	NA	NA
ENSDART00000004739	nup50	534	71.3	62.8	20.4	34.2	96.3	135.7	40.23	98.59	1.29316958326
ENSDART00000021620	cldnd	202	18.7	15.6	3.3	8.4	24.4	36.9	35.21	19.7	-0.837789597519
ENSDART00000093122	lrp6	165	70.9	54.1	11.9	26.3	101.6	152.8	45.35	6.09	-2.89658841751
ENSDART00000093123	SMUG1	24	41.9	27.8	7.1	14.8	53.6	104.9	NA	NA	NA
ENSDART00000083784	ubtd1b	14	50.8	34.2	11.8	17.8	70.1	117.9	NA	NA	NA
ENSDART00000015547	cldng	124	19.6	16.6	7.8	11.1	24.8	34.6	38.35	10.01	-1.93778460355
ENSDART00000111987	ATG7	1	6.9	6.9	NA	NA	NA	NA	NA	NA	NA
ENSDART00000123431	iqce	2	190.0	190.0	NA	NA	NA	NA	NA	NA	NA
ENSDART00000074850	tpra	2	110.8	110.8	NA	NA	NA	NA	22.43	13.59	-0.722884164319
ENSDART00000047912	gpkow	77	39.2	24.3	9.3	14.0	45.1	89.9	21.19	40.6	0.9380961397
ENSDART00000026147	sgut1	102	36.2	27.6	13.7	16.3	43.1	61.3	14.86	53.68	1.85295055566
ENSDART00000138578	st13	263	35.9	22.5	7.6	13.3	44.7	83.3	29.16	66.8	1.19585738303
ENSDART00000066053	cbx2	393	57.7	45.4	12.0	25.0	80.9	117.5	63.06	181.64	1.52628486674
ENSDART00000126154	prpf3	8	77.0	41.9	NA	NA	NA	NA	8.37	25.83	1.62574811557
ENSDART00000140882	ispd	12	30.3	18.9	10.6	14.9	28.9	39.3	NA	NA	NA
ENSDART00000059311	siae	3	24.4	24.4	NA	NA	NA	NA	NA	NA	NA
ENSDART00000097731	valopa	1	109.2	109.2	NA	NA	NA	NA	NA	NA	NA
ENSDART00000005067	rbpja	109	47.0	34.1	9.6	15.4	74.7	106.9	NA	NA	NA
ENSDART00000097732	dvl3a	120	59.6	45.5	8.1	18.6	85.3	141.6	24.84	23.92	-0.0544477840224
ENSDART00000055220	rab30	9	50.5	41.5	NA	NA	NA	NA	NA	NA	NA
ENSDART00000055228	psmc3ip	35	56.7	38.7	10.4	17.5	80.2	122.1	27.22	25.73	-0.0812156097702
ENSDART00000125012	casp6l1	3	52.4	23.9	NA	NA	NA	NA	NA	NA	NA
ENSDART00000089882	C1GALT1	1	17.9	17.9	NA	NA	NA	NA	NA	NA	NA
ENSDART00000085524	STRN	60	30.7	24.4	6.7	12.7	39.3	54.1	9.38	8.55	-0.133663502742
ENSDART00000125019	dhcr24	7	46.9	61.5	NA	NA	NA	NA	NA	NA	NA
ENSDART00000099842	HDAC7	1	16.4	16.4	NA	NA	NA	NA	NA	NA	NA
ENSDART00000134255	trim37	14	25.8	18.2	10.0	12.7	30.7	55.6	NA	NA	NA
ENSDART00000045210	mlf2	152	41.2	27.3	7.8	14.1	47.6	105.1	34.38	62.26	0.856736031991
ENSDART00000058628	ccsapb	4	33.4	27.3	NA	NA	NA	NA	NA	NA	NA
ENSDART00000058622	aak1	12	54.7	32.1	19.8	26.4	62.7	125.0	NA	NA	NA
ENSDART00000075184	snx1a	13	43.3	36.1	11.4	19.2	64.0	83.5	NA	NA	NA
ENSDART00000058620	zgc:66432	50	26.2	23.4	9.4	15.0	32.7	44.2	13.41	4.01	-1.74163509545
ENSDART00000135066	myo6a	14	29.2	13.8	4.1	6.0	52.5	73.8	10.97	5.64	-0.959796458004
ENSDART00000130628	p2rx4a	17	43.5	33.0	19.9	27.4	47.5	87.0	NA	NA	NA
ENSDART00000130540	pigv	103	25.8	19.0	5.5	11.7	32.5	52.0	NA	NA	NA
ENSDART00000048493	P4HA1	4	19.3	19.7	NA	NA	NA	NA	NA	NA	NA
ENSDART00000052871	pop7	72	71.9	58.6	17.2	27.5	111.9	157.6	NA	NA	NA
ENSDART00000052703	nucb2b	5	24.3	26.7	NA	NA	NA	NA	NA	NA	NA
ENSDART00000053577	CFI	7	145.2	138.4	NA	NA	NA	NA	NA	NA	NA
ENSDART00000130549	si:dkey-67c22.2	409	61.5	48.4	14.3	24.7	84.3	135.4	122.26	262.7	1.10346372826
ENSDART00000092522	si:ch211-1e14.1	3	15.5	22.8	NA	NA	NA	NA	NA	NA	NA
ENSDART00000092524	rasa3	4	90.5	96.5	NA	NA	NA	NA	NA	NA	NA
ENSDART00000089787	edc4	161	45.8	30.7	8.7	14.5	71.6	108.7	6.91	77.52	3.48781095503
ENSDART00000101550	zgc:173577	3	69.0	57.9	NA	NA	NA	NA	NA	NA	NA
ENSDART00000101556	asap2b	27	68.5	65.2	17.5	42.7	93.1	116.2	NA	NA	NA
ENSDART00000111531	epdl1	1	26.0	26.0	NA	NA	NA	NA	NA	NA	NA
ENSDART00000125174	nr1i2	7	40.1	22.5	NA	NA	NA	NA	NA	NA	NA
ENSDART00000125176	AP1M2	39	40.2	37.5	19.4	25.8	55.7	67.4	6.37	2.41	-1.40226022603
ENSDART00000032460	med21	69	39.7	26.9	7.5	14.0	57.9	89.1	NA	NA	NA
ENSDART00000099601	C13H10orf54	108	54.1	37.3	8.3	17.4	79.1	123.2	NA	NA	NA
ENSDART00000081319	zrsr2	48	72.6	75.4	12.1	29.4	100.1	118.9	8.29	10.15	0.292035720577
ENSDART00000011706	adprhl2	9	55.7	39.1	NA	NA	NA	NA	NA	NA	NA
ENSDART00000109710	ZFAT	13	51.3	26.0	9.7	15.8	65.8	133.7	4.16	3.18	-0.387556762857
ENSDART00000109714	usp53b	4	21.2	18.7	NA	NA	NA	NA	NA	NA	NA
ENSDART00000080294	sall3b	20	52.6	39.2	8.5	11.3	91.5	111.2	NA	NA	NA
ENSDART00000079968	cmasa	9	47.8	49.2	NA	NA	NA	NA	NA	NA	NA
ENSDART00000025229	adi1	102	52.4	42.9	16.3	24.4	71.4	102.9	25.42	53.14	1.06383419749
ENSDART00000111303	CU075695.3	4	33.5	34.9	NA	NA	NA	NA	NA	NA	NA
ENSDART00000025550	top1mt	18	69.5	64.7	21.0	32.5	98.8	121.1	20.62	12.11	-0.767845467674
ENSDART00000129817	zgc:55764	268	78.1	72.0	19.5	35.4	113.1	146.8	NA	NA	NA
ENSDART00000151679	si:ch73-233k15.2	1	29.4	29.4	NA	NA	NA	NA	NA	NA	NA
ENSDART00000025227	picalm	14	68.3	35.9	21.0	25.8	60.5	144.8	NA	NA	NA
ENSDART00000025224	lrba	52	97.3	98.1	56.9	78.2	117.3	132.6	5.01	15.55	1.63403207182
ENSDART00000011890	ZBTB22	4	17.4	16.8	NA	NA	NA	NA	NA	NA	NA
ENSDART00000121722	C11H3orf14	5	50.1	23.8	NA	NA	NA	NA	NA	NA	NA
ENSDART00000076725	acot11a	3	30.9	29.4	NA	NA	NA	NA	NA	NA	NA
ENSDART00000109576	FAAH	4	139.0	127.6	NA	NA	NA	NA	NA	NA	NA
ENSDART00000125632	uggt2	72	40.0	33.3	14.6	19.7	46.6	68.0	6.45	8.53	0.403246581008
ENSDART00000086317	plxna1	30	16.2	15.3	4.1	7.6	23.2	27.7	8.47	4.02	-1.07516646815
ENSDART00000142002	map7d1a	3	88.7	72.3	NA	NA	NA	NA	NA	NA	NA
ENSDART00000040422	bhmt	16	116.1	106.5	61.0	96.6	150.5	179.2	NA	NA	NA
ENSDART00000060542	mrps25	231	69.3	66.8	25.3	45.3	88.6	116.5	79.78	98.36	0.302044611509
ENSDART00000027020	ankrd28b	40	55.1	35.1	11.2	13.4	68.0	146.2	4.27	11.1	1.37825170162
ENSDART00000076200	h1fx	8	52.2	37.7	NA	NA	NA	NA	NA	NA	NA
ENSDART00000101142	chsy3	2	82.8	82.8	NA	NA	NA	NA	NA	NA	NA
ENSDART00000101143	mhc1zea	19	28.5	19.5	6.4	13.5	37.5	59.1	NA	NA	NA
ENSDART00000040032	rtn4ip1	6	60.1	55.6	NA	NA	NA	NA	NA	NA	NA
ENSDART00000042189	pdk2	3	55.8	28.0	NA	NA	NA	NA	NA	NA	NA
ENSDART00000139196	kif1ab	1	13.8	13.8	NA	NA	NA	NA	NA	NA	NA
ENSDART00000115218	lipeb	3	94.8	104.0	NA	NA	NA	NA	NA	NA	NA
ENSDART00000067096	THUMPD1	46	66.5	67.7	12.9	25.8	98.6	130.0	36.74	29.55	-0.314193496046
ENSDART00000067095	nek8	6	18.8	15.6	NA	NA	NA	NA	NA	NA	NA
ENSDART00000138576	zgc:171977	21	52.8	53.9	21.3	35.1	71.3	73.3	NA	NA	NA
ENSDART00000113197	prok1	5	58.9	61.7	NA	NA	NA	NA	NA	NA	NA
ENSDART00000017445	prdm1a	10	78.5	81.0	12.6	45.6	108.9	128.9	NA	NA	NA
ENSDART00000113199	CR942805.1	1	127.0	127.0	NA	NA	NA	NA	NA	NA	NA
ENSDART00000049399	ankrd9	1	57.1	57.1	NA	NA	NA	NA	NA	NA	NA
ENSDART00000127719	KDM6B	445	72.3	60.4	11.2	25.7	111.3	145.8	22.88	42.52	0.894054544753
ENSDART00000110622	AL954137.2	1589	102.3	101.7	52.3	76.6	128.1	154.2	NA	NA	NA
ENSDART00000127710	apooa	17	20.7	12.8	6.4	7.8	25.4	43.7	NA	NA	NA
ENSDART00000127715	tbpl2	41	39.6	25.6	10.1	15.4	52.5	80.7	NA	NA	NA
ENSDART00000127436	zgc:92630	1	38.8	38.8	NA	NA	NA	NA	NA	NA	NA
ENSDART00000114840	zbtb17	53	65.2	54.1	11.3	18.8	108.6	152.2	11.32	7.58	-0.578604204661
ENSDART00000127430	CABZ01086292.1	4	39.8	44.1	NA	NA	NA	NA	NA	NA	NA
ENSDART00000127431	zgc:162936	15	39.1	37.0	15.1	18.4	45.6	72.1	13.44	13.88	0.0464744297995
ENSDART00000075718	ndufaf6	16	50.4	25.9	13.6	16.2	80.6	107.2	NA	NA	NA
ENSDART00000136084	mfhas1	16	92.0	70.9	9.4	17.5	150.8	204.7	NA	NA	NA
ENSDART00000007675	zgc:123105	170	74.2	64.5	11.0	26.5	110.9	157.9	18.21	57.78	1.66583928159
ENSDART00000054843	C1H7orf26	26	57.7	44.2	12.6	21.2	98.0	127.0	NA	NA	NA
ENSDART00000002221	bco2l	1	55.5	55.5	NA	NA	NA	NA	NA	NA	NA
ENSDART00000016314	gfm2	6	12.2	9.9	NA	NA	NA	NA	NA	NA	NA
ENSDART00000016310	banp	12	60.4	42.8	14.0	17.0	97.4	131.1	NA	NA	NA
ENSDART00000011471	dhrs13a.2	316	50.2	39.0	13.6	20.9	65.8	108.4	51.94	89.05	0.777769597311
ENSDART00000054848	pmm2	31	60.9	40.1	14.5	24.2	94.1	131.6	NA	NA	NA
ENSDART00000113224	gna13a	90	63.3	54.9	18.6	31.5	86.6	120.1	NA	NA	NA
ENSDART00000114505	BX005256.2	1	89.3	89.3	NA	NA	NA	NA	NA	NA	NA
ENSDART00000087040	acsf2	101	49.4	47.3	14.8	30.7	64.4	86.3	13.65	82.61	2.59741548034
ENSDART00000130952	CR407588.1	1	197.5	197.5	NA	NA	NA	NA	NA	NA	NA
ENSDART00000087047	rab40c	164	65.0	50.3	12.4	24.1	96.8	135.6	16.18	33.67	1.0572521134
ENSDART00000020333	rae1	157	65.7	50.0	15.6	25.1	95.9	131.3	23.86	86.48	1.85777248004
ENSDART00000114508	hprt1l	16	32.4	17.0	4.4	9.9	22.9	94.5	NA	NA	NA
ENSDART00000113229	cib2	1	35.5	35.5	NA	NA	NA	NA	NA	NA	NA
ENSDART00000134848	si:dkeyp-19e1.3	5	61.0	24.0	NA	NA	NA	NA	NA	NA	NA
ENSDART00000084037	sphk2	22	50.4	31.7	14.6	21.9	73.3	110.8	NA	NA	NA
ENSDART00000121655	dnajb6a	7	109.2	115.0	NA	NA	NA	NA	30.92	72.85	1.23638865303
ENSDART00000093583	COX19	7	50.0	21.4	NA	NA	NA	NA	NA	NA	NA
ENSDART00000140749	DIDO1	30	82.0	49.7	13.5	17.3	120.3	177.2	3.95	8.34	1.07819473038
ENSDART00000110553	ranbp1	4	95.2	106.3	NA	NA	NA	NA	272.91	949.82	1.79922887582
ENSDART00000064387	CABZ01092943.1	5	94.1	58.1	NA	NA	NA	NA	NA	NA	NA
ENSDART00000110550	bcar3	91	69.9	55.3	12.8	24.8	105.3	151.9	NA	NA	NA
ENSDART00000007356	ntla	1294	80.2	69.3	22.0	41.0	112.3	151.5	NA	NA	NA
ENSDART00000150204	atp5e	215	49.1	37.5	12.8	21.2	66.1	108.6	270.97	237.25	-0.191725047554
ENSDART00000150209	tfb2m	15	88.2	71.7	17.2	34.9	108.5	203.5	NA	NA	NA
ENSDART00000127383	stard8	23	69.3	35.7	14.7	18.6	125.9	166.9	6.72	9.27	0.464108105847
ENSDART00000144153	mff	6	90.3	103.8	NA	NA	NA	NA	NA	NA	NA
ENSDART00000115109	zgc:195633	4	18.9	21.7	NA	NA	NA	NA	NA	NA	NA
ENSDART00000115108	soul4	31	38.7	22.6	8.5	15.1	51.0	87.1	NA	NA	NA
ENSDART00000141437	sdc2	95	66.6	54.9	30.5	37.7	85.1	126.5	18.21	66.63	1.87144097129
ENSDART00000144406	ercc5	0	NA	NA	NA	NA	NA	NA	8.45	2.68	-1.65671834071
ENSDART00000112431	zgc:174680	5	84.4	26.6	NA	NA	NA	NA	NA	NA	NA
ENSDART00000063643	rmnd5b	127	40.2	28.2	9.1	13.8	53.0	100.7	22.24	58.63	1.39848226867
ENSDART00000063644	dph3	18	63.1	55.0	17.3	34.6	82.0	112.7	NA	NA	NA
ENSDART00000063648	nck2b	14	58.3	54.0	16.6	23.1	74.8	113.1	NA	NA	NA
ENSDART00000019667	rnf114	122	23.5	19.5	6.6	11.5	26.6	44.8	NA	NA	NA
ENSDART00000137681	nudt4a	27	46.4	25.5	7.7	15.1	60.3	114.6	NA	NA	NA
ENSDART00000105711	sh3bp4a	47	60.5	49.8	11.7	25.2	86.0	119.2	NA	NA	NA
ENSDART00000084780	rnf121	48	50.7	34.6	15.0	19.1	55.3	101.4	NA	NA	NA
ENSDART00000137689	hnrnpm	1293	87.0	77.6	32.3	52.6	115.2	152.7	245.92	534.11	1.11894782554
ENSDART00000009256	brd9	66	78.1	56.7	16.2	22.1	127.3	157.9	33.11	23.05	-0.52250026008
ENSDART00000110883	akap12b	2029	48.7	38.6	8.8	16.6	69.9	105.8	NA	NA	NA
ENSDART00000110882	dido1	171	78.9	69.5	11.7	30.4	122.7	158.8	39.0	67.15	0.783913275678
ENSDART00000045985	phkg1a	1	117.9	117.9	NA	NA	NA	NA	NA	NA	NA
ENSDART00000134811	si:dkey-261h17.1	7	160.0	138.3	NA	NA	NA	NA	NA	NA	NA
ENSDART00000122099	dynll2a	862	73.2	67.9	21.8	38.6	100.1	132.8	130.56	563.86	2.11062403996
ENSDART00000122098	rhogc	169	36.4	24.7	8.2	13.2	42.0	85.2	23.64	37.24	0.655623037381
ENSDART00000040171	qrich1	334	65.9	50.8	15.7	25.1	95.2	138.3	29.88	137.23	2.19934385189
ENSDART00000015377	rnaseh2b	28	65.2	55.3	27.5	37.9	79.7	122.5	12.06	13.88	0.202777660678
ENSDART00000064017	rapgef1a	5	51.0	47.5	NA	NA	NA	NA	NA	NA	NA
ENSDART00000060049	hspa13	1	3.1	3.1	NA	NA	NA	NA	NA	NA	NA
ENSDART00000124273	kif20a	335	81.6	71.1	16.3	33.5	121.4	164.4	23.47	86.09	1.87502782563
ENSDART00000085786	znf346	357	91.6	91.1	41.4	63.3	120.9	140.9	NA	NA	NA
ENSDART00000114778	amot	18	29.0	16.2	3.1	12.6	40.7	66.7	NA	NA	NA
ENSDART00000011780	xab2	172	63.1	51.2	15.5	28.7	90.4	126.1	14.68	64.84	2.14303212267
ENSDART00000082668	C5H2orf68	37	66.8	51.3	8.9	23.2	109.2	146.3	NA	NA	NA
ENSDART00000075400	eif3jb	117	58.4	52.7	28.0	34.7	68.9	91.9	66.53	38.95	-0.772381705433
ENSDART00000030691	clic4	83	68.0	52.0	8.4	29.6	105.7	144.1	NA	NA	NA
ENSDART00000137357	zgc:175214	4	93.2	88.7	NA	NA	NA	NA	NA	NA	NA
ENSDART00000012877	ero1l	1	21.1	21.1	NA	NA	NA	NA	NA	NA	NA
ENSDART00000065499	CLDN10	1	47.4	47.4	NA	NA	NA	NA	NA	NA	NA
ENSDART00000023040	hes6	652	76.6	66.1	12.8	27.0	113.8	157.8	NA	NA	NA
ENSDART00000081445	ubox5	3	94.6	73.8	NA	NA	NA	NA	NA	NA	NA
ENSDART00000081446	zgc:123008	27	49.4	42.2	14.1	20.5	61.0	91.4	NA	NA	NA
ENSDART00000137230	pde11a	2	11.3	11.3	NA	NA	NA	NA	NA	NA	NA
ENSDART00000081442	fubp1	1590	93.7	94.9	27.1	57.7	123.1	151.5	92.37	867.39	3.23118453748
ENSDART00000026567	foxn1	1	24.7	24.7	NA	NA	NA	NA	NA	NA	NA
ENSDART00000051236	mink1	25	29.0	29.3	-4.9	12.6	42.2	58.8	2.98	5.01	0.749498272733
ENSDART00000026569	gpc4	451	60.1	49.3	7.5	16.5	96.5	130.4	21.14	137.43	2.70064968686
ENSDART00000051234	tnika	17	38.9	38.4	18.2	26.6	48.5	63.8	NA	NA	NA
ENSDART00000122670	ufsp2	13	22.2	20.1	8.6	16.4	30.3	34.8	NA	NA	NA
ENSDART00000081448	osbpl2b	14	24.1	9.9	4.6	6.6	14.7	75.6	NA	NA	NA
ENSDART00000051231	gnb2	1	5.0	5.0	NA	NA	NA	NA	NA	NA	NA
ENSDART00000015154	papolg	160	45.5	22.3	7.3	12.5	47.0	130.1	20.52	110.56	2.42972688478
ENSDART00000047552	sptlc3	39	69.7	68.8	13.3	29.7	101.2	124.4	13.47	21.9	0.701181019026
ENSDART00000111362	slc37a4b	1	1.0	1.0	NA	NA	NA	NA	NA	NA	NA
ENSDART00000015159	tns1	5	21.2	16.9	NA	NA	NA	NA	NA	NA	NA
ENSDART00000090292	ctnnd2b	4	107.6	123.2	NA	NA	NA	NA	NA	NA	NA
ENSDART00000123916	eif4e2	36	38.1	31.6	14.4	22.4	45.0	61.0	NA	NA	NA
ENSDART00000104043	dkk3b	19	69.3	48.8	21.7	42.3	84.6	144.6	NA	NA	NA
ENSDART00000146370	slc7a1	2	49.1	49.1	NA	NA	NA	NA	NA	NA	NA
ENSDART00000082066	atpv0e2	3	14.3	12.3	NA	NA	NA	NA	NA	NA	NA
ENSDART00000103010	sft2d3	142	42.9	34.8	11.6	17.4	61.4	82.1	NA	NA	NA
ENSDART00000099389	DNLZ	14	45.4	23.5	7.5	14.6	79.6	107.7	NA	NA	NA
ENSDART00000082063	fam114a1	30	22.3	21.3	7.8	13.0	34.4	38.3	8.37	8.06	-0.0544477840224
ENSDART00000088006	kcng3	2	11.5	11.5	NA	NA	NA	NA	NA	NA	NA
ENSDART00000085565	CAPN15	83	51.4	32.6	4.5	10.7	71.5	140.0	8.28	9.47	0.193733657969
ENSDART00000088004	sorbs2b	4	81.3	47.5	NA	NA	NA	NA	NA	NA	NA
ENSDART00000089279	CLCN2	1	29.7	29.7	NA	NA	NA	NA	NA	NA	NA
ENSDART00000108972	SYCN	2	58.6	58.6	NA	NA	NA	NA	NA	NA	NA
ENSDART00000112375	BX537138.1	388	62.2	61.6	21.9	38.6	80.4	104.8	11.5	34.34	1.57825617817
ENSDART00000112377	CR847510.1	8	78.5	103.2	NA	NA	NA	NA	NA	NA	NA
ENSDART00000108978	CCDC61	4	26.7	23.6	NA	NA	NA	NA	NA	NA	NA
ENSDART00000111938	elmod2	85	57.2	46.8	11.9	23.6	68.6	123.7	NA	NA	NA
ENSDART00000152528	r3hcc1l	131	55.4	43.7	20.0	28.7	67.4	111.5	24.09	46.76	0.956840536293
ENSDART00000152529	lrrc18b	3	29.5	32.1	NA	NA	NA	NA	NA	NA	NA
ENSDART00000046983	PDXK	30	19.0	15.1	4.5	9.7	25.8	32.6	NA	NA	NA
ENSDART00000101709	HBZ	6	47.9	35.2	NA	NA	NA	NA	NA	NA	NA
ENSDART00000112010	lzts2b	6	28.3	29.3	NA	NA	NA	NA	NA	NA	NA
ENSDART00000152521	ca15b	40	31.2	22.2	9.3	16.3	40.7	70.1	NA	NA	NA
ENSDART00000112014	mplkip	957	46.9	38.7	12.3	20.9	66.2	94.2	NA	NA	NA
ENSDART00000065949	top1l	1098	81.2	80.4	27.4	51.7	105.6	133.9	231.29	750.41	1.69797616211
ENSDART00000106654	znf711	43	56.3	26.0	6.4	11.6	77.0	151.0	NA	NA	NA
ENSDART00000103945	FGD5	5	30.6	21.2	NA	NA	NA	NA	NA	NA	NA
ENSDART00000025013	kptn	14	68.6	53.4	23.6	42.8	111.3	114.7	NA	NA	NA
ENSDART00000032123	TSHZ3	26	38.9	26.0	9.2	12.1	43.6	93.1	NA	NA	NA
ENSDART00000002465	msh2	42	35.7	30.6	12.0	18.5	43.2	73.2	33.17	30.83	-0.105544122681
ENSDART00000083330	lrrc8c	342	48.5	37.5	8.8	18.0	67.5	101.5	NA	NA	NA
ENSDART00000153136	psme4b	86	43.3	35.8	8.4	18.0	56.5	80.2	4.08	18.11	2.15014548898
ENSDART00000060426	fam173a	18	29.4	23.9	9.6	13.0	27.7	60.1	NA	NA	NA
ENSDART00000066269	arl4d	149	67.0	51.9	9.0	21.8	90.5	134.9	29.77	42.85	0.525435982762
ENSDART00000018758	METRNL	18	36.7	26.7	4.4	13.6	49.9	75.1	NA	NA	NA
ENSDART00000036597	plekhf1	102	42.9	22.9	2.0	7.3	77.4	110.4	NA	NA	NA
ENSDART00000112067	hmcn2	10	42.9	25.4	14.0	22.2	42.8	78.1	NA	NA	NA
ENSDART00000084495	arhgap24	7	57.3	27.7	NA	NA	NA	NA	NA	NA	NA
ENSDART00000092953	cnot7	4	71.7	70.2	NA	NA	NA	NA	NA	NA	NA
ENSDART00000142275	triqk	64	57.8	56.2	24.8	40.8	72.1	94.2	NA	NA	NA
ENSDART00000114908	CR762436.4	43	7.6	-3.9	-8.0	-6.7	4.5	36.7	NA	NA	NA
ENSDART00000142270	ccdc79	2	58.5	58.5	NA	NA	NA	NA	NA	NA	NA
ENSDART00000041402	pfkfb3	5	65.1	24.9	NA	NA	NA	NA	NA	NA	NA
ENSDART00000065169	siah2l	16	73.7	57.2	17.7	42.9	103.5	122.2	NA	NA	NA
ENSDART00000018071	eif3g	147	80.9	75.8	26.1	48.1	111.7	136.6	143.14	217.69	0.604848251368
ENSDART00000033774	edem2	8	31.8	17.6	NA	NA	NA	NA	NA	NA	NA
ENSDART00000073676	isca1	23	52.0	47.0	17.7	21.0	74.3	97.8	NA	NA	NA
ENSDART00000009298	tmem248	27	52.5	32.1	10.1	16.2	53.3	124.8	NA	NA	NA
ENSDART00000102843	src	47	18.7	16.6	4.6	9.4	26.3	33.1	NA	NA	NA
ENSDART00000004075	MNF1	18	100.3	96.9	19.9	55.0	141.9	155.0	NA	NA	NA
ENSDART00000098833	nfkbie	29	49.1	44.1	31.0	34.1	52.5	72.3	NA	NA	NA
ENSDART00000084361	KCNB1	4	47.3	50.6	NA	NA	NA	NA	NA	NA	NA
ENSDART00000032877	ino80e	12	49.4	37.8	11.7	18.5	57.2	133.3	NA	NA	NA
ENSDART00000055890	ZNF385C	3	57.0	70.2	NA	NA	NA	NA	NA	NA	NA
ENSDART00000098834	prpf4ba	129	61.4	50.5	12.6	24.1	80.0	128.7	16.12	56.99	1.82185704881
ENSDART00000001201	bysl	179	74.0	69.9	21.7	38.6	106.2	130.9	88.74	83.47	-0.0883267822552
ENSDART00000073397	NFATC3	13	31.1	18.0	3.6	14.8	31.4	71.2	NA	NA	NA
ENSDART00000130229	wdr45	43	71.0	60.8	18.7	29.0	101.8	131.6	NA	NA	NA
ENSDART00000088315	CR382363.1	13	29.3	19.4	8.1	15.2	41.4	66.8	NA	NA	NA
ENSDART00000138019	piwil1	37	42.9	31.5	11.2	21.1	58.0	68.7	NA	NA	NA
ENSDART00000027213	inaa	31	86.2	80.1	38.7	63.3	105.7	148.5	NA	NA	NA
ENSDART00000097388	napg	8	57.6	40.4	NA	NA	NA	NA	NA	NA	NA
ENSDART00000027214	slc25a25a	35	26.9	19.6	3.1	12.4	34.5	55.6	NA	NA	NA
ENSDART00000027217	CWC15	657	58.7	44.5	11.3	21.0	90.6	128.4	143.18	240.4	0.74760691124
ENSDART00000128326	sppl2	37	32.5	26.8	13.6	16.9	38.6	63.5	NA	NA	NA
ENSDART00000020538	cyp2aa9	62	77.9	72.0	16.7	33.1	106.6	155.4	NA	NA	NA
ENSDART00000097386	ftr76	2	87.9	87.9	NA	NA	NA	NA	NA	NA	NA
ENSDART00000005479	chm	80	34.4	32.3	11.4	20.6	45.6	58.0	6.37	50.44	2.98520299807
ENSDART00000097381	zgc:154075	4	62.8	52.9	NA	NA	NA	NA	NA	NA	NA
ENSDART00000062348	mrps24	58	68.4	54.6	20.1	41.1	94.8	109.5	NA	NA	NA
ENSDART00000062343	hipk2	6	28.9	29.1	NA	NA	NA	NA	NA	NA	NA
ENSDART00000053860	fam154b	1	15.2	15.2	NA	NA	NA	NA	NA	NA	NA
ENSDART00000077119	bcat2	279	62.9	49.2	15.1	26.0	86.5	125.9	NA	NA	NA
ENSDART00000127945	egr2a	1	14.9	14.9	NA	NA	NA	NA	NA	NA	NA
ENSDART00000131579	ptprdb	3	35.3	30.0	NA	NA	NA	NA	NA	NA	NA
ENSDART00000127940	abi1b	38	54.4	40.1	9.5	17.6	92.8	120.4	NA	NA	NA
ENSDART00000053642	ensaa	3	62.9	72.6	NA	NA	NA	NA	NA	NA	NA
ENSDART00000077113	mta2	294	67.2	60.9	18.9	35.0	90.8	124.8	21.63	144.35	2.73846553716
ENSDART00000053868	aldh9a1b	62	46.7	41.5	17.5	25.4	54.3	83.3	13.02	14.92	0.19651808709
ENSDART00000077117	TP53BP2	8	58.3	47.8	NA	NA	NA	NA	NA	NA	NA
ENSDART00000127948	mob1a	2	29.4	29.4	NA	NA	NA	NA	NA	NA	NA
ENSDART00000088968	ube3b	68	78.1	71.2	18.9	37.3	111.0	150.6	NA	NA	NA
ENSDART00000109944	E2F1	30	46.1	27.8	7.0	16.8	67.7	106.5	NA	NA	NA
ENSDART00000109942	mctp2b	121	31.2	27.4	10.3	18.9	41.5	53.7	11.15	42.7	1.9371923597
ENSDART00000057288	zgc:77439	5	29.3	20.9	NA	NA	NA	NA	NA	NA	NA
ENSDART00000057986	zgc:100864	169	118.5	121.5	64.6	90.3	142.1	173.6	NA	NA	NA
ENSDART00000022874	psma6a	255	59.8	49.0	24.1	35.6	71.6	109.8	85.92	175.32	1.02892468554
ENSDART00000109948	qser1	9	69.2	68.1	NA	NA	NA	NA	NA	NA	NA
ENSDART00000054077	tpbgb	7	37.0	36.4	NA	NA	NA	NA	NA	NA	NA
ENSDART00000033617	stil	52	79.0	78.2	4.4	15.4	132.0	148.8	3.51	9.24	1.39642182111
ENSDART00000133599	eif4enif1	59	39.8	30.9	1.4	10.7	72.5	86.8	12.64	40.2	1.66919903789
ENSDART00000054071	FAM46A	1	17.1	17.1	NA	NA	NA	NA	NA	NA	NA
ENSDART00000020654	psmd4b	65	88.5	89.0	32.5	59.0	116.4	148.2	NA	NA	NA
ENSDART00000133597	slc12a1	7	170.1	175.4	NA	NA	NA	NA	NA	NA	NA
ENSDART00000113764	zgc:174888	10	73.9	57.9	2.0	25.4	101.7	155.3	NA	NA	NA
ENSDART00000133593	swt1	15	74.5	59.4	17.9	37.7	110.7	139.3	4.36	3.35	-0.380167039432
ENSDART00000121468	phf20b	13	51.6	41.0	14.0	18.6	70.4	111.4	NA	NA	NA
ENSDART00000005299	hsd17b12a	574	91.6	95.8	25.8	57.5	123.3	148.0	66.21	310.1	2.2276124905
ENSDART00000145502	insb	80	94.7	94.5	50.1	75.4	115.3	130.2	NA	NA	NA
ENSDART00000012419	actr5	40	69.3	39.8	9.6	20.8	113.0	147.1	8.91	9.23	0.0509052161239
ENSDART00000124141	CABZ01085085.1	10	18.4	12.9	6.3	10.0	15.4	24.5	NA	NA	NA
ENSDART00000124140	zgc:101566	7	65.8	60.9	NA	NA	NA	NA	NA	NA	NA
ENSDART00000024320	ybx1	2991	90.9	88.5	48.7	67.8	112.1	137.9	1429.75	1804.25	0.335636349222
ENSDART00000024647	dennd6b	74	59.8	26.7	9.7	14.0	86.2	173.6	NA	NA	NA
ENSDART00000142492	eno1b	3	43.2	35.1	NA	NA	NA	NA	NA	NA	NA
ENSDART00000088961	edem1	185	35.8	27.5	11.3	17.4	46.6	72.8	8.06	16.24	1.01069988866
ENSDART00000029588	kng1	1	18.4	18.4	NA	NA	NA	NA	NA	NA	NA
ENSDART00000128815	stra13	1	-2.5	-2.5	NA	NA	NA	NA	NA	NA	NA
ENSDART00000006923	atp5s	10	20.2	23.0	5.3	9.2	28.1	31.4	NA	NA	NA
ENSDART00000006927	use1	10	40.3	28.3	8.7	20.7	42.7	58.9	NA	NA	NA
ENSDART00000078936	her9	8	79.1	73.9	NA	NA	NA	NA	NA	NA	NA
ENSDART00000004120	adamts18	40	96.2	82.7	17.5	45.9	135.8	206.1	NA	NA	NA
ENSDART00000145728	sdhc	41	41.5	36.3	5.1	14.1	61.8	77.7	NA	NA	NA
ENSDART00000128799	gid8a	82	54.3	42.6	7.4	19.1	79.3	128.7	NA	NA	NA
ENSDART00000058260	gstal	13	58.9	57.8	16.3	45.3	72.9	97.1	NA	NA	NA
ENSDART00000057185	map3k9	1	6.8	6.8	NA	NA	NA	NA	NA	NA	NA
ENSDART00000130482	tmed9	202	47.8	31.2	11.6	17.9	67.1	104.6	18.37	111.35	2.59967802656
ENSDART00000013007	degs1	240	62.9	56.9	15.1	33.5	90.8	112.9	NA	NA	NA
ENSDART00000145057	tsc1b	53	35.5	27.9	14.3	18.7	35.6	55.4	6.21	1.33	-2.22316702272
ENSDART00000146434	zgc:153115	694	59.4	46.8	12.0	24.3	84.8	131.4	NA	NA	NA
ENSDART00000002029	fkbp8	24	58.6	39.5	11.4	18.2	74.7	152.7	NA	NA	NA
ENSDART00000145859	SLC25A23	2	70.0	70.0	NA	NA	NA	NA	NA	NA	NA
ENSDART00000005359	def6a	10	104.7	103.8	23.6	43.3	153.6	186.8	NA	NA	NA
ENSDART00000076574	rtn1a	8	57.8	52.1	NA	NA	NA	NA	NA	NA	NA
ENSDART00000079226	cpeb4	137	82.5	69.4	15.1	23.3	127.8	178.4	13.59	37.88	1.4788908747
ENSDART00000081385	ccdc172	6	28.9	15.6	NA	NA	NA	NA	NA	NA	NA
ENSDART00000080051	CR848745.1	1	28.0	28.0	NA	NA	NA	NA	NA	NA	NA
ENSDART00000014153	cyb5r3	41	31.8	29.6	12.2	20.2	37.8	53.2	NA	NA	NA
ENSDART00000098499	dck	4	76.5	62.1	NA	NA	NA	NA	NA	NA	NA
ENSDART00000046077	adssl1	49	131.1	137.2	39.0	99.2	171.3	196.1	NA	NA	NA
ENSDART00000007030	klhl42	9	55.5	30.9	NA	NA	NA	NA	NA	NA	NA
ENSDART00000122845	CABZ01115256.1	9	13.4	9.9	NA	NA	NA	NA	NA	NA	NA
ENSDART00000122841	CR954963.1	84	46.5	35.1	6.9	14.4	60.0	111.0	22.47	22.58	0.00704536159309
ENSDART00000128282	C11H9orf89	5	59.9	54.9	NA	NA	NA	NA	NA	NA	NA
ENSDART00000131681	asnsd1	75	42.3	29.2	9.0	16.9	59.4	91.4	38.93	9.61	-2.01827400857
ENSDART00000134064	mxd1	7	92.9	103.5	NA	NA	NA	NA	NA	NA	NA
ENSDART00000128530	snrpa1	422	62.4	46.4	16.4	25.2	86.7	138.8	355.86	543.77	0.611686781896
ENSDART00000134066	TDRD15	62	74.5	67.4	34.1	50.1	88.3	99.4	6.44	9.84	0.611597627225
ENSDART00000125815	krr1	274	74.1	67.5	23.2	42.0	97.4	136.0	78.33	186.58	1.25215748472
ENSDART00000109367	si:ch73-70k4.1	6	26.1	19.8	NA	NA	NA	NA	NA	NA	NA
ENSDART00000097374	rasa4	6	45.0	32.7	NA	NA	NA	NA	NA	NA	NA
ENSDART00000082409	rpn1	350	42.7	33.6	14.4	21.9	51.9	80.8	54.84	93.02	0.762312368745
ENSDART00000067392	C4H12orf5	1	13.5	13.5	NA	NA	NA	NA	NA	NA	NA
ENSDART00000057867	sfxn3	27	44.3	20.4	2.9	9.5	77.3	102.8	NA	NA	NA
ENSDART00000063437	adam17a	47	39.0	29.5	12.9	19.7	47.3	60.2	NA	NA	NA
ENSDART00000067397	ndufaf7	7	53.4	44.3	NA	NA	NA	NA	NA	NA	NA
ENSDART00000151420	glrx2	9	72.0	61.3	NA	NA	NA	NA	NA	NA	NA
ENSDART00000130819	ppox	9	58.6	43.5	NA	NA	NA	NA	NA	NA	NA
ENSDART00000151426	si:ch73-91k6.2	66	68.7	62.1	16.2	31.3	102.2	131.8	NA	NA	NA
ENSDART00000055859	pold1	104	43.8	30.5	11.2	18.1	48.6	106.2	21.65	21.09	-0.0378079298204
ENSDART00000130810	atpaf1	126	68.3	64.3	17.0	30.8	102.2	124.1	22.32	31.66	0.504324228308
ENSDART00000076103	bc2	121	58.5	54.1	17.6	32.8	74.5	108.8	37.71	162.92	2.11114466386
ENSDART00000130815	E2F3	292	77.3	71.0	15.7	32.4	106.9	152.9	12.01	97.7	3.02412241115
ENSDART00000047377	crata	19	19.7	20.9	5.4	10.8	23.2	33.7	NA	NA	NA
ENSDART00000132084	si:ch211-127i16.2	4	50.9	26.8	NA	NA	NA	NA	NA	NA	NA
ENSDART00000132087	pogzb	149	82.1	67.7	22.4	40.8	123.2	151.3	NA	NA	NA
ENSDART00000026020	wdr54	1	6.1	6.1	NA	NA	NA	NA	NA	NA	NA
ENSDART00000103124	p4hb	1016	57.9	51.9	23.6	37.0	71.8	96.5	130.41	807.46	2.63033629182
ENSDART00000043466	BX901915.1	1	13.9	13.9	NA	NA	NA	NA	NA	NA	NA
ENSDART00000022498	tti1	30	65.0	55.1	16.0	24.6	100.0	126.1	NA	NA	NA
ENSDART00000090731	dhx37	37	63.7	53.5	18.2	31.7	84.7	113.0	16.44	12.63	-0.380355659894
ENSDART00000080014	rps8b	6	121.3	120.5	NA	NA	NA	NA	NA	NA	NA
ENSDART00000090739	NARS2	2	14.1	14.1	NA	NA	NA	NA	NA	NA	NA
ENSDART00000080016	ppp3ccb	76	44.1	30.2	9.9	20.7	59.0	93.3	NA	NA	NA
ENSDART00000144890	bokb	12	45.3	36.1	16.2	20.0	51.3	67.6	NA	NA	NA
ENSDART00000144232	ficd	5	81.6	22.9	NA	NA	NA	NA	NA	NA	NA
ENSDART00000101085	morc3a	4	83.1	80.7	NA	NA	NA	NA	NA	NA	NA
ENSDART00000033325	SLC25A24	35	41.5	33.2	11.3	19.9	59.8	89.4	NA	NA	NA
ENSDART00000003195	chmp4c	25	30.8	24.3	9.2	12.7	43.1	50.3	NA	NA	NA
ENSDART00000115354	si:dkey-188i13.10	3	29.1	33.5	NA	NA	NA	NA	NA	NA	NA
ENSDART00000016780	gspt1l	832	48.3	37.4	11.8	21.3	65.4	101.4	179.82	461.66	1.36027724746
ENSDART00000103957	exoc3l1	2	81.1	81.1	NA	NA	NA	NA	NA	NA	NA
ENSDART00000145946	pax6b	1	58.5	58.5	NA	NA	NA	NA	NA	NA	NA
ENSDART00000148724	slc1a2b	1	73.0	73.0	NA	NA	NA	NA	NA	NA	NA
ENSDART00000000566	gtf2e1	105	55.6	42.6	15.0	25.0	78.0	105.8	9.74	43.17	2.14803541538
ENSDART00000019245	ARHGAP42	1	12.5	12.5	NA	NA	NA	NA	NA	NA	NA
ENSDART00000108703	tegt	317	77.0	70.8	30.8	45.1	91.9	134.6	42.39	77.56	0.871588837052
ENSDART00000100286	fgfr4	153	48.5	34.1	3.2	10.1	69.0	130.3	NA	NA	NA
ENSDART00000124854	SHROOM3	7	67.9	57.1	NA	NA	NA	NA	NA	NA	NA
ENSDART00000026794	nt5dc1	4	22.3	23.5	NA	NA	NA	NA	NA	NA	NA
ENSDART00000141241	gb:ai877918	2	45.2	45.2	NA	NA	NA	NA	NA	NA	NA
ENSDART00000046179	mafg2	3	45.4	21.8	NA	NA	NA	NA	NA	NA	NA
ENSDART00000064376	sod1	138	33.2	22.5	9.8	16.9	33.2	70.9	43.47	15.15	-1.52070230192
ENSDART00000064375	tmem244	2	46.2	46.2	NA	NA	NA	NA	NA	NA	NA
ENSDART00000034054	nus1	26	27.4	19.2	7.1	12.2	44.8	59.1	NA	NA	NA
ENSDART00000150778	si:dkeyp-98a7.8	1	36.7	36.7	NA	NA	NA	NA	NA	NA	NA
ENSDART00000051003	cdk7	73	64.8	52.2	14.0	22.8	102.7	131.3	21.45	45.77	1.09342464421
ENSDART00000101887	ostm1	14	52.3	41.9	17.6	26.5	67.3	108.2	NA	NA	NA
ENSDART00000006748	yipf1	13	43.8	27.4	8.3	12.7	65.6	97.8	NA	NA	NA
ENSDART00000078066	spire1a	16	32.6	22.3	8.7	17.4	44.1	56.5	NA	NA	NA
ENSDART00000054981	zgc:112980	183	47.4	22.5	8.8	13.6	76.0	122.8	29.8	90.94	1.6096026734
ENSDART00000078062	C20H6orf211	20	28.5	16.8	9.4	11.1	25.8	66.3	NA	NA	NA
ENSDART00000017941	tprb	318	59.0	48.2	18.0	30.5	71.2	111.1	56.35	63.83	0.179819037396
ENSDART00000078324	nipa1	5	-0.8	-0.5	NA	NA	NA	NA	NA	NA	NA
ENSDART00000103486	TNRC18	14	124.8	143.9	36.6	87.3	178.5	188.9	18.6	7.87	-1.24086708049
ENSDART00000027772	pcyt1ab	40	23.9	20.5	7.7	13.0	36.6	39.3	NA	NA	NA
ENSDART00000081599	ptpn11a	142	53.6	45.7	19.2	30.0	71.5	96.6	54.81	93.8	0.775148788054
ENSDART00000103489	APITD1	66	77.5	74.8	20.4	40.8	109.1	135.8	NA	NA	NA
ENSDART00000011645	coro2a	31	61.1	42.4	8.3	21.2	90.6	132.0	NA	NA	NA
ENSDART00000029580	fth1b	1	111.6	111.6	NA	NA	NA	NA	NA	NA	NA
ENSDART00000130057	rps6ka3b	20	35.8	28.7	8.6	16.1	56.5	66.0	NA	NA	NA
ENSDART00000000744	sypl2b	14	57.6	49.2	22.5	36.6	61.4	116.1	NA	NA	NA
ENSDART00000030738	lmf2b	62	37.1	27.8	13.1	18.2	41.7	64.2	10.55	8.21	-0.361788871817
ENSDART00000019248	tmem110	23	29.3	22.9	11.0	15.6	40.3	56.7	NA	NA	NA
ENSDART00000075876	dclre1a	19	42.6	36.4	12.2	16.9	58.4	73.9	4.91	1.96	-1.3248693702
ENSDART00000037501	fam50a	161	78.1	71.5	22.4	40.6	108.2	128.7	97.68	103.95	0.0897546527583
ENSDART00000051005	thbs4a	1	40.6	40.6	NA	NA	NA	NA	NA	NA	NA
ENSDART00000081272	gcn1l1	163	84.1	71.5	29.8	47.2	104.2	164.1	12.32	28.4	1.2048886737
ENSDART00000122465	GGT7	97	34.6	29.4	10.0	17.4	41.4	64.6	24.53	13.37	-0.875547768464
ENSDART00000149221	grhl2b	3	54.2	48.0	NA	NA	NA	NA	NA	NA	NA
ENSDART00000081275	slain1b	3	64.3	62.1	NA	NA	NA	NA	NA	NA	NA
ENSDART00000075080	prpf38b	179	57.2	41.3	16.8	26.8	70.8	129.8	64.23	56.47	-0.185762665125
ENSDART00000060251	wdr18	181	36.3	28.3	6.6	13.9	44.1	72.7	27.69	77.43	1.48352758845
ENSDART00000113789	zgc:198419	9	23.7	20.6	NA	NA	NA	NA	47.63	6.07	-2.97210212711
ENSDART00000003425	irf2bp2b	17	78.8	86.1	7.0	55.9	107.9	123.4	NA	NA	NA
ENSDART00000126566	SLC22A23	10	38.4	27.4	14.6	18.2	47.5	73.1	NA	NA	NA
ENSDART00000126564	fbxo30b	62	48.7	29.1	5.8	9.7	74.8	110.3	NA	NA	NA
ENSDART00000080904	sardh	33	39.0	35.2	17.0	23.1	49.1	66.1	4.18	9.58	1.19652271366
ENSDART00000136334	si:ch211-250e5.16	13	23.6	16.2	8.9	11.1	33.6	49.9	NA	NA	NA
ENSDART00000078497	slc4a1b	2	9.5	9.5	NA	NA	NA	NA	NA	NA	NA
ENSDART00000008176	vox	499	44.0	29.3	7.3	13.5	61.8	104.5	NA	NA	NA
ENSDART00000078494	l3mbtl2	81	68.2	39.5	15.9	22.6	86.4	156.9	13.31	12.87	-0.0484985176912
ENSDART00000146493	zeb1a	218	72.9	64.1	12.2	29.8	109.6	147.5	14.62	47.29	1.69359183051
ENSDART00000008170	RFFL	15	56.4	37.3	12.5	17.9	100.5	122.0	NA	NA	NA
ENSDART00000124705	histh1l	235	63.3	59.3	12.6	25.8	90.0	122.5	NA	NA	NA
ENSDART00000124704	mb21d2b	3	66.9	67.0	NA	NA	NA	NA	NA	NA	NA
ENSDART00000015554	ubiad1	72	66.8	51.8	11.7	18.3	107.6	125.5	11.3	4.78	-1.24124024932
ENSDART00000124701	CABZ01088691.2	1	45.9	45.9	NA	NA	NA	NA	NA	NA	NA
ENSDART00000087196	C3H17orf75	3	119.1	25.3	NA	NA	NA	NA	NA	NA	NA
ENSDART00000093046	uba5	74	33.0	30.0	12.0	18.3	42.3	59.0	39.14	35.75	-0.130700514074
ENSDART00000059261	dusp19	1	26.0	26.0	NA	NA	NA	NA	NA	NA	NA
ENSDART00000050603	hadh	34	36.4	38.2	9.6	19.9	46.9	62.9	NA	NA	NA
ENSDART00000100022	zgc:101846	640	80.5	75.9	27.1	51.5	105.8	137.8	190.73	439.14	1.2031491678
ENSDART00000042486	C14H4orf29	59	21.4	16.9	5.3	10.5	24.0	37.0	11.99	7.36	-0.704053987357
ENSDART00000061076	cav1	1	118.0	118.0	NA	NA	NA	NA	NA	NA	NA
ENSDART00000140266	mfn2	48	63.8	37.5	11.6	21.2	86.7	142.5	NA	NA	NA
ENSDART00000100757	oxa1l	31	46.7	42.4	6.1	15.4	72.6	86.7	9.66	10.13	0.0685390799654
ENSDART00000131051	ifnlr1	34	28.5	21.0	6.7	11.5	35.9	55.9	NA	NA	NA
ENSDART00000081059	rps6kb1b	172	61.8	48.1	16.2	24.0	87.8	129.9	28.69	55.69	0.956870324528
ENSDART00000127177	MRPL52	24	62.4	58.6	25.5	39.5	75.7	99.9	NA	NA	NA
ENSDART00000102530	kdm2bb	16	57.3	29.2	13.6	19.8	85.0	112.2	NA	NA	NA
ENSDART00000082886	RECQL5	38	52.4	31.8	14.3	24.5	56.3	95.9	10.17	5.09	-0.998582117782
ENSDART00000102538	pitx3	1	11.3	11.3	NA	NA	NA	NA	NA	NA	NA
ENSDART00000060702	rmdn3	9	68.9	21.6	NA	NA	NA	NA	NA	NA	NA
ENSDART00000060706	rad51	85	78.5	73.4	14.0	30.9	121.1	150.4	47.34	64.62	0.448921044531
ENSDART00000006338	mterfd1	25	60.5	36.5	17.5	27.5	80.1	123.5	NA	NA	NA
ENSDART00000146631	espn	4	43.8	18.7	NA	NA	NA	NA	NA	NA	NA
ENSDART00000082506	myef2	1211	69.7	62.5	30.1	46.3	83.4	118.3	136.96	267.57	0.966161762949
ENSDART00000103222	NUDT7	2	16.1	16.1	NA	NA	NA	NA	NA	NA	NA
ENSDART00000081494	vsig10	7	30.3	17.1	NA	NA	NA	NA	14.67	12.25	-0.260087121783
ENSDART00000085222	ATL2	127	31.1	27.2	9.8	16.1	38.1	51.8	25.02	5.11	-2.29168659323
ENSDART00000099863	slc25a37	17	52.6	47.0	6.7	11.9	88.9	103.4	NA	NA	NA
ENSDART00000033429	npbwr2a	1	241.3	241.3	NA	NA	NA	NA	NA	NA	NA
ENSDART00000085228	pik3r4	45	29.6	23.8	9.2	15.4	40.7	60.6	5.11	5.29	0.0499444311764
ENSDART00000060162	hspb1	225	97.6	102.1	36.7	77.2	124.2	143.3	NA	NA	NA
ENSDART00000004716	acp5a	713	34.3	18.8	7.1	11.6	35.6	97.4	216.3	215.89	-0.00273724586041
ENSDART00000038257	PARP4	2	176.8	176.8	NA	NA	NA	NA	NA	NA	NA
ENSDART00000073442	flna	70	48.3	44.1	21.0	31.3	57.3	81.3	10.09	50.57	2.32535560402
ENSDART00000073447	FHOD1	48	51.9	27.2	6.1	16.6	70.8	130.1	4.81	12.12	1.3332808997
ENSDART00000122281	tatdn2	110	31.5	23.1	10.8	15.6	36.9	66.7	11.9	17.77	0.578482107833
ENSDART00000142897	si:dkey-193c22.2	16	64.5	55.3	15.8	31.2	78.4	143.6	NA	NA	NA
ENSDART00000093415	rbm45	79	74.9	68.1	23.1	39.5	91.2	138.9	9.18	88.05	3.2617569453
ENSDART00000105934	si:dkey-253d23.9	1	103.0	103.0	NA	NA	NA	NA	NA	NA	NA
ENSDART00000040723	psmg3	31	43.0	17.8	6.6	10.4	57.8	128.1	NA	NA	NA
ENSDART00000093148	rab43	245	74.3	66.6	18.6	36.2	105.4	139.4	22.76	168.79	2.89065697104
ENSDART00000057379	vti1b	29	38.8	29.4	5.3	15.1	46.5	88.9	NA	NA	NA
ENSDART00000057378	emc4	11	70.9	62.1	15.2	31.7	107.3	121.3	NA	NA	NA
ENSDART00000002938	mtmr8	9	45.5	28.3	NA	NA	NA	NA	NA	NA	NA
ENSDART00000112680	RMDN1	1	33.7	33.7	NA	NA	NA	NA	NA	NA	NA
ENSDART00000025496	rras	247	38.0	22.5	6.2	13.2	46.7	85.0	NA	NA	NA
ENSDART00000074830	rgrb	1	8.7	8.7	NA	NA	NA	NA	NA	NA	NA
ENSDART00000057377	arg2	91	63.4	45.4	14.1	21.3	95.1	133.0	NA	NA	NA
ENSDART00000124627	strap	407	61.5	51.5	14.3	27.5	88.4	123.4	107.88	175.19	0.699493000295
ENSDART00000013257	cul2	44	44.6	26.4	8.2	14.7	64.1	104.3	8.27	15.62	0.917435218971
ENSDART00000066703	rdh10a	84	54.6	38.3	14.1	21.0	71.1	126.3	NA	NA	NA
ENSDART00000130182	NUMA1	26	87.2	59.2	13.9	26.2	131.6	195.1	30.26	33.28	0.137243445924
ENSDART00000005593	casp3a	130	46.4	33.0	12.9	19.2	62.2	104.6	NA	NA	NA
ENSDART00000005590	churc1	15	54.0	50.6	36.0	44.6	60.6	72.5	NA	NA	NA
ENSDART00000053926	ankrd10a	33	51.9	45.8	10.8	24.2	69.6	101.3	13.55	28.6	1.07772229542
ENSDART00000014843	bdnf	6	69.8	42.8	NA	NA	NA	NA	NA	NA	NA
ENSDART00000055201	foxk1	139	44.0	25.9	10.9	16.7	52.5	116.9	11.61	36.47	1.65134222747
ENSDART00000141248	rad21a	1	77.3	77.3	NA	NA	NA	NA	22.99	91.87	1.99858736263
ENSDART00000125034	BX649453.2	2	80.2	80.2	NA	NA	NA	NA	NA	NA	NA
ENSDART00000018117	ppp1r14aa	26	21.1	17.0	11.0	12.1	26.8	34.7	NA	NA	NA
ENSDART00000064833	mafa	1	12.0	12.0	NA	NA	NA	NA	NA	NA	NA
ENSDART00000104708	abhd12	72	93.8	88.4	20.5	33.7	140.9	179.6	NA	NA	NA
ENSDART00000110499	ATXN7	11	74.4	63.2	15.9	28.7	103.7	145.8	NA	NA	NA
ENSDART00000051910	CABZ01086220.1	1	2.3	2.3	NA	NA	NA	NA	NA	NA	NA
ENSDART00000126824	asb13b	1	15.4	15.4	NA	NA	NA	NA	NA	NA	NA
ENSDART00000109889	CABZ01061914.1	12	44.1	44.7	13.6	33.9	55.9	65.0	NA	NA	NA
ENSDART00000083108	nt5dc2	413	50.3	37.1	8.7	15.1	76.6	116.9	17.99	109.38	2.60408187551
ENSDART00000057519	zgc:194209	32	42.4	33.6	8.2	14.3	59.6	70.6	NA	NA	NA
ENSDART00000088819	ankrd13a	37	53.0	35.3	7.0	15.2	75.2	127.5	NA	NA	NA
ENSDART00000111365	sema4ga	1	113.3	113.3	NA	NA	NA	NA	NA	NA	NA
ENSDART00000123518	tuba1b	9	49.9	20.3	NA	NA	NA	NA	NA	NA	NA
ENSDART00000109882	LYRM7	45	66.5	54.4	17.5	32.7	98.2	126.7	NA	NA	NA
ENSDART00000134272	zgc:66313	13	34.0	27.3	14.3	17.4	37.1	48.8	7.1	2.57	-1.4660506652
ENSDART00000104875	trap1	23	23.7	16.7	7.0	9.9	35.3	39.6	NA	NA	NA
ENSDART00000104874	p4ha1b	20	23.8	23.0	10.8	13.4	31.8	39.0	NA	NA	NA
ENSDART00000104877	CHCHD3	5	186.9	188.7	NA	NA	NA	NA	NA	NA	NA
ENSDART00000058351	gnpnat1	5	58.2	23.5	NA	NA	NA	NA	NA	NA	NA
ENSDART00000058605	scpep1	257	62.8	44.0	17.9	26.8	75.3	147.7	51.67	51.82	0.00418213175523
ENSDART00000135042	MRPS36	86	45.3	31.6	13.7	20.3	59.1	94.8	NA	NA	NA
ENSDART00000130565	TMEM132E	10	66.5	52.8	12.6	19.2	120.9	134.5	NA	NA	NA
ENSDART00000130567	C25H11orf49	21	85.7	72.5	35.4	43.1	109.9	148.3	NA	NA	NA
ENSDART00000035865	sulf2l	2	45.0	45.0	NA	NA	NA	NA	NA	NA	NA
ENSDART00000097712	CR753866.2	1	10.1	10.1	NA	NA	NA	NA	NA	NA	NA
ENSDART00000086087	MBTD1	98	54.8	42.1	4.5	15.5	83.3	122.5	NA	NA	NA
ENSDART00000035869	fam219b	7	31.8	23.9	NA	NA	NA	NA	NA	NA	NA
ENSDART00000097719	cdh1	675	51.9	41.9	12.4	22.8	73.3	103.9	41.7	175.59	2.07409139572
ENSDART00000039597	crabp2b	267	94.4	94.9	29.6	57.5	129.9	155.6	NA	NA	NA
ENSDART00000086556	fam160a1	49	63.7	49.0	16.4	26.5	101.5	135.2	NA	NA	NA
ENSDART00000101571	tyw5	21	52.8	33.6	18.5	26.1	69.3	88.9	NA	NA	NA
ENSDART00000101576	zgc:162251	6	29.0	26.2	NA	NA	NA	NA	NA	NA	NA
ENSDART00000023515	CHMP4B	30	40.8	27.5	9.4	14.6	59.7	91.8	NA	NA	NA
ENSDART00000123040	pfkpb	3	24.7	21.6	NA	NA	NA	NA	NA	NA	NA
ENSDART00000084867	dcaf5	46	64.3	57.5	15.8	32.1	91.5	116.9	9.66	14.8	0.615502081681
ENSDART00000130583	aatf	72	48.4	33.1	9.8	22.0	56.0	102.4	31.8	50.75	0.674381056788
ENSDART00000122288	ctsla	1532	65.7	55.1	18.4	31.8	90.7	130.8	821.18	2513.7	1.61404208431
ENSDART00000109083	txnl4b	46	41.3	22.9	8.4	13.0	48.0	128.4	NA	NA	NA
ENSDART00000109082	BX511129.1	17	59.7	60.9	15.2	20.2	66.8	106.8	NA	NA	NA
ENSDART00000111328	cutc	9	39.6	28.3	NA	NA	NA	NA	NA	NA	NA
ENSDART00000091017	PKN1	3	18.7	4.5	NA	NA	NA	NA	NA	NA	NA
ENSDART00000111321	zgc:152830	99	51.6	43.3	21.2	29.4	67.4	76.6	14.75	53.55	1.8601716205
ENSDART00000133675	mapk7	12	37.7	23.6	11.8	15.7	32.7	82.1	3.29	1.67	-0.978239481261
ENSDART00000005625	glipr2l	45	29.9	23.4	8.3	15.6	34.1	56.1	NA	NA	NA
ENSDART00000076742	imp4	395	69.8	58.2	20.1	34.0	95.5	132.1	47.49	138.18	1.54085315566
ENSDART00000052859	dync1li1	17	61.5	23.7	15.2	16.5	81.8	163.8	NA	NA	NA
ENSDART00000086885	zgc:162232	1	145.5	145.5	NA	NA	NA	NA	NA	NA	NA
ENSDART00000089855	hace1	34	27.7	22.9	7.1	12.1	38.0	57.4	NA	NA	NA
ENSDART00000062441	rnaseh1	24	55.7	29.7	15.3	19.3	72.0	141.2	NA	NA	NA
ENSDART00000142026	si:dkey-167i21.2	193	35.9	33.3	13.9	19.6	46.4	61.3	153.07	32.37	-2.24146228787
ENSDART00000112591	si:ch73-375g18.1	9	108.8	104.1	NA	NA	NA	NA	NA	NA	NA
ENSDART00000112590	APBA3	27	52.7	18.4	9.0	10.1	77.4	137.5	5.39	4.66	-0.209955318098
ENSDART00000001907	slc16a3	146	20.9	18.0	7.9	11.7	24.9	37.0	17.31	40.11	1.21235624145
ENSDART00000026090	gtf2f1	133	82.8	71.5	16.7	27.2	122.7	172.5	78.2	49.11	-0.671151784999
ENSDART00000090942	ccdc126	13	66.2	23.8	9.4	14.1	120.5	141.6	NA	NA	NA
ENSDART00000053180	ift27	48	42.6	30.5	11.8	18.3	46.5	92.5	20.22	21.29	0.0743929525493
ENSDART00000044150	dnajc9	44	81.7	68.1	15.8	42.1	122.9	147.2	23.96	42.29	0.81968865224
ENSDART00000131219	E2F6	40	42.3	26.6	9.5	11.1	60.4	103.2	11.82	16.11	0.446726458529
ENSDART00000133369	ptprk	25	43.7	32.3	14.9	19.0	67.6	87.0	3.77	8.01	1.08723771914
ENSDART00000056132	tprkb	41	36.9	26.7	4.6	13.9	51.3	82.5	NA	NA	NA
ENSDART00000028029	cenpj	12	79.3	74.3	27.8	43.0	105.1	153.8	3.27	2.76	-0.24462236872
ENSDART00000136531	wrn	3	19.4	22.4	NA	NA	NA	NA	NA	NA	NA
ENSDART00000101161	impdh1a	3	36.7	40.3	NA	NA	NA	NA	NA	NA	NA
ENSDART00000131212	FBXO46	28	54.3	38.0	14.0	18.9	80.6	130.0	NA	NA	NA
ENSDART00000006390	igfbp7	5	99.9	81.4	NA	NA	NA	NA	NA	NA	NA
ENSDART00000131217	ippk	78	56.9	41.3	12.1	17.9	72.6	145.2	NA	NA	NA
ENSDART00000081954	haus1	41	82.4	64.2	16.7	31.2	117.0	147.7	NA	NA	NA
ENSDART00000056634	ubtfl	8	127.5	118.7	NA	NA	NA	NA	5.15	5.5	0.0948591863414
ENSDART00000024354	csad	46	84.5	75.6	10.9	32.6	135.0	172.9	NA	NA	NA
ENSDART00000129342	SETDB2	16	61.6	61.8	20.6	30.8	81.3	107.8	9.25	3.34	-1.46960526293
ENSDART00000023793	mipb	1	67.1	67.1	NA	NA	NA	NA	NA	NA	NA
ENSDART00000010777	ldhba	1101	49.3	47.5	23.2	33.5	63.3	76.4	130.02	255.49	0.974533265233
ENSDART00000087684	ncaph	231	36.7	21.6	6.7	12.1	40.5	95.3	35.75	135.55	1.92280996617
ENSDART00000048614	jph3	3	132.7	138.3	NA	NA	NA	NA	NA	NA	NA
ENSDART00000087687	dsel	1	146.6	146.6	NA	NA	NA	NA	NA	NA	NA
ENSDART00000129838	BX005356.3	2	215.4	215.4	NA	NA	NA	NA	NA	NA	NA
ENSDART00000114741	polr1b	74	68.6	59.8	17.8	31.6	95.2	140.6	8.68	31.19	1.84531660493
ENSDART00000062137	ncam2	2	39.5	39.5	NA	NA	NA	NA	NA	NA	NA
ENSDART00000110185	yme1l1a	70	48.4	28.3	12.4	19.3	59.3	120.1	NA	NA	NA
ENSDART00000062135	zgc:103681	1	21.3	21.3	NA	NA	NA	NA	NA	NA	NA
ENSDART00000124283	gpcpd1	74	73.4	51.3	12.6	29.6	107.6	150.6	NA	NA	NA
ENSDART00000110180	DUOXA2	23	33.1	22.4	5.6	14.3	42.6	63.3	NA	NA	NA
ENSDART00000110182	rabep1	15	12.8	9.6	-4.3	6.5	16.9	32.0	NA	NA	NA
ENSDART00000020409	hand2	1	25.7	25.7	NA	NA	NA	NA	NA	NA	NA
ENSDART00000050988	gcnt4a	27	55.2	26.9	7.6	13.4	91.4	144.2	NA	NA	NA
ENSDART00000099607	slc6a17	6	39.4	44.2	NA	NA	NA	NA	NA	NA	NA
ENSDART00000109821	tgm5l	9	105.0	99.5	NA	NA	NA	NA	NA	NA	NA
ENSDART00000012089	stim2	2	21.5	21.5	NA	NA	NA	NA	NA	NA	NA
ENSDART00000087533	csgalnact2	106	58.6	33.3	12.4	21.6	95.1	140.8	21.49	4.0	-2.42559357765
ENSDART00000099984	glo1	119	52.5	48.4	17.3	32.4	68.4	79.9	45.83	184.92	2.01253707686
ENSDART00000103943	BX005175.1	63	67.5	59.0	8.0	19.6	101.5	142.9	NA	NA	NA
ENSDART00000042478	enkur	36	30.1	28.3	10.9	17.0	36.5	54.4	15.11	12.59	-0.263225377446
ENSDART00000054861	fnta	50	43.3	31.4	12.9	20.4	51.0	98.3	16.78	15.07	-0.155063298842
ENSDART00000123251	dus3l	141	40.8	32.6	11.0	20.4	51.4	80.6	24.73	19.39	-0.350949436283
ENSDART00000123257	mknk1	17	43.8	26.6	11.0	14.7	56.4	91.2	NA	NA	NA
ENSDART00000054866	loxl3a	3	34.2	28.5	NA	NA	NA	NA	NA	NA	NA
ENSDART00000054867	aup1	129	54.0	41.3	16.0	22.8	72.4	120.4	15.34	17.22	0.166786659894
ENSDART00000087065	timp2a	1	14.4	14.4	NA	NA	NA	NA	NA	NA	NA
ENSDART00000129140	sf3b1	967	73.1	66.4	18.8	37.9	102.1	136.9	41.92	339.27	3.01672324318
ENSDART00000087067	HEXDC	3	10.0	9.8	NA	NA	NA	NA	NA	NA	NA
ENSDART00000063087	BX539313.1	210	54.1	35.3	7.2	11.3	90.1	133.2	15.38	34.88	1.18134453682
ENSDART00000080545	dnmt3	57	95.1	98.7	32.5	57.9	126.3	162.2	33.99	77.88	1.19614252218
ENSDART00000020350	snx5	71	34.9	29.0	11.9	16.5	40.3	68.5	NA	NA	NA
ENSDART00000140724	gab1	50	74.1	55.5	9.4	21.6	119.6	176.8	NA	NA	NA
ENSDART00000140720	si:dkey-182g1.2	20	46.9	29.3	10.7	16.9	47.6	109.6	NA	NA	NA
ENSDART00000140890	pnpla6	9	23.0	16.6	NA	NA	NA	NA	NA	NA	NA
ENSDART00000084011	cplx4a	1	89.4	89.4	NA	NA	NA	NA	NA	NA	NA
ENSDART00000084014	CPLX1	1	75.0	75.0	NA	NA	NA	NA	NA	NA	NA
ENSDART00000038415	rhoq	37	26.8	24.1	12.6	18.3	30.7	45.1	NA	NA	NA
ENSDART00000100241	haao	2	38.4	38.4	NA	NA	NA	NA	NA	NA	NA
ENSDART00000145879	paqr3b	5	32.2	22.5	NA	NA	NA	NA	NA	NA	NA
ENSDART00000129854	tp53rk	207	50.1	37.3	13.6	24.2	63.3	106.1	16.27	51.66	1.66683339245
ENSDART00000145580	gpr1	22	81.9	80.5	30.7	51.4	113.3	131.6	NA	NA	NA
ENSDART00000149622	mgp	6	91.9	94.9	NA	NA	NA	NA	NA	NA	NA
ENSDART00000149620	pmvk	31	25.7	17.8	11.1	14.2	26.4	44.1	NA	NA	NA
ENSDART00000042663	ryroxd1	5	24.1	24.7	NA	NA	NA	NA	NA	NA	NA
ENSDART00000110538	MPRIP	7	48.3	25.7	NA	NA	NA	NA	2.36	0.76	-1.63471553592
ENSDART00000141414	C24H8orf33	30	69.0	60.2	23.2	28.5	93.0	126.2	NA	NA	NA
ENSDART00000018155	adss	7	99.4	89.6	NA	NA	NA	NA	NA	NA	NA
ENSDART00000060283	gpr19	7	27.3	26.1	NA	NA	NA	NA	NA	NA	NA
ENSDART00000049900	tagln2	146	83.7	76.8	32.8	55.2	114.4	144.0	NA	NA	NA
ENSDART00000081894	FP340265.2	3	89.6	78.4	NA	NA	NA	NA	NA	NA	NA
ENSDART00000115161	REPS2	30	101.2	98.5	26.3	52.4	145.9	191.4	NA	NA	NA
ENSDART00000063665	cxcr7b	63	39.5	16.8	4.7	9.1	35.4	122.5	NA	NA	NA
ENSDART00000011414	elf2b	150	50.6	34.3	10.7	17.7	69.7	116.3	17.97	77.01	2.09945538779
ENSDART00000016370	dirc2	37	36.0	34.6	14.6	18.9	43.6	57.4	NA	NA	NA
ENSDART00000082842	JPH3	1	107.6	107.6	NA	NA	NA	NA	NA	NA	NA
ENSDART00000007783	eefsec	21	46.7	39.0	14.0	24.5	43.8	103.2	NA	NA	NA
ENSDART00000055443	tpk1	6	34.8	24.7	NA	NA	NA	NA	NA	NA	NA
ENSDART00000052322	zgc:110699	39	82.4	75.5	23.5	43.0	112.1	142.8	NA	NA	NA
ENSDART00000052324	atg13	76	50.7	33.4	11.2	16.6	65.7	117.4	12.94	23.32	0.849730171208
ENSDART00000140098	cdk20	2	115.5	115.5	NA	NA	NA	NA	NA	NA	NA
ENSDART00000140096	metap1	50	77.1	72.3	15.7	32.9	114.6	137.4	17.84	39.96	1.16344096787
ENSDART00000019648	slc2a8	274	88.4	86.5	22.5	46.1	123.1	158.5	17.55	43.95	1.32439213484
ENSDART00000012857	alg6	37	43.2	34.3	17.4	25.2	53.5	79.3	11.53	10.66	-0.113185074893
ENSDART00000012855	sart1	595	72.5	58.4	18.6	35.7	101.9	142.0	123.53	142.82	0.209336571859
ENSDART00000137373	CKAP2	21	21.6	19.1	8.9	13.3	26.3	39.9	NA	NA	NA
ENSDART00000002826	gmppb	38	52.9	28.0	10.8	18.7	76.3	126.5	12.55	17.79	0.503379146429
ENSDART00000122071	tsc2	36	36.2	32.1	9.3	16.1	55.1	69.3	9.22	8.03	-0.199366762912
ENSDART00000098146	zgc:152670	14	105.0	101.7	32.6	45.8	143.7	157.8	NA	NA	NA
ENSDART00000012859	psma6b	29	116.1	118.2	29.8	79.4	149.9	163.4	NA	NA	NA
ENSDART00000122076	RIIAD1	3	43.7	54.1	NA	NA	NA	NA	NA	NA	NA
ENSDART00000040116	tnrc5	60	41.6	36.4	15.8	27.0	51.4	72.5	18.61	13.0	-0.517566432143
ENSDART00000040111	pcolce2a	3	103.6	129.6	NA	NA	NA	NA	NA	NA	NA
ENSDART00000064031	rab3db	44	32.8	24.1	8.1	14.4	42.1	72.1	NA	NA	NA
ENSDART00000064032	eif4ebp1	166	72.6	69.3	13.1	27.5	109.7	138.4	41.41	120.52	1.54122147022
ENSDART00000122952	TUBGCP6	13	41.8	26.0	11.4	19.7	51.8	78.0	9.99	2.69	-1.89287850524
ENSDART00000031638	slc48a1a	7	58.1	49.3	NA	NA	NA	NA	NA	NA	NA
ENSDART00000141329	zgc:113625	1	34.0	34.0	NA	NA	NA	NA	NA	NA	NA
ENSDART00000004666	tmem63ba	113	39.0	23.6	10.5	16.3	40.6	101.2	NA	NA	NA
ENSDART00000023803	c1d	197	52.1	36.7	12.2	20.4	68.2	112.6	40.14	73.09	0.864633416874
ENSDART00000085761	slc45a4	1	-2.0	-2.0	NA	NA	NA	NA	NA	NA	NA
ENSDART00000047190	vps52	17	86.0	76.7	16.0	30.4	128.0	195.0	NA	NA	NA
ENSDART00000085763	zgc:165571	2	30.7	30.7	NA	NA	NA	NA	NA	NA	NA
ENSDART00000021009	CBFA2T3	3	118.2	144.3	NA	NA	NA	NA	NA	NA	NA
ENSDART00000047191	glb1l	2	3.4	3.4	NA	NA	NA	NA	NA	NA	NA
ENSDART00000075465	mylpfa	1	17.7	17.7	NA	NA	NA	NA	NA	NA	NA
ENSDART00000055771	hdlbp	503	74.6	70.0	33.9	50.5	92.5	120.6	85.59	297.69	1.79829660664
ENSDART00000092393	plbd1	46	132.1	137.5	38.5	68.0	181.3	218.0	NA	NA	NA
ENSDART00000075462	serinc2l	1	10.8	10.8	NA	NA	NA	NA	NA	NA	NA
ENSDART00000083756	RPTOR	1	12.4	12.4	NA	NA	NA	NA	NA	NA	NA
ENSDART00000085454	dis3	195	53.4	46.3	21.3	32.9	66.1	86.7	14.06	89.12	2.66415263827
ENSDART00000041897	inppl1a	20	39.8	31.6	13.9	22.4	54.3	71.4	10.06	1.54	-2.70762804911
ENSDART00000055055	sox8	2	27.2	27.2	NA	NA	NA	NA	NA	NA	NA
ENSDART00000132336	znf687b	48	83.5	83.3	15.8	32.6	131.6	153.6	6.85	22.21	1.6970334997
ENSDART00000122617	BX572630.2	7	32.8	23.1	NA	NA	NA	NA	NA	NA	NA
ENSDART00000077823	LRIT3	24	22.9	17.5	6.5	10.5	31.8	43.0	NA	NA	NA
ENSDART00000081420	zgc:171686	5	66.1	40.2	NA	NA	NA	NA	NA	NA	NA
ENSDART00000150885	vdrb	5	26.5	20.8	NA	NA	NA	NA	NA	NA	NA
ENSDART00000025196	bin2a	3	99.6	81.4	NA	NA	NA	NA	NA	NA	NA
ENSDART00000150886	eif2a	474	57.9	48.8	13.3	25.5	83.2	119.4	16.24	30.71	0.919156879791
ENSDART00000112389	wdr43	211	48.0	31.1	8.2	16.5	71.4	118.0	57.43	177.9	1.63119004377
ENSDART00000110621	ncoa3	122	80.1	67.2	11.3	23.8	133.9	168.9	7.49	26.55	1.82567423723
ENSDART00000033858	akt2l	25	32.8	26.1	16.6	19.7	37.4	59.3	8.32	1.39	-2.58149864542
ENSDART00000099819	bcl7ba	149	30.6	25.7	7.9	16.3	41.4	56.9	22.75	76.16	1.74316693333
ENSDART00000085505	ctdspl2b	109	46.5	31.2	13.7	23.0	60.0	103.2	8.67	24.31	1.48744599481
ENSDART00000112746	zgc:171459	25	122.3	113.9	29.6	92.2	133.9	231.9	NA	NA	NA
ENSDART00000111919	BX004880.2	1	6.5	6.5	NA	NA	NA	NA	NA	NA	NA
ENSDART00000111669	zgc:112175	1	54.7	54.7	NA	NA	NA	NA	NA	NA	NA
ENSDART00000074786	ctso	41	44.5	23.0	5.4	13.2	38.7	154.8	NA	NA	NA
ENSDART00000111912	RBM12B	200	60.4	48.9	13.3	23.7	88.9	123.4	18.61	80.44	2.11183502625
ENSDART00000111666	npdc1	10	30.5	18.6	9.5	12.9	45.6	70.8	NA	NA	NA
ENSDART00000151137	oxr1b	5	30.9	26.1	NA	NA	NA	NA	NA	NA	NA
ENSDART00000079091	cyp2r1	1	179.5	179.5	NA	NA	NA	NA	NA	NA	NA
ENSDART00000014049	wdr36	96	63.8	43.7	13.5	21.4	98.7	135.5	21.75	34.7	0.673920261842
ENSDART00000093250	pou3f2b	2	24.1	24.1	NA	NA	NA	NA	NA	NA	NA
ENSDART00000123972	smarca5	989	65.0	53.7	18.7	31.5	87.7	131.5	74.45	329.67	2.14667885368
ENSDART00000020834	CABZ01111496.1	25	42.0	40.4	10.3	22.5	60.6	75.3	NA	NA	NA
ENSDART00000037140	ing3	243	48.7	33.9	10.7	19.1	63.1	105.9	46.81	55.17	0.237067215421
ENSDART00000046961	CABZ01058863.1	1	42.1	42.1	NA	NA	NA	NA	NA	NA	NA
ENSDART00000014046	specc1la	15	42.7	20.6	11.8	15.2	44.9	104.9	NA	NA	NA
ENSDART00000109065	ccng1	1414	69.8	69.1	29.5	47.6	89.0	108.1	360.78	236.41	-0.609828302434
ENSDART00000101765	RBM44	42	32.4	28.0	9.9	18.9	39.3	57.2	NA	NA	NA
ENSDART00000113009	OGDHL	1	13.0	13.0	NA	NA	NA	NA	NA	NA	NA
ENSDART00000006221	NBEAL1	48	65.3	37.3	15.0	23.5	103.7	137.8	2.61	2.98	0.191262523892
ENSDART00000108928	pnpla8	3	9.4	9.2	NA	NA	NA	NA	NA	NA	NA
ENSDART00000031823	triobp	79	58.2	40.5	12.9	23.3	68.7	154.2	34.31	7.34	-2.22477715771
ENSDART00000136294	atp9b	12	54.6	19.8	6.3	10.1	47.0	190.4	NA	NA	NA
ENSDART00000123971	BX936443.2	1	250.1	250.1	NA	NA	NA	NA	NA	NA	NA
ENSDART00000076030	fbl	792	82.5	82.9	26.1	51.8	112.0	137.8	293.31	1067.29	1.86345406932
ENSDART00000138204	myo1b	17	66.3	36.1	10.6	23.1	71.0	172.7	2.99	4.55	0.605721060888
ENSDART00000140330	si:ch211-198m1.1	4	24.6	24.2	NA	NA	NA	NA	NA	NA	NA
ENSDART00000121431	WDSUB1	2	129.3	129.3	NA	NA	NA	NA	NA	NA	NA
ENSDART00000066933	itih2	7	78.1	72.1	NA	NA	NA	NA	NA	NA	NA
ENSDART00000066930	atp5c1	153	49.1	36.7	11.6	21.4	65.8	112.5	64.65	85.17	0.397694979748
ENSDART00000066935	tmem110l	56	84.4	78.9	29.0	38.5	115.3	149.5	19.29	20.28	0.0722045089542
ENSDART00000092977	si:ch211-248g20.5	6	105.6	96.2	NA	NA	NA	NA	NA	NA	NA
ENSDART00000055566	xpa	2	40.8	40.8	NA	NA	NA	NA	NA	NA	NA
ENSDART00000073419	ccnd2a	5	92.2	65.9	NA	NA	NA	NA	NA	NA	NA
ENSDART00000124510	prkcbp1l	33	70.1	56.8	14.7	31.8	103.1	148.2	5.18	17.78	1.77923132114
ENSDART00000124514	usp44	198	48.8	27.9	6.5	14.0	78.3	123.0	14.35	30.02	1.06487324006
ENSDART00000081411	pole	24	80.3	74.7	16.5	26.5	123.6	152.3	4.58	6.29	0.457712418782
ENSDART00000041468	CABZ01003022.1	49	106.3	102.4	36.0	53.1	157.8	193.5	NA	NA	NA
ENSDART00000041466	SLC35E2B	241	74.7	64.8	17.3	36.2	93.9	139.4	NA	NA	NA
ENSDART00000142256	si:dkey-32e6.3	12	50.2	31.7	13.8	17.2	77.1	102.4	NA	NA	NA
ENSDART00000041397	flvcr1	21	95.3	115.3	18.1	44.4	134.0	155.2	NA	NA	NA
ENSDART00000148892	extl3	62	45.2	27.3	11.4	16.1	47.9	134.6	4.21	2.5	-0.751892138404
ENSDART00000142251	wdr47a	7	9.8	8.7	NA	NA	NA	NA	4.81	5.46	0.18286405715
ENSDART00000125690	ints12	1	65.2	65.2	NA	NA	NA	NA	NA	NA	NA
ENSDART00000081915	cdcp1a	61	72.0	60.4	23.9	32.2	114.1	141.5	13.29	13.17	-0.0130857590197
ENSDART00000073650	dok1b	3	16.8	19.6	NA	NA	NA	NA	NA	NA	NA
ENSDART00000073651	ergic2	64	84.1	88.4	13.6	31.9	116.7	173.6	17.34	13.87	-0.322136110898
ENSDART00000125691	sntb1	6	26.2	15.8	NA	NA	NA	NA	NA	NA	NA
ENSDART00000077352	ponzr5	541	79.4	72.7	34.2	49.4	99.5	136.0	NA	NA	NA
ENSDART00000001755	RGL3	1	41.3	41.3	NA	NA	NA	NA	NA	NA	NA
ENSDART00000004504	dag1	332	41.4	33.0	11.0	21.5	52.5	79.5	13.66	52.61	1.94537956644
ENSDART00000051774	zgc:110697	147	65.1	55.9	17.8	32.8	89.6	128.3	29.03	35.74	0.299995062415
ENSDART00000017881	eif4e1b	100	47.5	42.9	16.2	29.1	60.2	84.1	28.55	72.34	1.34130285241
ENSDART00000074158	B4GALT1	110	70.6	57.0	17.1	27.8	104.0	138.3	24.79	28.69	0.210789696682
ENSDART00000083351	capn2l	16	41.3	21.2	7.5	16.1	30.4	120.4	NA	NA	NA
ENSDART00000058036	emx2	2	96.9	96.9	NA	NA	NA	NA	NA	NA	NA
ENSDART00000057742	ssx2ip	4	33.0	29.8	NA	NA	NA	NA	NA	NA	NA
ENSDART00000074155	BX322787.1	1	140.8	140.8	NA	NA	NA	NA	NA	NA	NA
ENSDART00000074153	tlr5b	2	47.5	47.5	NA	NA	NA	NA	NA	NA	NA
ENSDART00000074150	disp1	22	54.4	43.4	10.8	30.1	69.3	123.5	NA	NA	NA
ENSDART00000083359	si:ch211-89f7.1	1	156.7	156.7	NA	NA	NA	NA	NA	NA	NA
ENSDART00000123886	uggt1	113	40.6	31.7	11.9	18.7	46.9	86.5	4.1	23.95	2.54632984112
ENSDART00000003888	snapc1b	97	62.0	44.7	12.2	21.4	92.4	140.4	20.43	24.59	0.267382530863
ENSDART00000123884	zgc:109889	15	52.0	28.9	15.0	20.2	42.3	100.2	NA	NA	NA
ENSDART00000113400	CABZ01081747.1	1	24.3	24.3	NA	NA	NA	NA	NA	NA	NA
ENSDART00000114929	ZFYVE1	64	74.0	60.0	10.0	22.0	111.5	149.2	NA	NA	NA
ENSDART00000011398	CU019646.1	1	18.3	18.3	NA	NA	NA	NA	NA	NA	NA
ENSDART00000051770	fam203a	41	58.5	55.2	14.4	23.8	83.8	108.8	NA	NA	NA
ENSDART00000005453	chd4a	311	77.0	69.1	27.7	44.4	105.1	133.7	62.45	134.27	1.10436352189
ENSDART00000074959	slc35f1	1	25.7	25.7	NA	NA	NA	NA	NA	NA	NA
ENSDART00000003884	mynn	181	68.5	52.0	16.8	25.5	106.6	144.1	30.13	32.15	0.0936180646208
ENSDART00000033494	klf6a	50	73.0	61.1	22.4	37.8	88.0	145.8	NA	NA	NA
ENSDART00000138290	CDH26	2	103.1	103.1	NA	NA	NA	NA	NA	NA	NA
ENSDART00000020631	hnrpdl	402	83.1	76.6	27.2	47.1	112.3	144.1	119.53	373.21	1.64261488749
ENSDART00000020638	rcan1a	40	45.4	34.4	8.7	18.6	51.8	109.3	NA	NA	NA
ENSDART00000020299	rpl5b	1193	60.7	50.4	22.6	33.4	80.3	115.5	1305.39	344.01	-1.92395848439
ENSDART00000137969	zgc:112994	67	94.4	94.7	42.1	55.8	121.7	155.6	NA	NA	NA
ENSDART00000077178	tnw	7	50.8	58.6	NA	NA	NA	NA	NA	NA	NA
ENSDART00000056830	pacsin1b	43	100.0	97.6	24.1	45.6	141.8	167.6	NA	NA	NA
ENSDART00000053841	ddhd1b	1	14.3	14.3	NA	NA	NA	NA	NA	NA	NA
ENSDART00000127964	zgc:194578	1	3.1	3.1	NA	NA	NA	NA	NA	NA	NA
ENSDART00000127965	tp63	1	15.0	15.0	NA	NA	NA	NA	NA	NA	NA
ENSDART00000152237	FBXO48	1	8.2	8.2	NA	NA	NA	NA	NA	NA	NA
ENSDART00000102070	ATF6B	28	36.7	23.3	17.3	19.3	43.5	63.2	10.38	3.02	-1.78118598903
ENSDART00000075788	CU694453.2	1	83.7	83.7	NA	NA	NA	NA	NA	NA	NA
ENSDART00000028406	dlg1	28	21.5	19.0	3.3	13.1	28.0	39.7	NA	NA	NA
ENSDART00000091955	nrxn2b	4	84.3	94.6	NA	NA	NA	NA	NA	NA	NA
ENSDART00000037541	rmnd1	55	32.4	28.8	16.2	20.6	35.4	50.9	9.47	7.15	-0.405421183803
ENSDART00000129133	BX000701.2	40	39.1	25.0	7.8	12.1	40.9	59.7	NA	NA	NA
ENSDART00000053880	tmem242	29	36.8	18.7	8.9	15.5	50.5	71.6	NA	NA	NA
ENSDART00000129643	aplnrb	407	76.7	68.3	11.9	26.1	115.3	150.9	NA	NA	NA
ENSDART00000129134	pard3	4	99.9	49.4	NA	NA	NA	NA	16.85	17.57	0.0603655999392
ENSDART00000141548	hibch	21	49.9	44.2	28.3	35.8	59.7	70.7	NA	NA	NA
ENSDART00000129395	uvrag	7	13.7	10.7	NA	NA	NA	NA	NA	NA	NA
ENSDART00000052351	cnep1r1	104	44.5	30.5	12.9	18.5	51.1	112.1	NA	NA	NA
ENSDART00000145617	sec23a	211	44.4	41.3	19.7	28.0	55.2	70.4	NA	NA	NA
ENSDART00000005903	atp5g3b	532	50.9	34.2	12.9	21.5	75.7	117.6	178.42	231.44	0.375360885075
ENSDART00000020183	fam102bb	3	125.8	116.0	NA	NA	NA	NA	NA	NA	NA
ENSDART00000076082	fetub	286	134.2	131.9	89.5	107.7	156.3	183.0	NA	NA	NA
ENSDART00000076083	cdc42ep2	7	63.9	62.1	NA	NA	NA	NA	NA	NA	NA
ENSDART00000005906	stk38a	138	67.0	55.8	18.8	31.8	96.8	136.0	NA	NA	NA
ENSDART00000092023	PTDSS2	129	71.8	64.6	19.2	35.4	99.2	136.9	NA	NA	NA
ENSDART00000092752	wash	9	16.5	15.7	NA	NA	NA	NA	NA	NA	NA
ENSDART00000098701	slc7a4	10	29.8	32.6	12.1	18.2	37.7	46.9	NA	NA	NA
ENSDART00000100060	dsc2l	85	90.9	81.9	36.2	55.7	127.2	163.8	NA	NA	NA
ENSDART00000081152	cep76	2	73.0	73.0	NA	NA	NA	NA	NA	NA	NA
ENSDART00000013313	itfg2	8	112.8	93.0	NA	NA	NA	NA	NA	NA	NA
ENSDART00000128931	igf2bp2a	2	64.1	64.1	NA	NA	NA	NA	NA	NA	NA
ENSDART00000130792	GM2A	1	186.4	186.4	NA	NA	NA	NA	NA	NA	NA
ENSDART00000103045	rhbdl3	5	55.6	69.2	NA	NA	NA	NA	NA	NA	NA
ENSDART00000006908	itgb3b	4	103.6	94.5	NA	NA	NA	NA	NA	NA	NA
ENSDART00000129393	trmt1	46	33.7	22.9	8.9	15.1	49.6	68.2	8.54	25.05	1.55250262846
ENSDART00000131510	b3gnt2l	3	125.2	129.8	NA	NA	NA	NA	NA	NA	NA
ENSDART00000150989	march7	40	53.7	37.4	7.6	14.0	75.7	138.2	6.6	17.36	1.3952290182
ENSDART00000134597	usp42	138	90.0	70.0	15.1	22.5	143.8	190.1	21.18	14.97	-0.500628367934
ENSDART00000136544	aars	168	48.8	37.9	17.0	25.6	57.8	92.1	26.1	83.55	1.67859002149
ENSDART00000074728	zfyve21	44	55.2	53.3	18.2	29.7	69.6	93.6	NA	NA	NA
ENSDART00000134592	lmbrd2b	3	14.8	18.2	NA	NA	NA	NA	NA	NA	NA
ENSDART00000151081	SEPT12	207	81.2	76.8	25.7	47.2	106.2	136.6	NA	NA	NA
ENSDART00000045391	srgap2a	5	47.4	46.5	NA	NA	NA	NA	NA	NA	NA
ENSDART00000139744	scai	1	17.8	17.8	NA	NA	NA	NA	NA	NA	NA
ENSDART00000045399	kirrel3l	13	54.0	14.3	-5.0	4.3	106.8	141.8	NA	NA	NA
ENSDART00000047707	znf740	74	33.5	18.3	5.1	8.5	34.1	81.9	23.46	36.41	0.634131727416
ENSDART00000032277	ddx51	61	65.3	57.6	14.9	27.5	86.5	127.2	36.42	25.71	-0.502401312143
ENSDART00000013063	CT573103.1	72	69.6	61.0	13.6	32.4	101.1	131.1	15.65	29.66	0.922355940635
ENSDART00000130601	CABZ01020840.1	85	57.7	54.2	8.6	21.1	85.5	118.3	NA	NA	NA
ENSDART00000135236	si:ch211-216l23.2	189	66.4	53.0	16.0	22.0	96.0	137.9	17.45	73.69	2.07824181722
ENSDART00000130603	sept2	421	86.7	84.9	37.6	61.9	110.5	137.7	26.01	245.87	3.24075740983
ENSDART00000130609	runx2b	2	61.3	61.3	NA	NA	NA	NA	NA	NA	NA
ENSDART00000129399	C3H19orf43	181	66.9	59.4	16.9	31.9	89.2	124.0	128.61	88.26	-0.543171170562
ENSDART00000135239	brd3a	839	77.2	74.0	20.2	44.8	105.2	136.3	531.88	480.97	-0.145153878876
ENSDART00000025698	zgc:153311	1	30.3	30.3	NA	NA	NA	NA	NA	NA	NA
ENSDART00000138431	zgc:152951	2	15.8	15.8	NA	NA	NA	NA	NA	NA	NA
ENSDART00000076554	wu:fd14a06	4	46.6	44.2	NA	NA	NA	NA	NA	NA	NA
ENSDART00000132044	trmt44	11	35.1	17.1	6.1	9.5	44.8	72.8	5.84	6.48	0.150025444005
ENSDART00000076229	irs1	61	53.1	37.0	11.0	23.3	75.5	117.3	3.99	15.25	1.93434859112
ENSDART00000023721	cpsf5	382	92.8	90.2	32.0	53.5	123.7	158.6	73.96	233.84	1.6607046044
ENSDART00000110701	si:dkey-266m15.5	9	51.3	25.1	NA	NA	NA	NA	NA	NA	NA
ENSDART00000138369	CDCA4	138	55.2	32.7	7.4	12.6	85.3	140.4	14.25	63.81	2.16282061474
ENSDART00000090530	FAM110D	73	43.1	27.0	7.6	14.8	55.2	101.2	NA	NA	NA
ENSDART00000049224	taf1b	4	54.4	57.4	NA	NA	NA	NA	NA	NA	NA
ENSDART00000146859	cables2a	14	39.2	31.3	17.1	21.2	50.6	65.6	NA	NA	NA
ENSDART00000125836	CR376785.2	9	34.5	28.7	NA	NA	NA	NA	NA	NA	NA
ENSDART00000108960	FAM131A	2	11.6	11.6	NA	NA	NA	NA	NA	NA	NA
ENSDART00000146858	si:dkeyp-27e10.3	6	47.4	51.0	NA	NA	NA	NA	NA	NA	NA
ENSDART00000109344	BX005272.1	8	96.7	65.8	NA	NA	NA	NA	NA	NA	NA
ENSDART00000109346	FUZ	30	41.5	17.1	6.3	8.6	63.4	124.9	NA	NA	NA
ENSDART00000011583	mkks	13	68.0	61.2	17.6	26.3	73.5	147.8	NA	NA	NA
ENSDART00000007638	bcap29	27	47.6	35.9	9.7	18.6	53.7	86.0	NA	NA	NA
ENSDART00000091229	crym	1	210.2	210.2	NA	NA	NA	NA	NA	NA	NA
ENSDART00000015076	C5H9orf78	157	57.5	45.9	12.1	20.0	85.2	127.6	78.6	118.55	0.592894445223
ENSDART00000046783	zgc:113294	14	57.3	42.4	4.0	15.6	95.6	121.8	NA	NA	NA
ENSDART00000055872	dnajc15	53	33.3	20.7	9.8	15.0	31.1	73.0	NA	NA	NA
ENSDART00000114177	mutyh	6	71.7	26.9	NA	NA	NA	NA	NA	NA	NA
ENSDART00000055878	rcl1	167	57.4	46.1	19.2	28.7	74.9	115.7	62.81	69.52	0.146433812814
ENSDART00000039054	mecr	3	85.7	55.6	NA	NA	NA	NA	NA	NA	NA
ENSDART00000090280	FTCDNL1	16	27.5	20.6	8.5	14.3	33.8	48.3	NA	NA	NA
ENSDART00000090286	HECW2	3	208.3	210.7	NA	NA	NA	NA	NA	NA	NA
ENSDART00000080076	rxfp3	1	34.8	34.8	NA	NA	NA	NA	NA	NA	NA
ENSDART00000128773	DOC2B	7	54.2	44.1	NA	NA	NA	NA	NA	NA	NA
ENSDART00000099031	zgc:136254	6	37.7	37.3	NA	NA	NA	NA	NA	NA	NA
ENSDART00000103858	B4GALNT2	3	38.5	34.2	NA	NA	NA	NA	NA	NA	NA
ENSDART00000115370	mettl22	9	21.4	12.3	NA	NA	NA	NA	NA	NA	NA
ENSDART00000053418	dnmt4	52	89.3	64.6	11.4	26.4	148.8	177.1	5.91	16.72	1.5003448119
ENSDART00000115375	zgc:171901	9	37.2	21.0	NA	NA	NA	NA	NA	NA	NA
ENSDART00000080079	slc44a5b	23	60.4	39.8	14.4	18.9	70.5	173.2	NA	NA	NA
ENSDART00000003310	sox21b	3	38.3	40.5	NA	NA	NA	NA	NA	NA	NA
ENSDART00000097312	SCO1	16	47.5	32.8	12.3	24.4	63.1	92.7	NA	NA	NA
ENSDART00000006765	tm9sf4	361	56.0	39.0	13.5	20.3	75.9	127.9	23.71	102.64	2.11402550761
ENSDART00000003314	nusap1	476	58.1	45.8	9.6	17.0	88.7	129.4	27.95	189.37	2.76028760894
ENSDART00000088270	yjefn3	5	25.7	21.3	NA	NA	NA	NA	NA	NA	NA
ENSDART00000010824	CU896698.1	4	79.5	80.3	NA	NA	NA	NA	NA	NA	NA
ENSDART00000145966	mapkapk5	7	47.8	31.0	NA	NA	NA	NA	NA	NA	NA
ENSDART00000108769	slc27a1b	1	55.7	55.7	NA	NA	NA	NA	NA	NA	NA
ENSDART00000141782	si:dkey-226k3.4	15	33.0	28.6	12.7	18.8	48.5	58.9	NA	NA	NA
ENSDART00000148709	brd2b	38	28.0	22.8	9.9	13.9	30.3	44.5	5.28	2.13	-1.30968449913
ENSDART00000054274	macf1	1	12.5	12.5	NA	NA	NA	NA	0.61	0.2	-1.60880924268
ENSDART00000006612	tbr1b	26	59.3	36.8	8.1	17.8	86.4	135.7	NA	NA	NA
ENSDART00000136761	prkx	5	92.6	128.6	NA	NA	NA	NA	NA	NA	NA
ENSDART00000136763	vav3a	4	88.3	98.9	NA	NA	NA	NA	NA	NA	NA
ENSDART00000041677	serpine2	217	47.9	44.1	15.6	29.6	62.1	82.5	24.16	86.91	1.84690173067
ENSDART00000080290	ST3GAL1	62	32.9	26.5	12.6	18.8	44.1	61.0	34.17	2.53	-3.75552095773
ENSDART00000042867	DEDD	123	57.9	38.0	10.1	17.7	98.5	133.8	42.39	33.42	-0.343012232994
ENSDART00000021209	uxt	29	54.5	45.0	9.1	16.2	68.7	128.0	NA	NA	NA
ENSDART00000123062	insig1	19	50.1	28.9	10.6	17.9	43.7	156.0	NA	NA	NA
ENSDART00000044429	rnf123	3	6.4	12.0	NA	NA	NA	NA	NA	NA	NA
ENSDART00000054652	MARVELD3	52	61.3	41.1	14.0	24.8	97.2	126.7	NA	NA	NA
ENSDART00000078306	arhgef2	64	90.9	89.3	12.7	40.6	127.8	170.0	NA	NA	NA
ENSDART00000027756	arhgef39	132	38.8	32.2	12.5	23.1	51.7	73.8	14.05	48.21	1.77876229929
ENSDART00000018908	slc27a1a	88	26.3	24.2	10.8	17.5	33.2	42.8	16.74	14.04	-0.253756592246
ENSDART00000054659	fam58a	59	37.3	22.4	7.2	11.8	37.1	93.3	NA	NA	NA
ENSDART00000133801	mylk2	3	137.6	142.5	NA	NA	NA	NA	NA	NA	NA
ENSDART00000036147	irx5b	1	50.8	50.8	NA	NA	NA	NA	NA	NA	NA
ENSDART00000054809	trappc11	78	33.5	21.8	9.3	15.1	40.4	74.0	14.28	20.36	0.511741582047
ENSDART00000011337	surf1	11	78.5	59.5	25.8	36.7	107.5	126.2	NA	NA	NA
ENSDART00000065318	C21HXorf40B	16	63.6	46.6	10.4	16.5	95.6	134.6	NA	NA	NA
ENSDART00000108587	sec31a	193	123.5	123.6	68.9	93.2	150.1	188.2	9.6	50.54	2.39631935334
ENSDART00000081215	krt8	3002	63.1	56.7	21.1	37.3	82.4	114.5	NA	NA	NA
ENSDART00000122449	ccnb3	226	51.8	34.5	7.5	14.3	71.2	136.0	40.45	165.88	2.03592834459
ENSDART00000124875	u2af2a	426	93.3	90.9	40.3	64.0	118.0	150.0	77.61	314.91	2.02062511128
ENSDART00000147702	zdhhc5a	34	46.2	27.2	9.0	11.1	52.9	119.9	NA	NA	NA
ENSDART00000105694	adprm	102	42.3	33.9	7.1	16.5	61.0	95.2	NA	NA	NA
ENSDART00000081212	polr2l	298	57.6	49.2	17.3	29.9	80.7	108.5	239.96	348.59	0.538737246849
ENSDART00000122441	CABZ01073069.1	1	38.7	38.7	NA	NA	NA	NA	NA	NA	NA
ENSDART00000122445	AKT3	9	27.4	24.8	NA	NA	NA	NA	NA	NA	NA
ENSDART00000113447	OTTDARG00000032278	4	60.6	47.0	NA	NA	NA	NA	NA	NA	NA
ENSDART00000056248	wdr48	48	41.8	16.9	7.0	10.6	65.6	124.9	5.65	15.48	1.45408269884
ENSDART00000138360	myo10l3	3	148.3	157.6	NA	NA	NA	NA	NA	NA	NA
ENSDART00000126589	CU695232.1	37	24.8	22.4	10.8	14.8	33.6	41.8	NA	NA	NA
ENSDART00000080925	impad1	15	77.4	42.7	23.8	32.6	138.9	158.7	NA	NA	NA
ENSDART00000080927	snap25b	1	67.8	67.8	NA	NA	NA	NA	NA	NA	NA
ENSDART00000144616	DHRS4	9	67.9	35.1	NA	NA	NA	NA	NA	NA	NA
ENSDART00000110482	zdhhc12a	2	25.3	25.3	NA	NA	NA	NA	NA	NA	NA
ENSDART00000124445	SERTAD4	2	75.5	75.5	NA	NA	NA	NA	NA	NA	NA
ENSDART00000126586	si:ch211-197l9.5	8	28.0	8.9	NA	NA	NA	NA	NA	NA	NA
ENSDART00000027532	mapkapk2a	276	51.8	35.0	10.2	19.3	79.2	116.3	18.8	125.64	2.74049128109
ENSDART00000050379	JHDM1D	52	84.8	76.4	22.4	38.9	128.7	169.8	5.69	16.15	1.50503360727
ENSDART00000124729	RIBC2	5	80.3	68.7	NA	NA	NA	NA	NA	NA	NA
ENSDART00000121931	CABZ01074181.1	1	83.0	83.0	NA	NA	NA	NA	NA	NA	NA
ENSDART00000124724	dpydb	28	33.8	27.0	13.5	20.6	40.0	52.6	NA	NA	NA
ENSDART00000084598	vimp	59	35.6	22.1	10.2	15.0	41.2	87.9	NA	NA	NA
ENSDART00000105526	nub1	10	44.3	21.4	5.6	13.8	72.1	101.4	NA	NA	NA
ENSDART00000061016	fam192a	46	76.5	60.3	21.8	32.9	94.7	166.0	29.55	28.07	-0.0741290665524
ENSDART00000105520	pias4a	227	55.1	37.6	12.9	21.7	74.9	129.1	30.02	100.76	1.74692714511
ENSDART00000105523	timm23	167	65.0	54.1	18.3	32.8	86.5	133.6	22.46	46.52	1.05049316907
ENSDART00000050311	RLTPR	238	48.4	40.6	11.8	23.9	65.7	97.5	NA	NA	NA
ENSDART00000084597	d2hgdh	4	85.1	72.3	NA	NA	NA	NA	NA	NA	NA
ENSDART00000123086	pitpnb	36	62.6	41.5	10.3	19.3	103.9	154.3	NA	NA	NA
ENSDART00000102518	wu:fc28f08	18	62.8	59.0	9.6	21.0	85.6	138.7	NA	NA	NA
ENSDART00000098285	atf5a	1	26.4	26.4	NA	NA	NA	NA	NA	NA	NA
ENSDART00000102510	zgc:77056	80	73.5	70.0	23.9	47.1	100.3	116.6	75.92	168.55	1.15062472985
ENSDART00000102511	ccdc104	34	95.8	89.2	36.7	57.1	126.1	150.2	31.95	4.58	-2.80239642774
ENSDART00000127194	ghra	1	4.1	4.1	NA	NA	NA	NA	NA	NA	NA
ENSDART00000040701	ing5a	12	42.4	31.8	7.1	13.5	54.9	92.6	NA	NA	NA
ENSDART00000060723	CU862021.1	165	55.0	51.2	17.2	32.2	68.7	98.2	NA	NA	NA
ENSDART00000040708	caprin2	153	24.9	23.6	10.1	16.0	30.6	42.5	41.85	4.76	-3.13619414413
ENSDART00000058993	psph	44	44.4	35.7	8.4	16.4	62.6	87.7	34.42	36.02	0.0655510838661
ENSDART00000060729	YRDC	17	81.8	73.0	35.3	58.3	113.4	133.6	NA	NA	NA
ENSDART00000075278	atp1b4	1	78.0	78.0	NA	NA	NA	NA	NA	NA	NA
ENSDART00000066894	dcp1b	8	92.5	69.5	NA	NA	NA	NA	NA	NA	NA
ENSDART00000146619	dram2b	10	37.1	19.9	9.4	11.8	38.9	64.8	NA	NA	NA
ENSDART00000005609	kifap3a	10	47.7	26.7	6.9	17.8	39.9	124.6	NA	NA	NA
ENSDART00000082296	ptger4a	2	82.1	82.1	NA	NA	NA	NA	NA	NA	NA
ENSDART00000066898	rps16	558	92.6	95.8	34.8	55.6	121.2	148.2	1081.72	502.18	-1.1070506326
ENSDART00000146616	si:dkey-189h5.6	3	57.1	51.9	NA	NA	NA	NA	NA	NA	NA
ENSDART00000112252	CABZ01079241.1	0	NA	NA	NA	NA	NA	NA	18.14	12.67	-0.517757931388
ENSDART00000135950	smg6	13	61.3	53.7	17.1	22.2	79.2	101.1	NA	NA	NA
ENSDART00000135951	SLC46A3	1	21.7	21.7	NA	NA	NA	NA	NA	NA	NA
ENSDART00000031752	rfx4	3	36.9	19.6	NA	NA	NA	NA	NA	NA	NA
ENSDART00000135959	thumpd3	20	44.0	21.6	10.5	14.1	38.9	138.6	9.14	7.95	-0.201239304886
ENSDART00000079852	ikbkg	38	54.0	46.3	3.8	9.3	89.3	115.9	10.55	14.43	0.451828300897
ENSDART00000125584	im:7136729	6	20.3	19.2	NA	NA	NA	NA	NA	NA	NA
ENSDART00000132295	rnf17	16	29.5	20.7	10.9	14.6	40.5	44.4	2.87	2.62	-0.131483925138
ENSDART00000132297	adam9	2	12.8	12.8	NA	NA	NA	NA	NA	NA	NA
ENSDART00000093160	ch1073-291c23.1	22	37.9	20.1	7.2	10.6	47.2	85.3	NA	NA	NA
ENSDART00000134601	prpf8	701	95.1	91.8	30.4	61.3	123.1	159.6	42.94	141.26	1.71795890531
ENSDART00000079855	FAM98C	5	27.6	23.2	NA	NA	NA	NA	NA	NA	NA
ENSDART00000143395	sh3kbp1	16	31.2	15.1	3.5	8.1	28.8	88.3	NA	NA	NA
ENSDART00000057689	bag3	5	30.4	19.3	NA	NA	NA	NA	NA	NA	NA
ENSDART00000143390	vps41	7	24.5	19.9	NA	NA	NA	NA	NA	NA	NA
ENSDART00000023867	lsg1	207	36.3	20.2	6.5	10.6	39.7	101.6	45.82	53.58	0.225717122538
ENSDART00000057687	si:dkey-51a16.9	1	128.5	128.5	NA	NA	NA	NA	NA	NA	NA
ENSDART00000134661	gstcd	19	18.8	13.7	2.4	10.2	26.9	41.6	NA	NA	NA
ENSDART00000013278	sirt2	12	55.7	35.8	16.1	17.5	99.4	122.3	NA	NA	NA
ENSDART00000074814	ppib	427	56.4	50.4	19.6	30.1	72.2	108.4	239.54	166.57	-0.52413799871
ENSDART00000037986	zgc:91844	26	77.6	66.0	17.9	28.2	113.0	162.3	24.14	29.61	0.294658814423
ENSDART00000018017	gmcl1	6	32.7	10.4	NA	NA	NA	NA	7.31	12.24	0.74366024674
ENSDART00000136976	pam	19	25.3	21.2	10.9	15.5	27.0	45.4	NA	NA	NA
ENSDART00000129560	dusp7	16	69.2	67.7	15.0	21.2	103.8	124.2	NA	NA	NA
ENSDART00000066767	CABZ01090951.1	23	45.2	33.3	19.3	25.6	59.7	74.8	NA	NA	NA
ENSDART00000066764	commd3	12	38.8	42.9	21.0	24.2	50.4	53.1	NA	NA	NA
ENSDART00000066097	pygo1	1	12.2	12.2	NA	NA	NA	NA	NA	NA	NA
ENSDART00000047954	ugcg	241	54.3	38.3	9.2	16.3	76.6	126.5	15.48	94.28	2.60654628711
ENSDART00000066760	cct5	326	73.0	61.5	16.8	34.4	101.6	145.6	82.01	125.36	0.612205342387
ENSDART00000113867	SLC41A2	20	60.7	54.5	14.3	29.1	85.8	118.5	NA	NA	NA
ENSDART00000055269	gng13b	3	33.6	22.0	NA	NA	NA	NA	NA	NA	NA
ENSDART00000111494	GAL3ST4	4	98.9	102.7	NA	NA	NA	NA	NA	NA	NA
ENSDART00000111497	ITCH	20	18.3	15.3	5.1	10.6	27.0	34.0	NA	NA	NA
ENSDART00000123082	crygn1	13	25.6	27.6	5.9	12.0	40.1	54.0	NA	NA	NA
ENSDART00000055266	rbbp6	39	53.1	34.5	7.9	15.7	74.0	117.8	NA	NA	NA
ENSDART00000061396	chmp5b	159	52.8	47.8	15.3	26.2	75.3	95.7	44.57	115.19	1.36987061134
ENSDART00000055263	itga3a	2	11.1	11.1	NA	NA	NA	NA	NA	NA	NA
ENSDART00000059028	hvcn1	38	23.7	19.7	11.2	13.4	31.2	41.2	NA	NA	NA
ENSDART00000152413	txndc11	18	50.9	33.9	14.0	20.5	51.4	98.7	8.92	1.7	-2.39150896378
ENSDART00000152482	pagr1	44	56.7	45.0	11.9	20.3	87.6	130.1	37.89	22.24	-0.768660351785
ENSDART00000125058	nipsnap3	41	41.4	37.4	17.8	24.2	50.4	61.9	NA	NA	NA
ENSDART00000037385	appa	96	79.1	65.8	22.7	39.4	105.7	154.4	NA	NA	NA
ENSDART00000037389	zgc:55413	1	41.5	41.5	NA	NA	NA	NA	93.29	11.12	-3.06856565503
ENSDART00000051973	sirt3	8	27.0	21.8	NA	NA	NA	NA	NA	NA	NA
ENSDART00000125136	CT573476.2	175	50.4	33.6	10.6	20.4	57.3	117.8	29.72	35.9	0.272549728172
ENSDART00000125131	smad6a	1	28.2	28.2	NA	NA	NA	NA	NA	NA	NA
ENSDART00000049503	peli2	157	75.9	60.9	17.0	28.3	114.5	170.7	NA	NA	NA
ENSDART00000076373	st8sia7.1	48	24.5	16.6	6.9	10.2	32.0	44.3	NA	NA	NA
ENSDART00000020542	PLEKHO2	10	26.8	21.5	7.1	12.9	32.1	39.6	NA	NA	NA
ENSDART00000088876	satb2	1	99.5	99.5	NA	NA	NA	NA	NA	NA	NA
ENSDART00000109577	CABP7	8	27.3	31.0	NA	NA	NA	NA	NA	NA	NA
ENSDART00000125850	CABZ01055500.1	7	119.9	63.0	NA	NA	NA	NA	NA	NA	NA
ENSDART00000083499	kdm6al	65	42.2	20.7	7.4	16.0	40.0	63.8	16.63	0.87	-4.25662895744
ENSDART00000140518	rpl27	927	79.3	79.2	26.5	42.4	107.5	134.6	1443.3	501.71	-1.5244456062
ENSDART00000005027	si:ch211-212o1.2	14	39.1	25.5	10.2	17.1	56.0	63.8	NA	NA	NA
ENSDART00000005025	hdr	4	56.1	50.9	NA	NA	NA	NA	NA	NA	NA
ENSDART00000047418	notum1a	368	56.8	47.0	13.2	23.1	82.5	117.5	NA	NA	NA
ENSDART00000151608	pax6l	2	25.3	25.3	NA	NA	NA	NA	NA	NA	NA
ENSDART00000111160	ptmab	2211	103.9	103.4	62.8	83.6	124.5	144.8	770.99	1041.31	0.433615572549
ENSDART00000044282	hif1aa	2	84.7	84.7	NA	NA	NA	NA	NA	NA	NA
ENSDART00000051950	gngt1	1	26.1	26.1	NA	NA	NA	NA	NA	NA	NA
ENSDART00000097267	MATR3	140	77.8	67.5	17.6	41.9	112.9	143.3	32.62	145.81	2.16026097939
ENSDART00000140621	adck4	91	42.5	37.6	17.2	23.6	53.9	75.1	NA	NA	NA
ENSDART00000086534	cyb5d2	2	16.0	16.0	NA	NA	NA	NA	NA	NA	NA
ENSDART00000086537	ankfy1	75	60.7	49.4	15.5	28.4	84.8	131.7	4.82	13.3	1.46432119416
ENSDART00000046253	prkcq	3	27.1	11.0	NA	NA	NA	NA	NA	NA	NA
ENSDART00000086531	cox11	26	67.9	64.5	16.8	32.4	103.1	119.2	NA	NA	NA
ENSDART00000014674	tac1	1	51.7	51.7	NA	NA	NA	NA	NA	NA	NA
ENSDART00000086533	atp10a	54	57.8	26.9	12.6	18.5	94.8	144.1	3.02	2.62	-0.204981737788
ENSDART00000112607	wu:fe36b12	8	30.0	20.4	NA	NA	NA	NA	NA	NA	NA
ENSDART00000001253	si:busm1-57f23.1	2	11.5	11.5	NA	NA	NA	NA	NA	NA	NA
ENSDART00000002507	rhoj	1	16.8	16.8	NA	NA	NA	NA	NA	NA	NA
ENSDART00000039388	pcyox1	4	35.4	15.4	NA	NA	NA	NA	NA	NA	NA
ENSDART00000134665	cenph	20	25.0	21.3	7.4	11.9	33.0	55.1	NA	NA	NA
ENSDART00000039386	zgc:66427	259	79.4	71.6	13.8	35.0	116.3	160.4	NA	NA	NA
ENSDART00000039381	cops7a	127	67.7	55.7	13.2	24.1	100.2	134.6	15.16	44.47	1.55256265118
ENSDART00000128181	ripk4	118	41.0	21.3	10.2	14.4	49.9	113.8	NA	NA	NA
ENSDART00000109605	si:dkey-219c3.2	89	40.7	17.9	3.5	7.8	47.8	112.1	4.56	29.8	2.70820660118
ENSDART00000143930	tmem238	7	58.0	39.9	NA	NA	NA	NA	NA	NA	NA
ENSDART00000143933	chchd6a	45	22.9	22.8	7.9	14.7	29.9	38.5	NA	NA	NA
ENSDART00000104586	zgc:123284	1	6.5	6.5	NA	NA	NA	NA	NA	NA	NA
ENSDART00000104581	ccnk	135	63.3	51.9	13.0	23.9	94.4	131.2	NA	NA	NA
ENSDART00000109752	serpinh1a	34	63.2	50.8	25.7	37.4	84.3	107.0	NA	NA	NA
ENSDART00000009464	slc30a7	0	NA	NA	NA	NA	NA	NA	11.32	38.64	1.771221136
ENSDART00000109750	CABZ01067868.1	22	40.6	22.6	8.0	15.8	37.8	129.8	NA	NA	NA
ENSDART00000135606	si:dkey-205h13.1	2	11.4	11.4	NA	NA	NA	NA	NA	NA	NA
ENSDART00000133659	ncapg	654	53.1	43.6	15.0	23.7	72.0	99.3	51.03	154.38	1.59706831607
ENSDART00000129583	fbxo8	12	11.0	11.5	-4.3	6.1	22.8	28.4	NA	NA	NA
ENSDART00000002691	tspan7b	38	34.7	31.5	10.0	13.9	46.9	62.1	NA	NA	NA
ENSDART00000002693	stx16	39	50.7	43.3	3.6	18.4	68.0	108.6	NA	NA	NA
ENSDART00000076946	si:ch211-242b18.1	38	127.0	130.5	62.2	93.7	157.4	196.1	NA	NA	NA
ENSDART00000101504	tmem160	8	79.1	77.8	NA	NA	NA	NA	NA	NA	NA
ENSDART00000138606	las1l	34	49.5	38.9	10.3	18.4	63.9	78.7	18.72	71.13	1.92587772862
ENSDART00000062736	coasy	82	34.2	22.0	7.4	13.2	36.1	98.8	10.63	19.17	0.850708740137
ENSDART00000061665	mrps7	12	55.1	44.5	19.0	21.9	85.1	106.3	NA	NA	NA
ENSDART00000053095	rhbdf1	6	35.5	19.0	NA	NA	NA	NA	NA	NA	NA
ENSDART00000129713	rnf139	50	32.7	27.3	8.7	16.3	36.3	67.3	7.38	5.72	-0.367605669282
ENSDART00000129009	mettl21d	14	36.3	27.3	11.3	20.9	59.8	65.7	NA	NA	NA
ENSDART00000053304	si:ch211-114n24.6	0	NA	NA	NA	NA	NA	NA	17.43	75.91	2.12271738205
ENSDART00000018868	pdia4	20	44.4	23.2	3.7	8.9	60.0	101.3	6.43	3.73	-0.785643107073
ENSDART00000105514	ZNF576	231	63.4	53.8	13.9	27.5	87.4	130.0	66.55	258.95	1.96016298722
ENSDART00000129240	si:dkey-253d23.4	3	44.7	19.6	NA	NA	NA	NA	NA	NA	NA
ENSDART00000055619	phactr4a	8	61.6	55.0	NA	NA	NA	NA	NA	NA	NA
ENSDART00000078385	ppat	95	67.6	47.9	12.0	17.7	113.3	154.1	22.41	37.98	0.761097256639
ENSDART00000025308	tbc1d19	4	45.9	51.9	NA	NA	NA	NA	NA	NA	NA
ENSDART00000128986	si:dkey-21o19.2	2	132.0	132.0	NA	NA	NA	NA	NA	NA	NA
ENSDART00000042674	helz	148	75.9	50.4	14.2	23.0	125.0	170.2	53.49	8.39	-2.67252648791
ENSDART00000042672	guf1	2	59.0	59.0	NA	NA	NA	NA	NA	NA	NA
ENSDART00000113692	CABZ01066734.1	19	19.6	14.8	8.6	12.3	20.9	32.9	5.93	0.85	-2.80249735841
ENSDART00000042678	vps4a	1	14.5	14.5	NA	NA	NA	NA	NA	NA	NA
ENSDART00000087918	CT573152.3	17	90.4	88.2	19.4	45.4	121.0	141.4	NA	NA	NA
ENSDART00000129365	kcnb2	2	71.0	71.0	NA	NA	NA	NA	NA	NA	NA
ENSDART00000028612	pde4ba	1	13.7	13.7	NA	NA	NA	NA	NA	NA	NA
ENSDART00000129362	eef1a1l1	6	60.2	65.3	NA	NA	NA	NA	330.26	1935.4	2.55095761622
ENSDART00000114642	ibtk	34	59.6	31.2	8.2	13.7	96.6	122.9	2.93	1.93	-0.602299817154
ENSDART00000087662	phf14	43	18.2	15.0	5.1	9.3	24.2	35.0	9.97	17.41	0.804250793253
ENSDART00000114766	grik5	2	27.7	27.7	NA	NA	NA	NA	NA	NA	NA
ENSDART00000114762	nanog	672	22.7	17.8	4.9	10.7	26.9	42.4	61.65	93.88	0.606716947233
ENSDART00000050969	TMEM150A	9	65.9	30.1	NA	NA	NA	NA	NA	NA	NA
ENSDART00000105323	C22H6orf89	29	50.9	19.6	11.2	14.2	67.8	141.5	NA	NA	NA
ENSDART00000105326	TONSL	20	80.0	66.2	7.7	15.0	124.7	167.9	3.14	4.74	0.594122500007
ENSDART00000140917	prkra	28	63.8	45.1	17.8	28.0	98.7	125.9	NA	NA	NA
ENSDART00000144633	si:ch73-387e10.3	7	54.4	34.3	NA	NA	NA	NA	NA	NA	NA
ENSDART00000049372	itgb8	6	69.9	51.8	NA	NA	NA	NA	NA	NA	NA
ENSDART00000063786	cab39	270	54.9	45.0	10.4	21.6	83.0	113.0	NA	NA	NA
ENSDART00000123104	notch2	16	54.9	32.3	-0.9	5.8	112.7	134.0	NA	NA	NA
ENSDART00000124264	GTF3C1	4	74.8	75.7	NA	NA	NA	NA	9.08	0.98	-3.21183864318
ENSDART00000050966	slc25a46	6	26.6	22.8	NA	NA	NA	NA	NA	NA	NA
ENSDART00000043774	sde2	284	42.1	32.1	11.8	18.7	53.7	87.0	48.87	203.11	2.05524026192
ENSDART00000149398	si:ch73-132k15.2	28	32.5	35.7	11.2	17.8	45.6	56.6	35.26	6.49	-2.44174209132
ENSDART00000110923	cnksr2b	58	93.2	93.6	19.7	45.5	131.2	159.3	NA	NA	NA
ENSDART00000007170	prpsap2	56	75.1	48.1	10.8	19.9	99.6	185.3	NA	NA	NA
ENSDART00000146211	h3f3a	16417	86.4	83.5	35.8	57.5	111.5	139.2	3175.73	12229.29	1.94518048213
ENSDART00000149427	sgca	1	55.3	55.3	NA	NA	NA	NA	NA	NA	NA
ENSDART00000026213	MARK3	29	41.6	28.5	7.6	16.4	47.8	83.9	NA	NA	NA
ENSDART00000144379	ndufaf1	32	81.4	75.7	17.3	27.3	119.0	164.5	NA	NA	NA
ENSDART00000112845	CR391995.1	1	52.3	52.3	NA	NA	NA	NA	NA	NA	NA
ENSDART00000035150	spast	77	86.4	68.1	13.8	20.3	143.1	196.0	9.69	11.34	0.226852069527
ENSDART00000042492	sepsecs	18	50.9	42.7	8.7	15.2	62.1	116.4	NA	NA	NA
ENSDART00000144373	zgc:153499	96	47.9	45.6	18.6	26.6	61.6	85.5	50.82	44.0	-0.207892851641
ENSDART00000049462	rab15	3	68.3	53.3	NA	NA	NA	NA	NA	NA	NA
ENSDART00000042496	tango6	39	60.3	41.3	18.3	21.9	87.8	126.6	7.23	5.99	-0.271439644162
ENSDART00000123271	rcan1b	19	27.6	22.0	8.1	10.9	43.0	56.4	NA	NA	NA
ENSDART00000042495	sat1b	8	98.8	95.5	NA	NA	NA	NA	NA	NA	NA
ENSDART00000067764	stk17a	5	42.1	20.0	NA	NA	NA	NA	NA	NA	NA
ENSDART00000067762	si:ch211-94l19.4	15	34.0	22.6	12.3	15.1	33.1	55.4	NA	NA	NA
ENSDART00000145571	epb41l4b	76	45.6	33.4	7.7	15.0	62.7	108.5	NA	NA	NA
ENSDART00000124800	fam212aa	227	31.7	16.0	3.6	7.2	44.2	84.5	NA	NA	NA
ENSDART00000087001	cnnm2a	14	19.8	16.6	9.3	12.9	24.2	33.6	NA	NA	NA
ENSDART00000114544	cdk13	117	82.7	68.2	19.8	35.8	119.4	171.9	25.49	12.85	-0.988163013941
ENSDART00000121699	wee2	182	27.0	21.9	7.5	12.1	37.6	52.1	30.07	19.05	-0.658533870193
ENSDART00000114546	dusp12	6	50.4	36.6	NA	NA	NA	NA	NA	NA	NA
ENSDART00000020370	zgc:123107	1	17.1	17.1	NA	NA	NA	NA	NA	NA	NA
ENSDART00000121691	slc35c1	124	50.1	36.6	15.3	23.0	67.0	108.7	NA	NA	NA
ENSDART00000035152	KIF26A	44	98.3	91.9	31.4	57.7	132.1	171.4	NA	NA	NA
ENSDART00000050847	GLDC	178	96.3	93.6	13.5	39.1	141.9	179.9	16.91	38.21	1.17607359795
ENSDART00000017593	tmem237a	1	20.9	20.9	NA	NA	NA	NA	NA	NA	NA
ENSDART00000076084	NPM2	344	45.6	42.8	25.3	33.0	55.3	68.4	240.42	63.0	-1.93213318188
ENSDART00000017599	rem1	7	83.3	43.3	NA	NA	NA	NA	NA	NA	NA
ENSDART00000149646	slc31a1	247	79.6	65.6	14.6	30.3	118.4	160.1	NA	NA	NA
ENSDART00000149640	egln3	4	52.1	62.7	NA	NA	NA	NA	NA	NA	NA
ENSDART00000007310	zgc:171731	16	33.9	27.5	14.8	21.7	45.8	58.6	NA	NA	NA
ENSDART00000149642	h6pd	9	52.6	51.3	NA	NA	NA	NA	NA	NA	NA
ENSDART00000064586	cyp2x7	4	75.8	61.3	NA	NA	NA	NA	NA	NA	NA
ENSDART00000091158	irg1l	2	10.4	10.4	NA	NA	NA	NA	NA	NA	NA
ENSDART00000064233	efcab11	62	37.1	35.3	14.5	20.0	45.1	76.2	NA	NA	NA
ENSDART00000131951	clpp	66	23.4	17.9	3.7	8.1	27.6	44.1	14.23	30.59	1.10412444503
ENSDART00000144113	si:ch211-149a19.3	37	95.9	74.5	28.0	46.9	150.2	178.3	NA	NA	NA
ENSDART00000060266	ceacam1	22	40.3	31.6	7.4	17.8	47.0	72.7	NA	NA	NA
ENSDART00000030566	galk1	10	38.2	24.0	17.3	20.6	33.3	60.8	NA	NA	NA
ENSDART00000010813	foxa3	298	50.8	36.6	8.0	14.4	77.9	114.3	NA	NA	NA
ENSDART00000045615	qrsl1	19	21.1	18.6	7.2	11.1	24.1	39.7	NA	NA	NA
ENSDART00000021394	mettl13	22	46.6	30.4	9.5	20.1	73.4	109.2	NA	NA	NA
ENSDART00000139267	ZMAT1	30	31.9	17.5	7.7	10.6	34.9	94.1	NA	NA	NA
ENSDART00000016422	mknk2b	69	78.8	70.0	13.8	31.8	125.0	150.1	9.91	35.1	1.82451406801
ENSDART00000149299	cers2b	428	107.0	104.3	51.6	76.3	135.5	163.9	NA	NA	NA
ENSDART00000016103	nxnl2	17	74.3	50.0	13.2	21.2	95.0	147.6	NA	NA	NA
ENSDART00000011435	cox5ab	161	72.1	64.9	24.6	45.1	102.6	125.1	98.35	67.9	-0.534513478034
ENSDART00000028960	ndufa2	124	70.5	64.9	20.9	37.2	99.4	130.3	NA	NA	NA
ENSDART00000019620	ddx23	577	102.6	100.6	38.4	63.3	136.5	170.4	48.76	182.94	1.90760052511
ENSDART00000019991	slc7a6os	11	66.3	55.5	14.9	29.1	70.5	154.5	NA	NA	NA
ENSDART00000136402	zgc:56585	65	123.3	129.1	49.8	100.2	150.5	180.9	NA	NA	NA
ENSDART00000052307	arrdc3b	37	45.8	18.3	5.5	9.9	77.4	117.6	NA	NA	NA
ENSDART00000055242	nde1	37	61.2	37.7	3.8	12.6	84.6	146.3	NA	NA	NA
ENSDART00000112995	wu:fi34b01	63	29.5	22.6	7.3	14.3	38.8	60.3	12.99	3.9	-1.7358554017
ENSDART00000122589	rnf113a	111	70.8	69.3	21.7	34.2	95.4	132.9	39.2	40.39	0.0431444917005
ENSDART00000002842	cyp2y3	243	58.0	45.3	14.4	24.4	79.6	118.7	NA	NA	NA
ENSDART00000122584	tmem176l.2	2	17.0	17.0	NA	NA	NA	NA	NA	NA	NA
ENSDART00000043727	slc7a3a	143	87.6	88.8	20.0	48.4	117.7	155.7	NA	NA	NA
ENSDART00000122582	gbas	343	63.0	53.6	14.5	28.4	84.8	126.1	35.63	44.72	0.32782770471
ENSDART00000122053	map2k6	248	68.9	62.2	20.2	34.8	98.2	129.2	39.33	122.3	1.63672231247
ENSDART00000137024	ska3	76	54.0	37.8	9.6	17.6	76.5	117.1	11.2	17.49	0.643031556977
ENSDART00000122051	bon	1	-7.1	-7.1	NA	NA	NA	NA	NA	NA	NA
ENSDART00000060005	rpl32	962	62.0	50.7	22.9	34.2	86.9	118.6	2284.6	935.5	-1.28813203404
ENSDART00000015991	il1b	2	9.2	9.2	NA	NA	NA	NA	NA	NA	NA
ENSDART00000060006	olig2	1	121.5	121.5	NA	NA	NA	NA	NA	NA	NA
ENSDART00000015333	gbx2	2	42.7	42.7	NA	NA	NA	NA	NA	NA	NA
ENSDART00000040346	efr3ba	2	96.2	96.2	NA	NA	NA	NA	NA	NA	NA
ENSDART00000031650	hsp70l	2	34.5	34.5	NA	NA	NA	NA	NA	NA	NA
ENSDART00000010210	lect1	1	195.7	195.7	NA	NA	NA	NA	NA	NA	NA
ENSDART00000054337	gpr157	4	48.9	22.1	NA	NA	NA	NA	NA	NA	NA
ENSDART00000123182	mgat1a	27	45.9	22.4	8.3	10.6	66.3	116.0	NA	NA	NA
ENSDART00000123181	rbp2b	2	50.7	50.7	NA	NA	NA	NA	NA	NA	NA
ENSDART00000103158	rarga	4	53.2	24.8	NA	NA	NA	NA	NA	NA	NA
ENSDART00000088591	egfra	8	67.4	55.6	NA	NA	NA	NA	NA	NA	NA
ENSDART00000123851	FUT8	1	3.2	3.2	NA	NA	NA	NA	NA	NA	NA
ENSDART00000111702	CABZ01055652.1	2	90.8	90.8	NA	NA	NA	NA	NA	NA	NA
ENSDART00000097865	ints9	36	47.6	26.2	10.5	14.5	70.6	111.4	8.0	19.58	1.29130885983
ENSDART00000097864	ankrd12	12	84.0	70.2	9.3	22.0	109.1	202.1	5.6	1.88	-1.57469416527
ENSDART00000111706	CU302436.3	7	19.7	34.9	NA	NA	NA	NA	NA	NA	NA
ENSDART00000075331	insm1b	5	73.8	60.5	NA	NA	NA	NA	NA	NA	NA
ENSDART00000019196	lft1	140	64.4	41.2	8.9	15.4	105.5	160.5	NA	NA	NA
ENSDART00000075333	map3k4	31	55.3	31.0	3.6	16.3	92.5	124.3	15.34	4.76	-1.68826500419
ENSDART00000085748	NDST1	105	34.1	20.7	6.3	11.3	37.0	78.6	5.08	2.25	-1.17490349556
ENSDART00000115307	CR847496.2	13	45.4	38.8	12.5	23.1	65.7	86.1	NA	NA	NA
ENSDART00000141039	polk	14	93.2	114.5	12.1	55.5	135.6	161.4	NA	NA	NA
ENSDART00000089234	slc12a7a	36	55.5	40.4	6.4	21.8	81.9	111.3	NA	NA	NA
ENSDART00000025877	cldn12	39	30.9	25.8	7.8	13.8	32.3	50.2	NA	NA	NA
ENSDART00000023089	acadvl	95	51.7	40.6	15.8	28.0	61.0	100.0	12.52	48.99	1.96825272935
ENSDART00000108938	BX324131.3	194	50.9	40.5	9.8	21.7	71.2	111.7	NA	NA	NA
ENSDART00000033132	fam126a	4	79.8	79.1	NA	NA	NA	NA	NA	NA	NA
ENSDART00000081156	timm13	157	45.3	35.3	11.3	23.8	59.3	88.2	NA	NA	NA
ENSDART00000057268	greb1l	38	97.2	105.0	12.3	46.9	142.2	169.1	NA	NA	NA
ENSDART00000029133	nhp2l1b	114	62.7	53.6	25.6	35.9	78.5	119.8	801.88	1094.26	0.448497307197
ENSDART00000081158	SH3BGRL	17	104.5	103.6	46.8	72.7	131.3	145.9	NA	NA	NA
ENSDART00000051763	rps3a	522	84.7	85.0	34.2	50.0	111.0	134.6	1671.92	600.68	-1.47683728291
ENSDART00000089953	sik2b	11	86.6	72.4	19.3	43.5	139.1	163.5	NA	NA	NA
ENSDART00000103980	crip2	42	25.2	17.5	5.8	11.1	37.1	49.9	NA	NA	NA
ENSDART00000103981	si:dkey-269d20.3	8	39.8	20.0	NA	NA	NA	NA	NA	NA	NA
ENSDART00000018570	wars2	3	51.0	40.1	NA	NA	NA	NA	NA	NA	NA
ENSDART00000129161	wrap53	45	43.6	30.9	10.8	16.2	71.3	91.7	11.71	20.99	0.841961090791
ENSDART00000033871	ap2s1	101	67.5	47.4	14.7	25.6	91.0	147.5	NA	NA	NA
ENSDART00000099832	TSC22D4	27	61.6	47.3	15.8	32.1	72.9	123.4	NA	NA	NA
ENSDART00000103054	lysmd1	33	57.9	39.9	19.1	25.5	74.1	129.3	NA	NA	NA
ENSDART00000085522	hspb6	2	7.8	7.8	NA	NA	NA	NA	NA	NA	NA
ENSDART00000088041	UFSP1	9	35.7	38.9	NA	NA	NA	NA	NA	NA	NA
ENSDART00000062080	chrac1	215	57.8	48.7	13.0	25.6	85.5	109.8	NA	NA	NA
ENSDART00000111646	suds3	109	51.7	34.4	7.1	13.9	73.3	129.6	12.16	36.53	1.58693852492
ENSDART00000059907	gas8	29	57.8	38.8	12.2	16.9	78.7	135.5	11.06	5.62	-0.976709350014
ENSDART00000111641	morn4	17	66.8	43.1	15.0	22.7	102.0	143.1	NA	NA	NA
ENSDART00000060695	zc3h14	117	42.9	31.7	9.6	16.6	60.1	102.5	28.41	53.91	0.924154078042
ENSDART00000103986	fam3a	187	58.1	48.7	10.8	26.3	82.3	118.1	43.78	59.32	0.438246643274
ENSDART00000077829	pelo	203	58.4	48.2	15.3	25.8	80.8	112.8	48.05	64.38	0.422076145817
ENSDART00000113714	mtx1a	48	40.8	26.6	13.4	18.5	41.4	104.1	NA	NA	NA
ENSDART00000103987	psmd6	410	73.0	60.0	22.5	34.6	103.5	145.6	123.12	153.45	0.317703509026
ENSDART00000141898	ZNF281	271	63.4	49.6	10.9	23.5	101.7	131.6	25.0	156.37	2.64496375432
ENSDART00000000595	CR936437.1	180	70.2	67.0	13.3	25.7	98.7	147.5	NA	NA	NA
ENSDART00000086437	TMCC1	10	51.4	35.4	12.9	18.2	69.7	90.7	NA	NA	NA
ENSDART00000015193	chmp4b	149	64.7	56.1	15.1	29.3	93.5	132.2	39.23	155.53	1.98716364643
ENSDART00000127033	ppp1r3ab	1	132.1	132.1	NA	NA	NA	NA	NA	NA	NA
ENSDART00000015190	ptrhd1	38	55.7	38.8	17.1	27.4	72.2	123.3	NA	NA	NA
ENSDART00000040397	prdx2	368	29.6	19.7	8.8	12.8	31.9	62.0	85.96	39.12	-1.13575911248
ENSDART00000127037	si:ch73-96b22.1	1	204.5	204.5	NA	NA	NA	NA	NA	NA	NA
ENSDART00000015199	rpl36	829	86.7	87.4	34.4	55.7	113.5	137.7	1183.47	537.76	-1.13798878252
ENSDART00000074317	GSK3B	7	59.7	56.8	NA	NA	NA	NA	NA	NA	NA
ENSDART00000041351	hapln4	24	22.6	19.3	10.6	14.4	29.7	36.9	10.07	4.85	-1.05400703093
ENSDART00000009889	zgc:110540	120	70.1	50.2	11.5	25.2	102.0	148.6	NA	NA	NA
ENSDART00000140159	myo10	41	60.2	38.5	6.9	16.3	85.6	142.7	6.6	3.93	-0.747936711987
ENSDART00000008038	sulf2	1	15.2	15.2	NA	NA	NA	NA	NA	NA	NA
ENSDART00000066951	si:ch211-244b2.4	1	27.0	27.0	NA	NA	NA	NA	NA	NA	NA
ENSDART00000004601	laptm4a	35	38.5	38.5	6.6	13.2	57.7	75.4	NA	NA	NA
ENSDART00000126248	tmem120b	29	25.4	20.6	9.6	12.9	28.3	50.5	NA	NA	NA
ENSDART00000008035	trabd	72	57.9	41.8	7.8	16.2	87.0	125.5	NA	NA	NA
ENSDART00000111576	EIF4G3	74	37.6	36.7	4.4	11.1	51.9	73.1	6.38	39.43	2.62766538134
ENSDART00000146260	msrb1b	64	51.2	37.9	14.2	22.2	63.0	113.5	NA	NA	NA
ENSDART00000146261	ranbp10	12	18.6	18.2	6.5	9.2	26.0	29.0	NA	NA	NA
ENSDART00000102134	SGOL1	200	74.2	68.1	12.6	26.8	108.2	150.1	29.08	34.51	0.246987204516
ENSDART00000001803	tomm34	70	53.7	37.7	11.5	20.8	65.9	109.2	NA	NA	NA
ENSDART00000028085	ttc14	27	83.9	69.3	20.1	27.8	108.2	152.3	NA	NA	NA
ENSDART00000133008	si:ch211-161h7.8	1	83.7	83.7	NA	NA	NA	NA	NA	NA	NA
ENSDART00000149835	mtm1	33	79.2	57.0	18.5	29.7	97.3	172.4	NA	NA	NA
ENSDART00000004034	hpca	2	29.5	29.5	NA	NA	NA	NA	NA	NA	NA
ENSDART00000073635	nsmaf	96	57.3	44.8	14.2	23.8	81.7	112.2	9.06	67.34	2.89388076578
ENSDART00000004521	arih2	158	54.6	46.3	12.4	21.5	80.9	109.4	29.9	50.93	0.768370232812
ENSDART00000046498	sema3fa	1	178.6	178.6	NA	NA	NA	NA	NA	NA	NA
ENSDART00000004031	hacl1	15	24.4	22.5	-4.0	15.9	44.4	48.5	NA	NA	NA
ENSDART00000102891	fbxl5	46	50.5	25.8	7.1	13.2	74.6	134.6	9.98	6.54	-0.609749179839
ENSDART00000102893	ALDH1L2	38	89.9	87.2	36.5	60.7	116.1	137.6	NA	NA	NA
ENSDART00000099041	DNAH3	1	10.4	10.4	NA	NA	NA	NA	NA	NA	NA
ENSDART00000083807	cbfa2t2	311	67.3	51.5	11.8	24.0	99.5	148.7	NA	NA	NA
ENSDART00000074170	zgc:173573	3	28.2	25.0	NA	NA	NA	NA	NA	NA	NA
ENSDART00000123868	CU672227.1	1	64.2	64.2	NA	NA	NA	NA	NA	NA	NA
ENSDART00000074172	sgcb	5	38.2	32.7	NA	NA	NA	NA	NA	NA	NA
ENSDART00000074174	tbl3	209	99.9	92.6	28.6	48.7	133.8	179.0	35.13	35.45	0.0130820509045
ENSDART00000027258	AOC2	49	70.0	56.5	15.5	27.9	88.3	159.9	NA	NA	NA
ENSDART00000113468	CABZ01112215.1	20	36.6	34.4	12.1	28.6	48.5	50.8	NA	NA	NA
ENSDART00000113469	ccrn4la	386	37.9	16.8	5.8	10.0	44.3	109.5	NA	NA	NA
ENSDART00000020575	axin2	39	45.3	19.9	10.6	13.5	66.0	114.6	9.38	14.07	0.584962500721
ENSDART00000113465	BX005256.1	48	67.8	61.3	10.8	23.5	113.7	134.2	NA	NA	NA
ENSDART00000113460	BX510926.2	3	51.5	34.6	NA	NA	NA	NA	NA	NA	NA
ENSDART00000148508	tert	5	123.0	124.9	NA	NA	NA	NA	NA	NA	NA
ENSDART00000066373	vdac1	212	82.0	73.0	25.6	39.2	119.6	155.0	29.92	78.69	1.3950701331
ENSDART00000066372	id4	9	69.6	60.5	NA	NA	NA	NA	NA	NA	NA
ENSDART00000126635	sirt6	54	66.2	65.7	9.9	17.7	96.1	151.5	15.87	15.01	-0.0803781512145
ENSDART00000036448	lias	14	42.9	25.7	13.1	20.4	39.2	92.2	NA	NA	NA
ENSDART00000020616	zgc:194189	1	26.6	26.6	NA	NA	NA	NA	NA	NA	NA
ENSDART00000097690	PRKAB2	77	58.1	41.2	18.6	27.3	81.7	118.8	NA	NA	NA
ENSDART00000035432	entpd6	60	71.5	54.7	16.4	28.1	101.8	160.2	10.27	4.16	-1.30378074818
ENSDART00000151807	rgn	1	125.8	125.8	NA	NA	NA	NA	NA	NA	NA
ENSDART00000097695	CNTNAP3	3	17.1	17.2	NA	NA	NA	NA	NA	NA	NA
ENSDART00000146867	aldoaa	799	63.1	58.3	14.4	29.7	91.7	118.1	98.04	379.03	1.95086965206
ENSDART00000098875	tpm2	1	10.3	10.3	NA	NA	NA	NA	NA	NA	NA
ENSDART00000077376	FRRS1L	2	97.3	97.3	NA	NA	NA	NA	NA	NA	NA
ENSDART00000099702	mfsd12a	7	13.7	13.4	NA	NA	NA	NA	NA	NA	NA
ENSDART00000032389	plekhf2	96	52.0	43.7	9.3	18.2	69.4	112.5	NA	NA	NA
ENSDART00000143721	adpgk	59	40.8	21.8	9.1	15.3	55.4	93.8	NA	NA	NA
ENSDART00000098879	CABZ01101003.1	59	47.2	25.8	8.4	14.7	53.4	134.8	28.53	4.8	-2.57137343597
ENSDART00000102096	ppp5c	258	67.6	53.2	20.0	33.7	89.9	138.5	NA	NA	NA
ENSDART00000013591	tfg	589	62.0	45.9	19.7	29.0	82.6	130.9	23.79	129.07	2.43972653422
ENSDART00000013590	wnt11	288	50.6	27.7	5.7	11.0	84.2	130.8	NA	NA	NA
ENSDART00000077549	ncs1a	2	70.1	70.1	NA	NA	NA	NA	NA	NA	NA
ENSDART00000145767	celsr2	30	132.2	130.5	78.6	108.7	157.5	177.3	NA	NA	NA
ENSDART00000113099	tm2d1	22	39.4	29.7	12.8	15.6	47.6	85.3	NA	NA	NA
ENSDART00000113096	PUSL1	3	65.3	60.3	NA	NA	NA	NA	NA	NA	NA
ENSDART00000113093	gba	26	31.0	25.9	11.4	18.7	40.7	57.8	NA	NA	NA
ENSDART00000113092	abhd10b	349	36.9	32.3	12.8	20.9	49.0	68.3	29.05	95.55	1.71771770957
ENSDART00000145769	RABGAP1L	31	38.5	17.8	7.3	12.7	34.7	65.6	NA	NA	NA
ENSDART00000079003	si:ch211-234p6.10	1	79.2	79.2	NA	NA	NA	NA	NA	NA	NA
ENSDART00000097525	snx18a	31	41.0	20.1	7.9	13.7	76.3	89.0	NA	NA	NA
ENSDART00000079001	FRG1	56	61.3	57.9	16.5	28.5	86.1	109.7	46.59	117.54	1.33505956788
ENSDART00000092002	pomt1	18	23.2	17.5	5.6	9.8	25.7	38.9	NA	NA	NA
ENSDART00000110288	ZBTB11	28	56.8	38.5	5.4	10.3	84.0	132.2	7.08	8.2	0.211874549422
ENSDART00000110287	il12rb2l	17	56.5	42.8	14.1	21.9	91.3	116.7	NA	NA	NA
ENSDART00000005929	ppp3ca	2	74.0	74.0	NA	NA	NA	NA	NA	NA	NA
ENSDART00000110283	iqgap1	100	29.2	20.5	4.5	9.8	41.3	61.1	4.06	32.89	3.01809737565
ENSDART00000092009	tfam	1	1.1	1.1	NA	NA	NA	NA	NA	NA	NA
ENSDART00000007412	zmat2	119	79.1	77.9	29.1	54.0	109.9	125.7	149.84	283.37	0.919264225467
ENSDART00000137944	asb16	1	51.2	51.2	NA	NA	NA	NA	NA	NA	NA
ENSDART00000132714	soul2	13	95.7	83.1	32.3	37.1	136.8	163.3	NA	NA	NA
ENSDART00000031625	aldh3a2a	12	24.5	26.9	6.9	17.6	30.2	37.1	NA	NA	NA
ENSDART00000092579	ZNF462	9	70.2	57.6	NA	NA	NA	NA	NA	NA	NA
ENSDART00000084528	atp2c1	44	38.9	29.7	8.7	20.1	46.2	80.8	5.48	7.29	0.411742921366
ENSDART00000009076	pik3cg	1	22.1	22.1	NA	NA	NA	NA	NA	NA	NA
ENSDART00000101700	pold3	130	35.2	27.5	10.9	19.1	43.5	65.2	59.0	79.45	0.429332265099
ENSDART00000145664	kidins220a	16	38.6	35.2	12.4	15.6	56.2	63.2	NA	NA	NA
ENSDART00000006960	POLR3D	6	13.8	9.4	NA	NA	NA	NA	NA	NA	NA
ENSDART00000139890	clk4b	67	77.1	54.3	13.6	24.6	120.3	175.4	41.33	29.92	-0.466079188487
ENSDART00000021628	reep3	278	72.8	66.4	18.8	39.8	94.6	139.7	25.26	89.21	1.82035079907
ENSDART00000009788	ddx19	1985	60.8	55.6	21.4	37.4	77.1	107.6	109.12	764.94	2.80943104134
ENSDART00000139728	si:ch211-250c4.3	6	80.1	57.8	NA	NA	NA	NA	NA	NA	NA
ENSDART00000139899	mybpc3	1	12.9	12.9	NA	NA	NA	NA	NA	NA	NA
ENSDART00000002661	lama4	6	88.0	69.9	NA	NA	NA	NA	NA	NA	NA
ENSDART00000147767	si:dkey-3h3.3	10	33.2	25.0	5.1	9.8	44.6	79.5	NA	NA	NA
ENSDART00000063476	sox4b	128	64.3	50.4	12.9	24.1	102.2	138.7	21.47	6.67	-1.68656352467
ENSDART00000105610	WDR48	17	88.6	76.0	13.7	33.5	137.7	192.0	NA	NA	NA
ENSDART00000130623	dus4l	57	64.0	60.1	24.0	34.6	77.2	99.8	33.46	22.69	-0.560380836366
ENSDART00000138416	tfcp2	86	77.8	62.8	17.1	33.0	116.6	156.0	NA	NA	NA
ENSDART00000125838	BX539313.4	187	52.5	31.3	7.5	14.7	81.0	131.9	16.01	31.33	0.968571461855
ENSDART00000017299	tdg	73	86.3	81.1	32.5	53.7	112.4	145.8	NA	NA	NA
ENSDART00000076209	ddx42	156	79.7	70.9	22.0	42.8	112.8	151.2	29.77	84.45	1.50423820145
ENSDART00000112415	lcmt2	11	67.1	67.9	14.8	19.7	93.3	142.4	NA	NA	NA
ENSDART00000128894	dchs1b	1	58.3	58.3	NA	NA	NA	NA	NA	NA	NA
ENSDART00000112417	timeless	176	47.7	30.4	7.0	13.2	64.6	119.1	17.9	30.39	0.763637087371
ENSDART00000089956	cacna1da	4	36.2	40.1	NA	NA	NA	NA	NA	NA	NA
ENSDART00000149121	clcf1	1	121.8	121.8	NA	NA	NA	NA	NA	NA	NA
ENSDART00000122801	mtor	16	35.2	36.5	14.8	23.3	44.3	53.0	NA	NA	NA
ENSDART00000122803	usp9	95	87.1	66.7	17.4	33.4	132.8	183.1	8.56	11.85	0.469204357384
ENSDART00000122804	CABZ01022575.2	11	17.4	10.1	3.9	9.2	20.5	41.2	NA	NA	NA
ENSDART00000049240	tob1a	231	41.9	29.7	7.4	13.4	60.6	93.2	17.15	64.2	1.90436472095
ENSDART00000088605	ift46	4	108.3	124.0	NA	NA	NA	NA	NA	NA	NA
ENSDART00000122809	CABZ01054405.2	3	48.1	49.6	NA	NA	NA	NA	NA	NA	NA
ENSDART00000088607	tmem194a	37	31.7	21.5	7.1	8.6	42.9	79.1	NA	NA	NA
ENSDART00000139091	greb1	8	161.8	188.8	NA	NA	NA	NA	NA	NA	NA
ENSDART00000103872	rca2.1	53	55.5	26.0	9.1	14.7	69.5	167.2	NA	NA	NA
ENSDART00000153457	si:dkeyp-67e6.4	44	36.0	23.6	8.2	13.5	35.0	70.0	3.6	3.33	-0.112474729258
ENSDART00000140290	kat8	178	63.1	47.2	10.8	21.0	92.8	135.8	41.05	51.88	0.337796257587
ENSDART00000106564	znf185	258	94.5	97.3	24.2	61.3	126.1	150.3	NA	NA	NA
ENSDART00000103878	vhl	11	45.7	13.4	5.2	6.5	92.9	114.4	NA	NA	NA
ENSDART00000091205	sdk1b	7	40.4	51.3	NA	NA	NA	NA	NA	NA	NA
ENSDART00000075918	pcmtd2	11	62.6	48.0	22.1	25.1	100.5	122.4	NA	NA	NA
ENSDART00000055446	zgc:66014	3	12.9	12.9	NA	NA	NA	NA	NA	NA	NA
ENSDART00000145187	ERAP1	18	37.3	30.5	11.7	23.1	48.9	78.6	4.51	4.61	0.031639317174
ENSDART00000030873	parn	206	24.6	15.3	5.3	9.0	23.6	40.3	53.09	16.01	-1.72946683361
ENSDART00000058796	fstl5	4	17.6	17.1	NA	NA	NA	NA	NA	NA	NA
ENSDART00000114151	mccc1	8	36.8	26.9	NA	NA	NA	NA	11.0	24.34	1.1458256443
ENSDART00000011332	zmynd19	57	39.1	31.2	6.8	18.2	47.4	100.7	NA	NA	NA
ENSDART00000062073	BCR	8	79.2	87.2	NA	NA	NA	NA	NA	NA	NA
ENSDART00000090608	rspry1	37	57.9	49.5	12.0	30.4	86.7	118.7	6.41	4.43	-0.533017658064
ENSDART00000149092	glyctk	4	55.7	34.7	NA	NA	NA	NA	NA	NA	NA
ENSDART00000130781	eif4a2	29	123.7	128.1	32.8	76.8	166.9	209.7	NA	NA	NA
ENSDART00000078378	cflara	6	36.4	26.6	NA	NA	NA	NA	NA	NA	NA
ENSDART00000131390	fignl1	45	49.6	43.1	10.6	19.5	68.2	109.7	11.22	6.49	-0.78978229261
ENSDART00000128793	sp7	3	36.3	20.8	NA	NA	NA	NA	NA	NA	NA
ENSDART00000128790	cdr2l	8	22.0	22.3	NA	NA	NA	NA	NA	NA	NA
ENSDART00000128797	zgc:173556	11	51.0	54.6	30.0	42.4	61.4	64.5	44.03	5.61	-2.97241416833
ENSDART00000059762	INHBE	1	5.4	5.4	NA	NA	NA	NA	NA	NA	NA
ENSDART00000104639	GCGR	2	94.4	94.4	NA	NA	NA	NA	NA	NA	NA
ENSDART00000007204	ddx49	72	68.3	49.4	14.4	21.7	98.1	139.8	26.97	27.98	0.0530404409291
ENSDART00000104637	si:ch211-81a5.8	1	132.6	132.6	NA	NA	NA	NA	NA	NA	NA
ENSDART00000006783	snrnp25	36	36.5	33.2	10.7	17.6	47.1	62.0	NA	NA	NA
ENSDART00000137315	rdh12	12	48.3	33.2	16.0	21.8	51.0	87.0	NA	NA	NA
ENSDART00000003338	UNKL	114	68.8	45.8	10.5	19.2	100.2	182.0	NA	NA	NA
ENSDART00000103911	CABZ01077217.1	16	52.3	26.0	8.2	10.1	55.8	106.3	NA	NA	NA
ENSDART00000149266	anapc10	134	61.0	57.1	20.8	33.3	80.2	109.0	105.15	128.05	0.284258402866
ENSDART00000130434	col18a1	4	84.5	90.5	NA	NA	NA	NA	NA	NA	NA
ENSDART00000076711	hesx1	16	83.2	43.7	7.1	17.3	151.8	185.9	NA	NA	NA
ENSDART00000103181	vegfab	3	83.0	109.5	NA	NA	NA	NA	NA	NA	NA
ENSDART00000134115	C8H22orf39	19	91.3	75.6	34.8	59.7	124.3	137.0	NA	NA	NA
ENSDART00000108744	CU855821.2	1	9.5	9.5	NA	NA	NA	NA	NA	NA	NA
ENSDART00000124948	srp68	207	50.4	36.3	12.1	21.1	64.8	119.1	32.72	138.73	2.08403514704
ENSDART00000017122	asah1a	53	98.9	101.9	17.6	34.5	140.3	169.7	NA	NA	NA
ENSDART00000124092	tbcela	14	82.3	90.5	26.5	53.9	109.3	125.7	NA	NA	NA
ENSDART00000124097	PLCE1	2	10.0	10.0	NA	NA	NA	NA	NA	NA	NA
ENSDART00000074506	tnmd	1	21.8	21.8	NA	NA	NA	NA	NA	NA	NA
ENSDART00000017017	zdhhc3	52	39.7	30.4	17.7	23.1	54.3	76.0	NA	NA	NA
ENSDART00000077903	AVL9	8	78.1	86.3	NA	NA	NA	NA	NA	NA	NA
ENSDART00000136702	dnajb5	5	65.4	74.4	NA	NA	NA	NA	NA	NA	NA
ENSDART00000089015	zbtb7a	41	51.1	25.1	7.8	13.0	70.9	150.2	NA	NA	NA
ENSDART00000136701	tmem234	11	48.2	18.5	13.1	16.8	82.1	99.5	NA	NA	NA
ENSDART00000135003	si:ch211-222e20.4	1	9.6	9.6	NA	NA	NA	NA	NA	NA	NA
ENSDART00000126038	tcp1	201	74.8	54.2	22.0	31.5	109.8	142.4	106.35	108.64	0.0307353513967
ENSDART00000063721	slc8a2b	2	98.7	98.7	NA	NA	NA	NA	NA	NA	NA
ENSDART00000123041	CABZ01092286.1	2	97.1	97.1	NA	NA	NA	NA	NA	NA	NA
ENSDART00000126032	st3gal2	13	74.4	62.3	16.5	52.8	102.7	125.6	NA	NA	NA
ENSDART00000123047	ehmt1b	90	32.0	21.1	7.9	11.9	40.4	69.0	14.75	35.03	1.24787603367
ENSDART00000126037	sf1	396	85.6	83.0	19.7	43.7	118.3	147.8	35.18	456.92	3.6991142047
ENSDART00000052805	ftsjd1	20	35.5	15.7	8.7	11.5	33.6	93.0	NA	NA	NA
ENSDART00000097533	wwtr1	54	93.2	79.7	20.9	40.1	133.9	175.9	NA	NA	NA
ENSDART00000133822	dock9a	1	8.9	8.9	NA	NA	NA	NA	NA	NA	NA
ENSDART00000016658	chpt1	13	98.9	77.8	48.4	70.3	131.0	162.5	NA	NA	NA
ENSDART00000000069	slc9a3r1	58	35.6	24.6	5.7	14.1	42.1	98.6	NA	NA	NA
ENSDART00000097531	tomm7	103	46.5	32.5	12.9	20.2	58.7	104.7	NA	NA	NA
ENSDART00000133398	si:ch211-197h24.6	485	98.0	93.5	45.7	68.3	120.5	156.8	48.22	299.15	2.63316550694
ENSDART00000147728	si:dkey-286j15.3	30	49.9	32.0	11.4	17.7	72.3	108.6	NA	NA	NA
ENSDART00000081234	ropn1l	2	20.9	20.9	NA	NA	NA	NA	NA	NA	NA
ENSDART00000100246	xrn2	507	53.7	43.7	19.7	30.8	65.2	108.3	89.78	347.35	1.95192409596
ENSDART00000028883	gna13b	344	66.4	56.1	15.3	25.6	93.6	142.5	10.02	91.24	3.18678393812
ENSDART00000127209	pttg1ipa	84	66.8	54.3	18.5	35.8	89.8	131.2	NA	NA	NA
ENSDART00000056032	SBNO2	2	37.3	37.3	NA	NA	NA	NA	NA	NA	NA
ENSDART00000150184	gpatch4	41	37.5	30.7	14.7	20.2	48.5	59.6	110.17	30.54	-1.850959455
ENSDART00000092015	dcaf12	80	49.9	34.2	6.4	12.6	75.7	129.4	NA	NA	NA
ENSDART00000150186	AIMP1	6	64.3	47.6	NA	NA	NA	NA	NA	NA	NA
ENSDART00000007789	idh1	115	70.5	67.1	22.2	44.0	96.6	119.7	11.86	81.32	2.7775062053
ENSDART00000149878	otud4	57	26.4	21.7	5.7	12.3	31.0	41.5	9.0	6.83	-0.398039422927
ENSDART00000074789	zfr	339	106.4	109.9	27.8	63.3	141.0	177.2	31.55	204.26	2.69469480011
ENSDART00000106375	med24	81	44.6	35.1	12.8	21.5	56.2	75.3	12.97	54.22	2.06364663359
ENSDART00000136374	mier2	41	36.4	28.9	8.6	18.5	50.8	65.0	NA	NA	NA
ENSDART00000080943	hcfc2	238	60.2	44.1	11.6	19.3	87.0	131.1	NA	NA	NA
ENSDART00000132727	aftpha	19	52.4	39.6	10.5	15.6	58.1	118.2	NA	NA	NA
ENSDART00000146451	sqrdl	14	22.6	18.6	11.1	12.6	26.2	35.4	NA	NA	NA
ENSDART00000152285	schip1	2	19.4	19.4	NA	NA	NA	NA	NA	NA	NA
ENSDART00000098983	agpat2	154	98.1	95.2	27.3	58.0	131.3	163.8	NA	NA	NA
ENSDART00000075782	slc7a10a	1	107.9	107.9	NA	NA	NA	NA	NA	NA	NA
ENSDART00000100798	BX322601.2	84	37.3	34.1	12.0	20.2	50.9	66.3	7.58	47.84	2.65794763603
ENSDART00000105546	cks2	6	60.9	73.0	NA	NA	NA	NA	NA	NA	NA
ENSDART00000147857	si:dkey-92j12.5	1	115.5	115.5	NA	NA	NA	NA	NA	NA	NA
ENSDART00000105545	arl3	233	74.9	63.5	24.8	36.0	111.2	142.9	NA	NA	NA
ENSDART00000100063	nphp4	17	38.0	28.3	15.4	22.9	40.4	63.7	NA	NA	NA
ENSDART00000147582	agmo	3	26.7	19.5	NA	NA	NA	NA	NA	NA	NA
ENSDART00000100061	prdx4	15	51.5	47.3	19.7	28.9	75.7	81.1	NA	NA	NA
ENSDART00000081092	si:dkeyp-77h1.4	1	76.0	76.0	NA	NA	NA	NA	NA	NA	NA
ENSDART00000103940	mgat1b	23	41.0	18.7	7.4	11.0	69.9	94.4	NA	NA	NA
ENSDART00000081094	glmna	37	29.8	22.3	10.1	14.9	32.4	43.9	NA	NA	NA
ENSDART00000098263	KCTD9	6	40.8	24.4	NA	NA	NA	NA	NA	NA	NA
ENSDART00000098267	nrp1b	2	97.9	97.9	NA	NA	NA	NA	NA	NA	NA
ENSDART00000110704	kif5aa	2	54.0	54.0	NA	NA	NA	NA	NA	NA	NA
ENSDART00000134626	dok1a	3	62.0	36.8	NA	NA	NA	NA	NA	NA	NA
ENSDART00000141476	sgms2	6	13.4	13.6	NA	NA	NA	NA	NA	NA	NA
ENSDART00000102795	dctn1a	74	50.1	36.7	14.9	19.4	60.8	104.4	20.2	27.69	0.455009760728
ENSDART00000010550	pigc	21	27.3	18.5	10.7	12.9	37.0	51.7	NA	NA	NA
ENSDART00000102790	glrba	1	74.2	74.2	NA	NA	NA	NA	NA	NA	NA
ENSDART00000060745	uba52	1105	108.9	108.5	60.0	86.3	130.4	156.0	1002.48	603.46	-0.732243403398
ENSDART00000040278	efna2	2	69.6	69.6	NA	NA	NA	NA	NA	NA	NA
ENSDART00000102798	si:ch211-225p5.3	4	15.0	16.6	NA	NA	NA	NA	NA	NA	NA
ENSDART00000106085	ASIC1	1	24.8	24.8	NA	NA	NA	NA	NA	NA	NA
ENSDART00000103265	MAL	10	18.7	14.4	4.7	8.8	17.8	35.5	NA	NA	NA
ENSDART00000103267	fam212ab	170	55.8	46.1	4.7	14.5	85.0	123.0	61.52	81.69	0.409103979803
ENSDART00000103266	wdyhv1	10	101.3	101.7	36.5	56.0	113.3	165.9	NA	NA	NA
ENSDART00000036635	fynb	3	0.6	1.2	NA	NA	NA	NA	NA	NA	NA
ENSDART00000033865	serp1	850	38.9	29.6	9.7	18.1	49.6	81.0	191.37	438.79	1.19716596282
ENSDART00000033716	socs3a	1	51.2	51.2	NA	NA	NA	NA	NA	NA	NA
ENSDART00000059227	ndufs8a	201	44.6	28.7	10.2	16.5	56.9	110.5	NA	NA	NA
ENSDART00000059226	BX088718.1	3	36.7	21.4	NA	NA	NA	NA	NA	NA	NA
ENSDART00000124300	rhoab	624	85.0	81.6	35.2	57.4	110.2	139.8	NA	NA	NA
ENSDART00000061293	neb	69	10.2	5.6	1.0	2.7	9.7	25.9	NA	NA	NA
ENSDART00000152723	si:zfos-2269b6.1	34	70.6	67.1	7.8	27.8	103.2	133.8	NA	NA	NA
ENSDART00000132278	rnf144ab	4	57.2	60.5	NA	NA	NA	NA	NA	NA	NA
ENSDART00000004200	sarm1	16	33.3	34.2	9.5	13.6	49.3	60.3	NA	NA	NA
ENSDART00000112254	NHS	71	102.8	108.7	18.6	41.1	150.6	182.0	NA	NA	NA
ENSDART00000073402	si:ch211-113a14.16	21	-3.0	-4.0	-8.6	-5.5	0.4	1.3	NA	NA	NA
ENSDART00000080602	map7d2b	2	79.5	79.5	NA	NA	NA	NA	NA	NA	NA
ENSDART00000061299	tsn	52	58.0	48.5	17.5	31.7	77.2	111.9	NA	NA	NA
ENSDART00000004209	mdn1	63	99.8	88.8	22.8	44.4	148.7	189.2	6.57	6.29	-0.062833353443
ENSDART00000038294	tp53inp1	54	72.4	62.1	10.8	30.7	113.6	141.5	NA	NA	NA
ENSDART00000038642	slc26a5	41	31.4	22.3	10.3	14.6	32.8	45.9	NA	NA	NA
ENSDART00000006947	anxa1c	56	114.7	112.3	73.9	84.8	134.4	163.3	NA	NA	NA
ENSDART00000051403	sh3glb2a	20	39.7	29.6	13.3	23.9	46.5	71.8	NA	NA	NA
ENSDART00000147793	gcdh	11	18.1	13.6	9.3	9.4	25.5	31.3	NA	NA	NA
ENSDART00000125077	jam3a	10	64.7	52.4	18.4	38.1	94.2	119.4	NA	NA	NA
ENSDART00000021813	glulb	1984	36.4	25.3	7.4	13.2	48.5	81.3	183.82	440.19	1.25983262783
ENSDART00000021814	gltscr2	273	78.2	70.0	19.2	42.2	110.0	151.7	209.53	162.37	-0.36787172011
ENSDART00000102583	SYTL1	22	42.3	41.8	21.0	30.2	53.7	67.6	NA	NA	NA
ENSDART00000092665	srebf1	17	48.6	20.6	2.4	7.2	36.1	140.3	NA	NA	NA
ENSDART00000018036	zgc:55621	6	40.6	40.5	NA	NA	NA	NA	NA	NA	NA
ENSDART00000058174	toporsb	30	52.1	38.5	10.4	16.3	69.8	94.7	25.8	37.71	0.547576084831
ENSDART00000052639	hibadha	18	49.7	32.0	17.2	27.7	59.0	90.9	NA	NA	NA
ENSDART00000085263	EPT1	65	62.6	56.1	11.4	30.7	81.1	122.9	NA	NA	NA
ENSDART00000126303	lzic	19	78.7	61.3	12.4	24.7	120.3	158.4	NA	NA	NA
ENSDART00000146186	si:dkey-104n9.1	4	48.8	36.2	NA	NA	NA	NA	NA	NA	NA
ENSDART00000039822	ptbp1b	995	79.0	72.5	15.7	34.8	113.2	150.8	36.62	807.02	4.46190073134
ENSDART00000023379	mgme1	7	31.5	23.4	NA	NA	NA	NA	NA	NA	NA
ENSDART00000137029	prpf31	409	78.1	68.9	29.9	46.2	98.0	130.0	117.75	304.19	1.36924566657
ENSDART00000055241	ppl	404	63.8	53.6	14.7	27.3	89.8	120.5	36.77	196.0	2.41425257269
ENSDART00000101685	sh3bp4	1	116.7	116.7	NA	NA	NA	NA	NA	NA	NA
ENSDART00000013376	cant1a	153	67.6	61.5	17.8	31.3	92.8	128.5	17.29	21.17	0.292083400365
ENSDART00000137020	bop1	134	52.9	49.5	23.7	33.7	65.7	86.3	37.26	107.39	1.52716007853
ENSDART00000055248	alkbh7	3	14.9	11.8	NA	NA	NA	NA	NA	NA	NA
ENSDART00000101537	mex3b	627	37.3	24.4	9.4	15.3	41.4	81.1	NA	NA	NA
ENSDART00000111971	WDR1	542	37.3	33.0	13.9	21.9	46.7	61.1	102.95	86.84	-0.245512198904
ENSDART00000101533	calm1b	24	43.4	45.9	13.6	24.4	54.8	81.3	29.77	43.53	0.54815079855
ENSDART00000023550	hsp90aa1.2	50	88.2	88.0	11.3	26.7	127.0	156.0	NA	NA	NA
ENSDART00000125117	tmem51b	19	34.9	22.6	9.2	12.2	47.2	90.9	NA	NA	NA
ENSDART00000125114	OFCC1	1	121.0	121.0	NA	NA	NA	NA	NA	NA	NA
ENSDART00000125111	cnot10	103	73.3	57.8	13.1	24.2	113.4	150.6	5.82	16.29	1.48489554562
ENSDART00000125110	CABZ01072037.1	4	48.6	49.9	NA	NA	NA	NA	14.48	0.57	-4.66695587292
ENSDART00000104835	hps5	13	19.9	17.6	7.8	14.7	24.5	35.7	NA	NA	NA
ENSDART00000083633	exosc1	183	47.3	39.1	15.8	24.1	55.2	93.0	NA	NA	NA
ENSDART00000104831	naa10	472	45.1	39.6	17.2	25.2	55.4	79.9	217.17	260.77	0.263953083731
ENSDART00000132927	snx33	1	13.4	13.4	NA	NA	NA	NA	NA	NA	NA
ENSDART00000075624	usp11	45	66.2	32.4	12.5	19.5	109.3	162.5	NA	NA	NA
ENSDART00000104838	psmb8	5	42.1	29.1	NA	NA	NA	NA	NA	NA	NA
ENSDART00000058311	rictorb	13	99.2	123.3	14.3	21.0	157.6	163.9	NA	NA	NA
ENSDART00000018640	snx3	165	41.8	32.5	12.8	19.6	50.5	75.9	NA	NA	NA
ENSDART00000003922	erlin1	146	52.0	38.1	20.5	27.9	57.8	110.0	12.52	32.36	1.3699770455
ENSDART00000078724	atpaf2	38	50.9	32.3	6.9	12.7	84.9	119.6	12.3	9.95	-0.305889884796
ENSDART00000003926	fbp1a	11	90.0	102.6	41.6	51.4	119.3	131.3	NA	NA	NA
ENSDART00000003929	midn	251	64.6	58.8	7.3	21.7	96.8	130.7	19.05	64.54	1.76040258011
ENSDART00000150617	tnfaip8l2b	105	52.2	43.9	7.5	20.1	77.7	113.6	NA	NA	NA
ENSDART00000097201	si:ch73-44m9.1	3	27.2	7.8	NA	NA	NA	NA	NA	NA	NA
ENSDART00000086040	LRRC14B	1	44.0	44.0	NA	NA	NA	NA	NA	NA	NA
ENSDART00000015891	fzr1	393	61.6	49.3	12.7	24.4	90.1	132.8	27.52	100.05	1.86216879209
ENSDART00000089725	ino80db	43	87.8	71.1	12.3	36.2	138.8	173.8	NA	NA	NA
ENSDART00000086512	FBXW7	86	68.8	46.1	8.4	16.0	108.5	152.5	8.71	17.98	1.04564839692
ENSDART00000086511	RPUSD2	58	69.8	63.2	19.3	32.1	104.2	126.0	9.74	13.74	0.496388326736
ENSDART00000131806	hlx1	19	82.9	64.9	19.6	47.7	125.5	154.8	NA	NA	NA
ENSDART00000076320	MRPS17	47	85.1	72.1	20.7	37.5	125.6	164.1	NA	NA	NA
ENSDART00000137918	bbc3	16	85.9	70.5	24.3	34.7	136.7	162.7	NA	NA	NA
ENSDART00000056822	pik3r2	109	74.1	59.4	20.6	33.4	105.6	145.3	7.09	15.13	1.09355445498
ENSDART00000009443	csnk1a1	1	-8.0	-8.0	NA	NA	NA	NA	19.05	92.53	2.28013019315
ENSDART00000054115	tsc22d3	25	66.4	60.0	11.3	23.7	96.0	128.7	NA	NA	NA
ENSDART00000126792	si:dkey-163m14.7	27	73.7	44.6	8.7	28.7	102.4	160.3	NA	NA	NA
ENSDART00000048383	creld2	6	33.0	28.7	NA	NA	NA	NA	NA	NA	NA
ENSDART00000048921	rgp1	36	32.8	18.6	8.3	12.3	32.7	92.5	NA	NA	NA
ENSDART00000026800	kifap3b	41	35.3	30.0	17.7	22.2	43.1	62.6	NA	NA	NA
ENSDART00000129566	p4ha2	44	66.3	40.4	13.1	30.8	83.8	152.0	NA	NA	NA
ENSDART00000048927	cox10	39	67.0	60.6	13.2	23.5	89.9	149.4	NA	NA	NA
ENSDART00000053596	scamp1	12	53.6	37.7	16.3	22.4	72.7	115.0	NA	NA	NA
ENSDART00000138622	C1H4orf33	147	31.0	23.0	6.7	12.8	40.0	64.2	37.67	49.78	0.402150197034
ENSDART00000138625	eya4	1	112.0	112.0	NA	NA	NA	NA	NA	NA	NA
ENSDART00000124309	nsmce1	33	25.5	22.0	7.7	12.8	35.1	48.3	NA	NA	NA
ENSDART00000052140	tmem106bb	49	45.6	34.5	9.0	19.1	56.9	94.9	NA	NA	NA
ENSDART00000123973	lace1b	6	47.0	24.4	NA	NA	NA	NA	NA	NA	NA
ENSDART00000053369	prmt10	24	55.7	36.0	10.7	19.7	75.4	123.4	5.05	4.87	-0.0523616155568
ENSDART00000053494	anks4b	6	86.4	53.4	NA	NA	NA	NA	NA	NA	NA
ENSDART00000050949	btg4	27	17.6	12.9	2.6	5.8	22.5	42.6	NA	NA	NA
ENSDART00000110583	eif3ha	153	45.5	30.5	11.4	18.8	54.7	111.6	90.31	83.3	-0.116569250162
ENSDART00000053362	CABZ01059234.1	16	18.5	10.6	4.6	8.3	23.1	43.6	NA	NA	NA
ENSDART00000128968	nr2c1	66	91.4	84.2	11.0	32.5	144.8	176.0	NA	NA	NA
ENSDART00000131257	wdr19	5	102.8	144.0	NA	NA	NA	NA	NA	NA	NA
ENSDART00000114873	C5H12orf49	13	36.1	17.0	2.8	10.6	51.5	107.2	NA	NA	NA
ENSDART00000136570	slc25a15b	1	179.3	179.3	NA	NA	NA	NA	NA	NA	NA
ENSDART00000136573	ddah2	12	38.3	22.4	13.9	17.1	58.0	63.6	NA	NA	NA
ENSDART00000128960	CR548626.3	48	69.1	49.8	18.5	32.8	94.4	152.9	NA	NA	NA
ENSDART00000113171	nlgn1	2	38.8	38.8	NA	NA	NA	NA	NA	NA	NA
ENSDART00000136579	si:dkey-15h8.7	13	62.5	21.0	16.1	17.4	95.4	118.0	NA	NA	NA
ENSDART00000136578	syn1	5	33.2	35.0	NA	NA	NA	NA	NA	NA	NA
ENSDART00000153179	zdhhc6	24	27.1	26.2	9.6	16.0	36.7	51.9	NA	NA	NA
ENSDART00000149117	si:ch1073-296i8.2	11	53.4	20.8	17.9	18.9	79.6	98.6	NA	NA	NA
ENSDART00000111064	shmt2	137	41.3	34.7	16.0	24.2	49.9	68.9	NA	NA	NA
ENSDART00000129302	emc3	56	61.7	46.7	14.3	19.9	65.4	116.5	NA	NA	NA
ENSDART00000087643	tesk2	11	64.2	58.3	14.1	34.1	81.5	113.0	NA	NA	NA
ENSDART00000114705	gprc5bb	1	22.5	22.5	NA	NA	NA	NA	NA	NA	NA
ENSDART00000140932	CR387997.1	227	55.2	45.2	11.9	20.1	78.2	115.9	NA	NA	NA
ENSDART00000124244	rtn3	1	-4.0	-4.0	NA	NA	NA	NA	NA	NA	NA
ENSDART00000055609	atf4b2	145	101.2	104.6	13.6	53.2	151.0	174.5	NA	NA	NA
ENSDART00000124246	mtdha	89	69.5	62.2	22.0	40.9	86.0	129.0	28.89	57.63	0.996249815822
ENSDART00000105308	si:ch211-226h8.4	48	42.5	43.1	21.3	31.9	53.7	59.4	NA	NA	NA
ENSDART00000124242	lamp2	1139	38.0	26.8	9.6	16.3	44.7	81.7	61.76	521.16	3.07698170091
ENSDART00000105040	zgc:109868	2163	70.1	63.8	26.5	44.3	89.5	120.9	NA	NA	NA
ENSDART00000140856	ccdc120	22	23.2	15.8	7.4	12.3	21.0	34.1	NA	NA	NA
ENSDART00000106537	zgc:171599	23	73.9	59.3	7.2	30.6	100.6	156.0	NA	NA	NA
ENSDART00000110496	zgc:136410	2	153.2	153.2	NA	NA	NA	NA	NA	NA	NA
ENSDART00000110497	tmem63a	5	21.4	20.1	NA	NA	NA	NA	NA	NA	NA
ENSDART00000110495	akap9	18	91.7	66.2	9.5	20.5	145.9	219.7	4.67	0.4	-3.54535064482
ENSDART00000029549	mapk6	903	73.4	68.2	22.2	44.1	96.7	129.2	119.57	110.62	-0.112243216949
ENSDART00000020655	psma5	225	65.6	52.4	20.5	34.6	88.2	124.5	69.17	218.92	1.66218540012
ENSDART00000022045	plcg1	132	32.2	30.5	12.2	18.1	43.4	54.6	10.76	8.77	-0.295029330112
ENSDART00000149408	THEM4	1	25.8	25.8	NA	NA	NA	NA	NA	NA	NA
ENSDART00000022042	scn8aa	1	22.6	22.6	NA	NA	NA	NA	NA	NA	NA
ENSDART00000067039	CABZ01003826.1	14	43.0	29.0	7.0	9.9	56.1	114.9	NA	NA	NA
ENSDART00000134363	cabp2b	1	194.4	194.4	NA	NA	NA	NA	NA	NA	NA
ENSDART00000045583	MTA1	89	64.5	44.5	15.6	23.9	95.8	135.6	16.85	43.71	1.37521478672
ENSDART00000075277	zgc:113090	3	55.9	17.6	NA	NA	NA	NA	NA	NA	NA
ENSDART00000125440	si:ch211-113a14.10	10	56.2	50.4	18.6	26.9	88.6	91.4	NA	NA	NA
ENSDART00000151338	ndfip1l	165	69.1	60.0	24.7	38.5	91.3	133.0	NA	NA	NA
ENSDART00000063047	ptk6a	6	64.0	57.8	NA	NA	NA	NA	NA	NA	NA
ENSDART00000063592	prkcz	3	89.3	33.3	NA	NA	NA	NA	NA	NA	NA
ENSDART00000067036	si:dkey-14k9.3	2	62.6	62.6	NA	NA	NA	NA	NA	NA	NA
ENSDART00000087023	ttc7b	17	37.9	24.5	12.5	16.9	38.3	90.1	NA	NA	NA
ENSDART00000135376	si:dkey-200l5.4	1	108.1	108.1	NA	NA	NA	NA	NA	NA	NA
ENSDART00000087026	emilin2a	20	103.9	110.4	39.9	83.8	123.1	158.1	NA	NA	NA
ENSDART00000019818	ric8b	15	36.6	28.8	4.2	11.8	66.3	76.4	NA	NA	NA
ENSDART00000113281	ABCA7	3	30.8	15.7	NA	NA	NA	NA	NA	NA	NA
ENSDART00000079701	rnf180	107	58.5	35.5	8.5	15.1	83.2	152.0	10.29	25.15	1.2893154178
ENSDART00000113285	TAPT1	23	93.1	93.3	21.3	45.9	127.2	172.0	NA	NA	NA
ENSDART00000043298	fos	11	47.0	38.2	9.7	11.6	85.1	98.5	NA	NA	NA
ENSDART00000126862	FUT9	2	7.1	7.1	NA	NA	NA	NA	NA	NA	NA
ENSDART00000012091	rrm1	521	56.7	40.2	12.5	21.3	82.6	125.6	70.28	216.75	1.62484589699
ENSDART00000043522	tmem198b	5	25.1	11.2	NA	NA	NA	NA	NA	NA	NA
ENSDART00000090464	CU571162.1	4	98.8	90.8	NA	NA	NA	NA	NA	NA	NA
ENSDART00000149666	dock3	1	52.8	52.8	NA	NA	NA	NA	NA	NA	NA
ENSDART00000007333	slc25a36a	29	94.0	76.5	27.2	48.7	137.3	184.0	NA	NA	NA
ENSDART00000007335	ndc80	167	81.7	73.3	10.4	30.4	131.6	163.3	41.96	78.99	0.91265534419
ENSDART00000064215	cops4	52	59.8	42.3	8.1	17.1	77.4	171.8	NA	NA	NA
ENSDART00000112404	cgnb	48	58.5	43.2	9.8	16.6	93.3	130.7	6.47	18.49	1.51490760741
ENSDART00000064210	cwc27	41	30.7	18.4	10.0	13.4	27.2	82.0	16.45	13.13	-0.32522066773
ENSDART00000064212	srek1ip1	67	50.5	45.5	7.9	19.9	72.0	106.4	82.03	62.29	-0.397151056037
ENSDART00000045639	rint1	11	28.6	16.4	11.6	12.3	23.8	29.9	NA	NA	NA
ENSDART00000123210	med22	163	50.2	37.0	14.2	21.8	68.4	106.3	NA	NA	NA
ENSDART00000123211	pkp3	115	85.1	82.6	23.8	49.8	120.0	145.4	NA	NA	NA
ENSDART00000134276	synj1	5	34.5	17.8	NA	NA	NA	NA	NA	NA	NA
ENSDART00000016407	arf2	504	65.3	56.2	15.8	29.9	93.9	125.5	57.55	235.96	2.03565448081
ENSDART00000015951	bsg	888	94.8	95.6	47.3	71.4	116.6	139.3	110.19	349.95	1.66715550614
ENSDART00000139285	B3GNT3	15	44.6	30.1	8.9	22.0	62.9	83.3	NA	NA	NA
ENSDART00000028945	zfpl1	51	45.9	31.0	5.8	16.4	67.6	108.8	NA	NA	NA
ENSDART00000052365	cebpg	48	47.3	33.8	12.5	22.4	60.3	103.3	NA	NA	NA
ENSDART00000134098	efemp2a	1	16.9	16.9	NA	NA	NA	NA	NA	NA	NA
ENSDART00000047452	UBE2S	258	64.6	56.3	11.8	23.1	96.5	131.2	NA	NA	NA
ENSDART00000019976	rhbdd1	12	66.0	23.9	13.3	15.8	72.0	205.6	NA	NA	NA
ENSDART00000144700	si:dkeyp-7a3.1	3	24.8	24.9	NA	NA	NA	NA	NA	NA	NA
ENSDART00000108487	phb	229	47.6	41.1	13.2	21.9	64.2	91.7	32.44	168.44	2.37638905595
ENSDART00000002867	rfng	1	18.9	18.9	NA	NA	NA	NA	NA	NA	NA
ENSDART00000114701	SZT2	1	14.2	14.2	NA	NA	NA	NA	1.23	1.48	0.26693886029
ENSDART00000043743	HSPA8	2	37.7	37.7	NA	NA	NA	NA	NA	NA	NA
ENSDART00000122035	ugt5a4	4	80.9	91.1	NA	NA	NA	NA	NA	NA	NA
ENSDART00000122037	rbfox1	1	14.4	14.4	NA	NA	NA	NA	NA	NA	NA
ENSDART00000081393	iqcb1	15	53.2	41.2	17.8	22.9	61.3	103.1	NA	NA	NA
ENSDART00000022870	fam110a	228	40.7	26.8	8.8	15.0	56.5	93.1	NA	NA	NA
ENSDART00000124938	CU929307.1	1	64.4	64.4	NA	NA	NA	NA	NA	NA	NA
ENSDART00000060243	cftr	6	88.3	80.8	NA	NA	NA	NA	NA	NA	NA
ENSDART00000141326	stom	155	104.4	103.8	45.0	80.9	128.8	156.3	NA	NA	NA
ENSDART00000060245	ctsh	56	111.0	93.1	34.0	63.1	153.0	208.1	NA	NA	NA
ENSDART00000124240	CU929119.2	13	60.5	41.2	10.8	22.0	129.1	136.0	NA	NA	NA
ENSDART00000111806	cenpe	92	110.3	108.8	26.1	55.9	160.2	181.5	27.29	11.63	-1.2305212978
ENSDART00000115000	boc	57	70.8	58.3	5.8	17.4	113.7	166.3	6.55	9.83	0.585696509916
ENSDART00000104790	znf292b	83	52.2	27.3	6.2	12.8	71.4	131.6	14.57	16.81	0.206318847172
ENSDART00000085724	NID1	108	126.6	130.7	38.6	79.0	160.7	198.9	NA	NA	NA
ENSDART00000085727	CHD1	0	NA	NA	NA	NA	NA	NA	17.72	60.56	1.77298660143
ENSDART00000014292	larp6	111	26.7	21.6	8.5	13.5	35.8	52.1	34.89	35.84	0.0387570398632
ENSDART00000111720	haus7	55	33.2	27.5	12.1	18.9	40.3	48.7	16.48	21.23	0.365388128722
ENSDART00000085728	KLF8	138	57.5	41.4	9.7	19.9	87.3	126.5	NA	NA	NA
ENSDART00000111724	si:ch211-113a14.9	222	-3.5	-5.0	-8.7	-6.4	-2.6	1.6	NA	NA	NA
ENSDART00000111626	RNF111	64	42.5	26.1	7.3	11.7	56.3	96.6	7.81	10.09	0.369531720964
ENSDART00000059967	polr3c	38	60.8	48.6	10.8	25.7	85.0	120.0	9.37	9.55	0.0274516852639
ENSDART00000111622	FP236812.4	104	42.5	32.8	11.6	19.3	59.1	85.7	117.04	43.31	-1.43422959707
ENSDART00000111623	cluap1	15	52.2	16.9	2.8	10.8	78.9	162.7	NA	NA	NA
ENSDART00000059961	cbfb	2	34.3	34.3	NA	NA	NA	NA	NA	NA	NA
ENSDART00000020017	aldh3b1	133	73.9	66.1	16.6	29.0	105.6	151.0	17.74	78.78	2.15082340731
ENSDART00000148138	lrrc8a	214	56.5	47.0	14.7	25.9	79.4	117.9	17.98	34.96	0.959312163986
ENSDART00000090427	si:dkey-6n6.1	2	30.8	30.8	NA	NA	NA	NA	NA	NA	NA
ENSDART00000111629	CINP	19	69.1	49.0	27.9	31.5	100.4	153.2	NA	NA	NA
ENSDART00000112392	si:ch73-389b16.2	4	40.3	31.3	NA	NA	NA	NA	NA	NA	NA
ENSDART00000081170	cux1a	3	30.4	20.0	NA	NA	NA	NA	NA	NA	NA
ENSDART00000061196	ccdc92	3	25.8	32.5	NA	NA	NA	NA	NA	NA	NA
ENSDART00000112394	ywhabb	526	75.5	70.5	27.0	46.1	99.1	129.2	69.38	457.98	2.72269285143
ENSDART00000147449	FAM222A	10	20.5	11.1	8.6	9.4	17.0	42.4	NA	NA	NA
ENSDART00000125686	arfip1	27	31.5	19.4	11.6	14.9	30.2	59.7	NA	NA	NA
ENSDART00000130680	pdzd11	96	56.2	42.1	9.4	18.8	80.0	124.8	NA	NA	NA
ENSDART00000097163	zgc:158482	3	67.7	51.4	NA	NA	NA	NA	NA	NA	NA
ENSDART00000125682	chmp2bb	510	48.8	41.9	18.0	26.8	62.5	87.8	88.98	255.5	1.52177028754
ENSDART00000103862	mrpl36	167	63.2	51.3	15.6	27.0	84.5	140.5	72.73	69.09	-0.0740736644478
ENSDART00000034287	herpud1	90	48.5	27.6	8.0	11.4	66.7	132.0	NA	NA	NA
ENSDART00000060024	rabl3	17	15.8	15.3	6.7	10.3	18.7	25.0	NA	NA	NA
ENSDART00000031676	nrbf2	79	67.4	55.1	11.9	21.1	101.9	148.3	NA	NA	NA
ENSDART00000010764	rab11fip3	40	52.4	41.6	9.2	14.0	71.8	114.4	NA	NA	NA
ENSDART00000064078	tom1	32	26.7	24.9	13.0	17.3	31.0	43.4	NA	NA	NA
ENSDART00000039466	rnf25	43	60.4	39.0	12.2	21.3	86.3	122.0	24.65	8.27	-1.57562841209
ENSDART00000063832	rbbp8	7	39.5	24.4	NA	NA	NA	NA	NA	NA	NA
ENSDART00000018553	rpa3	478	41.7	36.9	16.1	24.6	51.7	70.2	174.58	294.61	0.754918108523
ENSDART00000033817	scyl3	50	22.8	19.7	8.1	12.6	27.2	32.0	8.3	3.0	-1.46814883574
ENSDART00000011652	eya2	3	86.8	92.7	NA	NA	NA	NA	NA	NA	NA
ENSDART00000103070	cdk16	50	36.5	24.8	8.4	13.4	39.6	95.6	NA	NA	NA
ENSDART00000145835	tmx3	4	42.9	40.9	NA	NA	NA	NA	NA	NA	NA
ENSDART00000147034	gpr155a	30	46.7	30.9	15.7	21.4	50.0	90.8	5.12	2.32	-1.14201900487
ENSDART00000123665	arpc4l	55	55.0	40.3	13.1	19.6	89.8	113.3	NA	NA	NA
ENSDART00000033819	prkcda	4	36.3	37.2	NA	NA	NA	NA	NA	NA	NA
ENSDART00000044214	wbp1lb	4	132.8	158.0	NA	NA	NA	NA	NA	NA	NA
ENSDART00000011018	sipa1l1	33	69.6	52.2	5.7	21.9	111.3	155.0	2.66	3.81	0.518364751992
ENSDART00000060949	zfpm1	15	32.1	19.9	5.8	6.1	33.4	91.1	NA	NA	NA
ENSDART00000014007	gys2	10	28.3	25.0	13.6	20.0	32.5	43.2	NA	NA	NA
ENSDART00000061376	STARD10	56	59.0	51.6	18.4	29.5	69.0	100.5	40.74	16.8	-1.2779847473
ENSDART00000061377	MPP7	1	185.7	185.7	NA	NA	NA	NA	NA	NA	NA
ENSDART00000046922	rab13	44	27.1	19.6	6.0	10.9	30.6	62.4	21.54	22.3	0.0500254602635
ENSDART00000106048	ctnnd1	11	108.5	83.6	59.0	69.6	132.2	202.1	NA	NA	NA
ENSDART00000041609	tm9sf3	173	56.5	46.7	14.4	24.4	79.9	114.3	18.12	72.5	2.00039803974
ENSDART00000010495	znrf1	4	75.4	62.4	NA	NA	NA	NA	NA	NA	NA
ENSDART00000010494	fgfr1op	31	90.0	94.0	11.0	42.1	137.6	156.8	10.61	9.93	-0.0955590333864
ENSDART00000056458	fggy	39	53.9	49.0	18.5	35.5	70.9	88.5	29.62	2.73	-3.43959878437
ENSDART00000114212	rasgrp3	1	66.9	66.9	NA	NA	NA	NA	NA	NA	NA
ENSDART00000056453	igfbp1b	2	31.6	31.6	NA	NA	NA	NA	NA	NA	NA
ENSDART00000127018	si:dkey-222b8.4	2	37.6	37.6	NA	NA	NA	NA	NA	NA	NA
ENSDART00000018743	phf20a	22	64.5	51.2	12.4	16.6	92.8	150.8	3.62	6.38	0.817566726682
ENSDART00000126266	btr30	90	70.8	61.2	16.3	34.4	97.2	133.7	NA	NA	NA
ENSDART00000067828	BRPF1	0	NA	NA	NA	NA	NA	NA	26.95	7.46	-1.85303773738
ENSDART00000018735	dnaja2l	127	42.1	37.4	10.3	22.3	56.1	81.7	10.87	112.99	3.37777124939
ENSDART00000066979	cbll1	142	53.1	41.7	6.2	13.9	78.4	124.6	13.77	49.09	1.83390060723
ENSDART00000025024	slc38a5b	59	101.4	93.4	38.7	53.9	144.0	172.8	NA	NA	NA
ENSDART00000055385	crls1	100	46.6	35.9	12.8	21.8	57.0	97.1	17.17	8.4	-1.03142880634
ENSDART00000066973	impdh1b	96	104.4	106.7	57.0	76.3	131.7	155.9	NA	NA	NA
ENSDART00000066972	lepb	6	56.1	49.0	NA	NA	NA	NA	NA	NA	NA
ENSDART00000060822	zgc:161979	809	100.1	95.9	58.0	75.2	123.3	147.8	NA	NA	NA
ENSDART00000125133	mysm1	39	36.7	18.4	3.0	11.9	43.2	106.8	7.89	5.7	-0.469063380961
ENSDART00000123847	si:ch211-226h8.14	1	46.4	46.4	NA	NA	NA	NA	NA	NA	NA
ENSDART00000036285	HID1	9	48.3	36.1	NA	NA	NA	NA	NA	NA	NA
ENSDART00000020806	wwox	1	11.5	11.5	NA	NA	NA	NA	NA	NA	NA
ENSDART00000050125	nupl2	76	67.9	50.4	17.6	28.4	91.7	139.3	25.21	25.09	-0.00688364744937
ENSDART00000020808	paqr3a	147	40.8	30.5	13.0	20.5	49.9	84.8	11.82	24.75	1.06619848968
ENSDART00000146248	znf532	5	38.3	36.6	NA	NA	NA	NA	NA	NA	NA
ENSDART00000048191	map2k7	54	55.9	28.6	9.7	16.4	91.6	142.9	8.85	25.38	1.51994270887
ENSDART00000110257	TRAPPC10	19	52.2	30.4	8.4	25.8	49.5	85.9	16.87	2.02	-3.06203277554
ENSDART00000105471	COX18	30	27.0	18.4	11.5	13.1	29.4	36.0	NA	NA	NA
ENSDART00000057999	alg14	5	80.2	77.6	NA	NA	NA	NA	NA	NA	NA
ENSDART00000038330	khsrp	1825	79.8	76.7	27.0	49.6	104.2	132.5	111.4	1080.53	3.27791799017
ENSDART00000110934	nfe2l1b	11	64.3	36.1	8.6	24.7	116.8	141.2	NA	NA	NA
ENSDART00000138244	rhbdl2	4	80.3	73.2	NA	NA	NA	NA	NA	NA	NA
ENSDART00000149984	irf2a	309	53.7	40.6	11.7	18.8	80.2	118.0	61.84	344.65	2.47851979094
ENSDART00000083820	VPS16	75	44.4	38.5	14.7	24.1	53.4	77.2	8.19	24.99	1.60941554445
ENSDART00000102304	lman1	150	28.5	24.0	10.8	16.0	35.8	51.0	14.68	18.65	0.345323662299
ENSDART00000045948	ncoa1	4	87.9	70.3	NA	NA	NA	NA	NA	NA	NA
ENSDART00000106143	lonp1	22	66.3	46.7	11.0	24.0	96.9	156.3	8.66	14.42	0.735632234514
ENSDART00000106142	zgc:171566	352	25.6	20.9	7.7	13.9	32.3	49.7	34.05	92.4	1.4402380534
ENSDART00000106141	tma7	736	78.3	73.3	27.8	41.5	109.4	136.6	416.7	577.01	0.469587221994
ENSDART00000034829	rrp12	206	62.3	44.3	11.3	21.1	93.4	141.9	43.35	62.01	0.516468896037
ENSDART00000106147	slc43a1a	214	50.8	44.2	16.8	27.2	67.1	96.3	21.88	138.95	2.6668811913
ENSDART00000114915	aplnra	55	55.8	21.6	7.8	12.3	93.6	138.1	NA	NA	NA
ENSDART00000127259	setd3	22	36.1	24.7	10.3	14.4	38.6	79.7	NA	NA	NA
ENSDART00000129175	nubpl	6	46.7	48.6	NA	NA	NA	NA	NA	NA	NA
ENSDART00000129174	PRKAG2	9	49.8	26.6	NA	NA	NA	NA	NA	NA	NA
ENSDART00000126656	CABZ01100187.1	1	69.6	69.6	NA	NA	NA	NA	NA	NA	NA
ENSDART00000036461	arhgap1	50	70.3	66.9	12.3	23.1	113.1	146.1	NA	NA	NA
ENSDART00000036462	dctn4	68	47.6	22.9	9.2	16.2	62.0	131.8	21.34	13.75	-0.634128557525
ENSDART00000036463	dnd	8	29.3	15.9	NA	NA	NA	NA	NA	NA	NA
ENSDART00000113706	trnt1	18	81.1	55.2	11.9	16.3	118.7	168.7	NA	NA	NA
ENSDART00000008174	pfkma	2	6.5	6.5	NA	NA	NA	NA	NA	NA	NA
ENSDART00000126659	CR391924.1	1	10.1	10.1	NA	NA	NA	NA	NA	NA	NA
ENSDART00000105823	insrb	35	67.1	41.8	11.2	17.1	91.9	178.7	NA	NA	NA
ENSDART00000100813	rps24	885	77.3	79.5	23.7	39.9	109.4	135.3	1290.69	600.72	-1.10337793146
ENSDART00000100817	msmo1	1	39.9	39.9	NA	NA	NA	NA	NA	NA	NA
ENSDART00000024076	scamp2l	158	50.5	33.2	10.8	17.1	72.5	118.7	NA	NA	NA
ENSDART00000139636	zgc:152968	8	83.6	59.7	NA	NA	NA	NA	3.88	0.85	-2.19052190605
ENSDART00000044733	NPBWR2	27	33.1	26.9	10.8	14.7	45.1	60.4	NA	NA	NA
ENSDART00000004546	pabpc1l	50	20.8	18.1	5.1	8.5	26.0	39.4	19.03	12.14	-0.648507140018
ENSDART00000097966	sh3gl1a	16	30.9	23.3	13.0	16.9	42.4	60.3	10.53	7.85	-0.423740877247
ENSDART00000093228	mat2al	7	63.1	51.2	NA	NA	NA	NA	NA	NA	NA
ENSDART00000149089	anxa11b	47	32.6	29.1	5.6	13.0	49.9	64.3	NA	NA	NA
ENSDART00000132489	si:dkey-4c15.19	7	24.6	12.9	NA	NA	NA	NA	NA	NA	NA
ENSDART00000081743	grk1a	1	121.1	121.1	NA	NA	NA	NA	NA	NA	NA
ENSDART00000062066	si:dkey-177p2.6	111	69.1	59.6	6.4	19.4	100.1	167.6	NA	NA	NA
ENSDART00000098896	zgc:101553	2	113.8	113.8	NA	NA	NA	NA	NA	NA	NA
ENSDART00000015712	znf710a	19	31.4	23.0	6.5	14.2	45.1	64.6	NA	NA	NA
ENSDART00000009277	TUBA1A	95	86.1	88.6	34.8	54.8	111.4	137.4	NA	NA	NA
ENSDART00000022899	pigo	105	45.4	27.0	11.8	18.6	49.7	118.6	4.76	11.71	1.29870759719
ENSDART00000143740	ptprq	1	22.1	22.1	NA	NA	NA	NA	NA	NA	NA
ENSDART00000045036	NFKBIB	60	63.1	52.0	12.7	27.2	88.4	133.9	NA	NA	NA
ENSDART00000143218	MYO7B	2	139.8	139.8	NA	NA	NA	NA	NA	NA	NA
ENSDART00000045038	fnbp1l	342	49.7	41.5	15.7	23.9	68.0	94.3	38.38	86.91	1.1791674738
ENSDART00000139918	GPN1	19	53.3	35.9	4.0	17.2	78.8	129.3	NA	NA	NA
ENSDART00000091700	C6H2orf62	4	32.8	31.5	NA	NA	NA	NA	NA	NA	NA
ENSDART00000100756	tmem199	61	80.4	73.0	14.5	31.7	118.2	151.3	NA	NA	NA
ENSDART00000145748	TMEM87A	10	20.3	14.8	8.4	11.3	28.5	36.1	NA	NA	NA
ENSDART00000145749	si:dkeyp-113d7.1	77	70.2	58.5	12.0	20.1	108.7	151.6	NA	NA	NA
ENSDART00000109667	trip11	26	61.2	52.5	13.6	26.2	65.3	144.7	6.14	4.01	-0.614636418915
ENSDART00000057471	GPR180	8	23.2	21.9	NA	NA	NA	NA	NA	NA	NA
ENSDART00000058785	fam210a	4	53.2	51.6	NA	NA	NA	NA	NA	NA	NA
ENSDART00000050898	ncf1	6	112.2	104.7	NA	NA	NA	NA	NA	NA	NA
ENSDART00000058789	qdpra	31	70.2	68.1	33.0	54.4	88.8	109.9	NA	NA	NA
ENSDART00000015418	irf2bpl	182	51.3	37.0	5.0	9.2	78.7	129.2	5.52	27.1	2.29555267946
ENSDART00000087250	crebbpa	6	100.6	94.4	NA	NA	NA	NA	6.43	2.63	-1.28975593804
ENSDART00000079065	ccz1	58	46.1	23.3	7.3	12.0	59.8	128.4	NA	NA	NA
ENSDART00000005944	rpl5a	300	113.9	120.6	49.7	76.7	144.6	166.5	374.55	169.33	-1.1453207255
ENSDART00000008906	znf503	165	33.2	17.1	5.5	9.9	46.8	87.7	11.31	43.74	1.95135429106
ENSDART00000008904	im:7162965	2	24.5	24.5	NA	NA	NA	NA	NA	NA	NA
ENSDART00000097546	ARID3C	2	55.1	55.1	NA	NA	NA	NA	NA	NA	NA
ENSDART00000097547	trpc6b	1	15.6	15.6	NA	NA	NA	NA	NA	NA	NA
ENSDART00000076040	srfa	77	93.6	89.7	32.5	61.8	125.5	152.8	NA	NA	NA
ENSDART00000097540	MRPL51	53	59.7	58.3	14.8	27.3	80.7	109.1	43.65	38.69	-0.174020925074
ENSDART00000065045	prrc1	108	54.5	44.9	11.4	23.2	83.4	110.6	21.16	192.22	3.18334692009
ENSDART00000017451	CDS1	32	61.4	33.4	8.1	12.8	106.5	143.3	NA	NA	NA
ENSDART00000053763	dctd	146	45.6	37.7	15.0	24.5	54.8	74.8	NA	NA	NA
ENSDART00000132736	lca5	25	50.2	39.3	10.5	17.6	62.9	81.4	5.3	4.26	-0.315138929225
ENSDART00000089035	ppfibp2b	0	NA	NA	NA	NA	NA	NA	8.84	13.12	0.569649445227
ENSDART00000021604	gins4	33	49.9	40.3	14.6	21.2	73.1	90.9	NA	NA	NA
ENSDART00000021605	LRRC4C	1	24.6	24.6	NA	NA	NA	NA	NA	NA	NA
ENSDART00000153080	capg	21	46.4	39.8	24.4	27.0	62.0	76.3	10.27	35.65	1.79546589501
ENSDART00000056963	stk25b	49	45.2	32.8	17.0	22.1	47.6	81.1	19.87	13.62	-0.544865169238
ENSDART00000153082	si:dkey-11e23.5	71	54.4	34.9	10.4	17.6	67.6	144.0	NA	NA	NA
ENSDART00000139871	socs6b	195	50.4	33.5	5.8	11.9	79.2	119.8	6.9	22.79	1.7237326576
ENSDART00000134550	ormdl2	46	32.3	27.7	16.0	22.0	36.3	46.5	NA	NA	NA
ENSDART00000006942	TXNDC15	75	90.1	87.2	25.6	43.4	120.2	164.0	35.85	14.01	-1.35551616316
ENSDART00000139703	RC3H1	244	75.4	67.0	16.7	33.7	115.4	141.0	11.54	30.01	1.37880009495
ENSDART00000139701	zfand5a	148	56.3	45.4	13.6	21.5	79.0	120.8	NA	NA	NA
ENSDART00000134556	taf11	68	71.4	65.6	15.2	28.5	99.2	136.0	26.99	48.28	0.839000699288
ENSDART00000077445	pim3	61	77.2	74.2	14.4	24.2	110.0	165.4	11.89	54.3	2.19120348295
ENSDART00000088624	rpgrb	4	38.3	34.9	NA	NA	NA	NA	NA	NA	NA
ENSDART00000151778	si:ch1073-263o8.2	78	48.6	48.9	14.3	25.8	66.1	80.5	9.65	7.3	-0.402632478388
ENSDART00000135374	ptpn21	15	42.4	18.4	10.2	12.8	43.5	85.5	5.02	6.85	0.448416623897
ENSDART00000130641	bcl3	16	44.9	22.1	9.7	13.6	77.1	94.4	NA	NA	NA
ENSDART00000130642	STRADB	7	41.7	43.4	NA	NA	NA	NA	NA	NA	NA
ENSDART00000077446	si:dkey-101k6.5	1	109.9	109.9	NA	NA	NA	NA	NA	NA	NA
ENSDART00000129794	birc7	3	48.9	34.9	NA	NA	NA	NA	NA	NA	NA
ENSDART00000121805	bbox1	4	105.1	127.9	NA	NA	NA	NA	NA	NA	NA
ENSDART00000079283	tmeff1b	155	97.9	100.7	42.5	69.1	123.4	156.2	NA	NA	NA
ENSDART00000076265	TMEM30B	162	60.4	42.9	14.1	21.7	88.8	135.8	14.71	33.94	1.20618931829
ENSDART00000138473	SPEG	4	88.4	99.6	NA	NA	NA	NA	NA	NA	NA
ENSDART00000024386	frmd6	47	54.4	38.1	8.1	14.6	92.7	117.9	6.32	21.48	1.76499752981
ENSDART00000086250	znf592	19	113.2	132.7	30.3	94.5	148.3	162.8	NA	NA	NA
ENSDART00000142167	st6gal2	62	32.5	23.5	11.5	18.9	35.3	63.8	9.37	4.69	-0.998461125144
ENSDART00000152149	si:dkey-121j17.6	13	60.6	55.7	10.1	16.4	88.9	103.8	NA	NA	NA
ENSDART00000140272	wu:fb17f05	58	68.0	56.2	26.9	37.4	88.6	142.2	NA	NA	NA
ENSDART00000112474	arl6ip5a	362	77.1	72.2	28.7	47.8	100.3	130.8	NA	NA	NA
ENSDART00000023766	vldlr	49	19.0	15.9	4.7	7.7	25.9	39.7	10.3	5.4	-0.93161302502
ENSDART00000152143	peli1a	2	30.0	30.0	NA	NA	NA	NA	NA	NA	NA
ENSDART00000023763	C20H2orf44	4	35.7	34.4	NA	NA	NA	NA	NA	NA	NA
ENSDART00000073963	LHX6	2	74.0	74.0	NA	NA	NA	NA	NA	NA	NA
ENSDART00000125309	rnf20	160	72.1	57.3	17.1	33.0	101.7	146.2	49.81	35.96	-0.470042390158
ENSDART00000128222	snrpc	1720	73.4	69.8	32.9	48.5	92.1	119.7	199.29	883.87	2.14896487273
ENSDART00000128223	CHCHD5	17	46.4	24.0	9.0	17.6	102.2	111.9	NA	NA	NA
ENSDART00000125872	disp2	1	140.1	140.1	NA	NA	NA	NA	NA	NA	NA
ENSDART00000039267	ptgdsb	20	88.4	82.1	41.6	51.6	113.9	138.1	NA	NA	NA
ENSDART00000128227	gle1	24	57.4	43.7	9.3	18.9	69.0	130.8	19.73	31.72	0.68500181498
ENSDART00000039265	naa40	632	48.4	35.1	12.8	19.9	62.5	101.4	45.63	140.21	1.61953468942
ENSDART00000077965	ptn	1	-2.5	-2.5	NA	NA	NA	NA	NA	NA	NA
ENSDART00000078885	onecut3	32	86.8	71.5	25.9	32.9	129.1	161.4	NA	NA	NA
ENSDART00000078887	tmem222a	5	66.5	60.7	NA	NA	NA	NA	NA	NA	NA
ENSDART00000100622	slc15a2	17	24.9	23.6	6.3	11.0	34.0	44.6	NA	NA	NA
ENSDART00000099078	jph1b	3	23.4	21.7	NA	NA	NA	NA	NA	NA	NA
ENSDART00000003133	yipf2	6	40.2	37.8	NA	NA	NA	NA	NA	NA	NA
ENSDART00000078888	dusp22a	3	19.8	23.5	NA	NA	NA	NA	NA	NA	NA
ENSDART00000103894	cacng8b	1	4.1	4.1	NA	NA	NA	NA	NA	NA	NA
ENSDART00000025036	gap43	1	37.8	37.8	NA	NA	NA	NA	NA	NA	NA
ENSDART00000012098	hs3st1	1	37.9	37.9	NA	NA	NA	NA	NA	NA	NA
ENSDART00000025033	gpx1a	68	74.4	61.1	32.3	45.2	102.7	141.8	NA	NA	NA
ENSDART00000025031	pou4f1	1	3.9	3.9	NA	NA	NA	NA	NA	NA	NA
ENSDART00000078791	ints2	82	84.4	66.1	18.6	35.6	119.9	185.6	4.11	17.55	2.09426073151
ENSDART00000028009	gkap1	364	31.5	24.3	9.8	16.5	38.9	57.1	90.31	166.19	0.879875923875
ENSDART00000114134	wrb	22	61.7	48.6	17.5	26.2	69.2	129.6	NA	NA	NA
ENSDART00000114137	sh3yl1	85	65.9	69.7	9.1	22.8	104.5	122.3	NA	NA	NA
ENSDART00000114136	WDR89	53	51.6	37.9	14.4	22.6	61.0	105.6	NA	NA	NA
ENSDART00000014149	FAT2	15	78.5	85.8	5.8	15.8	124.2	153.7	NA	NA	NA
ENSDART00000017726	etnk1	101	81.1	85.1	13.0	35.7	119.2	146.9	NA	NA	NA
ENSDART00000138011	ZNF646	277	63.6	48.8	10.6	20.9	97.5	141.1	7.54	34.8	2.20645087747
ENSDART00000148727	si:dkey-32e10.4-001	16	113.8	124.1	21.5	45.4	170.6	201.5	NA	NA	NA
ENSDART00000062507	CABZ01078431.1	3	24.3	18.6	NA	NA	NA	NA	NA	NA	NA
ENSDART00000017728	pgd	79	43.3	36.8	12.6	21.2	50.5	67.6	13.2	50.61	1.93888454476
ENSDART00000137012	myom1a	1	32.8	32.8	NA	NA	NA	NA	NA	NA	NA
ENSDART00000127652	lypd6	3	46.6	47.0	NA	NA	NA	NA	NA	NA	NA
ENSDART00000053773	lsm6	64	89.0	81.2	15.4	33.1	130.3	173.6	NA	NA	NA
ENSDART00000127657	mrps34	10	53.2	52.3	29.2	44.1	59.8	78.8	29.14	30.77	0.078523566269
ENSDART00000053776	fkbp11	20	67.8	63.0	17.3	30.8	100.7	133.5	NA	NA	NA
ENSDART00000143324	spsb3a	2	53.3	53.3	NA	NA	NA	NA	NA	NA	NA
ENSDART00000101023	oep	736	55.7	37.5	11.6	18.8	81.6	132.3	56.59	220.08	1.95940900223
ENSDART00000127659	stk19	2	66.6	66.6	NA	NA	NA	NA	NA	NA	NA
ENSDART00000136492	si:ch211-158d24.4	13	97.9	89.3	58.3	63.3	121.8	146.7	NA	NA	NA
ENSDART00000091021	col10a1	7	81.5	79.5	NA	NA	NA	NA	NA	NA	NA
ENSDART00000144837	hectd3	21	40.9	24.3	3.8	15.3	50.9	85.7	11.0	5.29	-1.0561638963
ENSDART00000101026	mical3a	13	46.9	44.6	11.0	16.9	78.9	85.8	2.18	1.32	-0.723790205418
ENSDART00000131113	LPHN3	1	53.0	53.0	NA	NA	NA	NA	NA	NA	NA
ENSDART00000136722	cdkn1a	28	42.7	31.2	2.5	6.8	67.3	100.2	NA	NA	NA
ENSDART00000131116	ttyh3b	5	73.7	58.5	NA	NA	NA	NA	NA	NA	NA
ENSDART00000104303	actl6a	682	78.0	69.2	27.8	45.8	104.4	139.3	55.93	257.22	2.20130858755
ENSDART00000066450	DUSP19	1	153.8	153.8	NA	NA	NA	NA	NA	NA	NA
ENSDART00000121698	senp3b	3073	65.1	57.3	12.2	27.9	96.3	128.2	35.4	60.76	0.779372509532
ENSDART00000078086	CU655961.1	6	68.7	76.1	NA	NA	NA	NA	NA	NA	NA
ENSDART00000016096	dnajc11	253	54.3	42.9	17.7	28.8	70.8	109.1	49.17	38.58	-0.349925211772
ENSDART00000015095	uts1	3	14.7	8.0	NA	NA	NA	NA	NA	NA	NA
ENSDART00000067262	mettl25	9	99.2	57.7	NA	NA	NA	NA	NA	NA	NA
ENSDART00000016090	pla2g7	6	18.0	11.9	NA	NA	NA	NA	NA	NA	NA
ENSDART00000121867	eif3c	384	60.8	49.6	15.9	27.1	83.6	118.0	74.22	177.4	1.25712610349
ENSDART00000127374	DDHD1	4	27.6	24.9	NA	NA	NA	NA	NA	NA	NA
ENSDART00000020233	zdhhc7	38	43.9	31.3	6.4	16.7	62.9	88.9	NA	NA	NA
ENSDART00000121558	atg4b	8	70.1	63.2	NA	NA	NA	NA	NA	NA	NA
ENSDART00000043190	lsm12a	200	35.6	28.6	8.4	17.3	49.0	69.1	55.36	94.31	0.768566809745
ENSDART00000121552	slc44a1b	4	81.4	26.9	NA	NA	NA	NA	NA	NA	NA
ENSDART00000043193	si:ch211-161h7.6	10	29.8	29.5	19.0	21.5	36.7	41.5	NA	NA	NA
ENSDART00000012396	ik	169	105.3	104.8	38.7	68.6	136.0	164.9	38.49	127.95	1.73302457112
ENSDART00000024922	jag2	10	20.9	19.0	4.8	11.6	22.4	42.9	NA	NA	NA
ENSDART00000046115	mfsd2aa	7	61.5	49.6	NA	NA	NA	NA	NA	NA	NA
ENSDART00000024925	gcc1	44	42.2	31.4	15.4	20.7	56.4	86.2	8.54	5.33	-0.680100536861
ENSDART00000078358	pip5k1aa	583	68.8	60.4	18.2	31.4	99.5	133.1	17.08	164.08	3.26401951686
ENSDART00000013294	anxa13	24	42.0	40.0	15.7	19.6	50.3	61.4	NA	NA	NA
ENSDART00000056205	satb1a	64	49.1	26.7	7.7	13.6	75.0	128.0	NA	NA	NA
ENSDART00000018948	socs8	1	126.8	126.8	NA	NA	NA	NA	NA	NA	NA
ENSDART00000018945	meis3	4	75.0	65.5	NA	NA	NA	NA	NA	NA	NA
ENSDART00000123026	si:dkey-241l7.5	3	23.1	19.7	NA	NA	NA	NA	NA	NA	NA
ENSDART00000056208	snap29	125	45.7	31.8	9.0	15.4	69.0	103.9	18.01	96.49	2.42158125131
ENSDART00000027718	fxr2	0	NA	NA	NA	NA	NA	NA	18.83	71.65	1.92793370454
ENSDART00000123532	pkp1a	13	15.3	11.6	6.6	7.2	21.2	22.7	NA	NA	NA
ENSDART00000115260	si:ch211-113g11.6	1	21.3	21.3	NA	NA	NA	NA	NA	NA	NA
ENSDART00000057541	APOOL	65	34.4	23.3	7.7	14.0	37.1	80.6	NA	NA	NA
ENSDART00000126017	si:rp71-1c10.10	2	30.0	30.0	NA	NA	NA	NA	NA	NA	NA
ENSDART00000126015	etv5a	163	63.8	46.3	11.6	17.5	103.1	139.6	NA	NA	NA
ENSDART00000123534	cacna1g	3	43.2	24.6	NA	NA	NA	NA	NA	NA	NA
ENSDART00000016677	C11H6orf120	35	25.2	18.2	3.0	9.0	30.6	49.7	NA	NA	NA
ENSDART00000016891	hsd17b10	425	41.1	39.6	15.8	25.5	54.9	68.2	69.53	146.47	1.07489770732
ENSDART00000016890	eif6	262	55.4	44.9	13.4	23.5	77.6	113.5	83.75	81.19	-0.0447871457917
ENSDART00000138116	surf6	140	54.6	48.9	15.7	27.4	71.8	109.6	106.36	77.04	-0.465276074014
ENSDART00000074561	litaf	14	23.2	19.2	3.9	9.7	37.4	43.4	NA	NA	NA
ENSDART00000100265	tmem194b	239	45.7	36.8	9.7	20.3	57.1	94.3	NA	NA	NA
ENSDART00000140136	soga3b	1	74.8	74.8	NA	NA	NA	NA	NA	NA	NA
ENSDART00000112896	BX294110.1	86	49.7	33.2	9.6	17.2	55.5	135.1	30.06	21.26	-0.499703412385
ENSDART00000098307	ZNF800	96	70.1	50.5	16.3	34.4	81.6	136.4	24.63	55.76	1.17881393337
ENSDART00000126365	CABZ01043021.1	1	62.6	62.6	NA	NA	NA	NA	NA	NA	NA
ENSDART00000090096	PAXBP1	39	72.0	64.6	17.0	34.1	90.7	138.1	10.0	10.61	0.0854246562527
ENSDART00000051186	nccrp1	44	28.1	24.3	13.6	19.0	35.3	45.6	20.05	32.78	0.709213617757
ENSDART00000144659	CABZ01112215.2	1	22.1	22.1	NA	NA	NA	NA	NA	NA	NA
ENSDART00000110030	lmtk2	105	60.4	59.1	10.1	26.2	82.5	123.9	6.9	20.63	1.58007555422
ENSDART00000139288	si:dkey-121h17.7	4	6.2	4.5	NA	NA	NA	NA	NA	NA	NA
ENSDART00000130514	EML4	397	55.3	45.3	18.0	26.7	71.9	104.7	NA	NA	NA
ENSDART00000080969	trim55b	2	16.1	16.1	NA	NA	NA	NA	NA	NA	NA
ENSDART00000004092	brox	12	30.2	19.5	-6.9	12.5	36.9	72.6	NA	NA	NA
ENSDART00000110987	TXNRD2	4	25.3	19.9	NA	NA	NA	NA	NA	NA	NA
ENSDART00000036421	chek2	37	34.6	25.5	8.5	12.5	38.2	90.2	9.7	10.92	0.170916203845
ENSDART00000098889	caprin1b	833	49.9	44.8	17.8	29.1	61.9	82.0	137.41	276.81	1.01040906254
ENSDART00000019017	CT485993.2	30	53.9	37.9	4.2	14.2	93.3	126.4	NA	NA	NA
ENSDART00000105561	si:dkey-42p8.3	9	130.7	65.8	NA	NA	NA	NA	NA	NA	NA
ENSDART00000147319	scml4	4	32.7	34.7	NA	NA	NA	NA	NA	NA	NA
ENSDART00000007458	ppp6c	182	52.2	37.1	8.6	19.3	72.5	112.4	22.6	125.36	2.47168240717
ENSDART00000100046	C8H1orf174	25	21.5	19.5	8.3	11.1	27.8	37.6	NA	NA	NA
ENSDART00000147878	ankrd39	3	28.3	21.5	NA	NA	NA	NA	NA	NA	NA
ENSDART00000045675	slc52a2	13	76.4	51.9	22.4	41.1	123.7	134.6	NA	NA	NA
ENSDART00000010028	ptgs2b	71	51.3	36.1	7.5	14.6	62.5	121.2	NA	NA	NA
ENSDART00000122774	ERCC6L2	3	13.9	15.8	NA	NA	NA	NA	NA	NA	NA
ENSDART00000033922	kcnn1a	1	51.9	51.9	NA	NA	NA	NA	NA	NA	NA
ENSDART00000060764	spred1	14	51.0	25.8	13.3	16.1	50.1	102.9	NA	NA	NA
ENSDART00000060766	rab11a	506	56.4	44.7	12.9	27.1	79.1	110.2	38.37	242.62	2.66064781161
ENSDART00000133121	bub1	161	64.1	47.0	14.5	23.5	81.0	138.6	28.59	72.84	1.34922030235
ENSDART00000122117	SACS	1	131.5	131.5	NA	NA	NA	NA	NA	NA	NA
ENSDART00000146471	si:dkey-169i5.4	5	109.7	67.0	NA	NA	NA	NA	NA	NA	NA
ENSDART00000146470	arpc4	264	51.0	40.5	13.0	23.7	65.5	110.1	NA	NA	NA
ENSDART00000082702	mlxip	150	60.1	46.4	12.9	23.1	77.9	128.0	4.49	19.76	2.13779559684
ENSDART00000010358	a1cf	85	142.2	134.7	93.5	114.4	165.7	195.8	NA	NA	NA
ENSDART00000059209	wdfy2	11	36.0	27.5	11.1	17.5	43.0	44.4	NA	NA	NA
ENSDART00000135919	amd1	87	63.0	44.4	10.3	19.0	101.0	133.5	NA	NA	NA
ENSDART00000059207	pemt	23	24.1	23.6	10.8	17.2	27.5	38.4	NA	NA	NA
ENSDART00000057918	si:ch211-147h1.4	1	131.4	131.4	NA	NA	NA	NA	NA	NA	NA
ENSDART00000135915	pla2g4a	1	62.9	62.9	NA	NA	NA	NA	NA	NA	NA
ENSDART00000152705	api5	601	90.2	87.3	30.9	58.5	119.7	147.7	61.3	657.76	3.42360229799
ENSDART00000026409	cct4	285	70.0	61.2	26.2	37.7	97.6	127.3	126.5	177.31	0.487136519301
ENSDART00000097949	surf4	9	42.2	35.3	NA	NA	NA	NA	NA	NA	NA
ENSDART00000125729	dnmt3b	215	73.1	63.0	15.9	35.5	104.0	139.0	7.12	82.87	3.54090077587
ENSDART00000023162	FANCA	14	47.5	27.9	16.7	19.0	32.1	63.0	5.85	1.33	-2.13701037897
ENSDART00000112279	kmt2cb	2	90.8	90.8	NA	NA	NA	NA	0.77	0.18	-2.09686153925
ENSDART00000004220	rab34a	150	76.1	64.4	23.9	36.3	110.6	146.7	NA	NA	NA
ENSDART00000125099	tbck	48	27.3	26.6	12.8	17.3	36.5	44.2	7.92	8.73	0.14048122355
ENSDART00000010257	fam73a	66	83.6	81.5	20.9	41.5	112.7	152.6	7.26	12.38	0.769969861219
ENSDART00000053936	pfdn6	160	76.3	73.4	19.4	42.5	113.6	133.5	NA	NA	NA
ENSDART00000152449	si:ch211-113a14.29	4	53.2	57.7	NA	NA	NA	NA	NA	NA	NA
ENSDART00000089232	SLC12A7	13	27.0	22.6	11.0	19.1	37.3	44.8	NA	NA	NA
ENSDART00000127325	wu:fc75a09	64	87.3	82.0	40.2	58.1	118.6	134.5	NA	NA	NA
ENSDART00000057318	DUSP8	14	40.5	19.0	7.8	12.8	43.4	98.4	NA	NA	NA
ENSDART00000057641	tspan15	85	61.0	51.5	13.1	33.9	82.2	115.6	NA	NA	NA
ENSDART00000057315	cep78	14	25.3	19.8	8.1	10.6	24.3	51.9	NA	NA	NA
ENSDART00000057642	acbd6	22	49.5	41.7	17.6	22.0	69.0	97.8	NA	NA	NA
ENSDART00000057645	qsox1	63	28.3	19.0	8.2	12.0	34.8	61.7	7.96	13.96	0.810458605666
ENSDART00000057644	lhx4	5	49.9	20.4	NA	NA	NA	NA	NA	NA	NA
ENSDART00000053932	cbsa	2	10.6	10.6	NA	NA	NA	NA	NA	NA	NA
ENSDART00000066506	cox6b1	1	92.3	92.3	NA	NA	NA	NA	NA	NA	NA
ENSDART00000014851	tpm1	20	62.5	19.9	8.3	12.4	76.5	201.7	NA	NA	NA
ENSDART00000078652	CAMK2G	5	53.5	61.9	NA	NA	NA	NA	NA	NA	NA
ENSDART00000052366	cebpa	92	47.4	25.7	7.1	11.1	81.5	108.0	NA	NA	NA
ENSDART00000082830	BX255936.1	1	11.3	11.3	NA	NA	NA	NA	NA	NA	NA
ENSDART00000104219	rcor1	134	41.1	25.5	8.7	13.6	59.6	94.3	20.06	38.45	0.938661992237
ENSDART00000064694	TATDN3	9	44.4	38.5	NA	NA	NA	NA	NA	NA	NA
ENSDART00000139983	si:dkey-57k2.6	2	45.1	45.1	NA	NA	NA	NA	NA	NA	NA
ENSDART00000004959	det1	31	47.1	31.1	8.2	13.9	71.3	107.2	NA	NA	NA
ENSDART00000086060	mrpl22	48	73.1	64.7	8.6	23.4	107.6	149.9	41.67	50.45	0.275845169291
ENSDART00000061417	si:ch211-245h14.1	6	76.1	72.6	NA	NA	NA	NA	NA	NA	NA
ENSDART00000004483	zgc:162969	37	19.4	15.0	4.7	10.2	21.5	32.7	13.21	3.72	-1.82825594014
ENSDART00000023571	u2af2b	349	104.5	101.5	36.2	68.4	140.7	163.1	152.64	350.44	1.1990343803
ENSDART00000023575	robo3	8	72.5	69.5	NA	NA	NA	NA	NA	NA	NA
ENSDART00000129624	tbrg1	30	48.4	27.6	13.3	18.3	48.4	84.3	7.73	7.89	0.0295568860886
ENSDART00000102727	zgc:162971	4	27.4	26.5	NA	NA	NA	NA	NA	NA	NA
ENSDART00000036354	mkln1	10	12.8	13.0	0.6	5.1	17.7	23.4	NA	NA	NA
ENSDART00000109538	CU855953.1	1	4.8	4.8	NA	NA	NA	NA	NA	NA	NA
ENSDART00000109537	snphb	2	25.7	25.7	NA	NA	NA	NA	NA	NA	NA
ENSDART00000109535	gmps	256	68.8	55.6	16.0	33.0	98.6	143.4	24.69	180.67	2.87135822701
ENSDART00000102118	gtf2f2a	134	43.9	29.0	11.5	18.6	53.0	98.6	45.89	126.08	1.45808772804
ENSDART00000104812	cbx6a	7	34.7	18.8	NA	NA	NA	NA	NA	NA	NA
ENSDART00000055848	zgc:103559	1	14.6	14.6	NA	NA	NA	NA	NA	NA	NA
ENSDART00000084855	stk40	443	63.1	43.3	14.3	24.1	91.4	145.3	27.29	101.47	1.89460895233
ENSDART00000005573	tmem237b	23	62.3	49.3	11.5	17.0	98.2	113.5	11.02	11.36	0.0438386109335
ENSDART00000050597	XPR1	39	40.6	26.1	10.2	13.4	42.7	92.7	NA	NA	NA
ENSDART00000138234	tomm20b	245	68.2	63.8	17.9	32.0	97.9	122.7	97.74	45.72	-1.09612370103
ENSDART00000122164	b3gat3	0	NA	NA	NA	NA	NA	NA	9.61	5.03	-0.933978030968
ENSDART00000122503	BX000690.1	1	45.2	45.2	NA	NA	NA	NA	NA	NA	NA
ENSDART00000137603	si:ch211-225b11.4	1	20.1	20.1	NA	NA	NA	NA	NA	NA	NA
ENSDART00000148932	si:ch73-109d9.1	4	56.5	47.1	NA	NA	NA	NA	NA	NA	NA
ENSDART00000014632	katnb1	28	43.5	27.0	12.2	16.0	79.3	103.0	6.97	3.09	-1.17355181796
ENSDART00000062263	zfand6	142	62.1	40.7	12.0	18.9	107.1	145.0	29.41	73.77	1.32672745143
ENSDART00000124518	C7H19orf12	22	52.3	36.9	22.5	26.6	68.8	110.5	NA	NA	NA
ENSDART00000142080	kpna1	49	79.7	76.1	18.7	42.6	112.5	144.2	NA	NA	NA
ENSDART00000062264	sdhb	97	46.1	37.2	16.0	23.0	59.0	92.6	41.08	54.28	0.401984539101
ENSDART00000062269	sos1	28	72.0	32.8	11.3	20.4	136.3	182.7	17.33	1.39	-3.64011486644
ENSDART00000142088	si:ch211-218c6.8	19	31.8	24.2	8.3	9.5	38.0	70.0	NA	NA	NA
ENSDART00000129698	rps9	599	66.3	52.8	24.7	35.9	89.7	122.5	1285.2	559.11	-1.20078883219
ENSDART00000061996	tmem231	46	66.0	46.3	13.9	25.8	98.0	142.1	NA	NA	NA
ENSDART00000032788	rdh8a	4	88.4	87.0	NA	NA	NA	NA	NA	NA	NA
ENSDART00000077059	anp32e	3544	106.9	107.4	60.7	82.5	130.8	151.7	475.83	1747.38	1.87667524463
ENSDART00000006881	ZBTB39	11	73.3	79.2	8.2	15.7	126.0	153.8	NA	NA	NA
ENSDART00000006883	hnf1ba	81	39.8	21.7	7.3	11.3	50.4	96.2	NA	NA	NA
ENSDART00000143972	rif1	361	61.7	44.4	13.7	23.6	91.7	139.2	28.2	65.84	1.22326917314
ENSDART00000058843	krcp	305	77.0	66.9	14.8	30.4	114.5	159.7	8.85	41.59	2.23248732468
ENSDART00000113502	si:dkey-84j12.1	2	12.9	12.9	NA	NA	NA	NA	NA	NA	NA
ENSDART00000058336	arpp19b	326	47.0	25.7	9.7	15.4	65.8	121.6	39.8	108.22	1.44312681055
ENSDART00000111254	nadka	45	54.6	45.7	16.1	22.7	74.5	114.3	NA	NA	NA
ENSDART00000058339	ap3s2	14	67.7	42.8	14.6	25.8	115.3	148.2	NA	NA	NA
ENSDART00000056649	tmem53	14	98.6	90.0	27.7	51.4	137.9	174.8	NA	NA	NA
ENSDART00000130095	tmem179	15	59.5	40.8	12.3	23.6	93.3	117.3	NA	NA	NA
ENSDART00000129543	asmtl	5	14.3	15.2	NA	NA	NA	NA	NA	NA	NA
ENSDART00000082438	DLGAP2	2	26.2	26.2	NA	NA	NA	NA	NA	NA	NA
ENSDART00000124328	LPL	2	47.1	47.1	NA	NA	NA	NA	NA	NA	NA
ENSDART00000090528	rhoae	79	54.1	37.1	13.9	20.8	66.5	114.7	42.47	75.45	0.829076792067
ENSDART00000055504	cyc1	328	65.3	56.4	13.0	26.9	97.4	130.8	49.9	123.12	1.3029534161
ENSDART00000076399	nat10	274	79.7	77.1	19.7	36.6	113.1	148.1	39.27	51.99	0.404806557215
ENSDART00000124326	slc4a1a	2	32.1	32.1	NA	NA	NA	NA	NA	NA	NA
ENSDART00000124225	zgc:91909	4	110.8	104.4	NA	NA	NA	NA	NA	NA	NA
ENSDART00000124222	cadm3	4	104.4	84.3	NA	NA	NA	NA	NA	NA	NA
ENSDART00000062190	smarcb1b	87	74.1	65.8	19.7	39.1	94.5	126.3	29.8	109.57	1.87846861016
ENSDART00000150736	si:dkeyp-109b10.4	18	63.5	48.8	21.9	30.0	77.7	103.8	NA	NA	NA
ENSDART00000092479	C2H1orf123	40	74.5	68.0	23.5	32.5	98.6	148.2	NA	NA	NA
ENSDART00000110123	MAN2C1	1	35.5	35.5	NA	NA	NA	NA	NA	NA	NA
ENSDART00000142884	gngt2a	56	98.6	100.6	55.3	69.8	122.7	149.8	NA	NA	NA
ENSDART00000110126	cacng3b	7	33.5	26.5	NA	NA	NA	NA	NA	NA	NA
ENSDART00000110360	ccdc153	3	48.2	49.7	NA	NA	NA	NA	NA	NA	NA
ENSDART00000142881	fryb	35	73.9	68.7	10.8	24.2	120.2	144.9	NA	NA	NA
ENSDART00000056640	abcf2a	739	73.0	60.0	11.4	30.1	105.7	154.6	115.42	254.23	1.13924104716
ENSDART00000131274	tbcelb	3	54.2	26.0	NA	NA	NA	NA	NA	NA	NA
ENSDART00000136553	si:ch211-209a2.2	5	118.5	109.3	NA	NA	NA	NA	NA	NA	NA
ENSDART00000109791	zgc:92066	0	NA	NA	NA	NA	NA	NA	238.7	42.15	-2.50159403014
ENSDART00000057774	mrps6	2	119.5	119.5	NA	NA	NA	NA	61.04	119.72	0.971837316664
ENSDART00000063789	rps5	2081	79.4	81.2	28.7	43.3	107.0	130.7	1443.55	713.45	-1.01673684742
ENSDART00000091070	zgc:158403	7	51.0	40.6	NA	NA	NA	NA	NA	NA	NA
ENSDART00000109799	mmrn2b	4	60.8	68.0	NA	NA	NA	NA	NA	NA	NA
ENSDART00000008468	msxb	47	31.0	17.7	4.0	8.2	42.9	77.3	NA	NA	NA
ENSDART00000145681	atp6v1h	11	65.6	59.2	13.2	17.0	70.0	174.8	NA	NA	NA
ENSDART00000008310	sf3b3	143	68.3	51.6	19.7	32.9	97.9	136.2	5.93	45.69	2.94577443266
ENSDART00000126840	supt16h	510	60.8	50.3	14.3	27.4	88.7	120.7	79.65	149.61	0.909460341974
ENSDART00000126844	CABZ01050100.1	5	27.6	24.5	NA	NA	NA	NA	NA	NA	NA
ENSDART00000048675	mrps33	67	56.6	46.1	15.4	25.5	80.1	108.2	NA	NA	NA
ENSDART00000048676	prkar2aa	83	38.8	30.8	10.4	18.2	41.1	67.7	33.07	26.42	-0.323892578944
ENSDART00000104539	lim2.4	1	159.4	159.4	NA	NA	NA	NA	NA	NA	NA
ENSDART00000113112	WSCD1	3	85.0	44.7	NA	NA	NA	NA	NA	NA	NA
ENSDART00000126849	senp6a	64	75.6	63.6	16.6	29.1	121.8	160.3	13.34	11.62	-0.19914859778
ENSDART00000114722	dennd4c	14	32.7	29.1	17.2	23.9	36.4	43.4	2.09	2.89	0.46756655042
ENSDART00000113116	polg2	6	92.9	73.2	NA	NA	NA	NA	NA	NA	NA
ENSDART00000114725	oscp1a	10	48.1	45.1	10.4	17.7	65.8	86.3	NA	NA	NA
ENSDART00000129898	ctsf	23	67.3	58.2	28.9	45.3	89.6	128.3	NA	NA	NA
ENSDART00000113508	FP085405.1	179	109.8	111.2	47.9	77.9	141.8	168.0	36.62	242.19	2.72543560129
ENSDART00000038929	zgc:153924	11	93.2	122.7	8.9	27.0	153.4	159.8	NA	NA	NA
ENSDART00000002741	itprip	19	29.7	11.9	2.8	4.5	34.0	77.3	NA	NA	NA
ENSDART00000073689	btr01	4	43.1	18.3	NA	NA	NA	NA	NA	NA	NA
ENSDART00000140832	FKBP15	2	62.0	62.0	NA	NA	NA	NA	NA	NA	NA
ENSDART00000079549	tpte	24	38.6	28.4	14.4	19.8	44.5	73.9	NA	NA	NA
ENSDART00000086935	MARCH4	5	24.5	18.1	NA	NA	NA	NA	NA	NA	NA
ENSDART00000140012	ca8	5	44.9	42.9	NA	NA	NA	NA	NA	NA	NA
ENSDART00000076097	sfi1	7	96.2	65.2	NA	NA	NA	NA	6.06	0.18	-5.07324898203
ENSDART00000029521	asrgl1	15	54.8	26.4	13.9	15.9	57.7	158.2	NA	NA	NA
ENSDART00000090306	xpr1	5	12.5	5.4	NA	NA	NA	NA	NA	NA	NA
ENSDART00000006085	cbl	51	71.9	69.4	17.7	25.5	107.5	148.4	NA	NA	NA
ENSDART00000128940	mlpha	10	12.4	13.6	5.9	9.9	14.8	17.1	NA	NA	NA
ENSDART00000134340	GRIK5	4	26.1	22.7	NA	NA	NA	NA	NA	NA	NA
ENSDART00000104444	slmapa	78	63.0	39.9	11.3	19.6	100.7	141.1	14.75	10.88	-0.439036397886
ENSDART00000025501	zgc:56072	6	50.8	38.7	NA	NA	NA	NA	25.02	54.46	1.12211519288
ENSDART00000061886	sema3ab	3	22.5	9.1	NA	NA	NA	NA	NA	NA	NA
ENSDART00000064112	glrx5	93	39.3	28.0	10.1	16.1	51.5	94.5	36.45	85.04	1.22222278232
ENSDART00000135359	macc1	66	72.0	59.4	13.2	24.2	107.5	146.3	NA	NA	NA
ENSDART00000145538	zgc:193505	149	68.9	66.0	25.5	43.0	88.9	116.7	NA	NA	NA
ENSDART00000052346	gnao1b	1	105.1	105.1	NA	NA	NA	NA	NA	NA	NA
ENSDART00000052345	tradd	39	66.4	51.3	12.9	22.2	107.5	131.5	NA	NA	NA
ENSDART00000137608	dgat2	2	168.1	168.1	NA	NA	NA	NA	NA	NA	NA
ENSDART00000052342	thap11	138	31.0	16.7	5.0	7.9	40.9	81.0	37.49	36.74	-0.0291541991767
ENSDART00000124167	vcl	14	26.5	19.4	9.8	12.8	29.1	63.2	NA	NA	NA
ENSDART00000052349	ogfod1	9	24.3	17.0	NA	NA	NA	NA	NA	NA	NA
ENSDART00000100254	atp6v0d1	10	37.7	23.6	8.4	12.6	54.6	74.9	NA	NA	NA
ENSDART00000104420	samm50	29	20.9	11.9	7.3	8.4	20.1	30.7	NA	NA	NA
ENSDART00000007829	nkx2.1a	1	43.3	43.3	NA	NA	NA	NA	NA	NA	NA
ENSDART00000043507	C19H1orf51	24	30.0	19.6	11.5	13.8	29.7	83.8	NA	NA	NA
ENSDART00000090065	BX957337.1	1	68.9	68.9	NA	NA	NA	NA	NA	NA	NA
ENSDART00000149680	ampd3a	1	32.1	32.1	NA	NA	NA	NA	NA	NA	NA
ENSDART00000149685	gnao1a	8	62.8	40.7	NA	NA	NA	NA	NA	NA	NA
ENSDART00000027982	col14a1a	3	135.7	165.8	NA	NA	NA	NA	NA	NA	NA
ENSDART00000080396	foxj2	2	12.4	12.4	NA	NA	NA	NA	NA	NA	NA
ENSDART00000080395	golga7	461	53.3	37.9	10.0	19.1	71.2	120.7	37.14	326.64	3.13665575229
ENSDART00000144335	cyp27c1	229	85.2	84.0	21.2	52.4	119.3	143.9	NA	NA	NA
ENSDART00000045659	tcp11l1	37	58.4	38.7	14.3	24.7	91.0	151.4	NA	NA	NA
ENSDART00000080391	sprn2	1	60.7	60.7	NA	NA	NA	NA	NA	NA	NA
ENSDART00000104791	zgc:153722	4	24.4	20.1	NA	NA	NA	NA	NA	NA	NA
ENSDART00000049109	seta	1377	94.4	94.0	46.5	71.1	117.3	142.7	307.18	1222.43	1.99259566185
ENSDART00000013497	mylipa	132	56.8	31.2	8.5	13.2	94.2	140.6	9.08	29.5	1.69995075185
ENSDART00000123237	fam8a1	14	43.9	24.5	10.6	16.7	59.2	105.7	NA	NA	NA
ENSDART00000022051	gins1	38	47.6	38.0	12.6	22.7	72.0	92.1	NA	NA	NA
ENSDART00000085913	btbd2	11	123.8	112.6	45.0	65.9	165.4	213.7	NA	NA	NA
ENSDART00000016464	dcps	470	58.3	50.1	12.4	24.1	83.0	115.9	21.15	247.08	3.54624866735
ENSDART00000085917	BTBD2	47	63.0	25.5	11.1	14.8	109.1	178.2	NA	NA	NA
ENSDART00000111290	CZv9_NA429H14orf28	12	41.6	23.0	7.3	13.6	68.5	98.1	NA	NA	NA
ENSDART00000111294	zgc:174315	55	51.4	39.3	6.0	15.2	73.7	116.9	NA	NA	NA
ENSDART00000148486	scaf11	341	79.5	71.8	26.3	43.6	105.8	144.5	37.48	117.55	1.64908168088
ENSDART00000108469	spata2l	40	54.2	46.5	7.3	18.4	74.6	132.7	NA	NA	NA
ENSDART00000019481	itpkb	6	39.7	30.2	NA	NA	NA	NA	NA	NA	NA
ENSDART00000135762	btr22	7	133.3	46.2	NA	NA	NA	NA	NA	NA	NA
ENSDART00000145829	si:dkey-25o1.6	1	19.6	19.6	NA	NA	NA	NA	NA	NA	NA
ENSDART00000148333	nle1	64	80.3	55.7	25.8	37.0	137.7	160.2	9.13	34.84	1.93205785861
ENSDART00000089144	vps51	21	37.1	23.3	6.2	13.7	55.1	83.0	NA	NA	NA
ENSDART00000122549	bbs10	3	132.1	132.7	NA	NA	NA	NA	NA	NA	NA
ENSDART00000124911	ezra	1	28.4	28.4	NA	NA	NA	NA	NA	NA	NA
ENSDART00000152935	mkl1b	2	27.9	27.9	NA	NA	NA	NA	NA	NA	NA
ENSDART00000122540	aldh7a1	4	63.0	51.0	NA	NA	NA	NA	8.67	3.53	-1.29636380995
ENSDART00000026879	CABZ01068208.1	1	12.5	12.5	NA	NA	NA	NA	NA	NA	NA
ENSDART00000021218	rpe	58	77.3	77.1	27.7	49.7	100.4	123.1	NA	NA	NA
ENSDART00000081374	TTC18	2	99.1	99.1	NA	NA	NA	NA	NA	NA	NA
ENSDART00000067288	adal	3	153.4	216.0	NA	NA	NA	NA	NA	NA	NA
ENSDART00000031470	pafah1b1b	44	44.7	31.7	2.8	14.9	62.0	114.7	11.4	8.59	-0.408303787914
ENSDART00000021060	eaf2	193	67.6	53.1	17.5	27.7	99.9	136.1	NA	NA	NA
ENSDART00000078140	vps26a	19	51.4	16.9	5.7	11.2	81.9	150.0	NA	NA	NA
ENSDART00000021062	slc9a8	3	14.4	16.0	NA	NA	NA	NA	NA	NA	NA
ENSDART00000006622	kat6a	28	51.4	35.3	5.2	16.2	86.3	121.0	11.36	20.38	0.843191216661
ENSDART00000115187	LRRC29	1	38.4	38.4	NA	NA	NA	NA	NA	NA	NA
ENSDART00000021069	rpl38	2380	71.1	66.2	28.0	38.8	96.0	122.4	2598.03	848.57	-1.6143125098
ENSDART00000097827	AL929007.2	3	20.4	6.0	NA	NA	NA	NA	NA	NA	NA
ENSDART00000111746	CU693494.3	10	53.8	51.2	14.1	19.4	82.7	101.4	NA	NA	NA
ENSDART00000111740	CU459094.3	4	19.0	14.8	NA	NA	NA	NA	NA	NA	NA
ENSDART00000104774	tmbim1	214	40.0	37.2	12.2	21.7	54.4	71.9	NA	NA	NA
ENSDART00000097822	atp1b2b	1	196.7	196.7	NA	NA	NA	NA	NA	NA	NA
ENSDART00000039415	nup153	385	65.7	50.9	7.8	16.2	103.4	146.9	14.71	82.23	2.48286758229
ENSDART00000025183	CABZ01064447.1	22	40.3	26.4	9.9	12.4	54.8	92.2	28.3	5.31	-2.41401828692
ENSDART00000148154	stx2a	5	145.6	56.9	NA	NA	NA	NA	NA	NA	NA
ENSDART00000111603	zgc:174697	247	55.7	44.7	13.0	21.9	85.4	114.3	NA	NA	NA
ENSDART00000111604	atr	2	112.5	112.5	NA	NA	NA	NA	NA	NA	NA
ENSDART00000111605	STAC	1	16.3	16.3	NA	NA	NA	NA	NA	NA	NA
ENSDART00000064111	faub	421	33.1	23.7	8.3	15.0	42.5	67.3	133.34	246.62	0.887180169666
ENSDART00000147469	ftr73	1	20.4	20.4	NA	NA	NA	NA	NA	NA	NA
ENSDART00000147468	bdh1	3	42.0	30.3	NA	NA	NA	NA	NA	NA	NA
ENSDART00000111325	CU179656.1	8	19.6	21.9	NA	NA	NA	NA	1.66	0.46	-1.85147747529
ENSDART00000058735	glt8d1	3	31.0	28.9	NA	NA	NA	NA	NA	NA	NA
ENSDART00000140303	NYNRIN	15	108.4	123.6	27.1	50.3	160.7	175.4	NA	NA	NA
ENSDART00000061173	hsdl1	6	28.3	25.8	NA	NA	NA	NA	NA	NA	NA
ENSDART00000147467	tmem243a	9	26.5	24.9	NA	NA	NA	NA	NA	NA	NA
ENSDART00000102268	pcsk7	0	NA	NA	NA	NA	NA	NA	18.69	2.67	-2.80735492206
ENSDART00000080958	zgc:113279	1	23.9	23.9	NA	NA	NA	NA	NA	NA	NA
ENSDART00000129993	CR450793.1	8	53.1	46.2	NA	NA	NA	NA	NA	NA	NA
ENSDART00000058737	cdc42l	355	97.9	95.0	39.1	64.0	127.3	163.0	88.57	288.7	1.70468108359
ENSDART00000045901	rps10	825	78.5	73.9	35.0	46.5	106.2	129.9	1069.46	384.43	-1.47608969366
ENSDART00000060597	sox32	635	35.9	19.1	6.1	10.1	43.7	97.4	NA	NA	NA
ENSDART00000064097	ntm	11	16.4	10.4	6.0	9.1	22.9	25.5	NA	NA	NA
ENSDART00000137030	apba1a	4	56.6	11.7	NA	NA	NA	NA	NA	NA	NA
ENSDART00000123497	cry3	89	32.5	16.9	3.3	10.6	40.3	90.0	NA	NA	NA
ENSDART00000138496	rad54b	18	42.9	24.5	8.9	15.4	49.1	118.8	NA	NA	NA
ENSDART00000078557	polr2gl	132	77.9	63.4	14.0	29.1	119.3	158.2	57.13	426.91	2.90161152184
ENSDART00000121892	smad2	72	44.2	26.4	7.7	11.9	51.2	104.6	NA	NA	NA
ENSDART00000014028	ppm1db	68	68.3	54.1	10.3	15.6	113.0	168.8	NA	NA	NA
ENSDART00000082664	sbf2	5	74.4	60.9	NA	NA	NA	NA	NA	NA	NA
ENSDART00000014021	slc25a39	97	59.7	42.5	5.5	13.9	86.2	149.0	16.66	30.52	0.873366561469
ENSDART00000046902	pdcd10a	58	49.1	34.4	12.1	20.6	64.0	115.6	23.73	35.26	0.571320374126
ENSDART00000041625	chrnb2b	1	39.4	39.4	NA	NA	NA	NA	NA	NA	NA
ENSDART00000030125	znhit3	38	65.5	48.4	3.8	18.1	102.0	163.0	NA	NA	NA
ENSDART00000012493	rap2ip	23	28.3	22.3	13.9	16.3	29.4	54.4	NA	NA	NA
ENSDART00000150395	si:ch211-226o13.2	9	77.2	86.1	NA	NA	NA	NA	NA	NA	NA
ENSDART00000028617	mpc2	123	40.5	36.8	13.5	20.5	54.8	77.5	NA	NA	NA
ENSDART00000127072	tmem107l	3	84.7	102.0	NA	NA	NA	NA	NA	NA	NA
ENSDART00000056432	zswim8	76	78.8	71.2	11.0	24.5	125.9	165.4	7.57	9.9	0.387135224981
ENSDART00000074422	CDIP1	18	34.0	22.9	10.2	12.5	40.0	86.7	NA	NA	NA
ENSDART00000146468	ccdc132	19	20.6	18.8	9.7	12.1	28.9	38.1	NA	NA	NA
ENSDART00000126205	st6gal1	4	85.7	88.8	NA	NA	NA	NA	NA	NA	NA
ENSDART00000074426	lig3	137	80.6	81.5	20.3	42.6	112.6	135.4	13.64	125.56	3.20246138456
ENSDART00000136234	UBAP2	852	56.1	42.2	15.2	25.2	67.0	117.7	84.71	160.84	0.925022046642
ENSDART00000074425	nkx2.2b	1	128.2	128.2	NA	NA	NA	NA	NA	NA	NA
ENSDART00000123825	fbxw10	9	42.5	23.7	NA	NA	NA	NA	NA	NA	NA
ENSDART00000113936	SAMD8	7	64.7	65.3	NA	NA	NA	NA	NA	NA	NA
ENSDART00000113937	hsd17b3	1	99.7	99.7	NA	NA	NA	NA	NA	NA	NA
ENSDART00000123820	tmem135	14	29.8	23.8	15.1	20.5	33.0	43.8	NA	NA	NA
ENSDART00000149600	tpp1	225	43.8	35.5	12.2	19.7	53.7	90.7	13.3	49.81	1.90500916528
ENSDART00000125688	si:dkey-177p2.18	3	84.8	75.2	NA	NA	NA	NA	NA	NA	NA
ENSDART00000113938	spag9a	14	112.9	116.1	28.8	78.5	168.6	181.2	NA	NA	NA
ENSDART00000050457	zgc:65895	9	61.5	47.7	NA	NA	NA	NA	NA	NA	NA
ENSDART00000124369	PHTF1	32	65.7	47.2	14.9	24.5	90.5	128.8	4.89	4.96	0.0205056554346
ENSDART00000105103	bcmo1a	3	144.6	115.7	NA	NA	NA	NA	NA	NA	NA
ENSDART00000038315	nvl	65	54.2	34.8	12.8	16.9	75.4	132.3	33.96	26.13	-0.378129334233
ENSDART00000038310	ormdl3	3	13.9	18.5	NA	NA	NA	NA	NA	NA	NA
ENSDART00000093021	si:ch1073-219n12.1	37	67.5	36.2	10.8	16.5	114.6	171.3	4.71	5.7	0.275234859439
ENSDART00000110964	bag6	158	53.9	35.2	10.1	21.9	76.5	126.5	16.34	31.0	0.923860232016
ENSDART00000134987	si:ch211-156j16.1	6	54.6	58.6	NA	NA	NA	NA	NA	NA	NA
ENSDART00000034802	APOLD1	3	37.3	45.3	NA	NA	NA	NA	NA	NA	NA
ENSDART00000085943	taok3a	30	27.4	18.6	5.3	10.0	35.2	60.4	4.08	1.91	-1.09499651394
ENSDART00000102328	pfkfb2a	3	19.5	18.3	NA	NA	NA	NA	NA	NA	NA
ENSDART00000106120	ywhag2	27	62.6	59.5	12.6	28.7	87.8	112.6	NA	NA	NA
ENSDART00000083848	HYAL1	1	59.6	59.6	NA	NA	NA	NA	NA	NA	NA
ENSDART00000003001	rpl23a	1598	93.4	90.3	39.2	54.9	122.0	154.1	2035.01	864.28	-1.23546520207
ENSDART00000020824	pank1b	59	54.8	36.0	11.8	18.0	69.2	138.7	NA	NA	NA
ENSDART00000040434	asah1b	8	105.7	103.4	NA	NA	NA	NA	NA	NA	NA
ENSDART00000129156	adcy7	3	42.0	4.9	NA	NA	NA	NA	NA	NA	NA
ENSDART00000013553	zgc:100868	88	75.3	71.4	19.7	35.8	105.0	142.1	NA	NA	NA
ENSDART00000126674	trip4	32	29.0	25.6	15.7	20.3	39.4	44.1	11.6	11.76	0.0197632548214
ENSDART00000066331	svila	7	33.1	31.8	NA	NA	NA	NA	NA	NA	NA
ENSDART00000129150	CABZ01066957.1	13	26.6	16.4	11.0	11.5	21.8	47.1	NA	NA	NA
ENSDART00000105803	zgc:92533	1	5.6	5.6	NA	NA	NA	NA	NA	NA	NA
ENSDART00000092264	rev3l	28	32.6	18.9	7.2	12.0	36.4	48.0	4.81	3.4	-0.500502147632
ENSDART00000151847	arid4a	52	50.8	28.3	4.7	9.2	74.1	135.6	57.08	23.88	-1.25718249821
ENSDART00000054452	dlgap1b	3	99.4	108.8	NA	NA	NA	NA	NA	NA	NA
ENSDART00000043802	uspl1	62	79.7	63.4	13.9	35.8	125.5	153.4	8.89	6.06	-0.552865625357
ENSDART00000105808	zgc:92061	218	76.5	67.7	22.3	43.7	98.6	139.6	NA	NA	NA
ENSDART00000149546	myo15aa	2	24.5	24.5	NA	NA	NA	NA	NA	NA	NA
ENSDART00000055161	cox6b2	231	79.2	75.5	24.7	46.8	102.6	137.4	142.76	465.29	1.70453837457
ENSDART00000093248	CABZ01088930.1	24	83.3	64.3	18.5	35.6	111.7	148.4	NA	NA	NA
ENSDART00000081386	si:dkey-30c15.12	1	-0.4	-0.4	NA	NA	NA	NA	NA	NA	NA
ENSDART00000077336	nkrf	179	36.7	23.6	7.5	13.9	53.6	89.3	33.34	72.63	1.12331147573
ENSDART00000075790	ADCYAP1R1	2	115.4	115.4	NA	NA	NA	NA	NA	NA	NA
ENSDART00000093240	zgc:162913	11	22.9	16.1	13.1	14.3	33.6	44.2	NA	NA	NA
ENSDART00000057565	C13H6orf57	40	67.9	62.2	12.0	27.7	104.1	125.3	NA	NA	NA
ENSDART00000043881	zgc:77880	8	60.0	31.2	NA	NA	NA	NA	NA	NA	NA
ENSDART00000009214	grb2a	21	49.9	34.2	3.7	16.7	68.0	98.2	NA	NA	NA
ENSDART00000009217	ddx11	11	36.5	33.2	11.6	18.1	56.5	63.1	NA	NA	NA
ENSDART00000040538	add3a	105	68.0	51.3	17.3	31.6	97.5	149.6	10.23	39.79	1.95959975395
ENSDART00000054690	st3gal5	14	22.9	18.1	5.4	6.6	28.6	56.1	9.72	7.87	-0.304592678098
ENSDART00000143765	gorab	88	74.9	55.4	9.4	21.1	130.9	161.9	21.52	34.99	0.701264586683
ENSDART00000045015	gnb4b	159	77.6	77.1	17.9	41.0	113.2	134.8	NA	NA	NA
ENSDART00000040534	rgs12a	2	58.9	58.9	NA	NA	NA	NA	NA	NA	NA
ENSDART00000139852	foxq1b	14	28.1	19.3	9.6	10.3	26.2	31.5	NA	NA	NA
ENSDART00000066590	rdh12l	2	18.6	18.6	NA	NA	NA	NA	NA	NA	NA
ENSDART00000109493	TSHZ2	2	9.8	9.8	NA	NA	NA	NA	NA	NA	NA
ENSDART00000109494	C12H10orf2	18	59.5	42.1	10.2	19.7	87.2	126.4	5.69	1.52	-1.90435732886
ENSDART00000134576	GSG2	36	77.2	51.4	15.3	20.5	127.9	170.6	12.96	7.26	-0.836024264889
ENSDART00000139855	g3bp1	1954	59.8	51.5	15.2	27.2	82.5	119.7	143.88	533.07	1.8894589281
ENSDART00000139859	itga10	4	82.1	60.8	NA	NA	NA	NA	NA	NA	NA
ENSDART00000057458	CABZ01088149.1	23	68.8	53.3	11.8	23.3	89.4	134.6	NA	NA	NA
ENSDART00000013082	st8sia2	7	44.9	42.1	NA	NA	NA	NA	NA	NA	NA
ENSDART00000130407	snrpd3l	1321	52.2	44.4	18.1	30.0	67.3	101.1	361.17	817.8	1.17907000019
ENSDART00000138186	trpv4	17	50.5	41.5	-0.0	10.8	58.7	117.6	NA	NA	NA
ENSDART00000076066	lin37	108	32.9	18.7	7.3	11.8	44.7	79.1	56.17	54.51	-0.0432788826233
ENSDART00000138182	araf	110	97.7	86.4	27.0	52.2	136.1	187.7	NA	NA	NA
ENSDART00000079042	copb1	307	39.1	29.3	8.4	15.4	50.2	87.9	27.28	108.18	1.98751825313
ENSDART00000005217	alas1	235	47.4	37.4	12.0	20.5	65.3	93.7	144.15	106.87	-0.431713912918
ENSDART00000114524	nop56	2101	87.4	86.2	17.8	44.7	123.2	155.0	747.04	579.77	-0.365704810123
ENSDART00000090494	golga3	31	78.3	65.7	16.0	26.0	114.4	166.6	3.2	7.91	1.30560578959
ENSDART00000110719	foxred2	8	49.3	31.2	NA	NA	NA	NA	NA	NA	NA
ENSDART00000132123	thsd7ba	1	19.7	19.7	NA	NA	NA	NA	NA	NA	NA
ENSDART00000112183	CABZ01060331.1	70	42.3	18.3	6.0	11.0	62.1	128.3	11.76	13.08	0.153474480662
ENSDART00000023293	kcnk5b	3	43.5	37.0	NA	NA	NA	NA	NA	NA	NA
ENSDART00000101472	tat	1	25.7	25.7	NA	NA	NA	NA	NA	NA	NA
ENSDART00000077191	arl2	27	46.1	30.9	11.7	20.7	71.0	87.6	NA	NA	NA
ENSDART00000137980	med19b	9	51.0	38.1	NA	NA	NA	NA	NA	NA	NA
ENSDART00000077197	tmsb	3	53.1	61.4	NA	NA	NA	NA	NA	NA	NA
ENSDART00000148011	cby1	90	60.0	47.0	8.9	19.4	87.0	133.1	NA	NA	NA
ENSDART00000101474	rbm38	116	65.6	50.2	11.2	21.3	108.2	143.0	NA	NA	NA
ENSDART00000021666	rtca	8	19.2	12.9	NA	NA	NA	NA	49.58	218.84	2.1420462843
ENSDART00000021664	cldnb	254	38.5	26.3	7.7	11.5	53.1	90.1	NA	NA	NA
ENSDART00000101479	ddx43	204	75.3	64.5	21.4	36.5	106.8	145.3	45.9	90.65	0.98181286633
ENSDART00000045488	ck2a2b	93	52.0	32.8	8.4	15.9	64.5	134.2	27.94	25.07	-0.156370024576
ENSDART00000043316	katna1	17	28.8	17.8	6.9	12.5	26.0	71.3	NA	NA	NA
ENSDART00000058459	rspo1	1	116.2	116.2	NA	NA	NA	NA	NA	NA	NA
ENSDART00000109672	mical2b	2	8.4	8.4	NA	NA	NA	NA	NA	NA	NA
ENSDART00000058457	ST7	43	50.3	29.8	14.7	19.1	47.5	146.7	19.87	3.84	-2.37141365653
ENSDART00000109678	USP38	60	73.3	57.9	10.7	24.8	114.1	168.1	5.8	12.34	1.08921758913
ENSDART00000085942	CU915738.1	58	30.1	26.6	8.4	16.5	41.1	55.4	NA	NA	NA
ENSDART00000105322	C17H10orf137	56	62.3	33.7	7.8	16.6	77.8	151.3	11.66	15.77	0.43561487159
ENSDART00000054078	rpa2	26	37.2	21.6	10.3	15.0	43.5	88.0	37.04	109.23	1.56021314291
ENSDART00000135299	tmem11	108	29.8	20.1	6.7	12.7	33.3	68.1	46.83	18.4	-1.34772727175
ENSDART00000132916	SCFD2	48	37.0	34.7	10.3	19.4	49.7	72.2	NA	NA	NA
ENSDART00000142418	sgms1	16	46.6	37.8	5.9	13.5	57.0	101.1	NA	NA	NA
ENSDART00000100788	commd1	7	67.9	42.0	NA	NA	NA	NA	NA	NA	NA
ENSDART00000035693	ppp4r2a	250	46.5	32.5	9.4	15.2	66.3	106.0	22.99	89.86	1.96667259581
ENSDART00000097566	itpkcb	107	59.1	47.4	6.3	15.6	95.1	128.1	NA	NA	NA
ENSDART00000092047	ppwd1	60	67.9	56.6	16.3	29.5	99.4	127.4	42.65	55.43	0.378121266081
ENSDART00000142147	dnal4b	63	61.4	50.0	17.8	23.5	80.6	111.4	NA	NA	NA
ENSDART00000023747	thrap3b	517	103.3	104.0	31.2	71.4	133.5	167.7	111.65	245.54	1.13697481656
ENSDART00000112453	pikfyve	2	10.7	10.7	NA	NA	NA	NA	NA	NA	NA
ENSDART00000012940	GRM2	1	3.7	3.7	NA	NA	NA	NA	NA	NA	NA
ENSDART00000150991	uqcrb	325	75.4	68.2	19.1	37.8	103.4	147.4	205.14	239.28	0.222090986965
ENSDART00000077850	galnt12	14	52.4	28.1	12.5	17.8	80.8	125.3	NA	NA	NA
ENSDART00000039204	trim25l	1	6.5	6.5	NA	NA	NA	NA	NA	NA	NA
ENSDART00000125326	si:ch211-107o23.1	21	18.2	16.7	11.1	13.5	24.4	26.5	NA	NA	NA
ENSDART00000111837	raver2	2	64.9	64.9	NA	NA	NA	NA	NA	NA	NA
ENSDART00000144813	march8	18	34.8	30.6	6.5	11.6	52.4	69.1	NA	NA	NA
ENSDART00000144812	tubgcp5	19	52.0	14.8	6.3	10.4	72.9	141.8	NA	NA	NA
ENSDART00000101000	zgc:172049	3	18.2	18.6	NA	NA	NA	NA	NA	NA	NA
ENSDART00000080762	CU928061.2	13	45.5	35.1	14.7	20.5	45.9	87.0	54.22	33.02	-0.715484992924
ENSDART00000006439	ext1a	50	29.2	24.4	13.2	17.6	35.2	50.0	NA	NA	NA
ENSDART00000021299	nmd3	76	57.8	35.2	14.1	18.3	82.0	140.8	14.91	34.76	1.22114782453
ENSDART00000021298	asb3	14	85.8	79.1	17.2	28.2	123.2	174.5	8.0	3.36	-1.251538767
ENSDART00000006436	pink1	15	46.3	33.6	10.7	15.2	59.6	92.1	NA	NA	NA
ENSDART00000099572	mespab	8	80.1	74.7	NA	NA	NA	NA	NA	NA	NA
ENSDART00000111198	CCDC88A	69	129.9	129.6	36.1	78.1	170.2	223.8	27.84	2.22	-3.6485276295
ENSDART00000091533	clk2a	29	137.4	139.6	69.3	111.7	168.6	205.0	NA	NA	NA
ENSDART00000091532	NDNF	42	53.8	49.0	11.7	24.1	71.0	100.9	NA	NA	NA
ENSDART00000091241	si:ch73-22o12.1	7	11.8	2.5	NA	NA	NA	NA	NA	NA	NA
ENSDART00000111836	pan2	60	61.6	35.8	10.5	17.0	105.7	150.9	3.94	5.31	0.430516231348
ENSDART00000017709	ccdc82	20	49.3	32.6	10.2	18.2	49.4	110.6	12.38	13.97	0.174320706195
ENSDART00000133405	ripply1	49	69.9	50.8	15.5	27.5	106.9	154.8	NA	NA	NA
ENSDART00000062525	acbd3	102	77.5	77.3	17.4	41.0	102.4	153.9	17.38	59.58	1.77740004144
ENSDART00000062520	aqp11	5	68.9	65.8	NA	NA	NA	NA	NA	NA	NA
ENSDART00000132808	nanp	4	48.7	26.2	NA	NA	NA	NA	NA	NA	NA
ENSDART00000127675	LURAP1	1	88.6	88.6	NA	NA	NA	NA	NA	NA	NA
ENSDART00000060304	dhrs13a.3	40	76.0	67.4	10.5	31.9	122.1	146.0	NA	NA	NA
ENSDART00000046689	tmed3	5	44.9	25.6	NA	NA	NA	NA	NA	NA	NA
ENSDART00000053754	has2	250	65.4	53.3	12.4	23.5	102.5	142.7	NA	NA	NA
ENSDART00000131137	arhgef16	37	44.6	32.2	12.1	20.7	49.1	101.8	12.28	11.85	-0.0514235015846
ENSDART00000112956	slc9a6b	2	10.1	10.1	NA	NA	NA	NA	NA	NA	NA
ENSDART00000131132	scfd2	48	37.0	34.7	10.3	19.4	49.7	72.2	NA	NA	NA
ENSDART00000049829	BX571679.1	1	66.3	66.3	NA	NA	NA	NA	NA	NA	NA
ENSDART00000148743	hhat	2	30.8	30.8	NA	NA	NA	NA	NA	NA	NA
ENSDART00000024615	RNPEPL1	11	22.8	22.5	9.3	18.3	28.7	33.2	NA	NA	NA
ENSDART00000042376	snapc1a	2	13.9	13.9	NA	NA	NA	NA	NA	NA	NA
ENSDART00000102788	epha7	1	120.3	120.3	NA	NA	NA	NA	NA	NA	NA
ENSDART00000139320	NIPAL4	2	95.4	95.4	NA	NA	NA	NA	NA	NA	NA
ENSDART00000139323	znrd1	94	62.3	51.3	10.5	21.1	90.3	128.3	72.49	82.55	0.187486226155
ENSDART00000004664	tram1	206	39.0	30.0	11.6	18.5	49.6	69.8	41.47	86.23	1.05612183276
ENSDART00000139329	cry-dash	66	78.7	62.0	26.5	35.5	116.1	136.7	NA	NA	NA
ENSDART00000054909	gss	54	38.4	31.0	11.4	16.0	45.8	57.0	NA	NA	NA
ENSDART00000127728	PEBP4	1	29.9	29.9	NA	NA	NA	NA	NA	NA	NA
ENSDART00000008589	chp2	9	26.0	18.7	NA	NA	NA	NA	NA	NA	NA
ENSDART00000114442	fndc5b	4	90.4	104.9	NA	NA	NA	NA	NA	NA	NA
ENSDART00000113325	ube2j2	96	33.6	21.1	7.1	12.5	43.2	76.2	18.47	35.44	0.940194737573
ENSDART00000114111	PHF13	25	75.1	65.2	11.4	48.1	100.8	136.2	NA	NA	NA
ENSDART00000114449	si:ch211-89o9.6	31	41.0	30.2	10.4	16.8	48.4	101.6	8.87	13.24	0.577897112506
ENSDART00000114448	CHST8	2	18.8	18.8	NA	NA	NA	NA	NA	NA	NA
ENSDART00000121537	AL935272.2	2	30.7	30.7	NA	NA	NA	NA	NA	NA	NA
ENSDART00000054243	dpf2l	329	66.8	56.4	17.7	27.2	95.2	125.1	31.49	136.02	2.11085313433
ENSDART00000121531	mat2aa	678	64.5	58.5	14.7	28.9	92.4	127.5	22.93	306.62	3.74114354316
ENSDART00000035031	sgk1	11	63.9	47.0	15.4	20.0	85.4	143.7	NA	NA	NA
ENSDART00000024900	zgc:165453	2	88.9	88.9	NA	NA	NA	NA	NA	NA	NA
ENSDART00000110356	TTC9	1	128.8	128.8	NA	NA	NA	NA	NA	NA	NA
ENSDART00000110359	vps13a	42	79.2	57.4	19.3	38.8	92.5	144.8	6.58	9.11	0.469363470067
ENSDART00000110358	wu:fb11h05	42	38.2	20.9	5.7	9.8	56.7	99.9	NA	NA	NA
ENSDART00000103982	nfe2l1a	8	77.2	71.9	NA	NA	NA	NA	NA	NA	NA
ENSDART00000127241	EXD1	56	38.7	32.1	16.2	22.1	44.5	70.6	21.27	13.71	-0.633591462181
ENSDART00000149144	chrnb1l	1	86.5	86.5	NA	NA	NA	NA	NA	NA	NA
ENSDART00000144804	mxra7	9	26.7	15.1	NA	NA	NA	NA	NA	NA	NA
ENSDART00000149149	zfx	91	42.9	24.4	7.6	12.0	54.4	113.6	24.78	16.72	-0.56760134006
ENSDART00000123007	CU929143.1	96	56.6	50.0	24.7	33.4	75.4	90.5	6.2	1.82	-1.76832976508
ENSDART00000123004	CR391977.3	2	178.8	178.8	NA	NA	NA	NA	NA	NA	NA
ENSDART00000123550	PTP4A2	131	64.8	48.8	13.8	29.5	89.6	124.0	72.05	20.64	-1.80355545964
ENSDART00000123001	ergic1	79	79.9	77.1	20.7	31.1	120.2	134.3	NA	NA	NA
ENSDART00000126072	CABZ01100267.1	1	227.4	227.4	NA	NA	NA	NA	NA	NA	NA
ENSDART00000016614	dlst	230	37.8	33.1	11.6	21.2	48.1	65.3	36.82	62.32	0.759205606712
ENSDART00000016616	arl5c	165	54.6	43.3	7.8	22.7	81.0	118.3	34.31	110.54	1.68786748666
ENSDART00000126079	chtopa	355	69.4	59.3	24.3	40.6	85.5	131.3	243.27	467.53	0.942500522963
ENSDART00000115249	ABCC10	8	50.0	33.7	NA	NA	NA	NA	5.26	1.63	-1.69019083506
ENSDART00000016612	spop	3	26.8	24.1	NA	NA	NA	NA	NA	NA	NA
ENSDART00000000876	nr4a1	17	18.1	19.2	9.1	11.6	24.8	28.4	NA	NA	NA
ENSDART00000066439	ch25h	2	6.5	6.5	NA	NA	NA	NA	NA	NA	NA
ENSDART00000150148	slc7a6	182	73.2	53.1	22.1	31.4	109.4	147.2	NA	NA	NA
ENSDART00000150149	tdp1	9	83.5	98.1	NA	NA	NA	NA	NA	NA	NA
ENSDART00000150145	gpx3	3	65.6	53.5	NA	NA	NA	NA	NA	NA	NA
ENSDART00000110167	rpap1	13	39.6	22.1	11.7	14.4	50.5	62.1	NA	NA	NA
ENSDART00000017536	cnot1	360	80.9	59.6	13.9	23.6	121.5	181.9	29.79	49.71	0.738707979693
ENSDART00000110746	blm	28	68.9	53.8	10.1	18.3	93.3	162.7	5.61	6.43	0.196817966719
ENSDART00000066477	dkk1b	55	42.7	23.7	6.2	9.7	66.4	114.6	NA	NA	NA
ENSDART00000038120	CACUL1	115	50.7	39.8	16.3	27.3	63.1	103.6	NA	NA	NA
ENSDART00000110741	AL935293.1	2	28.6	28.6	NA	NA	NA	NA	NA	NA	NA
ENSDART00000038128	mcts1	113	50.8	39.1	13.3	24.4	72.3	104.3	36.37	67.77	0.897897845659
ENSDART00000098229	psmd7	424	63.9	53.7	19.7	33.0	87.7	119.3	51.75	170.62	1.72115600091
ENSDART00000144672	paxip1	190	68.5	38.2	8.7	17.5	100.8	174.5	17.47	45.54	1.38225468322
ENSDART00000034639	ugt2a4	11	34.4	32.0	15.7	24.5	45.4	47.4	NA	NA	NA
ENSDART00000100000	gabra1	41	68.0	57.0	17.2	27.3	100.9	139.7	NA	NA	NA
ENSDART00000106336	CPEB2	80	117.3	115.4	36.4	74.2	153.6	196.5	NA	NA	NA
ENSDART00000075299	zgc:153911	362	34.1	19.5	4.5	9.7	46.8	89.5	NA	NA	NA
ENSDART00000075744	aldob	2125	85.1	77.7	39.2	57.4	110.1	138.1	NA	NA	NA
ENSDART00000130987	rps17	1852	50.6	42.5	21.7	29.7	58.3	96.9	1916.14	187.32	-3.35462612509
ENSDART00000130982	actr3b	1	13.3	13.3	NA	NA	NA	NA	NA	NA	NA
ENSDART00000130980	TMEM240	3	69.5	69.8	NA	NA	NA	NA	NA	NA	NA
ENSDART00000075743	eprs	119	39.2	25.7	6.7	13.2	47.4	104.8	16.56	27.02	0.706325001826
ENSDART00000130955	ppp1cb	158	71.7	58.4	11.6	25.9	106.8	151.8	13.57	77.73	2.51805079548
ENSDART00000012918	psmd9	62	86.1	92.2	20.3	44.6	124.0	154.1	NA	NA	NA
ENSDART00000012919	ift57	30	57.4	38.8	14.3	21.1	86.6	137.7	13.72	7.62	-0.848417578679
ENSDART00000105583	nat9	36	63.9	46.3	14.8	34.6	92.4	121.4	NA	NA	NA
ENSDART00000105580	ap3d1	35	45.7	24.4	10.1	15.6	55.1	122.9	12.85	5.63	-1.190561532
ENSDART00000132117	rab9b	6	40.8	24.8	NA	NA	NA	NA	NA	NA	NA
ENSDART00000152899	ddit4	833	57.5	43.0	12.2	20.9	89.6	125.5	178.56	419.33	1.23167711589
ENSDART00000132115	AEBP1	2	11.5	11.5	NA	NA	NA	NA	NA	NA	NA
ENSDART00000132237	zgc:175136	11	36.4	39.1	16.8	26.8	48.7	55.9	NA	NA	NA
ENSDART00000051198	mis18a	108	86.4	79.8	27.4	45.4	117.8	159.7	NA	NA	NA
ENSDART00000051621	pgam5	96	50.6	41.0	14.6	25.8	67.7	101.3	NA	NA	NA
ENSDART00000032821	cyth1b	2	111.0	111.0	NA	NA	NA	NA	NA	NA	NA
ENSDART00000051623	zgc:113208	57	51.0	32.7	11.6	17.2	77.2	108.1	NA	NA	NA
ENSDART00000122758	CREB3L4	20	43.9	27.8	12.4	15.5	63.6	94.1	NA	NA	NA
ENSDART00000111580	tmem65	4	113.5	86.0	NA	NA	NA	NA	NA	NA	NA
ENSDART00000123023	si:ch211-251f6.7	30	44.0	42.1	20.0	34.4	55.7	61.6	NA	NA	NA
ENSDART00000010046	rhpn2	159	66.4	51.5	4.6	12.4	105.5	150.4	11.98	66.67	2.47640981899
ENSDART00000010512	zgc:92907	21	47.5	30.4	12.0	16.8	54.5	106.1	NA	NA	NA
ENSDART00000060789	fzd1	5	52.6	38.8	NA	NA	NA	NA	NA	NA	NA
ENSDART00000040235	zmynd8	3	125.9	181.2	NA	NA	NA	NA	NA	NA	NA
ENSDART00000010040	hspbp1	23	74.9	69.7	29.1	49.5	94.8	115.6	NA	NA	NA
ENSDART00000055139	col9a3	1	50.7	50.7	NA	NA	NA	NA	NA	NA	NA
ENSDART00000122625	elp2	10	41.2	33.2	15.7	23.4	55.0	61.9	NA	NA	NA
ENSDART00000010048	map2k2a	63	45.8	29.0	6.9	13.6	62.4	108.1	NA	NA	NA
ENSDART00000050534	crim1	1	45.5	45.5	NA	NA	NA	NA	NA	NA	NA
ENSDART00000104180	zranb2	75	49.7	33.9	13.5	19.4	64.8	99.1	28.77	67.28	1.22561248452
ENSDART00000088346	MAST3	205	58.0	40.4	9.7	18.7	89.4	132.4	9.87	17.44	0.821278050321
ENSDART00000146410	zgc:195282	1	19.1	19.1	NA	NA	NA	NA	NA	NA	NA
ENSDART00000059886	ldha	12	50.0	26.1	8.3	11.1	69.1	80.1	NA	NA	NA
ENSDART00000146418	shda	4	46.4	39.6	NA	NA	NA	NA	NA	NA	NA
ENSDART00000027598	tpm3	8	87.2	93.2	NA	NA	NA	NA	73.75	225.59	1.6129881626
ENSDART00000108693	mpzl3	40	30.3	22.5	4.6	11.4	35.7	56.1	NA	NA	NA
ENSDART00000089357	pkn2	19	58.2	24.8	4.2	9.3	89.3	163.1	NA	NA	NA
ENSDART00000152768	syne2a	92	41.9	20.8	5.1	7.8	54.7	121.2	1.13	2.54	1.16850572436
ENSDART00000025997	si:dkey-7l6.7	2	28.9	28.9	NA	NA	NA	NA	NA	NA	NA
ENSDART00000112217	pask	41	22.6	15.8	5.0	6.9	24.6	48.8	3.66	4.12	0.170800688899
ENSDART00000152762	ERBB4	1	20.4	20.4	NA	NA	NA	NA	NA	NA	NA
ENSDART00000055754	BX571712.1	173	71.7	58.7	6.5	21.7	113.7	144.8	NA	NA	NA
ENSDART00000055757	tnpo2	762	60.7	51.6	8.2	20.7	87.8	128.2	48.13	345.09	2.84196433962
ENSDART00000055756	tbc1d12a	24	84.3	97.4	10.9	31.2	124.6	153.8	NA	NA	NA
ENSDART00000132589	mef2d	3	25.8	31.7	NA	NA	NA	NA	NA	NA	NA
ENSDART00000037670	orc5	10	26.2	19.1	10.0	12.5	25.1	63.3	NA	NA	NA
ENSDART00000130105	psma3	298	54.3	41.2	15.7	24.4	75.7	115.2	104.15	294.35	1.49886978827
ENSDART00000101641	prmt6	65	49.3	36.2	13.3	21.4	65.3	103.2	11.38	12.09	0.0873136869425
ENSDART00000137061	klc1a	5	24.8	25.6	NA	NA	NA	NA	NA	NA	NA
ENSDART00000137064	si:dkeyp-53e4.1	12	75.5	62.2	8.9	40.1	93.9	172.5	NA	NA	NA
ENSDART00000081636	chmp1a	270	68.5	62.6	23.9	35.4	94.4	127.3	73.0	149.42	1.03340489796
ENSDART00000132586	nit2	14	49.9	48.3	5.8	20.4	70.0	83.6	NA	NA	NA
ENSDART00000132587	mpg	4	29.6	32.3	NA	NA	NA	NA	NA	NA	NA
ENSDART00000051998	gata6	1014	77.3	66.8	18.4	33.0	113.5	154.8	NA	NA	NA
ENSDART00000103519	wasla	16	61.5	52.7	11.4	19.3	99.4	118.9	NA	NA	NA
ENSDART00000103513	cpne1	70	37.6	24.7	6.9	13.4	51.2	80.5	NA	NA	NA
ENSDART00000066835	fzd8a	83	81.3	81.4	16.8	33.2	121.8	150.8	NA	NA	NA
ENSDART00000136406	PRIM2	29	52.0	40.4	10.2	17.4	71.6	101.6	11.98	14.9	0.314684422561
ENSDART00000102701	CR788231.1	1	19.0	19.0	NA	NA	NA	NA	NA	NA	NA
ENSDART00000130648	SCARB2	21	48.4	53.1	11.0	34.6	64.7	71.2	NA	NA	NA
ENSDART00000008013	sec11a	227	36.9	30.7	13.1	21.5	45.2	62.2	86.14	82.41	-0.0638639124448
ENSDART00000086001	arl10	3	17.5	18.1	NA	NA	NA	NA	NA	NA	NA
ENSDART00000142313	si:dkeyp-46h3.8	93	26.0	17.4	6.3	12.5	33.8	53.1	NA	NA	NA
ENSDART00000113441	im:7148400	27	37.6	28.5	14.3	17.9	42.9	80.5	16.33	29.64	0.860020656744
ENSDART00000061435	hsbp1b	275	75.1	75.7	29.6	49.2	96.7	116.6	156.75	232.46	0.568517046241
ENSDART00000098914	yap1	258	69.3	57.6	14.1	24.2	109.3	143.0	11.64	108.52	3.22079798937
ENSDART00000083679	ube2c	430	97.9	96.3	20.9	54.9	137.7	173.2	69.36	314.48	2.1807924652
ENSDART00000078518	nrbp1	81	65.1	42.2	13.1	20.0	86.1	166.0	NA	NA	NA
ENSDART00000098912	znf131	37	35.8	21.3	7.6	11.7	46.3	101.7	31.75	15.9	-0.997729826375
ENSDART00000147670	npepps	132	42.5	30.4	10.9	18.5	48.9	86.0	7.32	36.87	2.33253186281
ENSDART00000098758	setd8b	575	45.7	31.0	9.3	16.8	62.9	105.5	134.37	348.99	1.37697462585
ENSDART00000146241	atp2a2a	12	37.1	26.9	4.4	5.7	46.2	87.0	NA	NA	NA
ENSDART00000136916	si:dkey-265k11.2	1	90.4	90.4	NA	NA	NA	NA	NA	NA	NA
ENSDART00000074653	grina	37	74.2	67.3	16.3	24.9	109.2	147.3	NA	NA	NA
ENSDART00000066788	epdr1	29	73.8	66.0	18.9	37.4	87.4	138.6	NA	NA	NA
ENSDART00000136911	acer1	566	70.2	64.9	25.2	40.0	94.2	124.8	NA	NA	NA
ENSDART00000136910	armc1l	139	62.2	53.1	15.6	24.5	88.8	119.8	24.73	71.1	1.52358732012
ENSDART00000145642	si:rp71-1g18.1	56	59.7	33.5	9.5	15.3	98.8	154.0	NA	NA	NA
ENSDART00000066782	gnal	2	245.9	245.9	NA	NA	NA	NA	NA	NA	NA
ENSDART00000003962	wdr55	52	68.4	55.2	17.5	29.1	101.5	137.1	NA	NA	NA
ENSDART00000005516	abl1	39	76.0	80.0	15.9	25.8	108.2	145.3	5.02	5.06	0.0114500207435
ENSDART00000091156	tacc1	65	71.1	36.0	7.2	14.2	127.2	172.7	NA	NA	NA
ENSDART00000027331	mrpl46	33	55.3	35.2	15.4	19.0	72.6	127.4	NA	NA	NA
ENSDART00000020297	brf2	3	35.1	47.3	NA	NA	NA	NA	NA	NA	NA
ENSDART00000124691	smpd5	38	25.1	22.5	6.0	16.6	31.9	36.6	8.16	1.37	-2.57439325901
ENSDART00000067164	irf5	31	27.1	16.0	2.3	9.4	25.3	46.9	NA	NA	NA
ENSDART00000097792	tnikb	151	48.6	45.3	19.9	30.0	64.4	84.9	14.07	58.79	2.06294844932
ENSDART00000059623	plekha8	33	54.9	43.9	17.8	27.1	63.1	104.2	NA	NA	NA
ENSDART00000133023	tmem106a	182	39.4	31.7	13.5	18.7	45.0	76.8	15.45	28.21	0.868599827794
ENSDART00000111080	bai3	5	49.6	19.8	NA	NA	NA	NA	NA	NA	NA
ENSDART00000059628	nab1b	3	33.4	24.4	NA	NA	NA	NA	NA	NA	NA
ENSDART00000053106	s1pr2	73	56.3	51.4	9.3	15.1	83.0	115.1	NA	NA	NA
ENSDART00000053102	pdxkb	10	21.0	12.8	4.9	8.3	17.9	40.9	NA	NA	NA
ENSDART00000127805	pom121	345	45.9	30.4	6.7	13.8	64.6	114.0	21.08	54.13	1.36055352108
ENSDART00000076519	DCTPP1	292	36.8	27.9	12.1	19.6	45.7	77.1	78.45	130.75	0.736965594166
ENSDART00000043069	march5	12	75.3	74.2	21.9	33.8	112.0	132.9	NA	NA	NA
ENSDART00000044859	znf207a	356	81.3	78.6	37.4	57.6	100.4	123.0	38.52	169.12	2.13436767354
ENSDART00000113567	RLIM	142	55.4	40.7	12.0	19.1	85.1	124.2	7.95	74.31	3.2245296038
ENSDART00000058680	psma2	195	81.9	77.1	28.7	45.1	114.0	145.8	60.43	143.24	1.24509757662
ENSDART00000057599	fuom	8	42.4	40.8	NA	NA	NA	NA	NA	NA	NA
ENSDART00000058685	zfpm2a	1	42.6	42.6	NA	NA	NA	NA	NA	NA	NA
ENSDART00000129526	zgc:56630	66	24.5	21.0	6.5	9.9	31.6	49.3	NA	NA	NA
ENSDART00000036090	pdlim5b	35	29.2	24.4	11.8	17.1	40.8	52.1	6.86	18.17	1.40527793806
ENSDART00000124349	pof1b	12	33.1	18.8	7.1	12.6	51.9	75.5	NA	NA	NA
ENSDART00000126917	tollip	225	67.3	58.9	13.8	27.0	96.2	136.3	21.3	62.23	1.54675681577
ENSDART00000124345	vamp4	47	53.2	32.1	15.9	24.6	67.5	121.7	NA	NA	NA
ENSDART00000124346	fn1	42	82.9	58.1	16.9	33.7	124.3	185.7	4.12	8.57	1.05665086693
ENSDART00000042895	cdh17	3	51.6	39.7	NA	NA	NA	NA	NA	NA	NA
ENSDART00000040753	nudt1	26	46.7	34.0	14.9	23.0	64.2	97.7	NA	NA	NA
ENSDART00000081426	odf2	24	110.5	107.7	17.0	47.7	170.3	205.7	NA	NA	NA
ENSDART00000079385	HNRNPUL2	40	50.0	37.1	4.0	23.8	68.9	113.7	NA	NA	NA
ENSDART00000105346	anxa6	16	146.6	135.3	101.8	117.4	179.7	199.8	NA	NA	NA
ENSDART00000124201	bcl2l1	113	61.1	50.7	12.4	20.0	87.8	132.8	NA	NA	NA
ENSDART00000110100	hint3	14	72.6	51.4	25.1	29.8	67.5	181.6	NA	NA	NA
ENSDART00000124205	CU856359.2	1	13.1	13.1	NA	NA	NA	NA	NA	NA	NA
ENSDART00000058160	ss18l2	61	74.8	70.9	28.8	37.6	99.0	132.0	NA	NA	NA
ENSDART00000112754	CCNJL	216	66.5	52.4	11.1	25.6	100.8	140.1	12.53	59.11	2.23801580593
ENSDART00000008077	spint1b	13	46.1	38.7	10.8	24.1	50.2	53.7	8.45	28.85	1.77154807236
ENSDART00000145907	gc3	16	63.9	46.9	29.0	34.6	95.2	113.7	NA	NA	NA
ENSDART00000128547	HIST1H4I	4	13.3	11.1	NA	NA	NA	NA	NA	NA	NA
ENSDART00000099776	tspan13a	3	16.3	15.4	NA	NA	NA	NA	NA	NA	NA
ENSDART00000145336	her5	69	22.2	16.5	2.8	9.6	26.7	38.0	NA	NA	NA
ENSDART00000145330	apoc1l	1829	93.8	91.4	52.6	69.5	114.9	136.8	NA	NA	NA
ENSDART00000007842	isoc2	1	42.1	42.1	NA	NA	NA	NA	NA	NA	NA
ENSDART00000145332	adcy6b	15	53.6	35.0	15.6	21.0	58.8	127.6	NA	NA	NA
ENSDART00000087604	inpp5f	9	61.0	18.2	NA	NA	NA	NA	NA	NA	NA
ENSDART00000113131	INTU	6	28.0	18.2	NA	NA	NA	NA	NA	NA	NA
ENSDART00000113132	gnpat	43	39.8	26.1	9.0	13.3	45.0	89.7	NA	NA	NA
ENSDART00000002764	polb	187	63.7	49.0	7.9	26.7	96.0	137.0	51.82	141.35	1.44769096254
ENSDART00000055995	sagb	8	151.9	189.9	NA	NA	NA	NA	NA	NA	NA
ENSDART00000055604	si:dkeyp-94b4.1	1	6.2	6.2	NA	NA	NA	NA	NA	NA	NA
ENSDART00000138351	cth	48	82.9	79.8	36.0	55.1	108.1	120.8	NA	NA	NA
ENSDART00000105273	polr3a	33	27.8	20.7	4.1	16.2	37.2	55.6	3.4	6.69	0.976471464504
ENSDART00000140811	snx12	75	67.2	51.1	15.5	27.2	105.5	142.0	NA	NA	NA
ENSDART00000038942	adnp2b	184	63.2	57.4	10.5	20.2	99.7	128.9	9.72	49.5	2.34840030625
ENSDART00000007119	mfsd6l	4	34.4	33.5	NA	NA	NA	NA	NA	NA	NA
ENSDART00000038495	ctnnb1	2566	118.8	120.3	70.4	97.0	141.5	162.4	88.98	938.36	3.39858851248
ENSDART00000149444	si:dkey-173l11.5	2	78.7	78.7	NA	NA	NA	NA	NA	NA	NA
ENSDART00000027459	GRK6	6	32.1	26.9	NA	NA	NA	NA	NA	NA	NA
ENSDART00000005355	C17H14orf166	64	58.9	48.8	14.0	26.6	79.6	121.3	18.31	36.33	0.988529574618
ENSDART00000122358	tank	35	30.8	23.6	8.9	15.2	43.1	54.1	NA	NA	NA
ENSDART00000128927	cep97	45	48.6	30.7	7.3	12.2	52.0	107.4	38.37	6.89	-2.4774028769
ENSDART00000128694	si:dkey-77p23.3	17	43.6	30.2	5.9	11.4	68.6	103.7	NA	NA	NA
ENSDART00000134326	si:dkey-65b12.6	1	94.4	94.4	NA	NA	NA	NA	NA	NA	NA
ENSDART00000103257	alg2	59	74.1	66.5	22.7	37.0	107.3	135.6	NA	NA	NA
ENSDART00000128928	CABZ01074298.1	2	117.5	117.5	NA	NA	NA	NA	NA	NA	NA
ENSDART00000124812	ccdc170	1	4.8	4.8	NA	NA	NA	NA	NA	NA	NA
ENSDART00000067072	nfybb	14	54.9	41.4	13.7	20.1	75.1	127.0	NA	NA	NA
ENSDART00000019854	zgc:77816	14	107.7	97.7	39.5	61.1	112.7	185.0	NA	NA	NA
ENSDART00000063005	gpr173	3	76.5	81.6	NA	NA	NA	NA	NA	NA	NA
ENSDART00000135330	uhrf1bp1l	11	24.2	18.8	4.1	11.4	38.9	48.0	NA	NA	NA
ENSDART00000019937	gadd45g	30	95.3	89.3	20.2	51.3	137.8	173.2	NA	NA	NA
ENSDART00000019936	prkacab	28	34.3	28.7	13.0	17.8	39.8	72.9	NA	NA	NA
ENSDART00000028906	pigk	3	18.5	13.2	NA	NA	NA	NA	NA	NA	NA
ENSDART00000035046	fbxl3b	87	76.5	55.0	15.9	23.1	101.1	169.3	NA	NA	NA
ENSDART00000019939	bin2b	36	28.9	22.5	7.8	14.0	36.9	60.8	NA	NA	NA
ENSDART00000084689	slc16a6b	16	43.7	32.9	8.2	9.8	62.2	104.8	NA	NA	NA
ENSDART00000137665	frs2b	59	57.7	42.8	13.9	19.7	81.8	127.9	12.21	8.51	-0.520832163301
ENSDART00000124042	smyd5	38	53.1	30.3	12.6	19.5	69.2	124.9	9.08	12.16	0.421379026153
ENSDART00000130129	CT573389.2	12	44.0	32.5	11.4	20.1	53.9	67.6	NA	NA	NA
ENSDART00000051515	zgc:110329	101	23.2	15.4	4.5	9.6	26.1	46.3	NA	NA	NA
ENSDART00000042766	adh8b	13	40.0	43.6	16.9	30.2	48.9	61.8	13.61	19.24	0.499441732266
ENSDART00000128078	CU855895.3	1	28.2	28.2	NA	NA	NA	NA	NA	NA	NA
ENSDART00000035737	slc11a2	55	43.8	38.9	10.0	22.8	57.2	82.9	NA	NA	NA
ENSDART00000141142	mvp	123	94.5	90.9	28.0	54.3	124.9	164.8	36.28	92.37	1.34824991224
ENSDART00000090329	rnf115	39	57.6	50.8	10.4	17.3	91.8	123.0	NA	NA	NA
ENSDART00000128070	gnai2a	53	58.4	42.0	18.1	28.2	62.0	139.4	12.39	40.86	1.72151301659
ENSDART00000080377	aldoca	1	20.5	20.5	NA	NA	NA	NA	NA	NA	NA
ENSDART00000141145	si:dkey-9i23.16	4	74.7	84.1	NA	NA	NA	NA	NA	NA	NA
ENSDART00000067541	prlrb	1	33.4	33.4	NA	NA	NA	NA	NA	NA	NA
ENSDART00000109113	si:ch211-113j14.1	1	16.5	16.5	NA	NA	NA	NA	NA	NA	NA
ENSDART00000085931	acap2	111	41.8	36.4	12.0	26.2	52.5	73.4	5.42	19.99	1.88291371539
ENSDART00000045679	gro2	63	85.9	74.3	9.1	25.2	131.6	186.2	13.82	12.51	-0.143675826222
ENSDART00000088573	si:ch211-194e15.5	1	74.0	74.0	NA	NA	NA	NA	NA	NA	NA
ENSDART00000126230	zgc:113411	6	34.4	15.3	NA	NA	NA	NA	NA	NA	NA
ENSDART00000111762	usp10	427	54.8	42.4	12.7	23.7	77.1	107.7	51.11	165.77	1.69750544423
ENSDART00000085855	DNAJC16	22	57.3	41.3	15.2	18.0	72.8	128.9	NA	NA	NA
ENSDART00000148314	ddx31	17	63.8	51.8	8.0	30.9	94.5	123.9	5.73	11.03	0.944825746834
ENSDART00000148317	pcbp3	1	158.9	158.9	NA	NA	NA	NA	NA	NA	NA
ENSDART00000034011	fmo5	2	25.4	25.4	NA	NA	NA	NA	NA	NA	NA
ENSDART00000148312	si:ch73-74h11.1	20	117.9	118.2	93.6	100.1	130.2	157.7	NA	NA	NA
ENSDART00000098627	pros1	227	45.1	43.6	21.6	32.1	59.7	70.0	25.31	26.61	0.0722610029115
ENSDART00000114301	si:ch211-152p11.4	9	50.6	32.7	NA	NA	NA	NA	NA	NA	NA
ENSDART00000152951	cdc42ep4b	150	52.4	39.7	9.1	18.6	75.9	118.5	NA	NA	NA
ENSDART00000081359	zgc:110425	57	47.2	32.3	-5.9	5.7	82.5	118.3	NA	NA	NA
ENSDART00000124978	DPYD	3	23.1	24.5	NA	NA	NA	NA	NA	NA	NA
ENSDART00000124971	BX088562.1	1	3.3	3.3	NA	NA	NA	NA	NA	NA	NA
ENSDART00000064335	st6galnac1.2	13	24.9	23.6	14.1	17.5	34.3	36.9	NA	NA	NA
ENSDART00000046094	arl6	61	71.4	55.1	15.3	28.5	104.1	157.4	NA	NA	NA
ENSDART00000055432	rbx1	458	50.8	46.5	16.9	28.1	64.1	97.1	225.08	219.12	-0.0387166973522
ENSDART00000031322	ca9	251	72.4	57.9	14.2	29.0	108.6	148.6	NA	NA	NA
ENSDART00000064523	etfa	6	26.8	24.4	NA	NA	NA	NA	NA	NA	NA
ENSDART00000060205	tufm	180	54.0	38.2	11.8	21.3	81.1	122.4	21.06	46.98	1.15754127699
ENSDART00000140519	zgc:153284	15	104.4	108.3	65.3	81.3	126.3	147.1	NA	NA	NA
ENSDART00000060203	rtn1b	5	43.4	28.5	NA	NA	NA	NA	NA	NA	NA
ENSDART00000080510	ndufb4	128	55.9	40.9	12.0	22.2	80.5	122.6	53.61	72.61	0.437666117761
ENSDART00000141361	glipr2	2	15.8	15.8	NA	NA	NA	NA	NA	NA	NA
ENSDART00000019698	anxa5b	203	34.3	31.3	12.7	20.7	42.3	57.5	21.89	179.75	3.03764791103
ENSDART00000019699	mettl3	14	63.5	54.9	20.6	29.6	77.5	114.9	17.15	37.87	1.14284684482
ENSDART00000078163	tmem115	717	80.2	77.8	23.8	51.3	106.9	135.7	11.33	8.64	-0.391044643657
ENSDART00000021083	calm2b	113	76.2	74.3	43.4	57.8	96.3	117.0	110.77	776.82	2.81001313775
ENSDART00000104757	casp8	24	39.8	21.3	15.8	18.3	44.3	88.9	NA	NA	NA
ENSDART00000078167	dffa	18	32.3	26.2	7.7	10.6	32.8	57.5	NA	NA	NA
ENSDART00000104751	mxi1	114	57.4	43.4	11.1	17.4	89.9	131.9	NA	NA	NA
ENSDART00000044784	RBM25	1	220.3	220.3	NA	NA	NA	NA	NA	NA	NA
ENSDART00000133962	wu:fb37b09	1	136.4	136.4	NA	NA	NA	NA	NA	NA	NA
ENSDART00000129252	SLC13A4	83	73.8	66.7	23.7	47.7	97.1	125.6	NA	NA	NA
ENSDART00000108997	ADAD2	6	24.8	14.3	NA	NA	NA	NA	NA	NA	NA
ENSDART00000108992	EFEMP1	2	48.3	48.3	NA	NA	NA	NA	NA	NA	NA
ENSDART00000148175	LONRF2	3	45.7	49.5	NA	NA	NA	NA	NA	NA	NA
ENSDART00000037119	slc46a1	15	23.8	23.6	7.5	13.9	32.7	40.8	NA	NA	NA
ENSDART00000148177	si:ch73-186j5.2	1	162.3	162.3	NA	NA	NA	NA	NA	NA	NA
ENSDART00000148179	fam221a	1	46.2	46.2	NA	NA	NA	NA	NA	NA	NA
ENSDART00000061156	raph1	12	37.3	28.6	6.0	9.8	39.9	108.8	NA	NA	NA
ENSDART00000023540	BX004980.1	1	19.8	19.8	NA	NA	NA	NA	NA	NA	NA
ENSDART00000015938	larp1	264	55.5	37.8	10.7	21.6	75.7	132.6	76.99	91.86	0.254765712911
ENSDART00000125936	naga	29	77.3	55.7	17.2	27.4	128.4	162.5	NA	NA	NA
ENSDART00000122566	mxa	2	105.2	105.2	NA	NA	NA	NA	NA	NA	NA
ENSDART00000122564	TRMT10A	8	29.3	15.7	NA	NA	NA	NA	NA	NA	NA
ENSDART00000029697	speg	1	8.0	8.0	NA	NA	NA	NA	NA	NA	NA
ENSDART00000015932	TCEB3C	335	47.5	31.0	12.7	18.9	59.0	106.8	62.39	113.0	0.856936058096
ENSDART00000127583	pank1a	9	42.6	24.5	NA	NA	NA	NA	NA	NA	NA
ENSDART00000127580	CPEB4	35	46.9	29.9	7.5	15.1	58.5	113.9	NA	NA	NA
ENSDART00000127581	trim23	50	31.9	24.4	7.5	16.9	35.6	41.3	7.5	17.26	1.2024699638
ENSDART00000018519	zgc:153896	1	12.7	12.7	NA	NA	NA	NA	NA	NA	NA
ENSDART00000029695	pnp4a	247	73.7	75.8	16.9	32.0	105.8	129.3	NA	NA	NA
ENSDART00000018512	pofut1	7	31.6	28.6	NA	NA	NA	NA	10.16	35.91	1.82148525089
ENSDART00000099327	rab8b	9	33.6	32.9	NA	NA	NA	NA	NA	NA	NA
ENSDART00000099320	dhrs13a.1	4	90.7	106.9	NA	NA	NA	NA	NA	NA	NA
ENSDART00000018515	dohh	111	54.6	39.0	10.9	21.8	88.0	118.8	59.93	52.93	-0.179192719936
ENSDART00000054710	polr1d	142	63.0	56.2	18.1	26.7	90.8	122.3	81.81	243.49	1.57351341675
ENSDART00000123617	celsr1a	49	96.6	92.4	12.9	45.7	144.3	168.7	NA	NA	NA
ENSDART00000091835	gtf3c5	37	37.4	19.7	7.0	11.0	53.1	104.0	16.49	12.88	-0.356458805323
ENSDART00000017755	ubxn6	47	51.7	30.0	10.3	17.5	67.3	119.6	NA	NA	NA
ENSDART00000008053	mcm3ap	106	68.8	55.9	16.5	27.7	96.6	143.7	11.39	39.38	1.78969536419
ENSDART00000011052	eif3d	786	90.4	85.6	34.3	57.8	118.4	149.5	156.74	217.92	0.475425206332
ENSDART00000062917	cx35.4	43	55.2	40.7	10.6	15.8	79.8	123.8	NA	NA	NA
ENSDART00000078576	coq10b	128	58.6	48.5	12.4	20.3	84.7	118.8	23.89	130.15	2.44569655284
ENSDART00000105820	mbtps2	29	58.6	40.9	7.0	18.2	74.1	157.1	NA	NA	NA
ENSDART00000150232	fyna	8	21.7	7.4	NA	NA	NA	NA	NA	NA	NA
ENSDART00000144948	ponzr1	21	41.4	43.2	16.5	32.4	47.5	71.5	NA	NA	NA
ENSDART00000030141	pdcd4a	162	61.3	55.2	19.3	33.6	85.8	106.6	11.77	161.8	3.78102538228
ENSDART00000019206	ngly1	91	76.6	61.2	16.7	29.7	109.7	158.5	11.61	39.64	1.77158899032
ENSDART00000109528	CABZ01066772.1	11	63.5	53.5	18.6	32.8	95.0	111.5	NA	NA	NA
ENSDART00000122696	hnrnpub	3178	73.4	67.2	22.4	41.7	98.0	130.0	432.42	1336.63	1.62809500395
ENSDART00000084327	btaf1	28	44.5	21.3	5.4	11.7	53.7	125.2	6.74	3.93	-0.778219278923
ENSDART00000122693	NDUFC2	173	47.4	41.9	22.4	31.7	55.6	79.8	120.78	148.42	0.297303934059
ENSDART00000083605	tbc1d25	5	26.4	17.1	NA	NA	NA	NA	NA	NA	NA
ENSDART00000051291	hexa	4	23.1	25.3	NA	NA	NA	NA	NA	NA	NA
ENSDART00000131705	lamp1	260	29.4	23.2	7.4	12.1	36.5	56.5	NA	NA	NA
ENSDART00000127053	kdm5c	90	76.2	53.0	13.7	23.0	123.8	166.7	14.2	27.5	0.953540688907
ENSDART00000034790	pcp4l1	9	50.8	55.5	NA	NA	NA	NA	NA	NA	NA
ENSDART00000127055	CABZ01057951.1	5	7.0	6.7	NA	NA	NA	NA	11.22	20.18	0.846853498498
ENSDART00000127059	CABZ01080590.2	10	32.7	16.0	6.7	10.0	31.3	98.6	NA	NA	NA
ENSDART00000074406	ubxn10	2	2.4	2.4	NA	NA	NA	NA	NA	NA	NA
ENSDART00000074400	tia1	883	55.2	44.6	13.9	24.0	75.3	113.1	112.87	581.35	2.36474491582
ENSDART00000136213	bzw2	84	31.2	25.8	7.3	14.0	41.7	56.4	16.42	11.53	-0.510061614126
ENSDART00000149354	sar1b	294	66.8	58.5	23.1	37.7	83.8	115.0	63.39	183.02	1.52967413838
ENSDART00000116357	prnprs3	3	13.7	18.4	NA	NA	NA	NA	NA	NA	NA
ENSDART00000033369	axin1	99	83.3	80.4	11.8	47.3	124.3	157.9	15.6	22.63	0.536690555517
ENSDART00000113956	SYDE2	43	65.2	34.1	10.2	18.9	124.6	145.7	NA	NA	NA
ENSDART00000036797	uchl1	194	21.0	18.2	4.7	10.8	28.0	38.7	41.55	24.7	-0.750337435186
ENSDART00000111567	sgpl1	30	59.3	34.9	6.5	14.7	64.1	191.9	NA	NA	NA
ENSDART00000113483	trim71	475	62.9	51.9	15.8	29.5	87.3	126.3	27.81	46.37	0.737587982028
ENSDART00000103163	cx30.9	2	41.4	41.4	NA	NA	NA	NA	NA	NA	NA
ENSDART00000146202	aktip	190	31.7	24.8	11.4	17.6	40.9	60.3	16.21	25.87	0.674395963167
ENSDART00000111566	tmem184c	25	72.4	64.1	14.1	33.0	93.7	157.2	NA	NA	NA
ENSDART00000082445	prr11	247	61.5	47.4	14.3	22.8	95.2	141.7	33.02	94.65	1.51926238568
ENSDART00000050478	mpped2	13	47.8	33.5	8.1	14.5	96.9	100.7	NA	NA	NA
ENSDART00000082449	CU183952.1	104	17.3	12.2	3.9	6.9	19.9	34.2	NA	NA	NA
ENSDART00000146758	fam105bb	57	41.4	22.4	12.3	15.4	61.1	103.6	10.09	4.51	-1.16172683585
ENSDART00000026963	pmpcb	25	32.5	26.5	6.4	11.2	40.6	72.3	13.11	11.89	-0.140918970476
ENSDART00000111880	PDE2A	1	6.8	6.8	NA	NA	NA	NA	NA	NA	NA
ENSDART00000130582	foxn2b	71	70.0	53.0	17.2	36.9	98.8	141.0	NA	NA	NA
ENSDART00000061334	ift172	16	43.7	25.6	4.4	13.7	54.0	119.3	3.11	4.38	0.494016289471
ENSDART00000002974	pitpnab	1	138.9	138.9	NA	NA	NA	NA	NA	NA	NA
ENSDART00000087111	itsn2b	61	42.3	24.1	9.7	15.8	33.8	130.8	17.83	12.01	-0.570070551919
ENSDART00000109836	acd	10	62.7	44.0	14.8	23.9	106.9	129.9	NA	NA	NA
ENSDART00000023470	pgrmc2	487	60.0	53.1	18.4	33.0	79.4	110.1	64.89	267.91	2.04568036104
ENSDART00000010189	igf1ra	18	51.9	37.1	5.8	12.4	61.3	163.3	NA	NA	NA
ENSDART00000087445	tsen34	1	17.0	17.0	NA	NA	NA	NA	NA	NA	NA
ENSDART00000093004	map4k3b	7	95.9	65.2	NA	NA	NA	NA	NA	NA	NA
ENSDART00000093009	dgkza	7	20.3	19.8	NA	NA	NA	NA	NA	NA	NA
ENSDART00000102348	CEP250	0	NA	NA	NA	NA	NA	NA	13.1	0.73	-4.16552653754
ENSDART00000047624	tmem165	72	43.1	34.9	14.8	23.8	52.9	77.2	NA	NA	NA
ENSDART00000005829	gde1	30	34.3	31.4	11.9	17.7	42.7	63.0	NA	NA	NA
ENSDART00000111568	polr2k	214	78.6	74.2	22.4	44.6	104.1	138.6	NA	NA	NA
ENSDART00000066645	eif1axa	241	36.9	19.4	5.2	10.9	50.8	92.8	77.79	200.36	1.36493790468
ENSDART00000013575	bzw1a	2936	79.2	74.5	40.1	55.4	96.2	124.7	692.0	1399.52	1.01608816108
ENSDART00000055140	TOR4A	1	2.8	2.8	NA	NA	NA	NA	NA	NA	NA
ENSDART00000124169	si:ch211-207j7.2	5	58.6	33.1	NA	NA	NA	NA	NA	NA	NA
ENSDART00000055148	zgc:101663	23	42.6	29.5	10.3	19.6	61.4	80.8	NA	NA	NA
ENSDART00000059208	fam214a	147	55.9	33.8	7.3	13.2	88.3	137.9	9.61	13.59	0.499937119994
ENSDART00000141125	kcne4	3	47.9	56.2	NA	NA	NA	NA	NA	NA	NA
ENSDART00000112670	usp12a	7	74.1	88.2	NA	NA	NA	NA	NA	NA	NA
ENSDART00000032893	otud6b	54	70.3	54.1	7.2	28.3	100.8	152.6	15.37	19.18	0.319485555327
ENSDART00000015755	rasl11b	97	72.9	69.9	11.1	30.4	111.4	146.8	NA	NA	NA
ENSDART00000040557	CRIP2	1	9.0	9.0	NA	NA	NA	NA	NA	NA	NA
ENSDART00000009234	rbm14a	235	41.2	27.4	6.1	12.3	57.3	112.3	13.21	101.79	2.94589346419
ENSDART00000032899	clpxa	88	35.0	25.3	7.1	13.5	39.2	77.0	NA	NA	NA
ENSDART00000139835	nme4	13	56.5	53.0	10.7	19.8	81.6	100.6	NA	NA	NA
ENSDART00000009092	fam208ab	118	59.3	40.2	12.3	18.7	98.2	123.5	18.95	19.36	0.0308811042161
ENSDART00000109478	RPS6KL1	1	31.8	31.8	NA	NA	NA	NA	NA	NA	NA
ENSDART00000134516	btf3	711	89.5	90.4	33.9	55.3	120.2	145.9	408.52	701.2	0.779419285671
ENSDART00000021644	taldo1	219	84.3	70.8	27.6	44.2	116.5	155.7	34.88	108.36	1.63536035343
ENSDART00000083241	slc29a4	1	19.4	19.4	NA	NA	NA	NA	NA	NA	NA
ENSDART00000057439	parla	3	22.5	23.9	NA	NA	NA	NA	NA	NA	NA
ENSDART00000109477	socs9	9	18.9	19.7	NA	NA	NA	NA	NA	NA	NA
ENSDART00000138475	sorbs2a	4	73.4	56.2	NA	NA	NA	NA	NA	NA	NA
ENSDART00000048869	mrgbp	178	77.5	68.9	20.8	38.0	107.8	137.6	43.78	54.85	0.32521966611
ENSDART00000130464	TMEM200C	3	62.7	76.3	NA	NA	NA	NA	NA	NA	NA
ENSDART00000130467	chp1	70	66.1	52.9	8.9	23.8	95.2	152.7	NA	NA	NA
ENSDART00000051614	tchp	13	51.7	24.1	8.1	17.7	46.5	141.9	7.01	3.34	-1.06956634154
ENSDART00000066759	mtrr	8	29.6	23.7	NA	NA	NA	NA	NA	NA	NA
ENSDART00000027957	hmgcl	6	90.7	92.9	NA	NA	NA	NA	NA	NA	NA
ENSDART00000039880	AL929434.1	12	56.1	47.1	8.0	11.2	94.3	114.5	NA	NA	NA
ENSDART00000005720	stat1a	5	100.6	103.9	NA	NA	NA	NA	NA	NA	NA
ENSDART00000048866	ipmkb	88	57.2	43.4	14.2	21.6	68.5	126.1	11.47	13.8	0.26680287565
ENSDART00000151865	NLRC5	3	32.4	13.8	NA	NA	NA	NA	NA	NA	NA
ENSDART00000103524	myclb	46	49.0	35.6	10.6	15.8	76.0	113.7	NA	NA	NA
ENSDART00000024031	dnm2a	4	39.6	34.9	NA	NA	NA	NA	NA	NA	NA
ENSDART00000009271	slc5a12	1	142.8	142.8	NA	NA	NA	NA	NA	NA	NA
ENSDART00000092209	BAZ1A	60	59.0	35.1	9.7	15.6	105.8	146.5	8.6	9.02	0.0687907736659
ENSDART00000141964	CABZ01028770.2	2	41.8	41.8	NA	NA	NA	NA	NA	NA	NA
ENSDART00000143745	trmt2b	13	67.1	65.7	11.9	18.8	80.7	140.6	NA	NA	NA
ENSDART00000037279	plekhj1	2	18.0	18.0	NA	NA	NA	NA	NA	NA	NA
ENSDART00000125347	cry2b	21	78.9	61.4	11.4	17.3	149.6	159.1	NA	NA	NA
ENSDART00000099528	spry4	83	52.3	41.2	4.9	12.4	85.8	120.4	NA	NA	NA
ENSDART00000110789	ESYT2	2	13.9	13.9	NA	NA	NA	NA	NA	NA	NA
ENSDART00000109618	art4	3	171.3	173.5	NA	NA	NA	NA	NA	NA	NA
ENSDART00000032540	usp14	52	35.8	23.6	12.5	18.1	43.4	73.6	27.38	46.32	0.758512806731
ENSDART00000019476	eif5	613	85.6	73.3	29.4	46.6	116.2	158.1	242.65	106.48	-1.18829438374
ENSDART00000125349	BAD	7	92.1	96.8	NA	NA	NA	NA	NA	NA	NA
ENSDART00000151730	ptpn23b	12	20.8	17.9	3.7	10.5	32.6	44.6	NA	NA	NA
ENSDART00000028592	pdcd6ip	50	46.1	34.1	11.6	17.2	52.9	98.6	NA	NA	NA
ENSDART00000130682	MED8	105	43.2	37.3	15.9	26.6	55.5	72.7	116.3	19.12	-2.60469666838
ENSDART00000130685	TIAM2	3	104.6	150.6	NA	NA	NA	NA	NA	NA	NA
ENSDART00000007972	DLGAP4	10	39.2	36.6	16.4	21.7	51.8	66.5	NA	NA	NA
ENSDART00000076004	tmem62	16	46.2	39.7	14.9	24.3	50.1	87.8	NA	NA	NA
ENSDART00000005237	lppr2a	6	46.9	38.0	NA	NA	NA	NA	NA	NA	NA
ENSDART00000079716	C1H4orf27	169	54.9	47.3	10.0	18.5	78.0	112.8	33.2	41.23	0.312511219654
ENSDART00000076000	cpdb	2	40.9	40.9	NA	NA	NA	NA	NA	NA	NA
ENSDART00000142124	nol9	181	66.9	55.0	14.2	24.0	98.8	147.3	11.05	28.43	1.3633677294
ENSDART00000097580	pigl	16	32.1	26.9	10.1	14.5	32.8	63.5	NA	NA	NA
ENSDART00000145606	lyrm1	13	50.9	46.9	17.3	24.7	56.1	105.5	NA	NA	NA
ENSDART00000142123	ap5m1	6	22.3	20.2	NA	NA	NA	NA	NA	NA	NA
ENSDART00000076009	hadhab	40	65.9	37.8	11.3	16.7	117.5	148.3	6.01	9.71	0.692106304708
ENSDART00000086746	nars	126	47.2	47.8	17.2	28.5	60.9	78.4	24.55	111.85	2.18777032674
ENSDART00000086211	pcgf5b	22	41.2	32.1	15.4	20.9	52.1	71.0	NA	NA	NA
ENSDART00000148907	mcph1	10	94.4	111.3	27.1	64.2	131.4	135.3	NA	NA	NA
ENSDART00000099265	ddx46	373	76.3	68.0	31.7	49.1	90.8	133.2	61.97	78.36	0.338547429296
ENSDART00000130027	BX005085.3	15	35.7	29.5	10.6	22.5	45.4	57.3	NA	NA	NA
ENSDART00000152184	ZNF507	13	55.3	67.2	7.1	21.2	83.2	89.8	NA	NA	NA
ENSDART00000101067	zgc:171570	4	120.3	121.9	NA	NA	NA	NA	NA	NA	NA
ENSDART00000131339	capns1a	203	50.4	40.9	11.6	22.2	68.6	95.1	39.34	149.27	1.92385538178
ENSDART00000144870	asap1a	10	122.0	131.0	29.1	45.0	190.3	202.2	NA	NA	NA
ENSDART00000080741	plcd4a	5	199.5	192.6	NA	NA	NA	NA	NA	NA	NA
ENSDART00000144879	mtif3	16	61.0	54.9	16.1	47.6	74.7	108.5	NA	NA	NA
ENSDART00000136455	si:dkeyp-2e4.2	1	31.5	31.5	NA	NA	NA	NA	NA	NA	NA
ENSDART00000067448	acat1	27	19.6	15.2	9.1	12.6	20.6	37.2	NA	NA	NA
ENSDART00000028048	necap1	59	41.5	39.8	14.0	20.7	58.1	73.2	NA	NA	NA
ENSDART00000003170	mid1ip1l	140	26.9	22.1	7.6	13.0	32.9	51.3	33.85	22.28	-0.603406601122
ENSDART00000091513	prkar1b	50	46.9	47.2	17.4	35.7	58.5	72.2	13.3	14.16	0.0903950196944
ENSDART00000091512	cmip	46	59.6	46.3	7.2	20.4	90.1	136.1	NA	NA	NA
ENSDART00000067446	slc38a4	58	59.9	41.4	4.8	12.1	99.3	143.1	NA	NA	NA
ENSDART00000067447	mmp30	28	105.0	113.1	42.8	83.6	136.6	149.5	NA	NA	NA
ENSDART00000090611	sh3gl2	11	18.8	15.3	9.0	12.8	23.1	27.8	NA	NA	NA
ENSDART00000067190	tspan9b	37	64.7	56.2	19.9	34.3	91.1	129.8	NA	NA	NA
ENSDART00000138304	si:dkey-85k15.4	2	44.2	44.2	NA	NA	NA	NA	NA	NA	NA
ENSDART00000133426	si:dkey-261j4.5	97	41.7	28.5	10.2	15.5	57.8	89.1	NA	NA	NA
ENSDART00000132829	inadl	77	34.5	31.8	8.7	12.7	43.7	65.1	7.4	20.91	1.49859588607
ENSDART00000054237	ptges3a	78	39.7	30.2	10.9	19.0	52.8	67.3	NA	NA	NA
ENSDART00000114689	pus10	13	51.9	37.5	28.4	32.2	42.8	91.0	7.54	12.97	0.782542050983
ENSDART00000132820	bend3	4	70.4	51.7	NA	NA	NA	NA	NA	NA	NA
ENSDART00000062010	CCDC88C	7	69.5	7.5	NA	NA	NA	NA	NA	NA	NA
ENSDART00000024695	dazap2	178	52.5	41.7	10.6	18.8	78.6	113.2	NA	NA	NA
ENSDART00000127616	slc35f3a	4	77.4	63.9	NA	NA	NA	NA	NA	NA	NA
ENSDART00000127612	rgs5a	3	61.5	80.3	NA	NA	NA	NA	NA	NA	NA
ENSDART00000130423	cbx3a	1228	65.4	55.9	14.7	30.8	92.8	126.6	521.43	1734.66	1.73410742224
ENSDART00000100351	MAP4K2	7	21.6	24.5	NA	NA	NA	NA	NA	NA	NA
ENSDART00000149782	CHST6	23	96.2	113.9	26.8	49.6	137.6	156.6	NA	NA	NA
ENSDART00000149784	scn3b	1	49.8	49.8	NA	NA	NA	NA	NA	NA	NA
ENSDART00000149787	col4a3bpa	114	65.2	38.4	10.0	19.2	105.6	156.2	9.85	35.61	1.85408680602
ENSDART00000131157	CABZ01005649.2	13	82.6	97.8	22.7	41.3	103.5	140.7	NA	NA	NA
ENSDART00000042311	fut10	2	28.1	28.1	NA	NA	NA	NA	NA	NA	NA
ENSDART00000054967	rangrf	6	63.9	37.8	NA	NA	NA	NA	NA	NA	NA
ENSDART00000003390	sb:cb54	3	33.8	30.1	NA	NA	NA	NA	NA	NA	NA
ENSDART00000125969	ube2ka	35	35.8	27.7	13.5	20.6	49.7	61.4	NA	NA	NA
ENSDART00000123574	CABZ01044943.1	55	27.5	19.7	10.0	14.5	33.1	48.5	15.62	7.68	-1.02421623742
ENSDART00000112328	HAP1	10	36.9	21.1	13.3	15.9	40.8	59.0	NA	NA	NA
ENSDART00000145477	zgc:158409	801	115.5	115.0	67.9	92.6	139.6	162.7	191.75	413.91	1.11009052654
ENSDART00000079064	tango2	15	26.9	17.7	15.0	15.3	25.3	48.8	NA	NA	NA
ENSDART00000020270	osr1	315	60.9	48.1	9.2	21.1	91.0	129.1	NA	NA	NA
ENSDART00000114464	tpst1	36	45.3	38.5	14.9	21.7	58.8	76.4	NA	NA	NA
ENSDART00000038574	trappc5	17	49.8	31.1	18.8	22.0	81.2	101.4	NA	NA	NA
ENSDART00000150029	atp11a	2	85.0	85.0	NA	NA	NA	NA	NA	NA	NA
ENSDART00000017180	rergla	1	17.1	17.1	NA	NA	NA	NA	NA	NA	NA
ENSDART00000150023	SLC16A1	3	27.2	14.2	NA	NA	NA	NA	NA	NA	NA
ENSDART00000098692	eps15	22	44.8	28.7	7.6	16.5	46.7	114.1	4.79	11.66	1.28347022746
ENSDART00000098691	rnf11b	29	42.6	27.7	4.8	13.2	50.1	128.3	NA	NA	NA
ENSDART00000114987	SUSD3	16	22.7	21.5	11.7	17.4	30.0	34.1	NA	NA	NA
ENSDART00000152178	zgc:174890	23	30.9	23.8	8.4	10.5	45.6	69.4	NA	NA	NA
ENSDART00000017188	ncl	954	89.8	91.2	29.2	61.5	117.1	140.8	557.42	2796.98	2.32703326597
ENSDART00000150024	acyp1	2	11.1	11.1	NA	NA	NA	NA	NA	NA	NA
ENSDART00000008133	CR318593.1	2	19.8	19.8	NA	NA	NA	NA	NA	NA	NA
ENSDART00000110943	ift88	5	65.0	33.4	NA	NA	NA	NA	NA	NA	NA
ENSDART00000124748	b2ml	20	41.3	31.4	5.9	17.0	49.2	96.2	NA	NA	NA
ENSDART00000127266	CABZ01088149.2	45	50.9	29.4	11.9	19.3	55.1	118.2	NA	NA	NA
ENSDART00000090174	dock9b	14	19.7	20.1	11.1	12.0	24.8	26.0	NA	NA	NA
ENSDART00000149168	abhd5b	1	33.7	33.7	NA	NA	NA	NA	NA	NA	NA
ENSDART00000149169	ssr2	425	46.2	34.6	12.3	19.4	54.9	104.6	158.0	180.29	0.190394819785
ENSDART00000127261	apaf1	20	23.1	16.8	9.3	11.9	23.4	35.8	4.35	5.17	0.249148879579
ENSDART00000090171	nlgn3b	4	54.2	59.5	NA	NA	NA	NA	NA	NA	NA
ENSDART00000141771	gnptg	41	57.2	35.8	22.7	30.7	69.9	129.5	14.39	4.77	-1.59300542073
ENSDART00000029313	cdkal1	157	43.7	39.9	15.0	23.8	58.0	77.1	34.76	17.71	-0.972863870062
ENSDART00000017553	serinc1	88	62.4	53.8	13.7	31.7	87.4	116.2	13.43	52.91	1.97808111298
ENSDART00000022526	gtpbp3	5	29.8	42.1	NA	NA	NA	NA	8.92	0.83	-3.42586046857
ENSDART00000109785	CABIN1	16	54.4	31.9	14.3	21.5	67.2	138.6	3.42	6.33	0.888209174542
ENSDART00000126053	cry4	12	37.4	36.7	8.5	16.0	51.6	70.7	NA	NA	NA
ENSDART00000126052	map3k1	60	34.6	27.1	11.3	17.6	46.6	62.2	7.1	7.44	0.067483596716
ENSDART00000063761	BX682552.2	70	56.6	48.2	12.1	23.9	71.1	99.3	NA	NA	NA
ENSDART00000016057	ctnnal1	65	35.5	16.6	7.9	12.6	33.8	106.0	NA	NA	NA
ENSDART00000063764	si:dkey-5n18.1	1	40.6	40.6	NA	NA	NA	NA	NA	NA	NA
ENSDART00000148789	wfs1b	105	51.9	29.4	7.3	14.3	76.2	122.7	NA	NA	NA
ENSDART00000148788	per2	15	49.6	31.6	12.7	16.5	73.4	91.4	NA	NA	NA
ENSDART00000148787	s100a1	414	35.8	32.5	9.5	20.1	49.7	65.5	446.92	695.34	0.637701976279
ENSDART00000140179	si:dkeyp-4c7.3	1	7.2	7.2	NA	NA	NA	NA	NA	NA	NA
ENSDART00000052061	cnn2	366	93.2	87.3	44.5	65.2	118.0	146.6	NA	NA	NA
ENSDART00000077496	hp1bp3	151	97.4	100.7	39.6	69.9	126.2	147.2	31.94	232.07	2.86112381775
ENSDART00000146795	lzts2a	1	-0.9	-0.9	NA	NA	NA	NA	NA	NA	NA
ENSDART00000131488	MAP4K4	178	48.5	36.0	11.2	18.1	61.1	111.3	19.45	13.18	-0.561419784866
ENSDART00000105613	C22H1orf53	7	27.9	22.4	NA	NA	NA	NA	NA	NA	NA
ENSDART00000100222	cry2a	186	59.1	32.6	13.0	20.2	69.1	155.3	8.8	23.43	1.41278152534
ENSDART00000037601	rpp30	52	41.4	20.2	9.4	13.7	44.1	129.8	14.28	17.78	0.316259344801
ENSDART00000121991	aspscr1	66	46.6	36.3	15.9	22.2	54.7	88.9	41.33	23.85	-0.793200097482
ENSDART00000100226	ctdsp1	7	97.3	89.6	NA	NA	NA	NA	NA	NA	NA
ENSDART00000098209	sirt1	74	50.9	35.4	9.1	17.0	81.2	113.7	17.57	22.06	0.328318599583
ENSDART00000122601	pgam1b	64	30.3	23.3	10.0	17.1	35.6	60.7	NA	NA	NA
ENSDART00000012241	kif23	237	69.2	51.0	9.0	18.0	111.2	156.2	52.12	206.88	1.98888519124
ENSDART00000012938	phgdh	176	26.9	24.4	8.8	15.4	36.7	48.3	27.58	56.01	1.02206197143
ENSDART00000041549	zc3h10	33	67.3	54.1	12.0	24.2	100.1	141.8	9.45	9.36	-0.013805799525
ENSDART00000038149	fntb	112	47.4	39.1	17.7	22.9	61.5	87.2	20.12	22.58	0.166415180967
ENSDART00000110767	nav3	3	44.6	40.7	NA	NA	NA	NA	NA	NA	NA
ENSDART00000144699	pter	13	32.6	32.5	8.1	18.8	48.3	49.6	NA	NA	NA
ENSDART00000031153	ccdc174	99	66.1	48.1	12.7	22.7	100.6	155.9	34.29	29.75	-0.204898235853
ENSDART00000040035	CCDC80	1	28.0	28.0	NA	NA	NA	NA	NA	NA	NA
ENSDART00000040033	nup107	114	64.1	46.6	13.0	23.4	105.7	138.5	28.76	34.26	0.252461475645
ENSDART00000015230	gchfr	1	19.2	19.2	NA	NA	NA	NA	NA	NA	NA
ENSDART00000034652	TMEM254	76	55.8	53.4	24.0	38.6	68.8	85.1	NA	NA	NA
ENSDART00000101937	pgm2l1	2	75.5	75.5	NA	NA	NA	NA	NA	NA	NA
ENSDART00000060417	cetn4	60	60.6	46.6	15.8	24.9	90.7	120.9	25.18	41.51	0.721180648885
ENSDART00000113639	zgc:174931	2	168.4	168.4	NA	NA	NA	NA	NA	NA	NA
ENSDART00000144696	pdxdc1	159	74.6	54.0	18.7	30.6	114.4	148.8	9.88	32.87	1.7341885095
ENSDART00000133886	atn1	3	105.2	107.9	NA	NA	NA	NA	NA	NA	NA
ENSDART00000016635	bccip	81	74.7	63.9	16.7	34.6	104.2	153.4	113.76	65.54	-0.795545792077
ENSDART00000133882	rock2a	23	99.6	96.6	11.7	56.1	153.4	182.3	12.37	3.91	-1.66160498767
ENSDART00000135540	nrip1a	59	46.9	34.6	9.9	16.8	64.2	97.7	4.22	9.92	1.23309712168
ENSDART00000020497	snx13	33	42.0	33.0	6.2	15.6	62.2	96.0	NA	NA	NA
ENSDART00000047201	atp2a2b	148	60.0	50.4	11.7	21.6	84.2	140.2	25.03	130.55	2.38287226151
ENSDART00000041146	nrbp2	27	43.4	26.3	10.3	19.1	35.8	123.9	NA	NA	NA
ENSDART00000064546	si:ch211-241j12.3	16	71.9	80.6	11.9	34.3	91.8	134.2	16.82	1.66	-3.34092255891
ENSDART00000019050	rps6kb1a	5	30.0	18.4	NA	NA	NA	NA	NA	NA	NA
ENSDART00000075721	foxb1b	3	15.8	12.9	NA	NA	NA	NA	NA	NA	NA
ENSDART00000065590	map1lc3c	90	24.4	18.0	6.5	11.0	28.6	48.6	44.17	27.27	-0.695752132125
ENSDART00000100310	dbn1	1	81.2	81.2	NA	NA	NA	NA	NA	NA	NA
ENSDART00000137416	si:ch211-269e2.1	1	22.8	22.8	NA	NA	NA	NA	NA	NA	NA
ENSDART00000137411	dpf1	9	72.1	58.0	NA	NA	NA	NA	NA	NA	NA
ENSDART00000048391	braf	19	48.9	36.3	8.5	17.0	56.3	115.1	NA	NA	NA
ENSDART00000019059	lmx1a	16	25.6	18.2	9.7	13.9	24.7	52.1	NA	NA	NA
ENSDART00000130973	pomgnt1	135	31.6	22.9	8.6	14.5	40.9	57.1	13.02	16.97	0.382257116377
ENSDART00000112232	TBC1D13	77	65.9	44.4	13.1	20.1	104.4	147.4	18.19	16.38	-0.15121018601
ENSDART00000126780	rnaset2	105	58.0	53.7	20.1	31.0	77.1	96.7	NA	NA	NA
ENSDART00000122228	prr14	36	55.3	45.3	8.8	17.8	86.4	125.2	NA	NA	NA
ENSDART00000112944	TRIM65	11	58.0	50.7	9.8	17.7	80.7	118.4	NA	NA	NA
ENSDART00000148081	cratb	15	61.8	28.5	6.9	8.6	99.0	156.0	6.24	7.01	0.167868415148
ENSDART00000152748	tom1l2	27	71.9	30.0	12.1	18.0	87.2	183.5	NA	NA	NA
ENSDART00000112239	CU468905.1	1	224.0	224.0	NA	NA	NA	NA	NA	NA	NA
ENSDART00000055779	ggact.2	6	51.4	32.5	NA	NA	NA	NA	NA	NA	NA
ENSDART00000122732	foxc1a	78	75.6	75.8	11.4	37.0	114.6	131.2	NA	NA	NA
ENSDART00000122222	suclg2	26	56.9	53.7	25.4	42.7	77.0	90.5	NA	NA	NA
ENSDART00000122223	ITGA2	1	146.5	146.5	NA	NA	NA	NA	NA	NA	NA
ENSDART00000134685	zgc:113691	11	57.8	41.1	9.6	11.5	110.2	119.6	NA	NA	NA
ENSDART00000134684	FDXACB1	16	59.2	63.2	11.2	18.8	94.3	113.3	NA	NA	NA
ENSDART00000051607	ISCU	254	66.5	56.4	20.3	32.7	92.6	126.9	41.44	118.21	1.51225617763
ENSDART00000126785	pds5a	422	62.4	48.4	15.0	25.3	83.6	127.9	45.93	164.25	1.83838468188
ENSDART00000134682	slc31a2	15	39.9	24.4	10.3	15.2	43.1	105.9	NA	NA	NA
ENSDART00000086734	phldb1a	3	67.8	20.9	NA	NA	NA	NA	NA	NA	NA
ENSDART00000004286	anxa3a	1	7.8	7.8	NA	NA	NA	NA	NA	NA	NA
ENSDART00000149363	stk25a	5	41.5	30.4	NA	NA	NA	NA	NA	NA	NA
ENSDART00000124335	SMIM4	20	45.8	32.8	14.1	19.7	69.5	103.9	NA	NA	NA
ENSDART00000085135	tbl1x	223	74.2	55.5	13.5	23.7	121.6	159.0	12.99	30.82	1.24646543107
ENSDART00000085136	im:6903943	3	93.3	81.1	NA	NA	NA	NA	NA	NA	NA
ENSDART00000103752	dvl1b	2	87.5	87.5	NA	NA	NA	NA	NA	NA	NA
ENSDART00000103755	fn1b	2	86.3	86.3	NA	NA	NA	NA	NA	NA	NA
ENSDART00000146924	trmt1l	96	59.1	44.6	7.9	17.9	94.6	132.8	11.27	52.05	2.20741064801
ENSDART00000073441	SNTB2	8	48.7	22.8	NA	NA	NA	NA	NA	NA	NA
ENSDART00000151293	znrf2a	107	96.3	93.0	19.1	45.1	131.9	184.9	NA	NA	NA
ENSDART00000089339	dph7	18	37.0	14.5	5.3	10.2	42.8	109.4	NA	NA	NA
ENSDART00000062278	ndufa12	72	77.7	71.7	32.2	49.0	109.3	127.8	NA	NA	NA
ENSDART00000123166	zgc:152891	1	33.7	33.7	NA	NA	NA	NA	NA	NA	NA
ENSDART00000041787	trim35-28	164	53.1	35.0	12.7	20.7	71.1	125.1	15.69	38.79	1.30583942356
ENSDART00000014183	colgalt2	4	82.4	80.8	NA	NA	NA	NA	NA	NA	NA
ENSDART00000014182	ern1	20	49.0	24.7	9.3	15.0	66.1	107.4	NA	NA	NA
ENSDART00000081654	SLC26A6	1	72.4	72.4	NA	NA	NA	NA	NA	NA	NA
ENSDART00000147343	dnase2	58	26.0	24.9	9.2	13.4	33.3	44.1	NA	NA	NA
ENSDART00000081652	rfesd	1	36.2	36.2	NA	NA	NA	NA	NA	NA	NA
ENSDART00000073440	DNAJA4	40	59.6	59.6	6.0	25.3	79.6	106.9	NA	NA	NA
ENSDART00000101661	C10H11orf30	164	47.6	33.0	13.9	21.2	58.1	96.8	10.35	14.0	0.435796059446
ENSDART00000110781	NFATC4	5	60.8	42.6	NA	NA	NA	NA	NA	NA	NA
ENSDART00000101667	MAP4K3	25	25.5	17.5	7.2	12.2	33.8	42.4	NA	NA	NA
ENSDART00000045292	spred2b	22	77.8	79.4	-3.3	16.4	132.3	176.5	NA	NA	NA
ENSDART00000102484	fam49bb	3	54.9	40.6	NA	NA	NA	NA	NA	NA	NA
ENSDART00000012212	commd2	60	62.9	50.0	13.9	27.7	86.5	117.1	25.47	40.89	0.682949103252
ENSDART00000102482	eny2	692	66.0	58.3	19.3	34.3	87.2	120.2	298.03	407.42	0.451059241931
ENSDART00000102483	rgs4	49	37.2	26.7	11.2	16.6	53.0	75.1	NA	NA	NA
ENSDART00000018895	srrt	392	70.3	60.8	21.0	35.3	88.8	130.3	132.3	193.1	0.545535102672
ENSDART00000132405	lef1	185	105.9	101.2	28.7	50.0	154.3	195.8	NA	NA	NA
ENSDART00000103570	BRPF3	14	36.2	21.7	7.4	10.6	61.8	81.6	NA	NA	NA
ENSDART00000138948	ccs	7	64.4	45.5	NA	NA	NA	NA	NA	NA	NA
ENSDART00000111412	BX119916.1	6	33.1	25.2	NA	NA	NA	NA	NA	NA	NA
ENSDART00000111414	alkbh6	27	67.8	67.9	28.8	37.4	86.2	113.8	NA	NA	NA
ENSDART00000111417	meaf6	220	45.8	35.4	13.7	21.7	59.9	97.3	NA	NA	NA
ENSDART00000054175	smad5	496	55.5	40.6	13.0	19.0	83.0	123.1	33.46	142.21	2.08751356625
ENSDART00000025885	pcbp2	770	63.4	56.4	21.4	35.5	82.4	113.3	103.88	492.16	2.24420948928
ENSDART00000089747	nfs1	24	35.2	24.2	9.5	16.6	42.1	52.6	NA	NA	NA
ENSDART00000142334	hnrnpl2	2005	87.9	81.8	42.1	59.3	108.4	140.1	75.75	619.26	3.03122746704
ENSDART00000077278	zgc:66475	171	61.0	53.3	21.7	35.3	79.2	109.2	9.68	47.85	2.3054399721
ENSDART00000098976	wu:fb17g07	842	64.2	59.0	14.9	33.2	90.7	116.3	NA	NA	NA
ENSDART00000109304	C23H20orf24	293	63.3	50.7	17.2	28.9	89.3	130.5	65.54	99.19	0.597819007433
ENSDART00000109305	tbc1d12b	3	82.8	72.8	NA	NA	NA	NA	NA	NA	NA
ENSDART00000057605	adka	58	74.9	79.0	24.9	54.6	98.6	109.9	NA	NA	NA
ENSDART00000057601	snrpb2	1057	61.4	53.3	16.5	30.3	84.0	117.2	598.55	689.94	0.204999136657
ENSDART00000018091	mroh1	16	51.4	56.1	26.0	30.3	67.8	77.0	2.36	3.15	0.416564969025
ENSDART00000058111	grin3b	2	70.8	70.8	NA	NA	NA	NA	NA	NA	NA
ENSDART00000074895	irx3a	22	61.6	49.8	12.3	22.7	87.4	127.8	NA	NA	NA
ENSDART00000018095	SH3GLB1	178	44.4	28.8	10.5	16.6	57.3	104.6	19.5	47.75	1.29202660917
ENSDART00000113546	BX855614.1	19	55.6	41.9	20.3	24.9	67.5	102.2	NA	NA	NA
ENSDART00000003947	flot2a	120	121.2	124.5	68.5	101.4	152.2	166.5	NA	NA	NA
ENSDART00000133168	atxn2l	241	49.1	36.9	9.1	19.5	68.6	111.0	35.56	137.75	1.95372508952
ENSDART00000027316	cnot3b	54	50.5	34.5	10.7	26.5	72.1	109.0	14.95	17.74	0.246860525216
ENSDART00000074256	ppp1r12c	15	49.9	28.1	5.7	13.2	59.0	139.0	NA	NA	NA
ENSDART00000143240	inpp5e	16	52.8	29.3	14.0	21.6	74.6	121.8	NA	NA	NA
ENSDART00000027313	ndufv2	108	62.0	50.8	15.4	31.7	80.0	125.9	NA	NA	NA
ENSDART00000074703	zgc:113098	1	31.0	31.0	NA	NA	NA	NA	NA	NA	NA
ENSDART00000133165	jam2a	81	44.3	33.3	15.3	22.1	49.0	75.7	NA	NA	NA
ENSDART00000128341	AKAP12	1	25.8	25.8	NA	NA	NA	NA	NA	NA	NA
ENSDART00000044154	tnnt2c	1	83.1	83.1	NA	NA	NA	NA	NA	NA	NA
ENSDART00000062229	p2rx7	11	49.3	35.8	12.8	21.5	58.3	100.7	NA	NA	NA
ENSDART00000059601	CR848836.1	2	66.4	66.4	NA	NA	NA	NA	NA	NA	NA
ENSDART00000005373	spo11	9	27.9	28.9	NA	NA	NA	NA	NA	NA	NA
ENSDART00000062220	gstt1a	22	33.1	29.2	11.1	16.8	44.3	58.5	NA	NA	NA
ENSDART00000050217	efna1a	24	49.7	21.2	0.8	4.2	67.6	149.0	NA	NA	NA
ENSDART00000053129	snrpf	445	91.2	90.6	36.5	61.6	119.8	141.0	402.73	353.25	-0.189123384382
ENSDART00000104613	pex6	8	37.5	15.5	NA	NA	NA	NA	NA	NA	NA
ENSDART00000132365	b3gnt5a	315	47.2	31.6	10.9	17.8	59.5	111.9	NA	NA	NA
ENSDART00000141704	si:rp71-45k5.2	17	11.5	11.7	3.3	6.7	16.7	18.8	NA	NA	NA
ENSDART00000056951	dcp2	82	71.9	62.5	27.4	40.7	96.3	135.6	NA	NA	NA
ENSDART00000053125	sema3e	8	31.0	32.1	NA	NA	NA	NA	NA	NA	NA
ENSDART00000053126	aanat1	2	34.1	34.1	NA	NA	NA	NA	NA	NA	NA
ENSDART00000083656	atxn2	12	24.3	28.0	6.8	13.1	31.7	35.8	NA	NA	NA
ENSDART00000102620	six7	13	45.2	20.5	3.4	18.7	68.2	91.0	NA	NA	NA
ENSDART00000053482	tsen54	53	45.7	30.2	11.3	17.1	58.8	84.1	NA	NA	NA
ENSDART00000102629	nit1	7	26.2	12.1	NA	NA	NA	NA	NA	NA	NA
ENSDART00000083659	ABCC1	10	36.4	30.7	15.5	23.1	38.1	49.0	NA	NA	NA
ENSDART00000129509	emc8	130	36.7	24.6	9.0	13.6	42.9	88.6	23.18	58.83	1.34367146991
ENSDART00000129058	rheb	16	14.2	12.9	7.5	8.3	18.7	20.8	NA	NA	NA
ENSDART00000126739	tspan5a	2	32.1	32.1	NA	NA	NA	NA	NA	NA	NA
ENSDART00000054552	CDH8	5	16.2	20.8	NA	NA	NA	NA	NA	NA	NA
ENSDART00000048322	ftr67	62	47.9	26.9	11.6	16.6	71.2	126.3	13.3	30.79	1.21103562166
ENSDART00000057073	zgc:123010	40	44.8	34.3	8.5	18.5	58.3	88.5	NA	NA	NA
ENSDART00000126524	tbc1d23	72	54.9	30.4	9.5	16.1	90.7	136.6	9.75	19.66	1.0117891977
ENSDART00000113157	hemk1	5	26.7	13.1	NA	NA	NA	NA	NA	NA	NA
ENSDART00000140998	tceb2	22	55.1	59.5	15.7	27.6	69.4	96.7	14.87	6.98	-1.09110570584
ENSDART00000066101	neurl1b	14	52.1	23.9	9.9	14.7	69.5	107.1	NA	NA	NA
ENSDART00000066107	bcap31	100	40.7	38.7	14.9	25.2	52.3	72.5	18.42	32.06	0.799501364063
ENSDART00000092435	mgat4a	20	24.8	24.0	6.7	12.9	32.0	50.8	NA	NA	NA
ENSDART00000147975	rad54l2	115	57.5	38.7	6.3	18.2	93.3	147.6	11.79	24.67	1.06519399732
ENSDART00000077631	rab18a	64	68.6	52.9	13.7	28.6	108.2	141.3	NA	NA	NA
ENSDART00000002166	ccna1	430	21.6	14.8	5.0	9.2	24.7	46.1	72.01	45.96	-0.647818468969
ENSDART00000020048	gsna	5	20.4	24.3	NA	NA	NA	NA	NA	NA	NA
ENSDART00000002164	unc45b	16	118.6	115.8	86.5	101.2	140.9	154.0	NA	NA	NA
ENSDART00000121743	CU571169.5	37	50.2	25.7	9.9	17.4	53.2	141.6	13.12	4.75	-1.4657683014
ENSDART00000024207	tbx2a	1	6.8	6.8	NA	NA	NA	NA	NA	NA	NA
ENSDART00000024206	celf3b	3	24.4	13.9	NA	NA	NA	NA	NA	NA	NA
ENSDART00000024750	hmgb3b	481	56.6	53.9	19.3	34.5	74.5	93.0	152.4	590.16	1.95324323794
ENSDART00000142846	cux2b	2	37.5	37.5	NA	NA	NA	NA	NA	NA	NA
ENSDART00000076596	spata17	1	96.9	96.9	NA	NA	NA	NA	NA	NA	NA
ENSDART00000009172	ttyh2	7	15.4	15.3	NA	NA	NA	NA	NA	NA	NA
ENSDART00000006840	dnm1l	13	38.0	26.6	13.9	20.4	36.0	92.6	NA	NA	NA
ENSDART00000006843	cacng1	1	62.1	62.1	NA	NA	NA	NA	NA	NA	NA
ENSDART00000009178	impdh2	74	46.4	30.0	11.0	18.4	53.5	130.5	15.23	38.33	1.33155805631
ENSDART00000129325	EXT1	4	17.2	18.6	NA	NA	NA	NA	NA	NA	NA
ENSDART00000143424	zgc:100832	37	84.4	80.7	36.4	44.8	103.7	128.3	NA	NA	NA
ENSDART00000113423	bin3	131	61.5	57.7	14.8	29.6	83.5	110.6	NA	NA	NA
ENSDART00000126889	CCNA2	1269	45.4	34.2	9.6	18.5	62.3	99.5	512.63	875.75	0.772601172902
ENSDART00000082163	FP102888.1	6	26.6	27.4	NA	NA	NA	NA	NA	NA	NA
ENSDART00000145316	gstm3	1	80.0	80.0	NA	NA	NA	NA	NA	NA	NA
ENSDART00000106672	arl9	85	49.2	38.3	19.0	31.7	58.7	78.1	16.32	35.77	1.13210906102
ENSDART00000028694	gnsa	8	25.0	17.5	NA	NA	NA	NA	NA	NA	NA
ENSDART00000114710	arhgef1a	8	124.7	137.2	NA	NA	NA	NA	NA	NA	NA
ENSDART00000130142	ube2w	31	93.2	66.2	12.2	20.6	149.2	203.2	NA	NA	NA
ENSDART00000055978	PARL	44	48.4	35.9	16.3	23.2	61.9	91.3	20.89	17.06	-0.292194845749
ENSDART00000087080	BX649282.1	20	64.3	53.6	9.9	40.6	98.4	127.5	NA	NA	NA
ENSDART00000079506	tfip11	114	64.1	57.7	7.6	25.3	91.7	130.4	17.66	19.85	0.168653664382
ENSDART00000076636	fzd2	30	56.8	44.0	11.0	26.7	76.2	128.2	NA	NA	NA
ENSDART00000079502	dbr1	173	23.9	19.0	4.4	9.4	29.3	49.2	40.06	67.57	0.754220433969
ENSDART00000052656	rras2	22	53.3	48.9	5.2	34.6	64.1	82.5	NA	NA	NA
ENSDART00000098599	si:ch211-151h10.2	32	59.5	25.7	8.1	9.6	111.5	140.9	NA	NA	NA
ENSDART00000053924	IRS2	5	40.8	19.0	NA	NA	NA	NA	NA	NA	NA
ENSDART00000015956	efna1b	60	70.0	48.4	12.1	17.5	107.9	165.6	NA	NA	NA
ENSDART00000098590	cyb561a3a	15	53.5	25.8	10.3	13.7	78.6	127.3	NA	NA	NA
ENSDART00000101269	epb41l5	198	32.1	28.8	14.2	20.1	40.5	50.4	8.98	72.41	3.01140160074
ENSDART00000062957	paip1	26	51.1	36.4	7.0	14.9	68.9	130.4	NA	NA	NA
ENSDART00000128229	CR524823.3	1	17.5	17.5	NA	NA	NA	NA	NA	NA	NA
ENSDART00000053847	rad51b	20	25.7	19.9	1.2	10.8	36.0	54.2	NA	NA	NA
ENSDART00000023463	uap1l1	10	30.2	32.1	14.0	16.6	39.1	49.5	NA	NA	NA
ENSDART00000112478	MYO9B	1	32.6	32.6	NA	NA	NA	NA	4.4	3.11	-0.500588943394
ENSDART00000128907	ACTN4	234	59.0	52.2	23.6	36.6	77.5	99.7	NA	NA	NA
ENSDART00000128670	dusp1	269	54.8	35.7	5.8	11.9	91.2	138.9	17.74	96.42	2.4423264201
ENSDART00000128672	CABZ01012857.1	3	17.5	8.3	NA	NA	NA	NA	NA	NA	NA
ENSDART00000128902	PROSER1	51	58.9	38.6	12.0	20.8	87.1	145.4	NA	NA	NA
ENSDART00000128677	mapk8b	44	70.0	59.2	19.2	23.9	89.5	153.1	NA	NA	NA
ENSDART00000128676	NCR3LG1	1	16.2	16.2	NA	NA	NA	NA	NA	NA	NA
ENSDART00000109282	swi5	54	37.9	29.7	17.1	21.3	45.2	73.0	NA	NA	NA
ENSDART00000063578	srd5a3	2	18.7	18.7	NA	NA	NA	NA	NA	NA	NA
ENSDART00000109284	ap4e1	21	31.7	17.5	6.6	13.3	24.5	94.9	NA	NA	NA
ENSDART00000025256	igfbp2b	10	41.0	31.9	16.7	19.7	59.9	72.1	NA	NA	NA
ENSDART00000067057	alkbh3	29	67.0	61.7	12.2	18.3	102.7	149.9	NA	NA	NA
ENSDART00000063575	si:dkeyp-53d3.6	5	25.1	29.3	NA	NA	NA	NA	NA	NA	NA
ENSDART00000063570	polm	1390	50.2	33.2	8.9	16.1	72.8	118.7	234.21	229.21	-0.0311326879763
ENSDART00000063571	zgc:112958	3	18.7	-6.1	NA	NA	NA	NA	NA	NA	NA
ENSDART00000063572	gtf3c6	42	60.3	37.6	13.6	18.7	100.1	132.7	22.68	22.64	-0.00254668211035
ENSDART00000151226	zgc:136851	33	55.9	49.5	10.0	18.2	74.2	103.8	NA	NA	NA
ENSDART00000151502	si:ch1073-127d16.1	1	21.2	21.2	NA	NA	NA	NA	NA	NA	NA
ENSDART00000130286	CR762484.3	23	74.6	79.3	18.4	35.3	99.8	136.2	NA	NA	NA
ENSDART00000025153	gata3	214	45.1	30.6	8.1	14.1	68.0	102.7	NA	NA	NA
ENSDART00000052474	tipin	175	42.4	26.0	8.6	13.6	53.7	103.6	22.7	70.44	1.63370261165
ENSDART00000091169	abcb7	58	45.8	39.6	14.6	21.2	54.6	92.4	7.3	16.29	1.15801823476
ENSDART00000019910	dlx1a	1	3.6	3.6	NA	NA	NA	NA	NA	NA	NA
ENSDART00000043239	glulc	4	84.8	54.9	NA	NA	NA	NA	NA	NA	NA
ENSDART00000114096	arrdc1b	26	61.4	54.3	10.4	19.2	100.2	115.8	NA	NA	NA
ENSDART00000052385	tph1b	24	87.7	59.0	24.9	37.5	106.3	205.9	NA	NA	NA
ENSDART00000083898	ppap2b	24	68.4	63.4	13.5	19.5	107.8	143.7	NA	NA	NA
ENSDART00000012747	slain1a	5	34.6	19.3	NA	NA	NA	NA	NA	NA	NA
ENSDART00000148660	arntl1a	14	74.3	73.6	16.6	34.4	113.9	131.3	NA	NA	NA
ENSDART00000086576	DNER	2	28.6	28.6	NA	NA	NA	NA	NA	NA	NA
ENSDART00000058066	CPXM1	2	90.5	90.5	NA	NA	NA	NA	NA	NA	NA
ENSDART00000137646	odam	2	63.4	63.4	NA	NA	NA	NA	NA	NA	NA
ENSDART00000112918	fbxo11a	9	100.5	125.0	NA	NA	NA	NA	10.93	32.65	1.57878959076
ENSDART00000149311	gpr63	52	41.4	26.7	10.7	18.8	41.9	99.1	10.29	2.27	-2.1804787796
ENSDART00000153168	slc16a5	1	82.4	82.4	NA	NA	NA	NA	NA	NA	NA
ENSDART00000062459	rbm19	47	80.3	77.5	30.7	38.9	108.9	140.3	28.44	33.61	0.240969077689
ENSDART00000129329	rpain	1	-3.3	-3.3	NA	NA	NA	NA	NA	NA	NA
ENSDART00000049147	rbm48	9	52.8	40.2	NA	NA	NA	NA	10.73	7.17	-0.581605052055
ENSDART00000004288	ift81	11	70.5	61.1	30.3	38.6	103.5	125.1	NA	NA	NA
ENSDART00000127982	SUOX	5	82.1	67.8	NA	NA	NA	NA	NA	NA	NA
ENSDART00000128012	wu:fb12e11	30	23.8	21.7	6.6	12.6	35.7	42.4	NA	NA	NA
ENSDART00000080351	dhx57	10	32.7	14.4	12.0	13.0	58.2	67.9	NA	NA	NA
ENSDART00000099754	CCDC97	47	83.6	65.0	14.1	27.2	138.5	179.7	NA	NA	NA
ENSDART00000085956	RPRD1A	128	60.3	48.5	18.4	27.2	85.7	120.1	NA	NA	NA
ENSDART00000109131	slc25a1b	1	140.5	140.5	NA	NA	NA	NA	NA	NA	NA
ENSDART00000109130	RECQL4	10	23.9	20.3	9.7	11.7	26.1	51.4	4.69	1.79	-1.38962833525
ENSDART00000109137	TBC1D4	25	55.9	32.8	11.2	15.9	71.1	160.7	NA	NA	NA
ENSDART00000021317	ctr9	126	72.5	63.7	25.5	36.0	99.1	141.7	27.8	63.96	1.20208505587
ENSDART00000045697	zgc:56493	488	50.7	41.2	18.2	26.3	61.8	99.3	296.53	559.57	0.916140548047
ENSDART00000109134	plekhm2	26	50.7	23.6	11.4	18.1	55.0	158.5	NA	NA	NA
ENSDART00000145868	pold2	14	51.6	47.6	9.8	22.3	78.4	99.4	8.28	5.0	-0.727702672837
ENSDART00000088513	gnl1	17	42.4	28.7	17.0	23.4	51.4	76.9	NA	NA	NA
ENSDART00000145864	psd3l	1	143.8	143.8	NA	NA	NA	NA	NA	NA	NA
ENSDART00000145867	znf451	27	57.7	39.5	5.4	15.3	74.1	125.9	6.1	3.49	-0.805582206241
ENSDART00000111784	rin1a	2	44.5	44.5	NA	NA	NA	NA	NA	NA	NA
ENSDART00000148669	GLTPD2	6	46.8	45.0	NA	NA	NA	NA	NA	NA	NA
ENSDART00000128550	palb2	17	58.4	39.9	11.5	24.4	67.2	136.8	3.11	2.46	-0.338256264791
ENSDART00000114326	si:dkey-228b2.5	36	62.6	44.1	16.9	25.6	105.9	128.6	NA	NA	NA
ENSDART00000114327	wu:fe11b02	4	114.9	63.7	NA	NA	NA	NA	NA	NA	NA
ENSDART00000048107	ltbp3	4	141.0	173.9	NA	NA	NA	NA	NA	NA	NA
ENSDART00000140695	cdca7a	2052	58.7	45.3	12.2	22.8	82.3	125.5	133.32	503.55	1.9172418152
ENSDART00000152976	lin9	3	103.9	128.4	NA	NA	NA	NA	NA	NA	NA
ENSDART00000023806	zgc:110319	87	34.8	24.5	7.4	13.7	40.7	79.7	14.33	42.26	1.56025415767
ENSDART00000114328	wdr11	7	15.1	15.2	NA	NA	NA	NA	NA	NA	NA
ENSDART00000089108	fndc3ba	4	21.7	22.9	NA	NA	NA	NA	NA	NA	NA
ENSDART00000067709	SLC27A6	12	97.6	101.8	12.4	41.2	148.9	163.8	NA	NA	NA
ENSDART00000007392	arl5a	24	69.4	49.2	18.1	25.6	108.4	148.3	21.09	11.84	-0.832890014165
ENSDART00000007827	spra	5	59.5	60.7	NA	NA	NA	NA	NA	NA	NA
ENSDART00000031304	derl1	200	56.8	46.0	15.9	27.1	77.7	117.0	20.46	89.37	2.12698447923
ENSDART00000060880	ppih	281	50.0	46.5	19.7	30.1	65.2	81.7	72.78	168.7	1.21284601733
ENSDART00000007398	gcat	173	32.0	29.6	12.7	19.4	41.6	54.7	25.87	56.31	1.12211109687
ENSDART00000140926	zmym4	57	37.0	15.6	5.8	10.2	27.4	86.8	12.39	22.51	0.861389869314
ENSDART00000144195	casp8ap2	65	52.9	36.6	8.7	19.2	67.7	120.1	12.53	18.12	0.532196540724
ENSDART00000006669	SCML2	88	57.5	42.0	7.3	11.4	86.8	143.1	NA	NA	NA
ENSDART00000141345	si:ch211-133l5.7	1	7.7	7.7	NA	NA	NA	NA	NA	NA	NA
ENSDART00000030213	mapk1	32	27.5	25.3	10.7	15.6	36.8	48.1	NA	NA	NA
ENSDART00000141349	gpat2	81	41.7	36.2	10.3	22.6	60.2	72.0	6.73	38.12	2.5018697093
ENSDART00000029719	si:ch211-114c12.2	294	76.0	65.9	18.7	36.9	99.1	145.0	35.97	144.25	2.00370525428
ENSDART00000008421	spata6l	85	63.1	57.8	20.2	33.5	86.9	115.9	NA	NA	NA
ENSDART00000039485	gabarapl2	33	29.3	19.7	4.3	6.3	35.3	61.5	NA	NA	NA
ENSDART00000063320	cldne	1425	46.4	36.4	8.1	17.8	64.2	101.2	NA	NA	NA
ENSDART00000103898	srd5a1	2	10.1	10.1	NA	NA	NA	NA	NA	NA	NA
ENSDART00000062666	il15l	7	18.0	17.2	NA	NA	NA	NA	NA	NA	NA
ENSDART00000081513	col4a2	5	38.4	23.3	NA	NA	NA	NA	NA	NA	NA
ENSDART00000111367	si:dkey-56e3.3	48	36.6	24.3	8.6	13.2	42.0	82.1	13.15	25.51	0.956000099423
ENSDART00000000552	ofd1	9	26.0	25.1	NA	NA	NA	NA	7.9	1.09	-2.85752451829
ENSDART00000126348	BX601644.1	1	7.6	7.6	NA	NA	NA	NA	NA	NA	NA
ENSDART00000122507	dckl1b	4	101.6	92.3	NA	NA	NA	NA	NA	NA	NA
ENSDART00000047461	mfsd2ab	110	57.1	48.1	7.2	15.8	90.0	123.5	NA	NA	NA
ENSDART00000124955	ezrb	63	27.4	24.5	8.2	15.4	36.5	44.4	14.15	9.34	-0.59930759801
ENSDART00000121704	sirt5	28	33.1	30.8	5.8	14.5	42.6	64.5	NA	NA	NA
ENSDART00000124957	ankzf1	30	69.1	57.6	19.1	27.8	91.8	121.1	15.52	5.01	-1.63124604899
ENSDART00000134717	tspan18a	6	67.7	42.8	NA	NA	NA	NA	NA	NA	NA
ENSDART00000122273	FP085386.1	48	51.1	38.4	12.4	19.3	78.0	104.7	NA	NA	NA
ENSDART00000081338	slc9a5	2	88.1	88.1	NA	NA	NA	NA	NA	NA	NA
ENSDART00000125552	adprh	5	21.6	25.9	NA	NA	NA	NA	NA	NA	NA
ENSDART00000081515	zgc:113385	9	76.1	63.5	NA	NA	NA	NA	NA	NA	NA
ENSDART00000056388	CU896602.1	1	26.2	26.2	NA	NA	NA	NA	NA	NA	NA
ENSDART00000144732	LRRC8A	12	67.3	61.3	19.9	23.6	82.7	126.4	NA	NA	NA
ENSDART00000131957	crfb2	2	78.2	78.2	NA	NA	NA	NA	NA	NA	NA
ENSDART00000136274	si:ch211-146l10.7	113	41.3	40.7	22.4	30.8	52.2	61.6	11.2	4.54	-1.30273452965
ENSDART00000018792	spag7	388	59.9	52.3	13.9	27.7	79.9	112.4	64.55	201.57	1.64279193546
ENSDART00000080829	hspa14	202	65.1	55.2	18.1	34.9	89.6	122.6	34.55	95.24	1.46288190999
ENSDART00000074468	zgc:163083	2	62.6	62.6	NA	NA	NA	NA	NA	NA	NA
ENSDART00000006417	pgm1	27	21.5	19.8	7.5	14.6	24.7	38.6	NA	NA	NA
ENSDART00000044270	ttc21b	15	105.4	106.6	14.5	72.4	139.1	182.7	7.07	10.5	0.570607207744
ENSDART00000121859	fa2h	379	68.0	61.7	20.0	32.7	92.1	123.0	NA	NA	NA
ENSDART00000019269	lnpep	20	40.4	27.1	16.5	17.9	48.8	100.9	NA	NA	NA
ENSDART00000146595	zgc:193742	12	65.6	68.0	29.2	49.6	77.1	102.1	NA	NA	NA
ENSDART00000011076	cers5	46	65.0	42.4	9.7	24.3	94.4	140.0	NA	NA	NA
ENSDART00000019267	kcnj1b	9	52.6	44.4	NA	NA	NA	NA	NA	NA	NA
ENSDART00000147426	pdrg1	24	40.0	32.6	15.6	26.9	57.4	60.1	NA	NA	NA
ENSDART00000073648	kxd1	57	28.0	17.3	6.6	11.1	30.2	76.0	NA	NA	NA
ENSDART00000061135	gopc	67	62.1	45.7	12.0	19.3	102.1	137.0	11.69	20.37	0.801171050434
ENSDART00000147423	gpx4a	51	75.6	57.8	22.0	35.9	111.3	143.3	NA	NA	NA
ENSDART00000105427	mif	33	38.9	27.9	11.5	16.1	50.3	99.6	NA	NA	NA
ENSDART00000065104	TMEM185B	24	63.9	32.7	7.3	10.4	102.6	150.7	NA	NA	NA
ENSDART00000031127	snx4	32	51.1	32.4	17.0	26.6	49.3	114.8	NA	NA	NA
ENSDART00000121592	acvr2b	45	41.5	26.6	6.1	17.0	56.8	84.7	15.17	26.0	0.777290537669
ENSDART00000028003	ankrd22	10	33.6	19.2	5.4	14.3	31.5	65.0	NA	NA	NA
ENSDART00000019957	ddx39ab	2275	69.9	68.7	26.2	45.5	90.8	114.2	623.9	1605.09	1.36326747932
ENSDART00000007531	slit2	1	47.8	47.8	NA	NA	NA	NA	NA	NA	NA
ENSDART00000018514	dlc	89	89.3	88.6	20.8	33.1	127.1	179.0	NA	NA	NA
ENSDART00000028007	supt6h	245	85.9	79.7	32.8	49.4	116.3	148.3	39.12	106.41	1.4436554607
ENSDART00000034849	grin1b	1	48.3	48.3	NA	NA	NA	NA	NA	NA	NA
ENSDART00000053509	plagx	99	70.5	51.2	11.1	20.4	102.4	152.8	NA	NA	NA
ENSDART00000081990	STRIP2	3	12.2	8.1	NA	NA	NA	NA	NA	NA	NA
ENSDART00000103144	dctn2	71	50.5	32.5	11.5	19.8	59.8	129.5	NA	NA	NA
ENSDART00000099960	si:ch211-261n11.7	1	133.7	133.7	NA	NA	NA	NA	NA	NA	NA
ENSDART00000020861	pdk1	37	50.7	24.5	11.4	14.5	44.6	138.6	NA	NA	NA
ENSDART00000067489	si:ch211-51e12.7	1345	65.4	57.2	22.5	37.8	83.4	119.6	79.72	334.65	2.06963939901
ENSDART00000133156	hnrpkl	34	96.5	88.2	29.5	55.5	124.1	161.2	NA	NA	NA
ENSDART00000011534	ipo9	112	53.7	42.3	9.7	19.8	76.3	116.0	14.15	56.02	1.98513993036
ENSDART00000082467	ptrfb	1	25.0	25.0	NA	NA	NA	NA	NA	NA	NA
ENSDART00000082464	NHSL2	1	29.4	29.4	NA	NA	NA	NA	NA	NA	NA
ENSDART00000132052	pnkp	97	57.4	32.4	15.0	20.1	83.2	147.5	18.97	36.76	0.954417087878
ENSDART00000065365	tpst1l	11	23.7	22.6	8.7	15.3	26.1	35.1	NA	NA	NA
ENSDART00000114168	itga6a	1	259.6	259.6	NA	NA	NA	NA	NA	NA	NA
ENSDART00000077386	PRSS16	58	49.0	47.9	20.1	29.6	67.7	76.8	7.54	14.68	0.961215539575
ENSDART00000043492	trappc6bl	56	20.9	19.0	7.1	11.1	26.7	36.8	NA	NA	NA
ENSDART00000149969	znf367	125	38.3	22.5	5.9	11.4	40.0	116.9	NA	NA	NA
ENSDART00000110951	megf8	42	80.3	69.5	8.5	28.4	135.9	172.3	2.54	1.61	-0.657767808658
ENSDART00000075070	hsf2	203	55.5	43.0	16.3	27.5	77.8	110.9	33.42	86.0	1.36362492642
ENSDART00000102363	rcn1	51	90.5	89.9	26.5	43.9	124.2	152.1	NA	NA	NA
ENSDART00000093068	zgc:112425	3985	93.9	91.8	43.0	65.9	118.6	145.5	973.59	2248.67	1.20768570129
ENSDART00000015777	abce1	444	59.2	50.8	13.2	28.6	82.4	125.5	56.14	151.58	1.43297844283
ENSDART00000045056	lrrc42	16	72.1	21.2	12.3	15.7	105.5	185.6	NA	NA	NA
ENSDART00000092138	ubap2l	93	79.4	74.4	8.2	31.6	125.2	151.1	16.37	30.05	0.876310669124
ENSDART00000043496	zgc:172121	2	130.9	130.9	NA	NA	NA	NA	NA	NA	NA
ENSDART00000013217	snrpd1	1133	87.2	81.0	35.1	52.8	117.3	147.8	770.6	677.08	-0.186655881319
ENSDART00000074281	C6H22orf23	1	11.0	11.0	NA	NA	NA	NA	NA	NA	NA
ENSDART00000074284	spred2a	46	67.9	37.4	11.3	21.8	118.9	162.6	NA	NA	NA
ENSDART00000074285	syngr2a	24	38.9	33.6	4.8	17.4	50.3	61.6	NA	NA	NA
ENSDART00000112652	slc46a3	4	25.2	14.6	NA	NA	NA	NA	NA	NA	NA
ENSDART00000136898	lpp	22	38.9	41.0	13.7	28.6	50.7	63.8	NA	NA	NA
ENSDART00000077381	nxf1	181	92.6	84.9	14.7	33.2	132.5	180.2	21.9	65.12	1.57216982978
ENSDART00000104110	slc25a18	2	12.2	12.2	NA	NA	NA	NA	NA	NA	NA
ENSDART00000142474	phc2a	157	59.3	36.7	11.6	19.1	83.3	147.2	5.18	14.31	1.46599966904
ENSDART00000055129	polr3k	46	36.5	27.6	11.2	18.4	45.3	88.1	NA	NA	NA
ENSDART00000041992	dhrs12	28	40.1	25.6	14.0	20.9	45.7	96.0	NA	NA	NA
ENSDART00000093289	xrcc6bp1	36	44.2	37.0	9.5	14.0	65.5	97.3	NA	NA	NA
ENSDART00000067004	phpt1	148	45.6	33.4	11.6	20.1	57.1	97.9	NA	NA	NA
ENSDART00000102027	kpna5	118	68.8	57.1	14.8	24.8	107.7	144.2	NA	NA	NA
ENSDART00000051818	utp6	99	64.7	43.1	11.2	19.8	92.4	159.3	54.41	79.02	0.538346017918
ENSDART00000043843	siah1	157	66.8	58.5	10.1	21.4	93.2	138.4	NA	NA	NA
ENSDART00000109459	SMG9	31	59.7	58.4	19.1	23.1	79.5	99.1	NA	NA	NA
ENSDART00000083229	mblac2	3	14.0	16.1	NA	NA	NA	NA	NA	NA	NA
ENSDART00000109455	TDRD12	6	25.4	22.7	NA	NA	NA	NA	2.76	4.69	0.764919655737
ENSDART00000035538	ptp4a3	85	32.8	26.9	9.6	14.4	47.1	61.0	NA	NA	NA
ENSDART00000109450	fam171a1	92	32.7	21.5	5.5	12.6	36.5	82.4	5.22	6.56	0.329646008048
ENSDART00000102857	sst3	4	151.3	124.6	NA	NA	NA	NA	NA	NA	NA
ENSDART00000134531	eif3bb	1	9.9	9.9	NA	NA	NA	NA	NA	NA	NA
ENSDART00000130338	pou6f1	7	41.5	24.8	NA	NA	NA	NA	NA	NA	NA
ENSDART00000135128	bag6l	85	18.9	12.3	3.0	6.1	25.8	41.2	8.37	17.4	1.05578777819
ENSDART00000135124	acbd5a	8	61.7	42.3	NA	NA	NA	NA	NA	NA	NA
ENSDART00000092884	lrrc58b	27	26.3	17.7	7.6	13.2	38.0	54.1	NA	NA	NA
ENSDART00000063052	hook1	6	21.6	12.5	NA	NA	NA	NA	NA	NA	NA
ENSDART00000151882	si:ch211-66k16.27	48	73.4	56.3	20.0	27.3	101.4	144.9	NA	NA	NA
ENSDART00000097615	mob1ba	174	64.7	55.7	15.0	26.8	97.7	130.3	NA	NA	NA
ENSDART00000132799	WNK3	36	42.9	23.3	10.6	15.8	39.7	112.8	5.73	4.09	-0.486434295815
ENSDART00000097429	BX470189.1	15	25.8	25.3	10.3	12.2	30.9	42.1	NA	NA	NA
ENSDART00000035531	C3H16orf13	19	38.3	25.9	7.7	16.3	37.8	80.7	NA	NA	NA
ENSDART00000065817	pou5f3	3765	58.5	50.0	11.4	23.4	85.0	119.4	243.19	1837.0	2.91719581512
ENSDART00000141906	trpa1a	1	38.8	38.8	NA	NA	NA	NA	NA	NA	NA
ENSDART00000037904	socs3b	7	76.0	38.0	NA	NA	NA	NA	NA	NA	NA
ENSDART00000023255	btd	2	82.8	82.8	NA	NA	NA	NA	NA	NA	NA
ENSDART00000112147	sp8b	11	44.3	19.5	-8.1	5.5	43.5	162.4	NA	NA	NA
ENSDART00000101431	AKAP2	3	107.6	79.7	NA	NA	NA	NA	NA	NA	NA
ENSDART00000098038	dscamb	7	54.7	43.4	NA	NA	NA	NA	NA	NA	NA
ENSDART00000001376	arl14ep	170	58.1	50.7	11.8	27.7	79.6	113.8	72.58	94.4	0.37921480277
ENSDART00000037906	hirip3	89	95.7	92.7	17.0	33.5	145.4	179.1	61.4	21.48	-1.51524466227
ENSDART00000023784	pdha1a	204	44.1	33.8	13.9	20.5	54.0	94.1	17.95	59.6	1.73132848664
ENSDART00000032212	fynrk	16	70.8	82.6	11.9	37.9	105.9	118.8	NA	NA	NA
ENSDART00000049793	gstm	142	33.4	24.4	6.1	12.2	41.5	62.4	20.1	13.08	-0.619832960568
ENSDART00000125364	rufy3	14	29.5	22.6	9.2	11.1	27.3	73.1	8.85	1.89	-2.22729122075
ENSDART00000128246	polr1c	93	84.1	74.1	16.5	33.3	115.2	161.4	18.71	36.77	0.974719617963
ENSDART00000102858	nucks1a	1417	109.8	113.0	58.6	90.5	132.7	151.9	385.18	1535.57	1.99516957998
ENSDART00000073640	plag1	2	34.4	34.4	NA	NA	NA	NA	NA	NA	NA
ENSDART00000088686	CR847986.1	1	19.9	19.9	NA	NA	NA	NA	NA	NA	NA
ENSDART00000109634	si:ch1073-291c23.2	1	43.5	43.5	NA	NA	NA	NA	NA	NA	NA
ENSDART00000058491	ppt1	87	44.0	35.2	14.5	23.5	51.1	78.9	44.29	63.12	0.511116208128
ENSDART00000045894	rnaseh2a	130	40.7	32.3	13.9	21.7	48.5	88.9	28.86	49.8	0.787074442464
ENSDART00000133471	msrb1a	99	70.9	70.2	31.4	43.8	89.6	110.9	NA	NA	NA
ENSDART00000058496	phc1	122	55.7	38.1	12.6	20.1	82.0	133.0	9.17	37.24	2.02185943396
ENSDART00000048843	supt4h1	85	75.3	71.3	23.8	49.9	106.0	128.9	279.41	320.56	0.198210759588
ENSDART00000005258	fam184a	1	60.1	60.1	NA	NA	NA	NA	NA	NA	NA
ENSDART00000092082	manf	62	36.3	23.4	10.2	15.1	34.9	88.9	NA	NA	NA
ENSDART00000142455	sdccag3	7	39.0	37.1	NA	NA	NA	NA	NA	NA	NA
ENSDART00000142454	si:dkey-121a11.3	2	135.7	135.7	NA	NA	NA	NA	NA	NA	NA
ENSDART00000142457	stau2	62	53.6	50.1	22.4	39.4	65.0	83.8	43.28	71.07	0.715540200135
ENSDART00000142104	si:ch211-198c19.2	1	10.3	10.3	NA	NA	NA	NA	NA	NA	NA
ENSDART00000142450	zgc:153219	3	69.8	30.4	NA	NA	NA	NA	NA	NA	NA
ENSDART00000112495	C5H8orf4	10	44.9	22.3	5.1	11.3	78.4	108.4	NA	NA	NA
ENSDART00000112490	FNIP2	33	47.9	33.6	15.5	21.4	72.4	112.5	3.17	5.51	0.797569478432
ENSDART00000052422	mtx1b	13	26.3	30.4	8.7	19.5	35.5	38.9	NA	NA	NA
ENSDART00000131319	ctps1a	95	69.5	56.5	19.9	32.2	96.2	140.0	92.3	179.06	0.956040538406
ENSDART00000144859	pus1	41	38.9	30.0	9.3	18.0	51.4	80.3	22.68	21.35	-0.0871845704344
ENSDART00000143652	zgc:63972	2	77.1	77.1	NA	NA	NA	NA	NA	NA	NA
ENSDART00000127638	AMPD2	6	87.6	52.3	NA	NA	NA	NA	NA	NA	NA
ENSDART00000144856	LENG9	6	22.1	21.1	NA	NA	NA	NA	NA	NA	NA
ENSDART00000144855	tpd52l2a	46	65.3	54.1	22.9	27.8	81.5	122.7	NA	NA	NA
ENSDART00000046648	clptm1	153	61.3	52.1	17.7	28.6	84.5	126.7	11.57	56.72	2.29346866813
ENSDART00000131310	si:dkey-93n13.2	17	44.2	35.4	8.4	22.3	58.5	79.1	NA	NA	NA
ENSDART00000077734	C3H16orf72	136	43.1	24.9	6.4	12.5	61.8	106.8	29.74	48.49	0.705282606344
ENSDART00000008638	rgma	38	57.0	59.1	10.8	15.0	84.3	125.6	NA	NA	NA
ENSDART00000045881	dicer1	23	63.1	28.8	11.1	14.4	100.3	166.1	2.37	2.62	0.144679752639
ENSDART00000061713	nudt3a	21	87.4	90.1	17.4	56.7	105.2	173.1	NA	NA	NA
ENSDART00000003621	sinup	3	66.7	32.9	NA	NA	NA	NA	NA	NA	NA
ENSDART00000091570	fam69a	11	19.1	18.2	2.3	11.5	24.5	33.2	NA	NA	NA
ENSDART00000126941	CABZ01080590.1	16	42.1	26.5	11.9	13.5	44.9	115.7	NA	NA	NA
ENSDART00000114668	sccpdha	1	14.2	14.2	NA	NA	NA	NA	NA	NA	NA
ENSDART00000129265	SIMC1	8	70.9	67.1	NA	NA	NA	NA	NA	NA	NA
ENSDART00000078297	zgc:153215	174	54.4	38.5	10.0	18.8	81.3	120.6	16.34	45.76	1.48567906863
ENSDART00000126947	CU463857.1	9	43.3	42.5	NA	NA	NA	NA	NA	NA	NA
ENSDART00000145685	srsf3b	1620	79.8	74.4	23.6	43.7	109.9	141.2	349.09	934.65	1.42082718745
ENSDART00000020786	eif2b3	8	79.0	63.6	NA	NA	NA	NA	NA	NA	NA
ENSDART00000131115	ap1s2	48	36.4	28.7	11.0	20.6	44.9	69.1	NA	NA	NA
ENSDART00000084184	aimp1	81	64.5	50.8	25.5	32.0	86.9	124.6	36.67	57.89	0.658713890517
ENSDART00000044860	maff	23	56.0	44.8	6.2	16.3	90.7	109.9	NA	NA	NA
ENSDART00000114667	zgc:161969	491	59.3	47.4	12.7	21.9	84.8	131.9	50.11	125.04	1.31921924057
ENSDART00000133441	pcnxl3	28	69.3	48.4	0.4	23.4	111.0	134.8	2.8	3.43	0.292781749228
ENSDART00000062569	acad8	12	33.3	32.9	11.5	22.2	47.3	51.6	NA	NA	NA
ENSDART00000097500	tmem176	1	40.0	40.0	NA	NA	NA	NA	NA	NA	NA
ENSDART00000052359	gtf2h4	38	35.9	24.9	12.4	19.0	36.0	79.1	9.98	7.88	-0.340844185881
ENSDART00000142208	zgc:110712	13	51.7	47.0	-1.5	13.6	70.9	107.1	NA	NA	NA
ENSDART00000062563	rreb1b	40	62.9	50.5	9.2	28.4	92.3	121.7	NA	NA	NA
ENSDART00000014568	urod	10	47.2	47.1	13.1	23.9	76.2	82.6	13.38	28.97	1.11448156863
ENSDART00000092183	lrrc3b	2	80.3	80.3	NA	NA	NA	NA	NA	NA	NA
ENSDART00000024415	epas1a	52	68.8	58.7	10.1	18.8	95.6	139.8	NA	NA	NA
ENSDART00000090486	PARP9	11	40.8	32.3	11.9	24.7	57.5	65.4	NA	NA	NA
ENSDART00000090484	tecpr1a	7	21.1	18.9	NA	NA	NA	NA	NA	NA	NA
ENSDART00000149761	aurkaip1	388	41.2	26.0	9.0	14.4	53.4	94.0	78.21	69.63	-0.167644060191
ENSDART00000115166	zgc:152863	4	9.1	7.3	NA	NA	NA	NA	NA	NA	NA
ENSDART00000136784	samd10a	5	24.6	20.5	NA	NA	NA	NA	NA	NA	NA
ENSDART00000131176	ORC2	11	52.1	24.5	21.1	21.2	41.3	156.9	NA	NA	NA
ENSDART00000106101	si:dkey-19a16.7	68	61.8	34.7	5.9	13.8	84.4	186.3	NA	NA	NA
ENSDART00000125949	cep68	18	29.3	22.0	6.0	9.0	28.1	49.9	NA	NA	NA
ENSDART00000079310	manba	2	35.6	35.6	NA	NA	NA	NA	NA	NA	NA
ENSDART00000067426	nisch	6	34.4	17.2	NA	NA	NA	NA	NA	NA	NA
ENSDART00000067427	yeats4	210	61.1	54.1	18.6	29.9	84.8	119.5	77.16	93.89	0.283118364666
ENSDART00000145103	cntfr	10	28.9	21.6	8.7	12.4	48.3	56.1	NA	NA	NA
ENSDART00000114401	ppp2r2d	28	72.0	68.3	14.0	18.5	117.4	130.2	9.59	8.58	-0.160553167519
ENSDART00000113360	arid2	180	61.9	50.8	12.1	20.1	90.5	137.9	26.43	39.08	0.564254042327
ENSDART00000113362	IP6K1	4	48.9	37.5	NA	NA	NA	NA	NA	NA	NA
ENSDART00000020251	srsf6a	1640	56.5	52.6	19.0	33.6	71.8	96.6	187.19	858.1	2.19664241838
ENSDART00000020252	pdip5	208	39.5	31.5	10.6	19.3	49.3	68.9	47.33	90.8	0.93993737544
ENSDART00000020256	lgsn	3	70.8	84.8	NA	NA	NA	NA	NA	NA	NA
ENSDART00000005879	atp5o	120	43.8	32.3	11.7	19.9	52.8	81.8	100.55	34.19	-1.55626675376
ENSDART00000020259	zgc:77158	46	57.3	37.2	6.0	11.4	81.5	158.2	NA	NA	NA
ENSDART00000110316	fasn	21	56.9	31.4	11.4	15.2	57.0	143.6	NA	NA	NA
ENSDART00000131077	sp3a	269	63.4	50.8	13.1	23.4	91.4	139.1	15.65	88.92	2.50634529121
ENSDART00000150040	si:ch211-274k16.2	2	31.7	31.7	NA	NA	NA	NA	NA	NA	NA
ENSDART00000101404	KIF13A	7	37.0	33.1	NA	NA	NA	NA	NA	NA	NA
ENSDART00000024598	zp2.5	70	56.9	57.2	33.8	44.1	65.6	81.4	23.42	0.78	-4.90812314164
ENSDART00000098364	ehmt1a	110	40.5	31.2	13.8	21.6	47.7	86.5	16.9	21.86	0.371270154502
ENSDART00000098363	tprg1l	2	41.8	41.8	NA	NA	NA	NA	NA	NA	NA
ENSDART00000007857	mettl2a	342	52.1	39.6	17.1	24.7	64.3	115.2	65.24	72.88	0.15976617709
ENSDART00000098360	arrdc1a	31	64.8	32.3	7.8	14.4	100.0	166.6	NA	NA	NA
ENSDART00000081819	endog	22	50.6	35.3	15.4	19.4	57.6	100.1	NA	NA	NA
ENSDART00000149103	FHDC1	1	99.7	99.7	NA	NA	NA	NA	NA	NA	NA
ENSDART00000098368	si:dkey-77f17.1	5	22.4	18.7	NA	NA	NA	NA	NA	NA	NA
ENSDART00000064197	cldn5a	8	67.0	58.1	NA	NA	NA	NA	NA	NA	NA
ENSDART00000064194	asf1bb	13	65.0	40.4	7.5	14.4	120.8	127.5	NA	NA	NA
ENSDART00000090624	lpar6a	90	37.0	22.3	6.1	10.1	46.9	86.0	NA	NA	NA
ENSDART00000031828	spon1b	1	26.8	26.8	NA	NA	NA	NA	NA	NA	NA
ENSDART00000144506	ptpn13	76	42.4	28.3	8.0	15.0	57.5	94.4	7.74	20.32	1.39249493063
ENSDART00000010932	snx15	26	24.3	19.0	7.3	11.5	24.6	49.4	NA	NA	NA
ENSDART00000136180	dis3l2	202	37.8	29.3	8.4	16.1	53.8	70.9	13.53	110.87	3.0346352991
ENSDART00000149691	ep300a	0	NA	NA	NA	NA	NA	NA	1.71	4.33	1.34037069984
ENSDART00000100658	esrra	12	67.9	50.6	23.4	28.4	96.4	145.6	NA	NA	NA
ENSDART00000063214	VDR	6	89.1	84.3	NA	NA	NA	NA	NA	NA	NA
ENSDART00000145487	klf11b	50	53.3	15.6	3.4	6.3	67.2	173.3	NA	NA	NA
ENSDART00000100800	TTC37	8	55.3	49.2	NA	NA	NA	NA	NA	NA	NA
ENSDART00000078634	eif5a2	705	77.2	73.9	24.9	45.6	105.1	132.0	112.71	994.44	3.14126880619
ENSDART00000105485	C22H19orf70	63	70.9	57.9	10.7	20.6	108.5	145.2	NA	NA	NA
ENSDART00000012399	armc1	142	29.3	21.6	5.1	9.8	43.4	63.8	NA	NA	NA
ENSDART00000038163	rad18	78	45.2	30.8	12.1	21.5	59.0	109.0	16.36	14.34	-0.19012772424
ENSDART00000123207	TDG	47	104.9	106.1	41.5	82.7	137.1	162.7	NA	NA	NA
ENSDART00000130033	CABZ01055170.1	50	70.8	41.1	16.3	23.1	110.1	159.7	35.97	16.68	-1.10867487069
ENSDART00000130045	pbx2	175	89.7	83.5	18.6	38.6	132.3	170.8	NA	NA	NA
ENSDART00000138914	si:ch73-314g15.3	6	63.2	56.8	NA	NA	NA	NA	NA	NA	NA
ENSDART00000031173	rps27.1	981	83.5	78.2	31.2	45.8	114.5	145.0	1172.98	627.53	-0.90242207878
ENSDART00000064772	cyb561d2	34	46.0	36.8	6.8	18.5	63.6	110.0	NA	NA	NA
ENSDART00000064995	sumo1	352	62.1	56.8	16.5	33.6	87.5	114.1	NA	NA	NA
ENSDART00000015214	pptc7a	15	76.6	72.5	4.7	28.9	126.6	140.3	NA	NA	NA
ENSDART00000078266	RSL1D1	213	67.5	54.0	15.9	30.2	92.7	132.0	122.04	196.25	0.685338568975
ENSDART00000060432	cdc40	338	73.6	65.1	13.5	30.4	108.9	145.3	66.03	83.28	0.334848422687
ENSDART00000123200	traf3	10	42.6	25.9	9.4	12.1	80.1	85.9	NA	NA	NA
ENSDART00000115200	alg12	5	56.0	44.5	NA	NA	NA	NA	NA	NA	NA
ENSDART00000021120	athl1	14	23.0	22.8	8.2	10.9	29.0	45.6	NA	NA	NA
ENSDART00000047175	ssr4	300	56.4	49.2	18.3	27.9	74.3	110.5	114.97	175.67	0.611610379656
ENSDART00000115208	FBXO33	48	40.0	28.9	6.7	18.4	58.2	88.8	NA	NA	NA
ENSDART00000122102	wee1	562	56.9	39.2	7.4	13.8	88.7	138.3	NA	NA	NA
ENSDART00000111043	fyco1a	5	78.1	36.4	NA	NA	NA	NA	3.27	4.19	0.357659608201
ENSDART00000151311	GPR161	25	47.0	26.0	3.5	11.6	51.2	129.4	NA	NA	NA
ENSDART00000135461	lypd6b	3	75.0	94.3	NA	NA	NA	NA	NA	NA	NA
ENSDART00000135464	srrd	9	44.2	24.6	NA	NA	NA	NA	NA	NA	NA
ENSDART00000122101	tbx2b	7	88.8	78.2	NA	NA	NA	NA	NA	NA	NA
ENSDART00000112960	POLD4	1	132.3	132.3	NA	NA	NA	NA	NA	NA	NA
ENSDART00000055710	aldh4a1	21	101.4	97.0	33.0	69.2	132.9	176.0	NA	NA	NA
ENSDART00000055491	smurf2	81	72.9	52.1	13.9	33.6	104.4	155.2	5.45	29.47	2.43491892546
ENSDART00000026313	tmx1	35	61.9	39.9	13.3	17.2	101.3	122.7	NA	NA	NA
ENSDART00000112969	GPR125	178	54.9	34.5	10.2	18.9	79.0	136.7	27.31	8.22	-1.73221901508
ENSDART00000026314	phf8	123	72.1	71.4	17.1	34.4	91.8	133.5	7.35	42.83	2.54280552217
ENSDART00000051664	ypel1	66	53.1	37.6	6.7	13.4	77.8	130.5	NA	NA	NA
ENSDART00000126676	foxj1b	10	81.1	70.0	50.8	56.6	118.0	120.4	NA	NA	NA
ENSDART00000122245	trrap	102	26.8	20.0	9.8	12.7	30.1	47.1	8.43	32.42	1.94327955458
ENSDART00000122243	AL954146.5	1	41.9	41.9	NA	NA	NA	NA	NA	NA	NA
ENSDART00000125561	atp6ap2	28	46.8	34.5	5.1	11.9	57.9	108.4	NA	NA	NA
ENSDART00000051668	zgc:194112	1	49.5	49.5	NA	NA	NA	NA	NA	NA	NA
ENSDART00000040900	baxb	1	34.3	34.3	NA	NA	NA	NA	NA	NA	NA
ENSDART00000103220	KRTCAP2	44	41.5	29.0	13.3	18.1	52.7	97.9	NA	NA	NA
ENSDART00000099283	DALRD3	31	25.6	19.4	8.4	13.1	29.4	55.4	NA	NA	NA
ENSDART00000099281	zgc:153067	1	104.0	104.0	NA	NA	NA	NA	NA	NA	NA
ENSDART00000111286	znrf2b	3	30.0	28.6	NA	NA	NA	NA	NA	NA	NA
ENSDART00000099285	atmin	7	79.2	69.3	NA	NA	NA	NA	NA	NA	NA
ENSDART00000099284	slc22a5	52	133.5	123.4	71.5	94.3	142.4	236.9	NA	NA	NA
ENSDART00000124604	CABZ01030033.1	3	55.8	20.5	NA	NA	NA	NA	NA	NA	NA
ENSDART00000057972	SLC36A4	16	26.8	24.7	11.8	15.4	28.7	47.1	NA	NA	NA
ENSDART00000103775	PAK6	3	55.4	60.1	NA	NA	NA	NA	NA	NA	NA
ENSDART00000059841	KIFC2	1	72.6	72.6	NA	NA	NA	NA	NA	NA	NA
ENSDART00000085158	tmem259	63	37.8	24.4	8.7	14.1	43.4	97.2	6.28	9.98	0.668275256446
ENSDART00000000160	thraa	1	17.2	17.2	NA	NA	NA	NA	NA	NA	NA
ENSDART00000014168	zfp36l1b	20	62.0	58.3	7.7	12.2	109.2	124.5	NA	NA	NA
ENSDART00000111435	HDAC5	2	33.2	33.2	NA	NA	NA	NA	NA	NA	NA
ENSDART00000111434	INPP5K	6	24.0	7.9	NA	NA	NA	NA	NA	NA	NA
ENSDART00000014163	fndc1	1	23.3	23.3	NA	NA	NA	NA	NA	NA	NA
ENSDART00000111438	mgea5	174	82.8	66.7	12.5	29.0	131.3	168.7	9.02	79.04	3.13138360833
ENSDART00000091982	r3hdm1	78	31.8	22.5	8.4	14.2	36.9	64.2	6.0	11.55	0.944858445808
ENSDART00000081676	ubap1	74	50.0	39.3	9.8	17.7	64.9	111.9	12.29	19.55	0.669683691822
ENSDART00000100606	C18H15orf61	1	201.3	201.3	NA	NA	NA	NA	NA	NA	NA
ENSDART00000101603	kidins220b	4	95.3	93.1	NA	NA	NA	NA	NA	NA	NA
ENSDART00000100605	ttc32	21	22.7	18.5	9.9	15.4	26.7	43.9	NA	NA	NA
ENSDART00000051483	TM2D2	32	53.3	41.3	6.1	12.8	78.6	109.2	NA	NA	NA
ENSDART00000102519	kif3b	39	45.3	28.3	8.9	19.8	60.1	97.7	6.92	8.39	0.277898772803
ENSDART00000147317	si:dkey-117m1.3	49	68.8	60.0	13.9	25.9	97.7	136.7	NA	NA	NA
ENSDART00000126630	cx52.9	19	83.4	69.1	33.0	51.7	85.5	137.0	NA	NA	NA
ENSDART00000018301	itga5	226	76.7	63.3	21.4	38.5	108.4	147.4	11.54	94.25	3.0298493944
ENSDART00000074070	aff2	4	80.6	88.6	NA	NA	NA	NA	NA	NA	NA
ENSDART00000074073	alkbh4	9	26.3	19.9	NA	NA	NA	NA	NA	NA	NA
ENSDART00000074077	trim35-3	1	24.3	24.3	NA	NA	NA	NA	NA	NA	NA
ENSDART00000019941	CU694256.1	2	90.4	90.4	NA	NA	NA	NA	NA	NA	NA
ENSDART00000142688	si:dkey-192g7.3	1	105.0	105.0	NA	NA	NA	NA	NA	NA	NA
ENSDART00000104271	csk	6	63.0	67.3	NA	NA	NA	NA	NA	NA	NA
ENSDART00000082893	PXMP4	11	30.0	32.0	19.8	21.8	38.2	41.9	NA	NA	NA
ENSDART00000104278	cck	1	36.0	36.0	NA	NA	NA	NA	NA	NA	NA
ENSDART00000133143	gpd1b	208	60.6	45.5	9.7	22.1	95.4	132.6	NA	NA	NA
ENSDART00000127222	aes	22	35.7	24.6	11.4	15.6	38.5	69.6	NA	NA	NA
ENSDART00000050533	ccni2	29	32.3	23.6	6.8	12.6	35.8	58.9	NA	NA	NA
ENSDART00000014306	mpp5a	19	63.4	36.0	12.1	20.2	92.5	135.4	NA	NA	NA
ENSDART00000041503	slc4a4a	39	65.5	48.3	6.3	25.4	116.0	147.7	NA	NA	NA
ENSDART00000035062	nf2b	50	72.1	47.1	15.1	18.3	125.6	166.5	NA	NA	NA
ENSDART00000053863	kmt2d	118	67.8	51.7	5.3	17.4	115.6	160.5	11.25	31.91	1.50408360717
ENSDART00000001148	znf384l	16	36.7	17.3	4.6	7.4	34.9	101.1	NA	NA	NA
ENSDART00000004398	cope	138	32.7	22.3	6.3	11.7	34.6	87.5	51.7	91.34	0.821082509176
ENSDART00000077259	ebna1bp2	358	89.2	86.5	26.2	53.1	120.7	154.9	152.57	194.66	0.351485148762
ENSDART00000050671	rap1a	687	82.6	81.0	32.8	54.9	106.3	132.9	50.68	324.64	2.67935234062
ENSDART00000061470	mtss1l	4	73.7	76.3	NA	NA	NA	NA	NA	NA	NA
ENSDART00000004392	fkbp9	2	107.3	107.3	NA	NA	NA	NA	NA	NA	NA
ENSDART00000004423	iars	29	55.9	40.5	19.1	26.1	85.4	111.2	10.38	9.57	-0.117215613872
ENSDART00000073597	dhodh	33	44.9	27.6	12.4	18.1	52.5	122.0	16.11	14.62	-0.140013182754
ENSDART00000077251	kifc3	23	58.7	25.2	11.2	19.6	92.6	130.3	5.13	3.32	-0.62777558426
ENSDART00000073595	SLC7A5	46	69.7	62.7	14.3	24.1	114.7	145.5	NA	NA	NA
ENSDART00000073594	ANKRD11	161	62.6	47.0	7.5	16.0	105.1	138.3	88.45	34.72	-1.34909519513
ENSDART00000133547	pik3c2a	37	53.4	27.7	12.6	17.1	72.6	141.1	3.28	3.16	-0.053771256441
ENSDART00000056627	cstf2	1	39.3	39.3	NA	NA	NA	NA	16.44	55.29	1.74980827267
ENSDART00000056622	hgs	114	38.8	27.2	11.8	17.6	42.6	69.0	6.09	51.62	3.08341600819
ENSDART00000057624	zgc:110353	4	103.0	104.3	NA	NA	NA	NA	NA	NA	NA
ENSDART00000057622	FAIM2	12	71.8	44.3	16.4	22.6	118.4	180.8	NA	NA	NA
ENSDART00000113569	hdc	1	27.2	27.2	NA	NA	NA	NA	NA	NA	NA
ENSDART00000049036	zgc:92275	1	31.3	31.3	NA	NA	NA	NA	NA	NA	NA
ENSDART00000021977	dnmt1	54	33.3	25.0	10.5	13.9	44.3	64.7	14.32	42.85	1.58126371174
ENSDART00000054442	med28	134	39.0	24.5	7.7	14.2	44.7	109.5	32.53	96.73	1.57219257652
ENSDART00000113562	si:dkey-3d4.3	4	36.9	21.8	NA	NA	NA	NA	NA	NA	NA
ENSDART00000054440	tmem144a	2	19.0	19.0	NA	NA	NA	NA	NA	NA	NA
ENSDART00000054441	zgc:111991	31	59.9	48.9	18.4	25.3	82.2	93.6	36.37	13.97	-1.38041690505
ENSDART00000020412	pkd2	65	86.8	86.2	37.5	59.5	115.1	132.1	NA	NA	NA
ENSDART00000139355	arhgef1b	98	27.6	19.6	5.8	13.8	38.6	52.5	11.57	24.03	1.05444778402
ENSDART00000011878	eif4a1b	93	36.9	31.5	14.9	19.9	46.7	67.6	31.71	19.41	-0.70813775939
ENSDART00000082325	aamp	41	88.8	67.6	27.8	43.5	124.3	192.4	17.35	6.24	-1.4753177286
ENSDART00000097684	nova1	111	82.9	70.7	24.2	35.3	120.5	168.5	NA	NA	NA
ENSDART00000110840	SYNDIG1	12	51.0	27.2	8.7	19.2	64.3	112.5	NA	NA	NA
ENSDART00000146018	mthfr	1	6.1	6.1	NA	NA	NA	NA	NA	NA	NA
ENSDART00000059667	wdr75	301	75.9	67.4	17.9	34.1	116.4	148.9	61.14	70.2	0.199354478305
ENSDART00000020680	nup133	174	86.7	81.4	22.0	43.4	123.3	156.3	11.31	29.35	1.37576157401
ENSDART00000049589	col11a1b	1	16.2	16.2	NA	NA	NA	NA	NA	NA	NA
ENSDART00000039438	jkamp	94	52.7	37.2	5.0	10.8	87.0	125.8	NA	NA	NA
ENSDART00000127845	ssh2a	24	48.0	39.4	5.7	10.1	56.6	104.5	3.73	5.08	0.445652866517
ENSDART00000127842	ZNF768	104	50.5	32.8	11.1	18.5	66.2	113.8	NA	NA	NA
ENSDART00000127841	atl2	29	57.6	24.7	13.5	15.0	121.7	143.2	NA	NA	NA
ENSDART00000146735	tubd1	3	33.0	35.1	NA	NA	NA	NA	NA	NA	NA
ENSDART00000098953	pargl	21	28.0	19.3	8.9	9.9	27.1	70.4	8.17	3.67	-1.1545560153
ENSDART00000085341	zer1	35	48.3	31.6	10.1	15.3	72.3	117.1	4.54	6.48	0.513301515594
ENSDART00000109849	kif2c	72	70.1	43.6	9.4	17.8	112.9	159.4	9.04	30.39	1.74920199711
ENSDART00000109846	zgc:171673	7	73.6	55.7	NA	NA	NA	NA	NA	NA	NA
ENSDART00000143191	lcor	2	13.4	13.4	NA	NA	NA	NA	NA	NA	NA
ENSDART00000109843	osbpl5	16	62.6	47.1	12.6	21.9	96.0	147.2	NA	NA	NA
ENSDART00000054691	uba1	258	72.8	57.7	13.2	31.6	104.5	159.9	42.17	114.06	1.43550401109
ENSDART00000124922	CLIP3	2	33.2	33.2	NA	NA	NA	NA	NA	NA	NA
ENSDART00000126718	fam131a	2	33.2	33.2	NA	NA	NA	NA	NA	NA	NA
ENSDART00000026768	bmpr1aa	326	60.3	46.7	8.6	21.6	90.3	128.1	17.81	26.96	0.59813298008
ENSDART00000067803	rps3	426	86.3	90.9	29.9	49.5	116.4	142.6	1083.91	526.86	-1.04075341335
ENSDART00000129076	acrc	44	65.9	54.5	6.3	19.8	100.9	160.8	NA	NA	NA
ENSDART00000126717	CABZ01079302.1	1	3.7	3.7	NA	NA	NA	NA	NA	NA	NA
ENSDART00000102981	col8a1a	6	36.9	27.1	NA	NA	NA	NA	NA	NA	NA
ENSDART00000113179	sas	126	61.3	42.0	16.0	23.3	89.7	134.1	NA	NA	NA
ENSDART00000130783	fam168a	5	21.3	18.3	NA	NA	NA	NA	NA	NA	NA
ENSDART00000043776	prrc2a	92	50.3	33.9	8.8	16.0	66.8	134.7	12.76	28.87	1.17794277847
ENSDART00000145665	ccnh	36	52.7	42.0	12.5	19.4	60.2	128.9	17.51	23.65	0.433661099793
ENSDART00000066123	KPNA6	63	59.6	44.3	8.4	21.9	87.9	147.6	NA	NA	NA
ENSDART00000114443	si:ch211-74m13.3	3	27.8	30.4	NA	NA	NA	NA	NA	NA	NA
ENSDART00000145669	dtnbb	1	34.9	34.9	NA	NA	NA	NA	NA	NA	NA
ENSDART00000106658	zdhhc15b	39	93.0	91.9	25.2	66.1	124.9	147.0	NA	NA	NA
ENSDART00000079692	ndr1	19	16.5	9.1	1.6	7.2	12.5	32.0	NA	NA	NA
ENSDART00000079343	jazf1b	16	55.4	30.0	9.3	13.7	90.7	131.7	NA	NA	NA
ENSDART00000092416	rabl2	76	50.9	44.7	13.0	26.2	64.0	102.6	22.39	30.13	0.428346144742
ENSDART00000035247	lamb1a	77	130.3	121.7	71.5	97.1	155.6	199.6	NA	NA	NA
ENSDART00000109732	amigo1	3	20.3	16.7	NA	NA	NA	NA	NA	NA	NA
ENSDART00000097424	kcmf1	57	53.9	42.1	12.3	18.7	72.9	128.1	16.69	22.82	0.451314836926
ENSDART00000092411	galnt10	21	45.2	45.8	22.0	29.9	54.2	65.9	20.23	2.3	-3.13679055361
ENSDART00000024777	C19H1orf109	97	63.3	55.1	17.4	30.0	95.4	126.3	NA	NA	NA
ENSDART00000150692	zgc:172139	11	52.4	27.2	12.6	14.8	76.8	97.8	NA	NA	NA
ENSDART00000142867	si:dkey-58f10.7	3	13.7	15.0	NA	NA	NA	NA	NA	NA	NA
ENSDART00000142862	TTF1	1	72.5	72.5	NA	NA	NA	NA	16.85	10.91	-0.627097489746
ENSDART00000150697	ZNF48	53	37.0	21.9	4.8	12.9	51.7	86.7	6.91	15.11	1.12874604478
ENSDART00000102879	scube3	3	28.7	25.0	NA	NA	NA	NA	NA	NA	NA
ENSDART00000077039	faah2b	38	37.3	31.6	18.5	24.6	41.6	58.3	16.93	8.69	-0.962153891081
ENSDART00000122557	kcnma1a	1	5.0	5.0	NA	NA	NA	NA	NA	NA	NA
ENSDART00000134491	med13a	131	71.0	56.0	9.4	15.4	118.3	167.3	13.33	13.25	-0.00868442075105
ENSDART00000134492	alkbh2	2	17.5	17.5	NA	NA	NA	NA	NA	NA	NA
ENSDART00000006867	ddx3	157	53.3	40.2	7.7	19.8	78.1	113.1	10.69	99.17	3.21364190266
ENSDART00000027864	hnrnpr	839	72.2	59.7	19.0	33.0	97.9	142.1	43.56	236.53	2.4409473185
ENSDART00000006868	uqcrfs1	121	64.1	60.7	28.0	37.0	86.4	101.6	24.5	18.79	-0.38281668247
ENSDART00000091567	CT030046.1	10	27.6	25.5	8.0	10.9	27.8	42.2	NA	NA	NA
ENSDART00000019898	mrpl11	24	48.0	33.2	16.4	26.3	48.2	111.5	NA	NA	NA
ENSDART00000145596	itga1	3	79.9	88.3	NA	NA	NA	NA	NA	NA	NA
ENSDART00000130161	peli1b	38	41.7	19.1	6.0	9.2	63.6	119.1	NA	NA	NA
ENSDART00000130162	TCF24	76	65.5	36.9	-5.6	-3.8	130.3	184.9	NA	NA	NA
ENSDART00000089506	larp4b	100	72.7	57.6	8.4	26.2	119.6	152.0	7.26	29.74	2.03436319406
ENSDART00000064201	cdc45	14	61.0	44.3	13.1	19.3	88.7	138.6	NA	NA	NA
ENSDART00000073580	AHCYL2	5	124.2	123.9	NA	NA	NA	NA	NA	NA	NA
ENSDART00000079521	kera	2	13.0	13.0	NA	NA	NA	NA	NA	NA	NA
ENSDART00000076345	CR352249.1	5	69.9	18.1	NA	NA	NA	NA	NA	NA	NA
ENSDART00000076344	hectd1	121	51.5	33.7	8.3	17.3	63.0	135.3	21.62	42.78	0.98456995943
ENSDART00000079528	ilk	151	58.0	45.9	17.0	26.8	76.8	120.6	NA	NA	NA
ENSDART00000078453	hoxb7a	1	48.3	48.3	NA	NA	NA	NA	NA	NA	NA
ENSDART00000005118	gpx8	59	28.9	24.3	10.9	17.5	32.4	48.5	NA	NA	NA
ENSDART00000006288	dhx16	187	64.6	54.6	14.9	26.7	90.7	138.8	56.9	57.21	0.00783869183997
ENSDART00000052904	SLC16A13	4	25.2	20.8	NA	NA	NA	NA	NA	NA	NA
ENSDART00000112771	ap5s1	3	40.0	37.1	NA	NA	NA	NA	NA	NA	NA
ENSDART00000112774	mrps30	33	56.0	37.9	14.1	23.6	74.6	129.3	10.4	2.99	-1.79836613883
ENSDART00000112777	si:dkey-197c15.6	37	43.5	34.1	11.3	19.4	57.5	86.1	NA	NA	NA
ENSDART00000128384	CABZ01041493.1	16	30.2	20.4	9.6	13.1	46.6	61.0	NA	NA	NA
ENSDART00000131782	sh2d5	7	19.7	14.6	NA	NA	NA	NA	NA	NA	NA
ENSDART00000139178	slc25a14	23	111.9	96.4	16.2	38.1	157.8	232.3	NA	NA	NA
ENSDART00000128652	CABZ01088509.1	9	94.8	43.7	NA	NA	NA	NA	NA	NA	NA
ENSDART00000153254	cdca9	7	30.0	20.1	NA	NA	NA	NA	NA	NA	NA
ENSDART00000128655	wipi2	121	54.0	40.5	12.3	19.5	69.0	122.8	17.43	52.59	1.59321592736
ENSDART00000141338	enc1	16	88.5	96.5	13.3	42.9	126.4	152.7	NA	NA	NA
ENSDART00000139174	fam46c	14	21.7	14.7	3.7	8.6	30.6	49.6	16.33	22.76	0.478975766745
ENSDART00000045504	trit1	11	59.8	37.7	16.1	26.8	53.7	106.5	NA	NA	NA
ENSDART00000091140	snx21	3	49.7	38.9	NA	NA	NA	NA	NA	NA	NA
ENSDART00000100611	si:ch211-244b2.3	1	21.3	21.3	NA	NA	NA	NA	NA	NA	NA
ENSDART00000085976	smg7	184	79.5	65.4	22.7	38.3	114.4	151.9	13.67	30.96	1.17939222854
ENSDART00000129873	ZNF365	1	14.4	14.4	NA	NA	NA	NA	NA	NA	NA
ENSDART00000002250	hs6st2	348	48.1	33.0	7.3	14.2	75.9	113.0	85.44	65.22	-0.389597205939
ENSDART00000111234	gdpd5a	4	18.8	14.2	NA	NA	NA	NA	NA	NA	NA
ENSDART00000025131	wdr33	67	62.1	53.4	5.5	16.6	99.4	135.6	11.79	25.48	1.11180155928
ENSDART00000138555	casd1	14	40.2	23.8	11.9	15.7	65.7	92.1	NA	NA	NA
ENSDART00000055487	chmp3	109	53.9	37.9	14.8	23.6	71.3	120.0	NA	NA	NA
ENSDART00000129926	si:dkey-100n23.5	28	40.5	26.6	7.8	9.4	60.2	84.4	NA	NA	NA
ENSDART00000052907	acy3.1	8	14.6	10.4	NA	NA	NA	NA	NA	NA	NA
ENSDART00000052906	CR376787.1	7	32.5	30.2	NA	NA	NA	NA	NA	NA	NA
ENSDART00000023210	trim13	22	54.2	28.1	15.3	18.9	79.0	105.7	NA	NA	NA
ENSDART00000086954	sesn3	757	110.2	107.7	47.0	74.3	143.6	171.9	NA	NA	NA
ENSDART00000086405	rnf217	2	24.5	24.5	NA	NA	NA	NA	NA	NA	NA
ENSDART00000033072	epc1	19	32.5	21.5	2.3	7.8	38.5	71.3	5.84	3.2	-0.867896463993
ENSDART00000149373	aass	40	19.8	15.4	8.2	10.0	27.0	36.6	NA	NA	NA
ENSDART00000142718	csf1rb	1	92.9	92.9	NA	NA	NA	NA	NA	NA	NA
ENSDART00000129081	tmem145	1	122.4	122.4	NA	NA	NA	NA	NA	NA	NA
ENSDART00000141106	gps1	89	37.0	19.6	8.2	11.7	49.2	85.6	37.05	38.74	0.0643504114101
ENSDART00000099779	tmem101	120	38.3	31.6	12.5	20.6	45.3	75.9	NA	NA	NA
ENSDART00000080333	ppapdc2	43	65.0	50.7	17.2	24.4	98.3	128.0	NA	NA	NA
ENSDART00000128030	zgc:171759	96	65.6	61.8	20.9	38.9	84.3	111.5	NA	NA	NA
ENSDART00000104475	TMSB10	875	86.8	82.9	35.1	54.5	114.3	143.0	NA	NA	NA
ENSDART00000078156	srm	272	37.4	25.4	8.7	14.6	46.9	75.9	NA	NA	NA
ENSDART00000021336	dnaja1l	150	58.8	44.8	14.3	24.9	80.4	132.0	13.59	81.59	2.58584688439
ENSDART00000104476	snx9a	6	30.8	28.9	NA	NA	NA	NA	NA	NA	NA
ENSDART00000099777	si:dkey-103i16.6	19	34.6	14.8	5.4	9.8	26.2	92.5	NA	NA	NA
ENSDART00000104718	KIF20B	39	52.5	33.4	9.1	14.8	85.0	113.5	6.27	7.64	0.285107195234
ENSDART00000078124	trim35-29	2	18.9	18.9	NA	NA	NA	NA	NA	NA	NA
ENSDART00000111769	MKL1	3	29.4	46.1	NA	NA	NA	NA	NA	NA	NA
ENSDART00000111758	si:ch211-165d12.4	1	217.1	217.1	NA	NA	NA	NA	NA	NA	NA
ENSDART00000104712	hmg20a	200	68.3	58.6	25.3	38.5	86.5	131.5	39.86	67.04	0.75008043886
ENSDART00000104715	pcgf5a	1	39.5	39.5	NA	NA	NA	NA	NA	NA	NA
ENSDART00000088531	BX908793.1	58	42.3	21.7	6.9	13.1	48.5	118.5	NA	NA	NA
ENSDART00000104717	rsl24d1	521	75.4	72.4	24.6	41.5	102.0	131.8	279.17	208.54	-0.420819782692
ENSDART00000148358	gpr133	3	20.3	20.3	NA	NA	NA	NA	NA	NA	NA
ENSDART00000145843	pth1b	4	35.5	31.5	NA	NA	NA	NA	NA	NA	NA
ENSDART00000111957	fam208b	121	59.8	44.9	11.5	17.5	95.2	133.7	6.27	15.16	1.27373240537
ENSDART00000148352	gdf10a	1	54.2	54.2	NA	NA	NA	NA	NA	NA	NA
ENSDART00000089333	dak	11	32.5	33.5	8.0	9.8	37.5	79.8	NA	NA	NA
ENSDART00000089121	CU019652.1	24	43.0	40.0	10.8	24.1	63.8	78.9	NA	NA	NA
ENSDART00000089120	adnpa	427	58.5	44.5	8.5	19.4	88.2	127.1	42.13	80.49	0.933961639419
ENSDART00000121497	wdr47b	16	21.7	17.0	7.5	13.0	22.6	39.4	NA	NA	NA
ENSDART00000139318	si:dkey-1d7.3	1	18.9	18.9	NA	NA	NA	NA	NA	NA	NA
ENSDART00000121498	narg2	2	12.3	12.3	NA	NA	NA	NA	NA	NA	NA
ENSDART00000043218	ube2j1	111	39.9	23.1	7.9	12.6	54.9	101.4	NA	NA	NA
ENSDART00000129450	slc18b1	2	21.8	21.8	NA	NA	NA	NA	NA	NA	NA
ENSDART00000053502	DOM3Z	95	49.3	24.7	3.6	8.4	76.7	134.4	13.71	23.49	0.776818142233
ENSDART00000136649	si:dkey-92i17.2	143	79.1	69.4	23.2	40.9	110.2	144.2	58.6	139.37	1.24994747847
ENSDART00000053505	PITPNC1	66	30.7	27.6	10.7	16.6	36.4	62.8	15.5	9.36	-0.727687780578
ENSDART00000131743	C22H19orf60	44	60.0	54.3	6.8	15.2	88.1	132.7	NA	NA	NA
ENSDART00000085865	stim1a	38	31.1	25.2	10.4	14.5	36.0	63.4	5.1	7.39	0.535077117287
ENSDART00000084675	WDR44	25	43.8	25.8	4.0	14.7	64.7	115.2	9.07	12.98	0.517115927471
ENSDART00000136646	gpatch2	174	56.1	38.2	16.6	26.2	77.5	128.1	NA	NA	NA
ENSDART00000123384	FP326665.1	61	67.0	54.3	16.1	26.2	96.2	139.3	NA	NA	NA
ENSDART00000123387	dpf3	1	25.8	25.8	NA	NA	NA	NA	NA	NA	NA
ENSDART00000123380	KCNIP4	1	69.4	69.4	NA	NA	NA	NA	NA	NA	NA
ENSDART00000123381	AL929286.1	3	22.6	17.4	NA	NA	NA	NA	NA	NA	NA
ENSDART00000099360	zp2.1	58	53.0	54.4	23.9	37.3	65.0	84.2	13.92	1.36	-3.3554806546
ENSDART00000133927	sptlc1	65	46.5	23.7	4.1	7.6	79.9	126.9	NA	NA	NA
ENSDART00000099364	taf10	288	57.5	47.4	15.0	31.2	78.4	112.7	109.11	208.66	0.93537073158
ENSDART00000142069	ndufb7	84	69.5	60.2	21.3	35.8	95.2	129.2	47.56	42.49	-0.162625371432
ENSDART00000132452	SYMPK	38	75.1	64.5	19.9	33.5	110.6	145.8	19.63	37.32	0.926888813386
ENSDART00000112553	rims1a	5	99.5	115.3	NA	NA	NA	NA	NA	NA	NA
ENSDART00000151161	GCNT4	9	76.7	69.2	NA	NA	NA	NA	NA	NA	NA
ENSDART00000000392	pde6a	3	161.3	165.2	NA	NA	NA	NA	NA	NA	NA
ENSDART00000122760	SH3D21	6	29.7	20.1	NA	NA	NA	NA	NA	NA	NA
ENSDART00000121724	lrp5	24	23.8	13.5	-1.7	8.7	29.7	62.4	4.78	3.83	-0.319666226056
ENSDART00000121725	zcchc10	287	53.8	43.6	10.4	20.5	72.1	117.1	32.86	161.4	2.29623619322
ENSDART00000147627	jarid2b	127	82.2	68.9	20.9	33.5	128.0	156.9	11.92	35.04	1.55561853914
ENSDART00000026816	COX20	33	60.2	51.8	8.2	17.8	82.6	120.1	NA	NA	NA
ENSDART00000013033	etv4	360	60.1	51.3	12.6	23.3	89.5	124.1	NA	NA	NA
ENSDART00000085685	sirt7	39	64.6	51.6	13.7	26.5	94.5	136.2	NA	NA	NA
ENSDART00000122525	CABZ01080568.2	44	59.3	38.7	12.0	21.9	69.5	130.5	47.17	18.69	-1.33560303178
ENSDART00000121728	rpl19	781	76.6	72.2	20.2	35.4	114.0	135.9	928.77	739.74	-0.328303083954
ENSDART00000122521	CLNK	1	31.5	31.5	NA	NA	NA	NA	NA	NA	NA
ENSDART00000056369	cadm2a	1	33.2	33.2	NA	NA	NA	NA	NA	NA	NA
ENSDART00000025820	hoga1	1	30.3	30.3	NA	NA	NA	NA	NA	NA	NA
ENSDART00000127548	etv5b	765	65.9	53.8	17.4	28.2	93.7	131.4	47.02	319.21	2.76315940396
ENSDART00000061794	nr1h4	1	21.0	21.0	NA	NA	NA	NA	NA	NA	NA
ENSDART00000015979	farsb	89	52.4	34.5	13.7	23.3	66.6	119.0	16.06	33.12	1.04423077998
ENSDART00000136259	kctd10	124	55.8	32.5	12.7	18.8	80.2	133.5	NA	NA	NA
ENSDART00000064380	lama2	2	-0.4	-0.4	NA	NA	NA	NA	NA	NA	NA
ENSDART00000080808	six3a	6	64.2	41.6	NA	NA	NA	NA	NA	NA	NA
ENSDART00000144711	tmem154	138	67.4	51.9	11.5	24.6	102.5	151.5	NA	NA	NA
ENSDART00000123656	ATP6AP1L	1	10.6	10.6	NA	NA	NA	NA	NA	NA	NA
ENSDART00000131972	bckdhbl	16	78.4	59.1	22.6	39.6	113.5	162.3	NA	NA	NA
ENSDART00000123655	psip1	27	21.6	17.3	10.2	11.6	28.9	42.5	NA	NA	NA
ENSDART00000123652	si:dkeyp-86f7.3	1040	113.1	109.4	70.5	89.7	132.9	157.3	NA	NA	NA
ENSDART00000131975	telo2	26	91.0	70.1	16.7	45.4	119.2	204.1	6.66	5.0	-0.413594082409
ENSDART00000131977	ppp2r3a	1	121.6	121.6	NA	NA	NA	NA	NA	NA	NA
ENSDART00000152975	MSL1	118	67.1	50.0	10.9	22.6	97.8	145.6	10.54	37.71	1.8390722835
ENSDART00000147778	usp19	6	78.3	43.2	NA	NA	NA	NA	7.11	30.98	2.12341567917
ENSDART00000079541	tmem56a	6	29.6	18.9	NA	NA	NA	NA	NA	NA	NA
ENSDART00000078447	tprg1	12	37.3	34.0	16.9	26.4	44.9	64.1	NA	NA	NA
ENSDART00000121878	znf277	8	21.1	20.0	NA	NA	NA	NA	NA	NA	NA
ENSDART00000121872	BX004890.2	21	59.9	29.5	13.9	20.2	122.1	143.6	NA	NA	NA
ENSDART00000144986	otud5a	9	61.0	68.2	NA	NA	NA	NA	9.01	19.69	1.12786410009
ENSDART00000036801	slc17a9a	8	46.3	19.2	NA	NA	NA	NA	NA	NA	NA
ENSDART00000037401	herpud2	22	59.4	37.9	10.8	18.1	71.1	152.9	NA	NA	NA
ENSDART00000100160	chtf8	33	37.2	31.4	9.8	15.5	51.6	70.1	NA	NA	NA
ENSDART00000105405	cirbp	13849	109.6	107.6	54.7	80.9	135.6	165.5	2142.96	7113.87	1.73102968935
ENSDART00000061117	rrbp1b	46	39.1	27.8	12.3	14.6	52.2	83.5	17.05	4.77	-1.83771056791
ENSDART00000127099	nr2e3	1	47.2	47.2	NA	NA	NA	NA	NA	NA	NA
ENSDART00000007512	pole3	32	44.7	31.2	9.7	14.1	65.1	108.5	50.29	79.79	0.66593639285
ENSDART00000000693	osgepl1	1	115.6	115.6	NA	NA	NA	NA	NA	NA	NA
ENSDART00000128122	KLHL9	77	34.8	25.9	12.7	18.4	42.2	67.0	8.86	11.3	0.350944168748
ENSDART00000103798	nme6	12	36.1	27.0	9.6	13.8	32.6	80.1	NA	NA	NA
ENSDART00000113159	prickle3	21	45.1	36.6	6.5	15.5	60.7	103.8	NA	NA	NA
ENSDART00000034536	rab5c	72	40.5	24.9	11.3	16.0	47.5	103.9	16.77	14.92	-0.168635153309
ENSDART00000149905	mrpl17	36	56.4	40.0	9.5	19.6	82.6	113.3	NA	NA	NA
ENSDART00000149902	ddr2a	1	5.6	5.6	NA	NA	NA	NA	NA	NA	NA
ENSDART00000105114	btr16	1	21.4	21.4	NA	NA	NA	NA	NA	NA	NA
ENSDART00000134554	cmpk	152	38.7	25.2	9.6	15.5	45.4	97.4	26.77	50.83	0.925063091808
ENSDART00000152973	RNF157	7	41.4	28.3	NA	NA	NA	NA	NA	NA	NA
ENSDART00000105117	sptssa	79	48.3	40.6	8.0	16.5	66.9	116.3	NA	NA	NA
ENSDART00000045539	MYO5C	3	31.3	28.1	NA	NA	NA	NA	NA	NA	NA
ENSDART00000099945	pdlim5a	1	22.8	22.8	NA	NA	NA	NA	NA	NA	NA
ENSDART00000113998	CR376738.1	1	19.9	19.9	NA	NA	NA	NA	NA	NA	NA
ENSDART00000042755	ampd1	3	46.8	28.6	NA	NA	NA	NA	NA	NA	NA
ENSDART00000033980	lims1	146	62.0	49.8	11.2	20.6	95.1	137.1	NA	NA	NA
ENSDART00000142244	dnajb1b	819	56.0	49.6	14.0	28.9	77.8	110.2	68.04	416.03	2.61223251901
ENSDART00000099943	PSMB10	21	43.8	34.6	12.1	21.0	69.4	86.3	NA	NA	NA
ENSDART00000146717	clica	164	44.5	26.6	5.6	12.2	61.5	104.2	NA	NA	NA
ENSDART00000146715	st6galnac3	1	32.7	32.7	NA	NA	NA	NA	NA	NA	NA
ENSDART00000036204	cdv3	200	53.2	44.5	10.5	23.1	73.0	109.8	56.7	91.82	0.695459696883
ENSDART00000103123	anapc11	86	50.6	40.0	17.2	25.9	57.9	93.6	77.48	80.23	0.0503178433166
ENSDART00000050535	rrnad1	15	41.2	31.4	13.9	23.2	54.0	82.9	NA	NA	NA
ENSDART00000047013	srprb	390	67.0	51.2	19.1	28.7	91.2	141.2	59.7	119.46	1.00072479029
ENSDART00000047015	CCDC115	6	40.9	36.0	NA	NA	NA	NA	NA	NA	NA
ENSDART00000134723	prr15la	5	51.8	52.6	NA	NA	NA	NA	NA	NA	NA
ENSDART00000065380	camk1ga	2	76.1	76.1	NA	NA	NA	NA	NA	NA	NA
ENSDART00000065385	nr4a2b	2	17.7	17.7	NA	NA	NA	NA	NA	NA	NA
ENSDART00000002930	phf20l1	109	67.9	47.2	6.4	13.0	106.4	163.9	23.5	37.07	0.657591358367
ENSDART00000002932	marcksb	3421	112.1	112.3	69.9	91.8	133.1	153.3	320.99	1532.12	2.25492903968
ENSDART00000122389	elmod1	1	22.7	22.7	NA	NA	NA	NA	NA	NA	NA
ENSDART00000026766	aldocb	7	28.4	21.4	NA	NA	NA	NA	NA	NA	NA
ENSDART00000026767	akt2	176	57.0	43.6	7.8	16.8	90.2	124.7	22.05	139.87	2.66523599852
ENSDART00000098010	ptger4b	136	53.8	36.2	6.2	12.4	82.0	135.5	NA	NA	NA
ENSDART00000126414	eml1	11	83.7	84.5	20.2	42.3	126.6	148.5	NA	NA	NA
ENSDART00000126759	cnih4	180	60.4	53.1	16.1	27.1	87.3	118.7	NA	NA	NA
ENSDART00000010322	SENP8	2	28.4	28.4	NA	NA	NA	NA	NA	NA	NA
ENSDART00000102184	arl13b	9	65.5	61.7	NA	NA	NA	NA	NA	NA	NA
ENSDART00000143295	hnmt	2	18.7	18.7	NA	NA	NA	NA	NA	NA	NA
ENSDART00000018114	usp33	33	40.6	17.8	10.2	12.9	48.5	106.7	NA	NA	NA
ENSDART00000130190	uros	24	28.4	21.1	13.4	14.1	31.0	58.3	NA	NA	NA
ENSDART00000074919	ubqln4	558	89.8	87.4	35.1	63.5	115.4	143.5	46.64	367.0	2.97614036942
ENSDART00000033188	btg1	419	42.0	26.6	7.2	14.9	55.7	99.4	NA	NA	NA
ENSDART00000066604	gpr137c	27	45.6	34.1	4.2	13.7	54.3	107.5	NA	NA	NA
ENSDART00000018119	e2f4	171	75.7	61.8	15.9	33.7	112.4	143.6	15.16	76.69	2.33876871612
ENSDART00000100941	chchd1	45	73.4	67.2	19.6	34.5	104.9	140.9	NA	NA	NA
ENSDART00000080916	fgfr2	7	82.6	121.1	NA	NA	NA	NA	NA	NA	NA
ENSDART00000111590	vps35	149	42.9	25.6	6.4	14.2	53.8	108.7	5.29	23.17	2.13091841675
ENSDART00000111591	slc16a6a	1	36.9	36.9	NA	NA	NA	NA	NA	NA	NA
ENSDART00000111842	sall1a	164	62.2	48.0	10.2	18.9	96.2	139.9	NA	NA	NA
ENSDART00000111841	AL840638.1	8	36.1	33.1	NA	NA	NA	NA	NA	NA	NA
ENSDART00000059476	psmg1	59	36.8	35.0	13.0	18.8	52.1	65.6	28.15	30.84	0.131667842947
ENSDART00000137128	ap1b1	37	49.8	36.9	8.3	13.2	60.3	123.2	NA	NA	NA
ENSDART00000121550	ktn1	100	36.9	31.3	10.6	20.3	47.3	59.3	34.47	8.54	-2.01303332375
ENSDART00000030984	wdr73	11	60.5	46.2	16.0	23.7	75.3	117.2	NA	NA	NA
ENSDART00000125714	CR788311.1	1	103.3	103.3	NA	NA	NA	NA	NA	NA	NA
ENSDART00000043866	plk4	66	87.2	78.6	13.4	27.5	123.6	181.5	10.22	8.62	-0.245635421849
ENSDART00000073694	SMU1	4	100.8	100.1	NA	NA	NA	NA	NA	NA	NA
ENSDART00000077936	lcmt1	30	45.7	33.8	15.3	20.2	56.7	113.6	NA	NA	NA
ENSDART00000141921	arhgap29b	2	94.2	94.2	NA	NA	NA	NA	NA	NA	NA
ENSDART00000101413	si:ch211-214c7.4	407	58.8	49.2	9.6	18.9	86.8	126.7	14.26	134.04	3.23261770476
ENSDART00000101414	hnrnpd	2	49.3	49.3	NA	NA	NA	NA	83.36	189.94	1.18811657597
ENSDART00000004896	kat7	375	56.4	39.5	10.2	17.7	89.5	135.0	31.07	163.15	2.39260484086
ENSDART00000004899	ccnl1b	372	69.4	54.3	11.4	21.7	103.9	156.3	68.87	105.62	0.61693546438
ENSDART00000114961	si:ch211-131k2.3	3	111.9	115.3	NA	NA	NA	NA	NA	NA	NA
ENSDART00000129248	clstn1	131	95.2	89.2	30.6	56.3	128.9	162.2	7.03	37.63	2.420286695
ENSDART00000109434	AIFM2	31	60.4	35.5	13.3	20.1	70.9	146.8	NA	NA	NA
ENSDART00000109432	cercam	14	91.8	78.2	60.4	68.7	97.3	146.8	NA	NA	NA
ENSDART00000140708	si:ch211-284e13.9	6	70.0	73.8	NA	NA	NA	NA	NA	NA	NA
ENSDART00000142575	tceb1b	134	60.7	55.7	22.7	34.9	73.0	102.2	NA	NA	NA
ENSDART00000057164	cox16	42	55.7	48.8	17.7	31.5	70.1	92.9	NA	NA	NA
ENSDART00000058707	CU694315.1	4	38.5	18.9	NA	NA	NA	NA	NA	NA	NA
ENSDART00000078460	si:dkey-191g9.5	1	39.6	39.6	NA	NA	NA	NA	NA	NA	NA
ENSDART00000078464	CABZ01065506.1	1	70.1	70.1	NA	NA	NA	NA	NA	NA	NA
ENSDART00000097631	SLC9A1	28	70.7	50.7	16.0	22.0	106.1	148.0	10.46	6.68	-0.646962843773
ENSDART00000112169	rbm4.2	786	88.1	85.3	30.7	57.1	114.5	141.7	68.47	582.98	3.08990247292
ENSDART00000080103	mxd3	22	48.3	33.5	10.4	16.0	74.8	105.1	NA	NA	NA
ENSDART00000112165	pi4kb	162	67.8	62.6	13.2	23.6	106.9	133.6	15.32	68.79	2.16678255838
ENSDART00000112167	srfbp1	133	46.5	33.2	11.1	17.9	63.2	105.8	54.11	52.01	-0.0571062033863
ENSDART00000053883	si:dkey-60a16.1	17	54.1	41.7	9.4	15.8	72.6	122.6	NA	NA	NA
ENSDART00000122321	slc33a1	6	33.0	26.9	NA	NA	NA	NA	NA	NA	NA
ENSDART00000032275	atp6v1c1a	13	79.0	87.6	8.9	38.5	114.6	153.9	NA	NA	NA
ENSDART00000039917	acsl1	8	74.5	80.0	NA	NA	NA	NA	NA	NA	NA
ENSDART00000103068	exoc1	48	43.2	29.0	10.2	14.6	71.6	97.6	7.86	12.97	0.722577261993
ENSDART00000039911	PKD1	1	6.8	6.8	NA	NA	NA	NA	NA	NA	NA
ENSDART00000001359	psmb11	3	46.2	57.0	NA	NA	NA	NA	NA	NA	NA
ENSDART00000039913	hspbap1	2	26.8	26.8	NA	NA	NA	NA	NA	NA	NA
ENSDART00000099566	CDCA2	183	44.7	31.4	12.5	18.3	52.4	96.6	17.71	21.08	0.251310654885
ENSDART00000089274	tab3	93	44.0	25.5	7.5	15.7	59.4	97.7	8.48	4.34	-0.966369222119
ENSDART00000009586	CAMTA2	14	55.1	31.7	13.0	24.8	50.8	142.2	NA	NA	NA
ENSDART00000128002	adrm1	286	96.8	92.9	39.7	65.8	126.1	159.7	48.51	85.07	0.810368274566
ENSDART00000062359	unga	47	39.7	26.7	13.3	19.9	46.8	90.5	13.78	40.11	1.54138607811
ENSDART00000130312	BX324216.2	1	68.9	68.9	NA	NA	NA	NA	NA	NA	NA
ENSDART00000130311	naa30	67	46.2	29.7	9.6	18.2	71.3	109.2	NA	NA	NA
ENSDART00000048821	plxnb2a	120	56.5	29.0	6.1	11.4	81.4	154.8	4.14	11.77	1.50741164754
ENSDART00000003493	nfyal	44	45.6	37.7	19.5	24.6	53.2	88.8	NA	NA	NA
ENSDART00000079758	eif4g2b	670	60.0	48.7	15.8	27.3	81.2	125.4	70.0	228.66	1.70777718681
ENSDART00000002556	mrto4	124	72.8	69.6	20.8	40.9	99.3	122.4	NA	NA	NA
ENSDART00000008980	babam1	30	42.9	33.5	5.6	22.1	51.9	86.3	NA	NA	NA
ENSDART00000129773	CU571255.1	1	7.4	7.4	NA	NA	NA	NA	NA	NA	NA
ENSDART00000008986	si:ch211-266k8.3	2	98.7	98.7	NA	NA	NA	NA	NA	NA	NA
ENSDART00000138162	arhgap35	65	69.6	65.3	18.9	30.2	90.3	128.7	3.15	3.97	0.333787178756
ENSDART00000041249	CHORDC1	25	44.8	25.1	7.4	16.0	66.0	118.5	NA	NA	NA
ENSDART00000124448	metap2b	8	50.0	21.2	NA	NA	NA	NA	83.95	72.84	-0.204799402848
ENSDART00000146870	CEBPZ	162	54.8	41.2	12.3	21.0	71.3	126.4	235.13	56.11	-2.06712880482
ENSDART00000098711	eif3k	58	105.0	106.1	41.4	66.3	129.6	166.0	202.7	135.97	-0.576057713988
ENSDART00000110166	zmiz2	201	64.8	48.7	9.6	22.9	98.5	140.1	9.44	40.56	2.10319888764
ENSDART00000032393	ginm1	48	40.5	32.9	13.6	24.5	50.4	72.8	NA	NA	NA
ENSDART00000046626	PRKAR2B	3	77.6	76.9	NA	NA	NA	NA	NA	NA	NA
ENSDART00000065325	cdc23	73	60.7	46.7	3.4	19.6	80.1	141.9	21.45	24.04	0.164459248324
ENSDART00000097478	lsmd1	80	63.6	55.3	15.9	26.8	96.6	117.0	43.78	60.45	0.465470384956
ENSDART00000000698	psmb9a	1	22.8	22.8	NA	NA	NA	NA	NA	NA	NA
ENSDART00000053267	hnrnpa1	5532	73.6	70.8	32.3	48.9	92.5	117.1	1176.21	2652.86	1.1734028806
ENSDART00000136416	abhd4	11	18.6	14.5	7.5	13.5	20.4	22.3	NA	NA	NA
ENSDART00000092116	extl2	17	13.4	11.7	6.2	6.7	16.8	24.9	NA	NA	NA
ENSDART00000136412	tex30	3	40.5	13.8	NA	NA	NA	NA	NA	NA	NA
ENSDART00000078807	zgc:123295	33	91.6	86.1	36.7	62.2	125.0	159.4	NA	NA	NA
ENSDART00000139690	si:dkey-224e22.2	6	21.6	22.6	NA	NA	NA	NA	NA	NA	NA
ENSDART00000078526	si:dkey-12h9.6	2	57.5	57.5	NA	NA	NA	NA	NA	NA	NA
ENSDART00000022903	b4galt4	29	83.6	79.5	15.2	28.5	117.5	181.4	NA	NA	NA
ENSDART00000097475	plcl1	2	8.6	8.6	NA	NA	NA	NA	NA	NA	NA
ENSDART00000091777	bap1	45	63.6	49.7	6.8	19.3	97.3	157.9	13.03	18.75	0.525053511702
ENSDART00000113698	LIMA1	121	80.7	77.0	19.0	35.0	111.2	143.9	7.04	32.73	2.21696626841
ENSDART00000127730	chd2	32	110.7	96.0	25.1	63.0	138.7	213.9	8.51	8.21	-0.0517769099082
ENSDART00000129241	ERICH2	19	98.1	85.3	33.1	68.5	130.1	174.1	NA	NA	NA
ENSDART00000126960	samd1a	20	90.1	86.4	25.5	50.4	118.5	165.5	NA	NA	NA
ENSDART00000126967	strn3	138	69.6	55.8	11.9	24.7	106.4	151.6	20.34	24.87	0.290086828359
ENSDART00000129714	spcs3	283	64.6	56.1	18.9	34.2	86.1	119.6	67.5	74.06	0.133807047346
ENSDART00000092113	zranb1b	51	52.3	38.7	9.0	19.0	75.6	124.2	17.51	8.4	-1.05971785077
ENSDART00000133461	camk2b1	4	30.1	26.1	NA	NA	NA	NA	NA	NA	NA
ENSDART00000114646	NIPBL	85	74.4	61.6	10.1	22.7	115.9	159.9	23.74	10.28	-1.20747967045
ENSDART00000110084	CT573494.2	3	34.3	11.7	NA	NA	NA	NA	NA	NA	NA
ENSDART00000035581	OTOP1	271	76.6	72.0	26.2	43.3	102.9	134.4	NA	NA	NA
ENSDART00000110337	KCNT2	1	115.4	115.4	NA	NA	NA	NA	NA	NA	NA
ENSDART00000124032	SERBP1	735	78.5	65.7	19.6	35.2	111.5	156.7	63.31	179.49	1.50339816815
ENSDART00000150064	cdc14b	139	68.9	52.4	13.7	22.0	110.1	149.3	23.33	48.5	1.05579843998
ENSDART00000150062	ap1g1	133	62.3	42.6	13.4	19.7	97.0	141.5	10.74	38.77	1.85194674177
ENSDART00000149744	mllt10	135	99.8	104.1	20.6	54.2	139.3	170.8	15.2	33.18	1.12624256262
ENSDART00000149297	slc20a2	84	45.3	39.0	12.3	24.6	56.6	86.1	7.68	20.45	1.41292262711
ENSDART00000092609	pvrl2l	4	32.5	24.3	NA	NA	NA	NA	NA	NA	NA
ENSDART00000150068	sox6	1	0.5	0.5	NA	NA	NA	NA	NA	NA	NA
ENSDART00000101124	rnaseka	40	89.6	92.9	24.4	53.6	114.6	148.9	NA	NA	NA
ENSDART00000061679	dmap1	6	47.6	48.1	NA	NA	NA	NA	16.93	42.61	1.33161007828
ENSDART00000131193	C25H11orf74	46	24.2	23.8	9.5	16.2	31.2	37.6	NA	NA	NA
ENSDART00000125925	tead1a	105	84.3	76.6	22.6	37.5	115.2	146.5	NA	NA	NA
ENSDART00000125923	cxcl14	3	74.1	18.9	NA	NA	NA	NA	NA	NA	NA
ENSDART00000125920	pdlim2	12	37.1	39.1	13.9	14.8	50.4	60.6	NA	NA	NA
ENSDART00000022307	atic	68	41.8	35.7	15.6	23.5	56.7	78.9	10.88	35.09	1.68938139115
ENSDART00000067159	tph1a	1	16.5	16.5	NA	NA	NA	NA	NA	NA	NA
ENSDART00000091550	LPHN2	20	69.8	40.9	12.0	25.7	120.8	171.7	4.56	4.31	-0.0813459550756
ENSDART00000145124	si:ch211-242f23.7	18	70.9	64.7	23.1	33.8	101.5	120.7	NA	NA	NA
ENSDART00000101120	zgc:92664	89	61.1	41.6	10.7	22.0	92.3	139.9	NA	NA	NA
ENSDART00000145120	PARP14	0	NA	NA	NA	NA	NA	NA	1.92	3.86	1.00749453655
ENSDART00000028087	cds2	53	23.8	17.5	5.5	10.9	26.8	33.2	NA	NA	NA
ENSDART00000113345	LENG8	134	84.2	63.1	12.8	22.6	119.3	190.5	8.65	59.23	2.77555604827
ENSDART00000114423	rapgef3	1	101.6	101.6	NA	NA	NA	NA	NA	NA	NA
ENSDART00000113342	tox3	16	96.1	98.9	18.9	35.3	143.3	166.5	NA	NA	NA
ENSDART00000005853	otub1b	52	37.5	26.5	11.0	16.9	45.7	73.9	NA	NA	NA
ENSDART00000087438	cog7	156	63.4	41.4	9.0	19.7	91.4	150.9	7.03	14.56	1.05041376113
ENSDART00000005857	PRICKLE2	1	27.0	27.0	NA	NA	NA	NA	NA	NA	NA
ENSDART00000114429	CR381676.2	29	62.6	56.7	16.9	26.2	86.2	122.9	NA	NA	NA
ENSDART00000081875	nnr	1076	58.7	55.2	25.7	38.0	72.8	93.6	NA	NA	NA
ENSDART00000075584	kctd12.2	1	36.9	36.9	NA	NA	NA	NA	NA	NA	NA
ENSDART00000048775	mbd3b	239	86.9	81.3	31.4	57.1	113.9	149.2	NA	NA	NA
ENSDART00000043660	copg2	193	35.8	26.5	12.6	17.5	37.9	73.0	21.93	79.91	1.86547024243
ENSDART00000019235	atp5d	122	68.9	56.0	19.9	35.4	90.2	134.3	59.46	58.48	-0.0239761519552
ENSDART00000043666	HS1BP3	8	37.2	31.0	NA	NA	NA	NA	NA	NA	NA
ENSDART00000133747	CU302436.4	26	21.0	10.2	-12.9	-4.7	46.2	65.4	NA	NA	NA
ENSDART00000124943	aldh16a1	9	20.4	15.5	NA	NA	NA	NA	NA	NA	NA
ENSDART00000103776	hdhd3	3	23.3	14.7	NA	NA	NA	NA	NA	NA	NA
ENSDART00000149124	ttc1	72	45.9	37.1	8.2	15.7	62.0	91.1	14.86	38.21	1.36251614182
ENSDART00000007726	ccdc101	53	93.4	84.3	14.7	32.7	147.0	178.7	12.21	12.5	0.033864894562
ENSDART00000151218	tpd52	22	17.3	18.8	3.3	10.0	24.9	31.5	NA	NA	NA
ENSDART00000064172	gpd1a	2	24.4	24.4	NA	NA	NA	NA	NA	NA	NA
ENSDART00000031775	zgc:73226	4	49.0	45.6	NA	NA	NA	NA	NA	NA	NA
ENSDART00000141730	rabif	56	53.9	45.5	11.5	26.3	72.2	111.5	NA	NA	NA
ENSDART00000064176	mob3c	1	3.6	3.6	NA	NA	NA	NA	NA	NA	NA
ENSDART00000124464	sox9b	4	18.6	18.7	NA	NA	NA	NA	NA	NA	NA
ENSDART00000139432	gtdc2	10	57.5	54.1	8.2	16.3	89.4	103.5	NA	NA	NA
ENSDART00000138107	rps2	1638	89.4	87.9	41.1	62.0	113.7	137.5	1392.92	499.18	-1.4804803637
ENSDART00000113427	TMEM260	14	29.3	26.6	6.1	16.4	32.7	55.1	NA	NA	NA
ENSDART00000028885	hmga1a	15757	106.5	104.9	62.3	83.2	128.9	152.5	1267.68	8704.31	2.77953932597
ENSDART00000028887	tmem9b	55	62.2	48.7	10.6	20.2	90.7	140.2	NA	NA	NA
ENSDART00000135508	josd2	10	44.8	34.4	15.2	19.3	51.8	99.3	NA	NA	NA
ENSDART00000099885	XAF1	9	18.4	15.3	NA	NA	NA	NA	NA	NA	NA
ENSDART00000088363	setdb1b	96	51.2	33.1	9.5	16.8	72.8	122.2	23.58	36.59	0.633885697359
ENSDART00000026152	asap2a	36	61.2	44.2	7.8	23.2	92.7	145.4	NA	NA	NA
ENSDART00000043002	rab1a	114	88.3	87.4	29.9	54.4	112.7	153.2	NA	NA	NA
ENSDART00000134461	zgc:193690	7	33.6	37.1	NA	NA	NA	NA	NA	NA	NA
ENSDART00000114053	CU462913.1	1	45.9	45.9	NA	NA	NA	NA	NA	NA	NA
ENSDART00000054823	aurkb	304	76.7	72.6	10.7	37.7	111.5	144.7	84.21	134.02	0.670384842549
ENSDART00000088367	KDM5A	61	99.9	94.8	21.2	57.3	135.4	172.6	35.22	8.74	-2.01068972433
ENSDART00000080472	fut11	78	53.6	35.2	16.9	23.6	77.2	112.9	7.99	15.01	0.909656568693
ENSDART00000080477	EPHB6	21	74.1	73.9	3.7	35.6	118.3	129.6	NA	NA	NA
ENSDART00000144525	EPG5	12	39.4	25.6	16.5	20.0	41.2	52.1	NA	NA	NA
ENSDART00000075574	HSPA4L	2	85.1	85.1	NA	NA	NA	NA	NA	NA	NA
ENSDART00000080479	SHC3	3	20.0	14.6	NA	NA	NA	NA	NA	NA	NA
ENSDART00000128239	TCERG1	3	0.3	-1.5	NA	NA	NA	NA	NA	NA	NA
ENSDART00000088490	neurlb	135	46.3	26.8	8.4	14.1	65.2	114.2	NA	NA	NA
ENSDART00000130968	rcbtb2	7	45.8	30.0	NA	NA	NA	NA	NA	NA	NA
ENSDART00000111063	kctd1	6	70.2	31.6	NA	NA	NA	NA	NA	NA	NA
ENSDART00000075275	CABZ01066502.1	1	334.2	334.2	NA	NA	NA	NA	NA	NA	NA
ENSDART00000075270	zgc:153733	15	21.7	11.4	6.2	7.6	19.7	30.6	NA	NA	NA
ENSDART00000130961	hsf4	1	40.4	40.4	NA	NA	NA	NA	NA	NA	NA
ENSDART00000135443	kdm5ba	73	90.8	80.8	18.1	36.4	136.0	178.2	8.43	17.21	1.0296425611
ENSDART00000075186	GALNT16	2	36.5	36.5	NA	NA	NA	NA	NA	NA	NA
ENSDART00000059861	rp42-pen	4	26.5	20.2	NA	NA	NA	NA	NA	NA	NA
ENSDART00000152788	MKI67	1196	71.3	60.3	13.2	28.4	103.2	146.3	104.38	399.8	1.93743316501
ENSDART00000152789	etaa1	20	49.5	27.7	7.5	13.7	62.2	140.8	NA	NA	NA
ENSDART00000112908	PELP1	281	76.7	66.3	25.5	41.5	104.4	142.3	54.34	59.79	0.137889645338
ENSDART00000025931	tfap2e	2	10.9	10.9	NA	NA	NA	NA	NA	NA	NA
ENSDART00000148659	clip2	56	65.6	42.7	12.1	22.1	109.3	146.8	5.98	7.55	0.336331160014
ENSDART00000059869	adra2a	2	73.7	73.7	NA	NA	NA	NA	NA	NA	NA
ENSDART00000152787	ATP8B2	2	34.2	34.2	NA	NA	NA	NA	NA	NA	NA
ENSDART00000152780	si:dkey-7e14.7	2	29.5	29.5	NA	NA	NA	NA	NA	NA	NA
ENSDART00000075188	zgc:112399	9	54.4	28.6	NA	NA	NA	NA	NA	NA	NA
ENSDART00000051139	ncor2	7	16.9	15.7	NA	NA	NA	NA	2.88	0.87	-1.72698150559
ENSDART00000122269	CABZ01074130.1	1	68.1	68.1	NA	NA	NA	NA	NA	NA	NA
ENSDART00000140061	sqstm1	32	44.1	40.4	14.4	21.3	49.7	69.4	NA	NA	NA
ENSDART00000051649	xbp1	1285	37.9	24.8	10.7	16.0	46.9	82.6	221.86	166.77	-0.411789793975
ENSDART00000122260	heatr5a	68	35.7	21.9	7.5	13.9	28.7	79.1	10.93	3.82	-1.51664885764
ENSDART00000051644	COQ5	46	56.2	47.6	11.7	19.1	89.7	112.4	NA	NA	NA
ENSDART00000051135	emc6	248	37.5	25.7	10.9	16.4	43.8	76.3	43.94	54.69	0.315742192337
ENSDART00000030103	zgc:153629	8	81.4	64.7	NA	NA	NA	NA	NA	NA	NA
ENSDART00000101977	kctd12.1	2	12.6	12.6	NA	NA	NA	NA	NA	NA	NA
ENSDART00000101974	erh	1060	74.5	71.1	27.2	47.3	97.4	123.1	230.65	1402.51	2.60423385988
ENSDART00000060453	mfsd11	78	33.0	27.3	10.8	19.2	42.4	57.9	NA	NA	NA
ENSDART00000011456	TSG101	24	42.0	24.3	8.4	11.0	60.6	100.0	NA	NA	NA
ENSDART00000152706	nlrx1	38	30.2	26.3	5.6	13.6	41.7	63.3	NA	NA	NA
ENSDART00000146965	dnttip2	332	75.6	64.4	16.2	32.1	105.4	148.4	58.05	111.37	0.939992690636
ENSDART00000008215	pip5k1bb	2	10.8	10.8	NA	NA	NA	NA	NA	NA	NA
ENSDART00000112270	tanc2	6	26.9	22.3	NA	NA	NA	NA	NA	NA	NA
ENSDART00000091894	MAN2A2	32	50.2	39.7	8.5	21.2	62.2	114.9	NA	NA	NA
ENSDART00000111454	UBA6	9	58.1	25.6	NA	NA	NA	NA	NA	NA	NA
ENSDART00000111453	CU655870.1	14	29.0	16.6	8.2	13.1	33.9	71.2	NA	NA	NA
ENSDART00000075989	zgc:123248	3	39.5	41.1	NA	NA	NA	NA	NA	NA	NA
ENSDART00000075982	ankrd55	1	89.5	89.5	NA	NA	NA	NA	NA	NA	NA
ENSDART00000111458	FRMD1	68	70.5	59.6	10.9	26.7	109.9	151.2	NA	NA	NA
ENSDART00000014140	rundc3b	3	71.6	39.1	NA	NA	NA	NA	27.02	26.35	-0.0362247128011
ENSDART00000100620	si:dkeyp-50f7.2	0	NA	NA	NA	NA	NA	NA	8.52	0.62	-3.78051330984
ENSDART00000101627	IGLON5	11	19.9	17.4	13.6	14.8	24.9	31.2	NA	NA	NA
ENSDART00000144203	sec61g	1079	75.8	71.2	29.2	48.6	98.7	128.7	641.42	810.15	0.336919710119
ENSDART00000127370	mtmr7b	3	30.9	29.0	NA	NA	NA	NA	NA	NA	NA
ENSDART00000040292	cpsf3	264	68.0	56.9	14.7	26.7	94.6	136.6	34.98	50.92	0.54170212998
ENSDART00000040926	eif4ebp2	122	28.0	16.3	7.0	10.2	25.6	53.7	NA	NA	NA
ENSDART00000074587	paqr5b	16	89.3	67.1	17.2	34.3	135.6	177.2	NA	NA	NA
ENSDART00000126362	anapc16	147	66.5	55.7	25.3	33.6	86.5	125.9	67.92	126.6	0.898369040763
ENSDART00000139076	hbs1l	70	53.6	34.7	12.1	22.3	65.4	131.3	5.26	13.31	1.33937586662
ENSDART00000140760	e2f7	94	67.7	53.7	7.7	22.0	89.6	162.1	NA	NA	NA
ENSDART00000078250	nr4a3	1	26.3	26.3	NA	NA	NA	NA	NA	NA	NA
ENSDART00000008373	fosl1a	2	90.7	90.7	NA	NA	NA	NA	NA	NA	NA
ENSDART00000137959	il7r	1	14.4	14.4	NA	NA	NA	NA	NA	NA	NA
ENSDART00000078256	dopey2	10	13.8	11.3	4.2	7.5	18.3	24.3	NA	NA	NA
ENSDART00000124638	stat5.2	28	52.7	38.5	11.9	18.7	65.1	88.8	NA	NA	NA
ENSDART00000133126	fibpa	16	70.5	50.8	17.8	29.0	69.9	121.7	NA	NA	NA
ENSDART00000027424	sars2	7	29.8	26.6	NA	NA	NA	NA	NA	NA	NA
ENSDART00000027425	col5a1	1	41.4	41.4	NA	NA	NA	NA	NA	NA	NA
ENSDART00000124633	nkain2	1	25.0	25.0	NA	NA	NA	NA	NA	NA	NA
ENSDART00000124635	zgc:162472	15	122.8	132.6	22.9	49.8	191.3	218.5	2.28	2.25	-0.0191088229477
ENSDART00000124634	BX511013.1	2	26.8	26.8	NA	NA	NA	NA	NA	NA	NA
ENSDART00000124637	dmrt1	4	54.1	53.4	NA	NA	NA	NA	NA	NA	NA
ENSDART00000017684	KCNN2	1	11.9	11.9	NA	NA	NA	NA	NA	NA	NA
ENSDART00000061499	cxcr4b	515	49.6	33.0	6.4	14.1	75.6	119.9	NA	NA	NA
ENSDART00000048599	rps19	1172	85.5	86.3	33.4	51.1	113.3	136.4	1793.46	559.08	-1.68161892746
ENSDART00000146258	zgc:85910	16	30.2	19.0	5.7	12.6	30.3	68.9	NA	NA	NA
ENSDART00000123346	CCNB1	19	14.4	13.5	3.4	8.9	19.2	24.6	15.92	3.01	-2.40300494378
ENSDART00000136431	rtkn2	65	45.4	26.7	7.3	13.3	69.7	96.2	NA	NA	NA
ENSDART00000113904	STARD5	1	36.7	36.7	NA	NA	NA	NA	NA	NA	NA
ENSDART00000083928	c1qtnf2	2	30.2	30.2	NA	NA	NA	NA	NA	NA	NA
ENSDART00000093383	vps72	241	59.1	50.9	14.4	23.7	83.8	121.7	NA	NA	NA
ENSDART00000110854	elk1	14	73.9	67.4	20.1	43.9	112.2	121.0	NA	NA	NA
ENSDART00000102993	mettl14	60	82.4	70.7	18.1	40.8	111.8	151.9	22.86	47.52	1.05570943259
ENSDART00000056645	puf60a	441	66.7	51.9	14.0	25.7	96.6	143.8	103.27	140.43	0.443429959635
ENSDART00000056642	tmub1	30	22.0	17.3	5.6	8.3	26.3	43.7	NA	NA	NA
ENSDART00000083431	cpt1a	26	113.8	111.4	69.1	100.0	130.5	170.3	NA	NA	NA
ENSDART00000102445	clasp1a	60	53.9	33.6	16.2	24.7	71.7	135.7	2.92	21.55	2.8836475951
ENSDART00000020550	ube2e3	48	46.1	28.3	12.4	19.0	44.9	87.3	18.12	63.79	1.81574732313
ENSDART00000106285	CT030204.3	33	52.0	37.0	8.3	18.6	74.8	117.8	NA	NA	NA
ENSDART00000110411	cerkl	1	7.7	7.7	NA	NA	NA	NA	NA	NA	NA
ENSDART00000074630	C5HXorf56	155	70.4	58.4	21.3	35.9	100.5	136.1	62.77	95.95	0.6122075975
ENSDART00000113505	myl9b	8	93.2	81.9	NA	NA	NA	NA	NA	NA	NA
ENSDART00000054462	SMIM19	291	55.6	48.8	16.7	26.5	74.3	105.7	49.57	105.85	1.09448210542
ENSDART00000074638	ankrd31	5	81.0	68.9	NA	NA	NA	NA	NA	NA	NA
ENSDART00000129016	CABZ01068263.1	40	39.8	23.3	5.1	12.4	43.1	95.0	9.78	1.69	-2.53281121867
ENSDART00000079130	atad1b	27	32.3	21.2	5.1	15.4	39.6	62.7	NA	NA	NA
ENSDART00000131353	si:dkey-98j1.5	1	68.3	68.3	NA	NA	NA	NA	NA	NA	NA
ENSDART00000129400	alcama	2	107.2	107.2	NA	NA	NA	NA	NA	NA	NA
ENSDART00000076986	pax5	3	80.4	49.0	NA	NA	NA	NA	NA	NA	NA
ENSDART00000082344	hoxd11a	2	74.6	74.6	NA	NA	NA	NA	NA	NA	NA
ENSDART00000082340	ppie	3	60.8	62.4	NA	NA	NA	NA	125.8	87.19	-0.528897338269
ENSDART00000149483	si:dkey-229b18.3	25	58.9	31.1	12.7	24.7	90.8	131.2	NA	NA	NA
ENSDART00000151925	si:dkey-225n22.4	3	183.0	148.3	NA	NA	NA	NA	NA	NA	NA
ENSDART00000123838	fbxo30a	15	36.0	28.7	19.7	22.1	36.0	47.3	NA	NA	NA
ENSDART00000138938	obsl1b	1	71.5	71.5	NA	NA	NA	NA	NA	NA	NA
ENSDART00000016219	ppme1	19	59.3	29.0	9.8	15.9	47.3	184.9	NA	NA	NA
ENSDART00000092389	nup210	8	75.8	68.7	NA	NA	NA	NA	4.06	9.31	1.19730144037
ENSDART00000077235	alg1	11	36.0	18.9	8.0	9.4	48.3	99.1	NA	NA	NA
ENSDART00000126658	ppm1aa	93	70.1	56.4	14.1	25.0	103.8	142.8	20.12	44.14	1.13345632447
ENSDART00000009356	ppp2r5ea	58	39.2	28.6	8.1	12.8	46.4	88.5	NA	NA	NA
ENSDART00000102197	fam129ba	10	48.8	52.4	9.6	20.7	76.0	90.5	NA	NA	NA
ENSDART00000102662	rpp25l	81	38.6	28.9	5.8	14.6	50.6	76.3	17.37	35.98	1.05059743254
ENSDART00000077238	zgc:113381	19	49.5	37.2	15.3	20.3	73.5	108.9	NA	NA	NA
ENSDART00000015632	nkain1	131	57.7	47.9	15.8	29.0	81.8	110.4	26.55	8.85	-1.58496250072
ENSDART00000083690	blvra	12	53.3	37.2	10.0	13.3	93.5	116.2	NA	NA	NA
ENSDART00000015636	hnrnph1l	660	84.3	79.6	30.3	49.8	114.1	141.9	162.01	368.69	1.18632542105
ENSDART00000015634	NUDT8	11	27.9	22.7	14.9	17.6	30.5	52.6	NA	NA	NA
ENSDART00000126904	cx44.1	1	116.0	116.0	NA	NA	NA	NA	NA	NA	NA
ENSDART00000129227	CR407701.1	198	54.3	43.7	12.3	22.0	71.3	109.9	NA	NA	NA
ENSDART00000046599	zar1l	26	25.0	16.4	6.0	10.8	28.5	65.9	13.4	3.26	-2.03928913111
ENSDART00000087339	cdon	3	35.5	21.8	NA	NA	NA	NA	NA	NA	NA
ENSDART00000106631	si:dkeyp-53d3.3	3	21.5	23.1	NA	NA	NA	NA	NA	NA	NA
ENSDART00000056544	tox4	104	66.2	53.6	15.4	25.5	99.5	141.1	14.3	45.16	1.65903033911
ENSDART00000130761	map2k4a	24	79.0	62.7	10.9	20.8	125.6	142.5	NA	NA	NA
ENSDART00000130764	MAP4	9	31.1	31.6	NA	NA	NA	NA	NA	NA	NA
ENSDART00000091718	CABZ01039235.1	6	34.6	27.5	NA	NA	NA	NA	NA	NA	NA
ENSDART00000076183	plin1	2	18.0	18.0	NA	NA	NA	NA	NA	NA	NA
ENSDART00000129223	CABZ01111990.1	10	59.3	56.1	26.5	36.7	72.6	105.4	NA	NA	NA
ENSDART00000063996	gadd45aa	7	70.4	64.8	NA	NA	NA	NA	NA	NA	NA
ENSDART00000112721	BX548000.1	48	41.9	38.8	13.4	24.5	56.8	70.9	17.42	15.97	-0.125380311188
ENSDART00000076189	zgc:171779	50	51.4	52.8	17.6	28.5	69.0	88.0	48.22	9.57	-2.33304082112
ENSDART00000092164	prmt2	1	58.8	58.8	NA	NA	NA	NA	NA	NA	NA
ENSDART00000129733	c1galt1b	44	48.5	34.7	9.0	17.8	70.9	96.2	NA	NA	NA
ENSDART00000136936	trak1	2	93.9	93.9	NA	NA	NA	NA	NA	NA	NA
ENSDART00000057423	terfa	90	59.9	46.9	14.1	27.0	90.1	113.3	70.89	21.8	-1.70125399503
ENSDART00000077582	pitpnm3	1	18.3	18.3	NA	NA	NA	NA	NA	NA	NA
ENSDART00000090016	nudt14	82	26.7	24.8	4.1	13.0	34.0	51.0	NA	NA	NA
ENSDART00000132619	mafk	22	51.9	27.8	9.2	16.2	47.6	144.5	NA	NA	NA
ENSDART00000006802	cct7	646	66.2	52.5	16.8	27.7	94.7	134.9	94.05	224.52	1.25534411555
ENSDART00000063539	PRRG1	26	59.1	47.8	6.8	10.2	99.7	130.5	NA	NA	NA
ENSDART00000125839	bmpr1ab	22	86.5	94.0	40.5	57.0	116.0	132.3	NA	NA	NA
ENSDART00000114623	B4GALNT1	2	15.8	15.8	NA	NA	NA	NA	NA	NA	NA
ENSDART00000058513	xkr8.3	3	16.9	15.6	NA	NA	NA	NA	NA	NA	NA
ENSDART00000052080	laptm4b	35	37.2	33.7	11.3	17.4	43.2	68.8	NA	NA	NA
ENSDART00000130107	nfkbiaa	26	43.0	31.0	8.7	18.0	66.7	82.0	NA	NA	NA
ENSDART00000130104	gnb1a	30	38.0	32.4	7.9	20.3	54.6	71.7	32.76	73.07	1.15734385036
ENSDART00000089034	CABZ01041769.2	40	34.9	22.3	9.5	12.9	35.7	54.8	15.64	2.13	-2.87631517708
ENSDART00000125232	nr2c2	7	62.0	28.7	NA	NA	NA	NA	NA	NA	NA
ENSDART00000103659	msgn1	323	88.1	92.6	25.1	57.1	116.5	142.7	NA	NA	NA
ENSDART00000055932	pigh	17	22.8	20.1	4.6	13.9	28.4	43.0	NA	NA	NA
ENSDART00000076362	phkg2	44	73.8	50.9	12.2	18.4	116.1	149.8	NA	NA	NA
ENSDART00000138750	adora2aa	23	39.3	27.0	11.3	16.0	63.1	82.6	NA	NA	NA
ENSDART00000124824	sun1	120	42.2	25.7	11.8	16.7	45.9	118.7	6.43	12.78	0.990997193619
ENSDART00000142804	arhgap12a	14	78.6	77.5	26.3	40.4	112.0	130.6	NA	NA	NA
ENSDART00000122911	rgs3a	93	39.3	22.9	1.2	9.5	49.9	108.8	NA	NA	NA
ENSDART00000089694	TIAM1	48	120.8	118.5	74.8	99.6	146.1	166.1	NA	NA	NA
ENSDART00000087112	pfdn4	225	77.2	73.2	33.5	50.1	102.4	125.2	NA	NA	NA
ENSDART00000112750	dhx32a	22	91.5	91.7	28.4	65.6	128.6	154.3	6.32	3.17	-0.995441718038
ENSDART00000112757	FAM149A	1	31.0	31.0	NA	NA	NA	NA	NA	NA	NA
ENSDART00000152006	si:ch211-236p5.3	2	129.3	129.3	NA	NA	NA	NA	NA	NA	NA
ENSDART00000023421	hif1al	420	69.5	60.0	13.5	26.2	101.0	140.6	NA	NA	NA
ENSDART00000128635	ubl3a	10	50.5	23.3	17.1	18.8	56.6	101.2	NA	NA	NA
ENSDART00000085282	mrpl32	76	64.2	55.8	26.2	35.5	82.0	122.3	39.08	25.96	-0.590140083969
ENSDART00000049425	sec61al2	224	55.6	40.6	9.5	19.0	88.9	121.7	28.03	173.87	2.63296537813
ENSDART00000147185	rpl35a	588	87.0	86.7	34.6	58.3	109.8	136.0	1252.56	547.71	-1.19339558669
ENSDART00000003296	sars	186	67.9	59.2	21.1	31.0	93.2	134.1	15.43	54.88	1.8305424196
ENSDART00000093031	nhp2l1a	232	54.3	45.4	12.3	24.4	83.6	109.5	NA	NA	NA
ENSDART00000003293	mid2	7	42.9	28.5	NA	NA	NA	NA	NA	NA	NA
ENSDART00000122349	hiat1b	124	39.0	30.0	8.7	15.1	53.1	76.5	NA	NA	NA
ENSDART00000109171	rce1a	10	40.8	32.9	6.7	26.4	39.5	76.7	NA	NA	NA
ENSDART00000085993	PXN	1	7.2	7.2	NA	NA	NA	NA	NA	NA	NA
ENSDART00000003299	HABP4	257	34.8	28.9	12.3	18.7	43.4	61.9	91.09	85.88	-0.0849704902479
ENSDART00000129906	tax1bp1b	77	49.2	27.5	10.4	15.4	54.9	123.2	9.98	25.16	1.33402020154
ENSDART00000087597	col6a2	1	209.9	209.9	NA	NA	NA	NA	NA	NA	NA
ENSDART00000111216	trim32	9	97.4	87.9	NA	NA	NA	NA	NA	NA	NA
ENSDART00000129902	ephx1l	104	59.7	48.0	13.9	22.1	96.9	127.5	25.35	59.47	1.23017632849
ENSDART00000129903	mfsd10	6	31.6	30.5	NA	NA	NA	NA	NA	NA	NA
ENSDART00000108742	NFX1	91	50.2	37.3	13.1	23.4	64.4	101.7	20.73	21.6	0.0593111959414
ENSDART00000125425	snap47	12	58.6	27.1	12.3	19.2	119.0	135.7	NA	NA	NA
ENSDART00000104299	cnp	4	53.3	49.3	NA	NA	NA	NA	NA	NA	NA
ENSDART00000114408	METTL12	4	32.9	34.8	NA	NA	NA	NA	NA	NA	NA
ENSDART00000113803	her3	38	80.0	73.4	13.3	37.4	112.5	176.9	NA	NA	NA
ENSDART00000149357	rabggta	139	41.3	28.4	14.2	19.2	46.7	70.2	12.93	40.14	1.63431834155
ENSDART00000149355	si:ch73-361h17.1	5	46.3	57.6	NA	NA	NA	NA	NA	NA	NA
ENSDART00000149351	scd	3	129.3	131.7	NA	NA	NA	NA	NA	NA	NA
ENSDART00000149350	fkbp4	93	64.7	47.5	10.6	20.4	95.1	140.3	13.71	28.77	1.06933664996
ENSDART00000001830	echs1	123	45.8	37.5	18.9	27.2	57.0	74.8	22.69	72.31	1.67213856725
ENSDART00000083830	sdc4	858	65.8	59.0	16.7	32.6	96.3	124.0	63.46	414.96	2.70905284845
ENSDART00000090837	zc3hc1	270	41.1	31.5	13.1	18.5	53.0	80.7	25.98	96.79	1.89745657027
ENSDART00000085980	ankib1a	3	97.7	103.3	NA	NA	NA	NA	NA	NA	NA
ENSDART00000099242	si:dkey-217f16.1	50	5.2	5.4	-0.1	2.7	7.4	11.0	NA	NA	NA
ENSDART00000031047	cd63	30	69.8	72.2	14.9	44.9	86.5	126.7	NA	NA	NA
ENSDART00000083389	BX511065.1	249	91.7	80.3	22.0	48.0	134.4	170.5	NA	NA	NA
ENSDART00000144955	mzt2b	183	38.5	25.5	8.0	13.6	49.9	85.3	NA	NA	NA
ENSDART00000042271	irx3b	7	73.1	20.0	NA	NA	NA	NA	NA	NA	NA
ENSDART00000135417	bmi1b	9	24.8	15.8	NA	NA	NA	NA	NA	NA	NA
ENSDART00000098635	vamp5	10	38.2	34.0	22.2	27.1	42.1	52.1	NA	NA	NA
ENSDART00000063396	bag4	91	20.3	16.2	4.8	9.7	25.3	41.8	NA	NA	NA
ENSDART00000067362	cart2	3	101.8	70.8	NA	NA	NA	NA	NA	NA	NA
ENSDART00000127198	rps26	602	59.9	48.6	20.9	31.0	88.2	111.3	858.64	254.8	-1.75268810513
ENSDART00000063392	lsm1	11	29.3	25.9	19.9	21.1	35.4	36.5	NA	NA	NA
ENSDART00000148404	gpm6ab	4	94.7	89.6	NA	NA	NA	NA	NA	NA	NA
ENSDART00000060311	paqr5a	1	37.8	37.8	NA	NA	NA	NA	NA	NA	NA
ENSDART00000098636	csf1b	2	163.3	163.3	NA	NA	NA	NA	NA	NA	NA
ENSDART00000148403	ahi1	23	71.6	39.6	7.8	11.0	119.5	181.1	8.08	4.11	-0.97521689907
ENSDART00000062629	zbtb37	8	53.6	41.2	NA	NA	NA	NA	NA	NA	NA
ENSDART00000062628	bora	97	63.6	36.3	8.4	16.7	100.5	147.9	12.32	97.57	2.98543537224
ENSDART00000012070	adcyap1a	1	82.9	82.9	NA	NA	NA	NA	NA	NA	NA
ENSDART00000064542	rpf2	212	57.6	45.6	11.9	21.6	77.5	119.9	116.03	154.13	0.409649828727
ENSDART00000060844	CR382327.1	2	19.7	19.7	NA	NA	NA	NA	NA	NA	NA
ENSDART00000136623	zgc:174906	119	66.0	54.1	15.2	21.5	93.3	139.4	NA	NA	NA
ENSDART00000003748	C18H15orf26	11	24.8	25.6	6.4	16.6	32.4	46.4	NA	NA	NA
ENSDART00000135415	dysf	1	41.5	41.5	NA	NA	NA	NA	NA	NA	NA
ENSDART00000103276	fam206a	28	69.2	64.5	24.9	38.2	88.4	127.6	NA	NA	NA
ENSDART00000123417	znf668	32	33.8	19.6	6.2	13.6	34.9	90.9	6.79	18.25	1.42641298441
ENSDART00000133905	pcca	121	53.0	46.6	14.0	27.2	63.8	102.5	13.83	52.94	1.93655703834
ENSDART00000011251	rpl3	37	48.6	47.7	23.1	33.5	57.8	79.1	1252.03	310.28	-2.01262651936
ENSDART00000011520	flh	372	47.6	22.1	3.9	9.8	75.6	129.4	NA	NA	NA
ENSDART00000016973	gipc1	86	77.8	73.2	15.8	33.2	115.6	139.3	NA	NA	NA
ENSDART00000016758	ftr82	634	48.9	36.0	7.0	14.9	69.2	114.9	NA	NA	NA
ENSDART00000016976	nucks1b	390	81.5	76.4	17.5	40.6	116.1	145.6	145.57	287.17	0.980191975632
ENSDART00000147978	zgc:114037	10	30.5	35.5	18.1	21.9	38.0	40.1	NA	NA	NA
ENSDART00000114362	trim45	2	139.0	139.0	NA	NA	NA	NA	NA	NA	NA
ENSDART00000023842	ppm1da	369	53.5	43.3	12.0	21.7	78.5	117.3	34.85	85.36	1.29240152007
ENSDART00000081993	cdx1b	1	20.7	20.7	NA	NA	NA	NA	NA	NA	NA
ENSDART00000129916	tmem69	10	47.5	31.5	13.4	24.5	62.4	92.1	NA	NA	NA
ENSDART00000091298	arhgap21b	80	46.3	27.2	6.8	11.3	72.9	122.2	9.82	20.09	1.03268263442
ENSDART00000127568	ankha	26	26.2	20.0	5.0	13.0	33.6	57.0	NA	NA	NA
ENSDART00000046382	C5H9orf41	8	38.3	23.4	NA	NA	NA	NA	NA	NA	NA
ENSDART00000078035	cpda	149	64.0	53.2	14.7	30.8	91.7	121.2	2.54	21.38	3.07336145095
ENSDART00000013540	zgc:73324	82	40.5	17.6	4.7	8.9	55.0	109.9	NA	NA	NA
ENSDART00000046384	trmt2a	15	24.5	21.6	7.9	14.0	32.1	38.7	5.61	8.95	0.673886911543
ENSDART00000030444	tesca	52	74.1	70.9	17.5	46.5	98.3	115.3	NA	NA	NA
ENSDART00000126663	lck	2	34.3	34.3	NA	NA	NA	NA	NA	NA	NA
ENSDART00000080864	magt1	42	45.9	33.6	14.9	21.3	64.7	95.6	NA	NA	NA
ENSDART00000034730	sec61a1	852	74.7	68.4	25.8	43.7	96.9	133.6	72.41	490.28	2.75934505501
ENSDART00000115419	faf1	56	29.5	19.9	9.5	14.1	40.7	59.6	15.75	27.66	0.812449327876
ENSDART00000088545	KLHL2	11	22.0	10.7	5.7	9.7	18.0	24.8	NA	NA	NA
ENSDART00000126286	nt5c2b	47	114.1	130.3	33.9	79.3	151.2	165.9	NA	NA	NA
ENSDART00000115010	prep	113	40.5	31.2	8.8	19.9	52.5	87.8	NA	NA	NA
ENSDART00000123673	si:ch211-195h23.3	3	59.8	62.7	NA	NA	NA	NA	NA	NA	NA
ENSDART00000146554	tmem79a	31	55.4	50.2	11.0	15.6	87.3	100.9	NA	NA	NA
ENSDART00000115018	BX324134.1	5	122.5	68.2	NA	NA	NA	NA	NA	NA	NA
ENSDART00000125406	fam102ba	1	96.4	96.4	NA	NA	NA	NA	NA	NA	NA
ENSDART00000074068	dhps	8	37.3	26.7	NA	NA	NA	NA	NA	NA	NA
ENSDART00000100108	cuedc1b	52	80.1	63.2	16.2	40.0	120.5	171.8	NA	NA	NA
ENSDART00000100867	fam3c	228	91.5	82.2	21.5	41.2	130.1	166.1	16.57	122.05	2.88082678745
ENSDART00000100105	swap70b	96	48.7	35.8	10.3	18.6	64.9	113.4	7.45	11.83	0.66713774299
ENSDART00000100104	skor1a	1	22.4	22.4	NA	NA	NA	NA	NA	NA	NA
ENSDART00000065143	unc119b	12	29.2	18.4	2.7	7.9	36.9	68.8	NA	NA	NA
ENSDART00000105460	si:ch211-197g15.5	3	38.2	26.8	NA	NA	NA	NA	NA	NA	NA
ENSDART00000100102	BX511006.2	1	100.4	100.4	NA	NA	NA	NA	NA	NA	NA
ENSDART00000137572	mpc1	57	67.9	44.5	23.4	30.1	97.4	134.5	NA	NA	NA
ENSDART00000132050	hltf	20	117.0	89.7	55.7	80.9	141.1	210.2	NA	NA	NA
ENSDART00000137575	dock11	67	33.9	28.7	7.5	14.8	44.9	73.2	NA	NA	NA
ENSDART00000007576	rbp1a	3	34.1	33.8	NA	NA	NA	NA	NA	NA	NA
ENSDART00000150226	mst1ra	3	92.8	87.1	NA	NA	NA	NA	NA	NA	NA
ENSDART00000050205	myl10	1	50.6	50.6	NA	NA	NA	NA	NA	NA	NA
ENSDART00000062430	MIS18BP1	107	44.9	28.2	5.9	14.6	58.2	102.1	12.73	33.2	1.38295082233
ENSDART00000102855	pdhx	38	67.2	41.2	17.1	23.0	98.3	156.0	14.1	3.36	-2.06916202451
ENSDART00000010699	sf3a2	516	57.1	49.3	17.0	29.0	74.7	107.6	174.02	471.03	1.43656582475
ENSDART00000098036	gpr107	2	6.1	6.1	NA	NA	NA	NA	7.53	24.0	1.67231263582
ENSDART00000110994	sqlea	27	62.8	31.5	15.1	23.3	93.7	164.4	NA	NA	NA
ENSDART00000015401	ercc6l	217	45.0	30.2	10.2	17.4	65.2	99.5	32.62	60.54	0.892131893116
ENSDART00000034555	ddx56	317	89.1	72.8	20.1	37.7	132.9	181.1	39.36	76.53	0.959295178984
ENSDART00000010124	slc7a8a	1058	97.2	97.9	32.7	64.3	129.9	155.4	NA	NA	NA
ENSDART00000034550	llgl2	118	64.6	48.2	18.4	30.2	85.9	132.9	12.15	102.81	3.08095237875
ENSDART00000079390	exo1	99	69.8	52.5	11.5	26.3	111.4	150.6	11.15	21.21	0.927700910723
ENSDART00000104216	cyp2x9	2	51.0	51.0	NA	NA	NA	NA	NA	NA	NA
ENSDART00000109495	nudt19	9	34.4	23.7	NA	NA	NA	NA	NA	NA	NA
ENSDART00000032978	nsl1	103	84.8	77.2	26.9	44.1	116.6	144.7	NA	NA	NA
ENSDART00000075519	aldh1a2	31	74.6	64.8	14.0	23.8	108.2	152.0	NA	NA	NA
ENSDART00000053681	rnf24	9	75.6	41.0	NA	NA	NA	NA	NA	NA	NA
ENSDART00000075049	GIPC3	4	81.4	77.9	NA	NA	NA	NA	NA	NA	NA
ENSDART00000075048	gnas	17	35.8	18.3	5.2	11.3	44.0	85.8	NA	NA	NA
ENSDART00000082647	acp1	82	38.6	30.9	12.0	19.0	51.0	66.5	29.53	35.68	0.272934258786
ENSDART00000121813	wdr41	22	52.4	28.8	7.8	13.1	41.4	112.5	NA	NA	NA
ENSDART00000145147	sptb	3	110.8	112.6	NA	NA	NA	NA	NA	NA	NA
ENSDART00000085054	MTFR2	114	42.7	23.0	8.1	13.1	55.6	122.4	20.23	38.75	0.937699990491
ENSDART00000109532	GANC	1	31.4	31.4	NA	NA	NA	NA	NA	NA	NA
ENSDART00000016808	aldh2.1	4	101.4	88.7	NA	NA	NA	NA	NA	NA	NA
ENSDART00000026747	dgcr6	23	75.9	59.9	14.8	50.1	95.6	157.4	NA	NA	NA
ENSDART00000100869	ppp3r1b	96	79.2	73.3	19.0	46.5	115.3	145.6	NA	NA	NA
ENSDART00000026749	nipsnap1	84	115.4	117.9	65.4	95.7	139.4	166.1	NA	NA	NA
ENSDART00000125737	mpp1	14	128.5	112.9	85.8	101.0	156.6	183.0	NA	NA	NA
ENSDART00000098108	viml	1	45.0	45.0	NA	NA	NA	NA	NA	NA	NA
ENSDART00000125733	chst1	1	4.6	4.6	NA	NA	NA	NA	NA	NA	NA
ENSDART00000125731	CR548630.1	557	82.4	76.4	35.0	53.7	105.6	138.3	NA	NA	NA
ENSDART00000077914	mpp7	23	38.8	24.1	13.7	18.9	44.5	68.2	NA	NA	NA
ENSDART00000122108	PDZD8	20	48.9	46.2	8.3	16.0	82.0	97.3	NA	NA	NA
ENSDART00000125739	minos1	103	49.0	44.9	21.9	26.9	60.5	68.0	NA	NA	NA
ENSDART00000045093	arhgef7a	61	57.9	24.9	7.1	11.6	86.7	167.8	5.52	14.49	1.39231742278
ENSDART00000083593	sparcl1	1	120.1	120.1	NA	NA	NA	NA	NA	NA	NA
ENSDART00000045099	yipf4	244	50.2	34.3	11.2	19.9	58.2	135.4	37.19	42.97	0.208415029162
ENSDART00000103100	cbx8b	7	14.4	10.1	NA	NA	NA	NA	NA	NA	NA
ENSDART00000088110	stag1a	11	86.2	70.3	30.4	59.0	116.7	143.8	NA	NA	NA
ENSDART00000082425	gata2a	226	60.5	42.5	5.5	13.7	96.7	144.6	NA	NA	NA
ENSDART00000146733	si:dkey-225k4.1	2	16.2	16.2	NA	NA	NA	NA	NA	NA	NA
ENSDART00000082422	si:ch211-285f17.1	16	55.5	39.5	9.4	11.0	71.9	111.0	NA	NA	NA
ENSDART00000104334	taf13	676	57.1	47.6	17.0	29.5	71.8	115.3	250.04	172.62	-0.534559280718
ENSDART00000103455	tarbp2	205	46.2	45.1	15.8	29.0	61.0	75.7	26.33	113.71	2.11057970826
ENSDART00000085438	RPS6KA5	1	130.8	130.8	NA	NA	NA	NA	NA	NA	NA
ENSDART00000104338	pitpnbl	260	64.4	54.4	19.3	31.1	88.5	128.0	55.09	145.47	1.40085929155
ENSDART00000111860	syvn1	125	38.6	23.3	9.4	15.1	39.0	88.0	14.11	14.58	0.0472727317297
ENSDART00000111861	MAF	74	75.8	77.4	11.1	23.9	108.5	148.4	NA	NA	NA
ENSDART00000111862	ldlrad3	22	61.1	13.5	8.5	9.6	73.9	240.3	NA	NA	NA
ENSDART00000111863	C5H9orf142	38	40.7	25.4	5.9	15.5	48.2	88.5	NA	NA	NA
ENSDART00000108822	CABZ01093445.1	3	16.4	19.1	NA	NA	NA	NA	NA	NA	NA
ENSDART00000123513	CU570684.5	1	49.6	49.6	NA	NA	NA	NA	NA	NA	NA
ENSDART00000108825	adh5	192	59.0	57.8	21.0	39.4	73.3	94.5	65.45	74.49	0.186653570065
ENSDART00000037282	ccdc25	83	53.7	42.9	12.5	24.6	74.3	98.4	49.73	40.86	-0.28342722707
ENSDART00000037287	CABZ01072585.1	77	35.9	28.9	10.7	15.5	52.9	79.9	NA	NA	NA
ENSDART00000029157	mfsd4a	115	18.6	16.9	6.6	10.3	25.3	33.0	19.89	7.14	-1.4780472968
ENSDART00000112106	fam155a	1	21.8	21.8	NA	NA	NA	NA	NA	NA	NA
ENSDART00000141393	ptpn3	7	28.1	21.0	NA	NA	NA	NA	NA	NA	NA
ENSDART00000004879	hsp90b1	128	40.0	31.1	12.4	20.1	48.3	70.5	51.97	45.21	-0.201037141349
ENSDART00000112103	gnsb	208	90.1	78.0	16.3	32.3	137.2	187.6	24.95	52.0	1.05947180769
ENSDART00000061535	irf6	131	43.3	35.3	8.0	14.0	66.5	87.2	11.52	49.58	2.10561755464
ENSDART00000139151	si:ch211-193k19.1	31	39.2	32.2	13.4	15.3	45.8	71.5	NA	NA	NA
ENSDART00000023218	stat6	6	61.4	55.0	NA	NA	NA	NA	NA	NA	NA
ENSDART00000109418	spoplb	95	74.9	67.6	22.3	33.9	109.3	145.1	10.7	10.07	-0.0875471132817
ENSDART00000083777	CABZ01034602.1	2	11.4	11.4	NA	NA	NA	NA	NA	NA	NA
ENSDART00000102275	zgc:153258	202	76.8	70.3	27.0	44.1	103.1	136.9	19.97	75.53	1.9192154541
ENSDART00000153063	sec22ba	11	22.4	18.2	9.4	13.2	24.3	32.7	NA	NA	NA
ENSDART00000102279	lingo2	9	53.7	55.6	NA	NA	NA	NA	NA	NA	NA
ENSDART00000131646	slc29a2	5	55.0	21.1	NA	NA	NA	NA	NA	NA	NA
ENSDART00000109412	helq	6	98.1	108.4	NA	NA	NA	NA	NA	NA	NA
ENSDART00000083778	eral1	17	71.3	45.5	14.0	20.5	112.8	151.1	NA	NA	NA
ENSDART00000100701	gabpa	347	85.6	78.2	34.8	54.7	111.9	147.6	80.79	168.24	1.05827211951
ENSDART00000109416	smc2	246	56.6	41.4	8.8	17.5	80.4	131.3	34.53	76.22	1.14231927396
ENSDART00000081797	SASH1	4	34.8	36.9	NA	NA	NA	NA	NA	NA	NA
ENSDART00000078441	rhoac	369	47.8	34.9	14.9	24.0	60.7	94.8	42.05	140.79	1.74336716061
ENSDART00000105884	itga3b	2	99.9	99.9	NA	NA	NA	NA	NA	NA	NA
ENSDART00000078449	itih6	1	103.8	103.8	NA	NA	NA	NA	NA	NA	NA
ENSDART00000066629	sumo2b	415	59.1	52.8	19.2	33.5	77.6	108.8	NA	NA	NA
ENSDART00000097656	ppapdc1a	1	21.2	21.2	NA	NA	NA	NA	NA	NA	NA
ENSDART00000065859	cdk9	254	55.8	38.5	10.7	16.7	84.5	124.9	48.27	149.96	1.63537899884
ENSDART00000109288	myo16	5	47.8	28.6	NA	NA	NA	NA	NA	NA	NA
ENSDART00000043397	ZBTB26	6	48.4	27.0	NA	NA	NA	NA	NA	NA	NA
ENSDART00000089445	AGAP9	6	30.6	22.2	NA	NA	NA	NA	NA	NA	NA
ENSDART00000012194	gata5	298	51.0	34.6	6.1	13.5	75.6	121.8	NA	NA	NA
ENSDART00000065853	dhrs3b	59	96.3	96.8	28.6	51.5	131.2	158.2	NA	NA	NA
ENSDART00000038577	rab36	1	-3.9	-3.9	NA	NA	NA	NA	NA	NA	NA
ENSDART00000046542	igf1rb	15	47.1	25.6	13.4	21.0	60.6	104.3	NA	NA	NA
ENSDART00000041265	rad23aa	34	43.7	39.0	3.6	19.8	58.0	88.6	NA	NA	NA
ENSDART00000041269	cryba2a	1	19.1	19.1	NA	NA	NA	NA	NA	NA	NA
ENSDART00000089999	BX323050.1	8	32.2	36.4	NA	NA	NA	NA	NA	NA	NA
ENSDART00000039280	fzd7b	648	55.3	40.6	10.1	17.2	82.5	128.3	30.3	121.5	2.00356661502
ENSDART00000079016	thoc3	240	36.2	20.7	7.8	12.4	44.4	94.1	42.12	121.83	1.53229209162
ENSDART00000114777	nckipsd	249	62.0	48.9	24.7	36.6	74.3	117.4	47.31	26.51	-0.835608490644
ENSDART00000137746	slc7a14a	5	25.1	24.6	NA	NA	NA	NA	NA	NA	NA
ENSDART00000143811	baiap2l2	1	63.2	63.2	NA	NA	NA	NA	NA	NA	NA
ENSDART00000114010	SLITRK3	1	14.3	14.3	NA	NA	NA	NA	NA	NA	NA
ENSDART00000130377	gb:bc139653	5	32.0	19.8	NA	NA	NA	NA	NA	NA	NA
ENSDART00000130371	kif19	1	12.0	12.0	NA	NA	NA	NA	NA	NA	NA
ENSDART00000130370	smtnl	118	58.8	47.8	13.6	22.5	88.2	120.9	8.09	27.61	1.77097928016
ENSDART00000058725	atg10	5	33.4	31.5	NA	NA	NA	NA	NA	NA	NA
ENSDART00000058728	nek4	30	73.3	38.9	16.1	23.9	104.2	175.6	5.81	4.64	-0.324413358277
ENSDART00000130379	psap	2819	82.5	74.2	28.6	46.8	113.6	146.5	220.42	1058.17	2.26324438269
ENSDART00000108965	gra	109	28.8	20.9	9.6	14.0	33.2	49.2	34.47	46.95	0.445783859174
ENSDART00000138106	phip	8	98.1	72.3	NA	NA	NA	NA	NA	NA	NA
ENSDART00000124465	junbb	2	89.5	89.5	NA	NA	NA	NA	NA	NA	NA
ENSDART00000138103	skor1b	2	214.7	214.7	NA	NA	NA	NA	NA	NA	NA
ENSDART00000067350	tnnt2e	1	201.7	201.7	NA	NA	NA	NA	NA	NA	NA
ENSDART00000074740	alad	13	62.4	42.1	17.8	27.1	88.2	129.7	NA	NA	NA
ENSDART00000024185	zgc:56231	13	31.9	21.4	13.3	17.8	25.2	61.7	5.59	0.3	-4.21981387723
ENSDART00000024639	tshz1	18	66.6	42.3	7.9	23.7	114.8	148.5	NA	NA	NA
ENSDART00000053208	rps14	2793	70.8	59.5	31.2	43.0	94.4	124.0	2699.94	624.19	-2.11287019755
ENSDART00000046609	scin	1	83.7	83.7	NA	NA	NA	NA	NA	NA	NA
ENSDART00000038888	hsdl2	203	53.6	43.9	22.2	31.6	64.2	92.3	42.54	100.92	1.24632017302
ENSDART00000053201	polr2f	204	69.7	62.7	17.8	34.3	97.8	129.8	196.11	177.38	-0.14481975136
ENSDART00000053203	plp2	18	67.0	48.7	20.4	30.5	68.6	149.2	NA	NA	NA
ENSDART00000042049	hif1an	3	84.2	117.0	NA	NA	NA	NA	11.56	22.59	0.966542872892
ENSDART00000136439	bcl7a	242	52.7	43.6	10.0	20.0	78.7	107.8	NA	NA	NA
ENSDART00000077775	kat6b	26	53.2	21.7	6.7	11.5	59.4	167.4	NA	NA	NA
ENSDART00000042514	atrnl1b	29	31.1	22.6	9.3	15.5	39.9	60.7	NA	NA	NA
ENSDART00000131357	parp12b	25	40.9	34.5	8.0	14.6	56.3	88.7	NA	NA	NA
ENSDART00000099988	glceb	93	33.2	24.5	8.1	14.2	40.1	71.2	NA	NA	NA
ENSDART00000054605	aasdhppt	6	83.0	93.3	NA	NA	NA	NA	NA	NA	NA
ENSDART00000028247	gdap2	88	66.6	52.1	13.2	20.5	106.2	143.0	NA	NA	NA
ENSDART00000025326	csnk1da	223	65.2	50.8	16.4	28.4	95.1	133.4	23.81	118.83	2.31925958136
ENSDART00000126907	cog6	34	37.8	31.0	18.0	22.9	51.3	59.3	10.21	30.34	1.57123821937
ENSDART00000048110	six4b	4	29.7	25.0	NA	NA	NA	NA	NA	NA	NA
ENSDART00000033702	comtb	2	177.2	177.2	NA	NA	NA	NA	NA	NA	NA
ENSDART00000114996	SYDE1	8	11.0	9.3	NA	NA	NA	NA	NA	NA	NA
ENSDART00000033701	sema3ga	2	19.1	19.1	NA	NA	NA	NA	NA	NA	NA
ENSDART00000129736	HDAC11	8	13.6	14.7	NA	NA	NA	NA	NA	NA	NA
ENSDART00000020743	cmss1	117	65.6	62.0	15.2	28.9	92.0	117.5	50.07	38.8	-0.367889803009
ENSDART00000032331	gmppab	6	46.2	36.1	NA	NA	NA	NA	NA	NA	NA
ENSDART00000039572	znf326	40	27.0	21.0	8.4	13.2	33.9	53.4	9.79	4.63	-1.08029666634
ENSDART00000098639	cntn5	2	50.4	50.4	NA	NA	NA	NA	NA	NA	NA
ENSDART00000092627	ADAMTSL4	1	66.3	66.3	NA	NA	NA	NA	NA	NA	NA
ENSDART00000076796	smg1	78	134.0	126.0	81.8	102.2	159.8	197.4	15.54	7.23	-1.10391895146
ENSDART00000018401	ORAI1	25	57.2	46.8	15.4	31.0	67.8	103.0	NA	NA	NA
ENSDART00000124059	dapk1	12	45.4	26.0	8.5	17.9	70.0	104.5	NA	NA	NA
ENSDART00000024453	usp7	520	63.4	53.1	14.9	27.8	86.4	126.4	32.59	180.16	2.46677747534
ENSDART00000024450	zfand5b	955	43.4	25.6	5.6	11.5	65.0	111.2	121.02	360.87	1.57623372369
ENSDART00000150086	C2H1orf27	37	40.2	27.1	11.4	17.9	48.2	92.6	13.28	12.04	-0.141419754587
ENSDART00000104394	smx5	125	76.5	75.3	14.8	30.5	120.4	139.5	NA	NA	NA
ENSDART00000090991	unc5da	7	55.8	61.0	NA	NA	NA	NA	NA	NA	NA
ENSDART00000149720	znf236	14	69.4	51.1	10.1	20.6	107.4	164.2	2.29	2.65	0.210644761354
ENSDART00000022676	asns	11	54.1	45.6	8.6	12.2	90.7	120.4	NA	NA	NA
ENSDART00000115359	FP016199.1	1	105.7	105.7	NA	NA	NA	NA	NA	NA	NA
ENSDART00000078866	ifi30	240	73.2	60.5	17.0	32.7	109.9	139.3	115.86	188.94	0.705545593185
ENSDART00000134283	sorbs3	14	20.0	18.2	10.6	13.1	24.8	31.3	NA	NA	NA
ENSDART00000091828	syne1b	1	233.8	233.8	NA	NA	NA	NA	NA	NA	NA
ENSDART00000067179	mrpl23	19	69.8	58.6	20.8	33.0	91.3	155.7	NA	NA	NA
ENSDART00000078860	noxo1b	2	58.1	58.1	NA	NA	NA	NA	NA	NA	NA
ENSDART00000067174	zcrb1	87	44.9	29.6	7.4	15.4	59.7	113.0	58.86	26.69	-1.1409882368
ENSDART00000067175	pphln1	115	64.7	58.2	14.0	35.0	92.0	126.4	19.05	143.6	2.91419284633
ENSDART00000067177	prickle1b	85	71.8	65.1	9.6	20.0	112.7	137.6	NA	NA	NA
ENSDART00000133300	zbtb34	19	33.5	26.7	10.2	17.1	39.1	64.4	NA	NA	NA
ENSDART00000087107	zgc:158450	253	101.6	103.5	32.1	59.4	139.3	169.9	55.11	120.42	1.12768899025
ENSDART00000087454	grhl1	290	68.8	48.7	10.5	18.0	101.8	160.7	NA	NA	NA
ENSDART00000145413	si:ch211-253p2.2	1	7.5	7.5	NA	NA	NA	NA	NA	NA	NA
ENSDART00000114199	si:ch211-267e7.3	2	26.7	26.7	NA	NA	NA	NA	NA	NA	NA
ENSDART00000114196	ABCC3	17	117.6	111.4	31.3	87.6	161.9	180.6	NA	NA	NA
ENSDART00000114194	FAM188B	5	75.3	77.9	NA	NA	NA	NA	NA	NA	NA
ENSDART00000151236	si:dkey-260c8.4	17	60.9	47.3	8.1	21.2	71.8	141.4	NA	NA	NA
ENSDART00000050884	sepw1	240	90.1	86.3	52.8	69.7	108.4	131.4	NA	NA	NA
ENSDART00000114190	AL929222.1	11	81.2	94.8	15.7	28.0	121.4	139.2	NA	NA	NA
ENSDART00000076425	cog4	14	38.1	23.2	4.1	11.6	55.0	85.8	6.25	2.63	-1.24879339026
ENSDART00000132998	si:ch73-27e22.7	1	33.4	33.4	NA	NA	NA	NA	NA	NA	NA
ENSDART00000017968	SIRT4	2	60.2	60.2	NA	NA	NA	NA	NA	NA	NA
ENSDART00000052005	ostc	152	58.4	44.9	18.6	28.7	82.7	117.9	33.28	91.89	1.46525243418
ENSDART00000017965	slkb	183	117.0	114.6	62.6	86.8	144.6	170.0	NA	NA	NA
ENSDART00000105672	mybpc2b	1	9.7	9.7	NA	NA	NA	NA	NA	NA	NA
ENSDART00000105675	ttc39c	24	23.6	23.6	9.1	13.3	33.9	37.9	NA	NA	NA
ENSDART00000132995	ak3	1290	75.3	67.8	24.5	42.0	101.1	136.8	NA	NA	NA
ENSDART00000012191	hiat1a	40	56.3	43.2	12.4	16.5	88.4	124.3	NA	NA	NA
ENSDART00000007961	nt5c2l1	5	51.7	33.1	NA	NA	NA	NA	NA	NA	NA
ENSDART00000007744	slc30a1a	329	70.5	63.7	9.7	21.1	105.8	136.6	NA	NA	NA
ENSDART00000027014	rab7	125	44.8	33.0	15.1	19.9	48.7	87.9	NA	NA	NA
ENSDART00000007741	HPS6	5	58.2	24.2	NA	NA	NA	NA	NA	NA	NA
ENSDART00000090669	pleca	24	84.6	89.8	13.9	35.8	122.7	157.8	NA	NA	NA
ENSDART00000090196	slc35a4	16	60.0	61.1	18.1	45.6	85.0	92.6	NA	NA	NA
ENSDART00000124184	CABZ01054405.1	10	49.9	46.1	5.2	17.4	56.5	107.3	NA	NA	NA
ENSDART00000090191	flcn	17	105.1	106.6	13.3	92.8	143.2	173.8	NA	NA	NA
ENSDART00000064483	mei4	1	10.5	10.5	NA	NA	NA	NA	NA	NA	NA
ENSDART00000125900	hs3st3b1b	1	7.2	7.2	NA	NA	NA	NA	NA	NA	NA
ENSDART00000125901	tnnt3a	3	42.0	34.2	NA	NA	NA	NA	NA	NA	NA
ENSDART00000122657	nrarpa	216	69.1	57.9	10.0	28.2	100.5	139.5	NA	NA	NA
ENSDART00000128174	foxp1b	3	35.0	32.9	NA	NA	NA	NA	NA	NA	NA
ENSDART00000007672	dmgdh	6	34.0	32.5	NA	NA	NA	NA	NA	NA	NA
ENSDART00000092071	UBN1	2	11.2	11.2	NA	NA	NA	NA	NA	NA	NA
ENSDART00000139411	ppap2c	70	22.7	14.5	4.9	8.6	28.2	44.9	NA	NA	NA
ENSDART00000010975	tmem206	9	76.6	48.9	NA	NA	NA	NA	NA	NA	NA
ENSDART00000063706	fndc4a	3	41.6	44.8	NA	NA	NA	NA	NA	NA	NA
ENSDART00000063703	si:dkey-71h2.2	1	98.9	98.9	NA	NA	NA	NA	NA	NA	NA
ENSDART00000025583	fgf8a	155	49.3	37.1	7.8	14.2	78.2	114.9	NA	NA	NA
ENSDART00000076056	dhx38	76	83.6	80.1	19.1	49.1	124.2	147.7	14.71	72.67	2.30456265973
ENSDART00000020745	wu:fb30e12	94	49.6	39.2	12.4	23.5	69.3	105.2	NA	NA	NA
ENSDART00000130906	zgc:136763	1	24.9	24.9	NA	NA	NA	NA	NA	NA	NA
ENSDART00000153403	dnajb12b	40	50.6	31.5	8.0	17.1	84.9	111.4	NA	NA	NA
ENSDART00000077868	CD68	25	22.7	19.6	10.7	16.0	29.1	35.8	NA	NA	NA
ENSDART00000023985	zgc:153952	176	51.3	35.7	7.5	13.4	73.4	118.1	NA	NA	NA
ENSDART00000023983	psat1	31	52.2	39.6	18.4	30.1	48.9	96.7	21.71	37.06	0.771503155412
ENSDART00000130909	edc3	151	65.3	51.2	18.3	28.0	87.4	139.8	8.1	47.51	2.55223739364
ENSDART00000132193	wnt8a	26	65.2	51.5	11.1	13.8	105.9	144.4	NA	NA	NA
ENSDART00000132192	CR936975.4	3	107.7	102.0	NA	NA	NA	NA	NA	NA	NA
ENSDART00000132190	cdc27	268	49.1	32.6	13.5	20.3	58.6	116.7	19.93	51.28	1.36345455178
ENSDART00000125609	CABZ01088039.1	90	79.7	77.3	14.9	30.0	123.3	151.4	14.5	55.08	1.92547565923
ENSDART00000026178	KIF4A	117	70.6	52.1	5.5	15.6	110.9	161.2	9.1	12.43	0.449887845966
ENSDART00000053531	slc2a12	196	77.3	69.8	29.2	51.1	92.5	130.6	NA	NA	NA
ENSDART00000144545	rc3h1	136	56.9	39.1	8.0	15.6	87.4	127.7	NA	NA	NA
ENSDART00000029371	dspa	118	111.1	108.3	59.0	85.9	136.0	158.5	NA	NA	NA
ENSDART00000064157	vstm2l	1	21.7	21.7	NA	NA	NA	NA	NA	NA	NA
ENSDART00000021168	rxrga	1	38.7	38.7	NA	NA	NA	NA	NA	NA	NA
ENSDART00000022581	rab22a	17	18.8	18.7	9.3	12.5	22.8	29.0	NA	NA	NA
ENSDART00000101198	recql	22	123.6	127.7	53.2	67.3	168.4	212.2	NA	NA	NA
ENSDART00000080100	SLC24A2	7	42.0	46.8	NA	NA	NA	NA	NA	NA	NA
ENSDART00000024064	galnt6	27	26.7	17.5	5.5	9.2	28.4	55.8	NA	NA	NA
ENSDART00000080458	nsdhl	5	7.9	7.8	NA	NA	NA	NA	NA	NA	NA
ENSDART00000080107	si:dkey-228d14.5	1	10.2	10.2	NA	NA	NA	NA	NA	NA	NA
ENSDART00000123081	si:ch211-113a14.14	65	6.6	-1.2	-6.3	-4.5	5.9	34.7	NA	NA	NA
ENSDART00000124267	si:ch211-67e16.4	3	4.4	7.8	NA	NA	NA	NA	NA	NA	NA
ENSDART00000059196	polr2i	354	41.1	35.2	13.3	22.4	50.9	75.4	99.47	231.58	1.21917728113
ENSDART00000016696	rhoad	248	54.1	43.7	12.7	23.8	76.7	114.9	52.34	99.09	0.920825545959
ENSDART00000016690	tmpoa	185	75.5	65.6	17.4	34.9	109.1	143.1	30.79	110.07	1.83788753792
ENSDART00000151358	rgl3a	7	66.3	35.7	NA	NA	NA	NA	NA	NA	NA
ENSDART00000111007	CHDH	28	113.6	106.7	56.3	78.1	145.4	185.8	NA	NA	NA
ENSDART00000088146	ensab	17	40.8	36.5	6.3	8.8	71.3	85.3	NA	NA	NA
ENSDART00000111002	C7H20orf27	296	63.6	53.0	20.5	33.3	84.0	134.4	NA	NA	NA
ENSDART00000151351	prrg4	201	47.2	30.8	13.0	20.5	56.7	110.9	24.93	21.98	-0.181691496542
ENSDART00000067822	dynlt3	53	53.3	40.9	8.4	17.5	82.7	103.6	NA	NA	NA
ENSDART00000063870	rpl11	1743	63.8	53.0	23.9	35.1	89.5	114.5	1920.38	573.99	-1.74229430835
ENSDART00000137997	sept6	297	68.4	64.1	21.1	39.1	97.4	116.4	50.2	329.32	2.71373086191
ENSDART00000059800	lactb	3	125.0	173.5	NA	NA	NA	NA	8.08	6.97	-0.213196636883
ENSDART00000067824	b3galnt2	5	90.0	79.1	NA	NA	NA	NA	NA	NA	NA
ENSDART00000130907	CU896555.1	1	11.9	11.9	NA	NA	NA	NA	NA	NA	NA
ENSDART00000025910	apmap	101	43.6	32.2	11.4	19.8	48.4	74.4	10.96	24.83	1.17983646322
ENSDART00000025912	si:dkey-32n7.4	1	36.3	36.3	NA	NA	NA	NA	NA	NA	NA
ENSDART00000046098	plcd1b	634	30.0	20.7	6.4	11.5	39.8	67.3	68.38	104.75	0.615303916041
ENSDART00000148675	ddx21	454	63.9	53.7	14.4	29.0	89.4	124.7	528.78	93.0	-2.50736498962
ENSDART00000112921	CABZ01084613.1	6	118.0	109.0	NA	NA	NA	NA	NA	NA	NA
ENSDART00000112294	ttc22	25	65.7	47.9	25.5	38.8	83.8	125.5	NA	NA	NA
ENSDART00000147019	TMEM71	3	73.9	52.2	NA	NA	NA	NA	NA	NA	NA
ENSDART00000112926	adora1	10	71.7	65.8	23.2	34.9	81.5	134.3	NA	NA	NA
ENSDART00000065288	pcyt1ba	5	21.5	17.8	NA	NA	NA	NA	NA	NA	NA
ENSDART00000129091	ubr3	108	43.7	33.6	12.6	21.4	52.6	79.3	16.05	6.53	-1.29741840046
ENSDART00000081505	pggt1b	9	43.9	19.4	NA	NA	NA	NA	16.34	13.54	-0.271180244571
ENSDART00000112298	map2	17	23.4	20.9	7.6	14.1	31.8	43.3	NA	NA	NA
ENSDART00000101992	lipt2	2	33.0	33.0	NA	NA	NA	NA	NA	NA	NA
ENSDART00000101994	pnisr	99	85.1	55.8	11.9	21.3	122.6	221.4	73.49	78.87	0.101928691122
ENSDART00000064738	atpif1b	25	48.0	40.7	23.4	31.8	58.8	89.3	NA	NA	NA
ENSDART00000039700	itgb1a	27	59.0	34.4	6.6	10.8	104.5	136.9	NA	NA	NA
ENSDART00000128284	nudt9	298	71.5	67.8	25.9	44.0	96.7	118.0	33.82	81.28	1.26502374236
ENSDART00000103733	atad5a	134	79.4	60.2	13.4	27.8	113.8	185.1	22.99	25.16	0.130125456161
ENSDART00000146940	uox	45	102.8	97.3	57.9	80.4	123.2	145.9	NA	NA	NA
ENSDART00000103592	FAM83F	11	17.9	13.5	7.4	9.8	25.9	34.5	NA	NA	NA
ENSDART00000103596	npc1	261	84.1	80.7	17.2	37.8	124.5	151.2	11.67	51.55	2.14316786655
ENSDART00000111477	METTL18	32	37.4	28.2	8.8	17.5	47.6	73.7	NA	NA	NA
ENSDART00000111475	pcdh7a	13	110.1	123.1	44.5	79.1	140.6	159.8	NA	NA	NA
ENSDART00000111472	brca2	36	71.8	53.3	4.9	11.5	117.2	158.9	5.21	3.41	-0.611511633254
ENSDART00000041725	sfmbt1	5	38.3	36.3	NA	NA	NA	NA	NA	NA	NA
ENSDART00000041895	ssu72	93	64.4	48.9	22.2	30.2	88.4	129.2	40.59	80.45	0.986968080913
ENSDART00000030667	szl	247	70.7	62.4	11.5	32.5	105.8	144.5	NA	NA	NA
ENSDART00000049151	gli1	8	109.9	96.5	NA	NA	NA	NA	NA	NA	NA
ENSDART00000135428	si:ch211-284e13.5	21	42.0	26.2	4.3	13.2	42.3	112.7	NA	NA	NA
ENSDART00000100642	ell	78	49.9	35.5	10.5	19.4	63.3	111.5	NA	NA	NA
ENSDART00000061706	inpp5b	15	84.7	62.9	13.7	19.1	148.1	180.4	4.52	4.07	-0.151293978149
ENSDART00000065563	ccdc90b	14	33.2	32.6	13.9	16.6	42.5	57.1	NA	NA	NA
ENSDART00000146350	far1	11	46.1	29.7	10.9	25.7	46.4	76.4	NA	NA	NA
ENSDART00000127353	nr1d2b	3	68.4	69.4	NA	NA	NA	NA	NA	NA	NA
ENSDART00000127352	CABZ01067072.1	6	129.9	129.9	NA	NA	NA	NA	NA	NA	NA
ENSDART00000127350	enpp1	7	19.4	18.9	NA	NA	NA	NA	NA	NA	NA
ENSDART00000127355	IER2	33	92.0	81.1	38.4	68.1	120.9	149.8	NA	NA	NA
ENSDART00000027090	yes1	230	49.7	33.1	8.6	14.5	78.9	112.0	11.34	81.16	2.83934822481
ENSDART00000074034	vps54	39	48.8	29.2	5.4	13.6	92.8	117.8	NA	NA	NA
ENSDART00000018347	cab39l1	97	38.0	25.9	11.9	18.0	43.4	87.4	NA	NA	NA
ENSDART00000126341	CCPG1	4	104.3	107.3	NA	NA	NA	NA	NA	NA	NA
ENSDART00000126340	si:ch211-103f14.3	1	196.0	196.0	NA	NA	NA	NA	NA	NA	NA
ENSDART00000109030	HERC1	11	45.1	18.8	9.8	11.8	41.1	46.2	1.92	0.3	-2.67807190511
ENSDART00000111956	gramd1a	21	116.9	113.0	8.0	41.0	209.9	224.5	NA	NA	NA
ENSDART00000136199	dtd2	16	74.6	74.5	12.5	35.2	109.0	141.4	NA	NA	NA
ENSDART00000113526	optn	1	6.0	6.0	NA	NA	NA	NA	NA	NA	NA
ENSDART00000065562	pcf11	143	97.9	72.8	15.7	35.7	156.4	210.4	21.59	40.15	0.895036744382
ENSDART00000102562	ankrd10b	12	135.4	129.6	69.8	114.6	151.2	177.0	NA	NA	NA
ENSDART00000133106	si:ch211-264f5.6	162	91.7	88.3	33.6	64.2	120.8	140.5	NA	NA	NA
ENSDART00000123404	il17rd	108	51.9	29.0	7.6	15.4	77.3	135.4	11.72	20.39	0.798889205594
ENSDART00000016960	prkg1a	7	10.2	8.7	NA	NA	NA	NA	NA	NA	NA
ENSDART00000124615	rad23b	552	60.8	51.8	16.6	29.2	84.4	120.6	110.9	304.91	1.45912410106
ENSDART00000129940	MTMR4	47	50.8	23.2	8.9	14.5	48.4	178.1	4.81	6.79	0.497374680475
ENSDART00000014696	pdx1	18	52.4	21.9	7.3	11.4	86.2	138.2	NA	NA	NA
ENSDART00000014871	akr7a3	17	33.4	30.4	19.7	21.8	42.2	51.6	NA	NA	NA
ENSDART00000041094	clcn1a	14	37.3	31.8	14.1	18.1	52.2	63.8	NA	NA	NA
ENSDART00000123409	PARP10	6	34.8	35.7	NA	NA	NA	NA	NA	NA	NA
ENSDART00000014691	eif4e2rs1	336	58.0	47.7	17.4	27.7	80.3	113.6	66.81	122.61	0.875940685233
ENSDART00000109312	HMGXB4	2	156.0	156.0	NA	NA	NA	NA	NA	NA	NA
ENSDART00000098194	raf1a	5	65.9	60.2	NA	NA	NA	NA	NA	NA	NA
ENSDART00000147912	si:dkey-20d21.12	9	27.6	25.1	NA	NA	NA	NA	NA	NA	NA
ENSDART00000008898	foxm1	90	37.1	23.3	10.7	16.1	34.9	73.1	NA	NA	NA
ENSDART00000044043	rbm17	261	60.1	34.7	16.5	20.9	89.4	145.2	46.29	111.99	1.27459744673
ENSDART00000122313	emc7	2	22.2	22.2	NA	NA	NA	NA	NA	NA	NA
ENSDART00000102463	zgc:162344	25	31.1	9.2	2.8	6.2	37.3	84.9	6.02	3.87	-0.637429920615
ENSDART00000112318	ntn2	11	87.8	56.8	18.9	33.5	142.2	161.3	NA	NA	NA
ENSDART00000056666	klhl20	61	44.5	32.6	6.9	15.0	57.9	102.3	6.7	7.85	0.228531558434
ENSDART00000056667	cenpl	110	47.3	30.6	4.7	14.0	56.3	116.1	NA	NA	NA
ENSDART00000014232	znf330	105	55.7	46.3	8.2	15.5	84.6	117.1	22.83	39.2	0.779922794778
ENSDART00000136990	si:dkey-117m1.4	51	65.9	55.7	11.0	18.8	106.7	134.0	NA	NA	NA
ENSDART00000080454	slc17a8	1	46.9	46.9	NA	NA	NA	NA	NA	NA	NA
ENSDART00000033069	bxdc2	156	80.7	69.8	24.2	49.1	112.8	145.8	117.76	121.35	0.0433245319815
ENSDART00000137801	rasgef1ba	325	59.8	40.6	7.4	14.5	97.2	139.0	34.44	64.38	0.902527434081
ENSDART00000129031	nsmfb	1	19.4	19.4	NA	NA	NA	NA	NA	NA	NA
ENSDART00000129032	CR847543.1	1	148.2	148.2	NA	NA	NA	NA	NA	NA	NA
ENSDART00000129033	SB:CB827	8	69.6	22.9	NA	NA	NA	NA	NA	NA	NA
ENSDART00000129035	prdx5	44	114.3	118.2	38.7	86.1	153.5	174.8	NA	NA	NA
ENSDART00000082362	mak	43	53.6	40.1	13.0	26.7	71.4	114.9	NA	NA	NA
ENSDART00000064150	SAYSD1	19	69.9	80.0	6.6	28.3	95.8	124.4	NA	NA	NA
ENSDART00000109319	arf1	636	68.7	61.0	22.0	35.7	96.0	129.2	NA	NA	NA
ENSDART00000078795	ahcyl1	1	48.4	48.4	NA	NA	NA	NA	NA	NA	NA
ENSDART00000059117	mmd	88	51.1	37.5	10.6	21.9	67.2	109.8	NA	NA	NA
ENSDART00000064156	tbccd1	49	46.1	30.8	7.0	12.0	61.4	119.2	NA	NA	NA
ENSDART00000079902	slc25a16	11	76.2	84.2	11.9	67.3	96.1	101.9	NA	NA	NA
ENSDART00000077219	badb	34	55.1	47.8	9.5	22.1	82.9	101.5	NA	NA	NA
ENSDART00000098999	zgc:114119	93	50.8	32.0	13.6	20.1	69.0	124.8	39.74	32.09	-0.308468082968
ENSDART00000127955	lysmd2	55	70.8	57.6	18.1	26.8	107.5	127.2	NA	NA	NA
ENSDART00000136306	SYCE3	12	48.0	33.0	17.0	20.7	44.7	129.4	NA	NA	NA
ENSDART00000074854	im:7154842	1	65.6	65.6	NA	NA	NA	NA	NA	NA	NA
ENSDART00000077216	astn1	44	27.4	22.8	6.0	11.3	43.0	54.7	NA	NA	NA
ENSDART00000077217	zgc:101765	15	10.6	7.0	3.5	6.1	14.3	22.7	NA	NA	NA
ENSDART00000009337	eno1a	16	30.8	28.3	13.2	18.8	38.1	52.8	NA	NA	NA
ENSDART00000045177	cdk10	10	47.1	40.3	17.0	21.9	52.7	98.6	NA	NA	NA
ENSDART00000102645	stk11ip	4	28.1	8.0	NA	NA	NA	NA	NA	NA	NA
ENSDART00000056138	IGSF8	33	81.7	76.6	30.0	52.2	100.2	150.8	NA	NA	NA
ENSDART00000130675	pi4k2a	326	78.1	71.3	18.7	34.4	112.2	146.4	NA	NA	NA
ENSDART00000146106	nfil3-5	94	59.2	45.4	8.7	18.5	92.9	135.7	NA	NA	NA
ENSDART00000025620	ppiaa	3597	57.2	49.2	20.6	30.6	73.0	106.4	955.18	1011.81	0.0830938686686
ENSDART00000130299	DEAF1	12	84.7	56.7	17.5	24.3	160.2	179.3	NA	NA	NA
ENSDART00000130296	CABZ01088071.1	690	55.7	41.5	8.5	16.5	82.7	132.3	59.67	99.87	0.743045594307
ENSDART00000130746	zgc:112962	66	62.3	39.0	19.8	29.2	57.6	129.6	5.68	12.1	1.09104421266
ENSDART00000147941	me1	3	27.2	31.3	NA	NA	NA	NA	NA	NA	NA
ENSDART00000005485	zgc:136902	3	69.4	69.9	NA	NA	NA	NA	NA	NA	NA
ENSDART00000008823	MYL2	1	75.4	75.4	NA	NA	NA	NA	NA	NA	NA
ENSDART00000048206	C18H12orf23	58	76.7	76.2	22.6	36.0	105.2	135.9	NA	NA	NA
ENSDART00000097469	fdx1l	67	45.5	42.8	10.9	22.9	64.7	86.6	38.96	12.66	-1.62171627265
ENSDART00000081983	SLC35A2	8	66.2	56.6	NA	NA	NA	NA	NA	NA	NA
ENSDART00000131276	si:ch211-150o23.2	82	50.3	36.7	8.3	14.5	78.0	116.2	NA	NA	NA
ENSDART00000097465	CEP57	24	49.1	25.2	10.4	13.5	67.7	114.2	10.84	6.97	-0.637134195485
ENSDART00000048201	SMAD4	1	8.3	8.3	NA	NA	NA	NA	NA	NA	NA
ENSDART00000076163	hoxb1b	3	120.9	112.2	NA	NA	NA	NA	NA	NA	NA
ENSDART00000005331	klhl15	27	43.6	21.4	6.0	14.2	74.1	133.3	NA	NA	NA
ENSDART00000002104	sema3c	1	110.7	110.7	NA	NA	NA	NA	NA	NA	NA
ENSDART00000005337	rimkla	739	55.0	40.5	13.7	21.6	76.5	118.2	46.33	160.45	1.79210520214
ENSDART00000004689	VWA5A	1	130.8	130.8	NA	NA	NA	NA	NA	NA	NA
ENSDART00000055312	nosip	159	38.8	28.3	8.7	15.8	44.3	87.0	30.57	87.5	1.51716646472
ENSDART00000112030	CABZ01084950.1	26	56.9	43.9	25.0	34.9	62.5	94.3	NA	NA	NA
ENSDART00000055317	lrrc17	2	138.5	138.5	NA	NA	NA	NA	NA	NA	NA
ENSDART00000042100	homez	180	48.8	29.4	10.6	17.4	76.9	114.3	17.49	53.62	1.61624093006
ENSDART00000115339	scmh1	14	21.8	16.1	6.3	8.5	19.7	42.3	NA	NA	NA
ENSDART00000004686	limk1b	1	81.4	81.4	NA	NA	NA	NA	NA	NA	NA
ENSDART00000134459	LMTK3	1	8.5	8.5	NA	NA	NA	NA	NA	NA	NA
ENSDART00000143483	nr2c2ap	3	11.1	14.5	NA	NA	NA	NA	NA	NA	NA
ENSDART00000143482	fsd1l	1	6.5	6.5	NA	NA	NA	NA	NA	NA	NA
ENSDART00000134450	ebpl	1	24.7	24.7	NA	NA	NA	NA	NA	NA	NA
ENSDART00000109990	ABHD15	9	17.5	16.1	NA	NA	NA	NA	NA	NA	NA
ENSDART00000088908	srgap1	20	28.7	26.3	7.7	13.9	31.0	50.3	NA	NA	NA
ENSDART00000146175	CEP350	139	73.8	64.3	9.0	19.7	120.5	153.4	20.92	15.49	-0.433545707457
ENSDART00000058578	rspo3	45	60.3	46.1	8.1	18.3	88.9	154.5	NA	NA	NA
ENSDART00000057223	rhebl1	339	72.9	68.8	25.7	46.3	96.0	123.5	NA	NA	NA
ENSDART00000109152	CABZ01062452.1	12	63.2	49.9	6.2	22.8	90.7	132.3	NA	NA	NA
ENSDART00000017966	nudt17	17	23.6	17.9	7.0	9.2	39.0	47.3	NA	NA	NA
ENSDART00000088904	gltpa	26	70.4	57.0	12.9	30.0	106.3	143.6	NA	NA	NA
ENSDART00000058571	snai2	273	51.4	40.9	9.4	19.4	72.6	112.4	NA	NA	NA
ENSDART00000092780	DST	1	71.3	71.3	NA	NA	NA	NA	NA	NA	NA
ENSDART00000130126	CABZ01054394.3	19	52.8	47.3	11.6	20.4	85.4	94.6	NA	NA	NA
ENSDART00000052636	evx1	3	14.2	14.4	NA	NA	NA	NA	NA	NA	NA
ENSDART00000055913	hist2h2l	35	52.7	44.8	12.4	14.3	62.4	119.0	NA	NA	NA
ENSDART00000075146	alg3	71	40.0	28.4	13.6	20.2	44.5	84.5	NA	NA	NA
ENSDART00000142284	meig1	7	50.8	29.2	NA	NA	NA	NA	NA	NA	NA
ENSDART00000124487	hinfp	25	28.7	21.5	8.0	14.6	41.2	49.7	NA	NA	NA
ENSDART00000142532	BX571760.2	1	30.3	30.3	NA	NA	NA	NA	NA	NA	NA
ENSDART00000035939	panx1a	0	NA	NA	NA	NA	NA	NA	36.22	31.13	-0.218480969481
ENSDART00000125228	BX571715.2	1	25.6	25.6	NA	NA	NA	NA	NA	NA	NA
ENSDART00000073883	dtymk	47	56.1	43.1	12.6	18.6	81.4	123.8	27.06	48.44	0.840037025718
ENSDART00000099795	sdad1	67	61.8	50.3	17.2	25.1	98.8	128.1	70.35	57.7	-0.285979104591
ENSDART00000101204	alcamb	283	122.4	124.1	67.4	95.9	149.7	179.0	NA	NA	NA
ENSDART00000128618	and1	2	95.4	95.4	NA	NA	NA	NA	NA	NA	NA
ENSDART00000101209	fbxo43	32	21.5	14.3	5.7	9.2	21.5	50.1	16.39	1.34	-3.61251094864
ENSDART00000125223	dcun1d1	20	59.5	33.7	12.1	18.1	83.4	146.7	NA	NA	NA
ENSDART00000122902	si:ch211-232i5.3	105	74.9	67.3	6.6	30.1	113.5	149.9	NA	NA	NA
ENSDART00000128613	rps15a	625	84.8	87.9	31.7	49.8	115.5	134.1	1509.34	520.28	-1.53655767468
ENSDART00000128612	ubxn2a	4	98.6	39.4	NA	NA	NA	NA	NA	NA	NA
ENSDART00000049437	cdc42bpb	103	35.6	22.9	8.2	12.6	37.4	78.4	12.14	9.76	-0.314815368693
ENSDART00000153212	GPR123	5	22.4	16.8	NA	NA	NA	NA	NA	NA	NA
ENSDART00000108619	farp1	39	42.2	30.9	13.4	19.8	48.6	76.7	NA	NA	NA
ENSDART00000099735	MLLT1	88	61.0	43.9	12.9	19.2	90.3	132.6	NA	NA	NA
ENSDART00000109798	dna2	7	156.2	166.0	NA	NA	NA	NA	4.89	12.07	1.3035193058
ENSDART00000099733	f2rl1.1	42	23.5	19.6	9.6	12.9	32.1	43.5	NA	NA	NA
ENSDART00000103150	calcoco1	7	77.6	67.2	NA	NA	NA	NA	NA	NA	NA
ENSDART00000142406	si:ch73-160h15.3	562	43.6	33.5	9.7	17.2	58.6	94.8	NA	NA	NA
ENSDART00000003273	rchy1	31	61.6	52.7	17.7	30.2	89.7	126.1	15.05	10.39	-0.534567832743
ENSDART00000006357	RIMS1	3	29.3	23.1	NA	NA	NA	NA	NA	NA	NA
ENSDART00000111271	SHROOM2	1	10.1	10.1	NA	NA	NA	NA	NA	NA	NA
ENSDART00000091105	MFAP3L	42	65.1	57.8	20.1	33.4	84.1	129.6	NA	NA	NA
ENSDART00000145083	brd1a	16	62.8	60.0	14.7	34.3	98.0	112.0	NA	NA	NA
ENSDART00000091109	naif1	13	56.6	33.5	9.3	13.2	80.8	113.2	NA	NA	NA
ENSDART00000129965	CABZ01079490.1	104	46.2	30.3	10.1	15.2	58.0	115.5	17.54	34.9	0.992578288652
ENSDART00000145087	lmna	49	52.0	36.7	14.4	21.2	77.9	100.6	NA	NA	NA
ENSDART00000129963	rbp1b	78	43.4	40.4	22.5	32.0	56.8	68.5	NA	NA	NA
ENSDART00000087862	SAMD14	3	64.3	63.2	NA	NA	NA	NA	NA	NA	NA
ENSDART00000145084	lsm10	7	41.5	40.5	NA	NA	NA	NA	NA	NA	NA
ENSDART00000129320	celf2	2	39.6	39.6	NA	NA	NA	NA	NA	NA	NA
ENSDART00000063877	prdx6	70	46.3	37.9	19.1	25.8	60.0	74.1	40.75	124.82	1.61497715235
ENSDART00000114729	OSCP1	1	135.1	135.1	NA	NA	NA	NA	NA	NA	NA
ENSDART00000062422	zgc:63691	13	38.5	29.7	14.5	18.2	46.2	59.2	NA	NA	NA
ENSDART00000013360	ppp1r3cb	115	64.6	51.6	13.5	23.7	93.4	143.1	NA	NA	NA
ENSDART00000082448	zgc:66127	1585	76.1	70.5	27.7	46.1	103.1	130.6	534.27	1422.33	1.41261531354
ENSDART00000062930	phlda2	1	37.9	37.9	NA	NA	NA	NA	NA	NA	NA
ENSDART00000090855	megf11	1	106.1	106.1	NA	NA	NA	NA	NA	NA	NA
ENSDART00000127990	BCKDHB	193	36.7	33.4	15.8	22.0	47.7	62.8	78.95	46.36	-0.768058699741
ENSDART00000127993	dnajb6b	7	23.3	26.1	NA	NA	NA	NA	NA	NA	NA
ENSDART00000090851	ydjc	2	45.7	45.7	NA	NA	NA	NA	NA	NA	NA
ENSDART00000083314	ptprfb	9	23.9	21.2	NA	NA	NA	NA	NA	NA	NA
ENSDART00000086994	nat15	35	45.2	26.8	6.8	11.8	55.0	141.5	NA	NA	NA
ENSDART00000029586	dnaja2	560	68.9	63.8	19.7	34.0	95.5	125.6	165.12	511.69	1.63175516304
ENSDART00000108613	rasef	4	26.3	14.6	NA	NA	NA	NA	NA	NA	NA
ENSDART00000145356	si:ch211-13c6.2	117	35.8	26.8	9.8	14.7	44.0	82.3	21.19	35.46	0.742808948527
ENSDART00000131651	si:ch211-160j14.2	13	26.3	26.8	0.8	3.5	34.0	58.7	NA	NA	NA
ENSDART00000042255	rab6bb	4	76.1	71.5	NA	NA	NA	NA	NA	NA	NA
ENSDART00000017962	eci1	44	56.0	42.6	11.3	24.2	75.7	117.8	NA	NA	NA
ENSDART00000131652	gpr146	1	69.7	69.7	NA	NA	NA	NA	NA	NA	NA
ENSDART00000060866	ACVR2B	418	64.5	60.4	14.0	32.8	90.5	121.4	30.27	53.01	0.808375865445
ENSDART00000004727	rhcgl1	1	14.9	14.9	NA	NA	NA	NA	NA	NA	NA
ENSDART00000064805	cenpp	9	65.4	52.4	NA	NA	NA	NA	NA	NA	NA
ENSDART00000042701	pip5k2	182	33.0	27.4	11.0	18.6	43.3	58.6	23.71	122.51	2.36933194751
ENSDART00000103388	wu:fi42e03	103	52.0	51.2	30.6	39.4	62.9	72.9	70.09	7.62	-3.20134572144
ENSDART00000006173	cldn7b	718	38.2	29.1	9.3	16.1	47.6	78.5	22.84	229.28	3.3274759589
ENSDART00000139066	krt1-c5	2	64.6	64.6	NA	NA	NA	NA	NA	NA	NA
ENSDART00000139064	pfn2l	168	70.2	59.1	21.1	36.2	97.8	141.4	101.29	668.58	2.72260844957
ENSDART00000011837	neurod	1	46.0	46.0	NA	NA	NA	NA	NA	NA	NA
ENSDART00000139068	zgc:114130	323	60.8	41.7	9.9	17.3	99.7	142.2	17.44	92.68	2.40985800409
ENSDART00000139069	decr1	28	37.8	22.4	11.5	14.4	52.3	80.7	NA	NA	NA
ENSDART00000140954	asb13a.2	3	12.5	13.9	NA	NA	NA	NA	NA	NA	NA
ENSDART00000101246	vps29	101	42.9	31.3	13.3	21.3	45.7	85.1	37.55	84.8	1.17525135705
ENSDART00000115337	fastkd3	6	79.6	36.5	NA	NA	NA	NA	NA	NA	NA
ENSDART00000113060	dnph1	7	57.4	49.5	NA	NA	NA	NA	NA	NA	NA
ENSDART00000113061	bbs1	2	8.8	8.8	NA	NA	NA	NA	NA	NA	NA
ENSDART00000113066	amer1	145	45.8	31.0	8.7	15.5	69.8	100.8	5.29	10.06	0.927290677692
ENSDART00000020174	dynll2b	364	49.2	36.9	10.8	18.8	64.3	103.5	156.83	300.07	0.936097531409
ENSDART00000043259	entpd2a.2	1	4.3	4.3	NA	NA	NA	NA	NA	NA	NA
ENSDART00000012055	rpl28	569	65.1	51.3	24.6	31.7	93.9	124.3	1427.33	326.15	-2.12971139216
ENSDART00000017572	asun	102	57.2	46.1	13.1	23.4	77.3	116.0	22.31	19.91	-0.164197292524
ENSDART00000043251	derl3	4	34.9	33.9	NA	NA	NA	NA	NA	NA	NA
ENSDART00000012050	apoa1a	114	119.3	118.7	85.2	100.3	134.7	152.7	NA	NA	NA
ENSDART00000049375	ube2e2	36	95.8	99.6	46.7	68.5	127.1	136.3	NA	NA	NA
ENSDART00000110270	pwp2h	128	25.8	19.5	7.4	11.3	31.9	47.0	22.49	64.22	1.51373900395
ENSDART00000007883	ccne1	921	39.0	28.8	10.3	17.0	51.0	86.0	287.65	356.89	0.31116500765
ENSDART00000024847	TMEM196	1	7.3	7.3	NA	NA	NA	NA	NA	NA	NA
ENSDART00000024846	ubr4	87	91.9	85.4	18.8	32.4	133.9	197.2	5.89	10.62	0.850444226974
ENSDART00000110278	rassf9	7	35.1	35.6	NA	NA	NA	NA	NA	NA	NA
ENSDART00000023977	fbxw2	49	58.8	52.3	8.5	11.9	86.0	120.0	NA	NA	NA
ENSDART00000127502	cdkl5	2	14.7	14.7	NA	NA	NA	NA	NA	NA	NA
ENSDART00000144288	pcmt	29	62.1	60.8	24.4	43.1	70.9	98.8	17.96	28.01	0.641154633333
ENSDART00000127501	CABZ01083834.1	1	103.3	103.3	NA	NA	NA	NA	NA	NA	NA
ENSDART00000022441	dbx1a	6	33.9	29.0	NA	NA	NA	NA	NA	NA	NA
ENSDART00000022112	zgc:56628	10	35.9	23.1	6.9	12.0	42.8	87.5	NA	NA	NA
ENSDART00000056328	elovl4b	85	33.1	29.4	7.8	20.0	40.5	58.5	NA	NA	NA
ENSDART00000008099	b9d2	46	66.3	47.2	20.5	31.0	97.0	132.0	NA	NA	NA
ENSDART00000064860	rbms1a	63	99.2	101.3	32.3	59.4	132.0	162.4	NA	NA	NA
ENSDART00000044705	RPS6KA2	4	41.6	37.2	NA	NA	NA	NA	NA	NA	NA
ENSDART00000123478	CU570791.5	20	34.4	25.7	9.0	18.2	50.8	56.0	NA	NA	NA
ENSDART00000148465	slc1a1	1	25.6	25.6	NA	NA	NA	NA	NA	NA	NA
ENSDART00000114382	stard13b	45	65.1	33.8	7.6	13.5	108.7	140.5	NA	NA	NA
ENSDART00000114384	znf654	115	84.5	64.5	18.7	37.3	136.3	173.8	9.39	16.74	0.834102464897
ENSDART00000114385	CEP152	22	81.3	56.3	10.3	16.9	141.5	192.8	6.62	1.93	-1.77823036954
ENSDART00000140673	galnt1	1	85.9	85.9	NA	NA	NA	NA	NA	NA	NA
ENSDART00000121762	CR354382.1	4	35.4	26.6	NA	NA	NA	NA	NA	NA	NA
ENSDART00000010092	gas6	15	63.7	54.5	30.8	46.6	71.1	122.3	NA	NA	NA
ENSDART00000098461	ptk7a	279	70.0	58.5	17.6	31.4	98.9	136.7	18.6	155.84	3.06669105609
ENSDART00000129670	BX640547.1	5	45.2	34.3	NA	NA	NA	NA	NA	NA	NA
ENSDART00000121769	REXO4	122	58.1	42.4	10.3	20.5	78.4	152.6	44.55	57.1	0.358065313841
ENSDART00000103882	grin2db	2	41.3	41.3	NA	NA	NA	NA	2.49	0.21	-3.56768450929
ENSDART00000060399	drap1	265	98.8	102.9	51.4	77.1	122.4	142.2	79.2	263.68	1.73521581222
ENSDART00000150336	tmem243b	5	77.2	96.2	NA	NA	NA	NA	NA	NA	NA
ENSDART00000110609	samsn1b	6	59.6	67.2	NA	NA	NA	NA	NA	NA	NA
ENSDART00000080843	ndufa8	92	41.9	30.6	5.9	14.5	53.2	95.9	33.98	59.29	0.803102944206
ENSDART00000141504	si:dkey-105h11.2	2	45.2	45.2	NA	NA	NA	NA	NA	NA	NA
ENSDART00000115031	MRPL47	27	61.1	46.5	17.2	34.4	77.3	132.0	14.76	21.76	0.55998583519
ENSDART00000115037	FOXJ3	2	54.3	54.3	NA	NA	NA	NA	NA	NA	NA
ENSDART00000115034	brwd1	57	92.1	74.8	18.4	36.9	142.5	177.8	9.82	7.08	-0.471973664232
ENSDART00000019759	aven	58	57.5	38.6	9.5	13.4	73.8	138.1	NA	NA	NA
ENSDART00000019750	wdr5	592	73.0	66.0	17.8	36.4	99.8	144.1	26.41	281.82	3.41561779281
ENSDART00000100126	AKIP1	40	26.2	18.6	6.0	11.2	27.5	63.6	NA	NA	NA
ENSDART00000137556	fam102ab	4	15.5	16.1	NA	NA	NA	NA	NA	NA	NA
ENSDART00000132073	eif4e1c	225	57.8	48.2	13.7	27.5	74.1	123.1	73.54	327.56	2.15515811133
ENSDART00000099340	pccb	97	26.8	22.1	6.8	11.8	31.5	50.5	21.21	32.1	0.597828676479
ENSDART00000029528	mospd2	172	54.8	41.4	9.1	15.6	86.6	123.9	19.79	35.54	0.844672068981
ENSDART00000134928	nfatc3b	12	91.7	107.0	20.5	37.3	132.2	147.1	NA	NA	NA
ENSDART00000046431	hsd17b4	4	9.4	10.1	NA	NA	NA	NA	NA	NA	NA
ENSDART00000102876	cybrd1	4	35.4	24.7	NA	NA	NA	NA	NA	NA	NA
ENSDART00000051566	C5H9orf85	167	41.5	31.9	11.9	19.1	58.1	84.9	55.87	126.92	1.18377370096
ENSDART00000014552	arl8ba	15	48.1	26.1	8.7	14.0	48.8	144.5	NA	NA	NA
ENSDART00000134922	kctd7	2	18.1	18.1	NA	NA	NA	NA	NA	NA	NA
ENSDART00000051565	cyp1d1	9	56.6	31.3	NA	NA	NA	NA	NA	NA	NA
ENSDART00000090301	HECW1	1	38.8	38.8	NA	NA	NA	NA	NA	NA	NA
ENSDART00000010101	aacs	14	44.1	25.3	11.0	16.9	55.0	105.8	NA	NA	NA
ENSDART00000060134	piga	11	39.2	18.1	8.4	12.4	36.6	118.6	NA	NA	NA
ENSDART00000060137	cxcr3.2	3	17.2	23.4	NA	NA	NA	NA	NA	NA	NA
ENSDART00000010104	crtap	57	89.6	89.9	26.2	50.4	130.5	146.5	NA	NA	NA
ENSDART00000142217	magi1a	9	100.6	89.2	NA	NA	NA	NA	NA	NA	NA
ENSDART00000083505	dad1	163	52.7	43.7	16.8	24.4	68.9	108.3	52.78	112.63	1.09352789745
ENSDART00000075028	rps11	1241	63.1	60.1	15.5	30.4	90.0	117.8	1190.92	531.43	-1.164124926
ENSDART00000146530	epha6	1	44.2	44.2	NA	NA	NA	NA	NA	NA	NA
ENSDART00000047055	trim55a	15	100.5	100.7	30.5	73.8	135.1	155.9	NA	NA	NA
ENSDART00000057819	ptk2bb	4	88.3	90.9	NA	NA	NA	NA	NA	NA	NA
ENSDART00000121837	CR388231.3	226	56.2	34.2	10.2	17.6	87.8	134.8	NA	NA	NA
ENSDART00000075533	tmem209	243	39.0	36.1	10.2	19.0	54.2	72.2	15.04	46.68	1.63399999403
ENSDART00000148280	prr18	29	70.3	60.3	21.3	38.6	99.1	120.5	NA	NA	NA
ENSDART00000084354	cpeb3	3	132.1	129.5	NA	NA	NA	NA	NA	NA	NA
ENSDART00000148287	yrk	2	160.3	160.3	NA	NA	NA	NA	NA	NA	NA
ENSDART00000026726	diexf	162	79.9	78.0	19.2	43.6	108.5	143.1	27.24	44.82	0.718415945498
ENSDART00000055676	RDM1	3	68.0	78.8	NA	NA	NA	NA	NA	NA	NA
ENSDART00000055677	STARD4	1	36.4	36.4	NA	NA	NA	NA	NA	NA	NA
ENSDART00000132445	rbfa	16	31.9	35.5	15.4	20.0	41.8	48.3	NA	NA	NA
ENSDART00000088325	mast4	2	14.8	14.8	NA	NA	NA	NA	NA	NA	NA
ENSDART00000112783	tmem45b	1	73.7	73.7	NA	NA	NA	NA	NA	NA	NA
ENSDART00000081183	enc1l	25	43.4	24.5	6.3	9.4	71.8	120.8	NA	NA	NA
ENSDART00000062518	zgc:162356	58	44.6	39.9	17.4	27.1	55.9	73.4	NA	NA	NA
ENSDART00000022549	atp1b3a	39	94.1	95.5	31.5	63.4	125.6	157.9	NA	NA	NA
ENSDART00000043823	osbpl10	10	78.9	80.4	36.6	38.5	108.6	118.7	NA	NA	NA
ENSDART00000137169	C2H7orf25	6	18.7	17.8	NA	NA	NA	NA	NA	NA	NA
ENSDART00000077978	s100t	13	44.6	46.1	16.4	28.5	66.7	69.9	NA	NA	NA
ENSDART00000089646	zgc:77415	1	162.2	162.2	NA	NA	NA	NA	NA	NA	NA
ENSDART00000021976	nsa2	398	73.3	68.2	27.3	45.7	98.9	123.1	159.13	204.86	0.364432472454
ENSDART00000038651	znf804a	2	14.8	14.8	NA	NA	NA	NA	NA	NA	NA
ENSDART00000134347	zgc:113162	37	34.4	28.8	10.9	16.2	42.3	70.3	NA	NA	NA
ENSDART00000126543	CR848746.2	1	49.3	49.3	NA	NA	NA	NA	NA	NA	NA
ENSDART00000010362	supt7l	43	34.8	20.2	2.9	12.7	32.4	68.8	NA	NA	NA
ENSDART00000083572	C1H19orf53	10	45.8	47.6	32.8	37.5	52.1	55.5	104.23	78.32	-0.412317911036
ENSDART00000083571	MYOM3	3	46.4	38.2	NA	NA	NA	NA	NA	NA	NA
ENSDART00000083574	CABZ01102039.1	1	14.7	14.7	NA	NA	NA	NA	NA	NA	NA
ENSDART00000076586	si:ch211-198n5.11	8	31.8	25.4	NA	NA	NA	NA	NA	NA	NA
ENSDART00000066424	pofut2	46	74.0	66.2	21.1	31.8	109.8	133.4	NA	NA	NA
ENSDART00000085419	LGR4	10	79.9	76.1	27.2	40.8	98.1	130.6	NA	NA	NA
ENSDART00000099903	uckl1b	4	34.9	29.7	NA	NA	NA	NA	NA	NA	NA
ENSDART00000103470	arid3b	614	94.7	91.6	30.7	55.5	127.5	163.7	14.11	171.46	3.60308215546
ENSDART00000103471	khdrbs1b	853	76.1	72.7	23.8	46.2	101.0	132.9	73.6	515.02	2.8068507868
ENSDART00000105284	ncoa6	79	63.5	43.3	14.0	20.7	96.5	136.3	14.34	23.22	0.695322948164
ENSDART00000146280	bbip1	37	45.0	38.7	11.2	18.8	60.5	86.2	NA	NA	NA
ENSDART00000146281	FAM65C	10	20.1	20.8	10.9	14.8	23.1	30.9	3.69	0.41	-3.16992500144
ENSDART00000082193	zmpste24	176	75.9	66.1	21.9	35.8	108.7	142.7	NA	NA	NA
ENSDART00000085416	atad2b	66	38.5	32.2	12.2	23.4	49.5	66.4	8.59	9.83	0.194533285202
ENSDART00000108805	zgc:173705	5	114.9	132.1	NA	NA	NA	NA	NA	NA	NA
ENSDART00000089528	atrn	11	44.8	27.6	11.7	14.8	38.0	97.2	NA	NA	NA
ENSDART00000104107	zgc:173544	7	34.1	35.0	NA	NA	NA	NA	NA	NA	NA
ENSDART00000103730	pmpca	101	49.6	20.5	8.2	12.6	68.3	155.0	NA	NA	NA
ENSDART00000108808	frem2a	32	81.7	82.3	21.6	51.4	106.4	125.8	NA	NA	NA
ENSDART00000089526	otc	2	25.1	25.1	NA	NA	NA	NA	NA	NA	NA
ENSDART00000101675	capn5a	109	43.0	33.1	8.7	18.9	56.7	87.9	NA	NA	NA
ENSDART00000056457	mitfa	1	52.6	52.6	NA	NA	NA	NA	NA	NA	NA
ENSDART00000011751	parvb	2	31.0	31.0	NA	NA	NA	NA	NA	NA	NA
ENSDART00000089425	papd7	101	52.1	33.5	7.3	14.6	75.6	130.3	16.82	17.39	0.0480802270514
ENSDART00000105931	rpz5	1	16.9	16.9	NA	NA	NA	NA	NA	NA	NA
ENSDART00000037007	tpi1a	20	16.3	13.0	-0.5	6.9	17.9	39.6	NA	NA	NA
ENSDART00000023238	emc2	159	53.2	43.4	15.8	25.2	66.2	99.2	14.73	41.26	1.48598639085
ENSDART00000097729	zgc:162967	37	92.5	92.8	42.5	63.2	117.4	141.2	23.43	27.46	0.228974671284
ENSDART00000103591	fbxo7	61	38.7	27.4	9.8	14.6	45.9	86.3	7.62	7.02	-0.118319967189
ENSDART00000089428	ctdspla	36	61.9	41.6	15.4	20.0	83.6	152.4	NA	NA	NA
ENSDART00000093193	CABZ01090021.1	2	59.9	59.9	NA	NA	NA	NA	NA	NA	NA
ENSDART00000086651	TMEM106C	18	29.3	24.7	8.5	14.1	31.6	56.5	NA	NA	NA
ENSDART00000083719	shrprbck1r	7	60.1	39.1	NA	NA	NA	NA	NA	NA	NA
ENSDART00000102251	spna2	216	97.0	80.7	31.5	47.4	130.1	195.1	33.24	83.64	1.33127267982
ENSDART00000102257	zgc:110251	306	92.7	87.4	41.2	62.8	119.2	149.0	33.68	393.54	3.54654623737
ENSDART00000083713	clk2b	42	68.5	48.6	13.1	23.0	104.2	172.0	23.96	19.05	-0.330836910408
ENSDART00000083710	cactin	175	44.4	27.6	8.8	14.4	68.9	104.4	49.59	66.01	0.412635372719
ENSDART00000013865	seh1l	189	55.9	42.3	13.5	22.8	79.7	127.3	18.1	66.87	1.88536942001
ENSDART00000136383	cd99	32	61.7	58.9	26.3	44.1	83.3	93.9	NA	NA	NA
ENSDART00000131861	si:ch211-11c15.3	2	70.3	70.3	NA	NA	NA	NA	NA	NA	NA
ENSDART00000018626	pdap1b	32	63.4	38.4	14.0	19.2	68.0	144.9	36.32	13.9	-1.38567931968
ENSDART00000074777	htt	67	41.7	31.0	8.2	17.6	58.1	84.5	4.19	10.3	1.29762218837
ENSDART00000074774	fgfr1a	260	61.7	47.5	10.2	20.9	85.4	133.5	6.03	24.56	2.02608065347
ENSDART00000018625	napa	116	53.4	37.6	18.5	26.3	62.2	106.9	22.99	94.36	2.03716895252
ENSDART00000066397	phf5a	522	62.2	54.7	19.9	32.5	84.6	113.9	217.84	231.56	0.0881171741851
ENSDART00000018159	FOXK2	213	55.2	42.5	13.3	25.9	75.0	116.6	11.55	65.58	2.50536305009
ENSDART00000078425	eve1	629	66.3	59.7	9.2	22.5	100.0	131.9	NA	NA	NA
ENSDART00000066393	pdap1a	338	54.8	46.0	13.6	24.7	78.2	109.2	127.56	242.95	0.929483429752
ENSDART00000078423	atp5g1	921	43.6	41.1	19.8	29.0	54.1	68.6	161.3	444.09	1.46110564663
ENSDART00000066391	csnk1e	1	134.8	134.8	NA	NA	NA	NA	NA	NA	NA
ENSDART00000078421	cyb5d1	21	73.8	66.2	21.7	42.1	102.0	129.5	NA	NA	NA
ENSDART00000097679	zgc:171844	3	32.2	31.0	NA	NA	NA	NA	NA	NA	NA
ENSDART00000097671	zgc:158432	1	48.3	48.3	NA	NA	NA	NA	NA	NA	NA
ENSDART00000010862	mrpl24	88	71.4	66.3	25.4	38.1	100.0	128.3	NA	NA	NA
ENSDART00000059560	kiaa0907	24	76.4	79.3	17.1	28.3	107.2	135.1	16.11	19.78	0.296085932053
ENSDART00000149934	kl	2	42.7	42.7	NA	NA	NA	NA	NA	NA	NA
ENSDART00000134915	rev1	17	62.8	20.0	7.3	11.1	114.0	172.3	NA	NA	NA
ENSDART00000086295	anln	176	47.3	29.0	7.2	17.2	69.3	114.8	20.62	85.88	2.05827785849
ENSDART00000073740	znf207b	111	63.9	46.8	11.4	25.4	94.3	126.7	NA	NA	NA
ENSDART00000053045	ccnt2b	685	66.4	50.1	12.1	22.6	99.6	146.1	30.07	89.0	1.56548046817
ENSDART00000073745	cmtm4	7	87.3	99.8	NA	NA	NA	NA	NA	NA	NA
ENSDART00000105455	si:ch211-197g15.9	6	36.0	29.1	NA	NA	NA	NA	NA	NA	NA
ENSDART00000039443	tuba8l4	1681	59.6	52.7	14.6	29.2	83.6	115.9	236.16	502.93	1.09059298688
ENSDART00000001649	actn3b	11	75.8	92.1	10.4	22.0	117.6	141.0	NA	NA	NA
ENSDART00000058745	FGFBP3	2	50.8	50.8	NA	NA	NA	NA	NA	NA	NA
ENSDART00000106198	zgc:66433	27	64.5	28.5	13.2	22.4	100.0	144.8	4.52	7.96	0.816445658128
ENSDART00000114587	si:dkeyp-2e4.6	18	42.2	35.1	10.8	13.1	51.6	99.4	NA	NA	NA
ENSDART00000058965	apoeb	3722	98.7	95.6	49.7	70.0	125.1	151.4	NA	NA	NA
ENSDART00000123998	zgc:162946	17	60.2	32.3	15.3	19.7	60.8	154.7	NA	NA	NA
ENSDART00000130359	BX323016.2	8	27.1	22.3	NA	NA	NA	NA	NA	NA	NA
ENSDART00000058742	zgc:92287	90	28.9	23.4	10.5	14.6	40.3	57.2	NA	NA	NA
ENSDART00000058969	ndr2	48	61.3	60.8	2.9	15.0	93.6	123.0	NA	NA	NA
ENSDART00000123997	AL929192.2	3	21.7	19.0	NA	NA	NA	NA	NA	NA	NA
ENSDART00000048753	ddx18	456	74.9	68.9	17.9	35.2	102.4	142.6	103.6	225.12	1.11967023066
ENSDART00000138129	WWC1	3	103.9	22.8	NA	NA	NA	NA	NA	NA	NA
ENSDART00000114810	SYCP2L	1	18.5	18.5	NA	NA	NA	NA	NA	NA	NA
ENSDART00000065467	dedd1	8	54.8	38.8	NA	NA	NA	NA	NA	NA	NA
ENSDART00000114814	twist2	1	65.7	65.7	NA	NA	NA	NA	NA	NA	NA
ENSDART00000078647	si:dkey-98p3.7	6	29.1	25.8	NA	NA	NA	NA	NA	NA	NA
ENSDART00000138120	pbdc1	76	50.0	43.5	15.4	20.8	62.5	93.1	53.06	106.56	1.00596940684
ENSDART00000138123	tpcn1	4	60.9	64.0	NA	NA	NA	NA	NA	NA	NA
ENSDART00000146195	lamtor3	20	89.2	84.1	20.2	54.7	115.4	153.6	NA	NA	NA
ENSDART00000052430	PTDSS1	5	19.8	14.4	NA	NA	NA	NA	NA	NA	NA
ENSDART00000110040	sox11a	518	62.7	50.0	11.4	23.6	92.7	133.5	NA	NA	NA
ENSDART00000024616	fam219aa	12	55.9	34.7	8.4	27.3	48.9	102.5	NA	NA	NA
ENSDART00000110042	si:ch211-241b2.4	4	23.0	23.0	NA	NA	NA	NA	NA	NA	NA
ENSDART00000062094	tmem251	155	60.9	44.0	15.9	20.9	91.2	135.0	NA	NA	NA
ENSDART00000047471	cluh	74	37.4	26.4	5.8	16.8	50.1	79.2	6.28	25.62	2.02843401145
ENSDART00000062096	si:dkeyp-55f12.3	23	47.9	37.3	15.5	27.8	65.7	85.5	NA	NA	NA
ENSDART00000127697	abi1a	17	45.0	26.2	12.0	14.2	66.6	103.9	NA	NA	NA
ENSDART00000037848	dpp6b	2	5.6	5.6	NA	NA	NA	NA	NA	NA	NA
ENSDART00000137838	aldh9a1a.1	218	57.6	53.2	25.1	40.8	68.0	91.2	45.3	116.73	1.36559243076
ENSDART00000127692	CU929408.1	17	26.2	21.9	13.1	15.0	29.2	37.9	NA	NA	NA
ENSDART00000053222	rcbtb1	12	42.8	20.6	8.6	14.2	43.3	110.3	NA	NA	NA
ENSDART00000053221	arl11	3	86.6	93.2	NA	NA	NA	NA	NA	NA	NA
ENSDART00000102210	itga6b	1	75.7	75.7	NA	NA	NA	NA	NA	NA	NA
ENSDART00000053958	c1galt1a	23	21.6	21.9	8.5	12.1	24.8	37.0	NA	NA	NA
ENSDART00000122070	CR854855.2	1	10.9	10.9	NA	NA	NA	NA	NA	NA	NA
ENSDART00000109694	ca5	40	68.4	59.6	14.6	36.0	102.7	129.9	NA	NA	NA
ENSDART00000022949	parp3	4	41.8	18.5	NA	NA	NA	NA	NA	NA	NA
ENSDART00000091735	dok6	1	20.4	20.4	NA	NA	NA	NA	NA	NA	NA
ENSDART00000143349	zgc:66455	6	47.6	45.9	NA	NA	NA	NA	NA	NA	NA
ENSDART00000109698	NACC1	2	9.8	9.8	NA	NA	NA	NA	NA	NA	NA
ENSDART00000041728	cyp26a1	106	60.8	38.9	4.8	10.7	96.7	150.1	30.03	35.2	0.229170953968
ENSDART00000033724	fabp3	121	36.2	33.4	11.5	19.0	46.9	64.7	51.25	63.2	0.302372553784
ENSDART00000129754	CABZ01021433.1	4	41.1	19.3	NA	NA	NA	NA	NA	NA	NA
ENSDART00000129205	rfx1a	5	39.9	8.0	NA	NA	NA	NA	NA	NA	NA
ENSDART00000129202	DDX17	123	94.3	89.2	25.4	58.7	124.3	167.8	NA	NA	NA
ENSDART00000129200	si:ch211-165f21.6	235	97.9	95.8	42.9	65.1	127.7	153.5	NA	NA	NA
ENSDART00000114973	cdx4	130	60.6	55.2	8.2	14.8	100.9	123.2	NA	NA	NA
ENSDART00000113654	zgc:174153	8	166.3	167.8	NA	NA	NA	NA	NA	NA	NA
ENSDART00000079460	LTBP1	1	30.1	30.1	NA	NA	NA	NA	NA	NA	NA
ENSDART00000113381	AL929192.3	37	35.4	33.0	10.0	17.1	48.3	64.7	NA	NA	NA
ENSDART00000113387	tmed1b	61	53.1	34.6	13.4	23.5	71.2	129.2	NA	NA	NA
ENSDART00000145118	commd5	6	49.1	40.7	NA	NA	NA	NA	NA	NA	NA
ENSDART00000092648	tmem5	82	74.6	68.2	16.4	29.2	112.3	146.5	NA	NA	NA
ENSDART00000113384	lyrm4	18	65.1	53.9	23.9	27.5	87.2	135.1	NA	NA	NA
ENSDART00000035096	serpinh1b	17	54.5	34.7	4.2	9.1	90.4	117.1	NA	NA	NA
ENSDART00000035762	ube2d1b	243	52.3	47.8	19.4	30.7	71.5	89.0	43.56	220.95	2.34264407193
ENSDART00000057823	pa2g4a	389	51.1	42.1	12.8	23.6	65.5	107.0	29.63	155.5	2.39178404894
ENSDART00000124071	FP067396.1	5935	110.1	107.5	59.0	80.3	136.3	163.7	NA	NA	NA
ENSDART00000035093	col9a2	1	31.7	31.7	NA	NA	NA	NA	NA	NA	NA
ENSDART00000098610	RELL1	98	37.1	25.5	6.9	13.6	39.0	84.6	NA	NA	NA
ENSDART00000086871	gfod2	13	63.2	22.3	10.2	15.6	143.8	159.9	NA	NA	NA
ENSDART00000098615	nanos3	13	22.8	14.2	6.5	11.1	17.1	33.8	NA	NA	NA
ENSDART00000062898	ephx1	13	18.8	14.0	6.7	12.1	21.5	31.5	NA	NA	NA
ENSDART00000149702	bscl2	1	47.8	47.8	NA	NA	NA	NA	NA	NA	NA
ENSDART00000086879	zfp64	23	26.3	16.5	6.5	13.8	27.6	39.7	NA	NA	NA
ENSDART00000146546	mrpl37	100	62.4	54.5	24.0	36.0	77.7	117.8	32.83	37.16	0.17873575181
ENSDART00000003648	wdr3	52	89.3	94.9	21.9	44.2	128.6	159.5	23.8	35.74	0.586578060846
ENSDART00000007688	SLC22A16	13	71.1	76.6	10.3	23.0	105.6	142.5	NA	NA	NA
ENSDART00000042060	phf17	47	64.6	40.7	8.8	12.8	109.6	158.2	4.45	6.64	0.577377905493
ENSDART00000105721	lnx2b	62	27.1	16.7	4.6	11.0	34.0	54.6	5.91	8.03	0.44224185734
ENSDART00000042065	col11a1a	1	124.3	124.3	NA	NA	NA	NA	NA	NA	NA
ENSDART00000042064	tubgcp3	30	48.3	33.6	7.6	12.9	80.4	101.7	NA	NA	NA
ENSDART00000091845	abcg5	4	132.0	131.9	NA	NA	NA	NA	NA	NA	NA
ENSDART00000127796	gaa	1	90.1	90.1	NA	NA	NA	NA	NA	NA	NA
ENSDART00000067117	ube2v1	147	63.0	53.1	22.8	33.1	86.1	115.8	63.12	135.64	1.10361357901
ENSDART00000128049	hunk	1	35.7	35.7	NA	NA	NA	NA	NA	NA	NA
ENSDART00000091595	fam45a	5	47.9	49.3	NA	NA	NA	NA	NA	NA	NA
ENSDART00000087478	HUS1B	3	23.6	15.7	NA	NA	NA	NA	NA	NA	NA
ENSDART00000087477	smg8	20	40.7	30.9	3.6	16.5	43.6	90.2	4.34	6.18	0.50991179546
ENSDART00000087474	efcab1	2	69.1	69.1	NA	NA	NA	NA	NA	NA	NA
ENSDART00000047616	MMEL1	1	146.6	146.6	NA	NA	NA	NA	NA	NA	NA
ENSDART00000008532	mbip	14	45.3	36.2	13.4	19.0	49.4	105.7	NA	NA	NA
ENSDART00000098160	tmem119b	1	10.7	10.7	NA	NA	NA	NA	NA	NA	NA
ENSDART00000019290	mef2aa	1	22.5	22.5	NA	NA	NA	NA	NA	NA	NA
ENSDART00000076443	pcdh10a	1	97.6	97.6	NA	NA	NA	NA	NA	NA	NA
ENSDART00000093163	galnt11	43	47.9	33.7	13.6	23.3	45.5	87.9	6.1	1.26	-2.27538550895
ENSDART00000005086	atp1a1b	2	47.3	47.3	NA	NA	NA	NA	NA	NA	NA
ENSDART00000017902	camk1gb	1	113.8	113.8	NA	NA	NA	NA	NA	NA	NA
ENSDART00000012421	minpp1b	8	27.5	27.1	NA	NA	NA	NA	NA	NA	NA
ENSDART00000007767	got2b	53	29.8	21.8	11.6	14.1	32.8	43.8	16.57	13.1	-0.339006790797
ENSDART00000007766	agla	1	30.1	30.1	NA	NA	NA	NA	NA	NA	NA
ENSDART00000137768	zzz3	124	76.0	67.5	19.7	35.4	107.3	142.5	13.86	15.36	0.148250958584
ENSDART00000009920	lmo7a	17	124.7	126.9	86.7	105.7	147.5	168.3	NA	NA	NA
ENSDART00000098163	slc25a25b	23	78.8	62.6	16.2	30.9	131.8	163.6	NA	NA	NA
ENSDART00000139479	slc12a9	31	29.9	21.5	6.9	14.7	40.4	49.3	NA	NA	NA
ENSDART00000127986	CABZ01072607.1	10	52.2	56.2	31.3	36.2	61.7	79.2	NA	NA	NA
ENSDART00000080763	GOLPH3	133	50.1	35.7	9.0	15.9	70.5	111.8	NA	NA	NA
ENSDART00000134157	il1rapl1a	5	13.5	12.8	NA	NA	NA	NA	NA	NA	NA
ENSDART00000128401	hk2	8	20.0	17.9	NA	NA	NA	NA	NA	NA	NA
ENSDART00000021491	csnk1db	261	69.5	57.6	13.1	18.5	111.5	147.9	10.98	117.42	3.41872820234
ENSDART00000049885	si:dkey-172j4.3	1	28.1	28.1	NA	NA	NA	NA	NA	NA	NA
ENSDART00000128404	CU914813.1	6	94.5	100.0	NA	NA	NA	NA	NA	NA	NA
ENSDART00000139382	fbxo3	14	83.3	69.4	16.7	25.3	106.4	163.4	NA	NA	NA
ENSDART00000045752	tbc1d20	21	38.6	25.2	7.4	11.2	60.6	70.5	NA	NA	NA
ENSDART00000139387	atp1b1b	1	79.5	79.5	NA	NA	NA	NA	NA	NA	NA
ENSDART00000139385	si:ch211-288g17.3	687	87.5	87.7	41.8	66.5	109.2	130.9	95.87	1068.02	3.47771542099
ENSDART00000016502	dlat	76	58.9	54.7	10.5	31.8	73.9	102.5	9.54	74.23	2.9599411975
ENSDART00000111397	GDPD2	6	61.1	49.7	NA	NA	NA	NA	NA	NA	NA
ENSDART00000063274	kctd6a	8	54.1	24.9	NA	NA	NA	NA	NA	NA	NA
ENSDART00000009093	esyt2a	18	70.2	65.7	8.9	17.8	108.7	141.2	NA	NA	NA
ENSDART00000061832	C8H5orf51	45	50.3	29.4	8.7	13.2	63.5	129.0	NA	NA	NA
ENSDART00000135408	cnfn	2	92.1	92.1	NA	NA	NA	NA	NA	NA	NA
ENSDART00000111024	RAPGEF4	2	113.1	113.1	NA	NA	NA	NA	NA	NA	NA
ENSDART00000114113	sox19a	1681	60.3	49.5	9.1	21.9	90.6	123.9	NA	NA	NA
ENSDART00000111026	CCRN4L	5	37.3	34.4	NA	NA	NA	NA	NA	NA	NA
ENSDART00000111027	dcaf6	6	42.6	39.6	NA	NA	NA	NA	NA	NA	NA
ENSDART00000130920	arfip2b	23	42.2	25.9	5.2	10.9	62.8	98.9	NA	NA	NA
ENSDART00000111029	hspg2	1	174.8	174.8	NA	NA	NA	NA	NA	NA	NA
ENSDART00000135403	nuak2	157	72.6	58.9	22.5	33.7	103.2	141.3	18.5	45.75	1.30624647266
ENSDART00000148075	si:ch73-341p18.7	2	5.3	5.3	NA	NA	NA	NA	NA	NA	NA
ENSDART00000077897	otub1a	425	73.7	66.1	25.7	42.3	96.5	131.5	62.95	166.13	1.40003433776
ENSDART00000064130	BEGAIN	1	15.9	15.9	NA	NA	NA	NA	NA	NA	NA
ENSDART00000080439	cmah	3	82.9	28.9	NA	NA	NA	NA	NA	NA	NA
ENSDART00000141263	ENKD1	1	-2.4	-2.4	NA	NA	NA	NA	NA	NA	NA
ENSDART00000113335	map2k4b	144	59.7	40.1	16.7	23.0	89.4	138.4	37.82	20.49	-0.884229378939
ENSDART00000080430	gfra2b	2	16.2	16.2	NA	NA	NA	NA	NA	NA	NA
ENSDART00000128059	HIST1H4C	39	4.1	-1.3	-6.7	-4.6	4.2	11.5	NA	NA	NA
ENSDART00000021145	slc25a40	20	49.7	27.9	9.7	14.4	67.7	107.9	NA	NA	NA
ENSDART00000006547	acoxl	1	32.1	32.1	NA	NA	NA	NA	NA	NA	NA
ENSDART00000006549	pif1	102	58.6	50.6	7.6	15.8	100.5	127.2	19.48	30.0	0.622968823301
ENSDART00000077966	MIB1	94	103.1	105.4	45.8	76.7	128.0	159.9	NA	NA	NA
ENSDART00000053300	znf865	83	41.5	32.8	5.6	13.3	63.2	84.9	27.26	23.53	-0.212284241581
ENSDART00000063857	scrn2	7	21.6	21.7	NA	NA	NA	NA	NA	NA	NA
ENSDART00000147230	zgc:158868	80	95.1	91.1	33.2	59.4	130.1	156.3	NA	NA	NA
ENSDART00000108633	RFX7	8	77.3	65.4	NA	NA	NA	NA	NA	NA	NA
ENSDART00000131000	WDR77	39	64.9	69.8	18.6	35.0	96.2	106.3	23.94	23.56	-0.023083613113
ENSDART00000108631	CR848664.2	64	66.6	50.7	9.9	20.4	104.1	135.5	3.47	6.32	0.864988895599
ENSDART00000137153	tmod4	15	56.9	33.9	23.0	28.2	94.4	107.3	NA	NA	NA
ENSDART00000076735	LRP10	43	37.2	24.4	7.8	11.9	42.0	75.7	NA	NA	NA
ENSDART00000065262	rps6ka4	5	70.4	17.7	NA	NA	NA	NA	NA	NA	NA
ENSDART00000108639	GMIP	2	40.8	40.8	NA	NA	NA	NA	NA	NA	NA
ENSDART00000065266	sap130b	77	43.8	26.3	4.9	11.6	42.0	131.0	7.61	21.57	1.50305781766
ENSDART00000084730	zgc:162160	7	41.4	24.9	NA	NA	NA	NA	NA	NA	NA
ENSDART00000065264	cdca5	222	60.9	46.6	14.4	23.5	83.8	125.4	23.03	110.97	2.26858339005
ENSDART00000079174	htatsf1	206	67.9	59.5	13.2	28.8	99.1	134.4	99.06	82.95	-0.256060639791
ENSDART00000137170	dars2	1	20.6	20.6	NA	NA	NA	NA	NA	NA	NA
ENSDART00000122133	C11H3orf83	3	7.5	0.7	NA	NA	NA	NA	NA	NA	NA
ENSDART00000005676	sox9a	18	54.4	41.9	9.5	23.0	67.5	125.0	NA	NA	NA
ENSDART00000022325	parp16	15	77.1	85.5	24.9	39.9	99.0	109.7	NA	NA	NA
ENSDART00000136018	nsun4	9	43.2	33.7	NA	NA	NA	NA	NA	NA	NA
ENSDART00000079170	rltpr	78	44.0	33.4	11.8	19.2	62.3	85.5	75.28	99.88	0.4079291932
ENSDART00000099224	dld	343	72.6	54.9	6.9	18.9	119.8	163.4	NA	NA	NA
ENSDART00000020969	gtf3c2	3	28.3	14.8	NA	NA	NA	NA	NA	NA	NA
ENSDART00000113893	tmco4	1	132.3	132.3	NA	NA	NA	NA	NA	NA	NA
ENSDART00000064028	tmem205	42	24.3	23.6	10.5	16.8	29.6	40.9	NA	NA	NA
ENSDART00000113899	zgc:193801	3	85.1	110.4	NA	NA	NA	NA	NA	NA	NA
ENSDART00000044574	adarb1a	5	77.6	63.1	NA	NA	NA	NA	NA	NA	NA
ENSDART00000019145	lbr	374	61.8	51.0	10.9	20.5	87.6	133.3	23.13	189.98	3.03801037684
ENSDART00000075497	rybpb	73	75.3	56.7	9.2	32.8	107.9	157.7	NA	NA	NA
ENSDART00000075491	pop5	54	57.5	33.6	8.4	16.2	81.3	152.8	NA	NA	NA
ENSDART00000075493	ccdc103	3	56.3	38.7	NA	NA	NA	NA	NA	NA	NA
ENSDART00000041707	unc119a	1	22.7	22.7	NA	NA	NA	NA	NA	NA	NA
ENSDART00000075943	ei24	358	50.7	46.9	16.0	30.3	66.1	85.4	15.05	55.32	1.8780376695
ENSDART00000075941	plekhh1	6	101.1	85.7	NA	NA	NA	NA	NA	NA	NA
ENSDART00000014103	zgc:112148	2	89.9	89.9	NA	NA	NA	NA	NA	NA	NA
ENSDART00000041877	csrnp1a	11	81.0	82.6	8.6	18.8	136.7	147.2	NA	NA	NA
ENSDART00000065401	zgc:110782	1	90.6	90.6	NA	NA	NA	NA	NA	NA	NA
ENSDART00000050576	CU855917.1	1	51.9	51.9	NA	NA	NA	NA	NA	NA	NA
ENSDART00000127339	NRG3	1	11.9	11.9	NA	NA	NA	NA	NA	NA	NA
ENSDART00000127331	cdc37l1	46	35.6	21.9	4.6	12.0	49.4	88.3	NA	NA	NA
ENSDART00000018818	mul1a	8	62.6	57.9	NA	NA	NA	NA	NA	NA	NA
ENSDART00000052838	acta1a	2	89.3	89.3	NA	NA	NA	NA	NA	NA	NA
ENSDART00000004964	nqo1	405	101.9	98.0	51.0	72.2	126.4	158.6	NA	NA	NA
ENSDART00000029823	ifnphi1	1	6.3	6.3	NA	NA	NA	NA	NA	NA	NA
ENSDART00000074540	ca10a	1	29.0	29.0	NA	NA	NA	NA	NA	NA	NA
ENSDART00000126326	rpgrip1l	13	58.2	23.9	9.3	12.9	47.1	138.7	7.67	2.73	-1.49032562658
ENSDART00000018817	rnf11a	147	64.7	58.1	17.9	33.6	86.8	116.2	NA	NA	NA
ENSDART00000074010	ubald1b	77	56.7	39.9	15.7	24.4	72.1	109.0	NA	NA	NA
ENSDART00000054428	zgc:112083	26	37.4	17.5	8.1	14.3	35.9	92.1	NA	NA	NA
ENSDART00000054420	rad9a	24	52.7	22.2	11.0	16.8	45.5	171.0	NA	NA	NA
ENSDART00000033263	ankrd49	24	38.7	31.7	15.7	20.5	45.3	67.7	NA	NA	NA
ENSDART00000027392	mef2ca	1	13.2	13.2	NA	NA	NA	NA	NA	NA	NA
ENSDART00000027393	ckmt1	35	125.8	118.7	89.5	102.5	141.3	164.5	NA	NA	NA
ENSDART00000050559	sh3rf1	30	57.2	36.5	9.8	16.9	104.4	116.6	4.39	5.97	0.443509991729
ENSDART00000085061	rft1	6	41.5	23.7	NA	NA	NA	NA	NA	NA	NA
ENSDART00000014818	myf5	5	120.8	118.1	NA	NA	NA	NA	NA	NA	NA
ENSDART00000059351	ift20	64	64.4	55.9	8.2	18.8	97.5	141.7	NA	NA	NA
ENSDART00000050221	atp6v1e1b	41	57.1	31.7	17.3	23.1	77.7	149.4	NA	NA	NA
ENSDART00000059354	rad1	6	23.4	14.5	NA	NA	NA	NA	NA	NA	NA
ENSDART00000075538	fbxo22	82	53.4	31.5	8.9	16.6	76.4	118.9	NA	NA	NA
ENSDART00000100663	wdr35	10	135.1	137.9	66.1	81.4	195.6	206.8	NA	NA	NA
ENSDART00000061726	trim35-40	73	49.7	34.7	7.7	19.4	72.2	110.2	NA	NA	NA
ENSDART00000110818	CC2D1A	16	35.2	18.1	5.5	9.4	40.9	99.1	4.51	6.55	0.538367473169
ENSDART00000100667	skia	33	57.1	41.5	10.8	14.3	93.5	137.9	NA	NA	NA
ENSDART00000100668	kbtbd4	40	53.8	45.8	10.3	15.7	81.8	132.6	NA	NA	NA
ENSDART00000061729	C20H1orf112	7	76.2	63.7	NA	NA	NA	NA	NA	NA	NA
ENSDART00000089141	fsd1	1	49.3	49.3	NA	NA	NA	NA	NA	NA	NA
ENSDART00000083967	chpf2	28	72.4	59.8	10.9	18.3	108.6	157.8	5.68	5.59	-0.0230426466615
ENSDART00000034968	ufd1l	57	32.8	23.9	10.3	15.5	34.9	58.1	13.78	41.91	1.60471863343
ENSDART00000048537	cep57l1	35	69.0	54.3	13.6	26.3	104.2	132.8	13.06	13.65	0.0637460542608
ENSDART00000083969	trpm4	6	184.3	223.3	NA	NA	NA	NA	NA	NA	NA
ENSDART00000102408	ell2	305	54.9	38.9	12.6	20.3	75.0	126.5	29.13	73.0	1.32539076251
ENSDART00000129605	CR855379.1	49	53.4	45.9	9.9	16.6	78.6	116.1	NA	NA	NA
ENSDART00000013454	prtfdc1	166	56.9	53.3	23.3	35.5	69.9	95.3	67.21	160.18	1.25294621586
ENSDART00000129604	KANSL1L	42	22.9	18.8	1.5	8.7	28.0	36.3	NA	NA	NA
ENSDART00000013453	fam20b	6	25.5	23.9	NA	NA	NA	NA	NA	NA	NA
ENSDART00000066980	atxn10	2	19.7	19.7	NA	NA	NA	NA	NA	NA	NA
ENSDART00000059179	NPTXR	1	70.5	70.5	NA	NA	NA	NA	NA	NA	NA
ENSDART00000066987	mphosph6	124	59.5	47.4	13.9	22.6	83.0	128.3	57.48	102.65	0.836601660539
ENSDART00000066985	hsd17b2	1	81.2	81.2	NA	NA	NA	NA	NA	NA	NA
ENSDART00000100930	CABZ01073004.1	1	170.9	170.9	NA	NA	NA	NA	NA	NA	NA
ENSDART00000100931	gtpbpl	3	60.6	32.6	NA	NA	NA	NA	NA	NA	NA
ENSDART00000082380	hmgcrb	58	54.7	42.3	13.9	19.7	71.9	109.1	8.1	7.58	-0.0957240596009
ENSDART00000151966	ECI2	15	39.8	14.8	1.8	8.8	58.9	94.2	NA	NA	NA
ENSDART00000097192	SLC37A3	16	29.3	19.1	10.9	15.5	34.0	63.1	NA	NA	NA
ENSDART00000020671	prph2b	3	58.0	60.5	NA	NA	NA	NA	NA	NA	NA
ENSDART00000066430	acta2	3	64.2	58.3	NA	NA	NA	NA	NA	NA	NA
ENSDART00000055087	phlda3	33	49.6	28.4	13.6	19.7	79.0	119.8	NA	NA	NA
ENSDART00000132389	GPR141	1	35.3	35.3	NA	NA	NA	NA	NA	NA	NA
ENSDART00000077895	rnf7	43	56.7	50.6	12.3	25.0	74.2	112.5	NA	NA	NA
ENSDART00000079928	galnt7	36	63.1	50.4	15.6	26.3	100.4	126.2	10.92	5.45	-1.00264472126
ENSDART00000125672	COBLL1	5	20.3	14.3	NA	NA	NA	NA	NA	NA	NA
ENSDART00000134719	prom1b	1	95.3	95.3	NA	NA	NA	NA	NA	NA	NA
ENSDART00000051792	sema3aa	1	22.8	22.8	NA	NA	NA	NA	NA	NA	NA
ENSDART00000125677	SERINC3	1	7.3	7.3	NA	NA	NA	NA	NA	NA	NA
ENSDART00000051799	hdac1	1885	99.6	97.5	45.8	70.5	124.5	154.6	190.73	841.57	2.14155149325
ENSDART00000134710	birc5b	31	14.3	11.5	5.0	6.2	22.1	26.5	NA	NA	NA
ENSDART00000144074	tm7sf3	24	53.4	33.0	13.2	15.8	58.3	132.1	NA	NA	NA
ENSDART00000143642	LAMTOR4	239	37.4	33.3	14.0	21.1	49.5	64.4	63.58	302.27	2.24919287842
ENSDART00000015670	med7	169	59.7	55.0	11.6	29.4	84.0	117.1	50.52	74.76	0.565411929958
ENSDART00000134432	oclnb	119	31.5	19.4	7.1	12.3	33.9	67.2	15.51	23.19	0.58030413361
ENSDART00000099202	igsf11	4	29.6	14.9	NA	NA	NA	NA	NA	NA	NA
ENSDART00000083388	TMEM98	3	23.4	27.2	NA	NA	NA	NA	NA	NA	NA
ENSDART00000058084	fah	3	55.4	54.5	NA	NA	NA	NA	NA	NA	NA
ENSDART00000057022	klhl40a	1	118.0	118.0	NA	NA	NA	NA	NA	NA	NA
ENSDART00000035676	bnip3la	84	61.3	59.7	12.9	28.3	83.4	116.4	NA	NA	NA
ENSDART00000134439	znf770	139	68.1	53.4	12.9	25.6	101.1	156.2	8.53	30.78	1.85137558501
ENSDART00000047844	COL2A1	4	146.3	125.7	NA	NA	NA	NA	NA	NA	NA
ENSDART00000008808	hmbox1b	7	21.5	15.0	NA	NA	NA	NA	NA	NA	NA
ENSDART00000079678	ftsj1	114	22.1	18.0	8.4	11.6	26.1	46.2	NA	NA	NA
ENSDART00000047843	si:ch1073-210b3.1	14	93.3	96.9	46.0	59.5	123.6	136.2	NA	NA	NA
ENSDART00000130720	usp37	6	23.5	18.2	NA	NA	NA	NA	33.67	31.64	-0.0897141213549
ENSDART00000123019	nubp2	11	51.2	31.9	15.7	22.5	54.1	63.4	NA	NA	NA
ENSDART00000079674	dnajc21	47	67.9	59.2	14.4	22.9	94.5	139.3	15.55	14.77	-0.0742447542532
ENSDART00000082187	rragcb	44	44.9	33.4	5.5	18.4	61.1	98.3	NA	NA	NA
ENSDART00000008807	rpl12	3365	69.6	64.2	36.0	49.3	83.3	108.1	2529.31	512.23	-2.30388021349
ENSDART00000092343	tjp2a	180	54.0	40.2	10.1	18.7	72.2	122.9	7.65	39.81	2.37959921851
ENSDART00000055339	BX571714.2	56	54.3	36.7	7.7	19.8	66.2	121.1	33.22	8.76	-1.92304929836
ENSDART00000122014	krit1	19	48.2	32.2	9.0	21.2	66.2	98.2	5.31	8.33	0.649604634561
ENSDART00000092347	zgc:153440	15	91.0	67.9	17.5	31.9	154.2	192.2	NA	NA	NA
ENSDART00000092348	SEC16A	266	41.2	36.0	9.2	21.7	56.4	71.7	14.36	46.89	1.7072245299
ENSDART00000055336	DENND1A	1	28.8	28.8	NA	NA	NA	NA	NA	NA	NA
ENSDART00000132651	u2surp	82	73.6	53.7	18.2	29.7	96.9	168.5	54.3	41.58	-0.385062439833
ENSDART00000077095	TRAPPC8	17	45.6	12.0	6.3	10.0	73.5	117.5	3.59	4.08	0.184585308148
ENSDART00000138881	rgl1	104	70.1	60.2	11.5	21.9	113.8	138.4	NA	NA	NA
ENSDART00000140193	arsa	1	129.5	129.5	NA	NA	NA	NA	NA	NA	NA
ENSDART00000125203	hopx	49	35.5	21.1	6.5	13.2	43.2	85.5	NA	NA	NA
ENSDART00000083038	nprl2	14	68.1	39.6	11.1	22.9	123.2	158.9	NA	NA	NA
ENSDART00000088928	FAM168B	99	59.8	40.9	13.9	21.4	88.9	129.6	NA	NA	NA
ENSDART00000128366	CABZ01072954.1	1	226.7	226.7	NA	NA	NA	NA	NA	NA	NA
ENSDART00000125205	bnip3	1	34.3	34.3	NA	NA	NA	NA	NA	NA	NA
ENSDART00000122924	PPHLN1	8	18.8	20.2	NA	NA	NA	NA	NA	NA	NA
ENSDART00000083033	SIK1	5	101.5	109.9	NA	NA	NA	NA	NA	NA	NA
ENSDART00000134381	mms22l	63	30.8	23.0	6.9	16.5	41.1	61.8	9.77	7.64	-0.354785923933
ENSDART00000122929	bbs4	22	24.9	20.4	10.7	15.5	33.7	44.5	NA	NA	NA
ENSDART00000074038	SCYL1	2	21.9	21.9	NA	NA	NA	NA	NA	NA	NA
ENSDART00000058221	dcaf7	229	59.3	50.2	12.8	22.2	85.6	120.0	28.98	106.21	1.87379010673
ENSDART00000058555	tardbp	557	90.1	86.9	28.3	52.2	118.7	151.4	55.53	470.41	3.08257942834
ENSDART00000135392	si:dkey-7n6.2	1	25.8	25.8	NA	NA	NA	NA	NA	NA	NA
ENSDART00000097333	ube2q1	50	45.9	28.3	4.7	13.3	59.3	111.7	18.19	16.29	-0.159158939126
ENSDART00000148826	ssfa2	3	11.6	14.0	NA	NA	NA	NA	NA	NA	NA
ENSDART00000097338	NAPA	2	66.2	66.2	NA	NA	NA	NA	NA	NA	NA
ENSDART00000142516	si:ch211-135f11.1	1	37.9	37.9	NA	NA	NA	NA	NA	NA	NA
ENSDART00000024283	sp5l	1009	66.3	56.5	9.4	18.7	102.0	143.6	NA	NA	NA
ENSDART00000024282	ewsr1a	644	130.0	128.1	69.3	95.5	158.0	191.6	107.99	265.32	1.29683570766
ENSDART00000114258	erbb2	49	97.3	89.8	45.7	56.7	127.1	157.7	NA	NA	NA
ENSDART00000112711	KCNAB1	1	39.9	39.9	NA	NA	NA	NA	NA	NA	NA
ENSDART00000112710	AGAP3	4	32.4	26.5	NA	NA	NA	NA	NA	NA	NA
ENSDART00000086608	ranbp9	102	52.2	38.0	12.6	21.4	75.2	113.9	51.11	66.42	0.378012131502
ENSDART00000113658	CAPN1	49	26.6	23.3	11.2	17.0	30.4	40.6	NA	NA	NA
ENSDART00000112719	CABZ01019905.2	62	58.8	53.5	15.3	24.6	81.9	118.6	NA	NA	NA
ENSDART00000080604	sap18	628	62.1	57.4	21.4	35.0	82.2	109.3	263.98	932.03	1.81994776245
ENSDART00000131094	rsu1	15	88.4	75.7	42.4	58.4	109.8	152.2	NA	NA	NA
ENSDART00000003789	pdpk1b	81	54.9	35.2	9.5	17.3	85.8	125.0	11.31	25.05	1.14721167409
ENSDART00000131090	si:ch73-132f6.4	134	42.7	25.6	7.4	14.2	65.0	92.2	NA	NA	NA
ENSDART00000078984	cpvl	155	32.1	23.1	7.5	13.5	41.2	68.3	29.8	29.99	0.00916919151922
ENSDART00000028842	si:ch211-133l5.8	22	26.2	21.3	4.0	12.7	35.7	51.9	NA	NA	NA
ENSDART00000078980	rab1bb	41	64.7	56.2	34.2	40.5	70.0	114.9	23.31	22.62	-0.043350075139
ENSDART00000078982	vat1	31	32.0	18.1	9.3	13.7	45.5	67.9	NA	NA	NA
ENSDART00000006373	ndfip1	41	46.4	43.3	20.2	29.8	56.3	73.3	NA	NA	NA
ENSDART00000104492	si:ch211-93f2.1	8	83.2	97.4	NA	NA	NA	NA	NA	NA	NA
ENSDART00000152246	flrt2	1	20.0	20.0	NA	NA	NA	NA	NA	NA	NA
ENSDART00000091470	furina	49	43.7	31.1	8.2	15.1	54.1	96.3	7.98	7.14	-0.160464672193
ENSDART00000104496	dusp6	365	47.1	34.7	4.6	9.7	74.2	114.4	NA	NA	NA
ENSDART00000091472	kcnv2b	1	94.6	94.6	NA	NA	NA	NA	NA	NA	NA
ENSDART00000111256	zgc:194101	1	8.2	8.2	NA	NA	NA	NA	NA	NA	NA
ENSDART00000111255	capn2a	16	38.1	30.1	8.3	21.1	53.0	82.8	NA	NA	NA
ENSDART00000104498	rcor3	30	26.1	12.6	3.9	9.3	24.9	39.2	NA	NA	NA
ENSDART00000028703	slc35d1b	2	38.0	38.0	NA	NA	NA	NA	NA	NA	NA
ENSDART00000018676	cyp3c1	9	55.8	17.6	NA	NA	NA	NA	NA	NA	NA
ENSDART00000002787	pycrl	15	36.6	29.0	7.5	15.1	43.1	74.7	NA	NA	NA
ENSDART00000138242	cldn5b	3	20.2	18.8	NA	NA	NA	NA	NA	NA	NA
ENSDART00000138713	si:dkey-90l23.2	36	30.4	23.8	8.0	13.7	45.2	56.9	NA	NA	NA
ENSDART00000138249	rwdd2b	10	48.4	36.8	13.9	21.6	55.4	81.3	NA	NA	NA
ENSDART00000151484	sp3b	231	60.0	45.5	10.1	18.9	88.0	136.3	11.34	85.02	2.9063816187
ENSDART00000140850	fxyd6	1	34.7	34.7	NA	NA	NA	NA	NA	NA	NA
ENSDART00000062403	tmem9	9	20.1	20.5	NA	NA	NA	NA	NA	NA	NA
ENSDART00000062405	mboat2b	7	53.4	51.9	NA	NA	NA	NA	NA	NA	NA
ENSDART00000090875	tnfaip6	3	25.7	30.4	NA	NA	NA	NA	NA	NA	NA
ENSDART00000003716	zgc:101788	6	114.4	114.7	NA	NA	NA	NA	NA	NA	NA
ENSDART00000146056	nkx3-1	1	106.3	106.3	NA	NA	NA	NA	NA	NA	NA
ENSDART00000128899	ERMP1	20	51.7	22.6	12.5	17.7	59.9	127.7	NA	NA	NA
ENSDART00000060809	smg5	67	86.7	78.7	34.0	49.0	114.6	138.5	22.42	21.87	-0.0358330577573
ENSDART00000079461	dennd5b	111	75.4	50.2	11.2	19.1	120.8	168.7	5.44	20.68	1.92655762906
ENSDART00000125158	znf574	81	35.9	20.3	5.8	9.3	39.6	105.8	4.53	12.59	1.47469532767
ENSDART00000003435	smfn	156	53.8	43.4	10.9	21.0	76.2	119.3	15.83	46.38	1.55084156451
ENSDART00000078186	PRSS23	3	56.5	60.4	NA	NA	NA	NA	NA	NA	NA
ENSDART00000139040	si:dkey-222b8.1	14	67.9	61.5	14.0	49.2	86.2	135.1	NA	NA	NA
ENSDART00000139042	si:ch211-132b12.7	3	15.6	14.4	NA	NA	NA	NA	NA	NA	NA
ENSDART00000067324	mfge8b	132	81.1	77.1	21.6	50.1	108.7	127.9	NA	NA	NA
ENSDART00000067327	abhd2b	2	148.4	148.4	NA	NA	NA	NA	NA	NA	NA
ENSDART00000146052	man1a1	2	19.7	19.7	NA	NA	NA	NA	NA	NA	NA
ENSDART00000067320	C25H12orf73	5	76.6	77.1	NA	NA	NA	NA	NA	NA	NA
ENSDART00000080042	RAB33A	10	29.5	33.2	19.9	23.3	36.4	37.7	NA	NA	NA
ENSDART00000067322	fbxl14b	130	42.3	20.7	2.3	8.9	61.9	118.8	NA	NA	NA
ENSDART00000129412	CR848032.1	1	10.9	10.9	NA	NA	NA	NA	NA	NA	NA
ENSDART00000113184	arv1	22	36.5	24.5	13.1	16.8	44.9	63.9	NA	NA	NA
ENSDART00000020153	adck3	82	33.3	25.8	7.9	15.2	39.1	60.1	8.81	24.05	1.44882296974
ENSDART00000129418	BAHD1	107	43.9	25.7	6.7	14.2	58.0	105.4	NA	NA	NA
ENSDART00000024869	tex9	9	37.3	36.2	NA	NA	NA	NA	NA	NA	NA
ENSDART00000085701	senp5	58	45.4	31.1	11.3	15.8	54.7	110.8	NA	NA	NA
ENSDART00000110252	ppp2r5cb	19	28.3	19.0	6.6	11.8	27.0	64.5	NA	NA	NA
ENSDART00000024866	cyp11a1	128	50.5	26.4	8.8	12.8	90.9	120.8	19.53	77.12	1.98141310234
ENSDART00000062669	cx30.3	1	17.4	17.4	NA	NA	NA	NA	NA	NA	NA
ENSDART00000149061	si:ch73-211l13.2	111	41.3	27.3	6.5	10.7	51.8	103.7	NA	NA	NA
ENSDART00000108476	LRRC61	2	16.2	16.2	NA	NA	NA	NA	NA	NA	NA
ENSDART00000127520	acvr1l	549	64.1	58.5	23.5	39.8	82.0	113.5	36.31	86.8	1.25732811253
ENSDART00000056305	fzd8b	57	54.2	26.1	4.7	10.3	97.4	137.8	NA	NA	NA
ENSDART00000056304	CT955963.1	2	33.3	33.3	NA	NA	NA	NA	NA	NA	NA
ENSDART00000127524	BX649554.3	1	106.2	106.2	NA	NA	NA	NA	NA	NA	NA
ENSDART00000022132	haus4	24	63.0	47.8	11.1	19.2	95.0	129.0	15.12	8.95	-0.756498552069
ENSDART00000022135	rhot1a	54	46.2	25.1	9.4	13.7	59.6	110.4	NA	NA	NA
ENSDART00000126132	mtmr3	6	27.4	14.3	NA	NA	NA	NA	NA	NA	NA
ENSDART00000141699	mepce	128	32.8	21.5	7.4	12.1	37.3	73.4	28.54	27.64	-0.0462277190875
ENSDART00000093188	limk1a	3	37.4	28.8	NA	NA	NA	NA	NA	NA	NA
ENSDART00000123324	sap130a	80	62.9	42.6	8.0	13.9	97.5	139.4	5.97	22.97	1.94394802011
ENSDART00000123457	TMEM102	16	37.7	33.6	5.2	18.8	43.9	80.2	NA	NA	NA
ENSDART00000067633	necap2	127	52.3	42.4	16.6	24.7	59.8	89.6	NA	NA	NA
ENSDART00000112560	STARD7	11	39.9	25.6	6.0	11.4	31.1	122.2	NA	NA	NA
ENSDART00000015801	dcbld1	185	70.8	58.0	13.5	25.5	101.1	155.3	4.93	30.26	2.61775243584
ENSDART00000067635	capzb	189	71.2	57.4	19.9	33.4	96.3	139.4	24.95	94.28	1.91791194303
ENSDART00000092896	CR626962.1	4	34.5	18.1	NA	NA	NA	NA	NA	NA	NA
ENSDART00000067638	med20	121	67.3	56.0	12.8	28.1	93.1	147.4	44.01	34.08	-0.368906036169
ENSDART00000148447	hnrnpab	4486	109.5	110.0	62.2	87.9	132.9	154.6	789.95	4193.49	2.40831817005
ENSDART00000100324	ppp2r5eb	80	60.8	46.8	12.2	26.6	85.9	126.5	10.87	28.22	1.37636604757
ENSDART00000121788	gig2l	1	58.2	58.2	NA	NA	NA	NA	NA	NA	NA
ENSDART00000145075	stub1	98	47.1	35.8	9.4	19.8	64.8	94.7	NA	NA	NA
ENSDART00000100321	timm10	177	44.8	38.2	14.1	20.9	55.1	88.6	47.62	100.29	1.07453823507
ENSDART00000151152	si:dkey-19e4.5	133	91.2	91.6	27.9	53.6	123.0	154.2	NA	NA	NA
ENSDART00000098400	shc1	15	18.9	14.0	1.3	9.1	23.0	38.8	NA	NA	NA
ENSDART00000013024	fgf20a	2	32.2	32.2	NA	NA	NA	NA	NA	NA	NA
ENSDART00000041412	smarca2	16	38.5	20.9	12.3	15.8	37.7	65.6	4.85	2.03	-1.25650501989
ENSDART00000038602	slc37a2	148	47.7	46.3	18.6	29.1	62.2	75.0	172.94	50.22	-1.78393766069
ENSDART00000129461	rpl22l1	257	108.6	106.1	34.3	53.8	147.6	181.1	164.36	45.57	-1.85070295994
ENSDART00000139907	si:dkeyp-77c8.1	1	32.1	32.1	NA	NA	NA	NA	NA	NA	NA
ENSDART00000064672	vsnl1b	2	104.6	104.6	NA	NA	NA	NA	NA	NA	NA
ENSDART00000108699	coa3	13	42.3	43.4	14.6	30.2	55.6	65.0	62.35	116.07	0.896533669447
ENSDART00000036491	spint1a	138	81.6	70.0	26.8	44.0	101.6	155.0	15.2	122.04	3.00521085625
ENSDART00000115057	tjp2b	0	NA	NA	NA	NA	NA	NA	12.09	11.94	-0.0180114079843
ENSDART00000016710	scrn3	6	51.4	42.2	NA	NA	NA	NA	NA	NA	NA
ENSDART00000063135	pcyt2	46	48.0	29.0	5.6	15.4	70.5	95.6	NA	NA	NA
ENSDART00000063137	si:dkeyp-117h8.4	95	60.5	46.0	8.8	18.1	83.8	138.7	10.87	37.15	1.7730102704
ENSDART00000063131	azi2	112	39.7	27.4	7.8	17.0	49.3	82.7	12.19	27.96	1.19766623476
ENSDART00000001102	mctp2a	24	89.5	95.7	33.3	64.9	113.2	132.4	NA	NA	NA
ENSDART00000011568	syngr3a	2	173.0	173.0	NA	NA	NA	NA	NA	NA	NA
ENSDART00000114062	immp1l	2	7.8	7.8	NA	NA	NA	NA	NA	NA	NA
ENSDART00000100458	C18H15orf39	10	66.1	52.4	8.7	15.1	100.2	159.4	NA	NA	NA
ENSDART00000065671	eri1	21	34.8	26.0	17.5	20.5	46.8	66.3	NA	NA	NA
ENSDART00000065670	ppp1r3b	495	51.2	31.0	9.0	15.2	72.8	121.8	30.31	150.26	2.30959525014
ENSDART00000055537	socs1a	9	35.3	29.3	NA	NA	NA	NA	NA	NA	NA
ENSDART00000019774	tmem50a	199	49.5	38.4	15.8	25.2	63.5	95.4	23.22	159.22	2.77758169028
ENSDART00000100497	zgc:172339	2	24.0	24.0	NA	NA	NA	NA	NA	NA	NA
ENSDART00000137537	gnav1	17	33.2	18.0	5.9	9.9	38.1	71.6	NA	NA	NA
ENSDART00000100494	si:dkey-242h9.3	4	75.2	61.7	NA	NA	NA	NA	NA	NA	NA
ENSDART00000125439	cyth1a	29	29.4	19.4	7.5	12.7	38.9	69.7	NA	NA	NA
ENSDART00000100491	sh3gl1b	25	73.2	83.6	10.0	24.1	119.1	137.6	NA	NA	NA
ENSDART00000125449	si:ch211-224l10.4	5	142.1	156.3	NA	NA	NA	NA	NA	NA	NA
ENSDART00000026701	tubg1	86	45.9	33.7	12.6	21.8	62.0	87.4	NA	NA	NA
ENSDART00000078513	mob4	328	61.7	50.5	15.2	25.6	88.2	133.5	26.77	152.1	2.50633110897
ENSDART00000051547	gabarapa	201	46.8	41.8	16.2	29.0	61.6	80.6	NA	NA	NA
ENSDART00000051092	riok2	103	67.1	60.2	18.1	35.2	92.0	123.7	46.46	64.96	0.483562478376
ENSDART00000125446	BX469912.1	7	47.6	17.8	NA	NA	NA	NA	NA	NA	NA
ENSDART00000040645	rhoaa	247	97.9	96.1	44.8	75.2	123.4	142.8	NA	NA	NA
ENSDART00000134947	cul1b	25	50.5	34.4	6.3	15.3	81.1	116.8	6.61	9.02	0.448477161748
ENSDART00000134944	grid2ipb	7	104.5	36.3	NA	NA	NA	NA	NA	NA	NA
ENSDART00000040865	pdss1	8	40.0	30.6	NA	NA	NA	NA	NA	NA	NA
ENSDART00000134941	prc1b	4	20.6	13.1	NA	NA	NA	NA	NA	NA	NA
ENSDART00000060116	NPTN	6	21.0	17.9	NA	NA	NA	NA	NA	NA	NA
ENSDART00000006018	mespaa	96	81.9	71.9	7.1	23.0	129.8	163.0	NA	NA	NA
ENSDART00000057879	as3mt	1	41.2	41.2	NA	NA	NA	NA	NA	NA	NA
ENSDART00000082603	fktn	18	96.4	82.8	29.1	43.1	159.0	185.7	12.7	1.83	-2.79491294338
ENSDART00000019518	aebp2	225	71.5	55.0	11.2	24.6	108.2	147.9	33.19	98.5	1.56937509515
ENSDART00000129924	hmgb3a	227	79.4	81.5	29.2	48.5	108.9	128.9	NA	NA	NA
ENSDART00000022586	lrrc40	37	38.5	33.0	9.8	17.2	50.6	63.4	8.28	5.51	-0.587578448928
ENSDART00000047073	oxsr1a	193	49.1	35.4	13.0	18.9	66.1	108.0	11.57	61.18	2.40267124245
ENSDART00000047071	tmed1a	85	26.4	24.8	9.1	13.6	35.2	46.4	29.42	8.81	-1.73958332233
ENSDART00000134735	sly1	31	34.2	26.2	12.0	16.0	37.9	59.6	11.37	14.65	0.365668410417
ENSDART00000010982	fgf13a	1	78.7	78.7	NA	NA	NA	NA	NA	NA	NA
ENSDART00000147464	ryr3	3	68.6	63.5	NA	NA	NA	NA	NA	NA	NA
ENSDART00000065091	sumf1	3	87.1	62.5	NA	NA	NA	NA	NA	NA	NA
ENSDART00000113655	CU638868.1	1	8.3	8.3	NA	NA	NA	NA	NA	NA	NA
ENSDART00000108775	ubp1	52	43.9	23.9	6.7	11.8	60.6	122.5	NA	NA	NA
ENSDART00000081774	ccdc51	23	36.6	20.5	12.6	15.8	44.4	77.6	11.23	1.39	-3.01420113968
ENSDART00000081773	baz2a	1005	56.1	37.2	11.4	19.5	74.5	136.2	26.26	35.63	0.44022556724
ENSDART00000077951	pcolce2b	1	89.5	89.5	NA	NA	NA	NA	NA	NA	NA
ENSDART00000023779	vcp	533	66.8	56.5	16.9	30.7	95.8	127.5	54.81	320.04	2.54574119092
ENSDART00000051890	mcm7	1701	80.6	70.9	25.6	45.3	106.7	147.9	293.91	359.06	0.288850496739
ENSDART00000126934	CABZ01064069.1	1	24.5	24.5	NA	NA	NA	NA	NA	NA	NA
ENSDART00000083554	CASK	5	36.2	14.2	NA	NA	NA	NA	NA	NA	NA
ENSDART00000083555	sin3ab	44	54.1	30.3	8.0	12.7	78.5	142.2	7.39	14.85	1.00681666154
ENSDART00000021953	cog5	31	36.1	22.7	7.1	16.5	49.6	70.3	4.42	11.38	1.36438228292
ENSDART00000149821	ecsit	22	30.9	20.7	12.0	15.4	27.1	78.5	9.5	6.1	-0.639118270768
ENSDART00000111385	si:ch211-11n16.2	24	38.2	20.8	12.7	15.1	40.2	98.5	NA	NA	NA
ENSDART00000103475	agr2	1	130.0	130.0	NA	NA	NA	NA	NA	NA	NA
ENSDART00000104376	tax1bp1a	64	27.4	21.9	9.5	14.8	33.8	52.7	9.73	9.4	-0.0497790482161
ENSDART00000033923	MIS12	66	42.9	30.1	13.3	19.8	49.2	102.2	NA	NA	NA
ENSDART00000005670	dhrs7	6	68.6	61.6	NA	NA	NA	NA	NA	NA	NA
ENSDART00000103410	zbtb8b	81	56.6	43.5	11.6	22.5	83.3	115.3	NA	NA	NA
ENSDART00000085472	grm2a	2	78.0	78.0	NA	NA	NA	NA	NA	NA	NA
ENSDART00000111828	LIMD2	132	32.3	23.9	8.6	15.0	41.6	65.7	NA	NA	NA
ENSDART00000016860	ppp2r1b	489	61.6	54.5	22.0	32.8	78.2	113.9	14.05	124.98	3.15305520965
ENSDART00000089549	fam65a	17	72.1	50.4	8.8	25.7	77.5	109.4	6.84	20.41	1.57720795215
ENSDART00000016864	slc35f6	233	67.8	59.1	15.5	30.0	97.8	123.0	21.67	59.83	1.46516990956
ENSDART00000089545	pwwp2b	58	78.3	73.3	12.1	26.0	125.8	145.7	NA	NA	NA
ENSDART00000089547	fam133b	166	61.2	48.7	17.3	29.3	75.6	139.8	285.02	41.74	-2.77156065187
ENSDART00000111536	RMDN2	44	85.9	67.2	16.4	28.7	149.0	173.9	NA	NA	NA
ENSDART00000000004	slc35a5	13	34.5	22.1	4.2	15.4	47.1	58.7	NA	NA	NA
ENSDART00000089408	shdb	6	34.9	30.3	NA	NA	NA	NA	NA	NA	NA
ENSDART00000112550	mapk9	5	20.9	19.0	NA	NA	NA	NA	NA	NA	NA
ENSDART00000089403	klf5b	32	65.1	43.3	16.0	25.2	87.1	134.7	NA	NA	NA
ENSDART00000041114	psmb2	336	68.6	59.3	21.0	35.7	95.9	127.5	55.09	90.57	0.71724279467
ENSDART00000060592	mrpl15	53	92.9	89.1	23.7	36.4	136.8	163.9	16.87	20.99	0.315242193005
ENSDART00000004780	man2b1	53	34.8	32.6	13.2	21.2	45.1	54.3	14.5	17.35	0.258882762563
ENSDART00000004782	mphosph10	235	58.3	46.0	12.0	22.2	89.5	118.3	73.3	69.41	-0.0786696694013
ENSDART00000074979	rnft2	4	80.9	85.1	NA	NA	NA	NA	NA	NA	NA
ENSDART00000074208	FP102272.1	12	73.4	53.3	19.2	23.1	119.7	152.6	NA	NA	NA
ENSDART00000131841	tcerg1a	9	89.6	93.0	NA	NA	NA	NA	40.22	59.91	0.57488375186
ENSDART00000018602	klhdc4	10	72.1	82.6	27.2	34.8	98.5	113.1	NA	NA	NA
ENSDART00000074971	ubxn8	15	40.6	22.1	7.9	15.7	40.0	106.6	NA	NA	NA
ENSDART00000074200	gtf2ird1	16	113.8	124.1	21.5	45.4	170.6	201.5	NA	NA	NA
ENSDART00000078401	tmem161b	23	71.7	75.1	9.2	21.7	93.4	157.1	NA	NA	NA
ENSDART00000092809	abcg1	1	19.2	19.2	NA	NA	NA	NA	NA	NA	NA
ENSDART00000124799	PATL2	9	20.9	16.1	NA	NA	NA	NA	NA	NA	NA
ENSDART00000018532	triap1	89	69.3	62.4	16.7	28.0	95.6	130.5	NA	NA	NA
ENSDART00000124421	strada	57	76.0	71.4	15.6	29.9	104.8	158.6	NA	NA	NA
ENSDART00000111694	tnks	70	52.4	27.9	11.8	17.2	73.8	137.9	5.45	9.05	0.731661562306
ENSDART00000046587	ap2m1a	111	42.6	32.9	12.7	22.5	49.2	81.6	23.47	24.93	0.0870650409683
ENSDART00000059549	mki67ip	355	64.2	57.3	11.8	29.4	92.1	129.8	104.39	358.26	1.77902345844
ENSDART00000053026	fam122b	71	63.4	42.1	10.6	20.6	87.6	138.4	NA	NA	NA
ENSDART00000073981	eif2s1b	76	50.8	37.8	18.7	26.3	60.4	106.1	19.31	21.0	0.121041163603
ENSDART00000073985	rbfox2	317	72.8	63.8	21.7	40.6	93.9	133.2	23.32	165.98	2.83136971877
ENSDART00000143587	ern2	1	20.9	20.9	NA	NA	NA	NA	NA	NA	NA
ENSDART00000058943	FAM84B	10	19.5	15.4	6.9	10.6	25.1	41.1	NA	NA	NA
ENSDART00000058763	sec24d	20	75.8	73.9	18.7	34.3	106.7	132.5	NA	NA	NA
ENSDART00000134795	ankra2	44	77.5	80.9	10.8	28.7	109.0	148.9	NA	NA	NA
ENSDART00000002459	ctns	16	67.9	52.7	30.7	35.1	75.5	141.7	NA	NA	NA
ENSDART00000126490	FNBP4	411	53.0	36.1	12.6	20.5	63.8	124.7	30.33	75.57	1.31706812483
ENSDART00000129818	PACS1	7	43.6	28.1	NA	NA	NA	NA	NA	NA	NA
ENSDART00000066164	vsg1	3	154.5	161.4	NA	NA	NA	NA	NA	NA	NA
ENSDART00000005784	itgb1bp1	40	49.0	30.6	13.7	21.5	60.7	95.9	NA	NA	NA
ENSDART00000114839	sez6l	10	28.0	23.3	9.0	15.7	35.2	43.1	NA	NA	NA
ENSDART00000127818	CR848025.2	9	78.4	76.5	NA	NA	NA	NA	NA	NA	NA
ENSDART00000097468	zglp1	11	12.8	9.9	4.4	7.5	18.9	23.6	NA	NA	NA
ENSDART00000113673	scpp5	1	123.7	123.7	NA	NA	NA	NA	NA	NA	NA
ENSDART00000051184	hnrpl	840	116.4	113.6	57.8	81.8	146.4	176.6	187.81	750.22	1.99803984233
ENSDART00000114955	sowahaa	2	41.9	41.9	NA	NA	NA	NA	NA	NA	NA
ENSDART00000114954	rapgef5b	1	8.4	8.4	NA	NA	NA	NA	NA	NA	NA
ENSDART00000085164	elp6	5	50.5	60.2	NA	NA	NA	NA	NA	NA	NA
ENSDART00000114959	CDH24	1	26.8	26.8	NA	NA	NA	NA	NA	NA	NA
ENSDART00000024677	C2H3orf58	15	42.2	38.4	8.3	10.7	62.2	89.4	NA	NA	NA
ENSDART00000076160	CR847954.1	3	64.7	54.6	NA	NA	NA	NA	NA	NA	NA
ENSDART00000053797	slc3a2b	1277	74.0	65.3	14.9	33.2	106.9	145.5	NA	NA	NA
ENSDART00000137857	si:ch211-229n2.7	5	85.2	87.8	NA	NA	NA	NA	NA	NA	NA
ENSDART00000053794	banf1	1175	57.1	48.4	17.1	28.8	75.6	111.1	176.71	978.09	2.46858353826
ENSDART00000143364	sdf2l1	151	30.3	23.9	9.8	15.6	39.0	56.6	21.93	29.08	0.407121457246
ENSDART00000143365	thap7	19	34.1	22.1	10.2	13.4	34.8	83.3	NA	NA	NA
ENSDART00000032290	esyt1a	5	45.3	44.2	NA	NA	NA	NA	NA	NA	NA
ENSDART00000053009	MAF1	571	55.7	43.7	13.3	21.4	78.7	120.8	47.37	187.41	1.98415235871
ENSDART00000079656	tvp23b	18	54.3	48.0	4.8	18.6	84.1	106.9	NA	NA	NA
ENSDART00000051183	diabloa	164	67.5	60.0	5.1	20.1	103.2	141.2	NA	NA	NA
ENSDART00000127706	lrit1b	3	19.4	11.2	NA	NA	NA	NA	NA	NA	NA
ENSDART00000097460	hmgcra	2	84.4	84.4	NA	NA	NA	NA	NA	NA	NA
ENSDART00000132645	chmp5a	1	39.1	39.1	NA	NA	NA	NA	NA	NA	NA
ENSDART00000022963	cdc14aa	2	12.6	12.6	NA	NA	NA	NA	NA	NA	NA
ENSDART00000022967	amdhd2	68	24.5	19.7	9.5	14.6	28.1	39.1	9.47	10.79	0.18825853402
ENSDART00000129777	lrp11	3	88.1	86.2	NA	NA	NA	NA	NA	NA	NA
ENSDART00000052537	C12H16orf62	39	21.2	15.6	6.9	9.1	24.4	42.0	4.68	5.02	0.101178834367
ENSDART00000015007	taf5	66	44.8	28.6	7.7	16.2	69.0	116.8	16.56	22.97	0.472048183879
ENSDART00000002318	srsf6b	350	53.2	36.4	11.6	20.1	70.7	124.0	NA	NA	NA
ENSDART00000079448	rgs2	2	157.4	157.4	NA	NA	NA	NA	NA	NA	NA
ENSDART00000114481	WDFY3	33	65.8	46.4	19.0	28.6	87.1	146.6	3.2	4.57	0.514122260171
ENSDART00000002641	kif26aa	1	41.9	41.9	NA	NA	NA	NA	NA	NA	NA
ENSDART00000079115	papss2b	30	62.1	55.0	24.9	32.7	90.7	99.8	NA	NA	NA
ENSDART00000079114	irx1b	44	74.1	53.9	12.1	23.9	117.2	165.5	NA	NA	NA
ENSDART00000079117	plekha3	19	34.7	27.2	10.0	15.4	53.5	64.9	NA	NA	NA
ENSDART00000110396	zgc:194125	0	NA	NA	NA	NA	NA	NA	178.8	8.09	-4.46606322364
ENSDART00000110390	F8A2	35	50.7	34.6	9.6	18.3	59.8	133.9	NA	NA	NA
ENSDART00000149275	zgc:174935	31	51.3	48.0	12.0	18.7	69.4	101.1	NA	NA	NA
ENSDART00000132987	s1pr5a	214	36.2	17.3	4.6	9.0	53.2	101.1	NA	NA	NA
ENSDART00000088026	prmt5	162	46.5	31.4	9.5	15.8	58.8	111.0	22.39	44.01	0.974976843542
ENSDART00000086810	aldh18a1	1	20.7	20.7	NA	NA	NA	NA	NA	NA	NA
ENSDART00000049063	ankrd6b	8	123.1	138.3	NA	NA	NA	NA	NA	NA	NA
ENSDART00000049061	cdkn1ba	97	47.1	24.6	6.7	11.2	86.3	123.7	NA	NA	NA
ENSDART00000067138	hic1l	26	45.8	34.8	12.8	24.6	57.5	87.1	10.12	26.48	1.38769383211
ENSDART00000123986	anxa1a	499	83.6	78.0	33.2	53.6	109.7	140.5	NA	NA	NA
ENSDART00000139677	si:ch211-274p24.4	1	80.0	80.0	NA	NA	NA	NA	NA	NA	NA
ENSDART00000067131	irak3	19	87.1	85.1	21.7	29.5	102.3	135.6	NA	NA	NA
ENSDART00000013150	cog8	12	56.8	34.4	6.8	15.5	78.6	133.3	NA	NA	NA
ENSDART00000130403	cdc42se1	117	57.9	42.1	12.1	20.8	76.2	138.8	NA	NA	NA
ENSDART00000105098	usp40	17	38.4	36.0	14.8	21.0	45.4	57.2	5.52	5.3	-0.0586759073276
ENSDART00000047515	rnf145b	170	49.0	42.4	9.7	20.3	65.9	92.5	6.45	17.94	1.47580882461
ENSDART00000135569	gale	97	32.8	26.2	10.7	17.2	39.8	63.8	29.33	48.22	0.717254579846
ENSDART00000150219	tfap2c	295	81.9	71.7	10.2	30.1	128.4	163.7	NA	NA	NA
ENSDART00000137705	lztr1	79	33.9	20.2	8.0	13.4	34.6	78.6	5.43	4.43	-0.293645499249
ENSDART00000115117	brd4	183	72.1	55.7	12.6	20.1	115.7	155.2	59.55	47.06	-0.339600187527
ENSDART00000137700	C5H3orf30	1	115.9	115.9	NA	NA	NA	NA	NA	NA	NA
ENSDART00000138505	DHPS	1	27.1	27.1	NA	NA	NA	NA	NA	NA	NA
ENSDART00000076469	AP2A1	65	69.4	43.2	13.9	21.1	106.0	163.4	7.22	22.55	1.64305669126
ENSDART00000007927	rbmx	1796	61.9	57.1	20.8	36.1	81.6	110.5	183.81	631.15	1.77976766175
ENSDART00000026275	cbsb	809	102.9	97.4	37.1	65.7	134.1	169.4	35.35	275.23	2.96085561186
ENSDART00000137172	jag1a	18	80.9	44.5	7.3	12.1	151.4	162.1	NA	NA	NA
ENSDART00000141068	sox11b	1329	80.3	68.3	15.5	28.6	122.2	161.5	49.04	269.49	2.45820085556
ENSDART00000061315	tsc22d2	58	37.4	22.6	7.4	10.9	60.2	87.5	NA	NA	NA
ENSDART00000078137	ankrd54	124	46.3	32.1	10.6	19.2	67.6	104.0	12.87	15.89	0.304107071128
ENSDART00000128137	zgc:92594	5	11.8	8.3	NA	NA	NA	NA	NA	NA	NA
ENSDART00000128427	BX511189.1	1	54.4	54.4	NA	NA	NA	NA	NA	NA	NA
ENSDART00000109015	DHX32	3	121.2	129.9	NA	NA	NA	NA	NA	NA	NA
ENSDART00000109017	USP31	8	59.8	58.3	NA	NA	NA	NA	NA	NA	NA
ENSDART00000104570	ZNF740	289	52.0	37.3	8.5	18.0	83.4	117.5	26.77	109.63	2.03395359845
ENSDART00000139451	aim1a	2	8.0	8.0	NA	NA	NA	NA	NA	NA	NA
ENSDART00000041627	ssb	766	56.0	48.2	11.8	25.7	75.9	110.9	82.57	588.22	2.83266622764
ENSDART00000109018	taok2b	4	24.1	33.3	NA	NA	NA	NA	NA	NA	NA
ENSDART00000060990	eif4ebp3l	19	33.7	36.1	-2.6	8.7	58.0	65.7	211.5	620.85	1.55358708594
ENSDART00000009858	tmx2b	55	36.0	28.8	1.8	13.9	46.6	82.6	14.63	19.09	0.383887333265
ENSDART00000114759	lpcat3	20	55.0	37.9	11.8	18.3	65.3	127.0	NA	NA	NA
ENSDART00000067793	ints3	131	74.4	59.9	12.0	22.5	121.0	157.4	8.05	19.96	1.31005103234
ENSDART00000148587	trmt13	63	57.9	43.7	6.0	22.7	82.4	125.8	10.19	23.08	1.17948917248
ENSDART00000148582	smpd1	23	37.9	20.8	10.1	14.5	47.2	102.1	NA	NA	NA
ENSDART00000114660	si:ch211-223f7.1	1	75.5	75.5	NA	NA	NA	NA	NA	NA	NA
ENSDART00000084348	trappc12	38	32.9	25.5	10.8	17.6	42.0	60.8	NA	NA	NA
ENSDART00000114222	TANC1	2	24.7	24.7	NA	NA	NA	NA	NA	NA	NA
ENSDART00000152850	si:ch73-111m19.2	1	145.6	145.6	NA	NA	NA	NA	NA	NA	NA
ENSDART00000114228	frem3	4	21.3	22.8	NA	NA	NA	NA	NA	NA	NA
ENSDART00000026135	ly75	10	60.6	24.7	10.9	12.4	81.5	177.7	NA	NA	NA
ENSDART00000023944	lmnl3	92	43.2	38.0	11.5	19.9	59.1	82.4	20.65	10.21	-1.01615891543
ENSDART00000152857	fmn2b	1	12.1	12.1	NA	NA	NA	NA	8.73	2.35	-1.89332089706
ENSDART00000149180	aco2	412	46.2	37.0	15.6	23.3	57.2	86.5	21.26	83.07	1.96618595756
ENSDART00000141207	si:ch211-202h22.7	50	82.6	75.0	33.7	49.3	107.7	131.8	NA	NA	NA
ENSDART00000064114	CLMN	3	71.6	78.1	NA	NA	NA	NA	NA	NA	NA
ENSDART00000064113	abt1	68	51.3	40.9	8.9	21.7	75.1	100.5	38.94	60.73	0.64115648513
ENSDART00000031712	dnmt3aa	3	72.6	53.7	NA	NA	NA	NA	NA	NA	NA
ENSDART00000127810	fam110b	11	25.0	21.3	4.7	9.6	31.7	42.5	NA	NA	NA
ENSDART00000131282	tcf12	8	80.9	88.1	NA	NA	NA	NA	NA	NA	NA
ENSDART00000080412	ppp3cca	7	68.7	69.4	NA	NA	NA	NA	NA	NA	NA
ENSDART00000080413	srsf1a	2691	71.5	68.9	30.9	47.8	89.8	114.7	381.24	2396.75	2.65230803132
ENSDART00000131286	erlin2	24	21.9	20.4	7.1	15.0	25.9	35.6	NA	NA	NA
ENSDART00000080143	sfrp1b	2	86.6	86.6	NA	NA	NA	NA	NA	NA	NA
ENSDART00000144303	zgc:86811	205	43.6	33.2	6.9	14.1	64.9	90.8	50.51	87.56	0.79370291275
ENSDART00000115280	CR361563.1	64	32.0	29.2	9.6	20.1	42.0	56.3	6.27	6.29	0.00459457407725
ENSDART00000039074	mapk15	3	53.6	30.0	NA	NA	NA	NA	NA	NA	NA
ENSDART00000115287	esd	107	46.7	44.3	18.3	27.3	57.8	80.0	18.16	33.93	0.90179722742
ENSDART00000044378	rps6ka1	3	45.1	39.1	NA	NA	NA	NA	NA	NA	NA
ENSDART00000008273	rab4b	24	34.2	30.6	10.2	15.6	44.2	56.9	NA	NA	NA
ENSDART00000104143	txlng	94	61.6	45.4	10.7	21.6	94.2	140.9	7.52	23.67	1.65425513906
ENSDART00000083010	acad9	26	57.7	41.6	20.0	24.5	85.9	116.9	NA	NA	NA
ENSDART00000067866	RPS17	1043	103.6	102.8	49.0	75.7	127.3	155.3	1054.76	566.05	-0.897913366469
ENSDART00000063837	CABZ01014055.1	694	56.9	44.5	18.4	28.1	73.9	117.8	57.62	419.04	2.86244639919
ENSDART00000088383	CNOT2	210	49.5	33.9	8.5	17.8	76.4	113.9	23.15	61.69	1.41402445278
ENSDART00000016386	tg	15	49.8	51.5	13.6	24.6	72.7	78.8	NA	NA	NA
ENSDART00000044377	sfmbt2	1	77.4	77.4	NA	NA	NA	NA	NA	NA	NA
ENSDART00000108656	si:dkey-34m19.3	48	43.8	30.1	10.8	15.2	54.9	103.6	12.39	18.17	0.552382232094
ENSDART00000148633	itgb1b.1	1	-4.4	-4.4	NA	NA	NA	NA	NA	NA	NA
ENSDART00000121946	crcp	51	65.7	51.8	14.1	23.4	102.1	138.6	28.2	33.29	0.239393707854
ENSDART00000000250	slc40a1	2	52.6	52.6	NA	NA	NA	NA	NA	NA	NA
ENSDART00000083015	CCDC84	58	74.3	69.8	15.7	28.1	111.6	153.9	NA	NA	NA
ENSDART00000108659	ttc39a	4	83.7	94.8	NA	NA	NA	NA	NA	NA	NA
ENSDART00000108658	eva1c	1	37.9	37.9	NA	NA	NA	NA	NA	NA	NA
ENSDART00000065243	snrnp35	65	34.4	23.8	9.7	13.8	42.1	74.5	71.33	41.91	-0.767214452093
ENSDART00000046209	acbd7	1	86.0	86.0	NA	NA	NA	NA	NA	NA	NA
ENSDART00000015872	zcchc9	99	53.9	38.7	9.2	18.9	74.8	122.8	18.7	43.26	1.20999539519
ENSDART00000015873	sf3b2	606	75.9	65.6	24.9	39.7	101.9	143.9	267.64	344.37	0.363665717615
ENSDART00000011447	sae1	419	72.4	68.5	22.2	39.8	100.0	124.9	98.2	255.15	1.37755071207
ENSDART00000136152	calua	63	35.9	29.7	12.2	22.6	47.7	59.2	NA	NA	NA
ENSDART00000136151	C15H11orf57	68	67.2	57.7	11.9	28.0	100.6	119.4	44.15	15.49	-1.51107629375
ENSDART00000074567	tmem57b	59	36.0	32.4	14.4	22.8	42.9	58.1	9.31	9.91	0.0901038896277
ENSDART00000126301	prkab1b	38	25.9	20.6	5.7	9.2	32.3	54.6	NA	NA	NA
ENSDART00000126300	SHISA8	3	38.4	31.6	NA	NA	NA	NA	NA	NA	NA
ENSDART00000020946	fancl	2	12.5	12.5	NA	NA	NA	NA	NA	NA	NA
ENSDART00000027667	rragd	2	21.8	21.8	NA	NA	NA	NA	NA	NA	NA
ENSDART00000114679	arf6a	141	48.5	29.6	9.0	16.1	67.8	116.7	28.21	25.8	-0.128835600275
ENSDART00000008312	fam53b	79	48.2	35.4	13.6	18.1	49.5	113.3	80.02	12.2	-2.7134794809
ENSDART00000078230	mettl16	37	29.1	16.8	7.2	11.7	35.4	55.5	13.59	7.08	-0.940724190684
ENSDART00000131912	pld2	4	84.1	66.1	NA	NA	NA	NA	NA	NA	NA
ENSDART00000114532	malt1b	2	20.2	20.2	NA	NA	NA	NA	NA	NA	NA
ENSDART00000114172	pde6d	24	43.5	31.8	10.7	22.8	62.4	93.5	NA	NA	NA
ENSDART00000024194	kif11	231	83.4	75.5	14.7	39.4	123.0	156.7	26.84	112.01	2.06117096194
ENSDART00000075960	rab11fip4a	5	104.3	106.1	NA	NA	NA	NA	NA	NA	NA
ENSDART00000080781	arl15b	15	50.6	33.4	20.3	24.2	43.3	133.9	NA	NA	NA
ENSDART00000105762	ahr2	3	38.8	35.5	NA	NA	NA	NA	NA	NA	NA
ENSDART00000113957	arl8a	74	40.3	27.9	6.8	16.5	57.5	87.8	NA	NA	NA
ENSDART00000105760	zic6	1	57.0	57.0	NA	NA	NA	NA	NA	NA	NA
ENSDART00000084714	CABZ01057907.1	128	26.8	18.1	6.6	11.4	28.9	39.0	30.79	3.72	-3.04908734094
ENSDART00000148565	ntn1a	4	24.1	27.6	NA	NA	NA	NA	NA	NA	NA
ENSDART00000047391	rpl13	2077	78.9	77.9	30.3	43.5	107.3	132.3	1023.32	475.37	-1.10613459282
ENSDART00000084249	cylda	7	38.5	25.6	NA	NA	NA	NA	NA	NA	NA
ENSDART00000105768	zmynd11	52	45.9	22.7	9.5	13.1	60.1	109.1	5.89	7.88	0.419927995626
ENSDART00000133135	si:ch211-167j6.3	16	18.0	15.9	5.2	11.8	21.0	34.8	NA	NA	NA
ENSDART00000122797	pdia5	46	34.6	32.9	13.9	19.4	37.8	58.5	6.56	13.2	1.00877020963
ENSDART00000127317	FP103059.1	107	58.6	50.7	14.1	22.2	83.6	121.5	79.51	32.12	-1.3076644272
ENSDART00000113219	TNRC6A	364	98.1	87.8	17.8	36.5	146.8	197.6	79.73	30.5	-1.38631342643
ENSDART00000127313	CABZ01038329.1	5	120.6	110.9	NA	NA	NA	NA	NA	NA	NA
ENSDART00000115335	CR391986.1	26	57.6	39.7	14.2	17.6	78.0	139.1	NA	NA	NA
ENSDART00000137820	si:ch211-163l21.8	4	89.0	76.3	NA	NA	NA	NA	NA	NA	NA
ENSDART00000055745	sepw2a	545	91.2	91.4	59.4	76.2	107.5	125.6	NA	NA	NA
ENSDART00000087441	GFOD1	52	58.2	45.6	13.9	22.4	85.9	125.0	NA	NA	NA
ENSDART00000113221	tfap4	143	66.9	48.9	8.3	20.3	109.4	154.3	NA	NA	NA
ENSDART00000005158	ccnt1	53	60.1	55.0	10.9	21.4	90.6	107.2	8.42	16.04	0.929782003389
ENSDART00000106220	si:dkey-20i20.2	17	66.5	64.6	19.5	26.3	83.4	118.9	NA	NA	NA
ENSDART00000129575	arnt2	48	29.5	20.3	6.9	12.0	35.7	68.0	NA	NA	NA
ENSDART00000085046	MUM1	51	85.7	56.6	11.1	18.0	165.1	198.0	8.52	6.45	-0.401554269915
ENSDART00000027443	esyt3	2	45.8	45.8	NA	NA	NA	NA	NA	NA	NA
ENSDART00000115360	CR376783.1	1	90.7	90.7	NA	NA	NA	NA	NA	NA	NA
ENSDART00000085042	SH3RF3	8	26.2	22.7	NA	NA	NA	NA	NA	NA	NA
ENSDART00000076304	pcna	1906	65.3	55.2	20.7	35.3	86.5	127.4	263.3	1072.49	2.02618476946
ENSDART00000124656	efnb1	20	95.6	94.3	20.6	48.6	123.0	181.6	NA	NA	NA
ENSDART00000061745	inpp4ab	1	31.0	31.0	NA	NA	NA	NA	NA	NA	NA
ENSDART00000061744	zp3a.1	36	47.7	45.5	26.2	31.1	62.2	74.8	34.51	3.21	-3.42636927131
ENSDART00000061747	fpgt	2	69.0	69.0	NA	NA	NA	NA	NA	NA	NA
ENSDART00000038038	shfm1	614	71.6	63.7	24.1	39.3	95.2	129.1	468.46	464.34	-0.012744301502
ENSDART00000114026	LINGO2	6	19.7	18.4	NA	NA	NA	NA	NA	NA	NA
ENSDART00000041858	mtx2	33	57.1	42.8	24.3	26.5	59.9	139.2	NA	NA	NA
ENSDART00000125081	flt4	5	43.8	53.6	NA	NA	NA	NA	NA	NA	NA
ENSDART00000020792	cnpy1	78	46.4	28.8	12.2	19.1	66.7	100.1	NA	NA	NA
ENSDART00000110837	M1AP	1	1.8	1.8	NA	NA	NA	NA	NA	NA	NA
ENSDART00000102932	cyp2aa12	1	152.5	152.5	NA	NA	NA	NA	NA	NA	NA
ENSDART00000083946	pld6	3	28.5	18.8	NA	NA	NA	NA	NA	NA	NA
ENSDART00000040184	tenm1	1	17.3	17.3	NA	NA	NA	NA	NA	NA	NA
ENSDART00000131340	CABZ01053134.1	38	80.3	24.0	4.1	9.5	121.0	232.8	NA	NA	NA
ENSDART00000143113	sfswap	48	53.1	37.1	11.6	21.4	64.8	120.3	6.81	13.94	1.03350385786
ENSDART00000143117	zgc:162972	3	65.2	77.3	NA	NA	NA	NA	NA	NA	NA
ENSDART00000015127	C13H9orf72	10	66.1	36.4	20.0	23.2	122.7	156.1	NA	NA	NA
ENSDART00000134932	zgc:66472	171	50.6	33.1	11.8	18.8	68.7	124.4	33.46	91.54	1.45196484656
ENSDART00000143114	si:dkeyp-20e4.8	166	39.2	37.6	14.8	24.3	51.3	66.4	NA	NA	NA
ENSDART00000040328	h2afx	232	39.1	42.0	-5.9	-0.6	65.3	80.2	148.8	6167.82	5.37331423108
ENSDART00000010449	ugp2a	1	67.6	67.6	NA	NA	NA	NA	NA	NA	NA
ENSDART00000142538	pias2	190	58.2	44.1	8.3	18.6	87.2	128.0	33.26	47.91	0.526538644845
ENSDART00000146099	cerk	11	44.1	21.0	12.6	13.8	46.5	120.1	NA	NA	NA
ENSDART00000013434	oxct1a	125	52.6	43.1	17.8	28.2	63.5	95.9	15.59	55.71	1.83731538796
ENSDART00000013432	dnajc28	3	18.9	14.2	NA	NA	NA	NA	NA	NA	NA
ENSDART00000013431	hmbsa	8	48.8	22.9	NA	NA	NA	NA	NA	NA	NA
ENSDART00000146093	sort1a	14	38.6	24.4	14.2	17.2	49.6	71.1	NA	NA	NA
ENSDART00000103330	chac1	101	88.6	82.3	25.3	44.5	133.0	155.3	51.47	4.02	-3.67846437603
ENSDART00000103336	ino80	12	42.9	30.3	10.8	18.3	59.8	88.1	7.05	5.86	-0.266722592864
ENSDART00000135821	mfsd6b	2	6.1	6.1	NA	NA	NA	NA	NA	NA	NA
ENSDART00000059376	ube4a	40	45.5	26.6	10.4	13.5	55.0	134.0	NA	NA	NA
ENSDART00000079945	tut1	66	73.9	58.0	14.9	27.8	109.9	156.1	9.12	29.4	1.68871042556
ENSDART00000106541	zgc:174623	3	38.6	35.5	NA	NA	NA	NA	NA	NA	NA
ENSDART00000142820	si:dkey-9i23.11	4	48.3	37.7	NA	NA	NA	NA	NA	NA	NA
ENSDART00000073511	hyal6	1	11.0	11.0	NA	NA	NA	NA	NA	NA	NA
ENSDART00000084353	tbc1d10a	7	49.9	29.1	NA	NA	NA	NA	NA	NA	NA
ENSDART00000134778	tmem222b	3	52.4	46.2	NA	NA	NA	NA	NA	NA	NA
ENSDART00000137287	pebp1	42	30.0	20.5	6.4	10.3	31.5	60.4	NA	NA	NA
ENSDART00000137289	sid1	1	9.3	9.3	NA	NA	NA	NA	NA	NA	NA
ENSDART00000032992	arsh	1	73.0	73.0	NA	NA	NA	NA	NA	NA	NA
ENSDART00000073518	GRAMD2	4	67.3	31.8	NA	NA	NA	NA	NA	NA	NA
ENSDART00000125658	CLINT1	24	27.1	19.2	9.1	14.2	42.0	53.4	NA	NA	NA
ENSDART00000102681	pnp5a	2	14.1	14.1	NA	NA	NA	NA	NA	NA	NA
ENSDART00000032996	ppdpfa	57	42.3	25.9	9.4	12.8	58.8	103.6	NA	NA	NA
ENSDART00000134772	LANCL2	25	84.5	46.8	11.3	34.5	138.1	204.9	NA	NA	NA
ENSDART00000009196	ufl1	12	88.2	91.2	24.4	36.3	126.0	162.2	NA	NA	NA
ENSDART00000009197	pcif1	63	50.8	30.7	4.5	13.1	75.3	117.8	NA	NA	NA
ENSDART00000111587	rhobtb2a	7	39.1	29.4	NA	NA	NA	NA	NA	NA	NA
ENSDART00000110187	zgc:172128	5	60.4	11.2	NA	NA	NA	NA	NA	NA	NA
ENSDART00000134416	im:7140055	367	40.3	31.9	9.4	17.4	53.8	82.1	29.75	127.64	2.1011189402
ENSDART00000008864	sox17	8	45.9	38.6	NA	NA	NA	NA	NA	NA	NA
ENSDART00000047865	si:dkey-46g23.2	27	50.0	49.1	20.3	32.2	69.3	76.7	NA	NA	NA
ENSDART00000057886	cenpk	63	67.9	54.2	10.4	25.0	87.5	152.9	18.1	40.81	1.17293301329
ENSDART00000134937	srek1	9	31.9	27.0	NA	NA	NA	NA	NA	NA	NA
ENSDART00000075009	eif2s2	429	78.6	72.1	26.8	41.9	106.7	142.4	374.84	206.34	-0.861251392671
ENSDART00000101200	si:ch211-101n13.1	29	44.4	41.8	20.4	27.3	59.6	68.2	NA	NA	NA
ENSDART00000055350	DTX2	45	30.0	19.3	7.8	11.2	31.2	72.2	NA	NA	NA
ENSDART00000065933	itgb6	2	14.4	14.4	NA	NA	NA	NA	NA	NA	NA
ENSDART00000112085	csde1	12	61.3	55.2	37.5	44.3	68.1	74.2	41.38	63.37	0.614866370334
ENSDART00000112084	si:dkey-71p21.13	2	11.6	11.6	NA	NA	NA	NA	NA	NA	NA
ENSDART00000112082	RUFY1	21	25.8	19.1	11.9	15.2	29.0	48.0	11.48	10.77	-0.0921043921315
ENSDART00000099448	FNIP1	13	63.1	51.3	6.1	13.3	125.7	135.7	NA	NA	NA
ENSDART00000031952	marveld3	48	53.5	34.3	6.7	18.1	79.8	126.4	NA	NA	NA
ENSDART00000122943	rfx2	166	70.4	58.8	12.1	29.6	106.6	134.3	6.87	36.15	2.39561364302
ENSDART00000093028	KLHL35	10	20.4	16.7	10.5	12.1	20.2	30.4	NA	NA	NA
ENSDART00000099440	VGLL3	1	188.5	188.5	NA	NA	NA	NA	NA	NA	NA
ENSDART00000035382	scaper	3	16.1	12.6	NA	NA	NA	NA	NA	NA	NA
ENSDART00000129741	CU929378.1	12	21.7	17.3	7.2	14.9	23.6	39.3	NA	NA	NA
ENSDART00000128308	eif4bb	41	11.4	-2.6	-10.2	-8.0	24.3	58.1	148.52	242.99	0.710239722138
ENSDART00000109223	dlec1	18	51.5	27.1	5.9	13.9	50.0	137.5	2.91	2.63	-0.145956353616
ENSDART00000125221	TEX264	5	11.7	13.9	NA	NA	NA	NA	NA	NA	NA
ENSDART00000109221	wdr90	5	63.1	72.6	NA	NA	NA	NA	NA	NA	NA
ENSDART00000057263	zgc:63863	10	22.9	23.0	16.0	18.3	27.3	33.8	NA	NA	NA
ENSDART00000057262	C19H16orf80	36	69.9	56.5	20.2	34.3	92.2	142.1	NA	NA	NA
ENSDART00000020750	krt18	1965	75.2	67.4	27.6	45.8	95.0	136.5	NA	NA	NA
ENSDART00000111066	epo	2	48.6	48.6	NA	NA	NA	NA	NA	NA	NA
ENSDART00000109228	CU469532.1	1	11.2	11.2	NA	NA	NA	NA	NA	NA	NA
ENSDART00000088949	fbxo10	10	41.0	24.3	4.2	16.7	41.4	107.6	2.84	4.53	0.673620120542
ENSDART00000140062	ptk2.2	10	57.7	45.9	15.2	29.6	75.4	88.6	NA	NA	NA
ENSDART00000002415	pkd2l1	1	32.8	32.8	NA	NA	NA	NA	NA	NA	NA
ENSDART00000103502	im:7162084	1	146.5	146.5	NA	NA	NA	NA	NA	NA	NA
ENSDART00000138081	bcl6ab	4	83.6	82.4	NA	NA	NA	NA	NA	NA	NA
ENSDART00000122905	rac3b	1	60.1	60.1	NA	NA	NA	NA	NA	NA	NA
ENSDART00000079618	rexo1	27	54.3	42.7	10.1	12.9	81.7	120.0	10.54	6.63	-0.668794091525
ENSDART00000086666	STPG2	1	26.2	26.2	NA	NA	NA	NA	NA	NA	NA
ENSDART00000086661	dpagt1	4	23.6	15.7	NA	NA	NA	NA	NA	NA	NA
ENSDART00000113358	wdtc1	10	31.5	23.7	14.7	19.5	27.9	38.3	NA	NA	NA
ENSDART00000128610	pex16	25	41.4	29.0	11.7	18.2	44.4	108.9	NA	NA	NA
ENSDART00000127916	hspe1	154	86.6	76.8	28.8	45.5	121.2	151.4	NA	NA	NA
ENSDART00000144939	C3H16orf58	11	38.7	34.4	14.4	17.6	60.6	68.1	NA	NA	NA
ENSDART00000077612	rel	4	112.4	100.3	NA	NA	NA	NA	NA	NA	NA
ENSDART00000101301	tmprss4a	119	65.7	47.9	9.6	17.8	95.8	133.7	NA	NA	NA
ENSDART00000131072	rpz2	4	80.6	80.6	NA	NA	NA	NA	NA	NA	NA
ENSDART00000101304	atg12	17	73.4	75.8	16.9	30.8	93.7	139.5	NA	NA	NA
ENSDART00000101306	ctnna2	16	33.8	29.6	11.9	22.7	52.3	60.9	4.26	7.12	0.741023810741
ENSDART00000131076	RFWD3	61	63.7	48.2	7.5	17.8	107.1	149.4	20.84	15.96	-0.384894626056
ENSDART00000115205	cers2a	24	78.0	59.7	24.0	31.6	113.6	149.0	NA	NA	NA
ENSDART00000091416	CNTN3	1	43.0	43.0	NA	NA	NA	NA	NA	NA	NA
ENSDART00000122406	CU571336.2	133	81.1	78.6	25.8	48.1	105.2	139.8	19.48	44.45	1.19018974163
ENSDART00000124830	zgc:162816	42	33.4	23.2	5.3	9.9	38.3	77.3	NA	NA	NA
ENSDART00000126687	sf3a1	704	63.1	46.8	17.2	26.2	89.9	138.9	71.26	212.81	1.57840155648
ENSDART00000026339	gtpbp4	380	80.4	75.6	19.6	44.3	109.9	144.4	128.36	130.47	0.0235224199034
ENSDART00000040680	rngtt	16	35.0	35.1	13.8	20.5	43.3	56.3	NA	NA	NA
ENSDART00000133501	si:ch1073-75o15.4	5	47.7	50.1	NA	NA	NA	NA	NA	NA	NA
ENSDART00000076693	stambpa	29	22.6	22.7	7.8	11.8	30.8	36.1	NA	NA	NA
ENSDART00000133504	dab2ipb	1	4.1	4.1	NA	NA	NA	NA	NA	NA	NA
ENSDART00000123139	brd8	348	51.1	38.3	7.9	18.2	75.4	119.3	34.26	49.91	0.542803752417
ENSDART00000049331	gtf3aa	46	45.7	32.7	8.2	16.8	57.1	90.8	NA	NA	NA
ENSDART00000021372	chrna5	2	173.6	173.6	NA	NA	NA	NA	NA	NA	NA
ENSDART00000142794	bet1l	58	27.7	19.1	6.9	11.4	38.4	47.5	NA	NA	NA
ENSDART00000053588	irak1bp1	86	56.9	45.6	10.6	17.2	81.9	117.7	24.02	36.96	0.62172860571
ENSDART00000046050	pcbd1	185	59.7	58.5	25.3	41.6	74.3	89.9	NA	NA	NA
ENSDART00000065239	dnajc19	20	85.8	85.9	29.3	49.8	102.7	146.9	NA	NA	NA
ENSDART00000131610	serbp1a	3	86.0	49.3	NA	NA	NA	NA	70.74	112.66	0.671377252539
ENSDART00000131613	C2H1orf21	94	40.6	33.0	10.0	21.3	56.0	78.6	NA	NA	NA
ENSDART00000024440	foxi3b	1	309.9	309.9	NA	NA	NA	NA	NA	NA	NA
ENSDART00000049291	gria3a	1	27.5	27.5	NA	NA	NA	NA	NA	NA	NA
ENSDART00000055294	zgc:112484	2	14.7	14.7	NA	NA	NA	NA	NA	NA	NA
ENSDART00000026180	fabp7a	1	42.1	42.1	NA	NA	NA	NA	NA	NA	NA
ENSDART00000139020	gbgt1l1	2	19.3	19.3	NA	NA	NA	NA	NA	NA	NA
ENSDART00000052989	ache	3	73.4	77.4	NA	NA	NA	NA	NA	NA	NA
ENSDART00000106126	si:rp71-36a1.3	3	76.1	12.8	NA	NA	NA	NA	NA	NA	NA
ENSDART00000129432	pcgf1	14	53.9	22.1	7.8	14.9	83.5	153.2	NA	NA	NA
ENSDART00000020135	pex19	71	33.0	29.3	15.2	19.4	40.8	55.6	NA	NA	NA
ENSDART00000020136	ivns1abpb	509	69.1	44.0	14.4	23.2	101.1	162.5	48.62	78.75	0.695730030133
ENSDART00000129439	UIMC1	46	62.0	43.7	9.7	15.7	92.5	131.2	7.8	2.69	-1.53586795119
ENSDART00000113021	DHX30	20	32.5	12.9	-0.3	8.8	19.5	59.9	3.68	1.04	-1.82312223792
ENSDART00000062688	tmem68	21	32.1	21.7	15.5	18.8	31.6	40.4	NA	NA	NA
ENSDART00000121418	CABZ01036951.1	1	-3.0	-3.0	NA	NA	NA	NA	NA	NA	NA
ENSDART00000035358	socs2	6	59.1	48.9	NA	NA	NA	NA	NA	NA	NA
ENSDART00000050850	tor2a	29	25.8	17.0	10.0	13.5	24.7	49.2	NA	NA	NA
ENSDART00000110234	appbp2	161	72.9	55.1	15.9	29.3	110.3	153.1	9.11	32.65	1.84156003263
ENSDART00000098795	mmab	3	83.2	69.7	NA	NA	NA	NA	NA	NA	NA
ENSDART00000050855	notch1b	1	-3.1	-3.1	NA	NA	NA	NA	NA	NA	NA
ENSDART00000124135	TMEM74	3	39.5	19.5	NA	NA	NA	NA	NA	NA	NA
ENSDART00000098421	uqcc	100	38.0	30.0	13.0	21.9	45.1	76.4	13.17	25.94	0.977923133995
ENSDART00000098424	trib2	43	46.2	36.5	16.6	20.2	58.0	86.0	NA	NA	NA
ENSDART00000149045	klf2b	209	60.3	46.2	7.4	14.4	91.7	137.5	NA	NA	NA
ENSDART00000029451	prkcbb	12	31.9	32.9	9.7	10.6	44.5	59.9	NA	NA	NA
ENSDART00000022154	lrrfip2	17	61.0	32.9	5.6	14.4	101.4	130.3	NA	NA	NA
ENSDART00000144248	MAN1A2	27	41.0	29.6	10.8	14.1	50.0	99.6	5.84	3.33	-0.810446191809
ENSDART00000123308	znf609	96	70.3	62.2	10.1	23.1	112.0	144.9	9.99	17.41	0.801359619859
ENSDART00000029457	sh2d3ca	1	10.1	10.1	NA	NA	NA	NA	NA	NA	NA
ENSDART00000123304	psmf1	9	46.6	27.9	NA	NA	NA	NA	NA	NA	NA
ENSDART00000080081	nudt13	1	44.8	44.8	NA	NA	NA	NA	NA	NA	NA
ENSDART00000123300	NGRN	4	42.1	40.6	NA	NA	NA	NA	NA	NA	NA
ENSDART00000128678	METTL4	28	33.6	21.4	3.7	10.1	48.8	74.1	NA	NA	NA
ENSDART00000063484	si:dkey-222f2.1	30	98.7	97.5	56.3	85.2	109.9	123.3	NA	NA	NA
ENSDART00000104659	sergef	11	35.3	37.8	9.1	31.4	45.5	50.9	NA	NA	NA
ENSDART00000067305	C25H12orf29	4	30.9	22.1	NA	NA	NA	NA	NA	NA	NA
ENSDART00000028983	PPP2R2A	39	47.6	22.7	9.4	13.6	66.8	140.8	NA	NA	NA
ENSDART00000043595	twist1a	2	57.8	57.8	NA	NA	NA	NA	NA	NA	NA
ENSDART00000101702	unc13c	1	42.1	42.1	NA	NA	NA	NA	NA	NA	NA
ENSDART00000145221	rnf40	150	70.2	61.8	18.9	28.0	103.5	133.7	35.15	52.28	0.572734451836
ENSDART00000145226	si:ch211-233h19.2	9	13.0	15.2	NA	NA	NA	NA	NA	NA	NA
ENSDART00000052183	C19H6orf62	563	82.4	76.7	22.4	44.8	114.0	140.3	NA	NA	NA
ENSDART00000052185	gmnn	451	57.8	38.0	10.5	17.6	86.6	130.2	169.7	168.48	-0.0104092234043
ENSDART00000025466	slc18a2	5	38.6	26.4	NA	NA	NA	NA	NA	NA	NA
ENSDART00000100309	crybb1l2	1	244.5	244.5	NA	NA	NA	NA	NA	NA	NA
ENSDART00000147918	zfyve16	29	34.4	32.1	12.3	23.8	43.7	57.2	8.23	9.54	0.213096835584
ENSDART00000147917	gpr176	1	9.7	9.7	NA	NA	NA	NA	NA	NA	NA
ENSDART00000084223	EPC1	99	57.3	42.3	13.7	24.1	74.8	139.2	20.92	24.14	0.206542824508
ENSDART00000081976	rock1	72	47.3	33.7	9.1	16.9	55.8	101.6	11.82	7.98	-0.566769383955
ENSDART00000052942	zgc:113025	2	21.0	21.0	NA	NA	NA	NA	NA	NA	NA
ENSDART00000140632	bcl2l13	73	29.6	27.3	9.2	15.5	39.2	55.8	NA	NA	NA
ENSDART00000100301	sssca1	79	47.8	32.8	7.9	16.9	65.0	111.4	24.6	28.8	0.227410496103
ENSDART00000012791	sp8a	1	56.9	56.9	NA	NA	NA	NA	NA	NA	NA
ENSDART00000043161	btr29	2	105.1	105.1	NA	NA	NA	NA	NA	NA	NA
ENSDART00000043162	reep2	127	44.1	37.8	11.8	21.3	63.9	82.9	NA	NA	NA
ENSDART00000140496	nfkbiz	27	164.9	166.4	47.7	108.4	229.8	271.4	NA	NA	NA
ENSDART00000137516	vamp3	287	75.5	72.8	30.6	49.4	96.4	128.5	67.62	604.06	3.15916993517
ENSDART00000112470	ccdc88b	1	18.5	18.5	NA	NA	NA	NA	NA	NA	NA
ENSDART00000006787	epha3l	1	159.6	159.6	NA	NA	NA	NA	NA	NA	NA
ENSDART00000140537	dhrs11a	4	46.4	27.2	NA	NA	NA	NA	NA	NA	NA
ENSDART00000007260	si:ch211-210c8.6	34	45.3	32.5	10.7	18.6	50.0	105.3	NA	NA	NA
ENSDART00000112675	SCAF8	488	64.3	53.3	13.3	25.6	92.9	133.8	35.39	69.48	0.973255992285
ENSDART00000064878	gxylt2	30	48.8	19.0	8.8	10.2	72.8	131.8	NA	NA	NA
ENSDART00000064655	zbtb2a	13	55.5	34.7	6.9	10.5	54.5	130.8	NA	NA	NA
ENSDART00000064657	stx11a	7	12.2	12.3	NA	NA	NA	NA	NA	NA	NA
ENSDART00000086018	pcnxl4	16	31.1	18.0	6.1	8.9	28.5	79.5	4.3	0.6	-2.84130225398
ENSDART00000144068	C9H2orf76	96	57.4	38.7	14.6	23.2	66.2	135.1	NA	NA	NA
ENSDART00000144069	paqr7b	1	17.3	17.3	NA	NA	NA	NA	NA	NA	NA
ENSDART00000101208	abhd11	6	93.8	82.0	NA	NA	NA	NA	NA	NA	NA
ENSDART00000034027	ZC3H11A	163	103.7	92.7	17.4	35.8	150.8	208.4	26.93	36.35	0.432741134305
ENSDART00000144060	rpl37	8	43.6	34.9	NA	NA	NA	NA	NA	NA	NA
ENSDART00000021266	tra2b	266	59.4	47.6	16.7	29.5	77.0	123.2	45.62	202.18	2.14790193861
ENSDART00000063158	NUDT12	33	77.1	65.8	28.8	33.6	111.1	136.7	NA	NA	NA
ENSDART00000011540	bzw1b	1111	63.2	51.0	19.4	31.7	83.5	130.5	644.97	768.11	0.252080875278
ENSDART00000063157	slc26a11	3	73.7	28.1	NA	NA	NA	NA	NA	NA	NA
ENSDART00000063152	chst14	25	44.5	21.0	1.7	13.7	81.2	108.7	NA	NA	NA
ENSDART00000016265	LRP3	7	54.6	37.3	NA	NA	NA	NA	NA	NA	NA
ENSDART00000063150	fam43a	3	27.0	29.6	NA	NA	NA	NA	NA	NA	NA
ENSDART00000063151	napgl	8	96.2	75.3	NA	NA	NA	NA	NA	NA	NA
ENSDART00000130886	NABP2	1	19.2	19.2	NA	NA	NA	NA	NA	NA	NA
ENSDART00000052239	ptpn2b	96	46.1	36.4	14.2	25.4	54.7	90.2	21.66	46.78	1.11085861874
ENSDART00000038767	mybbp1a	89	76.1	75.5	18.7	35.8	109.0	134.8	46.64	36.96	-0.335603031784
ENSDART00000130880	C21H5orf15	109	66.1	58.1	13.2	32.4	99.8	124.7	NA	NA	NA
ENSDART00000098925	vgll4l	156	36.9	25.3	12.1	15.9	49.5	72.4	NA	NA	NA
ENSDART00000055511	ergic3	236	85.0	86.3	16.7	43.4	123.2	146.0	25.71	50.66	0.978517466879
ENSDART00000055510	ROMO1	221	40.3	34.4	15.8	22.7	52.7	74.4	115.24	70.16	-0.715920912715
ENSDART00000030453	dynlrb1	283	44.4	33.3	6.7	13.4	68.6	98.9	NA	NA	NA
ENSDART00000112860	lmo3	9	57.9	43.7	NA	NA	NA	NA	NA	NA	NA
ENSDART00000026276	cks1b	132	48.8	30.1	11.6	16.2	62.7	121.3	NA	NA	NA
ENSDART00000055635	guca1e	1	20.9	20.9	NA	NA	NA	NA	NA	NA	NA
ENSDART00000112867	nomo	32	55.3	52.0	19.0	26.2	75.3	84.5	4.52	10.0	1.14560532225
ENSDART00000026273	cd164	62	76.4	73.2	19.0	38.7	101.8	132.6	NA	NA	NA
ENSDART00000011663	snrpb	2734	72.7	68.8	30.7	47.8	92.8	121.0	974.49	1629.53	0.741736626593
ENSDART00000061001	gnb2l1	1606	60.2	50.1	27.8	37.8	71.5	110.7	1221.69	347.2	-1.81503939936
ENSDART00000122303	GEMIN6	19	23.4	15.7	8.5	11.9	28.5	44.9	NA	NA	NA
ENSDART00000153390	gpam	5	22.8	19.7	NA	NA	NA	NA	NA	NA	NA
ENSDART00000044462	max	534	55.4	38.9	8.9	16.3	81.8	124.0	87.18	367.04	2.07386818766
ENSDART00000091850	atrip	29	21.0	15.2	7.0	10.1	19.2	32.9	10.68	0.56	-4.25334100963
ENSDART00000040669	sphkap	1	71.7	71.7	NA	NA	NA	NA	NA	NA	NA
ENSDART00000092265	prcc	352	63.5	49.2	16.2	26.8	83.3	136.1	NA	NA	NA
ENSDART00000060174	jagn1a	1	57.6	57.6	NA	NA	NA	NA	NA	NA	NA
ENSDART00000010143	SYS1	113	43.8	26.6	12.5	16.9	51.0	102.7	28.29	35.04	0.308710598205
ENSDART00000010140	igf2bp3	416	73.6	67.3	12.3	31.9	104.2	147.6	24.95	263.87	3.40271561593
ENSDART00000115072	tnip1	92	65.6	53.9	12.1	21.4	90.5	138.9	17.04	15.43	-0.143187273655
ENSDART00000115071	sepp1b	1	14.5	14.5	NA	NA	NA	NA	NA	NA	NA
ENSDART00000104686	AMBRA1	57	59.8	34.4	10.3	14.3	102.5	139.0	3.6	5.94	0.722466024471
ENSDART00000104687	pfn2	690	32.0	22.6	9.4	15.1	36.5	68.2	45.08	185.41	2.04015963651
ENSDART00000080888	snf8	29	57.8	42.6	10.7	19.7	87.2	124.6	18.31	25.61	0.4840754618
ENSDART00000104683	pbx4	237	96.4	103.7	18.6	45.8	135.8	158.5	19.62	170.89	3.12267103038
ENSDART00000103652	grin2ab	10	15.1	12.4	3.5	7.3	18.7	30.4	NA	NA	NA
ENSDART00000082952	wbscr16	12	52.2	46.8	23.2	35.3	54.8	71.9	NA	NA	NA
ENSDART00000145404	crybb1	1	56.3	56.3	NA	NA	NA	NA	NA	NA	NA
ENSDART00000134820	foxp2	100	60.5	57.5	12.4	30.2	85.1	112.0	NA	NA	NA
ENSDART00000123533	CABZ01073954.1	3	45.2	45.5	NA	NA	NA	NA	NA	NA	NA
ENSDART00000135616	dnajb2	2	19.2	19.2	NA	NA	NA	NA	NA	NA	NA
ENSDART00000108841	ZBTB41	2	154.3	154.3	NA	NA	NA	NA	NA	NA	NA
ENSDART00000135082	C10H5orf28	33	77.4	48.9	9.7	24.0	108.0	164.9	NA	NA	NA
ENSDART00000108514	ASXL2	2	7.5	7.5	NA	NA	NA	NA	NA	NA	NA
ENSDART00000108518	rnf10	546	71.8	52.3	14.7	24.2	106.8	157.4	33.85	36.48	0.107949895702
ENSDART00000127996	degs2	133	50.2	35.1	8.4	17.5	70.7	124.5	NA	NA	NA
ENSDART00000136902	txndc9	75	41.8	35.6	12.5	21.5	52.3	76.4	NA	NA	NA
ENSDART00000055186	ATP5J2	243	67.3	62.7	20.6	37.6	93.7	119.9	NA	NA	NA
ENSDART00000125795	FSD2	2	53.2	53.2	NA	NA	NA	NA	NA	NA	NA
ENSDART00000084503	TRMT10B	11	56.4	34.6	4.4	14.1	101.3	143.4	NA	NA	NA
ENSDART00000081026	fam151a	1	234.1	234.1	NA	NA	NA	NA	NA	NA	NA
ENSDART00000125790	NCBP1	333	56.2	45.3	16.0	26.4	69.7	118.2	31.23	46.61	0.577706943518
ENSDART00000125799	tex15	1	137.6	137.6	NA	NA	NA	NA	NA	NA	NA
ENSDART00000088364	KIF1A	3	14.1	12.2	NA	NA	NA	NA	NA	NA	NA
ENSDART00000060685	tmed10	213	67.5	61.1	26.1	40.7	85.3	121.7	37.74	142.17	1.91345073875
ENSDART00000108892	CORIN	1	55.9	55.9	NA	NA	NA	NA	NA	NA	NA
ENSDART00000033904	med29	100	69.9	55.9	16.9	33.0	104.2	141.1	24.3	68.6	1.49725226257
ENSDART00000060689	eif2b2	32	88.3	84.6	46.2	65.5	109.7	146.3	NA	NA	NA
ENSDART00000033902	phf11	12	26.2	24.8	10.9	20.2	35.3	37.5	NA	NA	NA
ENSDART00000103434	C17H15orf41	10	46.1	34.5	12.7	14.2	61.4	73.5	NA	NA	NA
ENSDART00000111519	BX927317.3	5	96.1	83.6	NA	NA	NA	NA	NA	NA	NA
ENSDART00000078396	hmbsb	30	34.3	26.6	9.7	17.1	36.1	52.8	NA	NA	NA
ENSDART00000125170	EGFR	2	3.7	3.7	NA	NA	NA	NA	NA	NA	NA
ENSDART00000151026	SHF	1	23.6	23.6	NA	NA	NA	NA	NA	NA	NA
ENSDART00000111517	ctdp1	66	31.3	23.7	8.1	11.6	44.7	66.9	7.93	22.15	1.48191392774
ENSDART00000093247	GTF2A1L	0	NA	NA	NA	NA	NA	NA	5.38	3.13	-0.781443515624
ENSDART00000134819	SLC5A6	1	20.1	20.1	NA	NA	NA	NA	NA	NA	NA
ENSDART00000037042	PDPR	27	37.6	29.3	11.5	19.1	48.0	70.0	7.66	6.58	-0.21925680819
ENSDART00000004769	tmem180	66	42.2	33.1	15.0	22.8	52.6	90.8	8.13	8.42	0.0505648809914
ENSDART00000061555	si:ch211-63o20.7	159	60.4	56.6	13.4	27.6	84.7	112.7	11.63	48.17	2.05028382711
ENSDART00000061557	elp3	48	64.6	40.9	18.3	22.5	99.8	142.9	NA	NA	NA
ENSDART00000004812	cyt1	1	5.6	5.6	NA	NA	NA	NA	NA	NA	NA
ENSDART00000030200	abhd14b	34	40.7	25.3	11.5	15.9	52.2	99.5	NA	NA	NA
ENSDART00000004816	SSBP4	33	43.2	35.0	4.9	14.6	55.2	100.3	NA	NA	NA
ENSDART00000003418	brms1la	70	49.9	29.9	5.9	13.9	71.4	113.1	21.08	32.78	0.636940987462
ENSDART00000056721	ldhd	17	23.8	26.7	7.7	18.3	30.3	36.1	NA	NA	NA
ENSDART00000083534	GPATCH3	23	56.6	43.0	20.7	23.1	88.7	121.3	22.96	15.17	-0.597901556429
ENSDART00000083532	slc25a38a	1	55.8	55.8	NA	NA	NA	NA	NA	NA	NA
ENSDART00000018190	CCDC34	63	39.6	27.4	11.9	17.0	47.3	95.2	51.48	12.92	-1.99440598353
ENSDART00000018663	adra2b	1	15.5	15.5	NA	NA	NA	NA	NA	NA	NA
ENSDART00000131820	kazald2	76	42.3	21.9	5.1	9.3	71.5	115.1	NA	NA	NA
ENSDART00000083539	sin3aa	46	62.2	46.2	9.8	22.6	95.3	136.8	6.21	12.79	1.04235109066
ENSDART00000021997	med15	210	68.8	44.8	16.0	26.3	92.3	158.4	25.02	57.3	1.19545334948
ENSDART00000126516	cars	53	44.0	34.8	8.4	18.6	57.4	97.7	17.52	37.03	1.07969177457
ENSDART00000002763	cnn3a	187	42.0	34.3	8.9	16.5	58.2	84.7	14.91	101.36	2.76513626686
ENSDART00000126519	SHISA2	5	38.8	34.4	NA	NA	NA	NA	NA	NA	NA
ENSDART00000131897	nf1b	4	84.6	84.9	NA	NA	NA	NA	NA	NA	NA
ENSDART00000082223	tax1bp3	94	63.8	60.7	25.6	42.2	80.3	102.1	NA	NA	NA
ENSDART00000082222	cep19	7	57.9	48.3	NA	NA	NA	NA	NA	NA	NA
ENSDART00000146136	ube2l3b	345	53.3	37.0	12.2	21.1	75.8	119.9	NA	NA	NA
ENSDART00000050070	pigf	28	77.9	74.9	33.9	57.0	96.4	116.1	NA	NA	NA
ENSDART00000050074	mfsd8	334	43.5	40.0	16.1	27.3	56.1	73.4	8.85	13.53	0.612412479006
ENSDART00000073708	dguok	1	7.4	7.4	NA	NA	NA	NA	NA	NA	NA
ENSDART00000073707	stx3a	6	22.2	17.4	NA	NA	NA	NA	NA	NA	NA
ENSDART00000073704	C19H6orf136	46	32.3	21.9	11.9	16.0	32.7	51.6	NA	NA	NA
ENSDART00000053003	hexim1	177	53.7	40.0	10.7	19.2	77.4	117.8	41.96	58.73	0.48508295992
ENSDART00000053001	tcn2l	14	43.0	38.4	21.6	25.7	43.3	48.7	NA	NA	NA
ENSDART00000083289	vwa5b1	1	30.1	30.1	NA	NA	NA	NA	NA	NA	NA
ENSDART00000102746	rbm14b	225	52.3	45.4	13.6	25.3	74.1	95.6	13.72	108.75	2.98666301434
ENSDART00000083281	mul1b	18	45.6	33.6	12.2	19.2	69.3	91.2	NA	NA	NA
ENSDART00000060184	chka	2	36.2	36.2	NA	NA	NA	NA	NA	NA	NA
ENSDART00000012450	dvl2	239	59.3	43.8	9.2	18.5	94.0	131.1	17.24	75.5	2.13071687001
ENSDART00000123957	dclk1a	1	21.5	21.5	NA	NA	NA	NA	NA	NA	NA
ENSDART00000113617	zmiz1a	1	196.9	196.9	NA	NA	NA	NA	NA	NA	NA
ENSDART00000113616	zgc:171426	1	55.8	55.8	NA	NA	NA	NA	22.51	1.04	-4.43591062331
ENSDART00000114931	prox2	7	131.4	132.2	NA	NA	NA	NA	NA	NA	NA
ENSDART00000083263	flii	95	58.4	46.7	15.3	25.3	84.5	114.9	7.65	41.85	2.45169596986
ENSDART00000036318	cbln13	2	56.3	56.3	NA	NA	NA	NA	NA	NA	NA
ENSDART00000020725	SMARCA1	1	132.7	132.7	NA	NA	NA	NA	NA	NA	NA
ENSDART00000019413	ndufa9	163	42.3	35.9	13.7	22.8	50.6	77.4	35.25	15.93	-1.14587699065
ENSDART00000038824	tmtopsb	1	87.5	87.5	NA	NA	NA	NA	NA	NA	NA
ENSDART00000145399	tpd52l2b	225	65.9	66.0	23.7	39.9	83.6	103.1	NA	NA	NA
ENSDART00000110001	acbd4	2	25.6	25.6	NA	NA	NA	NA	NA	NA	NA
ENSDART00000059636	CHCHD4	16	46.9	25.7	14.0	14.5	64.2	99.2	NA	NA	NA
ENSDART00000142964	zgc:91849	167	104.2	104.4	35.6	64.5	139.3	170.2	NA	NA	NA
ENSDART00000024657	adarb1b	23	30.1	29.5	13.5	19.0	41.1	50.7	NA	NA	NA
ENSDART00000077420	dtnbp1a	13	24.9	10.7	2.7	4.0	23.8	43.9	NA	NA	NA
ENSDART00000126479	plekhn1	191	44.6	28.5	4.4	11.0	62.6	113.1	NA	NA	NA
ENSDART00000017359	sfpq	2118	81.7	74.6	21.0	43.1	114.6	149.5	302.9	1132.39	1.9024574309
ENSDART00000009500	aif1l	549	64.1	59.5	13.9	33.0	90.9	117.4	175.58	1213.33	2.78877156169
ENSDART00000054619	prps1b	203	37.9	26.7	8.1	13.2	46.3	93.2	25.3	54.92	1.11819424057
ENSDART00000143300	brd7	370	59.5	47.0	14.9	25.4	84.7	125.7	142.34	114.79	-0.31034417484
ENSDART00000113031	wasf2	436	31.6	20.1	6.6	12.0	38.8	72.0	25.32	56.21	1.15054941015
ENSDART00000065544	BUD13	50	91.5	86.4	26.5	61.6	114.2	156.0	26.26	43.32	0.722166326715
ENSDART00000042386	CABZ01038514.1	1	14.4	14.4	NA	NA	NA	NA	NA	NA	NA
ENSDART00000106445	zgc:174268	17	54.8	32.5	7.7	13.9	61.6	149.5	NA	NA	NA
ENSDART00000047653	tfpia	3	19.2	14.0	NA	NA	NA	NA	NA	NA	NA
ENSDART00000079424	GATC	99	51.8	35.9	7.1	16.6	78.8	126.7	NA	NA	NA
ENSDART00000052750	ADAMTSL3	1	6.6	6.6	NA	NA	NA	NA	NA	NA	NA
ENSDART00000002622	oclna	653	36.8	28.7	6.6	14.7	50.4	75.5	40.65	145.16	1.83631670452
ENSDART00000079131	cdyl	67	57.7	48.8	7.3	18.5	97.1	122.4	NA	NA	NA
ENSDART00000062858	adoa	5	39.6	55.2	NA	NA	NA	NA	NA	NA	NA
ENSDART00000062854	nfe2l2a	1	145.0	145.0	NA	NA	NA	NA	NA	NA	NA
ENSDART00000062855	egr2b	1	-7.9	-7.9	NA	NA	NA	NA	NA	NA	NA
ENSDART00000062856	RNF169	60	55.5	35.6	6.7	12.8	92.8	128.3	NA	NA	NA
ENSDART00000079138	ptenb	26	46.2	28.3	5.6	12.1	45.6	98.7	NA	NA	NA
ENSDART00000062850	agps	28	33.1	25.7	14.9	19.4	38.5	60.2	19.04	11.43	-0.736208075093
ENSDART00000062852	spcs2	181	39.5	30.2	10.5	17.9	49.7	86.9	44.56	140.27	1.65438535029
ENSDART00000125912	dzip1	2	35.4	35.4	NA	NA	NA	NA	NA	NA	NA
ENSDART00000112692	TMEM116	2	33.6	33.6	NA	NA	NA	NA	NA	NA	NA
ENSDART00000105362	snx11	7	29.1	9.9	NA	NA	NA	NA	NA	NA	NA
ENSDART00000112695	tfe3a	5	104.8	107.6	NA	NA	NA	NA	NA	NA	NA
ENSDART00000139491	prdm1c	1	23.6	23.6	NA	NA	NA	NA	NA	NA	NA
ENSDART00000131443	dpm2	21	28.2	24.7	10.1	12.0	32.6	52.2	NA	NA	NA
ENSDART00000139617	vps33a	2	59.4	59.4	NA	NA	NA	NA	NA	NA	NA
ENSDART00000065488	tex261	87	69.2	55.4	18.7	29.6	97.9	141.9	23.96	24.58	0.0368570075839
ENSDART00000017576	fahd2a	18	32.3	28.2	14.1	20.6	44.4	53.5	NA	NA	NA
ENSDART00000008920	rab11al	12	49.1	34.7	6.1	12.7	77.3	94.7	NA	NA	NA
ENSDART00000088881	git2a	1	25.2	25.2	NA	NA	NA	NA	NA	NA	NA
ENSDART00000111358	C8H9orf3	2	16.6	16.6	NA	NA	NA	NA	NA	NA	NA
ENSDART00000111359	fbxo21	6	15.6	17.4	NA	NA	NA	NA	NA	NA	NA
ENSDART00000077047	btr09	2	69.6	69.6	NA	NA	NA	NA	NA	NA	NA
ENSDART00000122665	mta3	0	NA	NA	NA	NA	NA	NA	21.47	52.08	1.27840725731
ENSDART00000113032	ADCK2	35	61.4	48.4	13.2	18.3	84.5	138.9	NA	NA	NA
ENSDART00000025295	mif4gda	6	48.8	34.4	NA	NA	NA	NA	NA	NA	NA
ENSDART00000151625	si:ch211-157c3.4	497	70.2	64.5	17.5	37.1	99.7	129.4	NA	NA	NA
ENSDART00000138524	r3hcc1	2	60.1	60.1	NA	NA	NA	NA	NA	NA	NA
ENSDART00000138527	rab20	8	19.5	7.8	NA	NA	NA	NA	NA	NA	NA
ENSDART00000115132	RIC3	7	27.5	30.6	NA	NA	NA	NA	NA	NA	NA
ENSDART00000101316	ZNF618	57	63.2	55.7	16.6	25.1	90.3	137.0	NA	NA	NA
ENSDART00000138523	btr04	8	35.4	24.5	NA	NA	NA	NA	22.43	20.14	-0.155365937079
ENSDART00000052539	myo1ea	6	25.5	23.6	NA	NA	NA	NA	NA	NA	NA
ENSDART00000130409	jhdm1da	11	91.6	93.9	8.1	59.6	129.3	155.5	NA	NA	NA
ENSDART00000089822	FBXL7	2	3.8	3.8	NA	NA	NA	NA	NA	NA	NA
ENSDART00000023639	nkx2.7	2	40.7	40.7	NA	NA	NA	NA	NA	NA	NA
ENSDART00000002244	sf3b5	561	80.1	74.2	41.1	54.9	101.3	126.4	302.13	482.48	0.67529969672
ENSDART00000133703	cdk5rap3	20	37.0	22.6	9.3	16.1	40.4	63.7	10.34	3.45	-1.58356791865
ENSDART00000112846	dnajc6	25	35.3	30.0	14.7	20.9	41.2	67.3	NA	NA	NA
ENSDART00000062706	tmem189	131	59.3	46.1	18.3	30.2	77.5	128.7	NA	NA	NA
ENSDART00000090930	nkain4	46	43.9	32.6	16.6	23.9	48.4	105.7	NA	NA	NA
ENSDART00000122663	sppl3	646	64.1	51.4	14.7	27.3	96.2	130.8	18.17	113.76	2.64636304539
ENSDART00000112529	AL929115.2	95	68.3	54.3	11.9	26.1	106.3	143.2	NA	NA	NA
ENSDART00000149218	elk3	19	97.8	90.7	36.2	47.8	146.0	164.6	NA	NA	NA
ENSDART00000079734	hadhaa	19	46.0	22.5	10.7	16.6	47.2	140.3	NA	NA	NA
ENSDART00000128110	caprin1a	11	33.4	33.5	7.0	22.3	43.2	54.8	23.29	88.45	1.92515150337
ENSDART00000016515	dnajc5ab	57	39.8	23.5	3.3	10.7	52.3	99.5	NA	NA	NA
ENSDART00000010998	slc12a3	1	58.8	58.8	NA	NA	NA	NA	NA	NA	NA
ENSDART00000002241	chico	14	34.4	32.0	18.7	21.3	45.3	55.6	NA	NA	NA
ENSDART00000049626	mcm2	302	82.2	78.8	20.6	41.4	113.5	147.8	36.5	115.46	1.66142476135
ENSDART00000128117	mea1	57	62.3	50.5	20.3	31.1	76.5	130.1	NA	NA	NA
ENSDART00000114097	STIM2	5	80.7	94.2	NA	NA	NA	NA	NA	NA	NA
ENSDART00000134190	sort1b	135	72.2	60.1	17.9	32.8	99.3	142.5	NA	NA	NA
ENSDART00000088777	atp13a2	43	26.3	25.7	10.6	15.3	35.9	42.7	4.2	2.65	-0.664396968216
ENSDART00000109073	FP236168.1	36	70.3	68.9	18.1	32.0	104.1	125.7	NA	NA	NA
ENSDART00000010992	nudc	444	40.0	33.2	13.7	22.4	49.4	67.9	154.56	108.82	-0.506223265776
ENSDART00000010993	slc20a1a	1	13.9	13.9	NA	NA	NA	NA	NA	NA	NA
ENSDART00000088419	march2	11	79.6	40.4	24.5	28.5	127.9	174.8	NA	NA	NA
ENSDART00000025749	ttc9c	31	64.9	39.3	8.0	13.7	98.0	147.7	NA	NA	NA
ENSDART00000006505	mxtx2	44	32.3	16.3	3.7	8.9	38.2	74.2	NA	NA	NA
ENSDART00000006058	eif2s1a	337	49.3	38.4	12.9	22.3	68.7	102.7	179.43	334.18	0.897204270151
ENSDART00000058325	lamtor2	62	39.6	27.5	8.3	17.3	55.3	95.2	40.58	67.83	0.741154627716
ENSDART00000086961	vps45	5	100.4	94.2	NA	NA	NA	NA	NA	NA	NA
ENSDART00000114209	gdf10b	2	22.5	22.5	NA	NA	NA	NA	NA	NA	NA
ENSDART00000082780	CR848706.1	1	16.7	16.7	NA	NA	NA	NA	NA	NA	NA
ENSDART00000114203	MAN2B2	14	13.3	10.0	-0.6	4.9	19.3	24.5	4.95	0.57	-3.1183947008
ENSDART00000114204	CU633999.1	2	109.1	109.1	NA	NA	NA	NA	NA	NA	NA
ENSDART00000062143	ARF4	136	33.2	24.6	9.5	15.5	45.2	72.6	NA	NA	NA
ENSDART00000056065	cnpy2	15	50.9	28.8	15.0	24.1	70.9	90.8	NA	NA	NA
ENSDART00000062146	ppp2cb	808	77.8	71.9	21.1	43.1	107.3	142.5	121.4	335.79	1.46779084512
ENSDART00000090689	brat1	7	33.0	26.7	NA	NA	NA	NA	NA	NA	NA
ENSDART00000056858	BOLA3	40	65.5	53.9	12.9	23.6	84.8	117.0	NA	NA	NA
ENSDART00000064463	timm10b	65	44.8	28.5	5.5	12.4	72.2	115.6	NA	NA	NA
ENSDART00000136585	slc9a7	34	34.3	34.5	12.9	17.2	46.2	58.8	NA	NA	NA
ENSDART00000064461	st6galnac4	5	74.9	20.2	NA	NA	NA	NA	NA	NA	NA
ENSDART00000129593	CABZ01070579.1	255	77.7	61.9	16.5	28.4	118.8	159.3	11.75	69.96	2.57386953247
ENSDART00000042683	cadpsb	2	41.1	41.1	NA	NA	NA	NA	NA	NA	NA
ENSDART00000039055	rnf170	21	87.9	84.4	12.8	23.1	135.2	165.9	27.28	6.44	-2.08271105091
ENSDART00000123797	pcp4b	5	50.7	48.8	NA	NA	NA	NA	NA	NA	NA
ENSDART00000123794	mmp16a	3	81.5	80.3	NA	NA	NA	NA	NA	NA	NA
ENSDART00000061843	smek1	511	64.9	47.4	11.0	22.8	99.6	145.4	36.89	63.79	0.790100489485
ENSDART00000099262	tcf7l1a	267	76.8	70.4	11.6	31.4	114.3	159.0	22.84	95.21	2.05955045847
ENSDART00000129878	zdhhc8b	21	45.3	35.9	5.7	11.3	60.3	113.3	10.56	9.21	-0.197336773267
ENSDART00000008297	ck2a1	626	62.8	57.1	12.6	26.2	93.0	125.5	94.34	288.77	1.61397936402
ENSDART00000104160	SFT2D2	9	46.5	21.2	NA	NA	NA	NA	NA	NA	NA
ENSDART00000063817	ndufb11	141	75.0	60.5	21.1	37.9	111.5	143.0	55.63	72.0	0.372133800963
ENSDART00000067841	zgc:112038	8	88.6	70.8	NA	NA	NA	NA	NA	NA	NA
ENSDART00000067843	C8H12orf43	28	77.3	47.9	15.0	24.8	120.8	169.1	32.06	4.39	-2.86848158062
ENSDART00000044357	cdkl1	6	39.7	34.9	NA	NA	NA	NA	NA	NA	NA
ENSDART00000067517	DEPDC7	5	12.4	8.0	NA	NA	NA	NA	NA	NA	NA
ENSDART00000067514	rbpms2a	14	56.9	45.0	7.2	18.4	74.4	125.3	NA	NA	NA
ENSDART00000138678	si:dkey-208k4.2	22	34.7	32.1	10.4	20.0	38.7	42.8	NA	NA	NA
ENSDART00000012284	cyp2aa3	2	150.2	150.2	NA	NA	NA	NA	NA	NA	NA
ENSDART00000140793	loxhd1b	1	35.9	35.9	NA	NA	NA	NA	NA	NA	NA
ENSDART00000046268	pmelb	4	22.2	26.7	NA	NA	NA	NA	NA	NA	NA
ENSDART00000084081	ogg1	7	97.6	66.0	NA	NA	NA	NA	NA	NA	NA
ENSDART00000050906	lrwd1	1678	62.0	53.1	15.4	30.7	85.0	120.2	NA	NA	NA
ENSDART00000140799	zgc:85858	17	43.1	21.8	4.7	8.6	30.8	150.1	NA	NA	NA
ENSDART00000101470	itm2bb	4	59.3	52.5	NA	NA	NA	NA	NA	NA	NA
ENSDART00000031195	coro7	2	11.0	11.0	NA	NA	NA	NA	NA	NA	NA
ENSDART00000031194	lysmd3	117	37.8	26.2	8.0	15.9	43.4	99.4	21.99	15.32	-0.52143130693
ENSDART00000129591	dennd4a	5	77.9	69.4	NA	NA	NA	NA	NA	NA	NA
ENSDART00000136059	znf395a	790	57.1	43.9	15.3	23.8	76.5	119.8	30.14	189.84	2.6550326836
ENSDART00000136057	arf1l	573	51.6	40.3	15.7	26.1	68.9	104.7	35.66	232.06	2.70211925982
ENSDART00000042970	atf4b1	605	92.9	83.6	32.3	55.4	126.9	160.0	NA	NA	NA
ENSDART00000127488	slc4a2b	134	34.2	33.3	7.1	17.3	47.4	63.7	6.86	17.36	1.33948646627
ENSDART00000023038	dacha	3	41.8	34.6	NA	NA	NA	NA	NA	NA	NA
ENSDART00000123172	cltcb	72	58.3	33.0	15.5	19.6	74.8	159.3	6.44	19.53	1.60055935577
ENSDART00000123170	celf1	313	87.9	80.7	15.7	35.9	130.4	170.8	13.83	147.91	3.41884653284
ENSDART00000113375	si:ch211-113a14.19	9	32.3	29.4	NA	NA	NA	NA	NA	NA	NA
ENSDART00000144283	myof	49	25.0	16.7	4.8	10.8	34.9	48.3	4.12	10.72	1.37958866327
ENSDART00000113852	PWWP2A	249	63.8	52.9	13.4	26.0	91.3	136.0	10.73	27.68	1.36719386688
ENSDART00000055961	thg1l	12	79.6	84.0	21.1	50.8	100.5	125.4	NA	NA	NA
ENSDART00000027605	tmem161a	216	27.1	23.4	8.6	14.0	36.6	50.7	NA	NA	NA
ENSDART00000020928	mrpl3	53	24.6	15.7	7.0	10.3	34.2	52.6	17.19	11.75	-0.548908788026
ENSDART00000088011	tmem2	86	74.2	52.5	16.7	26.6	117.6	170.3	3.48	6.1	0.809721936602
ENSDART00000105745	inppl1b	6	30.3	24.9	NA	NA	NA	NA	NA	NA	NA
ENSDART00000140576	igf3	23	90.8	78.0	26.6	34.7	145.1	165.1	NA	NA	NA
ENSDART00000084268	fam98b	42	56.6	46.3	13.7	25.9	72.6	111.6	32.57	17.19	-0.921974174918
ENSDART00000112980	mrps11	77	45.1	32.1	15.5	19.4	57.2	90.1	21.02	23.74	0.17555726568
ENSDART00000081568	tcf19l	128	33.9	21.4	5.4	11.4	46.3	83.1	NA	NA	NA
ENSDART00000100516	stap2b	76	81.8	74.9	15.3	41.7	114.1	160.0	NA	NA	NA
ENSDART00000105749	nrros	1	84.1	84.1	NA	NA	NA	NA	NA	NA	NA
ENSDART00000081561	ilf3a	322	71.0	60.3	29.5	43.3	88.8	116.5	23.08	113.74	2.30102458031
ENSDART00000084264	adcy2a	5	96.0	137.9	NA	NA	NA	NA	NA	NA	NA
ENSDART00000110582	fam160a2	13	23.0	19.8	2.3	12.4	21.6	46.0	NA	NA	NA
ENSDART00000056538	zgc:55733	330	38.8	35.0	12.5	22.3	51.5	66.8	25.63	124.74	2.28301878029
ENSDART00000031998	slc22a7b	1	32.1	32.1	NA	NA	NA	NA	NA	NA	NA
ENSDART00000105835	tusc2b	30	55.7	42.1	13.2	25.6	82.5	122.2	NA	NA	NA
ENSDART00000102556	tor3a	8	79.5	77.6	NA	NA	NA	NA	NA	NA	NA
ENSDART00000031993	ITPR1	6	40.6	41.1	NA	NA	NA	NA	NA	NA	NA
ENSDART00000031992	rgs14a	16	22.7	18.1	6.0	12.1	30.6	36.2	NA	NA	NA
ENSDART00000149842	MEPCE	102	51.0	31.5	12.3	19.6	65.1	130.0	34.17	21.42	-0.673771767679
ENSDART00000010282	cbr1l	58	37.5	32.9	17.7	23.3	47.3	65.4	24.13	36.4	0.59311053487
ENSDART00000060547	stx8	15	41.3	31.3	10.1	13.4	51.3	92.2	NA	NA	NA
ENSDART00000127834	zeb2a	10	61.1	63.1	11.0	17.5	84.6	113.2	NA	NA	NA
ENSDART00000106205	ids	4	60.8	13.7	NA	NA	NA	NA	NA	NA	NA
ENSDART00000060549	wdr16	2	13.8	13.8	NA	NA	NA	NA	NA	NA	NA
ENSDART00000146309	znf593	176	72.1	66.2	18.2	36.2	103.6	133.6	88.08	102.41	0.217470222632
ENSDART00000099880	wnt11r	4	41.5	34.0	NA	NA	NA	NA	NA	NA	NA
ENSDART00000113581	kitlga	7	38.8	26.9	NA	NA	NA	NA	NA	NA	NA
ENSDART00000113580	COLQ	1	168.0	168.0	NA	NA	NA	NA	NA	NA	NA
ENSDART00000113582	git2b	43	60.4	30.7	12.5	19.9	65.6	151.8	NA	NA	NA
ENSDART00000082034	FCGRT	1	-3.9	-3.9	NA	NA	NA	NA	NA	NA	NA
ENSDART00000082481	dnajc8	150	70.4	61.4	17.0	29.4	86.5	137.6	151.67	135.19	-0.165947312365
ENSDART00000113589	gpx4b	71	58.8	50.2	21.3	29.4	82.0	111.4	184.83	41.0	-2.17250312664
ENSDART00000146306	slc6a6a	1	31.6	31.6	NA	NA	NA	NA	NA	NA	NA
ENSDART00000037698	uck2b	142	47.7	37.8	10.8	23.2	62.0	104.5	20.23	93.64	2.21062861455
ENSDART00000019450	trpc4apa	376	58.0	39.1	10.2	18.6	90.0	131.6	10.78	90.77	3.07385837931
ENSDART00000075905	hnrnpc	330	44.7	33.3	6.5	14.5	60.5	107.6	86.19	266.75	1.62989587235
ENSDART00000019104	fbp2	29	41.3	32.2	20.6	23.8	45.8	80.8	NA	NA	NA
ENSDART00000075903	crlf3	85	36.3	31.0	14.5	21.7	44.0	57.9	11.99	28.98	1.27322593614
ENSDART00000041833	fitm2	4	66.1	28.7	NA	NA	NA	NA	NA	NA	NA
ENSDART00000019455	csrp1a	94	31.3	29.7	7.3	15.3	40.5	54.6	NA	NA	NA
ENSDART00000061764	zgc:113442	22	83.5	90.6	37.0	72.1	104.1	113.8	NA	NA	NA
ENSDART00000061947	FRMD4B	63	77.2	73.7	8.7	31.2	118.2	141.7	3.88	21.7	2.48356648514
ENSDART00000014465	hip1	82	47.9	24.5	9.0	13.6	87.0	119.4	13.97	34.98	1.32419826851
ENSDART00000075909	CR853294.1	9	59.9	21.6	NA	NA	NA	NA	NA	NA	NA
ENSDART00000012820	snupn	109	43.9	23.3	6.5	12.0	63.1	123.8	16.88	23.07	0.450703099976
ENSDART00000012826	pex3	19	54.3	39.4	0.9	15.3	100.0	128.6	NA	NA	NA
ENSDART00000126118	trove2	12	73.5	72.2	22.1	27.7	106.4	134.0	NA	NA	NA
ENSDART00000026559	cd9b	435	71.7	54.4	20.7	30.4	106.3	142.2	57.2	110.05	0.944072093113
ENSDART00000050912	pex12	6	63.2	61.5	NA	NA	NA	NA	NA	NA	NA
ENSDART00000040307	tdrd7	26	22.9	13.7	6.0	8.2	23.5	46.5	6.53	6.82	0.0626887474777
ENSDART00000112368	znf687a	7	127.7	135.9	NA	NA	NA	NA	NA	NA	NA
ENSDART00000139589	polh	1	1.1	1.1	NA	NA	NA	NA	NA	NA	NA
ENSDART00000040308	ptbp3	27	56.6	44.5	3.9	17.9	88.1	117.1	NA	NA	NA
ENSDART00000135710	atad5b	4	98.8	94.2	NA	NA	NA	NA	NA	NA	NA
ENSDART00000133705	psmc3	376	59.0	49.6	19.2	32.9	77.2	113.3	80.9	230.64	1.51143113418
ENSDART00000103355	rhov	286	29.3	15.6	1.5	6.0	41.4	82.4	NA	NA	NA
ENSDART00000013411	cahz	140	67.0	44.3	7.0	12.4	112.3	166.7	NA	NA	NA
ENSDART00000036075	tpm4a	4	80.1	60.0	NA	NA	NA	NA	NA	NA	NA
ENSDART00000103350	numb	151	71.5	53.7	13.9	26.8	93.5	152.5	NA	NA	NA
ENSDART00000103352	vps18	43	75.1	65.4	10.4	23.8	124.6	156.6	4.39	3.95	-0.152368286471
ENSDART00000061351	tnfrsf19	1	18.0	18.0	NA	NA	NA	NA	NA	NA	NA
ENSDART00000111986	cdc123	15	52.9	36.6	23.8	29.5	73.4	92.1	NA	NA	NA
ENSDART00000135800	vwa9	89	51.2	40.9	8.2	16.9	76.4	114.6	13.6	21.98	0.692584734812
ENSDART00000075632	creb1a	75	64.0	58.7	13.5	21.1	96.3	129.8	15.25	62.39	2.03250556676
ENSDART00000135294	NEK11	3	28.1	33.2	NA	NA	NA	NA	NA	NA	NA
ENSDART00000151714	gpr155b	1	151.0	151.0	NA	NA	NA	NA	NA	NA	NA
ENSDART00000111988	CABZ01085365.1	1	174.7	174.7	NA	NA	NA	NA	NA	NA	NA
ENSDART00000112320	fzd4	95	63.1	36.9	9.1	18.5	103.4	149.3	NA	NA	NA
ENSDART00000112327	akap17a	116	66.3	51.5	17.7	24.3	95.7	140.5	28.74	22.48	-0.354418026236
ENSDART00000026516	pxmp2	93	23.5	19.6	6.7	10.9	29.6	41.9	NA	NA	NA
ENSDART00000077853	hic1	57	43.0	30.3	10.2	14.8	61.2	108.5	NA	NA	NA
ENSDART00000132340	plcd1a	108	124.4	127.4	79.3	105.7	144.7	170.3	NA	NA	NA
ENSDART00000132341	coq4	1	8.6	8.6	NA	NA	NA	NA	NA	NA	NA
ENSDART00000004379	nol10	70	56.4	46.5	11.8	19.8	84.0	109.8	15.29	30.93	1.01641842673
ENSDART00000137267	si:dkey-125i10.3	3	37.6	30.0	NA	NA	NA	NA	NA	NA	NA
ENSDART00000077854	mdm2	328	43.8	23.9	5.7	11.7	63.3	116.4	31.27	76.69	1.29425925037
ENSDART00000026258	adipor1a	69	53.2	23.3	8.6	16.0	83.1	129.9	NA	NA	NA
ENSDART00000057067	tyr	10	17.4	17.8	6.0	8.6	24.4	29.3	NA	NA	NA
ENSDART00000130278	AL929204.1	5	29.6	23.8	NA	NA	NA	NA	NA	NA	NA
ENSDART00000130279	PHLDB3	19	49.4	22.9	6.3	13.3	67.8	128.2	NA	NA	NA
ENSDART00000130274	RAB27B	1	44.1	44.1	NA	NA	NA	NA	NA	NA	NA
ENSDART00000125436	FARS2	3	18.5	17.9	NA	NA	NA	NA	NA	NA	NA
ENSDART00000130271	sox7	1	12.7	12.7	NA	NA	NA	NA	NA	NA	NA
ENSDART00000130273	CABZ01080457.1	55	71.9	53.7	10.6	33.1	104.9	150.5	NA	NA	NA
ENSDART00000024208	nutf2l	228	35.4	23.4	8.5	13.4	41.7	90.2	82.63	91.13	0.141260399726
ENSDART00000056286	h1f0	47	76.3	81.5	20.5	38.5	103.7	126.6	NA	NA	NA
ENSDART00000147951	efna5a	35	56.9	40.6	5.2	13.2	70.5	151.2	NA	NA	NA
ENSDART00000092105	agpat5	194	57.6	40.4	15.1	25.6	82.3	120.9	NA	NA	NA
ENSDART00000141828	ano5b	6	28.5	24.1	NA	NA	NA	NA	NA	NA	NA
ENSDART00000132696	nckap1	160	53.9	47.6	12.5	27.9	72.8	97.5	12.33	77.32	2.64866883781
ENSDART00000065918	si:rp71-1h20.5	2	67.7	67.7	NA	NA	NA	NA	NA	NA	NA
ENSDART00000087964	CACHD1	25	58.8	43.3	6.9	15.5	90.8	123.9	5.31	8.41	0.663393939451
ENSDART00000055379	dvr1	528	28.8	24.7	10.7	17.5	36.2	51.5	123.7	108.79	-0.185299550467
ENSDART00000101266	zgc:165409	12	56.7	39.0	8.5	18.5	84.0	127.6	NA	NA	NA
ENSDART00000101265	pik3c3	4	101.2	113.8	NA	NA	NA	NA	NA	NA	NA
ENSDART00000101263	ube2g1b	259	59.8	51.6	14.6	30.4	80.5	111.6	NA	NA	NA
ENSDART00000101261	spp1	1	13.8	13.8	NA	NA	NA	NA	NA	NA	NA
ENSDART00000073399	C25H19orf40	1	22.5	22.5	NA	NA	NA	NA	NA	NA	NA
ENSDART00000122965	CABZ01069576.1	6	22.6	15.2	NA	NA	NA	NA	NA	NA	NA
ENSDART00000039832	tgfbr2	4	9.1	6.7	NA	NA	NA	NA	NA	NA	NA
ENSDART00000125241	dbnlb	193	52.9	43.7	18.2	28.9	64.7	91.0	11.92	42.2	1.82385876313
ENSDART00000099463	lysmd4	1	92.5	92.5	NA	NA	NA	NA	NA	NA	NA
ENSDART00000099462	gpr85	3	65.7	41.0	NA	NA	NA	NA	NA	NA	NA
ENSDART00000109247	anapc1	11	29.4	24.9	16.0	16.5	30.8	36.9	6.0	3.62	-0.728972803413
ENSDART00000099467	ifrd1	25	79.6	88.5	13.6	17.4	115.2	165.0	NA	NA	NA
ENSDART00000065256	ppig	412	72.6	59.6	19.5	32.8	102.0	144.4	144.0	133.03	-0.114317182703
ENSDART00000109243	SEMA4B	481	63.1	48.1	12.6	24.1	92.3	138.0	15.41	57.07	1.88886570116
ENSDART00000021159	lhx1b	10	43.9	35.7	5.8	14.1	43.2	100.4	NA	NA	NA
ENSDART00000088963	golgb1	98	80.0	55.8	12.5	23.5	119.8	170.2	28.15	11.42	-1.3015722716
ENSDART00000109249	cenpo	1	7.9	7.9	NA	NA	NA	NA	NA	NA	NA
ENSDART00000109248	spen	4	63.6	66.0	NA	NA	NA	NA	1.37	1.47	0.101640261876
ENSDART00000091652	hyal2	70	78.7	78.4	13.9	41.5	108.0	132.9	NA	NA	NA
ENSDART00000078610	zgc:73228	1	6.9	6.9	NA	NA	NA	NA	NA	NA	NA
ENSDART00000113697	eif4ea	173	96.4	88.1	31.9	59.5	131.6	167.7	NA	NA	NA
ENSDART00000008842	dlgap1a	1	135.0	135.0	NA	NA	NA	NA	NA	NA	NA
ENSDART00000079631	rad21l1	9	37.9	30.6	NA	NA	NA	NA	NA	NA	NA
ENSDART00000051546	rps6ka3a	84	29.4	19.2	6.6	10.9	32.6	79.0	8.64	98.46	3.51043452207
ENSDART00000092048	GPR139	1	98.7	98.7	NA	NA	NA	NA	NA	NA	NA
ENSDART00000065255	BX890577.2	1	258.7	258.7	NA	NA	NA	NA	NA	NA	NA
ENSDART00000097486	tmem141	5	41.6	36.9	NA	NA	NA	NA	NA	NA	NA
ENSDART00000142223	hivep3b	4	16.6	17.1	NA	NA	NA	NA	NA	NA	NA
ENSDART00000142226	pmp22a	6	141.8	141.5	NA	NA	NA	NA	NA	NA	NA
ENSDART00000142227	mxe	2	62.0	62.0	NA	NA	NA	NA	NA	NA	NA
ENSDART00000041304	apg3l	37	72.3	57.3	16.6	26.9	105.9	146.7	NA	NA	NA
ENSDART00000037846	FOCAD	43	32.9	32.0	9.9	21.6	42.5	58.0	4.13	5.29	0.357125940695
ENSDART00000056882	cul3a	215	58.0	46.3	18.8	28.1	73.7	120.3	47.23	54.89	0.216839803824
ENSDART00000053617	TATDN1	3	20.2	19.0	NA	NA	NA	NA	NA	NA	NA
ENSDART00000077670	acss3	8	64.8	67.5	NA	NA	NA	NA	NA	NA	NA
ENSDART00000131582	cbx3b	13	38.4	22.6	6.3	9.3	43.1	91.2	NA	NA	NA
ENSDART00000131053	BFAR	1	38.4	38.4	NA	NA	NA	NA	NA	NA	NA
ENSDART00000099794	mettl5	132	45.0	30.6	11.5	18.4	58.7	102.2	60.41	31.6	-0.934862828172
ENSDART00000026106	txlnbb	5	25.3	14.0	NA	NA	NA	NA	NA	NA	NA
ENSDART00000099790	adcy1a	1	70.2	70.2	NA	NA	NA	NA	NA	NA	NA
ENSDART00000099792	sostdc1a	146	28.0	18.6	8.6	12.9	33.0	58.2	NA	NA	NA
ENSDART00000006990	elovl5	1	188.8	188.8	NA	NA	NA	NA	NA	NA	NA
ENSDART00000003210	mc1r	1	18.1	18.1	NA	NA	NA	NA	NA	NA	NA
ENSDART00000054026	rcc1	1184	51.1	44.2	14.5	24.5	69.8	96.3	141.18	671.35	2.24952936733
ENSDART00000048050	ITGB1BP2	3	15.6	10.2	NA	NA	NA	NA	NA	NA	NA
ENSDART00000130083	lsm8	185	65.7	53.4	23.7	33.9	85.6	130.6	113.37	167.56	0.563638864885
ENSDART00000006648	mnat1	3	7.5	8.2	NA	NA	NA	NA	NA	NA	NA
ENSDART00000129189	slc25a38b	42	56.5	41.9	6.8	14.2	89.3	114.8	NA	NA	NA
ENSDART00000129634	npm1a	3566	79.0	72.7	23.5	43.1	107.7	144.4	377.35	1406.85	1.89849333561
ENSDART00000084861	cish	12	14.0	9.5	6.2	7.2	17.8	33.2	NA	NA	NA
ENSDART00000062338	si:dkey-11e23.4	6	86.0	86.0	NA	NA	NA	NA	NA	NA	NA
ENSDART00000073947	pbx1a	1	39.9	39.9	NA	NA	NA	NA	NA	NA	NA
ENSDART00000126186	psmd12	234	61.8	53.6	12.1	26.5	88.0	129.7	25.19	110.01	2.1267116447
ENSDART00000011906	SLC35A3	7	19.2	20.5	NA	NA	NA	NA	NA	NA	NA
ENSDART00000084868	scn4bb	13	61.6	39.2	22.3	27.2	94.6	140.3	NA	NA	NA
ENSDART00000062335	glod4	7	43.1	47.2	NA	NA	NA	NA	NA	NA	NA
ENSDART00000150490	FAR2	61	84.5	71.9	38.1	46.7	112.4	157.8	NA	NA	NA
ENSDART00000050871	rgs3b	50	80.7	77.7	10.3	31.2	123.6	153.2	NA	NA	NA
ENSDART00000110213	trappc9	7	15.8	17.8	NA	NA	NA	NA	NA	NA	NA
ENSDART00000058290	dhdds	65	45.6	34.4	14.7	20.5	61.5	98.7	26.33	12.62	-1.06099561106
ENSDART00000056089	si:zfos-1505d6.3	97	56.8	56.3	29.1	44.1	71.2	81.5	14.58	0.19	-6.26184749088
ENSDART00000037824	lsm4	126	48.5	24.5	6.2	12.7	75.3	112.0	31.18	27.85	-0.16294360047
ENSDART00000110219	NUFIP1	104	43.0	28.9	9.3	16.8	56.2	100.1	48.29	43.5	-0.150709062549
ENSDART00000033362	GATAD2B	33	65.1	66.2	9.8	25.0	106.6	130.2	NA	NA	NA
ENSDART00000087632	CR853282.3	37	109.8	95.0	63.0	77.8	144.5	152.5	NA	NA	NA
ENSDART00000028806	lonp2	13	54.4	29.8	10.4	15.4	73.0	137.7	NA	NA	NA
ENSDART00000056081	sulf1	85	58.8	36.2	10.4	19.5	94.1	132.6	12.93	39.73	1.61950651828
ENSDART00000046076	CU929230.1	0	NA	NA	NA	NA	NA	NA	12.24	81.64	2.73767262434
ENSDART00000063849	cltca	159	46.2	36.8	11.5	19.7	63.2	88.0	12.59	80.83	2.6826125646
ENSDART00000128859	prlra	13	35.1	26.5	3.7	11.7	40.0	88.7	NA	NA	NA
ENSDART00000128588	taf7	30	64.9	56.6	18.0	35.0	95.3	108.6	68.1	91.93	0.432880942368
ENSDART00000131630	znf644a	66	79.7	68.9	10.1	38.2	120.0	151.8	3.59	12.79	1.83296051506
ENSDART00000010632	ednraa	21	94.1	84.7	20.2	45.0	141.6	167.0	NA	NA	NA
ENSDART00000128582	baz1b	1	-5.5	-5.5	NA	NA	NA	NA	28.92	36.19	0.323523555421
ENSDART00000128852	celsr1b	2	38.6	38.6	NA	NA	NA	NA	NA	NA	NA
ENSDART00000128854	CU693480.1	3	72.6	76.7	NA	NA	NA	NA	NA	NA	NA
ENSDART00000025198	mettl21a	45	57.8	48.2	17.3	29.2	72.8	105.7	NA	NA	NA
ENSDART00000039206	rps23	973	73.3	67.8	22.9	34.6	103.3	134.0	1468.48	719.11	-1.03003923978
ENSDART00000129459	spata5l1	15	57.7	37.6	14.4	18.1	68.8	118.3	12.12	3.96	-1.61381736339
ENSDART00000129889	ift140	10	59.3	22.6	14.0	16.6	99.6	134.6	NA	NA	NA
ENSDART00000129455	CU633849.1	41	43.9	36.6	16.7	20.3	44.2	65.5	NA	NA	NA
ENSDART00000145025	zgc:113314	15	86.8	76.3	14.4	27.1	135.5	166.2	NA	NA	NA
ENSDART00000129453	nrg1	29	69.5	57.5	13.7	24.6	102.6	149.8	NA	NA	NA
ENSDART00000129982	mpi	15	45.2	38.6	15.4	21.7	51.8	80.5	NA	NA	NA
ENSDART00000129888	azi1	3	21.6	17.6	NA	NA	NA	NA	NA	NA	NA
ENSDART00000020116	trim33	209	82.0	66.7	13.0	26.6	119.9	177.1	23.6	45.15	0.935939128119
ENSDART00000114501	polr1a	74	67.8	37.7	15.0	21.1	105.0	159.8	14.2	9.61	-0.563282593618
ENSDART00000114050	stk10	41	63.9	40.0	8.8	24.0	114.8	135.8	8.02	11.08	0.466283739594
ENSDART00000147430	tarsl2	15	70.8	52.1	22.5	31.7	96.6	123.2	NA	NA	NA
ENSDART00000059135	bcl7bb	92	47.2	38.3	15.1	25.5	58.0	95.9	NA	NA	NA
ENSDART00000112933	ptx3b	11	51.7	49.9	2.5	19.3	75.9	95.4	NA	NA	NA
ENSDART00000140942	comta	1	7.3	7.3	NA	NA	NA	NA	NA	NA	NA
ENSDART00000124112	pou4f2	12	68.7	49.3	8.6	16.9	128.0	149.3	NA	NA	NA
ENSDART00000121433	ypel5	35	49.6	40.2	10.5	25.6	67.9	93.8	NA	NA	NA
ENSDART00000038230	snrnp40	722	59.4	51.5	22.6	33.8	76.2	108.6	72.59	210.19	1.53385131195
ENSDART00000105176	ndufb8	163	85.7	79.9	23.6	48.3	105.9	152.6	46.41	70.63	0.605845398994
ENSDART00000105175	LRFN5	2	13.0	13.0	NA	NA	NA	NA	NA	NA	NA
ENSDART00000105174	stm	3217	95.9	92.7	50.5	70.3	116.4	144.7	NA	NA	NA
ENSDART00000059255	zgc:113176	22	86.3	58.4	21.9	28.5	139.7	167.6	NA	NA	NA
ENSDART00000149024	btbd7	32	44.0	21.5	3.9	10.8	64.4	113.1	NA	NA	NA
ENSDART00000081919	CSPP1	2	76.6	76.6	NA	NA	NA	NA	NA	NA	NA
ENSDART00000090217	frem1b	1	50.6	50.6	NA	NA	NA	NA	NA	NA	NA
ENSDART00000090743	abca2	10	49.7	27.1	11.6	13.8	78.0	119.9	NA	NA	NA
ENSDART00000042594	hn1b	187	36.0	27.8	13.6	19.0	41.8	59.8	139.5	74.4	-0.906890595609
ENSDART00000022179	prkag1	26	58.9	34.9	11.4	22.6	98.2	121.7	NA	NA	NA
ENSDART00000149534	PPM1K	3	98.3	58.5	NA	NA	NA	NA	NA	NA	NA
ENSDART00000144265	ppp1r10	175	58.4	40.1	7.1	15.0	90.7	136.4	19.58	72.39	1.88640965133
ENSDART00000084724	FDFT1	98	22.7	16.2	5.6	10.3	24.2	32.8	NA	NA	NA
ENSDART00000065470	CABZ01070045.1	4	36.1	33.1	NA	NA	NA	NA	NA	NA	NA
ENSDART00000022170	LTN1	107	40.0	29.4	12.0	18.3	47.2	86.3	6.73	30.38	2.17444345989
ENSDART00000100791	si:dkey-12e7.1	16	24.6	17.2	7.8	10.1	20.9	65.2	NA	NA	NA
ENSDART00000139002	dus2l	99	52.9	32.9	13.1	22.2	63.3	134.9	38.97	23.93	-0.703543534631
ENSDART00000115030	dip2a	7	76.6	49.7	NA	NA	NA	NA	NA	NA	NA
ENSDART00000063318	blf	278	30.5	18.9	5.2	10.1	44.8	69.6	NA	NA	NA
ENSDART00000067678	zgc:110339	256	81.5	77.9	26.8	43.4	110.4	139.6	53.17	111.48	1.06810053602
ENSDART00000045479	syt4	1	77.3	77.3	NA	NA	NA	NA	NA	NA	NA
ENSDART00000139009	TRIM62	3	15.2	12.2	NA	NA	NA	NA	NA	NA	NA
ENSDART00000145247	fam222ba	16	31.4	20.5	7.6	11.7	38.5	57.8	NA	NA	NA
ENSDART00000145241	slu7	428	48.8	36.3	8.1	14.0	73.5	111.0	52.06	130.12	1.32159551064
ENSDART00000079558	letm1	81	78.7	71.2	23.7	37.6	115.8	158.1	14.25	17.29	0.278975949703
ENSDART00000052082	rpl30	1131	88.8	88.1	33.5	50.5	116.5	145.3	1773.83	591.8	-1.58368614987
ENSDART00000114598	zgc:112234	60	53.6	63.0	-5.6	24.6	81.9	98.6	NA	NA	NA
ENSDART00000075495	rpl23	1160	72.6	57.4	30.8	39.9	99.7	135.5	2214.79	703.4	-1.65475267301
ENSDART00000043144	ccnf	190	61.6	45.3	4.1	13.5	105.3	139.8	NA	NA	NA
ENSDART00000031524	utp23	69	47.0	38.8	12.6	22.4	71.5	90.7	40.64	42.42	0.0618442187584
ENSDART00000064326	zgc:113209	41	46.5	29.4	4.3	15.7	46.7	128.2	NA	NA	NA
ENSDART00000123366	dtnba	79	29.5	22.0	9.1	14.8	34.3	51.8	NA	NA	NA
ENSDART00000123364	BX511266.1	1	-4.3	-4.3	NA	NA	NA	NA	NA	NA	NA
ENSDART00000123365	FGL1	2	155.2	155.2	NA	NA	NA	NA	NA	NA	NA
ENSDART00000133984	P2RY2	30	8.2	6.8	-0.4	4.2	11.7	17.6	NA	NA	NA
ENSDART00000133982	ssbp4	73	61.9	45.7	15.1	27.3	73.2	135.2	27.03	29.9	0.145583972551
ENSDART00000111161	ddb1	88	53.4	31.4	7.3	16.5	72.5	132.9	108.41	37.63	-1.52654264598
ENSDART00000047308	l3mbtl3	3	50.5	54.8	NA	NA	NA	NA	NA	NA	NA
ENSDART00000063175	MCOLN3	0	NA	NA	NA	NA	NA	NA	10.8	16.56	0.616671360448
ENSDART00000052256	sumo3b	1436	97.0	98.7	39.5	68.2	123.3	148.4	551.49	2838.98	2.36396605441
ENSDART00000019733	irf4a	1	20.0	20.0	NA	NA	NA	NA	NA	NA	NA
ENSDART00000055618	iba57	23	28.0	21.1	4.6	12.0	33.9	39.8	NA	NA	NA
ENSDART00000135632	mrps23	44	54.7	34.8	13.1	18.8	74.4	122.4	29.81	27.6	-0.111128108326
ENSDART00000135631	myl6	117	109.4	107.2	27.0	48.2	166.0	200.6	28.04	129.24	2.20449440125
ENSDART00000148777	rab11fip4b	2	86.7	86.7	NA	NA	NA	NA	NA	NA	NA
ENSDART00000128937	ipo8	4	132.2	115.9	NA	NA	NA	NA	NA	NA	NA
ENSDART00000089654	pcm1	38	34.7	17.9	4.1	9.2	31.6	70.2	7.3	7.69	0.0750871341944
ENSDART00000055611	ISCA2	13	44.2	45.3	21.7	37.4	49.4	62.5	NA	NA	NA
ENSDART00000002992	dcaf11	24	29.4	23.9	8.6	11.3	30.0	49.1	NA	NA	NA
ENSDART00000122366	CU928220.2	10	28.9	19.0	4.1	12.9	37.1	71.8	NA	NA	NA
ENSDART00000124807	fam169ab	112	46.5	43.8	11.9	24.1	68.1	88.0	12.1	69.63	2.5247019759
ENSDART00000092104	pxk	136	58.3	39.4	10.5	14.9	87.9	135.9	NA	NA	NA
ENSDART00000124809	acsbg2	169	65.9	56.6	11.8	23.4	97.2	135.4	7.73	139.5	4.17365289768
ENSDART00000122369	ef1	130	61.1	49.0	11.9	21.8	88.1	132.6	NA	NA	NA
ENSDART00000051505	BX323557.1	1	93.2	93.2	NA	NA	NA	NA	NA	NA	NA
ENSDART00000051055	ndufs4	16	65.8	76.7	14.9	21.8	87.7	124.8	NA	NA	NA
ENSDART00000080201	mdm4	22	46.3	28.8	6.6	13.2	54.2	128.2	NA	NA	NA
ENSDART00000078525	uxs1	12	90.9	93.0	23.2	71.1	117.9	150.2	NA	NA	NA
ENSDART00000067461	si:ch211-152c2.3	1	-3.6	-3.6	NA	NA	NA	NA	NA	NA	NA
ENSDART00000101859	zgc:154058	1	18.8	18.8	NA	NA	NA	NA	NA	NA	NA
ENSDART00000103636	si:dkeyp-120h9.1	97	71.3	65.1	23.7	37.0	97.7	129.0	7.68	23.6	1.61960864353
ENSDART00000082937	fscn2a	2	43.7	43.7	NA	NA	NA	NA	NA	NA	NA
ENSDART00000103985	PTGR2	6	26.3	28.5	NA	NA	NA	NA	NA	NA	NA
ENSDART00000103631	ripply2	15	77.8	78.6	22.5	59.1	97.1	117.5	NA	NA	NA
ENSDART00000097973	zgc:162592	17	13.8	15.3	4.5	8.8	17.3	20.1	NA	NA	NA
ENSDART00000103989	idh3g	266	46.1	25.7	8.3	13.8	57.8	125.3	24.73	73.45	1.57050025105
ENSDART00000085619	smarcc1b	45	49.3	34.2	8.8	15.0	81.9	111.7	5.31	7.93	0.5786090049
ENSDART00000103638	idh3a	63	53.9	35.0	13.4	21.1	50.6	147.1	28.41	29.53	0.0557825249444
ENSDART00000000042	mcm6l	138	33.4	30.8	14.1	21.3	41.7	57.2	76.41	65.61	-0.219845739226
ENSDART00000111570	slc26a10	2	30.8	30.8	NA	NA	NA	NA	NA	NA	NA
ENSDART00000128681	DYRK3	30	51.1	41.7	10.6	22.0	61.8	103.5	10.62	46.4	2.12734103921
ENSDART00000030921	mapk14b	153	46.9	34.0	13.2	19.9	61.7	82.0	NA	NA	NA
ENSDART00000140217	prpf4bb	368	54.0	43.4	10.7	22.3	71.8	116.2	40.22	147.54	1.87512115401
ENSDART00000021950	mthfd1b	92	55.4	51.0	20.7	34.0	67.8	97.5	45.01	117.79	1.38789959427
ENSDART00000110998	PKP4	68	68.6	43.8	8.1	20.7	112.7	161.1	10.65	14.2	0.415037499279
ENSDART00000122184	vps53	83	44.9	36.2	12.6	21.8	54.9	90.1	NA	NA	NA
ENSDART00000060157	zgc:92326	7	111.9	95.8	NA	NA	NA	NA	NA	NA	NA
ENSDART00000066722	pabpn1	222	75.1	68.5	22.8	44.8	99.4	130.3	278.04	209.37	-0.409237712409
ENSDART00000018469	npnt	2	34.4	34.4	NA	NA	NA	NA	NA	NA	NA
ENSDART00000045815	evlb	7	42.9	45.1	NA	NA	NA	NA	NA	NA	NA
ENSDART00000060150	mid1ip1a	1386	66.9	60.4	19.7	34.7	89.7	123.4	NA	NA	NA
ENSDART00000039554	gpc3	3	42.9	38.7	NA	NA	NA	NA	NA	NA	NA
ENSDART00000127299	ptprb	9	53.2	59.4	NA	NA	NA	NA	NA	NA	NA
ENSDART00000018461	vmp1	198	50.4	42.9	16.8	27.9	63.6	95.2	13.46	75.79	2.49332909673
ENSDART00000086943	dhx34	26	74.3	61.8	11.3	17.9	106.8	164.7	4.99	2.56	-0.962896005337
ENSDART00000088199	C9H3orf70	3	7.5	7.7	NA	NA	NA	NA	NA	NA	NA
ENSDART00000054620	kctd12b	4	16.8	10.1	NA	NA	NA	NA	NA	NA	NA
ENSDART00000066721	ngdn	21	70.8	71.5	29.2	37.5	102.3	125.5	81.13	75.67	-0.100514043272
ENSDART00000054626	hdac3	72	73.3	70.9	11.5	21.4	112.5	144.3	10.76	62.16	2.53030842585
ENSDART00000078373	rfc3	69	34.3	28.7	7.9	15.1	43.6	65.7	29.5	27.0	-0.127755547198
ENSDART00000138840	fam86a	21	66.1	40.3	9.9	18.4	83.2	140.8	NA	NA	NA
ENSDART00000121984	ssbp3b	278	75.1	70.8	19.7	40.3	101.3	135.5	64.53	288.73	2.16167908554
ENSDART00000008326	pon2	5	62.0	26.9	NA	NA	NA	NA	NA	NA	NA
ENSDART00000121983	hsd3b7	1	26.9	26.9	NA	NA	NA	NA	NA	NA	NA
ENSDART00000124752	CR352328.2	1	29.9	29.9	NA	NA	NA	NA	NA	NA	NA
ENSDART00000124753	CU633764.1	57	51.2	41.9	6.8	16.1	76.3	114.2	NA	NA	NA
ENSDART00000124751	kcnip3b	5	76.8	53.1	NA	NA	NA	NA	NA	NA	NA
ENSDART00000041157	BX530409.1	6	22.0	21.5	NA	NA	NA	NA	NA	NA	NA
ENSDART00000037065	sccpdhb	15	49.8	36.2	14.1	21.6	64.7	117.7	NA	NA	NA
ENSDART00000061203	rhot2	29	41.0	26.6	8.7	17.3	47.7	68.4	NA	NA	NA
ENSDART00000086867	tapt1b	9	48.9	28.1	NA	NA	NA	NA	NA	NA	NA
ENSDART00000004295	C6H1orf74	1	9.0	9.0	NA	NA	NA	NA	NA	NA	NA
ENSDART00000037069	usp49	44	57.0	49.1	11.6	27.8	86.1	119.4	NA	NA	NA
ENSDART00000127124	rab12	25	57.2	36.9	12.7	21.7	71.9	130.1	NA	NA	NA
ENSDART00000127126	rab6ba	24	39.5	39.7	15.0	20.9	58.4	63.5	NA	NA	NA
ENSDART00000083513	zgc:158642	1	174.2	174.2	NA	NA	NA	NA	7.78	15.69	1.01200329198
ENSDART00000083514	kcnq1	1	50.1	50.1	NA	NA	NA	NA	NA	NA	NA
ENSDART00000083515	pdzd2	11	92.8	52.0	25.6	30.8	151.8	183.2	NA	NA	NA
ENSDART00000023123	nup88	127	59.6	33.9	10.3	20.0	86.0	147.7	20.64	38.45	0.897540627426
ENSDART00000126536	tmem167b	29	55.2	45.8	16.5	24.3	82.1	110.3	NA	NA	NA
ENSDART00000126533	clcn7	51	89.2	74.7	14.2	32.5	138.3	169.7	NA	NA	NA
ENSDART00000027034	qki2	9	104.1	78.2	NA	NA	NA	NA	NA	NA	NA
ENSDART00000124629	nkap	206	71.8	56.5	19.9	30.7	109.8	143.0	235.11	78.25	-1.58717324569
ENSDART00000066288	spata20	12	32.0	29.2	18.4	22.1	41.1	44.2	NA	NA	NA
ENSDART00000136859	ece1	41	42.7	21.3	8.2	12.9	47.4	117.7	NA	NA	NA
ENSDART00000123970	mntb	41	36.1	28.3	6.5	10.5	56.3	75.1	NA	NA	NA
ENSDART00000050018	cnksr1	7	78.5	28.0	NA	NA	NA	NA	NA	NA	NA
ENSDART00000133772	cnn1b	9	30.6	19.0	NA	NA	NA	NA	NA	NA	NA
ENSDART00000134855	efr3bb	43	35.3	23.3	10.5	13.8	44.0	73.8	5.91	15.31	1.37324424732
ENSDART00000059053	rpp38	90	46.6	32.9	12.9	21.2	63.2	97.3	21.77	43.0	0.981995252289
ENSDART00000059508	acpl2	15	40.1	26.6	10.8	15.4	61.0	80.5	NA	NA	NA
ENSDART00000086659	CYHR1	24	57.1	54.6	16.6	25.2	74.2	113.8	NA	NA	NA
ENSDART00000046891	cetp	1	15.8	15.8	NA	NA	NA	NA	NA	NA	NA
ENSDART00000038200	cyp1a	1	26.1	26.1	NA	NA	NA	NA	NA	NA	NA
ENSDART00000102763	fam98a	45	58.8	36.6	16.8	23.2	81.2	143.1	NA	NA	NA
ENSDART00000058001	dact1	47	58.8	40.3	5.9	17.9	87.4	134.7	NA	NA	NA
ENSDART00000102767	fbxo9	87	66.9	48.4	19.0	29.8	94.9	128.4	NA	NA	NA
ENSDART00000143090	lin52	13	49.2	42.1	8.7	18.3	83.9	94.6	NA	NA	NA
ENSDART00000058908	mpdu1b	23	42.1	36.7	14.2	23.1	59.3	73.2	NA	NA	NA
ENSDART00000013990	abcc9	2	109.4	109.4	NA	NA	NA	NA	NA	NA	NA
ENSDART00000019289	zgc:136439	3	116.4	124.1	NA	NA	NA	NA	NA	NA	NA
ENSDART00000105919	si:ch211-222k6.2	8	35.2	17.1	NA	NA	NA	NA	NA	NA	NA
ENSDART00000036331	atp6v1g1	113	48.4	27.9	10.0	17.1	66.9	119.4	NA	NA	NA
ENSDART00000114911	sdccag8	3	20.2	17.7	NA	NA	NA	NA	NA	NA	NA
ENSDART00000052434	eif3hb	7	38.6	31.2	NA	NA	NA	NA	NA	NA	NA
ENSDART00000022369	adrbk2	151	47.2	33.9	11.7	18.9	61.3	103.1	15.37	28.29	0.880175011705
ENSDART00000151136	brdt	24	32.4	21.1	8.1	12.7	45.4	55.5	14.52	5.84	-1.31400117912
ENSDART00000150552	si:ch211-223a21.1	27	34.3	16.2	4.0	8.1	46.1	95.8	NA	NA	NA
ENSDART00000132571	manea	2	39.1	39.1	NA	NA	NA	NA	NA	NA	NA
ENSDART00000137090	id2a	81	58.8	54.7	8.8	30.8	83.2	112.9	NA	NA	NA
ENSDART00000137092	si:dkey-96n2.1	16	55.5	39.5	9.4	11.0	71.9	111.0	NA	NA	NA
ENSDART00000073726	cav2	2	61.2	61.2	NA	NA	NA	NA	NA	NA	NA
ENSDART00000004129	C18H19orf47	145	77.2	80.3	11.7	26.9	113.4	136.9	12.6	72.46	2.52376107207
ENSDART00000021880	ssr3	7	31.1	24.1	NA	NA	NA	NA	NA	NA	NA
ENSDART00000143892	si:ch211-246e12.3	42	37.7	34.7	16.0	25.4	49.1	61.0	NA	NA	NA
ENSDART00000143325	nt5c1ba	3	123.1	152.8	NA	NA	NA	NA	NA	NA	NA
ENSDART00000143891	ogt.2	305	55.1	46.6	17.0	28.2	69.4	108.7	5.64	39.99	2.82587221341
ENSDART00000138021	rbp7a	100	106.2	110.9	40.9	70.2	139.0	162.6	NA	NA	NA
ENSDART00000009528	mocs3	5	32.8	17.1	NA	NA	NA	NA	NA	NA	NA
ENSDART00000130519	smpd4	88	49.5	29.0	7.6	14.6	69.5	126.8	14.23	47.2	1.72985119772
ENSDART00000145499	C13H10orf11	2	29.5	29.5	NA	NA	NA	NA	NA	NA	NA
ENSDART00000058672	vgll4b	69	67.1	47.9	13.6	21.9	102.9	149.6	NA	NA	NA
ENSDART00000057469	vstm4a	2	15.7	15.7	NA	NA	NA	NA	NA	NA	NA
ENSDART00000087187	CU929240.1	160	75.6	63.6	11.3	32.1	115.0	160.9	8.58	71.64	3.06171578449
ENSDART00000135032	si:dkey-57a22.11	45	72.6	68.7	10.5	31.4	109.1	124.3	4.07	7.27	0.836926569653
ENSDART00000145496	icn2	5	126.1	122.0	NA	NA	NA	NA	NA	NA	NA
ENSDART00000079155	hdac9b	1	36.5	36.5	NA	NA	NA	NA	NA	NA	NA
ENSDART00000079154	rpia	45	60.5	27.3	4.8	14.0	100.7	157.3	19.36	48.49	1.32460830112
ENSDART00000005653	strumpellin	14	36.6	24.9	11.4	15.6	34.1	78.2	4.01	2.97	-0.433139305654
ENSDART00000079402	usp30	6	49.5	44.0	NA	NA	NA	NA	NA	NA	NA
ENSDART00000052730	rps13	805	76.7	72.7	31.9	47.6	98.1	131.3	1733.24	814.18	-1.09005174905
ENSDART00000052731	nucb2a	20	81.9	92.9	26.2	42.3	111.4	125.2	NA	NA	NA
ENSDART00000079158	tmem170a	32	62.4	56.2	15.8	26.9	77.5	128.5	NA	NA	NA
ENSDART00000079409	nudt22	20	19.3	10.4	1.0	4.5	22.7	63.5	NA	NA	NA
ENSDART00000076715	ublcp1	70	32.5	27.9	15.4	20.4	36.1	51.7	12.55	54.92	2.12964426131
ENSDART00000053285	ndufa7	22	51.6	40.2	20.2	25.0	66.9	103.1	NA	NA	NA
ENSDART00000053284	bcl9	270	59.1	44.7	11.0	19.6	87.0	123.2	19.49	35.35	0.858976124439
ENSDART00000152346	polr3e	109	45.8	30.9	11.4	19.6	56.7	105.2	15.53	19.07	0.296247013925
ENSDART00000053933	gemin8	44	37.2	26.8	9.8	13.9	42.7	80.5	NA	NA	NA
ENSDART00000142945	bloc1s6	22	39.8	24.7	14.8	20.4	53.9	82.7	NA	NA	NA
ENSDART00000053282	ccnt2a	33	97.3	104.2	13.2	21.9	174.4	188.4	14.16	3.28	-2.11005354546
ENSDART00000008584	gdi2	238	63.8	54.6	20.5	33.2	83.4	127.9	32.68	141.88	2.11819134679
ENSDART00000125182	CABZ01038313.1	31	43.1	35.7	16.5	20.3	56.5	73.4	NA	NA	NA
ENSDART00000124545	sart3	296	59.0	44.3	12.8	22.0	83.8	132.6	72.09	65.75	-0.132808254784
ENSDART00000104072	kbtbd8	382	71.8	67.4	12.1	36.6	105.6	131.7	16.36	116.36	2.83035054816
ENSDART00000125188	srsf9	915	83.3	73.8	32.7	48.7	109.1	145.6	65.68	270.98	2.04466034346
ENSDART00000109587	rnf6	9	47.0	36.1	NA	NA	NA	NA	NA	NA	NA
ENSDART00000134203	vcpip1	15	44.2	20.9	4.2	12.4	75.4	102.9	NA	NA	NA
ENSDART00000109585	C11H3orf37	4	17.5	15.1	NA	NA	NA	NA	NA	NA	NA
ENSDART00000109582	spata7	11	60.3	43.0	19.4	30.1	85.6	127.8	NA	NA	NA
ENSDART00000139632	gal3st1	5	47.0	28.3	NA	NA	NA	NA	NA	NA	NA
ENSDART00000109580	xpo6	83	26.7	19.8	7.4	14.0	31.3	56.5	16.16	16.81	0.0568925264844
ENSDART00000109581	ABTB1	15	57.1	51.1	11.7	16.5	92.4	113.4	NA	NA	NA
ENSDART00000006290	plekhb2	41	36.3	29.8	5.4	12.5	57.5	83.9	NA	NA	NA
ENSDART00000109721	SNCAIP	10	59.4	58.6	6.1	25.9	89.4	122.7	NA	NA	NA
ENSDART00000104534	usf2	156	52.6	35.2	10.9	18.5	74.2	115.9	20.49	67.14	1.71225255269
ENSDART00000109055	CITED1	10	45.1	31.0	10.1	21.6	61.5	75.5	NA	NA	NA
ENSDART00000104536	chsy1	13	24.7	14.1	6.1	8.7	27.1	65.8	NA	NA	NA
ENSDART00000111374	ndufs7	105	73.9	64.4	12.5	34.4	94.9	158.9	24.24	56.17	1.21241010411
ENSDART00000109059	ttc7a	8	14.1	12.0	NA	NA	NA	NA	NA	NA	NA
ENSDART00000111377	CU855815.2	22	32.5	28.4	10.4	23.8	39.5	52.2	NA	NA	NA
ENSDART00000129843	ptp4a1	490	90.2	81.4	31.4	53.9	119.0	156.8	261.55	41.68	-2.64965958729
ENSDART00000010580	si:ch211-195b13.1	81	60.8	56.9	8.9	21.4	91.3	124.1	NA	NA	NA
ENSDART00000138542	b3galtlb	20	23.2	20.2	9.4	10.8	31.3	43.9	NA	NA	NA
ENSDART00000138541	RPGRIP1	2	37.5	37.5	NA	NA	NA	NA	NA	NA	NA
ENSDART00000142052	si:dkey-258f14.2	21	79.2	63.4	13.0	23.7	134.3	143.2	NA	NA	NA
ENSDART00000066783	mppe1	10	49.4	49.0	8.0	19.0	68.5	84.2	NA	NA	NA
ENSDART00000062787	ndufa11	114	65.8	54.3	16.8	31.8	92.0	131.7	47.94	56.74	0.243136241625
ENSDART00000112546	pkn3	40	50.5	29.0	10.5	18.9	53.6	132.3	NA	NA	NA
ENSDART00000058629	acta1b	2	28.2	28.2	NA	NA	NA	NA	NA	NA	NA
ENSDART00000090910	CABZ01061873.1	1	13.4	13.4	NA	NA	NA	NA	NA	NA	NA
ENSDART00000112543	phkb	2	22.9	22.9	NA	NA	NA	NA	NA	NA	NA
ENSDART00000149236	eps15l1a	39	74.7	45.7	12.1	20.1	104.2	187.2	NA	NA	NA
ENSDART00000112541	znf526	102	63.0	47.5	10.2	18.8	100.9	135.1	8.3	8.9	0.100693999619
ENSDART00000128468	nr0b1	1	19.4	19.4	NA	NA	NA	NA	NA	NA	NA
ENSDART00000039312	ipo4	48	29.0	24.7	7.2	17.3	39.9	57.2	5.95	18.32	1.6224579299
ENSDART00000141028	CCHCR1	14	59.6	50.8	9.5	20.9	101.4	111.3	NA	NA	NA
ENSDART00000128466	cdh7	3	14.1	16.8	NA	NA	NA	NA	NA	NA	NA
ENSDART00000024572	gtdc1	35	25.4	18.2	7.2	11.8	33.7	48.6	9.93	8.69	-0.192437540714
ENSDART00000003552	prss35	1	4.1	4.1	NA	NA	NA	NA	NA	NA	NA
ENSDART00000128065	ddx27	218	79.3	71.3	21.8	39.3	106.0	155.1	76.24	79.3	0.0567727466814
ENSDART00000057577	wu:fb63a08	4	30.3	22.5	NA	NA	NA	NA	NA	NA	NA
ENSDART00000148285	ppm1k	25	77.6	66.8	20.6	40.9	116.3	141.8	NA	NA	NA
ENSDART00000108935	sft2d1	11	16.5	15.1	4.8	8.2	20.4	25.5	NA	NA	NA
ENSDART00000006079	bmp2k	221	43.3	32.8	9.0	16.0	57.1	90.2	14.19	73.9	2.38069977497
ENSDART00000103889	CABZ01064972.1	3	63.8	63.9	NA	NA	NA	NA	NA	NA	NA
ENSDART00000148548	nhej1	66	69.9	49.1	10.4	19.5	120.9	149.0	14.93	15.94	0.0944374638559
ENSDART00000111084	rfxap	68	51.1	37.8	15.0	22.3	61.2	107.3	NA	NA	NA
ENSDART00000148019	myo7ab	2	84.4	84.4	NA	NA	NA	NA	NA	NA	NA
ENSDART00000111081	prune	37	53.7	40.9	14.4	19.4	80.2	112.3	NA	NA	NA
ENSDART00000114265	rrn3	54	68.6	56.6	17.4	21.1	103.1	154.7	10.87	19.46	0.840159769754
ENSDART00000148540	fech	14	49.2	24.2	11.8	14.8	76.0	119.6	NA	NA	NA
ENSDART00000114260	SENP2	81	68.4	59.9	12.4	24.3	95.7	139.6	10.13	23.67	1.22442553193
ENSDART00000111088	depdc5	15	74.3	51.5	17.0	24.1	95.1	159.5	2.39	1.17	-1.0305020884
ENSDART00000012116	tlx2	3	84.4	88.2	NA	NA	NA	NA	NA	NA	NA
ENSDART00000043317	timm8a	24	82.5	57.7	20.4	29.1	129.9	151.2	NA	NA	NA
ENSDART00000062166	trim35-30	2	81.5	81.5	NA	NA	NA	NA	NA	NA	NA
ENSDART00000126335	zgc:77151	223	68.5	52.6	13.8	27.3	103.9	133.4	14.8	61.0	2.04321206682
ENSDART00000043312	srsf5a	2686	61.0	42.6	14.6	22.5	87.0	137.8	464.95	1538.99	1.72683637291
ENSDART00000128062	arfrp1	133	48.9	38.1	20.4	26.1	59.8	94.9	22.68	48.71	1.1027973429
ENSDART00000125230	exoc6	6	61.7	24.0	NA	NA	NA	NA	NA	NA	NA
ENSDART00000074004	mgrn1a	2	36.1	36.1	NA	NA	NA	NA	NA	NA	NA
ENSDART00000146785	tmem163b	2	26.3	26.3	NA	NA	NA	NA	NA	NA	NA
ENSDART00000012119	zgc:110366	9	46.6	16.8	NA	NA	NA	NA	NA	NA	NA
ENSDART00000041417	BX571768.1	16	144.6	135.7	81.9	119.7	179.6	220.4	NA	NA	NA
ENSDART00000127930	fam160b1	91	74.7	62.1	17.3	28.5	109.9	152.5	7.74	24.03	1.63443117699
ENSDART00000153054	fbrs	73	55.9	33.2	8.0	14.8	99.5	134.5	7.73	18.02	1.22105869189
ENSDART00000127725	MRPL21	129	79.3	74.6	14.5	34.4	111.0	161.1	NA	NA	NA
ENSDART00000127729	stambpb	3	45.8	10.3	NA	NA	NA	NA	NA	NA	NA
ENSDART00000039788	uqcrq	175	74.9	65.3	23.8	43.0	103.5	139.9	NA	NA	NA
ENSDART00000136074	b3gnt5b	4	44.0	29.5	NA	NA	NA	NA	NA	NA	NA
ENSDART00000029084	dmtf1	34	67.9	39.8	13.7	22.1	81.4	170.2	NA	NA	NA
ENSDART00000099248	rabggtb	82	45.5	35.9	13.8	22.9	57.5	95.5	11.66	48.31	2.05075406423
ENSDART00000039780	slc1a5	1	13.8	13.8	NA	NA	NA	NA	NA	NA	NA
ENSDART00000127934	LRRC16B	3	159.8	160.2	NA	NA	NA	NA	NA	NA	NA
ENSDART00000054814	gne	69	70.3	52.6	12.8	21.1	108.2	159.4	4.86	12.61	1.37554005672
ENSDART00000054817	zgc:101549	1	99.7	99.7	NA	NA	NA	NA	NA	NA	NA
ENSDART00000067535	cap2	3	92.0	45.0	NA	NA	NA	NA	NA	NA	NA
ENSDART00000067537	elovl6l	307	50.6	36.0	8.1	15.2	77.8	116.9	NA	NA	NA
ENSDART00000044331	copb2	277	56.7	41.7	12.8	23.3	68.5	132.5	39.35	111.82	1.50674270923
ENSDART00000067531	syn2a	2	77.2	77.2	NA	NA	NA	NA	NA	NA	NA
ENSDART00000067533	BX897671.1	1	161.9	161.9	NA	NA	NA	NA	NA	NA	NA
ENSDART00000023904	ppa2	8	98.1	74.9	NA	NA	NA	NA	NA	NA	NA
ENSDART00000020301	fam92a1	28	72.4	59.3	10.6	27.1	115.1	144.9	NA	NA	NA
ENSDART00000105898	TSTD1	35	61.4	49.7	15.2	34.7	83.9	124.1	NA	NA	NA
ENSDART00000084061	nedd4l	79	33.4	27.6	12.2	18.7	44.0	59.0	6.22	20.89	1.74782600694
ENSDART00000048498	PPAP2A	67	60.0	44.8	14.0	23.8	82.9	121.5	NA	NA	NA
ENSDART00000084063	wdr46	0	NA	NA	NA	NA	NA	NA	143.37	33.74	-2.08721129468
ENSDART00000121600	POLDIP3	537	60.7	49.8	11.3	24.9	84.8	124.9	68.44	119.16	0.79998836376
ENSDART00000017696	fam151b	7	28.7	14.5	NA	NA	NA	NA	NA	NA	NA
ENSDART00000121606	ldhbb	1	83.2	83.2	NA	NA	NA	NA	NA	NA	NA
ENSDART00000017695	foxd3	145	52.9	37.4	6.1	13.0	88.5	125.6	NA	NA	NA
ENSDART00000127469	sema3d	2	129.9	129.9	NA	NA	NA	NA	NA	NA	NA
ENSDART00000127464	abca5	85	39.4	36.3	10.3	19.1	48.5	82.4	9.16	18.63	1.02420817084
ENSDART00000109107	csrnp1b	183	36.6	21.6	6.5	10.2	45.8	88.8	6.15	48.19	2.97007548551
ENSDART00000090003	bsx	4	60.6	62.7	NA	NA	NA	NA	NA	NA	NA
ENSDART00000029889	ctdnep1a	42	39.6	31.4	9.4	17.1	45.4	86.2	NA	NA	NA
ENSDART00000034492	PAQR8	3	61.6	62.0	NA	NA	NA	NA	NA	NA	NA
ENSDART00000136119	nphs2	2	66.8	66.8	NA	NA	NA	NA	NA	NA	NA
ENSDART00000086578	pum2	134	105.8	114.0	18.5	50.3	153.7	168.6	13.59	53.77	1.98425601551
ENSDART00000023549	zgc:86841	25	68.1	62.0	24.4	31.6	98.4	113.2	15.71	31.49	1.00321057684
ENSDART00000123114	dnajc27	18	65.2	33.2	9.9	15.6	126.6	140.5	NA	NA	NA
ENSDART00000123117	ggh	9	31.5	14.8	NA	NA	NA	NA	NA	NA	NA
ENSDART00000016472	bmp7a	150	49.9	32.6	5.4	11.4	78.6	109.9	NA	NA	NA
ENSDART00000123111	mrps16	120	58.0	49.6	13.5	26.3	80.9	108.3	46.36	54.76	0.240241880251
ENSDART00000061544	lztfl1	33	29.7	22.0	8.8	16.0	27.9	63.6	NA	NA	NA
ENSDART00000020908	zc4h2	270	69.9	62.7	13.9	29.4	101.2	139.2	29.98	138.9	2.21197431092
ENSDART00000113834	snrnp48	53	59.0	48.7	12.1	30.4	81.4	126.8	15.39	24.76	0.686018082886
ENSDART00000115130	apbb1	28	87.0	88.6	12.0	33.7	130.0	163.4	6.22	15.09	1.2786063204
ENSDART00000115136	dennd3a	5	47.8	46.7	NA	NA	NA	NA	NA	NA	NA
ENSDART00000110699	CCDC132	19	20.6	18.8	9.7	12.1	28.9	38.1	NA	NA	NA
ENSDART00000040788	ugp2b	59	23.7	23.5	8.5	13.2	32.0	36.7	NA	NA	NA
ENSDART00000115139	pot1	6	84.6	92.5	NA	NA	NA	NA	NA	NA	NA
ENSDART00000027624	obfc1	8	55.3	40.0	NA	NA	NA	NA	NA	NA	NA
ENSDART00000027625	psmd13	166	89.8	86.7	27.9	49.1	121.9	152.5	53.95	78.03	0.532405940289
ENSDART00000065208	nop16	210	54.1	46.1	15.7	26.9	75.7	103.0	169.5	191.48	0.175908437809
ENSDART00000036927	ndufs1	67	40.5	23.9	6.5	10.5	58.1	108.3	12.08	20.51	0.763707037155
ENSDART00000036926	vangl1	2	20.4	20.4	NA	NA	NA	NA	NA	NA	NA
ENSDART00000105726	slc25a5	7197	76.1	70.0	34.5	50.2	97.5	125.5	1101.68	1320.12	0.260963846054
ENSDART00000030553	top3b	116	54.0	39.0	16.4	24.7	65.5	126.1	NA	NA	NA
ENSDART00000140515	lmo7b	44	33.3	26.1	9.1	15.9	34.0	52.9	3.84	5.96	0.634206019741
ENSDART00000065206	wdr78	1	29.8	29.8	NA	NA	NA	NA	NA	NA	NA
ENSDART00000065755	gpn3	14	101.5	71.3	14.1	24.0	158.0	242.0	NA	NA	NA
ENSDART00000110568	ZDHHC21	48	30.9	23.5	12.1	15.6	32.0	64.7	NA	NA	NA
ENSDART00000012018	snrpa	544	78.1	77.1	27.8	50.8	104.7	130.3	174.92	759.77	2.11886749387
ENSDART00000009893	RNF167	10	16.9	16.4	4.9	11.2	24.5	30.1	NA	NA	NA
ENSDART00000009892	gabbr1a	1	5.1	5.1	NA	NA	NA	NA	NA	NA	NA
ENSDART00000110560	si:ch211-223a10.1	2	75.7	75.7	NA	NA	NA	NA	NA	NA	NA
ENSDART00000110566	CU639413.2	2	24.9	24.9	NA	NA	NA	NA	NA	NA	NA
ENSDART00000149825	ctage5	55	93.2	70.5	13.8	27.3	152.9	194.6	10.11	8.95	-0.175823409751
ENSDART00000102972	zgc:173652	11	53.4	46.9	-3.7	20.8	78.4	109.6	NA	NA	NA
ENSDART00000102973	eda	47	79.7	72.8	9.8	39.8	114.0	143.5	NA	NA	NA
ENSDART00000149823	myh9a	154	38.7	23.1	7.7	16.5	45.6	77.9	22.63	56.98	1.33221903706
ENSDART00000142666	nap1l4b	10	56.9	27.3	15.9	17.8	78.7	142.3	NA	NA	NA
ENSDART00000026244	skiv2l2	198	33.7	18.6	5.5	9.1	44.2	89.7	34.11	93.32	1.45199155237
ENSDART00000010261	pno1	256	79.9	76.1	24.5	43.5	103.2	140.1	122.03	105.73	-0.206851077838
ENSDART00000149828	ccnd1	1831	75.4	63.2	18.2	33.8	108.8	149.8	NA	NA	NA
ENSDART00000028471	zgc:63695	13	26.0	19.8	7.0	15.4	35.5	54.7	NA	NA	NA
ENSDART00000128788	mtg2	33	35.1	16.6	5.5	8.2	25.5	112.6	10.41	4.33	-1.26553113857
ENSDART00000027959	racgap1	401	70.8	57.1	12.8	26.8	107.5	150.8	20.76	101.78	2.29357574762
ENSDART00000142665	kctd15a	1	111.3	111.3	NA	NA	NA	NA	NA	NA	NA
ENSDART00000135794	sepn1	38	62.9	50.9	14.2	21.9	101.3	122.5	NA	NA	NA
ENSDART00000075438	cdkn2aipnl	292	75.0	63.7	21.6	39.4	95.2	141.3	94.21	173.72	0.882811748742
ENSDART00000075387	SNX2	44	29.6	26.6	13.9	19.0	38.4	49.7	9.98	3.77	-1.40447529207
ENSDART00000047110	gsnb	56	45.2	44.5	17.9	29.1	58.9	72.1	6.72	35.19	2.38863237597
ENSDART00000061926	stx11b.2	25	56.4	50.8	6.9	16.4	85.5	109.1	NA	NA	NA
ENSDART00000075926	scel	2	126.3	126.3	NA	NA	NA	NA	NA	NA	NA
ENSDART00000059347	bckdha	199	54.6	50.4	17.3	31.6	68.5	92.9	12.62	101.71	3.01067771471
ENSDART00000152981	tdrd1	14	27.5	28.6	13.2	17.6	37.2	39.8	NA	NA	NA
ENSDART00000102567	CR457462.1	9	39.4	21.8	NA	NA	NA	NA	NA	NA	NA
ENSDART00000098119	ddrgk1	22	43.5	22.8	8.4	10.5	56.2	108.9	NA	NA	NA
ENSDART00000137309	gemin5	0	NA	NA	NA	NA	NA	NA	7.09	4.58	-0.630438029143
ENSDART00000137308	plxnb1a	2	9.2	9.2	NA	NA	NA	NA	NA	NA	NA
ENSDART00000059345	eed	181	70.5	55.1	18.1	29.6	97.5	154.5	62.84	35.27	-0.833241604868
ENSDART00000125611	fam134c	111	65.1	62.0	13.4	28.6	87.2	120.0	NA	NA	NA
ENSDART00000051263	nr2f1a	1	151.2	151.2	NA	NA	NA	NA	NA	NA	NA
ENSDART00000067689	fgfr1b	168	59.0	38.1	7.2	12.6	95.8	144.6	10.96	28.6	1.38376734871
ENSDART00000104315	zgc:136858	28	20.6	17.2	5.6	10.1	28.3	38.6	NA	NA	NA
ENSDART00000015694	rab5ab	114	59.4	43.7	12.9	24.9	93.8	119.9	NA	NA	NA
ENSDART00000125619	THOP1	173	31.2	21.5	8.4	12.4	36.1	69.9	33.36	94.21	1.49776091527
ENSDART00000100194	msi2b	52	31.6	30.4	12.0	18.7	43.6	52.2	10.27	18.49	0.848309043086
ENSDART00000040362	mapk14a	247	61.6	40.7	14.2	21.6	88.7	148.9	30.77	116.47	1.9203620488
ENSDART00000100152	sid4	6	74.1	63.0	NA	NA	NA	NA	NA	NA	NA
ENSDART00000113773	CDC42BPA	9	21.2	20.8	NA	NA	NA	NA	NA	NA	NA
ENSDART00000018253	rbm8a	2000	81.1	78.3	33.9	54.8	105.1	128.8	550.48	833.87	0.599132336771
ENSDART00000133330	fam214b	23	56.8	41.8	14.0	17.6	69.7	149.0	7.51	3.04	-1.30474158407
ENSDART00000018255	ilf2	1573	81.6	79.7	32.1	55.0	104.7	129.5	279.68	1230.12	2.13695006437
ENSDART00000074384	stx4	31	43.3	29.5	12.0	16.6	49.8	90.8	22.83	74.49	1.70611590267
ENSDART00000050249	mboat1	110	83.5	84.3	16.6	39.9	125.0	150.3	NA	NA	NA
ENSDART00000085556	HIP1R	140	95.1	86.6	30.6	54.1	124.2	168.9	NA	NA	NA
ENSDART00000088037	myo5aa	2	16.9	16.9	NA	NA	NA	NA	NA	NA	NA
ENSDART00000082050	CLEC4M	1	230.7	230.7	NA	NA	NA	NA	NA	NA	NA
ENSDART00000075659	pddc1	40	52.9	42.1	15.4	25.2	72.6	104.6	NA	NA	NA
ENSDART00000138793	si:ch211-203k16.3	1	74.1	74.1	NA	NA	NA	NA	NA	NA	NA
ENSDART00000135864	ppp2r4	59	40.5	20.6	8.7	11.4	53.0	105.2	NA	NA	NA
ENSDART00000050245	xpnpep3	12	49.4	55.1	13.1	29.9	62.5	80.1	NA	NA	NA
ENSDART00000135860	rnf41l	1	26.3	26.3	NA	NA	NA	NA	NA	NA	NA
ENSDART00000111966	arhgef10lb	1	89.5	89.5	NA	NA	NA	NA	NA	NA	NA
ENSDART00000026539	enah	142	32.2	27.4	8.1	16.9	43.6	64.6	11.63	40.29	1.79257070868
ENSDART00000112301	TRHDE	6	26.9	18.8	NA	NA	NA	NA	NA	NA	NA
ENSDART00000004357	WU:FC32F04	0	NA	NA	NA	NA	NA	NA	11.14	14.76	0.40594348872
ENSDART00000023012	acp5b	1	9.4	9.4	NA	NA	NA	NA	NA	NA	NA
ENSDART00000073555	ctu2	21	32.1	21.5	10.7	13.8	34.9	79.1	10.83	13.12	0.27673447701
ENSDART00000112308	si:dkeyp-23e4.3	1	10.1	10.1	NA	NA	NA	NA	NA	NA	NA
ENSDART00000137241	fam60al	188	60.6	51.7	10.6	21.1	89.5	129.0	27.67	54.31	0.972895219314
ENSDART00000112043	CACNG4	4	58.8	68.2	NA	NA	NA	NA	NA	NA	NA
ENSDART00000023337	napepld	1	16.1	16.1	NA	NA	NA	NA	NA	NA	NA
ENSDART00000112046	ZNF335	2	33.1	33.1	NA	NA	NA	NA	2.89	7.32	1.34077415578
ENSDART00000114437	ARHGEF5	12	78.6	60.6	12.8	42.9	133.4	133.9	NA	NA	NA
ENSDART00000032151	cotl1	103	55.2	51.9	19.2	30.3	66.4	97.7	NA	NA	NA
ENSDART00000141808	sh2b1	21	87.0	72.3	19.2	36.3	125.6	182.6	9.57	2.63	-1.86345612519
ENSDART00000083890	USP24	27	50.1	47.5	15.5	20.6	68.4	82.5	7.21	6.11	-0.238826879422
ENSDART00000153167	hlfb	1	153.3	153.3	NA	NA	NA	NA	NA	NA	NA
ENSDART00000057047	hps1	3	79.8	76.3	NA	NA	NA	NA	NA	NA	NA
ENSDART00000057733	C18H19orf54	5	159.3	141.8	NA	NA	NA	NA	NA	NA	NA
ENSDART00000057732	ap1m3	30	80.5	61.1	34.0	44.6	117.2	134.9	NA	NA	NA
ENSDART00000124901	mycbp2	37	30.5	24.5	12.7	16.9	41.0	57.6	4.17	3.6	-0.212050477115
ENSDART00000066256	vti1a	54	35.9	32.9	8.9	16.1	52.0	62.8	NA	NA	NA
ENSDART00000078580	TMEM150B	1	133.7	133.7	NA	NA	NA	NA	NA	NA	NA
ENSDART00000103371	zdhhc17	43	42.0	33.7	4.2	15.3	56.6	101.6	NA	NA	NA
ENSDART00000092984	creb3l2	8	61.4	74.4	NA	NA	NA	NA	NA	NA	NA
ENSDART00000099600	mrpl44	177	74.6	60.1	22.6	32.4	109.6	151.4	31.0	41.53	0.421885656263
ENSDART00000066259	kcnk1a	365	59.9	51.1	14.4	23.9	83.7	121.2	NA	NA	NA
ENSDART00000059193	prtgb	40	80.5	83.0	24.4	59.2	105.5	125.6	NA	NA	NA
ENSDART00000049963	twsg1a	15	25.3	26.9	9.3	14.0	31.1	36.7	NA	NA	NA
ENSDART00000124905	BX548000.3	78	43.9	44.1	17.9	28.9	55.3	68.0	25.89	6.85	-1.91821907205
ENSDART00000059194	snrpd2	552	77.9	76.6	26.4	48.0	104.7	127.9	246.45	715.2	1.53705175551
ENSDART00000055393	med25	336	50.5	45.5	16.2	27.5	64.1	84.4	26.07	80.09	1.61923153678
ENSDART00000055395	osr2	1	22.2	22.2	NA	NA	NA	NA	NA	NA	NA
ENSDART00000038338	kntc1	2	99.0	99.0	NA	NA	NA	NA	NA	NA	NA
ENSDART00000149895	epha4a	11	75.0	76.3	14.8	59.6	82.8	132.9	NA	NA	NA
ENSDART00000023488	atp6v1d	30	27.0	23.3	9.3	14.1	33.6	44.1	NA	NA	NA
ENSDART00000063923	znf259	67	71.5	56.7	11.5	22.9	111.1	136.1	14.27	20.66	0.533854919389
ENSDART00000102475	zgc:158257	13	48.3	34.9	10.3	11.0	76.8	97.7	NA	NA	NA
ENSDART00000077389	znf148	2	49.0	49.0	NA	NA	NA	NA	NA	NA	NA
ENSDART00000023484	SLC10A7	35	24.7	22.8	11.5	16.8	30.9	45.3	NA	NA	NA
ENSDART00000077383	C13H10orf32	63	32.6	26.6	11.3	17.0	38.6	56.0	NA	NA	NA
ENSDART00000039810	myo9al1	2	21.1	21.1	NA	NA	NA	NA	NA	NA	NA
ENSDART00000153296	nsfb	27	52.2	43.1	18.5	35.3	53.7	117.7	NA	NA	NA
ENSDART00000109268	C7H7orf43	9	63.9	69.2	NA	NA	NA	NA	NA	NA	NA
ENSDART00000109911	HGSNAT	15	46.9	34.9	13.0	18.9	50.8	113.1	NA	NA	NA
ENSDART00000109266	mertk	40	58.4	49.5	11.4	16.9	74.7	120.3	NA	NA	NA
ENSDART00000109262	brip1	10	43.0	20.8	6.3	12.7	40.5	136.9	3.55	1.41	-1.33212386199
ENSDART00000033717	cradd	6	13.1	10.4	NA	NA	NA	NA	NA	NA	NA
ENSDART00000013690	rplp2l	1155	88.8	88.6	39.9	58.6	115.6	138.4	1566.72	455.76	-1.78140115182
ENSDART00000078630	nme7	24	67.0	56.9	21.1	34.2	99.2	117.9	NA	NA	NA
ENSDART00000003834	ccm2	81	54.1	33.6	4.7	15.6	79.3	138.6	19.53	12.66	-0.625414544458
ENSDART00000138043	rin2	17	63.6	51.9	8.4	25.5	104.8	122.2	NA	NA	NA
ENSDART00000124565	ercc3	229	85.2	84.0	21.2	52.4	119.3	143.9	11.78	33.42	1.50437219423
ENSDART00000092180	exoc8	8	50.3	45.8	NA	NA	NA	NA	7.6	43.3	2.51029570128
ENSDART00000124567	ILKAP	28	73.8	50.6	14.0	21.7	122.5	165.7	NA	NA	NA
ENSDART00000092182	ppm1la	77	39.9	29.1	10.6	16.5	51.0	69.1	12.34	15.41	0.320524467365
ENSDART00000146773	acaca	23	55.0	32.0	4.9	11.1	95.7	149.7	2.64	5.24	0.989028882179
ENSDART00000092188	xpo1b	162	75.2	60.6	14.3	35.2	116.9	140.2	8.99	57.96	2.68866457404
ENSDART00000097359	dnajc25	230	46.3	30.6	13.4	19.5	53.6	103.2	10.2	41.3	2.01757262945
ENSDART00000142203	ccdc28a	150	55.7	35.4	12.0	21.5	75.2	130.7	NA	NA	NA
ENSDART00000024595	ubr7	82	65.4	47.1	15.7	25.6	93.5	137.5	11.7	21.26	0.86163306706
ENSDART00000024593	hsf1	116	73.4	64.4	17.3	37.9	101.5	128.6	NA	NA	NA
ENSDART00000127910	crebrf	9	35.6	19.1	NA	NA	NA	NA	NA	NA	NA
ENSDART00000127912	CABZ01103862.1	17	94.6	70.5	11.4	26.8	150.2	196.2	NA	NA	NA
ENSDART00000028870	ube2l3a	420	61.7	56.4	17.5	31.2	87.0	112.8	74.31	339.26	2.19076306661
ENSDART00000137936	fbxl4	8	27.2	20.6	NA	NA	NA	NA	NA	NA	NA
ENSDART00000131030	gorasp1	76	80.7	80.9	19.3	41.0	116.9	140.8	NA	NA	NA
ENSDART00000077125	aplp2	53	38.3	38.9	10.6	20.0	52.6	66.9	8.19	47.39	2.53264730399
ENSDART00000009777	GLRA3	1	44.4	44.4	NA	NA	NA	NA	NA	NA	NA
ENSDART00000009775	RBM7	353	47.7	33.1	7.1	15.0	75.8	112.8	75.09	190.99	1.34680440565
ENSDART00000008454	skp1	819	58.3	48.8	19.8	30.6	75.0	113.1	120.85	298.71	1.30552806287
ENSDART00000022823	BX000430.1	1	126.4	126.4	NA	NA	NA	NA	NA	NA	NA
ENSDART00000033018	pi4k2b	27	38.8	15.0	3.0	8.0	61.3	109.9	NA	NA	NA
ENSDART00000091630	fbxo18	210	79.6	64.8	14.0	23.7	121.8	167.3	23.28	53.61	1.20341107685
ENSDART00000048036	gem	8	19.0	12.0	NA	NA	NA	NA	NA	NA	NA
ENSDART00000129617	atp6ap1b	51	72.6	63.9	13.4	24.9	107.7	150.9	NA	NA	NA
ENSDART00000028105	mfap1	283	78.7	77.4	20.0	36.3	111.2	143.6	109.32	221.34	1.01770682989
ENSDART00000091638	samd13	22	34.6	28.0	15.5	21.8	33.8	63.0	NA	NA	NA
ENSDART00000076835	mrpl1	112	82.1	67.8	24.1	38.9	124.0	156.0	26.91	33.76	0.327172513067
ENSDART00000076386	fbxl8	2	53.5	53.5	NA	NA	NA	NA	NA	NA	NA
ENSDART00000138223	si:ch211-71m22.1	9	38.8	19.5	NA	NA	NA	NA	NA	NA	NA
ENSDART00000087952	gphnb	1	11.6	11.6	NA	NA	NA	NA	NA	NA	NA
ENSDART00000076831	CABZ01032352.1	9	117.6	143.3	NA	NA	NA	NA	NA	NA	NA
ENSDART00000076830	coro1a	11	32.1	25.8	18.5	19.1	43.1	44.9	NA	NA	NA
ENSDART00000067082	clta	229	46.7	39.5	17.2	26.0	56.4	85.3	58.82	179.34	1.60831861351
ENSDART00000076389	atp1b2a	20	89.5	76.0	32.2	45.6	129.9	178.2	NA	NA	NA
ENSDART00000056303	tsr3	51	45.2	29.9	12.0	17.1	59.2	103.3	22.2	18.05	-0.298560839463
ENSDART00000138228	srbd1	41	29.2	20.5	8.2	16.0	38.4	59.3	NA	NA	NA
ENSDART00000121456	fstl1b	29	62.7	48.6	11.9	16.2	98.4	151.7	NA	NA	NA
ENSDART00000121457	LBH	2	17.5	17.5	NA	NA	NA	NA	48.44	25.72	-0.913308222366
ENSDART00000024379	gnmt	63	49.9	32.0	15.3	20.5	74.1	115.0	NA	NA	NA
ENSDART00000098759	setd8a	770	53.7	47.5	19.7	30.1	65.6	92.7	181.89	143.86	-0.338400719055
ENSDART00000124173	rxraa	22	75.5	61.4	12.5	27.3	109.3	167.1	NA	NA	NA
ENSDART00000121458	plekhg6	5	52.0	12.4	NA	NA	NA	NA	NA	NA	NA
ENSDART00000152276	F7	1	121.6	121.6	NA	NA	NA	NA	NA	NA	NA
ENSDART00000090580	si:dkey-215k6.1	6	28.1	16.6	NA	NA	NA	NA	NA	NA	NA
ENSDART00000136687	mylk4b	1	17.6	17.6	NA	NA	NA	NA	NA	NA	NA
ENSDART00000020044	shpk	3	32.2	40.7	NA	NA	NA	NA	NA	NA	NA
ENSDART00000139792	C19H1orf172	7	85.1	84.7	NA	NA	NA	NA	NA	NA	NA
ENSDART00000028043	noc3l	72	79.0	65.6	22.7	35.2	112.7	152.2	21.96	37.61	0.776238252035
ENSDART00000100904	pard6a	70	40.3	31.3	4.0	14.2	59.0	101.0	NA	NA	NA
ENSDART00000091180	baiap2a	48	36.2	29.4	7.5	14.8	50.2	74.9	NA	NA	NA
ENSDART00000007600	esrrb	1	44.1	44.1	NA	NA	NA	NA	NA	NA	NA
ENSDART00000091183	erfl3	12	30.9	19.8	11.3	18.1	38.0	45.1	NA	NA	NA
ENSDART00000087576	slx4	78	63.0	44.5	8.6	16.0	89.8	158.1	12.48	6.44	-0.954485340748
ENSDART00000114079	nab2	6	33.4	21.4	NA	NA	NA	NA	NA	NA	NA
ENSDART00000129473	BX510922.1	7	43.0	28.0	NA	NA	NA	NA	NA	NA	NA
ENSDART00000087570	CABZ01053508.1	1	62.4	62.4	NA	NA	NA	NA	NA	NA	NA
ENSDART00000114072	zgc:174863	2	93.0	93.0	NA	NA	NA	NA	NA	NA	NA
ENSDART00000145008	pigt	21	70.0	64.0	36.2	47.2	104.8	112.3	NA	NA	NA
ENSDART00000114076	dph2	29	54.6	33.0	7.9	16.7	74.2	111.1	NA	NA	NA
ENSDART00000025171	ythdf1	235	51.1	42.0	11.2	18.2	73.1	102.8	17.76	60.08	1.75825323116
ENSDART00000081777	ptges3b	14	79.2	79.8	28.0	47.5	103.1	141.2	65.93	164.43	1.31846655405
ENSDART00000079215	stc2a	3	82.0	79.6	NA	NA	NA	NA	NA	NA	NA
ENSDART00000062803	pitx1	1	7.6	7.6	NA	NA	NA	NA	NA	NA	NA
ENSDART00000149007	cdan1	11	73.3	47.4	18.8	21.6	118.7	143.9	NA	NA	NA
ENSDART00000149554	rpl31	1431	78.2	78.0	27.9	41.8	106.5	131.7	1466.9	395.76	-1.89007281472
ENSDART00000110745	tacr2	1	53.3	53.3	NA	NA	NA	NA	NA	NA	NA
ENSDART00000149551	emilin1b	14	19.6	14.4	9.2	10.7	21.0	31.1	NA	NA	NA
ENSDART00000078111	capn8	1	49.5	49.5	NA	NA	NA	NA	NA	NA	NA
ENSDART00000010881	FOLH1	9	35.4	20.8	NA	NA	NA	NA	NA	NA	NA
ENSDART00000128876	SENP7	58	102.0	88.7	23.2	52.9	153.9	198.9	9.88	10.17	0.0417367322728
ENSDART00000088687	rxfp3.2b	3	12.2	12.0	NA	NA	NA	NA	NA	NA	NA
ENSDART00000145264	xpo7	112	85.4	71.7	16.5	40.1	124.5	179.1	4.62	16.36	1.82420799153
ENSDART00000087797	tgfbrap1	33	43.2	28.2	12.9	19.6	54.0	93.6	9.03	5.71	-0.661235242118
ENSDART00000018150	neurod6b	2	9.9	9.9	NA	NA	NA	NA	NA	NA	NA
ENSDART00000055554	slc37a4a	3	38.2	37.1	NA	NA	NA	NA	NA	NA	NA
ENSDART00000130492	orc1	100	57.9	37.6	12.3	20.2	69.6	157.2	8.4	14.03	0.740053775954
ENSDART00000131863	rgs7	42	36.3	32.7	15.8	21.4	45.9	55.0	NA	NA	NA
ENSDART00000043126	ripk2	6	15.0	14.1	NA	NA	NA	NA	NA	NA	NA
ENSDART00000043431	nup188	184	51.8	30.6	8.5	17.2	75.1	126.9	13.57	29.87	1.13827651689
ENSDART00000012630	prmt1	1949	64.4	59.5	20.6	35.6	85.6	116.1	126.48	1361.62	3.42834295523
ENSDART00000136386	si:ch211-210c8.7	122	54.1	40.3	13.0	23.2	70.7	119.8	NA	NA	NA
ENSDART00000144206	hmgn2	191	97.8	102.5	35.4	71.7	128.3	148.0	NA	NA	NA
ENSDART00000087553	sec23ip	103	27.7	23.3	10.4	15.5	34.1	51.4	19.86	36.22	0.866920923422
ENSDART00000128705	ndrg3a	10	56.4	34.8	15.2	24.0	47.9	116.4	NA	NA	NA
ENSDART00000078428	hoxb13a	1	20.6	20.6	NA	NA	NA	NA	NA	NA	NA
ENSDART00000128707	capn12	2	26.6	26.6	NA	NA	NA	NA	NA	NA	NA
ENSDART00000115301	zgc:198241	4	24.8	24.2	NA	NA	NA	NA	NA	NA	NA
ENSDART00000115303	CR391937.2	3	27.5	28.3	NA	NA	NA	NA	NA	NA	NA
ENSDART00000123343	neil3	23	48.1	25.9	13.4	19.7	60.2	105.6	9.88	12.64	0.355413516592
ENSDART00000129497	HIST1H4L	19	9.1	-2.9	-8.0	-5.7	11.0	36.6	NA	NA	NA
ENSDART00000050826	C24H18orf8	56	56.4	46.5	10.4	19.7	89.8	110.1	5.73	28.03	2.29036470028
ENSDART00000023684	cwc22	338	68.3	53.7	16.9	30.0	98.4	145.1	44.36	83.91	0.919583389036
ENSDART00000123999	CABZ01038928.1	4	122.7	127.4	NA	NA	NA	NA	NA	NA	NA
ENSDART00000111140	RPL29	3061	86.5	73.9	39.8	53.2	116.3	147.9	4087.31	1292.45	-1.66104319879
ENSDART00000111146	si:ch211-26b3.4	1	148.4	148.4	NA	NA	NA	NA	NA	NA	NA
ENSDART00000063195	si:dkeyp-68b7.7	1	7.8	7.8	NA	NA	NA	NA	NA	NA	NA
ENSDART00000135655	C8H11orf31	271	64.7	53.2	18.8	27.6	90.4	128.7	213.41	31.86	-2.74380960781
ENSDART00000148208	sep15	218	61.9	57.7	22.0	37.4	78.2	113.0	124.13	184.29	0.570125957949
ENSDART00000112829	CCDC18	7	26.5	25.5	NA	NA	NA	NA	NA	NA	NA
ENSDART00000089030	myo5b	41	89.6	90.5	11.5	42.8	129.0	163.7	NA	NA	NA
ENSDART00000089033	lingo3a	2	10.5	10.5	NA	NA	NA	NA	NA	NA	NA
ENSDART00000135659	mat2b	86	44.9	31.0	6.3	15.1	61.3	107.7	17.61	22.03	0.32307458587
ENSDART00000112820	zgc:165515	9	67.7	33.0	NA	NA	NA	NA	NA	NA	NA
ENSDART00000125381	gig2o	7	13.5	14.0	NA	NA	NA	NA	NA	NA	NA
ENSDART00000122439	CR944667.2	8	64.7	56.2	NA	NA	NA	NA	NA	NA	NA
ENSDART00000026239	eif2b4	31	31.0	25.4	10.8	13.4	40.0	60.2	19.78	21.17	0.0979788432485
ENSDART00000122433	trim33l	58	41.1	24.6	3.6	11.6	59.5	110.8	12.43	15.97	0.361538016359
ENSDART00000051070	golph3	190	47.3	34.5	10.4	18.1	68.0	111.5	39.71	80.22	1.01445960529
ENSDART00000147414	CNTLN	5	35.6	37.9	NA	NA	NA	NA	NA	NA	NA
ENSDART00000081244	syce2	12	44.4	47.5	12.6	22.7	58.1	77.9	NA	NA	NA
ENSDART00000081245	dhx15	408	70.1	57.2	21.2	35.7	94.4	139.3	40.68	142.2	1.80552988065
ENSDART00000031547	smndc1	229	65.4	49.8	16.9	29.1	94.5	137.2	75.7	131.1	0.792302480236
ENSDART00000141588	scpp8	1	20.8	20.8	NA	NA	NA	NA	NA	NA	NA
ENSDART00000064614	xkrx	1	-0.0	-0.0	NA	NA	NA	NA	8.64	9.83	0.186160104177
ENSDART00000060310	ATP5B	819	47.9	32.7	0.4	19.4	64.9	118.7	138.74	142.89	0.0425211648411
ENSDART00000088208	lrp1b	94	44.2	40.9	13.8	25.8	53.4	78.5	6.01	17.76	1.56319468564
ENSDART00000078033	GPT	1	136.1	136.1	NA	NA	NA	NA	NA	NA	NA
ENSDART00000136172	TRIM14	6	54.7	39.8	NA	NA	NA	NA	NA	NA	NA
ENSDART00000097919	hnrnpk	677	104.2	102.8	47.4	74.5	128.7	154.5	62.71	449.69	2.84216337768
ENSDART00000006716	selt2	41	83.0	86.6	36.4	72.0	108.5	116.9	NA	NA	NA
ENSDART00000103612	tdp2b	73	44.7	36.6	12.7	23.7	65.8	85.0	15.73	23.48	0.577913737694
ENSDART00000098986	gucd1	128	73.6	65.2	18.2	38.4	102.7	138.7	NA	NA	NA
ENSDART00000016803	grpel1	91	29.7	20.7	7.5	12.7	31.5	56.6	17.11	41.64	1.28313030881
ENSDART00000108889	OAF	7	89.2	87.8	NA	NA	NA	NA	NA	NA	NA
ENSDART00000108556	npm2a	32	30.8	30.7	13.2	22.5	37.1	50.3	NA	NA	NA
ENSDART00000111552	si:dkey-11p10.8	28	55.3	27.7	7.4	18.1	73.9	150.9	3.12	9.95	1.67315049657
ENSDART00000108553	COL4A3BP	104	82.4	62.3	18.7	32.9	130.0	164.6	6.97	19.89	1.51281271497
ENSDART00000108882	avpr2l	5	130.4	120.4	NA	NA	NA	NA	NA	NA	NA
ENSDART00000100709	imp3	84	43.8	36.6	16.1	21.7	56.6	74.8	40.47	131.5	1.7001380454
ENSDART00000147518	fam89b	14	45.6	38.3	14.4	17.9	60.3	86.9	NA	NA	NA
ENSDART00000065565	alg8	15	57.1	36.0	18.1	25.9	88.4	131.6	NA	NA	NA
ENSDART00000081066	phactr4b	27	51.2	26.2	8.9	17.4	86.0	113.9	6.03	4.46	-0.43511429198
ENSDART00000065568	zgc:113227	21	77.5	71.8	28.6	54.7	94.8	137.0	NA	NA	NA
ENSDART00000140230	zgc:123068	107	85.6	77.0	26.0	47.5	111.4	140.6	NA	NA	NA
ENSDART00000081790	ZNF609	15	47.1	27.8	5.5	15.8	75.0	108.9	3.25	1.75	-0.893084796083
ENSDART00000040804	praf2	14	64.1	53.3	20.2	26.7	96.9	120.3	NA	NA	NA
ENSDART00000137010	kmt2ca	14	39.1	19.9	8.0	11.3	32.6	115.9	NA	NA	NA
ENSDART00000145981	mmachc	18	34.3	22.0	2.1	14.0	44.8	72.4	NA	NA	NA
ENSDART00000126084	BX323045.3	113	52.4	33.2	13.5	19.5	64.2	128.6	18.14	40.73	1.16691735847
ENSDART00000033949	oser1	112	44.5	29.1	10.4	16.9	59.6	103.3	25.66	28.07	0.129507893423
ENSDART00000133308	nid1a	3	48.4	49.9	NA	NA	NA	NA	NA	NA	NA
ENSDART00000064080	cenpn	86	58.6	47.7	11.2	19.3	84.6	128.4	26.23	47.97	0.870914631937
ENSDART00000133305	os9	18	33.4	29.1	13.6	19.5	41.6	59.1	7.64	2.58	-1.56620157261
ENSDART00000098482	pld3	22	47.6	40.6	16.6	20.7	71.4	88.8	NA	NA	NA
ENSDART00000033943	mamdc1	3	37.3	40.3	NA	NA	NA	NA	NA	NA	NA
ENSDART00000138821	nfil3	15	39.9	36.2	13.9	17.5	43.9	88.5	NA	NA	NA
ENSDART00000018408	anxa13l	19	43.1	43.2	18.1	28.5	54.4	70.1	NA	NA	NA
ENSDART00000033947	chrna2a	2	30.4	30.4	NA	NA	NA	NA	NA	NA	NA
ENSDART00000008144	rbb4l	140	65.8	50.2	13.6	25.0	98.5	135.1	28.22	74.02	1.3911971477
ENSDART00000045933	sh3glb1	23	43.3	24.6	10.0	17.2	30.0	132.3	11.19	6.32	-0.824213572799
ENSDART00000027545	erp44	91	37.6	29.8	13.6	21.5	46.2	67.3	31.4	35.75	0.187178682774
ENSDART00000124774	ncoa5	303	72.7	64.7	14.6	31.1	103.9	139.5	68.07	161.92	1.2501901803
ENSDART00000124770	UGT8	4	65.5	69.7	NA	NA	NA	NA	NA	NA	NA
ENSDART00000027019	wdfy1	52	56.7	30.3	14.4	21.3	79.6	143.5	14.36	16.15	0.169478415758
ENSDART00000014956	polr3glb	27	100.3	106.0	23.8	66.5	142.3	151.5	NA	NA	NA
ENSDART00000059298	zgc:92313	149	51.8	37.7	6.5	12.0	82.4	128.3	15.72	20.61	0.390743287281
ENSDART00000019318	abcd3a	2	18.7	18.7	NA	NA	NA	NA	NA	NA	NA
ENSDART00000061265	rnf141	49	46.1	35.5	9.8	19.8	72.5	91.8	NA	NA	NA
ENSDART00000014774	txnl4a	324	39.4	29.3	10.9	18.4	47.9	80.8	110.9	223.95	1.01391730069
ENSDART00000110790	CU914772.1	207	44.4	38.1	16.2	24.3	56.7	73.7	8.26	48.26	2.5466142288
ENSDART00000110794	usp54a	150	99.6	94.2	13.4	30.6	153.0	198.2	NA	NA	NA
ENSDART00000019647	psmc2	299	73.8	63.6	17.2	37.1	103.0	144.8	40.15	72.62	0.854966942396
ENSDART00000056765	smc4	827	45.7	36.0	14.2	21.8	56.8	96.6	88.99	228.65	1.36142578763
ENSDART00000056764	bmpr2a	1	39.1	39.1	NA	NA	NA	NA	NA	NA	NA
ENSDART00000056767	acaa2	435	74.8	73.5	41.4	57.0	91.0	106.9	15.77	116.47	2.88470383234
ENSDART00000083395	plod1a	2	87.9	87.9	NA	NA	NA	NA	NA	NA	NA
ENSDART00000150919	si:ch211-191i18.2	7	37.3	25.0	NA	NA	NA	NA	NA	NA	NA
ENSDART00000102566	nbeaa	14	34.5	26.0	14.6	20.4	51.1	61.0	1.68	2.29	0.446886365318
ENSDART00000074268	CCDC64B	21	58.1	46.8	9.5	12.9	89.0	136.5	10.85	5.26	-1.04456033804
ENSDART00000034686	cops8	103	52.2	43.0	9.0	24.0	79.8	111.3	NA	NA	NA
ENSDART00000126558	fbxl2	11	26.1	26.6	12.0	16.7	30.3	35.9	NA	NA	NA
ENSDART00000109885	snrnp200	407	114.8	113.0	54.3	84.6	146.1	173.3	45.86	130.63	1.51017799888
ENSDART00000064968	rasgef1bb	177	73.2	55.0	10.0	23.6	108.7	161.7	NA	NA	NA
ENSDART00000123915	mapkapk3	99	66.2	58.6	10.1	24.4	91.1	117.8	NA	NA	NA
ENSDART00000123917	tmem47	5	23.9	27.3	NA	NA	NA	NA	NA	NA	NA
ENSDART00000036680	ptgr1	29	34.2	23.4	7.7	10.9	52.9	65.8	11.55	14.15	0.292909201416
ENSDART00000123910	ppp1r14ab	62	55.4	52.7	17.4	29.4	69.7	97.4	NA	NA	NA
ENSDART00000029252	aptx	13	79.7	82.2	11.8	16.8	113.2	137.7	NA	NA	NA
ENSDART00000082264	pxdc1b	75	77.4	63.1	14.3	29.7	118.7	154.0	NA	NA	NA
ENSDART00000146174	kiaa0947l	5	38.0	36.4	NA	NA	NA	NA	NA	NA	NA
ENSDART00000033411	trappc4	11	52.3	22.3	16.0	18.4	64.3	150.3	NA	NA	NA
ENSDART00000126439	si:ch211-113a14.17	34	-1.8	-2.5	-8.3	-5.5	0.1	5.1	NA	NA	NA
ENSDART00000082260	abhd13	1	19.7	19.7	NA	NA	NA	NA	NA	NA	NA
ENSDART00000146171	zgc:158564	41	93.7	85.9	17.1	58.9	134.2	161.1	25.82	3.88	-2.73436044312
ENSDART00000113837	mak16	146	80.2	76.9	24.0	46.1	105.4	145.5	82.73	135.39	0.710638697119
ENSDART00000082944	CT583658.1	10	57.7	31.3	5.0	10.4	99.9	134.3	NA	NA	NA
ENSDART00000059369	PHYKPL	15	36.6	32.3	9.6	25.5	44.6	64.3	NA	NA	NA
ENSDART00000081064	fbrsl1	1	24.3	24.3	NA	NA	NA	NA	NA	NA	NA
ENSDART00000123482	cuedc2	142	45.9	32.0	6.6	14.3	65.8	108.5	NA	NA	NA
ENSDART00000020084	hsp90ab1	1450	86.3	78.2	36.6	53.9	114.9	147.9	609.6	534.65	-0.189268139364
ENSDART00000066177	tuba2	1	113.0	113.0	NA	NA	NA	NA	NA	NA	NA
ENSDART00000084070	CU041319.1	184	52.9	32.4	8.7	16.6	69.1	135.1	12.69	28.52	1.1682819126
ENSDART00000137477	si:ch211-241e1.5	5	73.3	68.8	NA	NA	NA	NA	NA	NA	NA
ENSDART00000093113	antxr1c	3	133.8	123.1	NA	NA	NA	NA	NA	NA	NA
ENSDART00000038228	ap1s3b	141	38.5	28.3	12.9	18.8	43.1	78.0	45.06	44.61	-0.0144801654619
ENSDART00000018528	cabp5a	1	101.8	101.8	NA	NA	NA	NA	NA	NA	NA
ENSDART00000040771	rpl34	855	78.3	68.1	26.2	41.7	110.0	139.6	1032.38	523.4	-0.979988268402
ENSDART00000134651	rnf220a	211	68.3	55.4	11.6	24.8	108.5	137.7	9.88	22.54	1.18990456859
ENSDART00000105584	lrrc59	217	62.0	45.5	15.3	27.8	90.0	129.5	114.87	39.99	-1.52229087976
ENSDART00000083790	ntrk2a	1	53.7	53.7	NA	NA	NA	NA	NA	NA	NA
ENSDART00000040776	anapc4	21	38.1	30.9	15.4	16.9	51.9	84.3	7.39	3.67	-1.0097943013
ENSDART00000134659	sla2	3	81.7	86.8	NA	NA	NA	NA	NA	NA	NA
ENSDART00000062116	cldnk	4	52.1	53.2	NA	NA	NA	NA	NA	NA	NA
ENSDART00000074840	C8H9orf64	1	105.4	105.4	NA	NA	NA	NA	NA	NA	NA
ENSDART00000057386	golga5	86	50.1	35.5	12.7	17.4	70.9	109.6	20.47	16.35	-0.324220466638
ENSDART00000013201	zgc:101130	34	53.8	40.2	11.1	18.5	85.8	106.5	NA	NA	NA
ENSDART00000013203	cse1l	43	78.6	67.4	10.1	23.6	126.7	169.3	5.38	17.72	1.719700526
ENSDART00000047834	nbas	5	21.9	23.8	NA	NA	NA	NA	NA	NA	NA
ENSDART00000105936	si:dkey-253d23.8	11	55.4	33.1	4.1	11.4	97.7	120.7	NA	NA	NA
ENSDART00000098417	pak2a	111	43.7	32.2	12.0	18.6	55.0	95.7	NA	NA	NA
ENSDART00000125529	C10H21orf91	19	28.3	13.4	2.7	7.4	24.2	105.0	NA	NA	NA
ENSDART00000105283	SAC3D1	1	20.3	20.3	NA	NA	NA	NA	NA	NA	NA
ENSDART00000105930	si:dkey-253d23.11	3	94.7	52.7	NA	NA	NA	NA	NA	NA	NA
ENSDART00000092536	CABZ01024764.1	1	31.1	31.1	NA	NA	NA	NA	NA	NA	NA
ENSDART00000097722	CABZ01063402.1	9	20.8	15.2	NA	NA	NA	NA	NA	NA	NA
ENSDART00000097723	sptbn2	136	112.9	110.9	40.8	77.8	152.6	185.5	17.98	76.93	2.09715328749
ENSDART00000035812	grik4	6	39.0	36.7	NA	NA	NA	NA	NA	NA	NA
ENSDART00000089849	CCNYL1	60	32.7	23.0	5.1	13.4	48.3	60.3	15.71	10.97	-0.518119654891
ENSDART00000055238	glyr1	407	86.4	84.7	14.4	50.3	122.6	150.8	31.9	410.61	3.68614043418
ENSDART00000077462	slc6a9	2	54.3	54.3	NA	NA	NA	NA	NA	NA	NA
ENSDART00000076151	atp11b	11	28.6	13.2	6.7	10.8	25.7	63.7	NA	NA	NA
ENSDART00000009545	pak4	239	49.3	37.9	7.0	14.3	73.6	119.5	6.12	55.57	3.18270268226
ENSDART00000009343	pyroxd2	2	22.6	22.6	NA	NA	NA	NA	NA	NA	NA
ENSDART00000024795	gpr34b	2	11.5	11.5	NA	NA	NA	NA	NA	NA	NA
ENSDART00000066178	CYP27B1	4	72.4	56.5	NA	NA	NA	NA	NA	NA	NA
ENSDART00000122200	CT027778.1	4	35.5	32.1	NA	NA	NA	NA	NA	NA	NA
ENSDART00000104880	si:dkeyp-34c12.1	42	16.4	12.5	5.1	9.1	21.2	30.9	NA	NA	NA
ENSDART00000104882	actn2	3	47.0	30.9	NA	NA	NA	NA	NA	NA	NA
ENSDART00000130029	zgc:113333	26	66.5	56.5	18.8	35.3	87.3	132.2	NA	NA	NA
ENSDART00000083134	mks1	14	31.0	21.5	14.0	16.6	39.3	47.2	NA	NA	NA
ENSDART00000104888	slc35b4	93	54.7	47.9	13.8	24.1	76.7	98.7	NA	NA	NA
ENSDART00000051197	C10H21orf59	48	52.3	28.1	5.2	13.9	77.2	145.0	NA	NA	NA
ENSDART00000130530	fam193b	66	68.3	45.9	15.0	25.0	112.0	134.1	15.2	19.65	0.370457988815
ENSDART00000130537	spag1a	137	63.3	55.3	16.2	33.9	84.6	114.3	NA	NA	NA
ENSDART00000052862	rbm4.1	17	64.9	53.8	18.4	22.1	95.7	116.9	17.95	52.76	1.55546072054
ENSDART00000079176	gfra4	2	19.6	19.6	NA	NA	NA	NA	NA	NA	NA
ENSDART00000005869	rpp14	23	61.9	55.2	13.3	25.1	87.3	111.2	NA	NA	NA
ENSDART00000005893	ube2g1a	810	41.6	32.2	9.3	17.8	54.3	88.7	69.98	252.78	1.85286775204
ENSDART00000052864	slc39a7	70	49.9	35.4	16.9	22.4	80.2	101.8	19.76	44.03	1.15590389735
ENSDART00000058964	apoa2	12	122.8	127.4	101.8	112.2	138.6	169.2	NA	NA	NA
ENSDART00000142927	ptrh1	19	29.2	24.0	7.6	12.2	42.2	50.3	NA	NA	NA
ENSDART00000058967	rap2b	280	45.3	38.9	9.0	17.4	61.9	94.6	81.43	125.51	0.624170007939
ENSDART00000142922	slc17a5	37	50.6	42.9	13.2	34.2	66.1	84.4	NA	NA	NA
ENSDART00000148989	si:ch211-149b19.4	7	118.2	101.3	NA	NA	NA	NA	NA	NA	NA
ENSDART00000053472	rnf41	69	64.7	58.5	12.5	22.9	106.0	128.6	NA	NA	NA
ENSDART00000086564	spns2	31	59.1	32.7	12.5	19.1	88.8	149.6	NA	NA	NA
ENSDART00000054235	plrg1	306	50.1	36.1	10.2	17.3	70.6	112.2	35.83	229.77	2.68095049564
ENSDART00000125169	jmjd6	91	33.1	19.9	3.9	11.9	35.6	105.4	NA	NA	NA
ENSDART00000153339	adam17b	4	36.9	25.3	NA	NA	NA	NA	NA	NA	NA
ENSDART00000125162	BX927349.2	22	33.0	24.1	9.3	19.3	30.6	74.8	NA	NA	NA
ENSDART00000125163	HAUS8	54	70.6	66.8	21.3	39.6	102.9	134.8	NA	NA	NA
ENSDART00000049003	atp6v1aa	20	67.7	52.7	16.1	36.9	88.0	141.6	NA	NA	NA
ENSDART00000125167	BX465186.1	317	33.2	29.2	13.3	19.8	42.2	56.2	130.68	79.37	-0.719372649294
ENSDART00000049007	chst12a	6	37.8	15.3	NA	NA	NA	NA	NA	NA	NA
ENSDART00000008275	adat3	2	54.2	54.2	NA	NA	NA	NA	NA	NA	NA
ENSDART00000099611	ccl-c5a	1	44.1	44.1	NA	NA	NA	NA	NA	NA	NA
ENSDART00000109707	neurl4	18	34.1	18.0	7.9	14.1	45.9	67.4	NA	NA	NA
ENSDART00000031091	vsnl1a	4	15.2	17.6	NA	NA	NA	NA	NA	NA	NA
ENSDART00000109703	col6a6	1	110.6	110.6	NA	NA	NA	NA	NA	NA	NA
ENSDART00000010517	eif4eb	42	35.0	29.2	14.4	18.7	50.4	61.9	NA	NA	NA
ENSDART00000132660	polr3gla	2346	70.0	64.9	22.1	39.5	93.2	124.1	NA	NA	NA
ENSDART00000061274	rps25	926	61.4	47.7	14.9	27.1	91.7	120.3	1935.53	463.53	-2.06199404978
ENSDART00000151662	fem1c	47	35.3	27.7	13.1	20.5	40.5	59.1	19.0	1.15	-4.04629365227
ENSDART00000056921	csnk1g2a	55	70.4	65.5	18.1	31.1	110.1	134.8	33.08	16.23	-1.02729623462
ENSDART00000151661	wipf1	20	45.9	31.5	21.5	27.4	49.3	73.7	NA	NA	NA
ENSDART00000114796	CABZ01058371.1	1	20.5	20.5	NA	NA	NA	NA	NA	NA	NA
ENSDART00000111318	osbpl1a	6	88.8	77.5	NA	NA	NA	NA	NA	NA	NA
ENSDART00000114792	TPC3	3	15.4	19.7	NA	NA	NA	NA	NA	NA	NA
ENSDART00000138128	si:ch73-112l6.1	2	18.1	18.1	NA	NA	NA	NA	NA	NA	NA
ENSDART00000027603	ckbb	444	40.8	36.8	18.1	27.2	50.2	66.4	164.75	228.13	0.469577714013
ENSDART00000062811	yy1a	597	64.9	54.8	11.7	22.3	98.5	136.9	NA	NA	NA
ENSDART00000020625	FBXO38	33	75.7	59.8	7.0	13.8	135.8	159.9	3.75	7.01	0.902523848627
ENSDART00000062761	cnstb	4	92.2	101.4	NA	NA	NA	NA	NA	NA	NA
ENSDART00000023677	DUPD1	1	34.5	34.5	NA	NA	NA	NA	NA	NA	NA
ENSDART00000023676	bckdk	317	54.8	48.7	16.0	26.3	74.0	110.9	31.01	234.97	2.92167114014
ENSDART00000112562	socs5a	21	65.4	29.4	13.1	17.6	88.1	157.6	NA	NA	NA
ENSDART00000033491	spryd4	34	36.3	29.1	15.5	21.8	40.2	72.3	25.06	30.32	0.274883338849
ENSDART00000104353	atp2b1b	5	31.2	26.2	NA	NA	NA	NA	NA	NA	NA
ENSDART00000113332	NAV2	10	64.2	60.2	9.1	25.2	94.3	127.3	NA	NA	NA
ENSDART00000008277	pibf1	32	37.8	21.1	6.5	12.0	30.5	113.1	16.73	8.54	-0.970129470418
ENSDART00000029646	rplp1	1700	89.3	90.6	34.1	61.8	114.2	136.4	3179.44	623.58	-2.35012612111
ENSDART00000131774	setd1a	154	67.5	54.0	7.2	18.4	101.8	152.5	12.86	17.08	0.409417332293
ENSDART00000131775	si:dkey-51e6.1	1	100.3	100.3	NA	NA	NA	NA	NA	NA	NA
ENSDART00000125804	rbms3	6	54.9	52.1	NA	NA	NA	NA	NA	NA	NA
ENSDART00000091377	MRS2	12	43.3	32.3	11.2	17.0	43.8	59.0	NA	NA	NA
ENSDART00000091376	BX004880.1	48	47.3	33.2	8.8	11.6	66.7	116.9	NA	NA	NA
ENSDART00000067086	nans	154	54.8	48.1	25.8	33.7	66.8	83.6	61.89	79.12	0.354336104151
ENSDART00000123591	usp48	3	49.5	33.4	NA	NA	NA	NA	NA	NA	NA
ENSDART00000067733	C21H18orf25	16	38.7	19.7	4.3	10.8	66.4	82.6	16.09	73.45	2.19059816472
ENSDART00000025782	nup93	76	52.4	31.1	14.0	18.8	66.0	139.6	27.44	50.61	0.883141992836
ENSDART00000067736	stk11	79	62.4	47.5	10.2	19.7	98.2	123.6	17.69	13.93	-0.344738790089
ENSDART00000114919	URGCP	1	63.6	63.6	NA	NA	NA	NA	NA	NA	NA
ENSDART00000122683	srp14	307	65.8	53.5	19.5	31.4	84.6	135.8	111.39	226.43	1.02344539432
ENSDART00000005221	prkrirb	69	60.3	49.4	15.5	25.2	85.4	124.8	8.95	15.23	0.766956354336
ENSDART00000132976	dgcr14	55	66.8	58.4	22.5	31.9	103.2	123.9	NA	NA	NA
ENSDART00000138568	mgst3	43	39.9	27.0	9.3	14.7	47.5	102.0	NA	NA	NA
ENSDART00000044918	EPHA2	63	78.6	70.4	8.4	21.5	134.6	168.3	NA	NA	NA
ENSDART00000012132	cbwd	3	59.8	25.2	NA	NA	NA	NA	NA	NA	NA
ENSDART00000019003	psmd10	49	52.4	38.4	6.4	15.9	80.3	106.5	NA	NA	NA
ENSDART00000017456	vent	465	34.3	18.3	4.7	10.0	44.5	97.2	NA	NA	NA
ENSDART00000138125	hes2.2	1	184.9	184.9	NA	NA	NA	NA	NA	NA	NA
ENSDART00000127704	BX005085.2	17	84.4	60.9	19.3	30.0	113.8	158.5	NA	NA	NA
ENSDART00000056169	b3gnt7	1	1.6	1.6	NA	NA	NA	NA	NA	NA	NA
ENSDART00000053408	HAUS2	31	34.0	18.2	8.9	12.6	51.2	67.6	NA	NA	NA
ENSDART00000141606	commd8	8	32.3	27.7	NA	NA	NA	NA	NA	NA	NA
ENSDART00000127702	prpf6	252	72.2	61.8	21.6	39.4	97.0	132.7	79.37	94.07	0.245140898855
ENSDART00000054368	st5	3	49.4	52.6	NA	NA	NA	NA	NA	NA	NA
ENSDART00000053405	scamp2	79	45.8	34.0	12.9	20.8	62.2	87.1	NA	NA	NA
ENSDART00000053404	csrp3	17	87.0	79.0	38.9	67.6	110.8	128.0	NA	NA	NA
ENSDART00000127443	prdm5	2	20.8	20.8	NA	NA	NA	NA	NA	NA	NA
ENSDART00000127440	BEND2	6	22.1	24.0	NA	NA	NA	NA	NA	NA	NA
ENSDART00000090397	kiaa1549la	6	38.7	39.5	NA	NA	NA	NA	NA	NA	NA
ENSDART00000127444	taf1a	43	54.8	38.9	4.0	12.7	59.9	128.5	8.91	8.95	0.0064622506297
ENSDART00000042421	ppp2ca	69	55.0	37.4	11.2	17.6	76.4	132.1	NA	NA	NA
ENSDART00000129197	mn1b	29	93.6	78.5	16.7	54.4	154.6	174.9	NA	NA	NA
ENSDART00000139213	zgc:153968	1	34.0	34.0	NA	NA	NA	NA	NA	NA	NA
ENSDART00000139214	ogdhb	9	71.2	51.4	NA	NA	NA	NA	NA	NA	NA
ENSDART00000067558	spg11	5	30.1	31.0	NA	NA	NA	NA	4.59	0.42	-3.45003292064
ENSDART00000123759	rapgef1b	38	31.2	25.5	11.7	15.8	40.5	55.3	8.5	6.36	-0.418436075741
ENSDART00000044314	itgav	52	74.1	60.7	19.8	34.7	113.4	151.6	5.96	13.31	1.15912633545
ENSDART00000044647	PPIL3	122	78.3	73.7	21.1	40.2	111.3	136.6	NA	NA	NA
ENSDART00000114247	zgc:66449	4	28.2	27.5	NA	NA	NA	NA	NA	NA	NA
ENSDART00000135930	arid1aa	31	65.6	56.5	14.5	28.9	97.5	117.9	17.18	37.7	1.13383448702
ENSDART00000020621	mapk4	6	27.0	24.3	NA	NA	NA	NA	NA	NA	NA
ENSDART00000020327	mrpl16	4	39.9	37.2	NA	NA	NA	NA	NA	NA	NA
ENSDART00000113215	ide	904	33.7	27.1	9.3	15.9	43.4	63.0	37.74	229.01	2.60124426868
ENSDART00000121661	zp2.6	24	44.6	39.3	15.3	22.2	65.3	74.2	NA	NA	NA
ENSDART00000114248	snx29	15	26.5	20.1	9.6	11.7	36.6	57.2	NA	NA	NA
ENSDART00000098563	plcb3	2	64.4	64.4	NA	NA	NA	NA	NA	NA	NA
ENSDART00000098565	CABZ01062083.1	12	24.7	18.9	8.4	11.0	31.7	51.5	NA	NA	NA
ENSDART00000084929	si:dkey-157l19.2	157	52.2	40.8	9.6	21.9	78.1	111.6	NA	NA	NA
ENSDART00000110409	FRMD5	1	120.9	120.9	NA	NA	NA	NA	NA	NA	NA
ENSDART00000110408	dph1	16	24.3	20.5	11.2	16.1	27.9	33.2	NA	NA	NA
ENSDART00000145328	apoc2	263	114.3	111.2	64.1	84.7	139.9	168.0	NA	NA	NA
ENSDART00000054849	pls3	1	172.3	172.3	NA	NA	NA	NA	NA	NA	NA
ENSDART00000062092	trmt6	106	52.8	31.7	7.7	15.9	78.8	137.5	19.66	45.85	1.22165841214
ENSDART00000144439	vwa1	1	2.0	2.0	NA	NA	NA	NA	NA	NA	NA
ENSDART00000049944	smarcb1a	94	67.1	54.0	13.4	22.4	105.5	137.5	21.24	64.74	1.60787359941
ENSDART00000075127	b2m	48	79.8	72.8	34.5	49.5	102.9	134.8	NA	NA	NA
ENSDART00000148514	aprt	37	47.3	37.7	14.7	28.0	56.7	74.4	NA	NA	NA
ENSDART00000035899	pkp2	2	84.7	84.7	NA	NA	NA	NA	NA	NA	NA
ENSDART00000123137	st3gal3b	7	29.9	21.3	NA	NA	NA	NA	NA	NA	NA
ENSDART00000101097	acp6	1	11.3	11.3	NA	NA	NA	NA	NA	NA	NA
ENSDART00000123131	pmaip1	1	139.8	139.8	NA	NA	NA	NA	NA	NA	NA
ENSDART00000075129	lrrc47	0	NA	NA	NA	NA	NA	NA	6.69	10.39	0.635117538263
ENSDART00000113816	C16H8orf76	30	82.0	67.7	21.4	46.3	123.5	160.5	17.94	4.9	-1.87232623592
ENSDART00000113811	CU570881.1	7	37.4	13.1	NA	NA	NA	NA	NA	NA	NA
ENSDART00000148692	apobec2a	2	132.4	132.4	NA	NA	NA	NA	NA	NA	NA
ENSDART00000036901	fbxw11a	71	91.1	90.8	18.2	42.8	133.5	163.0	6.96	20.65	1.56898257046
ENSDART00000148698	eme1	48	36.4	20.2	10.2	15.3	43.4	84.4	16.96	22.38	0.400073866413
ENSDART00000065772	ddt	101	47.6	38.4	12.1	21.6	60.1	101.1	NA	NA	NA
ENSDART00000140531	dimt1l	59	83.0	76.2	21.1	39.0	108.5	161.1	NA	NA	NA
ENSDART00000150218	treh	50	33.0	29.3	18.1	23.6	38.8	44.6	NA	NA	NA
ENSDART00000112210	plekha5	23	71.5	39.6	7.2	17.7	122.0	155.8	6.5	6.14	-0.0822010625456
ENSDART00000034979	mospd1	53	58.6	52.6	20.0	25.4	76.1	114.8	NA	NA	NA
ENSDART00000007636	zgc:77118	293	25.9	18.2	6.2	11.3	33.8	53.7	69.76	8.78	-2.99010719524
ENSDART00000127693	vps4b	98	59.1	41.9	15.6	26.0	81.5	130.7	NA	NA	NA
ENSDART00000122081	sybu	7	6.7	7.7	NA	NA	NA	NA	NA	NA	NA
ENSDART00000040169	jakmip2	1	276.6	276.6	NA	NA	NA	NA	NA	NA	NA
ENSDART00000128727	DMXL1	55	24.9	21.2	8.8	13.3	32.2	44.1	14.53	2.29	-2.66561519954
ENSDART00000102952	suz12a	188	70.7	52.9	11.9	29.5	112.1	147.2	11.2	43.99	1.97367686897
ENSDART00000010942	rnf14	43	58.0	40.0	10.8	21.7	72.4	123.2	9.22	6.36	-0.535739985145
ENSDART00000010792	ptdss1	238	44.8	42.9	13.8	28.0	57.1	76.1	52.62	45.74	-0.202154882754
ENSDART00000106112	RRP8	36	56.5	39.9	15.5	24.3	75.2	101.2	18.62	21.5	0.207483586918
ENSDART00000054363	CDR2	9	57.1	57.1	NA	NA	NA	NA	NA	NA	NA
ENSDART00000045991	vrk1	7	120.9	122.2	NA	NA	NA	NA	NA	NA	NA
ENSDART00000141314	abi2a	65	56.6	39.4	18.4	22.8	85.6	117.1	13.09	25.27	0.948960567
ENSDART00000060051	fgf14	7	40.8	33.2	NA	NA	NA	NA	NA	NA	NA
ENSDART00000060056	tpi1b	182	50.6	49.2	20.4	32.7	62.0	79.5	37.44	99.22	1.40605052231
ENSDART00000060505	mia3	386	47.2	36.1	13.1	20.1	60.9	91.3	18.88	25.63	0.44097471393
ENSDART00000149429	boka	1	79.0	79.0	NA	NA	NA	NA	NA	NA	NA
ENSDART00000060059	rbms2b	11	79.8	57.8	18.7	22.0	138.2	140.5	NA	NA	NA
ENSDART00000106244	zgc:171750	81	50.2	49.3	28.4	38.7	59.3	72.5	7.17	1.94	-1.88591646651
ENSDART00000106246	CABZ01006835.1	9	94.4	93.6	NA	NA	NA	NA	NA	NA	NA
ENSDART00000085792	CU929225.1	1	48.6	48.6	NA	NA	NA	NA	NA	NA	NA
ENSDART00000038430	AKAP13	1	7.2	7.2	NA	NA	NA	NA	NA	NA	NA
ENSDART00000115321	ahctf1	108	71.0	56.1	7.5	17.4	112.8	161.1	15.16	27.28	0.847573890853
ENSDART00000075413	cox7c	520	64.6	58.2	22.6	36.4	86.3	117.4	703.01	798.66	0.184036248583
ENSDART00000081633	SMC6	10	16.7	14.7	3.2	9.1	25.9	28.6	NA	NA	NA
ENSDART00000087246	pds5b	66	99.3	92.9	20.2	44.5	151.6	187.3	9.09	21.95	1.27186874023
ENSDART00000030683	tmpob	215	56.3	49.0	11.0	22.5	80.0	118.4	19.5	159.88	3.03544344878
ENSDART00000027428	chuk	136	53.2	30.2	7.0	13.2	76.9	137.0	11.56	21.5	0.895195261976
ENSDART00000067734	snx16	28	35.9	19.4	10.9	14.8	45.4	79.4	NA	NA	NA
ENSDART00000111129	ccar1	23	69.8	64.8	22.8	41.8	97.5	121.2	5.01	11.74	1.22854989991
ENSDART00000127699	CU019646.2	3	14.3	5.8	NA	NA	NA	NA	NA	NA	NA
ENSDART00000126297	sc5d	12	27.2	16.2	0.6	8.9	29.3	81.1	NA	NA	NA
ENSDART00000043924	mpp6b	33	80.8	34.7	10.7	16.0	142.9	178.2	NA	NA	NA
ENSDART00000077814	cdc16	37	40.9	24.8	10.9	16.7	50.9	103.7	11.86	10.88	-0.124425453296
ENSDART00000122660	hnrnpa0a	1808	97.3	95.6	48.5	71.5	119.8	145.3	NA	NA	NA
ENSDART00000043920	mthfd2	11	57.4	60.9	8.2	12.4	83.4	118.0	NA	NA	NA
ENSDART00000081477	sri	58	50.1	49.2	21.8	34.9	65.3	76.4	NA	NA	NA
ENSDART00000132301	micu1	20	27.4	24.4	12.5	14.7	35.0	50.3	NA	NA	NA
ENSDART00000051712	gatad1	123	44.8	32.0	10.8	17.9	59.4	106.6	NA	NA	NA
ENSDART00000143340	cbx5	896	52.8	39.0	13.7	21.0	73.1	117.5	62.92	325.7	2.37195314387
ENSDART00000132309	gnptab	62	58.1	42.0	16.1	21.8	88.0	128.4	NA	NA	NA
ENSDART00000010420	actr1	201	68.3	55.8	19.4	31.7	96.2	138.1	NA	NA	NA
ENSDART00000111125	GLIS2	4	18.6	16.9	NA	NA	NA	NA	NA	NA	NA
ENSDART00000018239	CU181898.1	4	51.4	17.0	NA	NA	NA	NA	NA	NA	NA
ENSDART00000045190	calb1	2	65.7	65.7	NA	NA	NA	NA	NA	NA	NA
ENSDART00000134794	spata6	1	36.3	36.3	NA	NA	NA	NA	NA	NA	NA
ENSDART00000018235	crot	14	54.7	41.5	13.9	19.4	63.6	87.5	NA	NA	NA
ENSDART00000134798	tdrd5	46	27.2	26.6	13.6	18.9	36.2	43.0	4.14	7.25	0.808350227403
ENSDART00000018230	ap4b1	2	86.0	86.0	NA	NA	NA	NA	NA	NA	NA
ENSDART00000111656	gpr78	1	13.9	13.9	NA	NA	NA	NA	NA	NA	NA
ENSDART00000086619	prkca	1	18.8	18.8	NA	NA	NA	NA	NA	NA	NA
ENSDART00000085574	CD109	3	129.0	139.9	NA	NA	NA	NA	NA	NA	NA
ENSDART00000027973	fabp2	1	110.5	110.5	NA	NA	NA	NA	NA	NA	NA
ENSDART00000143836	si:ch211-105c13.3	2	135.7	135.7	NA	NA	NA	NA	NA	NA	NA
ENSDART00000082070	RASSF3	14	63.4	49.1	5.2	27.4	80.9	148.6	NA	NA	NA
ENSDART00000055009	uncx4.1	2	68.2	68.2	NA	NA	NA	NA	NA	NA	NA
ENSDART00000148853	si:dkey-249d8.1	1	19.5	19.5	NA	NA	NA	NA	NA	NA	NA
ENSDART00000111941	zgc:174310	5	27.3	27.5	NA	NA	NA	NA	NA	NA	NA
ENSDART00000108945	GID4	50	45.1	31.3	10.7	16.2	62.9	104.5	NA	NA	NA
ENSDART00000135846	zfhx4	1	62.3	62.3	NA	NA	NA	NA	NA	NA	NA
ENSDART00000108946	lhfpl4a	1	30.6	30.6	NA	NA	NA	NA	NA	NA	NA
ENSDART00000023074	mrps18b	130	50.2	32.7	11.6	17.9	62.8	119.3	20.12	55.91	1.47447603982
ENSDART00000111948	sez6l2	1	15.5	15.5	NA	NA	NA	NA	NA	NA	NA
ENSDART00000026551	srpx	1	41.4	41.4	NA	NA	NA	NA	NA	NA	NA
ENSDART00000097328	arfgap2	227	50.1	39.4	14.4	24.6	62.5	107.2	31.19	170.4	2.44976987774
ENSDART00000112360	usp45	5	43.3	34.8	NA	NA	NA	NA	NA	NA	NA
ENSDART00000112361	espl1	158	51.5	31.0	10.6	15.4	66.4	120.7	14.01	30.4	1.1176143679
ENSDART00000112024	SNX19	4	19.5	19.6	NA	NA	NA	NA	NA	NA	NA
ENSDART00000061672	prpf39	319	63.6	50.5	18.2	30.6	87.8	124.4	104.57	208.75	0.997307180218
ENSDART00000061674	SSTR5	2	32.0	32.0	NA	NA	NA	NA	NA	NA	NA
ENSDART00000061677	si:ch211-14a17.6	34	40.1	37.8	19.1	28.0	49.9	64.4	NA	NA	NA
ENSDART00000112022	BTBD17	2	124.5	124.5	NA	NA	NA	NA	NA	NA	NA
ENSDART00000101731	larp7	244	35.4	31.2	13.7	19.3	44.6	63.2	55.1	93.86	0.76845814157
ENSDART00000086610	abcg4a	1	23.6	23.6	NA	NA	NA	NA	NA	NA	NA
ENSDART00000037749	stx5a	96	50.6	31.4	10.9	21.5	67.5	119.3	40.17	32.37	-0.311461095836
ENSDART00000152518	LRFN2	1	18.6	18.6	NA	NA	NA	NA	NA	NA	NA
ENSDART00000083308	ptprsa	22	50.3	51.9	11.5	17.2	73.6	94.6	3.06	5.85	0.934904971778
ENSDART00000021786	arl1	391	94.6	90.9	36.3	63.2	121.3	153.6	69.91	189.16	1.43603630682
ENSDART00000021782	mcat	3	82.1	79.4	NA	NA	NA	NA	NA	NA	NA
ENSDART00000083305	slc19a2	17	32.0	20.3	4.4	9.1	51.4	67.5	NA	NA	NA
ENSDART00000021788	pbk	241	92.9	88.4	24.8	51.8	130.0	166.4	NA	NA	NA
ENSDART00000112700	lrig2	146	85.9	80.3	24.2	42.7	115.4	166.5	NA	NA	NA
ENSDART00000066909	slc35e3	152	52.0	40.0	13.0	18.6	65.4	126.3	NA	NA	NA
ENSDART00000102850	elk4	5	22.0	10.4	NA	NA	NA	NA	NA	NA	NA
ENSDART00000103397	slc39a9	68	51.0	30.2	15.1	21.1	65.8	117.2	13.14	14.56	0.148045079876
ENSDART00000135677	gosr1	18	33.4	26.4	8.7	14.3	40.6	66.2	NA	NA	NA
ENSDART00000126924	pak2b	392	78.1	73.1	19.7	36.5	110.7	141.4	38.34	123.36	1.68595242825
ENSDART00000014098	ggctb	1	117.9	117.9	NA	NA	NA	NA	NA	NA	NA
ENSDART00000075086	cep44	20	70.4	51.2	27.0	34.9	108.1	143.0	NA	NA	NA
ENSDART00000014095	rap2c	207	60.8	47.3	17.8	26.9	81.0	132.0	35.59	39.5	0.150380720442
ENSDART00000126923	CYYR1	121	65.0	54.1	12.3	27.7	85.8	130.0	NA	NA	NA
ENSDART00000041697	abl2	71	57.6	26.5	8.2	13.8	93.7	128.7	5.48	8.64	0.656855419203
ENSDART00000110559	GRAMD1C	152	48.0	27.8	7.5	14.9	64.7	122.7	12.17	43.26	1.82970449725
ENSDART00000105387	jmjd4	11	103.4	95.6	24.9	36.7	152.4	178.1	NA	NA	NA
ENSDART00000022246	bcs1l	5	113.5	82.3	NA	NA	NA	NA	NA	NA	NA
ENSDART00000046423	arl4cb	60	60.8	50.6	11.1	20.9	83.3	125.2	NA	NA	NA
ENSDART00000142263	EVA1B	5	25.0	21.0	NA	NA	NA	NA	NA	NA	NA
ENSDART00000089652	CR788297.1	1	17.0	17.0	NA	NA	NA	NA	NA	NA	NA
ENSDART00000129752	zgc:113452	21	56.2	44.4	12.9	27.9	84.1	106.2	NA	NA	NA
ENSDART00000112793	cdc26	168	71.8	59.5	24.4	40.0	95.5	124.5	102.5	66.86	-0.616408649663
ENSDART00000041349	crygn2	8	67.4	67.4	NA	NA	NA	NA	NA	NA	NA
ENSDART00000034441	tcp11l2	45	50.4	40.4	5.1	18.5	75.2	106.0	NA	NA	NA
ENSDART00000073827	col4a5	11	92.0	89.0	33.3	39.5	123.6	163.7	NA	NA	NA
ENSDART00000032861	ankrd52a	10	34.1	37.5	9.8	15.9	38.4	63.7	4.26	6.19	0.539085978988
ENSDART00000114970	SPDL1	4	63.8	45.2	NA	NA	NA	NA	21.85	24.7	0.176877762084
ENSDART00000099426	crfb1	3	85.9	85.8	NA	NA	NA	NA	NA	NA	NA
ENSDART00000022242	ogdha	90	42.8	42.6	17.7	25.1	56.0	66.4	NA	NA	NA
ENSDART00000089013	vrtn	1781	67.9	62.5	12.7	28.9	97.9	133.1	76.0	718.73	3.24137858216
ENSDART00000130230	nfatc2ip	38	48.6	33.9	7.4	14.2	74.8	126.1	19.82	33.2	0.744226279048
ENSDART00000129759	rdh10b	319	67.3	55.0	12.5	23.7	105.1	139.3	62.79	194.14	1.62849067964
ENSDART00000078651	dixdc1b	10	54.5	33.6	17.9	22.6	72.1	106.3	NA	NA	NA
ENSDART00000152687	si:ch211-286b5.4	38	27.0	20.9	9.6	14.1	35.4	46.1	38.18	6.66	-2.51922302033
ENSDART00000129758	slc4a2a	6	92.2	71.7	NA	NA	NA	NA	NA	NA	NA
ENSDART00000104233	cyfip1	232	70.7	66.0	21.7	37.8	92.6	123.1	12.93	73.7	2.51094234417
ENSDART00000111659	dfnb31a	8	17.5	15.2	NA	NA	NA	NA	NA	NA	NA
ENSDART00000112803	wdr20b	98	20.6	11.8	3.5	6.9	21.3	51.8	15.99	2.92	-2.4531296646
ENSDART00000121684	nat8l	26	92.4	83.7	15.4	30.9	143.6	183.8	NA	NA	NA
ENSDART00000113656	ppp2r3b	22	73.5	51.6	14.3	19.2	121.4	163.1	11.01	9.38	-0.231154641049
ENSDART00000124544	epn1	17	50.4	29.0	18.4	21.4	80.2	113.9	8.56	11.43	0.417142701813
ENSDART00000024578	npepl1	305	54.0	40.9	15.6	27.4	69.4	107.1	57.77	147.65	1.35378895668
ENSDART00000052649	WIPF3	137	69.9	61.8	23.1	34.8	93.0	140.3	NA	NA	NA
ENSDART00000112800	hmox2b	52	70.7	62.5	27.7	39.3	94.3	127.7	NA	NA	NA
ENSDART00000127933	MBD1	111	40.8	24.8	6.2	14.2	48.5	97.7	14.9	20.91	0.48888073124
ENSDART00000127932	MIIP	103	38.8	23.9	9.6	16.0	50.6	88.6	NA	NA	NA
ENSDART00000053870	galca	51	40.8	39.8	11.7	22.6	57.8	69.2	NA	NA	NA
ENSDART00000053877	zdhhc14	39	76.3	64.3	20.2	44.9	98.6	148.2	NA	NA	NA
ENSDART00000053875	LGALS8	1	19.8	19.8	NA	NA	NA	NA	NA	NA	NA
ENSDART00000002453	acsl4l	55	42.3	38.5	12.1	23.9	57.7	74.5	NA	NA	NA
ENSDART00000035098	f11r	1210	61.9	50.9	15.3	28.1	87.1	121.8	35.57	213.62	2.58631384499
ENSDART00000104234	cx35b	5	96.0	99.4	NA	NA	NA	NA	NA	NA	NA
ENSDART00000131013	C9HXorf21	1	25.1	25.1	NA	NA	NA	NA	NA	NA	NA
ENSDART00000109931	oafa	46	34.2	21.0	10.7	14.5	33.5	71.7	NA	NA	NA
ENSDART00000078998	crp2	24	51.4	55.0	36.5	45.9	64.3	69.1	27.88	16.33	-0.771705770307
ENSDART00000109935	lonrf1	85	61.1	41.2	12.4	21.5	80.5	142.4	NA	NA	NA
ENSDART00000022803	snx10a	44	66.1	43.6	12.0	23.4	115.0	142.2	NA	NA	NA
ENSDART00000124842	zgc:153867	279	97.2	97.9	28.5	53.9	133.5	158.2	65.03	216.92	1.73798574657
ENSDART00000091612	dab2ipa	8	26.2	27.3	NA	NA	NA	NA	NA	NA	NA
ENSDART00000091615	iffo1a	1	111.0	111.0	NA	NA	NA	NA	NA	NA	NA
ENSDART00000091616	sdhaf2	24	58.5	36.3	16.5	18.2	93.8	128.1	NA	NA	NA
ENSDART00000033621	tm9sf1	42	51.1	24.2	5.9	10.3	57.8	113.9	NA	NA	NA
ENSDART00000131088	FBF1	11	95.4	83.9	42.9	57.8	124.0	170.3	NA	NA	NA
ENSDART00000054062	zgc:113355	1	25.2	25.2	NA	NA	NA	NA	NA	NA	NA
ENSDART00000054064	zc3h13	140	56.6	42.2	11.0	19.6	81.5	125.7	47.15	40.92	-0.204451625817
ENSDART00000112809	ndufb5	123	58.0	43.8	12.7	21.5	85.8	127.0	32.58	59.83	0.876882459129
ENSDART00000054066	zic2b	1751	47.4	30.3	6.5	13.4	71.1	116.3	NA	NA	NA
ENSDART00000138798	CEP85	58	81.8	83.3	7.7	22.9	138.4	167.1	8.12	16.18	0.994659975245
ENSDART00000020665	sgta	4	21.4	23.2	NA	NA	NA	NA	NA	NA	NA
ENSDART00000138792	arhgap4b	14	36.7	23.5	7.6	11.2	40.1	74.2	NA	NA	NA
ENSDART00000129678	CABZ01088061.1	12	73.5	75.9	11.6	23.8	110.0	145.9	NA	NA	NA
ENSDART00000129679	abcd4	4	78.8	15.0	NA	NA	NA	NA	NA	NA	NA
ENSDART00000121478	otud5b	37	54.8	27.1	11.9	19.3	74.3	157.4	8.96	15.0	0.743391863326
ENSDART00000124073	CSF3	1	-0.9	-0.9	NA	NA	NA	NA	NA	NA	NA
ENSDART00000124152	rgs17	6	10.7	10.8	NA	NA	NA	NA	NA	NA	NA
ENSDART00000024316	mcm5	330	62.5	51.4	12.1	22.1	90.5	132.7	53.89	170.98	1.66573808714
ENSDART00000129194	si:ch211-113p18.3	12	50.3	35.2	18.3	25.3	62.4	93.6	NA	NA	NA
ENSDART00000024313	rnf150a	136	38.3	21.4	4.1	10.2	53.5	104.7	NA	NA	NA
ENSDART00000024312	dera	16	46.3	36.9	20.9	29.7	63.0	79.7	NA	NA	NA
ENSDART00000142482	paqr8	11	34.5	35.6	14.0	22.9	42.1	52.6	NA	NA	NA
ENSDART00000031727	vamp8	84	62.2	58.3	7.0	21.4	94.2	125.3	NA	NA	NA
ENSDART00000086795	zbtb44	5	58.5	65.3	NA	NA	NA	NA	NA	NA	NA
ENSDART00000003790	pwp1	100	86.8	74.7	25.4	40.2	123.2	158.2	31.88	28.72	-0.150595880167
ENSDART00000021360	galnt2	37	55.5	50.6	21.4	30.7	63.5	107.0	NA	NA	NA
ENSDART00000029781	ahsa1	3	43.1	23.2	NA	NA	NA	NA	NA	NA	NA
ENSDART00000003701	tie1	6	21.7	19.3	NA	NA	NA	NA	NA	NA	NA
ENSDART00000009755	rxrba	303	84.1	77.4	22.2	40.5	118.9	154.4	15.77	184.81	3.55078825731
ENSDART00000134226	ddx20	15	57.8	47.0	12.5	22.3	76.5	92.7	7.4	12.09	0.708217068733
ENSDART00000139771	RNF214	118	50.0	30.9	12.5	19.8	63.0	102.7	17.46	17.8	0.0278236822243
ENSDART00000078908	usp1	183	41.6	25.2	6.5	13.4	63.8	102.2	20.99	33.14	0.658871435929
ENSDART00000139775	sestd1	105	65.7	50.1	8.1	15.1	102.1	149.0	18.14	25.74	0.504837597692
ENSDART00000028787	ahr1b	1	13.3	13.3	NA	NA	NA	NA	NA	NA	NA
ENSDART00000047776	cblb	3	25.2	12.8	NA	NA	NA	NA	NA	NA	NA
ENSDART00000087229	LMLN	5	44.7	37.7	NA	NA	NA	NA	NA	NA	NA
ENSDART00000145061	pnpla7b	15	65.1	59.4	10.0	24.1	96.2	125.6	NA	NA	NA
ENSDART00000013011	vdac2	305	59.0	48.1	11.5	24.8	84.5	127.1	69.88	161.31	1.20688436408
ENSDART00000047772	mal	1	96.9	96.9	NA	NA	NA	NA	NA	NA	NA
ENSDART00000004217	coro1ca	430	42.4	37.0	13.1	22.0	57.2	74.7	23.05	121.35	2.39633545272
ENSDART00000137658	si:dkey-58f10.6	3	76.0	40.5	NA	NA	NA	NA	NA	NA	NA
ENSDART00000129490	C5H9orf16	11	77.6	69.3	34.6	53.8	102.3	109.7	NA	NA	NA
ENSDART00000129496	cyr61	6	51.9	49.6	NA	NA	NA	NA	NA	NA	NA
ENSDART00000145068	fat1	9	128.4	123.3	NA	NA	NA	NA	NA	NA	NA
ENSDART00000129495	C12H10orf88	84	51.2	35.9	7.7	14.9	78.3	116.6	9.89	10.41	0.0739276425403
ENSDART00000079234	msxa	2	217.0	217.0	NA	NA	NA	NA	NA	NA	NA
ENSDART00000079235	cd99l2	35	113.9	121.0	61.3	99.0	140.5	155.0	NA	NA	NA
ENSDART00000079233	CABZ01055343.1	11	42.9	32.3	24.2	25.4	42.3	54.2	NA	NA	NA
ENSDART00000076503	ap1g2	10	29.1	19.4	4.7	10.1	36.5	59.4	NA	NA	NA
ENSDART00000105133	wnt4a	4	29.9	9.1	NA	NA	NA	NA	NA	NA	NA
ENSDART00000090709	COQ7	11	29.5	25.7	10.0	16.2	38.5	50.6	NA	NA	NA
ENSDART00000149579	dpysl4	3	64.7	49.6	NA	NA	NA	NA	NA	NA	NA
ENSDART00000007021	atp6v1ba	76	68.2	35.0	12.0	22.1	116.0	154.9	NA	NA	NA
ENSDART00000017849	her7	188	41.7	21.2	4.4	9.2	62.7	102.4	NA	NA	NA
ENSDART00000149574	ca14	1	60.6	60.6	NA	NA	NA	NA	NA	NA	NA
ENSDART00000149571	ldb2a	7	22.8	18.8	NA	NA	NA	NA	NA	NA	NA
ENSDART00000122870	RAB11FIP5	6	13.1	8.8	NA	NA	NA	NA	NA	NA	NA
ENSDART00000125393	FP102169.1	130	57.2	37.7	12.6	17.5	81.4	130.4	NA	NA	NA
ENSDART00000128816	AL929134.2	1	75.3	75.3	NA	NA	NA	NA	NA	NA	NA
ENSDART00000125396	sfr1	22	28.3	20.5	8.4	10.7	31.8	67.0	NA	NA	NA
ENSDART00000122878	si:ch211-113a14.13	57	3.4	-3.9	-8.8	-6.3	0.5	22.8	NA	NA	NA
ENSDART00000024084	pck2	152	134.9	133.9	75.6	107.5	160.6	195.9	NA	NA	NA
ENSDART00000139510	si:dkey-111i23.1	1	46.2	46.2	NA	NA	NA	NA	NA	NA	NA
ENSDART00000063359	ucp2	1518	58.7	52.5	19.7	34.9	74.2	105.6	926.85	155.0	-2.58006765866
ENSDART00000078018	ruvbl2	217	80.0	72.2	28.4	47.6	109.6	135.4	85.09	213.7	1.32852541032
ENSDART00000065566	hars2	30	30.8	25.2	9.9	18.5	32.8	54.4	NA	NA	NA
ENSDART00000135209	prkag3b	2	27.9	27.9	NA	NA	NA	NA	NA	NA	NA
ENSDART00000145281	si:dkey-187a12.4	7	24.2	22.1	NA	NA	NA	NA	NA	NA	NA
ENSDART00000135207	rbm4.3	6069	81.7	80.6	30.6	55.2	104.6	130.6	182.49	1952.09	3.41913025391
ENSDART00000145282	sepp1a	9	44.1	39.5	NA	NA	NA	NA	NA	NA	NA
ENSDART00000063357	ccnb1	1909	40.9	24.4	5.1	10.9	55.9	106.3	338.64	1168.9	1.78732721296
ENSDART00000025046	ppp1caa	789	50.6	42.1	13.0	22.5	69.2	102.4	90.16	407.45	2.17606361006
ENSDART00000011970	zgc:66479	136	46.0	39.5	20.3	27.7	61.4	73.8	32.99	45.01	0.448216786821
ENSDART00000137131	dnah7	1	30.0	30.0	NA	NA	NA	NA	NA	NA	NA
ENSDART00000052293	sh3bgrl3	51	35.8	31.0	10.6	18.1	44.8	59.4	NA	NA	NA
ENSDART00000052292	trnau1apa	48	52.7	34.1	6.2	16.4	75.6	123.0	NA	NA	NA
ENSDART00000130828	cnrip1a	2	93.9	93.9	NA	NA	NA	NA	NA	NA	NA
ENSDART00000063483	prkchb	28	59.7	56.1	16.3	34.0	72.9	112.7	NA	NA	NA
ENSDART00000043455	smad3b	1	10.9	10.9	NA	NA	NA	NA	NA	NA	NA
ENSDART00000036499	aamdc	3	19.1	8.9	NA	NA	NA	NA	NA	NA	NA
ENSDART00000017153	hps4	9	47.3	17.3	NA	NA	NA	NA	NA	NA	NA
ENSDART00000076333	pgk1	35	18.9	13.3	4.5	7.9	22.2	31.9	NA	NA	NA
ENSDART00000152216	znf513	14	7.6	8.3	-0.4	1.7	13.1	17.6	NA	NA	NA
ENSDART00000043452	tsnaxip1	2	179.4	179.4	NA	NA	NA	NA	NA	NA	NA
ENSDART00000012659	zgc:55888	3	30.9	21.1	NA	NA	NA	NA	NA	NA	NA
ENSDART00000012658	etv1	1	42.9	42.9	NA	NA	NA	NA	NA	NA	NA
ENSDART00000032778	RNF144B	186	56.6	38.1	8.1	16.1	90.2	136.5	NA	NA	NA
ENSDART00000141618	ercc2	96	58.9	41.7	8.2	17.2	92.7	138.0	16.08	18.41	0.195222220171
ENSDART00000128728	cux2a	176	29.2	18.3	5.4	8.9	39.4	66.5	NA	NA	NA
ENSDART00000101091	zgc:65772	85	65.5	54.6	20.1	32.4	85.1	124.2	116.84	119.0	0.0264273102535
ENSDART00000144883	fam162a	33	64.8	33.4	13.0	17.2	112.1	152.1	NA	NA	NA
ENSDART00000144220	si:dkey-52k20.13	3	97.9	84.5	NA	NA	NA	NA	NA	NA	NA
ENSDART00000128722	RGS9BP	3	16.3	13.4	NA	NA	NA	NA	NA	NA	NA
ENSDART00000141616	abcb5	68	97.4	90.4	22.5	48.7	134.5	169.1	5.25	16.34	1.63801865559
ENSDART00000144225	osgep	27	88.9	91.3	20.9	46.0	125.4	139.9	NA	NA	NA
ENSDART00000144226	ctsll	1175	129.0	126.9	71.0	98.2	157.0	188.6	NA	NA	NA
ENSDART00000151418	ap2m1b	6	24.5	18.1	NA	NA	NA	NA	8.19	6.33	-0.371657952213
ENSDART00000115325	si:dkeyp-46h3.5	2	21.7	21.7	NA	NA	NA	NA	NA	NA	NA
ENSDART00000021208	RABGAP1	4	82.3	82.6	NA	NA	NA	NA	NA	NA	NA
ENSDART00000016793	memo1	103	31.8	23.2	6.4	13.4	37.4	63.0	13.07	54.44	2.05840792571
ENSDART00000111123	MSH4	1	19.8	19.8	NA	NA	NA	NA	NA	NA	NA
ENSDART00000122520	chchd3	42	37.3	39.7	9.0	25.9	52.3	60.3	11.62	31.03	1.41705362812
ENSDART00000097934	cdh4	1	31.3	31.3	NA	NA	NA	NA	NA	NA	NA
ENSDART00000108718	polr2d	255	68.0	60.5	18.7	35.3	94.8	131.2	117.81	183.85	0.642067172703
ENSDART00000097930	vsig8a	1	202.1	202.1	NA	NA	NA	NA	NA	NA	NA
ENSDART00000097938	NSUN6	2	42.5	42.5	NA	NA	NA	NA	NA	NA	NA
ENSDART00000026965	plxnb3	9	46.9	57.9	NA	NA	NA	NA	2.2	2.33	0.0828264311296
ENSDART00000112805	CR848784.2	7	29.3	26.1	NA	NA	NA	NA	NA	NA	NA
ENSDART00000089017	rnasen	13	58.0	21.5	10.4	16.1	67.5	167.7	3.71	4.11	0.147719207061
ENSDART00000152680	pyyb	1	230.0	230.0	NA	NA	NA	NA	NA	NA	NA
ENSDART00000112801	dhcr7	12	37.9	28.8	-0.9	21.5	57.4	82.0	NA	NA	NA
ENSDART00000124845	nmt1a	335	79.4	73.2	28.2	47.5	104.6	144.1	38.3	98.5	1.36277933242
ENSDART00000152689	OPLAH	2	29.3	29.3	NA	NA	NA	NA	NA	NA	NA
ENSDART00000026969	suco	53	40.7	20.6	7.3	11.9	42.2	111.7	7.78	2.17	-1.84207511254
ENSDART00000124840	PPP4R1L	299	52.7	36.0	12.6	20.1	66.9	123.9	130.94	31.19	-2.06975042621
ENSDART00000112808	col28a1	3	110.5	140.1	NA	NA	NA	NA	NA	NA	NA
ENSDART00000064369	akap7	6	45.6	37.3	NA	NA	NA	NA	NA	NA	NA
ENSDART00000013961	mycla	413	58.8	42.1	10.3	18.7	91.1	127.7	90.11	124.19	0.462789886058
ENSDART00000060998	nme5	1	22.5	22.5	NA	NA	NA	NA	NA	NA	NA
ENSDART00000080247	trim105	13	17.8	15.9	8.4	12.0	26.0	27.3	NA	NA	NA
ENSDART00000064365	C20H1orf198	121	55.9	41.2	12.1	19.9	80.7	130.5	13.93	54.36	1.96435019817
ENSDART00000127745	HIST1H4D	37	6.6	-2.3	-8.0	-5.3	4.6	34.4	NA	NA	NA
ENSDART00000103948	si:ch211-69g19.2	628	61.1	53.6	14.0	26.0	89.3	121.5	95.03	259.81	1.45100202616
ENSDART00000006737	sox5	18	50.1	50.2	8.0	15.0	77.8	90.6	NA	NA	NA
ENSDART00000078014	poldip2	118	58.8	47.8	13.6	22.5	88.2	120.9	12.64	25.72	1.02489417915
ENSDART00000078336	klc3	3	28.7	35.2	NA	NA	NA	NA	NA	NA	NA
ENSDART00000011657	cdc6	616	40.3	27.1	11.1	16.3	51.9	92.6	107.0	349.27	1.7067319334
ENSDART00000103493	MARC2	11	42.2	45.0	22.7	35.5	50.8	52.4	NA	NA	NA
ENSDART00000138801	si:ch73-299h12.6	5	68.7	40.5	NA	NA	NA	NA	NA	NA	NA
ENSDART00000103491	rbp7b	1	87.4	87.4	NA	NA	NA	NA	NA	NA	NA
ENSDART00000133859	lyrm5b	3	135.0	144.9	NA	NA	NA	NA	NA	NA	NA
ENSDART00000011303	ywhae2	289	102.5	101.6	47.2	72.4	133.5	158.8	NA	NA	NA
ENSDART00000103498	si:ch211-154o6.3	23	70.1	54.8	24.8	41.7	103.4	110.6	NA	NA	NA
ENSDART00000011305	dpp3	99	47.1	41.7	20.8	31.8	55.0	71.7	15.76	64.7	2.03749817742
ENSDART00000108571	ptprt	2	21.4	21.4	NA	NA	NA	NA	NA	NA	NA
ENSDART00000100769	hsd20b2	71	109.1	96.0	33.4	65.5	146.6	200.1	NA	NA	NA
ENSDART00000108575	psma1	205	93.1	91.1	28.6	56.9	126.6	158.0	NA	NA	NA
ENSDART00000030211	gmfb	143	81.1	82.1	31.0	59.2	102.1	125.2	NA	NA	NA
ENSDART00000122127	copa	230	44.1	33.1	11.0	19.2	52.6	102.9	20.56	67.58	1.71675608597
ENSDART00000065012	sh3bp2	1	31.6	31.6	NA	NA	NA	NA	NA	NA	NA
ENSDART00000030215	rpl18a	1690	90.3	83.6	37.8	53.8	121.3	152.8	1195.73	520.83	-1.19900720497
ENSDART00000075889	trub1	58	58.6	42.9	11.7	19.3	97.6	114.7	13.83	68.75	2.31355855704
ENSDART00000066789	stard3nl	232	61.8	53.2	18.4	32.4	80.9	116.2	NA	NA	NA
ENSDART00000092024	si:dkey-32e23.4	8	13.0	12.2	NA	NA	NA	NA	NA	NA	NA
ENSDART00000059307	smpd2	6	59.2	41.4	NA	NA	NA	NA	NA	NA	NA
ENSDART00000004984	daam1b	5	81.6	86.0	NA	NA	NA	NA	NA	NA	NA
ENSDART00000122414	si:dkey-15j16.6	8	107.9	108.7	NA	NA	NA	NA	NA	NA	NA
ENSDART00000056294	pitrm1	64	27.0	21.0	6.7	12.0	34.6	45.9	8.17	9.52	0.220625495162
ENSDART00000045850	si:ch211-243j20.2	7	55.5	39.0	NA	NA	NA	NA	NA	NA	NA
ENSDART00000060193	thap3	3	56.7	65.8	NA	NA	NA	NA	NA	NA	NA
ENSDART00000060191	suv420h1	227	53.2	36.5	10.4	15.7	80.0	125.1	22.69	37.84	0.737855479667
ENSDART00000018939	tha1	5	44.7	16.0	NA	NA	NA	NA	NA	NA	NA
ENSDART00000000087	itsn1	5	51.5	59.3	NA	NA	NA	NA	7.29	20.08	1.46176854962
ENSDART00000018423	ywhaqb	231	96.9	97.3	32.4	61.9	127.6	157.9	NA	NA	NA
ENSDART00000018425	slc12a2	92	61.5	38.8	5.0	20.9	78.3	172.5	5.7	16.61	1.54301824891
ENSDART00000018934	pde4d	2	74.9	74.9	NA	NA	NA	NA	NA	NA	NA
ENSDART00000010256	eif3m	600	70.6	58.8	23.7	36.3	99.7	136.1	263.35	238.22	-0.14468691829
ENSDART00000126570	NFRKB	96	61.7	47.5	7.7	18.1	95.3	141.0	6.62	16.96	1.35723304776
ENSDART00000126577	add3b	121	108.5	108.8	41.0	80.1	135.0	168.6	NA	NA	NA
ENSDART00000082797	coq2	10	62.1	45.3	20.6	33.2	101.8	120.1	NA	NA	NA
ENSDART00000015374	cyb5r1	6	28.9	28.7	NA	NA	NA	NA	NA	NA	NA
ENSDART00000078484	rangap1b	121	57.9	51.8	7.9	23.3	84.1	117.8	17.29	30.93	0.839068964447
ENSDART00000146480	pou2f1b	157	61.7	48.0	9.9	17.1	94.4	139.2	NA	NA	NA
ENSDART00000066781	elovl2	1	124.6	124.6	NA	NA	NA	NA	NA	NA	NA
ENSDART00000124716	CU571336.1	63	86.0	68.7	26.7	40.0	116.5	157.0	15.3	29.98	0.970468730368
ENSDART00000124715	im:7151068	2	22.0	22.0	NA	NA	NA	NA	NA	NA	NA
ENSDART00000124710	dlg5a	8	76.1	42.7	NA	NA	NA	NA	2.64	0.71	-1.89464699985
ENSDART00000104520	cnbpb	312	106.4	101.5	46.3	73.6	134.6	175.6	NA	NA	NA
ENSDART00000019330	ech1	66	37.8	34.8	13.9	23.5	50.6	61.7	NA	NA	NA
ENSDART00000081043	zgc:174160	52	67.9	66.4	7.7	24.0	92.0	149.6	8.95	12.64	0.498036876025
ENSDART00000147287	ank2b	5	49.9	57.5	NA	NA	NA	NA	NA	NA	NA
ENSDART00000147285	tomm70a	174	45.9	32.4	10.6	17.4	62.1	103.8	27.57	81.7	1.56723681102
ENSDART00000081047	atp1a1a.1	1099	60.4	53.0	19.6	33.0	77.5	117.4	68.85	180.26	1.38855073633
ENSDART00000114495	wu:fk48d07	756	75.5	68.6	24.4	42.2	102.1	136.8	33.48	276.31	3.04491634301
ENSDART00000056747	shhb	1	170.3	170.3	NA	NA	NA	NA	NA	NA	NA
ENSDART00000056742	bre	20	21.4	15.6	5.1	10.2	30.5	42.2	NA	NA	NA
ENSDART00000127167	fam217b	2	18.0	18.0	NA	NA	NA	NA	NA	NA	NA
ENSDART00000147389	tmem35	25	71.6	70.6	27.4	46.0	101.8	121.1	NA	NA	NA
ENSDART00000147572	hipk3a	128	75.3	67.5	16.9	26.8	113.0	144.7	6.16	13.68	1.15106597419
ENSDART00000122412	mpzl2b	120	35.2	31.3	14.1	22.1	42.8	59.4	34.53	54.07	0.646978022229
ENSDART00000126417	bri3	151	53.5	42.5	16.1	25.4	70.4	105.1	NA	NA	NA
ENSDART00000122294	ythdf3	44	35.1	28.2	3.9	13.0	52.9	70.0	NA	NA	NA
ENSDART00000123932	vps28	178	61.1	43.1	7.5	17.6	93.0	146.2	NA	NA	NA
ENSDART00000106039	CU074314.1	40	45.9	35.3	2.0	10.1	71.7	108.9	6.23	22.44	1.84876860758
ENSDART00000054290	ddost	223	34.0	26.3	11.3	16.2	40.8	65.4	28.13	29.18	0.0528703306032
ENSDART00000085210	CACNA1H	53	55.6	41.6	9.8	15.0	84.2	123.2	NA	NA	NA
ENSDART00000103236	ankrd37	18	83.8	71.8	24.7	42.8	133.4	154.5	NA	NA	NA
ENSDART00000103234	gmds	161	84.4	83.3	17.3	40.7	120.7	149.8	28.76	181.14	2.6549695818
ENSDART00000103235	flad1	13	71.5	41.4	10.2	19.4	116.0	188.4	NA	NA	NA
ENSDART00000085219	lmo4a	65	54.2	36.5	8.4	12.3	82.0	125.5	NA	NA	NA
ENSDART00000059017	nfkbil1	12	57.1	59.5	31.3	47.5	73.8	84.5	NA	NA	NA
ENSDART00000103239	tspan4	6	52.4	37.4	NA	NA	NA	NA	NA	NA	NA
ENSDART00000059013	sec61b	794	63.5	58.3	20.3	33.1	88.5	114.3	398.36	1350.78	1.76164802735
ENSDART00000043626	crfb8	2	99.1	99.1	NA	NA	NA	NA	NA	NA	NA
ENSDART00000073459	BOLA2	13	78.5	77.6	44.8	50.1	99.6	125.8	NA	NA	NA
ENSDART00000079824	tbc1d15	19	56.5	37.3	13.3	19.5	61.5	161.6	NA	NA	NA
ENSDART00000073452	si:ch211-113a14.12	136	58.5	55.8	29.1	38.1	73.6	90.6	NA	NA	NA
ENSDART00000021406	ppil1	550	86.7	82.3	26.3	46.1	120.0	151.0	187.95	201.06	0.0972771769952
ENSDART00000139073	rassf4	2	40.2	40.2	NA	NA	NA	NA	NA	NA	NA
ENSDART00000073454	zgc:110434	19	33.3	35.4	-7.3	-1.6	50.4	68.7	NA	NA	NA
ENSDART00000004255	jak2a	15	35.9	37.5	10.2	16.9	50.6	61.1	6.17	0.75	-3.04030798865
ENSDART00000093131	FRMD4A	2	149.9	149.9	NA	NA	NA	NA	NA	NA	NA
ENSDART00000143052	cox14	16	54.4	46.2	17.4	35.6	63.5	105.2	NA	NA	NA
ENSDART00000009227	orai1b	37	55.8	38.9	11.2	20.7	77.8	114.5	NA	NA	NA
ENSDART00000143056	zyx	268	72.1	60.0	16.9	27.3	107.4	150.3	6.7	52.39	2.96705846132
ENSDART00000040756	zgc:136493	13	24.4	21.9	11.3	16.4	32.8	34.4	NA	NA	NA
ENSDART00000040754	mark2a	137	73.5	59.7	13.1	25.1	104.3	147.5	7.14	23.57	1.72295577922
ENSDART00000010079	hspa5	299	45.8	26.8	9.1	15.2	66.2	111.8	82.74	37.49	-1.14207913195
ENSDART00000067339	mcm10	108	85.5	67.1	16.4	26.9	134.6	181.1	14.29	24.36	0.769508216811
ENSDART00000057364	zbtb48	24	38.5	21.3	4.6	8.8	51.9	83.7	5.41	6.61	0.289021677681
ENSDART00000047902	arcn1b	150	24.6	21.1	6.2	11.8	32.4	41.6	17.76	65.12	1.87446911792
ENSDART00000066733	GPR22	1	91.9	91.9	NA	NA	NA	NA	NA	NA	NA
ENSDART00000036375	dscr3	18	34.5	21.2	7.4	12.2	44.6	64.4	17.85	10.31	-0.791879741548
ENSDART00000133898	dnal4a	86	46.5	34.5	10.5	18.1	63.6	98.7	NA	NA	NA
ENSDART00000075663	efcab4a	5	37.1	24.0	NA	NA	NA	NA	NA	NA	NA
ENSDART00000076073	cyb5b	7	31.8	26.4	NA	NA	NA	NA	NA	NA	NA
ENSDART00000114491	ror2	83	39.6	21.1	5.6	12.5	65.2	106.2	12.46	30.03	1.26910040653
ENSDART00000008398	CABZ01084570.1	1	64.9	64.9	NA	NA	NA	NA	NA	NA	NA
ENSDART00000132535	G3BP2	13	89.2	82.8	37.8	55.6	111.5	142.6	NA	NA	NA
ENSDART00000132536	hcfc1b	493	77.0	67.9	13.3	29.8	116.7	158.4	24.03	104.27	2.11741557957
ENSDART00000112356	si:ch211-150o23.3	4	80.1	48.4	NA	NA	NA	NA	NA	NA	NA
ENSDART00000060190	echdc1	1	76.1	76.1	NA	NA	NA	NA	NA	NA	NA
ENSDART00000051901	pltp	4	76.8	68.7	NA	NA	NA	NA	NA	NA	NA
ENSDART00000009564	shox2	3	31.4	20.7	NA	NA	NA	NA	NA	NA	NA
ENSDART00000153310	cad	40	32.3	28.2	12.3	18.3	41.1	50.6	59.85	67.82	0.180359537195
ENSDART00000134247	lmo2	54	53.6	37.9	12.8	20.6	72.8	101.4	NA	NA	NA
ENSDART00000109549	inpp5k	1	7.9	7.9	NA	NA	NA	NA	NA	NA	NA
ENSDART00000083111	TTYH3	62	38.7	27.6	13.9	18.8	42.3	85.1	NA	NA	NA
ENSDART00000153317	abracl	212	63.1	57.5	21.1	35.4	85.2	116.7	NA	NA	NA
ENSDART00000057507	ssbp1	143	73.6	58.9	17.1	33.6	109.5	143.3	61.81	96.48	0.642389642194
ENSDART00000109546	unc5b	3	99.5	113.8	NA	NA	NA	NA	NA	NA	NA
ENSDART00000057500	drg1	316	45.5	36.3	14.4	23.1	59.1	87.2	58.82	80.76	0.457334126444
ENSDART00000088826	h2afy	118	95.3	96.2	21.8	49.1	136.3	164.9	NA	NA	NA
ENSDART00000130554	isg15	50	32.5	22.5	9.3	14.5	33.6	59.6	NA	NA	NA
ENSDART00000130550	CR381544.1	9	21.1	21.3	NA	NA	NA	NA	NA	NA	NA
ENSDART00000130553	gro1	62	55.2	28.9	7.6	15.9	73.5	154.4	7.5	19.64	1.38883242893
ENSDART00000135072	poc5	17	38.6	17.0	2.9	5.0	30.1	78.5	NA	NA	NA
ENSDART00000005616	rnpep	24	28.0	23.6	13.9	19.4	37.9	54.4	NA	NA	NA
ENSDART00000135079	zgc:63568	3	49.6	43.5	NA	NA	NA	NA	NA	NA	NA
ENSDART00000142336	hipk3b	7	56.8	23.0	NA	NA	NA	NA	NA	NA	NA
ENSDART00000097251	DUSP21	2	15.4	15.4	NA	NA	NA	NA	NA	NA	NA
ENSDART00000092552	ptprga	27	64.6	74.0	9.6	17.3	104.5	132.2	NA	NA	NA
ENSDART00000097254	sftpbb	2	44.1	44.1	NA	NA	NA	NA	NA	NA	NA
ENSDART00000097259	st3gal4	1	0.3	0.3	NA	NA	NA	NA	NA	NA	NA
ENSDART00000142674	zfp36l2	109	62.7	48.3	9.8	18.5	98.6	131.0	NA	NA	NA
ENSDART00000034218	acin1b	211	68.0	50.6	12.8	23.9	109.7	143.2	133.72	211.93	0.664372564489
ENSDART00000101565	C9H2orf47	150	67.4	53.0	16.3	26.4	94.9	141.0	40.06	46.09	0.202291346524
ENSDART00000101561	ttll7	16	27.1	22.6	9.5	14.2	35.6	50.9	NA	NA	NA
ENSDART00000101563	btr02	12	66.7	60.4	12.7	24.5	98.4	152.1	NA	NA	NA
ENSDART00000049572	ncapd3	66	52.6	38.0	13.8	22.6	66.2	109.8	9.48	29.12	1.6190513913
ENSDART00000032474	pabpc1b	16	72.8	73.3	48.2	59.2	86.2	94.6	NA	NA	NA
ENSDART00000105236	smyd3	8	34.4	35.1	NA	NA	NA	NA	NA	NA	NA
ENSDART00000077804	SLC22A15	2	87.8	87.8	NA	NA	NA	NA	NA	NA	NA
ENSDART00000021437	gria1a	2	36.0	36.0	NA	NA	NA	NA	NA	NA	NA
ENSDART00000128406	BX324198.2	21	34.6	28.8	9.2	15.7	57.1	60.4	NA	NA	NA
ENSDART00000109764	C4H12orf45	159	59.7	50.6	14.8	31.6	82.6	123.6	36.39	155.14	2.09195675047
ENSDART00000006257	zgc:101572	4	79.3	42.8	NA	NA	NA	NA	NA	NA	NA
ENSDART00000109091	mettl1	87	66.8	54.2	27.6	39.2	80.5	122.0	34.46	38.28	0.151668128261
ENSDART00000109761	GANAB	18	78.3	51.2	21.7	30.0	108.7	153.5	4.44	4.34	-0.0328646339056
ENSDART00000028648	eef1db	58	68.0	48.0	25.2	31.9	104.2	142.4	17.34	9.46	-0.874191809882
ENSDART00000136332	tmem56b	11	60.1	39.5	13.3	34.0	73.4	155.1	NA	NA	NA
ENSDART00000111333	mterfd3	4	10.1	10.1	NA	NA	NA	NA	NA	NA	NA
ENSDART00000111334	mtpap	15	45.3	30.1	2.6	7.2	56.0	101.6	NA	NA	NA
ENSDART00000127809	BX000701.1	58	64.3	50.5	18.2	23.9	74.4	150.1	NA	NA	NA
ENSDART00000129803	zc3h3	95	34.8	27.7	14.3	19.5	37.0	47.7	6.52	4.77	-0.450882698226
ENSDART00000077800	tfdp1a	162	60.1	42.0	11.5	17.6	93.7	127.8	16.18	121.73	2.91140124693
ENSDART00000133661	tasp1	11	49.2	28.4	18.4	23.0	63.9	66.7	NA	NA	NA
ENSDART00000076974	gfpt2	92	69.3	56.0	14.1	30.1	110.4	141.1	NA	NA	NA
ENSDART00000062745	riok3	51	85.7	69.4	25.0	43.9	133.1	150.5	10.69	16.57	0.632311749501
ENSDART00000077802	si:busm1-194e12.12	1	15.5	15.5	NA	NA	NA	NA	NA	NA	NA
ENSDART00000062292	atf2	7	41.2	30.6	NA	NA	NA	NA	NA	NA	NA
ENSDART00000142010	ncam1b	2	52.3	52.3	NA	NA	NA	NA	NA	NA	NA
ENSDART00000142013	penka	1	25.0	25.0	NA	NA	NA	NA	NA	NA	NA
ENSDART00000112588	TJP1	42	41.4	37.1	16.0	22.8	50.2	64.8	5.41	8.38	0.631321649873
ENSDART00000089844	HIST2H3A	57	41.2	37.0	8.0	22.5	46.5	77.6	NA	NA	NA
ENSDART00000089845	IM:7163548	464	75.2	55.6	20.7	33.1	101.9	157.6	33.76	121.25	1.84459793814
ENSDART00000086326	rab8a	117	25.6	18.9	5.2	10.7	31.0	53.4	NA	NA	NA
ENSDART00000112584	NSMCE2	31	49.2	40.4	7.8	15.6	73.4	105.9	NA	NA	NA
ENSDART00000062676	supt5h	165	84.7	75.2	27.4	46.9	112.2	145.0	33.72	122.98	1.86674727054
ENSDART00000101152	spint2	154	50.2	35.6	18.6	23.9	54.4	110.2	27.41	109.84	2.00262929732
ENSDART00000077809	cyp26c1	2	12.2	12.2	NA	NA	NA	NA	NA	NA	NA
ENSDART00000003511	llgl1	65	39.2	23.8	6.0	11.4	43.3	93.9	4.03	32.5	3.01158797428
ENSDART00000130594	afap1	1	35.0	35.0	NA	NA	NA	NA	NA	NA	NA
ENSDART00000003042	mdkb	5	139.2	135.7	NA	NA	NA	NA	NA	NA	NA
ENSDART00000003040	itln3	1	161.0	161.0	NA	NA	NA	NA	NA	NA	NA
ENSDART00000008761	arl6ip5b	33	31.2	23.9	8.1	13.0	36.2	74.5	NA	NA	NA
ENSDART00000006038	shisa4	2	50.1	50.1	NA	NA	NA	NA	NA	NA	NA
ENSDART00000091397	TNKS	125	70.4	54.3	13.6	28.0	111.3	161.4	14.32	21.71	0.600328233351
ENSDART00000114936	ESAM	2	30.0	30.0	NA	NA	NA	NA	NA	NA	NA
ENSDART00000113182	COMMD6	6	29.8	31.5	NA	NA	NA	NA	NA	NA	NA
ENSDART00000017309	ca16b	6	41.5	16.6	NA	NA	NA	NA	NA	NA	NA
ENSDART00000017304	cpsf4	78	59.8	51.3	12.8	23.6	84.0	123.0	NA	NA	NA
ENSDART00000017305	ZNF76	17	35.9	35.0	17.0	20.0	38.2	54.7	8.98	2.26	-1.99039267233
ENSDART00000026712	mmp2	2	7.4	7.4	NA	NA	NA	NA	NA	NA	NA
ENSDART00000017307	zgc:91890	1	30.5	30.5	NA	NA	NA	NA	NA	NA	NA
ENSDART00000132950	rad17	3	73.6	21.0	NA	NA	NA	NA	NA	NA	NA
ENSDART00000150664	svopl	488	40.1	26.6	9.6	14.5	51.3	97.0	38.46	38.3	-0.00601437052758
ENSDART00000127769	plekhg7	11	102.2	99.0	14.8	40.1	146.1	226.1	NA	NA	NA
ENSDART00000127766	padi2	29	36.7	33.2	10.0	18.5	46.2	62.3	NA	NA	NA
ENSDART00000053460	NAT6	23	24.0	14.2	5.4	6.7	25.7	64.2	NA	NA	NA
ENSDART00000127420	MDP1	37	33.2	34.5	12.0	18.5	40.8	55.7	NA	NA	NA
ENSDART00000151371	hmp19	14	68.6	65.7	34.6	49.4	85.9	106.0	NA	NA	NA
ENSDART00000022015	vps26b	102	32.2	22.8	9.0	15.9	37.2	67.9	10.74	38.34	1.83585634368
ENSDART00000127428	PELI3	5	46.3	36.5	NA	NA	NA	NA	NA	NA	NA
ENSDART00000047636	PITHD1	61	51.6	43.3	19.7	28.0	65.3	90.1	29.14	31.94	0.132363435347
ENSDART00000123737	AMZ2	1	6.0	6.0	NA	NA	NA	NA	NA	NA	NA
ENSDART00000123732	nlk1	145	83.0	80.4	17.5	39.9	118.5	155.1	14.23	60.01	2.076267268
ENSDART00000054340	rpl9	1167	73.2	58.6	25.3	36.8	109.4	136.6	730.83	284.08	-1.36323859121
ENSDART00000139235	tnnt2d	1	80.4	80.4	NA	NA	NA	NA	NA	NA	NA
ENSDART00000148504	ctbp2	56	58.0	45.5	16.7	28.6	82.5	125.2	NA	NA	NA
ENSDART00000145541	cadm1a	2	41.2	41.2	NA	NA	NA	NA	NA	NA	NA
ENSDART00000087055	TRIO	17	64.7	60.0	5.3	9.4	104.9	141.3	2.57	1.84	-0.482062593137
ENSDART00000148500	dlgap4a	74	64.6	39.2	14.6	23.9	97.3	157.1	11.44	16.43	0.522245428172
ENSDART00000148502	clcn5	32	38.3	32.7	7.6	15.8	45.9	66.7	NA	NA	NA
ENSDART00000113232	YEATS2	75	51.6	37.5	15.1	22.7	55.9	102.6	3.62	17.83	2.30024510054
ENSDART00000020344	zgc:86598	626	68.3	64.4	10.6	23.6	104.8	135.0	63.9	145.69	1.18901401953
ENSDART00000020342	sgsm3	4	21.9	24.3	NA	NA	NA	NA	NA	NA	NA
ENSDART00000114514	ptpn9b	64	86.4	78.6	17.4	29.5	125.4	161.8	NA	NA	NA
ENSDART00000140736	SHISA4	102	53.0	37.2	17.2	24.7	74.7	109.5	15.23	65.05	2.09463311512
ENSDART00000111028	chl1a	1	41.2	41.2	NA	NA	NA	NA	NA	NA	NA
ENSDART00000110429	zgc:194285	1	-1.1	-1.1	NA	NA	NA	NA	NA	NA	NA
ENSDART00000054153	denr	334	64.0	47.8	18.7	27.3	85.3	139.9	139.93	128.66	-0.121141705456
ENSDART00000121643	EVA1C	24	30.6	31.6	13.9	20.2	37.6	46.7	NA	NA	NA
ENSDART00000140731	si:ch211-11k18.4	81	27.3	21.3	6.4	14.5	34.6	53.5	13.71	9.46	-0.53531648244
ENSDART00000098540	gltscr1	142	72.6	59.3	9.7	16.4	124.4	160.9	11.39	16.99	0.576918105476
ENSDART00000098547	apol1	2	28.4	28.4	NA	NA	NA	NA	NA	NA	NA
ENSDART00000110426	CECR2	202	70.4	55.7	13.6	25.7	113.7	150.4	11.08	41.97	1.92140058184
ENSDART00000098545	tmem150a	3	162.7	141.4	NA	NA	NA	NA	NA	NA	NA
ENSDART00000110424	wu:fj08f03	1	63.7	63.7	NA	NA	NA	NA	NA	NA	NA
ENSDART00000110527	ahsa1l	137	46.2	34.9	9.0	14.5	64.2	99.5	45.05	72.81	0.692609503171
ENSDART00000038740	GALNT9	1	15.0	15.0	NA	NA	NA	NA	NA	NA	NA
ENSDART00000149631	sbds	49	53.4	33.0	13.1	21.2	80.0	115.4	NA	NA	NA
ENSDART00000127397	utp15	221	80.5	79.4	16.9	45.8	113.7	138.0	39.13	69.78	0.834538487294
ENSDART00000127396	ppm1lb	13	30.6	30.9	4.3	19.9	41.0	55.2	NA	NA	NA
ENSDART00000038748	dyrk1b	67	63.6	43.5	13.5	23.5	94.0	147.0	15.08	6.03	-1.32240652137
ENSDART00000078305	zswim5	186	54.3	29.8	7.2	12.9	81.9	132.1	13.73	52.82	1.94375267602
ENSDART00000110529	bub1bb	238	47.3	24.1	4.8	11.0	67.4	124.5	25.12	202.82	3.0132915536
ENSDART00000022270	AL844567.1	10	64.9	53.7	16.3	35.4	75.1	124.0	3.03	4.51	0.573809639782
ENSDART00000060291	ighmbp2	29	69.2	53.8	12.6	27.3	97.7	154.8	NA	NA	NA
ENSDART00000031970	HOOK3	29	45.7	35.3	6.2	15.3	62.2	109.5	18.16	2.41	-2.91365915106
ENSDART00000031976	tmem136a	83	62.3	51.2	17.2	29.2	82.3	124.5	NA	NA	NA
ENSDART00000060296	dnaaf2	1	83.6	83.6	NA	NA	NA	NA	NA	NA	NA
ENSDART00000126388	rela	29	88.2	81.2	14.5	45.7	138.2	174.9	NA	NA	NA
ENSDART00000144149	angptl4	17	82.9	61.2	16.5	49.6	121.0	149.4	NA	NA	NA
ENSDART00000022279	GTSE1	30	36.7	19.7	4.2	9.4	43.1	91.0	8.28	26.37	1.67119489837
ENSDART00000126385	CABZ01112436.1	1	6.1	6.1	NA	NA	NA	NA	NA	NA	NA
ENSDART00000126384	ube4b	259	56.9	37.9	13.2	22.9	74.4	125.0	30.27	45.08	0.574598840345
ENSDART00000011461	cpn1	129	112.5	109.3	64.5	82.6	130.1	167.7	NA	NA	NA
ENSDART00000138664	CLCN5	20	42.1	18.2	7.8	13.0	46.9	107.5	NA	NA	NA
ENSDART00000104042	atf7b	95	54.5	37.9	9.1	16.9	76.5	121.2	NA	NA	NA
ENSDART00000124341	zgc:171474	84	35.3	32.6	12.1	17.6	43.9	54.6	7.44	4.07	-0.870273826842
ENSDART00000123467	CU856539.4	2	20.5	20.5	NA	NA	NA	NA	NA	NA	NA
ENSDART00000082067	ft1	1	129.1	129.1	NA	NA	NA	NA	NA	NA	NA
ENSDART00000137699	cnot3a	107	55.3	41.1	9.4	18.6	84.1	116.9	18.79	45.43	1.27368023864
ENSDART00000052331	rps20	1187	76.4	62.3	31.2	41.8	106.5	135.4	2516.87	351.02	-2.84200556298
ENSDART00000137693	sdhaf1	2	7.8	7.8	NA	NA	NA	NA	NA	NA	NA
ENSDART00000137690	si:dkey-30j22.5	4	48.7	49.2	NA	NA	NA	NA	NA	NA	NA
ENSDART00000100574	stam2	95	67.2	47.9	14.4	23.3	99.7	144.2	NA	NA	NA
ENSDART00000146372	rab3da	85	32.8	28.8	6.7	15.9	43.3	62.4	NA	NA	NA
ENSDART00000140086	SUN2	44	66.3	38.1	9.8	17.7	79.0	182.7	NA	NA	NA
ENSDART00000016728	aga	51	46.9	30.9	12.7	20.8	56.7	102.6	18.35	12.79	-0.520763798849
ENSDART00000043713	angpt1	1	9.5	9.5	NA	NA	NA	NA	NA	NA	NA
ENSDART00000043711	aox1	9	43.1	49.1	NA	NA	NA	NA	NA	NA	NA
ENSDART00000043715	ces3	1	101.6	101.6	NA	NA	NA	NA	NA	NA	NA
ENSDART00000089968	rasl10a	12	55.2	44.6	35.8	40.6	60.9	98.7	NA	NA	NA
ENSDART00000015302	tomm40	348	62.7	51.2	20.2	30.8	76.7	119.9	46.76	97.46	1.05953529266
ENSDART00000088005	abcb10	52	81.1	73.2	9.2	38.2	118.3	157.6	NA	NA	NA
ENSDART00000034230	lrpprc	82	77.9	67.9	35.0	52.2	96.5	129.8	7.35	23.53	1.6786851655
ENSDART00000010846	gpc5	3	44.1	42.9	NA	NA	NA	NA	NA	NA	NA
ENSDART00000016167	zw10	7	50.1	28.2	NA	NA	NA	NA	NA	NA	NA
ENSDART00000127160	CABZ01064973.1	2	76.2	76.2	NA	NA	NA	NA	NA	NA	NA
ENSDART00000002186	uck2a	250	33.5	28.0	9.2	17.9	43.6	60.3	26.89	133.06	2.30693527851
ENSDART00000135855	arpc5lb	18	69.5	35.9	6.1	12.8	89.1	147.8	NA	NA	NA
ENSDART00000024224	fen1	265	63.7	53.6	17.9	27.6	89.5	124.0	62.65	120.13	0.939210064831
ENSDART00000047159	hmgb2a	9103	125.0	125.7	73.7	100.2	149.3	173.4	1622.37	4459.24	1.45869496863
ENSDART00000112765	PRKD3	5	68.9	63.8	NA	NA	NA	NA	NA	NA	NA
ENSDART00000106388	EEF1E1	5	23.4	17.9	NA	NA	NA	NA	NA	NA	NA
ENSDART00000132329	stx17	8	39.9	18.2	NA	NA	NA	NA	NA	NA	NA
ENSDART00000037182	ankrd44	8	59.7	42.7	NA	NA	NA	NA	NA	NA	NA
ENSDART00000112343	TAF2	3	53.3	34.1	NA	NA	NA	NA	NA	NA	NA
ENSDART00000080423	ctsd	698	44.3	36.8	14.8	23.1	53.6	85.0	42.75	133.45	1.64230298037
ENSDART00000043908	calcrlb	3	70.0	39.9	NA	NA	NA	NA	NA	NA	NA
ENSDART00000112348	fam26e	2	10.5	10.5	NA	NA	NA	NA	NA	NA	NA
ENSDART00000051224	pafah1b2	16	28.4	23.6	9.4	16.8	28.5	64.5	NA	NA	NA
ENSDART00000122605	ATXN7L1	6	47.0	40.7	NA	NA	NA	NA	NA	NA	NA
ENSDART00000077834	rps27.2	437	64.1	58.2	24.0	38.2	86.4	112.0	1137.1	810.37	-0.488706463271
ENSDART00000077835	dexi	12	50.0	23.9	9.7	10.5	68.4	120.9	NA	NA	NA
ENSDART00000023058	efhc1	2	66.1	66.1	NA	NA	NA	NA	NA	NA	NA
ENSDART00000133353	apobb	6	144.9	117.5	NA	NA	NA	NA	NA	NA	NA
ENSDART00000090644	MRPL2	111	72.9	68.0	23.1	34.9	94.2	135.9	33.14	32.15	-0.0437548650061
ENSDART00000150899	nin	8	41.5	21.6	NA	NA	NA	NA	4.4	0.46	-3.25779775747
ENSDART00000018686	rrp15	403	89.6	84.5	28.2	52.0	122.6	156.8	118.34	158.21	0.418902991105
ENSDART00000080129	ston2	27	31.0	17.0	6.2	10.9	27.9	58.8	NA	NA	NA
ENSDART00000104058	ncalda	255	58.0	48.1	19.9	33.5	73.7	114.6	61.23	103.18	0.752852763399
ENSDART00000144366	si:dkey-30k6.5	129	56.9	37.9	10.3	16.9	90.5	121.9	7.87	12.94	0.717402076485
ENSDART00000088077	zgc:158398	21	42.7	33.6	13.6	19.8	57.9	74.4	NA	NA	NA
ENSDART00000104051	cdipt	166	45.9	41.4	16.9	28.0	59.1	72.2	17.75	33.9	0.933466248744
ENSDART00000085512	si:dkey-226m8.9	22	30.6	26.3	4.7	15.6	46.9	59.9	NA	NA	NA
ENSDART00000103007	si:ch211-113a14.23	8	34.2	-2.4	NA	NA	NA	NA	NA	NA	NA
ENSDART00000111927	WDR81	36	34.1	27.4	6.1	14.8	42.5	67.7	2.34	5.11	1.12681476135
ENSDART00000056749	htr5a	4	27.3	26.1	NA	NA	NA	NA	NA	NA	NA
ENSDART00000111691	mbnl3	1	19.6	19.6	NA	NA	NA	NA	NA	NA	NA
ENSDART00000108962	plgrkt	22	56.9	54.5	23.3	42.5	73.4	81.6	NA	NA	NA
ENSDART00000025841	arhgef18a	35	46.5	22.3	9.9	15.7	48.8	147.2	5.24	8.46	0.691090851582
ENSDART00000111699	tor1	328	48.5	33.2	9.5	17.2	71.7	108.7	46.47	54.35	0.225980390404
ENSDART00000111698	hoxc11b	1	22.5	22.5	NA	NA	NA	NA	NA	NA	NA
ENSDART00000144564	si:dkey-206f10.5	3	70.6	85.3	NA	NA	NA	NA	NA	NA	NA
ENSDART00000112009	PRR12	11	104.8	94.3	63.7	66.7	134.9	191.5	5.82	2.12	-1.45695488835
ENSDART00000152537	APLF	17	36.8	20.7	10.5	13.9	34.7	65.0	NA	NA	NA
ENSDART00000080120	immt	26	29.0	23.7	13.8	19.2	30.2	60.2	9.13	2.94	-1.63479870515
ENSDART00000032118	ube2g2	47	35.6	22.7	6.7	14.5	38.9	65.9	NA	NA	NA
ENSDART00000141265	znf106b	4	89.2	96.0	NA	NA	NA	NA	NA	NA	NA
ENSDART00000153129	dnmbp	47	57.2	41.1	9.7	17.7	86.7	145.7	2.04	2.09	0.0349337901094
ENSDART00000147004	oxsr1b	42	28.7	26.3	9.5	17.2	40.9	45.4	7.18	11.67	0.700748811884
ENSDART00000144560	dgcr8	161	63.6	51.5	18.8	32.5	76.0	133.0	23.16	16.41	-0.497060014476
ENSDART00000018741	pcid2	210	48.2	36.9	13.1	22.5	59.4	100.5	51.32	94.83	0.885822365536
ENSDART00000126692	klc2	201	50.9	37.8	12.7	21.6	71.0	103.1	34.12	35.6	0.0612595945355
ENSDART00000084114	nsd1a	39	80.7	55.1	12.2	22.4	135.6	175.4	3.78	4.51	0.254741199034
ENSDART00000066924	tbc1d22a	8	19.0	19.7	NA	NA	NA	NA	NA	NA	NA
ENSDART00000025604	zgc:77849	225	46.0	36.4	10.2	18.0	64.2	100.3	25.76	49.78	0.950433636866
ENSDART00000036581	cdk2	112	42.4	32.4	8.2	14.1	64.4	90.6	NA	NA	NA
ENSDART00000123937	nlk2	3	12.9	11.8	NA	NA	NA	NA	NA	NA	NA
ENSDART00000098288	fadd	5	65.5	63.8	NA	NA	NA	NA	NA	NA	NA
ENSDART00000023306	asb12a	36	53.9	38.2	11.3	18.3	83.2	117.4	NA	NA	NA
ENSDART00000092941	rlf	52	58.6	42.0	15.9	20.6	77.9	133.3	9.43	9.37	-0.00920872301591
ENSDART00000097133	robo1	1	15.9	15.9	NA	NA	NA	NA	NA	NA	NA
ENSDART00000058007	samm50l	21	46.8	29.5	20.1	26.6	45.0	78.6	NA	NA	NA
ENSDART00000050172	trpc2	4	142.6	156.4	NA	NA	NA	NA	NA	NA	NA
ENSDART00000148889	ZNHIT6	165	50.2	32.7	13.1	19.0	58.1	126.7	42.17	43.43	0.0424749311748
ENSDART00000101707	dhx40	34	40.2	24.0	8.1	12.6	50.2	95.9	6.18	7.41	0.261866704401
ENSDART00000059484	zgc:110333	285	50.4	31.4	12.6	18.4	72.6	113.0	NA	NA	NA
ENSDART00000097395	prpf4	0	NA	NA	NA	NA	NA	NA	12.95	39.7	1.61618690946
ENSDART00000143956	sdprb	20	111.4	106.2	61.7	71.2	142.9	161.5	NA	NA	NA
ENSDART00000054293	fam131c	2	21.5	21.5	NA	NA	NA	NA	NA	NA	NA
ENSDART00000113696	THSD1	1	29.9	29.9	NA	NA	NA	NA	NA	NA	NA
ENSDART00000073663	ugt2a6	1	29.2	29.2	NA	NA	NA	NA	NA	NA	NA
ENSDART00000073846	BX957362.1	2	72.4	72.4	NA	NA	NA	NA	NA	NA	NA
ENSDART00000023301	sh3gl3a	4	61.5	36.2	NA	NA	NA	NA	NA	NA	NA
ENSDART00000032805	gxylt1b	2	82.5	82.5	NA	NA	NA	NA	NA	NA	NA
ENSDART00000098842	hsd17b12b	25	31.8	21.4	5.8	11.4	36.2	76.6	NA	NA	NA
ENSDART00000083322	cxxc1l	73	47.4	29.3	8.2	17.9	68.8	102.4	14.64	29.52	1.01177716778
ENSDART00000074129	zgc:171489	3	61.1	61.5	NA	NA	NA	NA	NA	NA	NA
ENSDART00000083327	lrrc8db	3	69.2	12.4	NA	NA	NA	NA	NA	NA	NA
ENSDART00000058020	helb	241	51.5	38.4	12.2	20.1	70.4	120.4	23.85	33.0	0.46847675824
ENSDART00000007090	tbx16	2481	50.2	33.7	9.7	18.8	70.6	116.2	NA	NA	NA
ENSDART00000027224	lmbr1l	227	71.7	65.5	13.0	30.3	100.6	145.3	12.4	45.11	1.86310716545
ENSDART00000020505	chd1l	17	32.3	15.9	6.7	10.5	44.8	75.7	NA	NA	NA
ENSDART00000078675	vps37a	21	69.0	21.2	8.7	12.7	92.8	180.4	NA	NA	NA
ENSDART00000146621	stk38l	20	25.3	19.3	6.2	11.7	26.1	53.9	7.94	5.57	-0.511461679803
ENSDART00000138009	FAM83H	115	56.2	45.9	10.4	21.4	83.0	109.7	NA	NA	NA
ENSDART00000113436	ssh2b	10	50.8	51.1	2.8	8.9	73.9	112.6	NA	NA	NA
ENSDART00000113438	ehmt2	71	71.4	48.3	17.0	23.7	94.1	165.8	13.59	12.32	-0.141543200072
ENSDART00000003879	fam199x	88	79.4	69.3	20.8	40.2	116.8	154.2	NA	NA	NA
ENSDART00000007231	psmb1	183	81.5	69.6	21.7	36.0	122.6	160.0	64.09	117.63	0.876084872719
ENSDART00000084802	kif5bb	1	43.3	43.3	NA	NA	NA	NA	NA	NA	NA
ENSDART00000105874	dennd2da	3	103.7	102.0	NA	NA	NA	NA	NA	NA	NA
ENSDART00000059732	id1	112	44.9	28.8	5.1	13.1	63.1	97.6	NA	NA	NA
ENSDART00000024087	fzd9b	76	54.9	34.0	5.8	14.6	83.0	147.7	NA	NA	NA
ENSDART00000024082	psmb6	459	99.2	91.4	52.7	69.6	125.5	157.5	NA	NA	NA
ENSDART00000091449	cep128	9	84.5	32.8	NA	NA	NA	NA	3.61	0.85	-2.08646409075
ENSDART00000024555	gli2a	25	61.5	59.2	14.3	21.0	96.1	109.2	NA	NA	NA
ENSDART00000137975	irak1	9	18.6	13.4	NA	NA	NA	NA	NA	NA	NA
ENSDART00000053858	papola	9	82.9	52.8	NA	NA	NA	NA	NA	NA	NA
ENSDART00000077161	RSF1	150	86.0	71.1	13.7	35.7	125.0	181.7	51.33	34.13	-0.588761846112
ENSDART00000136554	akap1a	14	22.9	19.7	12.1	15.3	28.1	39.2	NA	NA	NA
ENSDART00000102062	timp2b	10	27.8	24.5	7.9	13.3	42.5	54.2	NA	NA	NA
ENSDART00000143265	hydin	1	49.0	49.0	NA	NA	NA	NA	NA	NA	NA
ENSDART00000058289	dusp22b	8	55.1	43.6	NA	NA	NA	NA	NA	NA	NA
ENSDART00000109953	PPFIA3	3	41.2	41.7	NA	NA	NA	NA	NA	NA	NA
ENSDART00000022864	ATXN3L	18	90.6	67.6	28.2	41.6	84.9	195.2	NA	NA	NA
ENSDART00000022866	pisd	4	83.3	92.7	NA	NA	NA	NA	NA	NA	NA
ENSDART00000054088	zgc:113364	2	17.8	17.8	NA	NA	NA	NA	NA	NA	NA
ENSDART00000059826	tsku	97	31.1	16.1	3.8	7.9	41.0	85.2	NA	NA	NA
ENSDART00000153137	cx23	3	17.3	17.0	NA	NA	NA	NA	NA	NA	NA
ENSDART00000113752	PMF1	38	41.1	19.3	9.7	14.7	58.7	116.6	24.03	17.54	-0.454187900685
ENSDART00000028419	PPP1R8	401	49.3	39.1	11.1	20.1	68.5	107.5	NA	NA	NA
ENSDART00000002583	aarsd1	11	28.9	31.4	12.5	14.7	37.9	43.1	NA	NA	NA
ENSDART00000002232	msxe	10	54.9	43.4	16.3	20.4	76.9	120.0	NA	NA	NA
ENSDART00000013343	b4galt6	286	71.3	66.9	13.3	33.8	106.5	136.6	21.41	53.61	1.32421733938
ENSDART00000057492	gadd45gip1	133	70.0	60.0	24.0	35.0	95.7	136.9	66.1	44.19	-0.580930340638
ENSDART00000035602	cxxc1	52	46.5	26.0	6.7	16.8	48.2	131.2	17.39	29.6	0.76733924321
ENSDART00000124593	dph5	1	12.9	12.9	NA	NA	NA	NA	NA	NA	NA
ENSDART00000098712	TMEM208	63	43.8	33.8	11.3	16.4	58.1	92.2	NA	NA	NA
ENSDART00000024331	glsb	2	87.6	87.6	NA	NA	NA	NA	NA	NA	NA
ENSDART00000024330	creb3l1	6	87.1	40.0	NA	NA	NA	NA	NA	NA	NA
ENSDART00000006930	rttn	11	25.0	14.2	4.8	7.9	29.9	50.2	1.63	0.87	-0.905784658382
ENSDART00000078924	sf3a3	601	67.7	54.9	18.7	30.1	95.9	135.6	53.05	275.86	2.37851162325
ENSDART00000078920	auts2	3	12.4	10.6	NA	NA	NA	NA	NA	NA	NA
ENSDART00000106529	si:ch73-138e16.6	185	47.8	28.7	6.3	15.0	65.2	129.0	NA	NA	NA
ENSDART00000091497	tceanc2	63	59.6	41.9	21.2	27.1	82.1	113.0	NA	NA	NA
ENSDART00000087208	sost	1	119.1	119.1	NA	NA	NA	NA	NA	NA	NA
ENSDART00000013079	scp2a	9	76.1	33.2	NA	NA	NA	NA	NA	NA	NA
ENSDART00000087204	dusp3a	2	14.4	14.4	NA	NA	NA	NA	NA	NA	NA
ENSDART00000034707	lsm14b	47	33.8	25.6	14.8	17.7	37.6	68.0	16.82	4.65	-1.85487508426
ENSDART00000145043	dcaf17	5	10.7	9.0	NA	NA	NA	NA	NA	NA	NA
ENSDART00000087202	FAM195A	33	50.9	43.3	15.2	28.1	65.4	94.8	NA	NA	NA
ENSDART00000135221	C9H3orf17	11	60.6	60.4	18.7	33.2	75.1	103.3	NA	NA	NA
ENSDART00000130610	tmem117	1	25.6	25.6	NA	NA	NA	NA	NA	NA	NA
ENSDART00000052101	zgc:91944	1	34.0	34.0	NA	NA	NA	NA	NA	NA	NA
ENSDART00000002055	cacna2d3	2	20.9	20.9	NA	NA	NA	NA	NA	NA	NA
ENSDART00000002053	pms1	10	50.9	37.2	29.6	32.1	58.4	81.5	NA	NA	NA
ENSDART00000079251	vars2	10	76.3	38.2	8.8	12.6	118.7	196.9	3.53	1.16	-1.60554337814
ENSDART00000017791	tab2	94	48.6	27.9	8.4	15.5	64.0	124.5	15.03	16.81	0.16147471532
ENSDART00000017829	HELZ2	1	10.3	10.3	NA	NA	NA	NA	NA	NA	NA
ENSDART00000080770	tmf1	35	28.8	22.6	3.2	11.8	39.6	70.1	6.62	4.97	-0.413585365245
ENSDART00000131694	selenbp1	58	28.1	26.7	10.2	15.9	37.2	49.9	11.23	19.56	0.800548442552
ENSDART00000090541	si:ch73-61d6.3	1	29.9	29.9	NA	NA	NA	NA	NA	NA	NA
ENSDART00000090549	fzd3a	18	61.4	42.3	15.6	21.6	112.6	139.1	NA	NA	NA
ENSDART00000101071	zgc:113293	1	93.6	93.6	NA	NA	NA	NA	NA	NA	NA
ENSDART00000029238	shox	2	75.0	75.0	NA	NA	NA	NA	NA	NA	NA
ENSDART00000128830	RBM11	2	40.8	40.8	NA	NA	NA	NA	NA	NA	NA
ENSDART00000088677	si:dkeyp-110e4.6	10	45.5	31.4	15.5	23.4	59.0	90.6	NA	NA	NA
ENSDART00000021596	rxrbb	38	71.7	58.9	15.8	23.4	102.1	144.1	NA	NA	NA
ENSDART00000088673	tiparp	141	52.6	40.0	6.9	16.8	80.2	122.4	NA	NA	NA
ENSDART00000063400	mllt1	59	65.1	38.4	13.1	16.7	118.8	148.2	NA	NA	NA
ENSDART00000151437	carhsp1	71	58.2	46.0	10.1	22.9	88.1	116.9	NA	NA	NA
ENSDART00000151436	NTAN1	3	17.8	12.1	NA	NA	NA	NA	NA	NA	NA
ENSDART00000111104	phf12a	13	51.5	30.2	4.3	11.4	87.5	119.1	NA	NA	NA
ENSDART00000130809	WDR61	242	55.9	40.9	14.4	21.9	80.1	114.6	34.3	64.35	0.907731572048
ENSDART00000055844	chid1	5	43.9	37.4	NA	NA	NA	NA	NA	NA	NA
ENSDART00000047362	MSRA	8	44.5	26.2	NA	NA	NA	NA	NA	NA	NA
ENSDART00000114160	TMEM87B	17	49.4	28.5	3.6	17.8	87.8	114.5	NA	NA	NA
ENSDART00000114167	si:dkeyp-98a7.10	14	41.7	42.0	12.4	18.2	63.1	71.3	19.76	0.92	-4.42480527553
ENSDART00000017173	dmbx1a	2	43.0	43.0	NA	NA	NA	NA	NA	NA	NA
ENSDART00000026011	efnb2a	92	52.1	34.7	7.7	14.7	77.2	125.4	NA	NA	NA
ENSDART00000149279	med12	88	42.6	31.7	6.1	11.9	54.1	108.6	92.45	35.39	-1.38533155787
ENSDART00000114169	bnip1a	1	9.3	9.3	NA	NA	NA	NA	NA	NA	NA
ENSDART00000012670	pnn	297	57.6	49.9	12.9	25.1	81.3	114.2	114.73	288.96	1.33262711632
ENSDART00000090727	duox	41	113.3	93.4	54.1	71.6	138.3	196.7	NA	NA	NA
ENSDART00000037973	morc2	598	52.9	39.5	12.0	21.6	70.8	114.5	31.16	120.12	1.9467092415
ENSDART00000141638	prkar1aa	163	60.6	48.7	15.7	30.2	85.1	121.2	NA	NA	NA
ENSDART00000152892	slc16a8	5	193.1	223.1	NA	NA	NA	NA	NA	NA	NA
ENSDART00000141648	mnd1	50	80.6	70.6	26.7	43.6	109.2	154.2	NA	NA	NA
ENSDART00000128747	C24H16orf11	1	25.7	25.7	NA	NA	NA	NA	NA	NA	NA
ENSDART00000022484	rnft1	23	26.6	22.1	7.0	11.2	31.2	40.1	NA	NA	NA
ENSDART00000022481	mccc2	87	76.6	60.8	7.7	24.9	114.3	177.7	21.22	31.05	0.549168612193
ENSDART00000128742	CAMSAP3	6	199.1	176.4	NA	NA	NA	NA	NA	NA	NA
ENSDART00000099001	tnni2b.2	3	119.8	105.9	NA	NA	NA	NA	NA	NA	NA
ENSDART00000099003	plscr3b	230	41.0	30.0	10.3	18.2	50.6	84.9	14.48	217.23	3.90708984912
ENSDART00000080006	zgc:112263	16	80.3	62.7	20.6	25.1	123.0	174.5	NA	NA	NA
ENSDART00000080005	itgb5	12	78.7	54.3	20.2	33.5	146.8	153.5	6.29	8.39	0.415610793561
ENSDART00000063108	cyp2p8	1	8.9	8.9	NA	NA	NA	NA	NA	NA	NA
ENSDART00000020598	hnrnpua	315	61.8	48.8	12.5	24.1	91.2	135.9	39.22	213.77	2.44639796205
ENSDART00000124382	si:ch211-106k21.5	7	86.4	76.0	NA	NA	NA	NA	NA	NA	NA
ENSDART00000104606	rars2	1	12.6	12.6	NA	NA	NA	NA	NA	NA	NA
ENSDART00000104607	fam131ba	1	13.6	13.6	NA	NA	NA	NA	NA	NA	NA
ENSDART00000088247	qpctla	2	63.6	63.6	NA	NA	NA	NA	NA	NA	NA
ENSDART00000047208	madd	12	67.6	31.9	13.2	17.9	54.8	199.0	NA	NA	NA
ENSDART00000145959	sik2a	2	17.3	17.3	NA	NA	NA	NA	NA	NA	NA
ENSDART00000088242	BICC1	2	23.1	23.1	NA	NA	NA	NA	NA	NA	NA
ENSDART00000106708	SEC24B	124	28.3	24.6	6.9	14.9	34.7	53.2	18.59	22.01	0.243632374972
ENSDART00000145956	ptpn23a	24	43.0	16.3	8.0	11.1	66.4	116.5	2.12	3.33	0.651457912508
ENSDART00000108471	ipo7	277	67.1	53.2	9.7	19.1	100.2	155.7	56.65	73.65	0.378609569215
ENSDART00000148246	POLE4	133	72.8	70.4	17.0	37.3	104.1	131.6	43.52	58.64	0.430206546883
ENSDART00000089076	dot1l	62	73.4	40.8	6.8	17.0	131.0	166.0	4.03	7.75	0.943416471634
ENSDART00000089070	RBM47	155	90.9	87.7	14.1	41.0	134.5	171.2	NA	NA	NA
ENSDART00000089079	mpnd	12	47.3	32.5	14.1	19.0	50.5	86.9	NA	NA	NA
ENSDART00000026903	ptpra	71	65.7	46.7	11.4	29.1	92.8	160.5	11.89	13.15	0.145314084434
ENSDART00000108778	NCOA7	30	74.5	71.1	10.9	39.6	104.8	136.6	NA	NA	NA
ENSDART00000108779	ftr14l	42	77.2	77.4	23.1	45.6	101.9	131.3	NA	NA	NA
ENSDART00000100311	IKZF2	47	71.2	56.7	12.8	25.4	110.9	154.9	NA	NA	NA
ENSDART00000144544	col1a2	4	106.4	94.0	NA	NA	NA	NA	NA	NA	NA
ENSDART00000080260	zgc:109744	42	47.0	34.5	5.0	14.7	60.3	104.3	12.96	79.82	2.62268456063
ENSDART00000136759	prdm13	1	9.1	9.1	NA	NA	NA	NA	NA	NA	NA
ENSDART00000041740	UBL7	11	18.6	17.9	3.8	6.4	24.3	35.9	NA	NA	NA
ENSDART00000080269	pgam2	1	62.7	62.7	NA	NA	NA	NA	NA	NA	NA
ENSDART00000044128	hat1	168	51.5	34.4	8.9	17.1	71.4	133.6	36.75	51.16	0.477272014271
ENSDART00000123074	tlk1a	70	65.1	46.0	6.7	22.0	100.2	145.8	16.1	25.73	0.676390768732
ENSDART00000011324	ccdc102a	8	16.0	15.5	NA	NA	NA	NA	NA	NA	NA
ENSDART00000078313	luc7l	185	69.2	59.0	22.8	37.9	81.3	137.0	64.52	119.63	0.890760880578
ENSDART00000044432	apc	118	40.7	25.1	6.4	15.2	59.2	99.0	9.27	18.45	0.992979572322
ENSDART00000078316	nipa2	99	41.5	28.9	13.6	19.6	49.4	99.5	16.12	14.68	-0.134999775685
ENSDART00000137543	zgc:66350	1	83.6	83.6	NA	NA	NA	NA	NA	NA	NA
ENSDART00000135834	dock5	33	27.5	26.3	6.9	14.3	38.9	45.5	NA	NA	NA
ENSDART00000108596	zgc:162150	2	97.9	97.9	NA	NA	NA	NA	NA	NA	NA
ENSDART00000108597	ZNFX1	6	62.4	47.5	NA	NA	NA	NA	NA	NA	NA
ENSDART00000108595	SLC46A2	50	46.4	44.0	13.5	20.8	60.2	84.4	NA	NA	NA
ENSDART00000122475	CCDC137	98	66.6	61.4	17.7	37.6	89.2	115.2	29.06	45.54	0.648099588504
ENSDART00000122474	ptk2.1	4	60.6	51.8	NA	NA	NA	NA	NA	NA	NA
ENSDART00000122476	PCYOX1L	37	39.0	34.7	12.3	26.0	49.1	70.6	NA	NA	NA
ENSDART00000081202	casp8l1	4	93.6	121.0	NA	NA	NA	NA	NA	NA	NA
ENSDART00000122473	BX511252.1	2	38.5	38.5	NA	NA	NA	NA	NA	NA	NA
ENSDART00000036371	angel2	111	58.7	44.5	14.5	24.6	85.8	126.1	18.15	33.65	0.890636956615
ENSDART00000051030	tmem19	4	46.9	51.4	NA	NA	NA	NA	NA	NA	NA
ENSDART00000002449	mpped2a	6	42.9	39.0	NA	NA	NA	NA	NA	NA	NA
ENSDART00000122986	wnt5b	13	37.9	29.6	7.9	16.1	62.9	75.9	NA	NA	NA
ENSDART00000081208	CU104697.1	1	32.4	32.4	NA	NA	NA	NA	NA	NA	NA
ENSDART00000081209	si:dkey-5i3.5	3	23.0	20.5	NA	NA	NA	NA	NA	NA	NA
ENSDART00000116455	arhgap19	125	75.7	54.4	16.6	23.2	117.7	170.5	9.99	39.17	1.97119254516
ENSDART00000004071	znfl2a	198	69.1	62.6	16.6	28.5	96.4	124.1	299.6	356.47	0.250743042852
ENSDART00000040443	zgc:110224	13	18.1	15.5	4.7	10.4	19.3	35.8	NA	NA	NA
ENSDART00000145019	akr1a1b	31	49.5	33.4	16.5	25.3	61.3	99.0	11.85	11.17	-0.0852578733023
ENSDART00000004622	sf3b4	1309	61.2	52.8	16.6	29.0	84.2	119.9	101.31	421.55	2.05692717404
ENSDART00000126598	pxn	1	9.0	9.0	NA	NA	NA	NA	NA	NA	NA
ENSDART00000144605	PLLP	20	65.7	61.0	20.9	28.8	92.9	106.9	NA	NA	NA
ENSDART00000080919	rpl36a	746	76.2	75.9	26.8	39.0	106.4	127.4	2517.82	808.42	-1.63899822888
ENSDART00000059974	wnt10b	1	144.1	144.1	NA	NA	NA	NA	NA	NA	NA
ENSDART00000144609	tmed4	5	60.6	26.7	NA	NA	NA	NA	NA	NA	NA
ENSDART00000126596	kpna2	421	74.3	65.9	13.0	26.6	111.9	148.4	49.54	170.68	1.78462824195
ENSDART00000126595	bcas2	391	71.8	66.8	22.2	37.4	95.2	129.3	81.57	291.17	1.83575116139
ENSDART00000085182	NMI	2	25.2	25.2	NA	NA	NA	NA	NA	NA	NA
ENSDART00000050619	slc10a3	48	74.7	75.1	19.7	42.9	103.8	127.6	NA	NA	NA
ENSDART00000124731	smcr7a	59	51.0	35.9	10.8	18.7	65.5	125.6	NA	NA	NA
ENSDART00000124732	asb7	114	61.5	32.2	6.9	15.1	98.8	166.7	NA	NA	NA
ENSDART00000124735	ZNF554	110	99.8	87.8	32.5	53.3	139.4	186.1	NA	NA	NA
ENSDART00000121924	BX324003.1	33	77.9	57.5	18.2	33.4	114.3	164.8	NA	NA	NA
ENSDART00000147557	tagapa	33	56.6	37.6	6.5	15.9	83.1	143.7	NA	NA	NA
ENSDART00000147556	zgc:113340	116	40.5	21.7	6.5	10.4	52.6	111.1	NA	NA	NA
ENSDART00000100032	hyou1	51	26.0	19.1	7.6	12.8	33.5	52.3	17.25	14.88	-0.213221835445
ENSDART00000147805	supt20	26	64.2	52.2	9.4	28.6	96.2	112.9	6.96	8.92	0.357956404072
ENSDART00000065036	phax	85	35.2	20.6	7.2	12.7	39.8	79.5	16.07	16.64	0.050285504466
ENSDART00000061000	bbs2	8	76.6	42.0	NA	NA	NA	NA	NA	NA	NA
ENSDART00000147550	snn	1	26.2	26.2	NA	NA	NA	NA	NA	NA	NA
ENSDART00000131298	fbxw5	154	45.0	30.9	10.7	16.6	60.0	102.1	NA	NA	NA
ENSDART00000065038	atf1	314	34.4	24.6	8.9	13.9	43.0	69.4	29.97	153.19	2.35373113453
ENSDART00000112234	si:ch1073-280h16.1	14	19.2	13.9	1.8	5.9	23.0	30.4	NA	NA	NA
ENSDART00000025214	tsr2	261	50.4	35.3	11.9	18.8	67.1	120.8	107.75	78.02	-0.465771965839
ENSDART00000102525	stt3b	209	37.9	33.6	13.6	20.8	45.2	66.0	22.78	42.48	0.899016019096
ENSDART00000102526	gfer	33	36.5	20.4	8.9	13.1	45.2	99.9	NA	NA	NA
ENSDART00000098061	mbnl1	6	38.9	22.0	NA	NA	NA	NA	NA	NA	NA
ENSDART00000064926	kars	370	79.3	74.6	28.9	47.7	106.0	136.5	59.64	190.67	1.67672570527
ENSDART00000127181	RAP1GAP2	2	27.7	27.7	NA	NA	NA	NA	NA	NA	NA
ENSDART00000052348	exosc6	186	62.0	54.0	10.7	27.5	91.4	129.5	50.3	47.67	-0.0774767746232
ENSDART00000060710	si:ch211-119b12.8	4	59.1	47.0	NA	NA	NA	NA	NA	NA	NA
ENSDART00000060714	atp6ap1a	3	17.3	16.5	NA	NA	NA	NA	NA	NA	NA
ENSDART00000128253	zbtb14	140	55.3	43.5	9.4	20.2	86.9	113.1	34.37	38.57	0.166329294256
ENSDART00000126959	tnfaip2a	28	111.9	120.9	72.1	91.7	136.9	144.5	NA	NA	NA
ENSDART00000023483	sim1b	1	31.2	31.2	NA	NA	NA	NA	NA	NA	NA
ENSDART00000036172	crkl	87	60.9	53.2	9.8	21.7	84.3	131.1	NA	NA	NA
ENSDART00000066558	decr2	80	47.4	31.6	9.2	17.6	60.1	107.8	12.94	55.28	2.0949199984
ENSDART00000085230	atl1	2	26.7	26.7	NA	NA	NA	NA	NA	NA	NA
ENSDART00000082517	RAB43	26	49.4	46.6	17.3	31.8	64.9	81.7	NA	NA	NA
ENSDART00000146609	coa5	98	62.2	52.4	23.2	35.5	83.2	117.3	NA	NA	NA
ENSDART00000074131	lmbrd1	100	42.8	40.9	10.7	18.5	56.9	83.6	NA	NA	NA
ENSDART00000104268	emc1	96	43.0	28.6	10.7	15.9	51.2	89.3	5.79	18.61	1.68444280207
ENSDART00000073478	brd1b	207	67.8	55.7	8.9	28.3	104.9	143.9	21.67	90.58	2.06349338596
ENSDART00000014916	klf3	55	62.6	43.5	13.5	24.5	98.2	134.3	NA	NA	NA
ENSDART00000009794	tdrkh	9	20.6	19.9	NA	NA	NA	NA	NA	NA	NA
ENSDART00000079803	nmt1b	1	140.8	140.8	NA	NA	NA	NA	NA	NA	NA
ENSDART00000004277	lamc1	135	99.4	84.4	24.8	38.3	150.7	198.3	13.62	62.55	2.19928318104
ENSDART00000079806	smap1	133	51.8	49.9	20.1	31.5	67.3	83.2	21.86	71.58	1.71126314274
ENSDART00000073472	zgc:113426	1	21.1	21.1	NA	NA	NA	NA	NA	NA	NA
ENSDART00000067078	plekhg5a	1	11.6	11.6	NA	NA	NA	NA	NA	NA	NA
ENSDART00000093155	hpse	8	53.9	26.3	NA	NA	NA	NA	NA	NA	NA
ENSDART00000051695	TPMT	6	26.6	28.0	NA	NA	NA	NA	NA	NA	NA
ENSDART00000093402	cdk12	125	48.2	36.7	9.2	19.6	73.0	102.9	38.25	59.63	0.640578588957
ENSDART00000093152	gfm1	26	71.4	32.8	12.3	16.1	104.0	148.5	9.13	2.98	-1.61530252952
ENSDART00000134617	adssl	219	59.8	45.6	8.6	19.4	93.3	128.2	34.33	106.92	1.63898998029
ENSDART00000102293	C11H12orf10	113	56.6	52.4	24.9	36.2	68.1	92.7	57.37	48.54	-0.241122409501
ENSDART00000092690	srebf2	68	96.1	93.6	32.0	56.4	130.9	157.0	10.28	13.37	0.379159200899
ENSDART00000057346	CABZ01080545.1	1	13.6	13.6	NA	NA	NA	NA	NA	NA	NA
ENSDART00000136966	ccdc169	1	37.4	37.4	NA	NA	NA	NA	NA	NA	NA
ENSDART00000136967	pm20d1.1	14	38.2	30.3	14.6	19.3	55.5	70.7	8.07	0.65	-3.63405705025
ENSDART00000128840	otud7b	14	64.0	32.7	18.5	25.4	83.8	161.3	NA	NA	NA
ENSDART00000066712	trappc3	38	90.3	86.7	24.2	44.3	122.0	147.9	NA	NA	NA
ENSDART00000005583	kdm5bb	77	75.1	71.2	11.8	25.6	120.6	145.2	12.94	25.95	1.00389692125
ENSDART00000073462	rplp0	1021	100.4	102.6	42.0	75.7	125.8	144.1	1329.36	531.4	-1.32286171651
ENSDART00000078660	zgc:113436	22	84.0	78.9	24.5	41.4	122.9	153.6	NA	NA	NA
ENSDART00000111480	CU459160.2	3	17.2	17.3	NA	NA	NA	NA	NA	NA	NA
ENSDART00000111486	mrpl43	57	41.9	31.9	11.6	17.6	57.1	92.4	NA	NA	NA
ENSDART00000059035	fam188a	6	23.7	23.0	NA	NA	NA	NA	NA	NA	NA
ENSDART00000111485	tmod1	1	37.1	37.1	NA	NA	NA	NA	NA	NA	NA
ENSDART00000055274	im:7143923	1	37.9	37.9	NA	NA	NA	NA	NA	NA	NA
ENSDART00000047412	fam213b	14	58.4	49.3	18.7	28.0	92.7	105.3	NA	NA	NA
ENSDART00000019149	rpl7	1020	91.0	93.7	35.9	62.0	117.9	140.3	1004.43	709.69	-0.501116141256
ENSDART00000152492	C1H9orf156	9	54.8	26.7	NA	NA	NA	NA	NA	NA	NA
ENSDART00000004181	slc27a4	104	83.8	78.6	27.6	53.4	118.0	139.8	NA	NA	NA
ENSDART00000041700	prdx3	21	25.5	17.2	5.1	11.0	36.0	62.9	NA	NA	NA
ENSDART00000078665	TMEM131	78	61.0	33.5	14.0	21.8	81.8	156.3	12.18	5.11	-1.25311893697
ENSDART00000049514	alg11	11	47.4	22.4	6.7	12.6	80.4	112.2	NA	NA	NA
ENSDART00000125122	acss2	113	57.5	50.7	19.8	33.6	73.3	98.9	8.81	74.66	3.08312158438
ENSDART00000134269	fkbp1aa	317	82.3	81.2	28.3	55.2	103.3	124.6	NA	NA	NA
ENSDART00000017393	traip	49	79.7	65.8	8.5	21.8	129.3	152.1	NA	NA	NA
ENSDART00000047419	csnk1g1	28	36.4	23.8	2.7	10.6	49.7	85.5	NA	NA	NA
ENSDART00000109561	zgc:163121	6	189.4	199.4	NA	NA	NA	NA	NA	NA	NA
ENSDART00000060978	wdr83	5	45.8	29.2	NA	NA	NA	NA	NA	NA	NA
ENSDART00000074458	ptpmt1	9	66.3	41.4	NA	NA	NA	NA	NA	NA	NA
ENSDART00000044873	cpt2	6	29.9	21.6	NA	NA	NA	NA	NA	NA	NA
ENSDART00000058346	C1QBP	658	67.8	60.9	21.6	35.7	92.9	123.1	153.33	207.9	0.439249761024
ENSDART00000088808	USP6	9	57.6	29.9	NA	NA	NA	NA	NA	NA	NA
ENSDART00000135053	CR391916.1	2	22.9	22.9	NA	NA	NA	NA	NA	NA	NA
ENSDART00000138012	zgc:172218	48	55.7	56.8	32.7	44.4	70.4	78.6	NA	NA	NA
ENSDART00000005053	slc12a4	5	21.9	17.5	NA	NA	NA	NA	NA	NA	NA
ENSDART00000035859	atad1a	26	28.2	23.1	12.0	14.8	32.4	46.2	NA	NA	NA
ENSDART00000113429	ADAMTS17	3	20.5	24.1	NA	NA	NA	NA	NA	NA	NA
ENSDART00000054977	atp7a	17	37.8	25.3	7.8	13.4	39.9	68.6	NA	NA	NA
ENSDART00000080892	txndc17	5	35.7	34.4	NA	NA	NA	NA	NA	NA	NA
ENSDART00000023509	SKA2	39	44.3	25.1	6.2	11.8	46.6	140.2	19.15	9.58	-0.999246831076
ENSDART00000012644	krt4	4849	91.0	85.3	50.6	66.1	110.6	139.9	NA	NA	NA
ENSDART00000014666	arcn1a	129	46.5	32.4	10.3	17.0	61.0	103.1	7.57	53.43	2.81928481184
ENSDART00000004986	igsf9b	1	39.9	39.9	NA	NA	NA	NA	NA	NA	NA
ENSDART00000014668	pcsk1	1	49.2	49.2	NA	NA	NA	NA	NA	NA	NA
ENSDART00000112611	zgc:195245	103	30.4	26.3	8.4	15.0	40.4	52.5	38.16	61.16	0.680527235355
ENSDART00000023504	pnpla7a	84	31.5	25.3	11.1	14.2	38.5	61.2	4.23	5.06	0.258479721574
ENSDART00000130820	hbegfb	4	87.5	91.8	NA	NA	NA	NA	NA	NA	NA
ENSDART00000032498	zgc:100919	162	34.0	28.1	9.9	15.7	46.1	62.1	19.52	24.46	0.325471350965
ENSDART00000077577	CCNO	10	22.0	18.1	7.8	10.1	32.0	42.3	20.31	6.32	-1.68419377612
ENSDART00000146529	rpusd1	7	38.0	23.7	NA	NA	NA	NA	NA	NA	NA
ENSDART00000128193	rnf152	9	107.3	96.6	NA	NA	NA	NA	NA	NA	NA
ENSDART00000032494	ttc26	33	63.3	41.9	16.4	21.1	92.4	142.4	10.03	12.06	0.265908301288
ENSDART00000128197	med4	26	84.8	80.0	16.8	36.4	119.8	163.2	23.7	68.72	1.53584297735
ENSDART00000104596	si:dkey-14o18.6	1	177.7	177.7	NA	NA	NA	NA	NA	NA	NA
ENSDART00000109897	CABZ01059627.1	32	28.9	24.7	12.2	16.5	36.2	55.0	NA	NA	NA
ENSDART00000109744	ppip5k2	25	48.1	27.6	5.1	15.1	45.3	121.3	NA	NA	NA
ENSDART00000104593	TRIM35	1	168.5	168.5	NA	NA	NA	NA	NA	NA	NA
ENSDART00000052646	jazf1a	16	75.6	71.4	32.2	50.1	105.6	117.9	NA	NA	NA
ENSDART00000109749	spryd3	6	24.6	18.4	NA	NA	NA	NA	NA	NA	NA
ENSDART00000143928	rwdd1	261	57.4	46.7	18.2	28.9	73.9	113.9	93.16	67.55	-0.463754869998
ENSDART00000109891	ANGEL1	10	24.8	24.3	7.3	17.2	33.1	40.6	NA	NA	NA
ENSDART00000133644	magi2	2	75.1	75.1	NA	NA	NA	NA	NA	NA	NA
ENSDART00000076955	cyp4t8	1	25.0	25.0	NA	NA	NA	NA	NA	NA	NA
ENSDART00000048977	abcf1	253	80.3	75.5	28.6	47.9	104.4	134.5	137.72	100.32	-0.457128832768
ENSDART00000133642	gpd1l	236	63.7	54.7	19.4	34.9	89.1	120.8	NA	NA	NA
ENSDART00000063943	mrpl40	44	70.9	64.1	11.9	44.8	98.8	127.0	20.27	20.99	0.0503560778253
ENSDART00000076542	rpe65b	10	84.7	85.4	18.9	81.3	93.9	130.5	NA	NA	NA
ENSDART00000129154	EXO5	31	54.2	45.8	14.2	25.1	76.7	97.4	NA	NA	NA
ENSDART00000062727	stx6	79	88.1	84.5	32.8	53.6	118.3	158.5	NA	NA	NA
ENSDART00000062724	crbn	1	20.8	20.8	NA	NA	NA	NA	NA	NA	NA
ENSDART00000121449	roraa	1	73.7	73.7	NA	NA	NA	NA	NA	NA	NA
ENSDART00000053447	ifrd2	57	51.8	27.0	8.3	12.1	65.4	138.7	8.35	16.53	0.985238621931
ENSDART00000127742	atxn7l2a	131	58.0	31.8	8.5	15.1	90.0	158.8	24.18	11.28	-1.10004717685
ENSDART00000056121	mrps35	26	39.9	27.4	14.6	17.6	54.5	76.0	21.17	10.0	-1.08202126935
ENSDART00000101174	traf1	6	104.4	131.8	NA	NA	NA	NA	NA	NA	NA
ENSDART00000131220	btg3	163	33.1	23.1	10.7	15.3	40.0	63.7	44.09	36.86	-0.258395405985
ENSDART00000131223	fdx1b	1	133.1	133.1	NA	NA	NA	NA	NA	NA	NA
ENSDART00000128990	wu:fe05a04	99	57.0	31.2	7.5	14.8	96.6	144.4	18.56	16.96	-0.130060540564
ENSDART00000090447	hhipl1	1	5.5	5.5	NA	NA	NA	NA	NA	NA	NA
ENSDART00000006580	tfeb	32	55.7	53.9	5.2	20.0	76.8	116.8	NA	NA	NA
ENSDART00000126327	C12H10orf90	1	98.6	98.6	NA	NA	NA	NA	NA	NA	NA
ENSDART00000145380	adck5	4	27.3	24.3	NA	NA	NA	NA	NA	NA	NA
ENSDART00000087694	thsd7a	1	149.2	149.2	NA	NA	NA	NA	NA	NA	NA
ENSDART00000114751	C18H19orf12	79	49.7	36.9	10.4	18.9	70.5	106.0	NA	NA	NA
ENSDART00000114750	gabrb2	1	21.8	21.8	NA	NA	NA	NA	NA	NA	NA
ENSDART00000028338	scamp5	74	81.0	75.0	14.7	40.4	114.4	155.7	NA	NA	NA
ENSDART00000137909	samd1b	6	82.7	84.0	NA	NA	NA	NA	NA	NA	NA
ENSDART00000087699	si:ch211-132b12.1	11	66.9	60.3	21.8	38.3	95.9	119.5	NA	NA	NA
ENSDART00000129828	cyp19a1a	1	10.0	10.0	NA	NA	NA	NA	NA	NA	NA
ENSDART00000128073	ppp1r3ca	351	52.6	38.7	3.5	11.2	80.3	128.8	27.64	155.28	2.49004250233
ENSDART00000110199	prdm4	16	75.0	63.3	19.7	41.8	89.1	155.4	NA	NA	NA
ENSDART00000110198	zgc:162780	1	23.8	23.8	NA	NA	NA	NA	NA	NA	NA
ENSDART00000078949	afap1l1b	1	3.5	3.5	NA	NA	NA	NA	NA	NA	NA
ENSDART00000050971	rab14l	25	41.0	35.3	13.4	27.5	49.6	58.2	NA	NA	NA
ENSDART00000132584	ppardb	25	58.6	52.1	10.0	24.0	85.6	116.4	NA	NA	NA
ENSDART00000124298	KLHL29	5	20.0	19.4	NA	NA	NA	NA	NA	NA	NA
ENSDART00000149384	ddr2l	15	40.8	21.1	0.8	13.3	64.7	106.7	NA	NA	NA
ENSDART00000142215	si:ch211-79l20.4	128	72.5	68.5	18.1	40.2	98.4	132.6	21.81	26.52	0.282091005472
ENSDART00000007181	DVL3	1	153.8	153.8	NA	NA	NA	NA	NA	NA	NA
ENSDART00000007189	traf3ip1	11	37.1	23.0	6.7	9.5	42.5	79.8	NA	NA	NA
ENSDART00000042467	pparaa	1	6.6	6.6	NA	NA	NA	NA	NA	NA	NA
ENSDART00000118422	cybb	10	111.5	109.6	65.1	99.9	136.4	160.1	NA	NA	NA
ENSDART00000022074	dhrs9	2	69.7	69.7	NA	NA	NA	NA	NA	NA	NA
ENSDART00000144380	CCDC142	4	114.7	115.6	NA	NA	NA	NA	NA	NA	NA
ENSDART00000054877	fgf24	25	75.5	57.3	12.3	26.9	111.2	151.9	NA	NA	NA
ENSDART00000054876	npm1b	50	110.8	116.8	45.4	69.3	147.7	174.3	17.49	81.86	2.22662837752
ENSDART00000123243	TIMM22	9	84.1	86.5	NA	NA	NA	NA	NA	NA	NA
ENSDART00000029579	ccdc12	165	55.0	39.4	11.7	18.9	84.7	124.6	76.47	105.59	0.465507430185
ENSDART00000077111	hsd17b14	422	86.9	86.3	39.3	65.8	107.1	136.7	NA	NA	NA
ENSDART00000067776	rab10	241	53.1	47.9	14.5	24.8	68.8	104.5	44.73	215.72	2.26984527551
ENSDART00000063096	sypa	2	19.3	19.3	NA	NA	NA	NA	NA	NA	NA
ENSDART00000145562	robo4	1	9.0	9.0	NA	NA	NA	NA	NA	NA	NA
ENSDART00000148528	grhl2a	2	60.9	60.9	NA	NA	NA	NA	NA	NA	NA
ENSDART00000087071	postnb	2	83.2	83.2	NA	NA	NA	NA	NA	NA	NA
ENSDART00000113250	nelfe	223	54.5	43.6	13.0	23.9	72.9	111.2	82.33	132.36	0.684977065563
ENSDART00000067778	dnajc7	1	36.3	36.3	NA	NA	NA	NA	NA	NA	NA
ENSDART00000027466	fam63b	7	62.3	64.2	NA	NA	NA	NA	NA	NA	NA
ENSDART00000140869	si:dkey-88l16.3	9	16.0	16.8	NA	NA	NA	NA	2.84	0.6	-2.2428565239
ENSDART00000075230	asb5b	11	41.9	34.9	20.2	26.2	45.5	82.6	NA	NA	NA
ENSDART00000114286	sugp1	77	78.7	66.2	25.5	31.4	108.4	154.8	35.23	33.57	-0.0696319377974
ENSDART00000084009	zufsp	4	60.4	34.6	NA	NA	NA	NA	NA	NA	NA
ENSDART00000020367	C2H5orf22	22	28.4	21.5	10.2	13.8	40.6	57.4	NA	NA	NA
ENSDART00000140711	tbc1d5	111	36.9	23.6	8.2	14.5	48.1	77.1	4.55	31.77	2.80372663963
ENSDART00000114289	zgc:165518	0	NA	NA	NA	NA	NA	NA	16.26	3.3	-2.30078932783
ENSDART00000114288	foxp4	1	1.2	1.2	NA	NA	NA	NA	NA	NA	NA
ENSDART00000110441	pigu	27	46.2	26.1	10.1	13.4	53.5	121.2	NA	NA	NA
ENSDART00000098520	fzd10	21	28.5	14.6	3.3	8.0	41.2	61.6	NA	NA	NA
ENSDART00000140717	brpf3	56	61.4	35.3	5.5	13.0	100.8	153.9	5.66	17.37	1.61772379588
ENSDART00000038725	rpe65c	10	84.7	85.4	18.9	81.3	93.9	130.5	NA	NA	NA
ENSDART00000110509	C13H20orf194	1	27.9	27.9	NA	NA	NA	NA	NA	NA	NA
ENSDART00000063082	zgc:194469	7	85.1	89.7	NA	NA	NA	NA	NA	NA	NA
ENSDART00000098682	si:ch211-225b11.1	1	9.4	9.4	NA	NA	NA	NA	NA	NA	NA
ENSDART00000149659	ezh1	4	44.0	21.4	NA	NA	NA	NA	NA	NA	NA
ENSDART00000110507	wdhd1	84	50.4	30.3	8.2	17.8	60.7	139.6	10.86	21.25	0.968438738108
ENSDART00000022298	slc25a35	1	118.9	118.9	NA	NA	NA	NA	NA	NA	NA
ENSDART00000050983	ptar1	34	39.5	17.9	5.5	11.5	51.3	111.7	NA	NA	NA
ENSDART00000051313	fbp1b	600	94.5	94.5	40.4	63.0	119.5	149.0	NA	NA	NA
ENSDART00000034432	SUSD4	3	23.1	27.5	NA	NA	NA	NA	NA	NA	NA
ENSDART00000022290	mdh1a	304	65.5	62.2	27.1	42.6	80.2	100.8	59.97	134.88	1.16936356348
ENSDART00000051312	ttc33	23	26.5	21.4	9.2	15.4	28.7	53.3	NA	NA	NA
ENSDART00000038990	jak1	26	45.7	27.7	8.9	11.4	68.4	78.7	3.54	12.83	1.85769990501
ENSDART00000035873	abcb4	1	55.4	55.4	NA	NA	NA	NA	NA	NA	NA
ENSDART00000045609	cpped1	4	92.5	91.5	NA	NA	NA	NA	NA	NA	NA
ENSDART00000016369	wls	316	47.7	41.6	15.1	26.7	59.2	84.3	19.19	58.65	1.61177639672
ENSDART00000149922	palld	39	29.8	19.7	12.3	15.8	40.9	56.4	5.36	1.82	-1.55829455026
ENSDART00000067594	zgc:153129	37	84.4	80.3	42.5	51.7	108.7	132.7	NA	NA	NA
ENSDART00000019636	usf1	63	82.5	84.9	17.5	32.0	123.2	151.0	23.48	65.67	1.48380204679
ENSDART00000019983	rab23	38	44.7	30.7	10.7	14.4	52.8	109.5	NA	NA	NA
ENSDART00000019630	SP5	1	43.2	43.2	NA	NA	NA	NA	NA	NA	NA
ENSDART00000019987	C5H11orf53	2	39.8	39.8	NA	NA	NA	NA	NA	NA	NA
ENSDART00000005195	bsdc1	37	55.4	42.6	13.1	23.5	70.1	112.9	25.19	28.47	0.176591371008
ENSDART00000052318	mdka	10	133.0	133.1	87.6	123.0	165.0	171.3	NA	NA	NA
ENSDART00000111767	si:ch211-39k3.2	1	26.6	26.6	NA	NA	NA	NA	NA	NA	NA
ENSDART00000038099	PPP1R21	20	57.0	39.3	18.5	29.3	61.9	148.1	63.11	5.83	-3.43630083485
ENSDART00000122593	SLC2A13	5	19.1	29.5	NA	NA	NA	NA	NA	NA	NA
ENSDART00000122042	RNF219	156	55.3	40.4	19.0	27.6	68.0	106.4	7.18	36.16	2.33233892859
ENSDART00000134866	pknox2	3	16.4	13.7	NA	NA	NA	NA	NA	NA	NA
ENSDART00000091601	sbf1	100	53.2	41.0	15.3	22.1	69.5	105.9	4.62	7.68	0.733213459305
ENSDART00000060018	dharma	24	20.1	14.4	3.9	7.5	27.9	40.8	NA	NA	NA
ENSDART00000149155	atf7ip	316	59.6	45.0	11.1	21.4	81.2	124.7	62.38	157.41	1.33537173799
ENSDART00000064021	AL935174.1	1	22.3	22.3	NA	NA	NA	NA	NA	NA	NA
ENSDART00000010821	cirh1a	152	65.8	48.7	10.8	26.7	88.3	138.9	28.96	28.06	-0.0455465934633
ENSDART00000040125	rab38a	2	114.2	114.2	NA	NA	NA	NA	NA	NA	NA
ENSDART00000064025	elof1	207	94.0	90.3	27.3	57.9	127.6	153.1	119.65	484.82	2.01862881783
ENSDART00000149154	si:dkey-122a22.2	4	74.8	85.4	NA	NA	NA	NA	NA	NA	NA
ENSDART00000021011	upf1	160	78.1	70.2	13.9	28.9	116.4	145.7	17.87	93.51	2.38758102131
ENSDART00000115152	nom1	63	67.4	52.2	12.1	23.4	106.7	142.6	28.86	31.38	0.120774052477
ENSDART00000085758	kdm1a	159	85.0	78.0	26.2	45.3	122.9	155.2	25.71	121.79	2.24399416523
ENSDART00000088588	kcnn1b	2	53.4	53.4	NA	NA	NA	NA	NA	NA	NA
ENSDART00000115157	tuba4l	17	47.6	40.5	15.2	27.5	68.2	83.0	10.91	2.98	-1.87226686586
ENSDART00000024756	zgc:162724	1	22.8	22.8	NA	NA	NA	NA	NA	NA	NA
ENSDART00000111713	tmlhe	1	21.8	21.8	NA	NA	NA	NA	NA	NA	NA
ENSDART00000148389	chd4b	171	96.5	85.2	23.6	53.4	135.4	181.8	63.52	152.07	1.25945275217
ENSDART00000111711	chaf1a	281	51.7	39.0	7.9	17.0	78.1	122.5	164.04	127.47	-0.363889899293
ENSDART00000111717	fscn2b	1	8.6	8.6	NA	NA	NA	NA	NA	NA	NA
ENSDART00000097874	tpm4b	18	64.8	55.0	30.8	48.6	68.4	101.8	NA	NA	NA
ENSDART00000149158	dmxl2	15	103.0	109.6	15.1	53.4	144.3	173.5	NA	NA	NA
ENSDART00000148382	rfx1b	86	52.3	27.3	7.9	17.7	69.9	154.3	9.19	21.62	1.23422975645
ENSDART00000135730	lrmp	89	24.5	18.4	7.2	11.4	33.9	49.3	7.95	12.33	0.633146034231
ENSDART00000111719	wu:fi38e01	124	78.2	76.9	46.8	65.5	92.7	106.3	23.64	1.68	-3.8146968974
ENSDART00000148385	zgc:171699	2	15.6	15.6	NA	NA	NA	NA	NA	NA	NA
ENSDART00000055047	stk16	74	57.9	43.6	12.8	22.2	85.1	115.7	NA	NA	NA
ENSDART00000081438	lzts3b	2	67.6	67.6	NA	NA	NA	NA	NA	NA	NA
ENSDART00000081435	CR388152.1	2	141.5	141.5	NA	NA	NA	NA	NA	NA	NA
ENSDART00000026593	grip1	6	38.6	27.0	NA	NA	NA	NA	NA	NA	NA
ENSDART00000026592	anapc5	42	61.7	44.3	5.0	22.6	96.9	132.5	10.82	7.69	-0.492644995865
ENSDART00000147123	zgc:163077	69	18.7	14.2	4.2	9.2	20.1	34.0	NA	NA	NA
ENSDART00000051751	zgc:113424	96	22.6	17.6	6.7	10.1	28.0	44.7	12.73	5.1	-1.31966326704
ENSDART00000051750	si:rp71-45k5.4	245	74.3	71.3	21.4	41.4	106.5	132.4	43.86	110.95	1.33893195041
ENSDART00000122626	mbnl2	1	-1.8	-1.8	NA	NA	NA	NA	NA	NA	NA
ENSDART00000141101	pafah1b3	119	60.4	44.9	13.2	21.2	87.6	122.2	NA	NA	NA
ENSDART00000127277	si:ch211-241o7.5	209	72.2	55.5	16.8	28.3	111.5	150.7	75.6	144.32	0.932813104147
ENSDART00000099912	ms4a17a.17	1	114.3	114.3	NA	NA	NA	NA	NA	NA	NA
ENSDART00000033848	brf1a	8	32.5	25.7	NA	NA	NA	NA	6.42	1.87	-1.77953502723
ENSDART00000018580	nedd8	292	44.3	31.9	12.1	20.0	55.7	103.3	82.0	184.66	1.17117557692
ENSDART00000104035	ctdsp2	19	84.1	58.0	11.0	36.5	132.8	188.0	NA	NA	NA
ENSDART00000099803	arpc2	748	86.2	85.1	30.1	53.2	113.8	141.9	67.79	217.35	1.68087571971
ENSDART00000152659	si:ch211-255p10.4	4	49.6	46.4	NA	NA	NA	NA	NA	NA	NA
ENSDART00000104031	sdf4	26	46.8	38.6	11.9	23.7	52.4	86.5	NA	NA	NA
ENSDART00000104032	si:ch211-223m11.2	6	31.8	27.5	NA	NA	NA	NA	NA	NA	NA
ENSDART00000151129	xkr8.2	2	29.4	29.4	NA	NA	NA	NA	NA	NA	NA
ENSDART00000085531	prkaa1	101	73.4	47.5	14.3	23.1	111.9	159.7	8.69	28.78	1.72763850993
ENSDART00000146830	apbb1ip	1	83.5	83.5	NA	NA	NA	NA	NA	NA	NA
ENSDART00000146296	traf2b	8	22.0	22.5	NA	NA	NA	NA	NA	NA	NA
ENSDART00000111671	mri1	63	79.6	85.1	16.9	23.2	119.0	146.7	NA	NA	NA
ENSDART00000108906	xpo1a	300	80.6	71.8	20.0	34.4	120.6	158.4	23.12	141.55	2.61409844629
ENSDART00000108900	cntnap2b	45	84.3	83.3	20.4	40.3	121.9	147.8	NA	NA	NA
ENSDART00000014058	zgc:100829	32	27.7	19.1	6.0	13.6	25.5	36.3	NA	NA	NA
ENSDART00000061638	mau2	170	75.3	58.2	13.8	25.1	115.3	155.3	NA	NA	NA
ENSDART00000037709	nol11	161	74.6	62.4	13.3	30.9	110.0	150.5	13.74	50.41	1.87532795019
ENSDART00000103467	arf5	870	63.4	56.8	15.2	29.2	89.0	121.6	42.98	186.39	2.11658707224
ENSDART00000065996	tmem183a	16	53.0	34.5	13.0	15.8	60.6	135.7	NA	NA	NA
ENSDART00000014052	neil1	17	30.5	22.8	12.1	14.7	35.7	59.9	8.98	5.73	-0.648180305984
ENSDART00000037703	PSKH2	3	22.5	14.5	NA	NA	NA	NA	NA	NA	NA
ENSDART00000061633	zgc:171971	3	39.6	49.3	NA	NA	NA	NA	NA	NA	NA
ENSDART00000101775	anxa11a	37	49.6	32.9	16.3	24.0	56.1	117.3	NA	NA	NA
ENSDART00000012581	pfas	60	89.5	87.9	31.3	45.1	121.7	159.7	8.72	37.31	2.09716232004
ENSDART00000101776	chek1	46	57.6	44.8	7.7	15.1	75.8	129.3	NA	NA	NA
ENSDART00000052004	zgc:153595	3	54.1	54.3	NA	NA	NA	NA	NA	NA	NA
ENSDART00000126041	ano10a	35	26.7	23.4	8.4	15.8	32.4	41.4	NA	NA	NA
ENSDART00000104304	bpgm	4	54.3	43.8	NA	NA	NA	NA	NA	NA	NA
ENSDART00000114306	zgc:175280	1	67.0	67.0	NA	NA	NA	NA	NA	NA	NA
ENSDART00000114308	csrnp2	8	43.4	26.7	NA	NA	NA	NA	NA	NA	NA
ENSDART00000136289	tmem64	17	43.2	29.5	5.8	15.1	64.8	102.0	NA	NA	NA
ENSDART00000136287	myb	92	56.3	37.4	14.4	18.3	83.9	133.9	14.4	21.42	0.572889668421
ENSDART00000074495	dpp9	40	62.3	36.1	8.7	18.7	93.6	142.2	NA	NA	NA
ENSDART00000018764	foxl1	1	37.5	37.5	NA	NA	NA	NA	NA	NA	NA
ENSDART00000066945	lamb1b	2	89.6	89.6	NA	NA	NA	NA	NA	NA	NA
ENSDART00000126046	ccdc9	49	53.2	47.5	14.1	19.6	75.5	91.2	53.17	113.75	1.09718217378
ENSDART00000086215	SLC28A2	2	120.1	120.1	NA	NA	NA	NA	NA	NA	NA
ENSDART00000112806	orc3	2	16.8	16.8	NA	NA	NA	NA	9.39	8.33	-0.172808662288
ENSDART00000006256	zgc:101559	6	42.0	43.9	NA	NA	NA	NA	NA	NA	NA
ENSDART00000066949	fgd6	40	45.9	26.1	9.4	17.3	45.8	140.7	3.01	6.95	1.20724949085
ENSDART00000133073	rrbp1a	73	38.7	29.4	12.4	17.6	46.9	66.4	26.48	13.31	-0.992392550895
ENSDART00000124505	BX649281.3	4	88.6	87.6	NA	NA	NA	NA	NA	NA	NA
ENSDART00000124504	si:ch211-51c14.1	1	94.9	94.9	NA	NA	NA	NA	NA	NA	NA
ENSDART00000091292	tmtc3	43	59.7	37.3	8.3	19.9	95.0	139.2	4.2	5.81	0.468148835738
ENSDART00000124502	lmnb1	743	50.8	41.2	11.6	20.2	66.8	102.4	41.15	198.72	2.27177274291
ENSDART00000082165	sec22a	18	34.2	18.7	6.0	12.4	42.9	85.4	NA	NA	NA
ENSDART00000062350	katnbl1	139	69.5	51.4	6.0	15.0	116.5	154.0	17.55	32.87	0.905300425888
ENSDART00000014274	glcea	4	18.6	19.2	NA	NA	NA	NA	NA	NA	NA
ENSDART00000082169	wfikkn2b	6	134.9	140.7	NA	NA	NA	NA	NA	NA	NA
ENSDART00000050407	si:dkeyp-38g8.5	57	63.5	50.0	15.6	26.0	86.2	144.5	NA	NA	NA
ENSDART00000041381	MAPRE2	54	100.7	97.0	46.9	65.9	117.7	161.8	NA	NA	NA
ENSDART00000148535	bcl9l	1	21.3	21.3	NA	NA	NA	NA	NA	NA	NA
ENSDART00000041385	zgc:163061	7	60.2	49.2	NA	NA	NA	NA	NA	NA	NA
ENSDART00000073642	SH2B2	2	39.1	39.1	NA	NA	NA	NA	NA	NA	NA
ENSDART00000073865	rbl1	90	58.5	45.5	11.5	22.5	81.1	127.3	NA	NA	NA
ENSDART00000004514	bet1	33	41.5	28.0	8.8	17.4	41.4	90.5	NA	NA	NA
ENSDART00000073861	GABARAP	277	49.6	32.6	10.7	18.7	69.1	107.6	NA	NA	NA
ENSDART00000063777	kcnj13	153	76.9	70.1	17.2	38.4	111.2	152.4	NA	NA	NA
ENSDART00000083346	hypk	399	63.0	58.7	27.1	38.0	80.6	106.7	248.29	172.94	-0.52175456303
ENSDART00000074147	UBN2	146	42.7	22.6	7.8	12.9	57.6	131.1	24.76	21.89	-0.177739360033
ENSDART00000108816	fastkd2	11	18.3	8.3	3.4	7.6	24.0	39.2	NA	NA	NA
ENSDART00000106172	rac1	471	49.0	38.3	12.7	21.7	67.1	104.0	96.67	752.86	2.96124146304
ENSDART00000148536	GK	3	23.3	23.4	NA	NA	NA	NA	NA	NA	NA
ENSDART00000054318	wdr92	69	36.0	22.2	7.9	14.1	36.1	64.5	NA	NA	NA
ENSDART00000113418	IGSF3	2	20.8	20.8	NA	NA	NA	NA	NA	NA	NA
ENSDART00000020569	CABZ01112331.1	11	27.4	31.6	7.6	11.7	36.5	45.5	NA	NA	NA
ENSDART00000003891	jupa	335	95.9	95.0	37.0	68.4	118.8	146.4	23.32	248.25	3.4121540241
ENSDART00000123870	fam69c	1	30.8	30.8	NA	NA	NA	NA	NA	NA	NA
ENSDART00000027242	nr2f1b	10	11.2	11.3	4.4	7.9	13.2	18.2	NA	NA	NA
ENSDART00000078694	TMEM179B	43	41.5	39.7	22.9	29.6	51.1	65.3	NA	NA	NA
ENSDART00000123874	PQLC1	7	67.2	23.0	NA	NA	NA	NA	NA	NA	NA
ENSDART00000113414	kirrel3a	8	40.9	25.8	NA	NA	NA	NA	NA	NA	NA
ENSDART00000076895	pgpep1	40	101.9	105.2	20.7	62.2	138.7	167.9	NA	NA	NA
ENSDART00000113735	cars2	1	13.9	13.9	NA	NA	NA	NA	NA	NA	NA
ENSDART00000092299	FEZ2	3	221.5	292.2	NA	NA	NA	NA	NA	NA	NA
ENSDART00000066367	fkbp10b	22	35.8	36.9	20.7	27.5	45.8	51.1	NA	NA	NA
ENSDART00000105853	CABZ01047562.1	20	32.6	20.4	6.6	9.9	37.5	88.4	NA	NA	NA
ENSDART00000059756	ralba	51	49.9	39.1	12.6	26.4	66.7	96.3	NA	NA	NA
ENSDART00000059753	inhbb	3	44.3	14.7	NA	NA	NA	NA	NA	NA	NA
ENSDART00000150417	si:dkey-247i3.3	31	35.5	19.8	5.9	14.3	30.8	71.4	NA	NA	NA
ENSDART00000035447	mtmr9	11	9.5	8.1	1.8	5.0	14.5	15.5	NA	NA	NA
ENSDART00000053838	cgrrf1	4	42.0	31.6	NA	NA	NA	NA	NA	NA	NA
ENSDART00000127976	timm17a	76	69.1	57.3	11.9	24.5	94.3	151.8	NA	NA	NA
ENSDART00000127975	zgc:111974	4	95.3	92.5	NA	NA	NA	NA	NA	NA	NA
ENSDART00000056801	msl2a	139	43.5	31.2	5.1	12.1	61.8	109.5	NA	NA	NA
ENSDART00000058383	tmem147	170	40.9	36.6	19.7	26.4	50.0	68.0	35.7	48.52	0.442655476204
ENSDART00000032825	sept7b	436	89.0	89.9	35.8	63.4	112.4	137.1	53.95	174.92	1.69700038871
ENSDART00000032390	gtf2h1	27	53.5	34.6	8.0	15.6	61.8	127.3	NA	NA	NA
ENSDART00000032827	zgc:162964	124	62.3	51.4	8.1	21.1	95.9	133.2	NA	NA	NA
ENSDART00000143710	pigq	27	46.7	35.0	7.5	13.0	56.9	109.2	NA	NA	NA
ENSDART00000009241	rpl35	954	93.0	94.6	35.0	54.7	124.1	150.8	1133.49	761.48	-0.573893612779
ENSDART00000109973	TP53BP1	1	64.5	64.5	NA	NA	NA	NA	22.34	31.8	0.509397579688
ENSDART00000032399	CABZ01084815.1	3	41.2	32.3	NA	NA	NA	NA	NA	NA	NA
ENSDART00000033669	lipt1	2	54.6	54.6	NA	NA	NA	NA	NA	NA	NA
ENSDART00000022840	minal	29	81.6	48.3	18.2	25.0	118.5	188.1	NA	NA	NA
ENSDART00000126625	CU302436.2	5	25.2	-5.0	NA	NA	NA	NA	NA	NA	NA
ENSDART00000126626	phf23b	2	14.6	14.6	NA	NA	NA	NA	15.41	47.66	1.62891208968
ENSDART00000126621	pfdn1	398	73.7	69.0	38.6	53.4	85.4	112.7	108.71	209.22	0.944536113053
ENSDART00000033663	rps21	1120	75.6	75.6	25.8	42.7	102.1	125.8	1911.31	664.98	-1.52317893575
ENSDART00000113088	st3gal1	4	15.0	12.5	NA	NA	NA	NA	NA	NA	NA
ENSDART00000026464	cfl1l	804	49.1	41.9	14.9	26.8	62.1	86.9	125.61	323.33	1.36405604945
ENSDART00000106501	pde6c	1	22.5	22.5	NA	NA	NA	NA	NA	NA	NA
ENSDART00000065881	fam120c	1	7.3	7.3	NA	NA	NA	NA	NA	NA	NA
ENSDART00000047735	EOGT	5	53.7	38.1	NA	NA	NA	NA	NA	NA	NA
ENSDART00000145715	ak4	38	44.9	29.5	15.2	21.4	46.3	79.9	NA	NA	NA
ENSDART00000106504	zgc:113443	1	-2.4	-2.4	NA	NA	NA	NA	NA	NA	NA
ENSDART00000079014	pdik1l	53	59.6	33.0	15.0	21.1	88.6	126.3	25.12	20.32	-0.305936062119
ENSDART00000113082	HNRNPH3	1	27.5	27.5	NA	NA	NA	NA	NA	NA	NA
ENSDART00000077304	ptch2	2	65.2	65.2	NA	NA	NA	NA	NA	NA	NA
ENSDART00000020192	tubgcp2	24	64.2	52.0	16.4	24.4	80.7	139.0	NA	NA	NA
ENSDART00000079012	rad52	24	76.5	84.7	25.1	43.0	98.5	123.3	10.33	10.4	0.0097432741634
ENSDART00000062945	TNPO2	669	79.7	72.5	21.3	41.5	111.9	148.1	32.25	145.12	2.16987529533
ENSDART00000052787	vps11	7	12.3	10.1	NA	NA	NA	NA	NA	NA	NA
ENSDART00000011882	nap1l1	415	39.0	34.2	15.9	24.6	46.0	64.4	381.25	81.19	-2.23136338778
ENSDART00000141626	gtf2h5	168	49.8	43.5	15.1	25.7	68.9	97.1	101.28	304.45	1.58785600306
ENSDART00000110291	srxn1	4	41.7	39.5	NA	NA	NA	NA	NA	NA	NA
ENSDART00000098734	cacybp	95	42.9	27.8	8.7	14.9	55.4	101.1	33.15	24.41	-0.441536575219
ENSDART00000098736	mrps14	29	53.6	40.7	19.3	34.1	62.1	92.8	NA	NA	NA
ENSDART00000035628	CR293507.1	57	75.2	46.1	18.1	30.8	94.1	170.5	NA	NA	NA
ENSDART00000131505	ykt6	30	43.1	28.7	14.3	18.5	58.0	92.0	NA	NA	NA
ENSDART00000132703	traf7	63	60.8	43.2	8.3	16.7	95.4	160.7	NA	NA	NA
ENSDART00000131506	cdh6	136	101.7	103.0	20.5	51.8	140.5	172.4	NA	NA	NA
ENSDART00000009796	MARK4	17	84.9	56.9	17.0	41.3	136.2	164.1	NA	NA	NA
ENSDART00000009740	smad7	1	-5.5	-5.5	NA	NA	NA	NA	NA	NA	NA
ENSDART00000009790	cx43.4	2274	84.1	81.5	35.9	57.2	107.8	134.3	263.43	1193.58	2.17980370924
ENSDART00000082388	chchd2	433	57.9	49.2	20.7	33.1	74.4	111.8	126.08	200.54	0.669550587526
ENSDART00000045385	mespba	5	30.7	1.9	NA	NA	NA	NA	NA	NA	NA
ENSDART00000139886	toe1	29	55.6	41.2	16.5	25.6	75.7	109.1	11.87	10.87	-0.126967994615
ENSDART00000097198	sc:d217	1	16.8	16.8	NA	NA	NA	NA	NA	NA	NA
ENSDART00000028294	C18H11orf58	144	54.3	48.5	12.0	26.1	72.2	105.1	76.29	151.52	0.989942368057
ENSDART00000058400	lamb4	12	111.0	125.6	37.4	75.8	154.7	160.9	NA	NA	NA
ENSDART00000025669	slc16a9b	55	56.6	26.5	8.1	15.5	81.3	143.7	NA	NA	NA
ENSDART00000058407	slc25a33	353	56.7	41.5	13.9	23.3	78.5	128.9	38.16	107.53	1.49460613976
ENSDART00000130632	hif1al2	1	7.5	7.5	NA	NA	NA	NA	NA	NA	NA
ENSDART00000110754	fgf3	72	58.2	36.2	8.5	15.7	80.9	145.6	NA	NA	NA
ENSDART00000150532	zgc:110238	12	65.9	54.5	26.5	33.3	83.5	136.9	NA	NA	NA
ENSDART00000146070	arvcfb	8	18.1	18.5	NA	NA	NA	NA	NA	NA	NA
ENSDART00000130639	FP074874.1	1	8.1	8.1	NA	NA	NA	NA	NA	NA	NA
ENSDART00000052123	slc25a44b	46	60.5	32.7	11.3	15.3	96.1	136.9	NA	NA	NA
ENSDART00000052122	crabp1b	1	45.8	45.8	NA	NA	NA	NA	NA	NA	NA
ENSDART00000132858	pcmtl	4	76.5	48.0	NA	NA	NA	NA	NA	NA	NA
ENSDART00000052126	yars	235	46.8	35.0	19.8	26.2	56.8	81.9	30.59	68.78	1.16892900897
ENSDART00000076238	rbm41	12	41.4	23.2	17.3	18.1	35.7	101.0	NA	NA	NA
ENSDART00000017805	nfat5	5	9.9	18.5	NA	NA	NA	NA	3.96	7.02	0.825970600225
ENSDART00000135954	fam172a	48	21.6	20.1	8.3	14.0	27.8	36.0	NA	NA	NA
ENSDART00000129489	tmem39a	2688	65.6	53.2	18.0	31.9	92.7	130.0	36.88	5.54	-2.73488077438
ENSDART00000004848	wrnip1	32	27.0	21.3	4.7	9.8	33.7	49.9	NA	NA	NA
ENSDART00000093094	nrxn1a	2	78.7	78.7	NA	NA	NA	NA	NA	NA	NA
ENSDART00000112424	megf6a	2	31.4	31.4	NA	NA	NA	NA	NA	NA	NA
ENSDART00000122830	USP15	34	100.5	104.3	20.7	29.2	138.7	195.8	9.66	1.16	-3.05789838371
ENSDART00000081791	ugt2b6	1	21.6	21.6	NA	NA	NA	NA	NA	NA	NA
ENSDART00000049722	pfdn5	135	53.2	41.9	11.7	25.1	68.5	115.8	31.03	113.28	1.86815756855
ENSDART00000139088	trappc1	23	90.2	86.1	43.2	68.5	110.4	127.5	NA	NA	NA
ENSDART00000049230	pqbp1	245	59.9	51.6	20.2	33.6	73.9	116.0	122.07	110.06	-0.149418452466
ENSDART00000128507	ntpcr	22	87.8	76.5	33.8	54.5	106.0	142.0	NA	NA	NA
ENSDART00000125824	tmem198a	80	83.2	77.2	15.9	40.0	122.6	151.8	NA	NA	NA
ENSDART00000086324	fbxl16	1	101.7	101.7	NA	NA	NA	NA	NA	NA	NA
ENSDART00000100937	patl1	482	45.7	34.9	12.2	20.3	56.8	99.9	72.45	67.01	-0.112609282661
ENSDART00000021577	phf21ab	62	73.1	60.6	10.0	25.8	99.8	165.3	12.42	22.72	0.871297661284
ENSDART00000088610	rangap1a	68	79.3	69.8	22.0	42.1	111.6	143.1	16.64	16.72	0.00691941393979
ENSDART00000139087	lgmn	173	57.7	45.4	20.3	26.8	77.6	119.6	17.56	45.42	1.37103486117
ENSDART00000025008	stc1	2	39.6	39.6	NA	NA	NA	NA	NA	NA	NA
ENSDART00000055866	chmp2ba	1	21.6	21.6	NA	NA	NA	NA	NA	NA	NA
ENSDART00000063835	otx5	1	119.6	119.6	NA	NA	NA	NA	NA	NA	NA
ENSDART00000114140	march11	1	66.3	66.3	NA	NA	NA	NA	NA	NA	NA
ENSDART00000055861	rnf34a	27	47.9	34.1	12.1	22.4	59.3	111.5	NA	NA	NA
ENSDART00000129480	scarb1	99	73.4	52.2	18.5	29.8	110.7	143.6	13.98	19.8	0.502136069592
ENSDART00000128274	golga2	74	39.5	27.9	8.9	16.8	50.8	87.4	5.82	8.19	0.492844298733
ENSDART00000017110	lsm14ab	262	55.4	45.6	12.9	20.0	84.7	117.2	21.06	105.9	2.33012524785
ENSDART00000131874	pcl	15	24.6	18.4	10.3	13.8	30.2	44.6	NA	NA	NA
ENSDART00000103741	ppp4ca	386	40.1	23.9	6.7	11.3	59.3	96.1	52.38	137.28	1.39003349315
ENSDART00000077899	sertad2b	22	68.1	50.0	16.4	27.3	110.3	123.0	NA	NA	NA
ENSDART00000062191	CR847990.1	1	9.5	9.5	NA	NA	NA	NA	NA	NA	NA
ENSDART00000145055	pnrc2	2806	32.1	26.5	10.0	17.0	39.3	54.8	142.93	405.66	1.50496229324
ENSDART00000141657	anxa4	10	26.9	25.5	11.3	18.7	36.0	40.9	NA	NA	NA
ENSDART00000128763	si:ch211-204c21.1	3	52.6	18.3	NA	NA	NA	NA	NA	NA	NA
ENSDART00000141653	MDH1B	1	13.6	13.6	NA	NA	NA	NA	NA	NA	NA
ENSDART00000132387	pvalb6	2	33.0	33.0	NA	NA	NA	NA	NA	NA	NA
ENSDART00000115367	F2RL2	1	115.7	115.7	NA	NA	NA	NA	NA	NA	NA
ENSDART00000008681	fbn2b	9	127.9	139.4	NA	NA	NA	NA	NA	NA	NA
ENSDART00000100438	rab38b	7	27.6	15.9	NA	NA	NA	NA	NA	NA	NA
ENSDART00000104629	furinb	2	30.6	30.6	NA	NA	NA	NA	NA	NA	NA
ENSDART00000078053	tbcb	181	46.1	35.2	9.8	18.5	56.9	108.7	20.53	128.78	2.64910302253
ENSDART00000006772	marveld2a	24	49.8	24.7	12.1	17.4	58.1	117.8	NA	NA	NA
ENSDART00000078051	gpr161	73	72.2	56.7	15.8	28.6	105.0	153.2	12.58	5.21	-1.2717766446
ENSDART00000099121	arl8	6	15.4	17.8	NA	NA	NA	NA	NA	NA	NA
ENSDART00000088265	atxn1a	10	27.5	26.0	15.1	19.0	32.6	40.1	NA	NA	NA
ENSDART00000006778	acat2	71	46.3	32.0	18.5	23.5	49.8	110.8	NA	NA	NA
ENSDART00000148268	znf142	4	27.4	25.1	NA	NA	NA	NA	NA	NA	NA
ENSDART00000063287	qtrt1	17	18.1	14.6	7.2	10.1	21.1	38.7	12.0	4.61	-1.38019575007
ENSDART00000145971	sostdc1b	1	8.7	8.7	NA	NA	NA	NA	NA	NA	NA
ENSDART00000063285	lxn	1	46.2	46.2	NA	NA	NA	NA	NA	NA	NA
ENSDART00000108753	poln	5	42.6	45.1	NA	NA	NA	NA	NA	NA	NA
ENSDART00000145979	col19a1	2	27.7	27.7	NA	NA	NA	NA	NA	NA	NA
ENSDART00000121562	CR848029.2	4	124.7	128.1	NA	NA	NA	NA	NA	NA	NA
ENSDART00000113894	slc45a3	2	40.4	40.4	NA	NA	NA	NA	NA	NA	NA
ENSDART00000121561	atf3	16	41.4	18.3	10.5	14.1	22.4	143.0	NA	NA	NA
ENSDART00000046127	vipr1a	5	42.4	52.2	NA	NA	NA	NA	NA	NA	NA
ENSDART00000124088	HOMER2	80	76.0	62.9	22.2	41.1	96.7	143.5	25.38	10.73	-1.24204199308
ENSDART00000046122	atp2b4	168	39.5	36.0	12.1	20.3	49.2	72.4	25.4	38.27	0.591385404009
ENSDART00000149868	grsf1	206	80.0	69.6	18.8	36.4	109.6	154.3	49.59	55.77	0.169440045627
ENSDART00000152327	wdr45l	47	63.1	55.6	24.4	34.3	81.0	105.2	81.08	29.46	-1.46058865843
ENSDART00000060363	rpl4	486	84.0	84.6	32.9	51.0	109.5	134.0	982.91	657.92	-0.579147152824
ENSDART00000136779	entpd5b	7	31.8	30.9	NA	NA	NA	NA	NA	NA	NA
ENSDART00000131203	pbrm1l	232	74.4	67.3	16.9	33.9	106.6	148.4	26.21	116.59	2.15325479418
ENSDART00000136771	dnajc5ga	82	28.6	15.8	4.5	9.4	32.0	79.8	NA	NA	NA
ENSDART00000136776	kti12	24	38.5	27.4	12.2	16.2	51.3	64.7	NA	NA	NA
ENSDART00000080286	si:ch1073-396h14.1	1	34.1	34.1	NA	NA	NA	NA	NA	NA	NA
ENSDART00000123054	WNK4	101	70.3	63.8	8.6	20.9	112.3	132.8	NA	NA	NA
ENSDART00000123055	zgc:153292	38	65.5	28.0	5.9	11.0	124.9	167.1	NA	NA	NA
ENSDART00000018972	C7H16orf87	91	48.4	27.0	4.3	11.2	63.5	139.4	56.95	76.86	0.432537134467
ENSDART00000018973	scamp3	8	81.5	66.6	NA	NA	NA	NA	NA	NA	NA
ENSDART00000144148	zgc:174222	12	67.3	37.2	21.6	26.4	116.1	159.4	NA	NA	NA
ENSDART00000123053	ATOX1	13	72.5	60.8	33.4	39.5	85.7	128.2	NA	NA	NA
ENSDART00000126022	rarab	190	67.8	48.0	12.8	23.7	108.7	145.2	14.45	52.24	1.85408540416
ENSDART00000123503	CR925758.1	2	20.4	20.4	NA	NA	NA	NA	NA	NA	NA
ENSDART00000126020	SPINK4	9	96.3	99.3	NA	NA	NA	NA	NA	NA	NA
ENSDART00000133811	sfxn1	16	36.2	30.6	21.2	22.7	48.7	58.7	NA	NA	NA
ENSDART00000123504	CU855932.1	2	19.7	19.7	NA	NA	NA	NA	NA	NA	NA
ENSDART00000126025	VPRBP	110	44.8	35.5	11.2	19.9	58.0	86.6	34.75	14.96	-1.21590280261
ENSDART00000016642	eng1b	2	49.8	49.8	NA	NA	NA	NA	NA	NA	NA
ENSDART00000044411	gna11b	29	34.5	22.1	5.9	9.5	43.1	68.0	NA	NA	NA
ENSDART00000027740	nedd1	105	65.1	42.4	15.0	21.5	91.1	152.8	12.18	15.72	0.368087084352
ENSDART00000042194	cers4a	1	9.8	9.8	NA	NA	NA	NA	NA	NA	NA
ENSDART00000081228	abhd14a	105	41.3	39.3	13.7	23.5	58.2	72.5	NA	NA	NA
ENSDART00000105680	dtna	2	42.9	42.9	NA	NA	NA	NA	NA	NA	NA
ENSDART00000026295	arrb2b	19	105.5	103.5	59.5	83.2	138.6	154.1	NA	NA	NA
ENSDART00000026292	tuba7l	2	65.1	65.1	NA	NA	NA	NA	NA	NA	NA
ENSDART00000147710	rsrc1	3	35.5	26.2	NA	NA	NA	NA	27.36	30.88	0.174604522382
ENSDART00000122459	arfgap3	121	39.4	23.7	8.0	16.1	46.1	93.6	44.75	12.56	-1.83305121815
ENSDART00000081883	enpp4	11	34.9	30.0	24.3	25.8	43.1	52.0	NA	NA	NA
ENSDART00000081220	ankrd33ba	5	63.4	73.7	NA	NA	NA	NA	NA	NA	NA
ENSDART00000124883	shmt1	175	39.3	33.8	13.5	21.3	49.8	62.4	34.19	60.08	0.813310390081
ENSDART00000122455	CU151895.1	7	43.2	41.2	NA	NA	NA	NA	26.51	29.38	0.148297725689
ENSDART00000143641	eef2a.1	255	84.0	78.4	11.5	20.3	136.9	176.2	NA	NA	NA
ENSDART00000007798	wdr82	1	9.8	9.8	NA	NA	NA	NA	15.19	117.94	2.95685932432
ENSDART00000056252	sema4e	5	127.4	109.6	NA	NA	NA	NA	NA	NA	NA
ENSDART00000127216	FAM161A	11	10.6	1.9	-4.8	-4.3	17.7	46.7	NA	NA	NA
ENSDART00000056254	stap2a	107	89.8	88.9	30.7	56.7	118.2	149.3	NA	NA	NA
ENSDART00000127214	tmtc4	5	39.4	14.5	NA	NA	NA	NA	NA	NA	NA
ENSDART00000131889	aifm1	123	26.9	21.3	8.9	13.8	32.6	50.7	10.97	29.64	1.4339819219
ENSDART00000080939	si:dkey-260j18.2	308	62.1	54.2	14.4	26.9	90.3	123.3	14.9	28.68	0.944732693352
ENSDART00000034376	SLC7A1	188	76.5	76.0	21.7	43.6	108.3	133.0	6.27	45.31	2.85329214271
ENSDART00000144621	smim15	80	39.3	33.7	12.5	21.9	48.1	63.2	69.05	84.29	0.287720068331
ENSDART00000144622	si:dkey-10o6.2	7	39.0	23.0	NA	NA	NA	NA	NA	NA	NA
ENSDART00000136361	sema6d	19	49.5	19.3	6.5	11.2	54.5	148.8	3.9	1.46	-1.41750575487
ENSDART00000106343	zgc:113102	39	59.7	48.4	10.2	27.7	75.7	121.1	NA	NA	NA
ENSDART00000149252	si:ch73-261i21.2	1	159.4	159.4	NA	NA	NA	NA	NA	NA	NA
ENSDART00000003518	neu3.2	4	31.1	26.2	NA	NA	NA	NA	NA	NA	NA
ENSDART00000146996	si:ch211-87l2.1	10	25.4	18.2	10.0	12.6	32.6	46.0	NA	NA	NA
ENSDART00000051864	bod1	103	55.5	40.5	14.8	24.8	71.6	133.7	NA	NA	NA
ENSDART00000074689	eif5b	122	58.4	47.9	13.7	24.6	83.5	123.2	79.26	47.95	-0.725062152062
ENSDART00000078529	kin	44	69.8	59.7	12.2	25.3	105.2	137.0	13.59	43.65	1.68343619775
ENSDART00000121907	suv420h2	72	53.5	45.9	10.8	18.4	73.6	123.0	7.09	8.77	0.306791215205
ENSDART00000121901	CABZ01086835.1	4	4.7	4.0	NA	NA	NA	NA	NA	NA	NA
ENSDART00000030794	tmem169	37	55.7	41.2	9.5	22.7	74.3	130.0	NA	NA	NA
ENSDART00000065057	AL954698.1	2	76.2	76.2	NA	NA	NA	NA	NA	NA	NA
ENSDART00000065504	C21H17orf85	114	59.1	51.1	13.2	24.5	87.8	119.7	32.02	80.45	1.32911911309
ENSDART00000065503	pgap2	77	44.1	23.0	10.5	15.1	49.9	116.6	NA	NA	NA
ENSDART00000081089	IL17RA	5	78.6	80.5	NA	NA	NA	NA	NA	NA	NA
ENSDART00000065500	abcc4	10	38.7	22.9	16.9	17.9	37.2	57.1	NA	NA	NA
ENSDART00000147823	rcn2	32	64.8	43.1	14.9	22.7	91.2	127.8	20.0	19.54	-0.0335695326937
ENSDART00000105532	oaz1a	730	58.8	55.6	18.9	37.2	77.2	99.5	178.09	95.99	-0.891650487005
ENSDART00000147821	spsb4a	77	89.7	85.9	20.9	35.8	128.4	165.1	16.08	13.57	-0.24484668576
ENSDART00000006628	zgc:173742	68	30.5	23.9	9.9	13.7	39.5	57.7	35.38	21.4	-0.725323251402
ENSDART00000147826	phf16	120	68.7	51.2	12.1	20.9	99.9	155.9	19.63	21.1	0.104182826128
ENSDART00000030709	pnx	42	34.8	17.9	7.5	12.4	42.6	94.2	NA	NA	NA
ENSDART00000104804	prkar1ab	2	20.0	20.0	NA	NA	NA	NA	NA	NA	NA
ENSDART00000098297	CABZ01041002.1	4	136.1	125.2	NA	NA	NA	NA	NA	NA	NA
ENSDART00000098296	pacsin3	36	20.8	20.3	4.7	9.4	26.6	40.8	NA	NA	NA
ENSDART00000098295	zgc:153993	14	43.0	23.0	5.8	13.4	58.4	109.8	NA	NA	NA
ENSDART00000152888	mllt4	126	31.0	25.0	11.5	19.1	41.1	59.4	5.68	32.94	2.53587772022
ENSDART00000098292	ccdc19	1	26.1	26.1	NA	NA	NA	NA	NA	NA	NA
ENSDART00000098291	si:ch211-240g9.1	1	18.0	18.0	NA	NA	NA	NA	NA	NA	NA
ENSDART00000125823	CCDC138	13	17.3	15.6	0.4	10.1	20.0	35.4	NA	NA	NA
ENSDART00000102500	anp32b	1549	89.6	89.7	37.7	65.0	114.6	138.9	477.67	1245.17	1.38225654685
ENSDART00000134630	zdhhc16a	26	77.8	76.7	16.3	28.8	97.8	132.9	NA	NA	NA
ENSDART00000040240	tiprl	81	45.7	34.7	12.1	21.2	52.8	78.2	22.12	23.23	0.0706377685741
ENSDART00000015512	polr3f	9	66.7	50.8	NA	NA	NA	NA	16.24	18.64	0.198850227469
ENSDART00000010569	g6pc3	9	37.0	33.0	NA	NA	NA	NA	NA	NA	NA
ENSDART00000033479	si:ch211-129c21.1	3	89.9	21.9	NA	NA	NA	NA	NA	NA	NA
ENSDART00000129236	CABZ01080116.1	1	78.0	78.0	NA	NA	NA	NA	NA	NA	NA
ENSDART00000109207	CCDC135	1	61.1	61.1	NA	NA	NA	NA	NA	NA	NA
ENSDART00000027697	serinc2	137	44.1	35.9	14.5	22.7	55.6	83.3	8.97	45.74	2.35027647549
ENSDART00000082578	bnip2	57	65.6	53.1	14.2	24.0	100.2	131.1	NA	NA	NA
ENSDART00000146666	mcf2b	1	31.0	31.0	NA	NA	NA	NA	NA	NA	NA
ENSDART00000082577	prune2	1	11.7	11.7	NA	NA	NA	NA	NA	NA	NA
ENSDART00000075759	maea	140	56.9	43.9	7.9	14.2	93.5	122.3	NA	NA	NA
ENSDART00000085253	mid1	1	111.8	111.8	NA	NA	NA	NA	NA	NA	NA
ENSDART00000135941	il11ra	2	54.7	54.7	NA	NA	NA	NA	NA	NA	NA
ENSDART00000075150	bmp4	112	51.2	32.8	6.0	17.7	72.3	124.3	NA	NA	NA
ENSDART00000135945	rpsa	841	84.2	84.0	35.5	52.4	109.6	133.8	1743.57	448.61	-1.95851060077
ENSDART00000059230	IRF2	1	170.1	170.1	NA	NA	NA	NA	NA	NA	NA
ENSDART00000075159	zgc:113377	3	48.4	20.0	NA	NA	NA	NA	NA	NA	NA
ENSDART00000079864	zgc:173729	1	87.4	87.4	NA	NA	NA	NA	NA	NA	NA
ENSDART00000079866	slc30a9	25	64.3	27.3	9.1	13.8	81.8	211.4	NA	NA	NA
ENSDART00000073416	cecr1a	4	43.7	49.9	NA	NA	NA	NA	NA	NA	NA
ENSDART00000132286	MGST1	78	85.7	80.2	34.6	59.6	113.4	138.1	NA	NA	NA
ENSDART00000130725	lpgat1	48	44.5	32.7	12.4	20.5	64.0	97.5	9.67	24.16	1.32103265985
ENSDART00000132280	ror1	5	24.2	22.5	NA	NA	NA	NA	NA	NA	NA
ENSDART00000064573	setd6	15	43.7	28.1	9.1	14.0	70.7	99.1	NA	NA	NA
ENSDART00000125592	ZNF518B	34	59.0	41.5	9.6	21.1	97.5	128.4	NA	NA	NA
ENSDART00000125591	arhgap28	6	18.4	15.8	NA	NA	NA	NA	NA	NA	NA
ENSDART00000123612	BX470254.1	25	35.4	32.7	13.8	22.4	49.0	59.7	NA	NA	NA
ENSDART00000126221	HIST2H4B	97	-1.6	-4.3	-10.6	-6.2	-1.4	3.8	NA	NA	NA
ENSDART00000122848	AL935181.3	3	35.9	11.9	NA	NA	NA	NA	NA	NA	NA
ENSDART00000026576	igfbp1a	4	57.2	58.3	NA	NA	NA	NA	NA	NA	NA
ENSDART00000066778	acad11	24	26.6	26.8	11.2	13.4	34.2	45.8	NA	NA	NA
ENSDART00000082586	sntg2	4	15.3	19.4	NA	NA	NA	NA	NA	NA	NA
ENSDART00000013264	arglu1b	202	61.4	50.5	13.1	24.3	88.1	123.3	51.62	98.32	0.929554774279
ENSDART00000013263	ugdh	139	55.6	43.8	15.7	23.1	81.4	114.2	13.09	68.73	2.39247486208
ENSDART00000083212	fscn1a	1212	75.1	71.4	27.0	46.6	99.0	125.3	78.85	755.62	3.26047822783
ENSDART00000132220	CABZ01006828.1	9	47.4	48.0	NA	NA	NA	NA	NA	NA	NA
ENSDART00000077411	cxcl12b	32	94.2	99.3	14.6	31.4	154.3	187.9	NA	NA	NA
ENSDART00000079884	alox5	4	69.6	65.2	NA	NA	NA	NA	NA	NA	NA
ENSDART00000063029	mfsd6a	5	43.0	44.6	NA	NA	NA	NA	NA	NA	NA
ENSDART00000152478	stambpl1	20	48.7	53.3	-9.1	23.7	69.9	96.4	NA	NA	NA
ENSDART00000055253	FILIP1L	4	44.1	29.8	NA	NA	NA	NA	NA	NA	NA
ENSDART00000126229	rps7	1596	80.1	79.0	29.8	41.9	109.4	137.5	1962.51	553.23	-1.82674870856
ENSDART00000055259	nmrk1	4	48.5	19.4	NA	NA	NA	NA	NA	NA	NA
ENSDART00000101694	relt	54	31.7	18.8	3.3	11.3	44.3	76.4	NA	NA	NA
ENSDART00000149863	mif4gdb	12	65.0	35.7	3.4	10.0	115.1	119.6	NA	NA	NA
ENSDART00000105778	hs6st1b	3	96.1	80.6	NA	NA	NA	NA	NA	NA	NA
ENSDART00000129104	zgc:123194	1902	69.0	60.5	17.5	32.6	99.4	134.5	243.32	687.28	1.49804306791
ENSDART00000137017	h3f3d	1767	119.1	122.9	70.8	99.1	141.8	161.4	950.88	3820.1	2.00627521348
ENSDART00000024644	xrcc4	69	31.6	28.8	12.7	19.8	38.6	59.1	22.58	11.33	-0.994897624952
ENSDART00000123619	rac2	33	58.3	56.9	26.6	44.7	76.8	84.8	40.77	46.38	0.185994863157
ENSDART00000101525	si:dkey-266m15.6	1	21.8	21.8	NA	NA	NA	NA	NA	NA	NA
ENSDART00000109506	tmem201	10	61.0	43.0	19.8	34.1	95.6	111.5	NA	NA	NA
ENSDART00000109504	cc2d1b	4	26.8	11.8	NA	NA	NA	NA	NA	NA	NA
ENSDART00000109505	tmem79b	58	36.4	24.8	12.4	18.1	45.6	62.1	NA	NA	NA
ENSDART00000083628	ddit3	1	12.0	12.0	NA	NA	NA	NA	NA	NA	NA
ENSDART00000098888	tbx20	9	40.6	26.6	NA	NA	NA	NA	NA	NA	NA
ENSDART00000109508	vetz	1	38.3	38.3	NA	NA	NA	NA	NA	NA	NA
ENSDART00000058364	hmgb2b	3346	95.8	96.3	39.2	65.0	124.2	148.0	860.08	1281.81	0.575639667277
ENSDART00000105997	trpa1b	1	64.2	64.2	NA	NA	NA	NA	NA	NA	NA
ENSDART00000066080	slit1a	3	29.7	27.2	NA	NA	NA	NA	NA	NA	NA
ENSDART00000066086	zgc:114123	5	23.0	15.5	NA	NA	NA	NA	NA	NA	NA
ENSDART00000134697	pik3ip1	52	100.4	114.3	26.8	48.8	141.4	165.6	NA	NA	NA
ENSDART00000029824	map4k5	34	50.6	26.1	8.7	14.3	65.0	130.6	5.75	8.41	0.548543844423
ENSDART00000097213	par1	9	39.4	25.8	NA	NA	NA	NA	NA	NA	NA
ENSDART00000028940	styxl1	4	88.2	100.7	NA	NA	NA	NA	NA	NA	NA
ENSDART00000144917	MRPS12	3	42.5	31.9	NA	NA	NA	NA	NA	NA	NA
ENSDART00000010056	hip1r	40	61.7	37.5	17.2	26.4	65.6	127.1	14.72	6.39	-1.20388983511
ENSDART00000112639	pnpla4	4	31.4	20.7	NA	NA	NA	NA	NA	NA	NA
ENSDART00000112634	CZv9_NA991H1orf52	273	58.6	46.4	13.0	23.4	84.7	125.7	35.91	77.62	1.11204278012
ENSDART00000134678	OVOL2	19	55.8	28.8	11.6	20.3	80.3	120.2	NA	NA	NA
ENSDART00000112636	aldh1l1	5	35.2	32.2	NA	NA	NA	NA	4.53	8.89	0.972672368784
ENSDART00000152429	si:ch211-22i13.2	103	68.3	59.9	21.6	36.5	93.5	120.3	38.84	53.62	0.465228018563
ENSDART00000127656	CU183952.2	1	97.7	97.7	NA	NA	NA	NA	NA	NA	NA
ENSDART00000130818	ptprz1b	19	48.6	37.2	19.1	27.4	58.6	104.4	NA	NA	NA
ENSDART00000055038	rybpa	86	41.2	23.5	6.8	12.6	55.1	104.4	14.26	55.15	1.95138690403
ENSDART00000077553	xdh	4	131.6	110.4	NA	NA	NA	NA	NA	NA	NA
ENSDART00000028941	mrps18a	24	46.3	43.1	11.4	14.9	73.6	84.4	NA	NA	NA
ENSDART00000009473	zfand1	19	74.3	72.7	18.0	34.2	111.3	127.1	NA	NA	NA
ENSDART00000142265	rassf1	56	55.4	37.2	5.3	15.5	92.5	117.1	NA	NA	NA
ENSDART00000009477	cct8	417	79.9	67.8	24.9	42.0	107.0	154.9	143.32	168.4	0.232652189743
ENSDART00000100352	phf3	239	62.8	50.5	11.4	23.4	91.7	133.4	22.34	40.85	0.87070689255
ENSDART00000006211	prkcba	2	30.1	30.1	NA	NA	NA	NA	NA	NA	NA
ENSDART00000039399	sdpra	10	90.4	79.0	47.9	53.3	136.6	147.2	NA	NA	NA
ENSDART00000055338	thoc6	104	43.7	27.2	6.3	11.8	63.3	107.3	20.32	25.7	0.338867957309
ENSDART00000143909	tbc1d9	113	37.0	27.6	6.1	13.4	44.7	72.8	5.35	27.47	2.36024611379
ENSDART00000075216	fam193a	26	68.8	63.5	13.2	16.3	103.5	135.6	4.96	6.46	0.381194044307
ENSDART00000114352	zgc:112998	143	45.9	31.5	8.1	16.3	63.2	111.0	NA	NA	NA
ENSDART00000076938	pogza	317	81.3	68.9	10.7	28.6	124.6	159.4	15.23	57.07	1.90581662119
ENSDART00000129590	mrps10	41	51.2	46.8	11.9	19.5	77.0	99.5	34.62	32.67	-0.0836392699286
ENSDART00000138634	abca12	6	123.1	134.7	NA	NA	NA	NA	NA	NA	NA
ENSDART00000056878	traf4b	1	36.9	36.9	NA	NA	NA	NA	NA	NA	NA
ENSDART00000052802	calb2b	3	153.7	150.9	NA	NA	NA	NA	NA	NA	NA
ENSDART00000052803	si:dkey-30c15.10	39	37.1	32.0	11.8	18.7	42.2	67.3	NA	NA	NA
ENSDART00000002682	net1	493	69.2	49.1	13.5	22.2	105.3	156.7	NA	NA	NA
ENSDART00000079480	mrpl13	84	47.8	45.4	12.2	28.3	58.7	85.3	61.48	31.58	-0.961105993831
ENSDART00000044670	nfixb	5	25.7	17.7	NA	NA	NA	NA	NA	NA	NA
ENSDART00000124317	pde7a	38	80.8	78.2	14.9	23.4	124.1	145.5	NA	NA	NA
ENSDART00000048722	ampd3b	2	50.8	50.8	NA	NA	NA	NA	NA	NA	NA
ENSDART00000062702	cebpb	790	65.4	55.6	16.6	27.5	92.7	129.1	NA	NA	NA
ENSDART00000062257	slc39a1	176	91.4	93.5	32.4	58.4	123.5	152.8	NA	NA	NA
ENSDART00000062254	MAD2L2	1	35.1	35.1	NA	NA	NA	NA	NA	NA	NA
ENSDART00000046716	cited2	22	40.4	21.1	9.7	15.5	38.5	101.4	NA	NA	NA
ENSDART00000046712	zgc:86609	57	37.5	33.6	15.1	22.5	44.9	64.6	NA	NA	NA
ENSDART00000053310	tmem18	37	67.5	57.0	20.8	37.6	94.8	116.2	NA	NA	NA
ENSDART00000027587	ralab	82	65.9	51.8	11.2	27.0	92.7	134.2	NA	NA	NA
ENSDART00000054208	mtap	104	38.5	25.8	8.8	14.9	47.5	78.1	30.7	39.03	0.346344807181
ENSDART00000084321	dact2	68	48.2	32.2	6.3	14.3	75.5	108.5	NA	NA	NA
ENSDART00000131715	psmb4	598	48.0	37.1	11.3	21.9	66.8	103.8	125.34	243.49	0.958015624596
ENSDART00000131240	zbed4	153	72.5	64.0	11.8	22.7	110.9	153.6	5.4	27.91	2.36975081202
ENSDART00000136561	si:dkeyp-82a1.6	10	75.0	62.5	5.7	44.6	87.2	145.9	NA	NA	NA
ENSDART00000140121	CR382385.2	17	48.9	26.0	12.1	17.2	72.9	107.3	NA	NA	NA
ENSDART00000128971	gm2a	237	43.3	29.3	11.1	18.9	48.6	101.6	21.54	75.21	1.80390624701
ENSDART00000128977	sp9	2	38.0	38.0	NA	NA	NA	NA	NA	NA	NA
ENSDART00000128974	m6pr	29	65.8	53.1	14.8	28.3	105.9	127.9	NA	NA	NA
ENSDART00000128975	slc25a32a	62	57.8	51.8	16.5	22.6	81.6	112.9	NA	NA	NA
ENSDART00000148632	yy1b	79	58.8	46.3	13.1	25.6	71.0	119.2	19.05	22.84	0.261771652982
ENSDART00000028357	PIGB	20	34.8	26.3	12.3	17.4	45.9	66.4	NA	NA	NA
ENSDART00000087909	TMEM246	38	31.2	15.6	4.2	10.7	32.6	85.8	NA	NA	NA
ENSDART00000048623	C8H1orf194	5	80.6	67.7	NA	NA	NA	NA	NA	NA	NA
ENSDART00000129372	klhl22	2	76.0	76.0	NA	NA	NA	NA	NA	NA	NA
ENSDART00000129371	CABZ01072828.1	3	24.2	15.1	NA	NA	NA	NA	NA	NA	NA
ENSDART00000027582	brms1lb	36	34.0	25.1	11.9	18.2	37.4	71.4	NA	NA	NA
ENSDART00000034252	pnocb	15	36.0	32.5	10.4	23.1	47.0	61.6	NA	NA	NA
ENSDART00000126816	CABZ01058048.1	1	16.0	16.0	NA	NA	NA	NA	NA	NA	NA
ENSDART00000105333	akap6	1	4.4	4.4	NA	NA	NA	NA	NA	NA	NA
ENSDART00000044971	myo1eb	137	49.5	34.8	12.4	18.2	66.9	112.3	23.13	63.79	1.46356501254
ENSDART00000124271	gabpb1	3	29.9	24.1	NA	NA	NA	NA	NA	NA	NA
ENSDART00000132081	rap1b	20	43.4	45.3	11.1	28.6	57.9	72.4	NA	NA	NA
ENSDART00000038273	traf6	9	47.6	28.5	NA	NA	NA	NA	NA	NA	NA
ENSDART00000098503	haus6	29	57.2	35.6	9.0	15.6	90.4	123.7	NA	NA	NA
ENSDART00000098500	ccdc125	10	104.5	113.8	37.8	92.6	130.4	141.7	NA	NA	NA
ENSDART00000122699	fam73b	6	32.0	36.0	NA	NA	NA	NA	NA	NA	NA
ENSDART00000113186	si:dkey-240e12.6	15	53.6	53.8	20.4	41.1	70.6	78.5	NA	NA	NA
ENSDART00000149410	si:ch211-116m6.3	0	NA	NA	NA	NA	NA	NA	3.21	3.2	-0.00450139223494
ENSDART00000149411	atxn1b	2	13.9	13.9	NA	NA	NA	NA	NA	NA	NA
ENSDART00000090883	gpnmb	2	54.9	54.9	NA	NA	NA	NA	NA	NA	NA
ENSDART00000059918	hnrnph1	2	44.4	44.4	NA	NA	NA	NA	NA	NA	NA
ENSDART00000092256	mrpl9	44	54.3	42.5	16.3	23.1	70.4	117.6	NA	NA	NA
ENSDART00000029552	CU467854.1	2	10.7	10.7	NA	NA	NA	NA	NA	NA	NA
ENSDART00000029553	rsg1	14	39.3	35.5	6.4	10.2	59.8	76.2	NA	NA	NA
ENSDART00000042481	phf23a	77	38.2	19.2	4.8	10.8	52.7	89.6	20.2	42.27	1.06527881939
ENSDART00000139039	si:ch211-106h4.4	1	98.5	98.5	NA	NA	NA	NA	NA	NA	NA
ENSDART00000022724	pnpo	6	25.5	25.1	NA	NA	NA	NA	NA	NA	NA
ENSDART00000039877	SCYL2	143	46.2	31.9	10.6	17.1	58.8	101.9	NA	NA	NA
ENSDART00000144911	mars	386	30.1	21.0	7.4	13.4	35.0	56.3	44.81	118.49	1.40287267597
ENSDART00000063071	dgcr2	61	90.3	87.5	37.8	56.0	127.8	148.3	NA	NA	NA
ENSDART00000032355	GOLM1	23	44.5	33.6	10.2	22.4	46.9	59.6	55.38	51.99	-0.0911308984856
ENSDART00000063075	NKAIN4	1	34.7	34.7	NA	NA	NA	NA	NA	NA	NA
ENSDART00000114556	nbr1	9	80.1	58.6	NA	NA	NA	NA	NA	NA	NA
ENSDART00000020389	hmcn1	2	97.8	97.8	NA	NA	NA	NA	NA	NA	NA
ENSDART00000127054	C25H11orf24	255	49.4	31.7	13.5	22.7	63.3	111.6	21.35	25.16	0.236895852371
ENSDART00000020381	grap2a	2	70.5	70.5	NA	NA	NA	NA	NA	NA	NA
ENSDART00000020386	gclm	93	51.5	38.1	17.5	23.8	68.3	114.2	13.38	95.85	2.84070031591
ENSDART00000039878	sap30bp	221	61.4	52.8	17.2	27.2	80.4	118.1	48.19	200.16	2.05434798843
ENSDART00000113279	rnf26	130	59.7	42.9	12.1	22.3	91.2	125.6	10.64	15.68	0.559427408614
ENSDART00000022499	psmb3	431	83.5	83.7	26.1	47.6	113.4	144.1	110.08	304.39	1.4673685882
ENSDART00000061062	PARD3B	14	32.4	28.4	19.2	26.7	37.8	50.7	4.54	3.69	-0.299071481231
ENSDART00000113239	nsun5	210	68.5	57.6	17.1	33.3	90.7	133.1	67.58	56.74	-0.252230199889
ENSDART00000137052	specc1	1	37.3	37.3	NA	NA	NA	NA	3.55	0.71	-2.32192809489
ENSDART00000060255	blmh	34	64.2	41.3	16.6	27.8	109.8	132.4	20.02	34.47	0.783899324531
ENSDART00000064591	cyp2x6	36	113.8	103.5	45.3	80.0	151.1	190.5	NA	NA	NA
ENSDART00000090081	sema4ab	62	38.8	20.6	8.8	14.2	44.7	108.5	NA	NA	NA
ENSDART00000064597	lgals3l	5	67.2	52.1	NA	NA	NA	NA	NA	NA	NA
ENSDART00000074407	gltpd1	27	69.8	41.0	13.1	19.2	103.5	169.4	NA	NA	NA
ENSDART00000021384	exoc4	66	41.2	42.0	13.9	21.4	55.3	73.9	NA	NA	NA
ENSDART00000123268	nr1h3	5	16.3	16.7	NA	NA	NA	NA	NA	NA	NA
ENSDART00000058552	CABZ01111953.1	2	76.2	76.2	NA	NA	NA	NA	NA	NA	NA
ENSDART00000063613	ccdc6a	172	53.8	34.7	12.0	19.2	71.6	131.1	18.79	35.68	0.9251505485
ENSDART00000123199	usp6nl	7	76.0	73.1	NA	NA	NA	NA	NA	NA	NA
ENSDART00000058425	zgc:173990	38	54.6	55.3	25.9	43.9	65.3	73.4	10.62	1.54	-2.78578151011
ENSDART00000144237	gig2p	3	22.1	26.5	NA	NA	NA	NA	NA	NA	NA
ENSDART00000052379	nkd1	67	66.9	45.1	7.8	17.5	113.4	153.7	NA	NA	NA
ENSDART00000055414	pex26	22	37.3	20.3	10.1	14.1	40.8	105.8	NA	NA	NA
ENSDART00000047444	rbck1	14	30.2	17.9	3.4	7.4	35.6	48.1	NA	NA	NA
ENSDART00000127680	zfand2a	61	42.7	25.9	6.3	12.7	53.5	117.6	NA	NA	NA
ENSDART00000012888	atp5l	125	77.4	76.5	22.2	32.6	111.8	142.3	NA	NA	NA
ENSDART00000043756	ephb2b	13	25.6	25.4	3.5	20.8	32.9	42.7	NA	NA	NA
ENSDART00000144897	si:ch211-183d5.1	2	20.8	20.8	NA	NA	NA	NA	NA	NA	NA
ENSDART00000152901	armc5	37	76.3	88.0	14.8	29.4	116.0	138.8	3.3	2.28	-0.533432200081
ENSDART00000152904	sesn1	10	40.7	23.4	9.6	17.1	68.3	76.3	NA	NA	NA
ENSDART00000043751	macrod1	13	56.3	40.1	15.9	20.4	58.6	62.2	NA	NA	NA
ENSDART00000122026	HPDL	4	16.3	13.3	NA	NA	NA	NA	NA	NA	NA
ENSDART00000122027	LEPROTL1	309	55.8	48.8	20.8	31.4	71.5	99.4	NA	NA	NA
ENSDART00000010778	dopey1	8	18.4	16.3	NA	NA	NA	NA	1.78	0.29	-2.61775243584
ENSDART00000141607	fpgs	30	42.4	20.0	7.8	14.0	50.4	106.9	NA	NA	NA
ENSDART00000122021	ptpro	6	86.7	68.0	NA	NA	NA	NA	NA	NA	NA
ENSDART00000010774	zic2a	192	44.3	25.8	6.2	12.0	66.9	119.3	NA	NA	NA
ENSDART00000134844	micall2a	78	39.0	35.3	10.8	17.4	52.4	74.3	9.84	20.37	1.04971575963
ENSDART00000031640	zgc:113425	6	7.1	5.9	NA	NA	NA	NA	NA	NA	NA
ENSDART00000123197	relb	1	10.2	10.2	NA	NA	NA	NA	NA	NA	NA
ENSDART00000123191	ube2t	47	64.5	62.7	10.1	16.2	99.6	125.8	NA	NA	NA
ENSDART00000021037	hspa4a	105	58.7	39.6	13.2	21.3	80.2	119.5	14.64	47.14	1.68703620497
ENSDART00000123198	hspa12a	21	75.7	61.2	-2.8	29.5	116.9	164.6	NA	NA	NA
ENSDART00000021035	sec63	116	55.7	37.7	13.5	23.6	79.4	116.8	29.85	44.83	0.586733567899
ENSDART00000054367	kdelr2b	17	88.8	83.5	48.7	67.5	113.4	143.5	NA	NA	NA
ENSDART00000097856	fras1	10	48.3	42.3	22.0	30.4	61.6	82.9	NA	NA	NA
ENSDART00000111731	fam57ba	14	22.6	22.7	7.5	14.8	28.8	40.7	NA	NA	NA
ENSDART00000132596	dio1	1	42.9	42.9	NA	NA	NA	NA	NA	NA	NA
ENSDART00000085888	trim8b	13	50.3	29.5	6.2	23.3	97.9	125.6	NA	NA	NA
ENSDART00000110619	CBLC	5	75.7	84.8	NA	NA	NA	NA	NA	NA	NA
ENSDART00000111738	TMEM17	4	17.2	15.2	NA	NA	NA	NA	NA	NA	NA
ENSDART00000111739	tcf20	98	48.7	39.0	15.6	27.6	64.3	90.9	14.78	4.86	-1.60461805054
ENSDART00000015479	psma8	298	71.6	64.6	18.8	34.9	95.1	133.1	38.95	117.48	1.59271993738
ENSDART00000111651	AL954696.1	59	45.5	25.0	4.7	11.8	59.0	131.6	17.86	11.92	-0.583347844659
ENSDART00000148105	naf1	94	68.0	57.1	13.4	27.0	99.9	134.7	NA	NA	NA
ENSDART00000025803	pola2	37	69.2	56.1	14.6	31.0	94.0	133.9	8.19	15.73	0.941583313775
ENSDART00000108920	pik3r5	2	9.9	9.9	NA	NA	NA	NA	NA	NA	NA
ENSDART00000112384	ANKRD40	18	93.2	95.0	16.5	40.8	132.0	172.4	NA	NA	NA
ENSDART00000108694	CR559945.3	62	50.2	41.9	9.1	20.7	68.1	106.8	NA	NA	NA
ENSDART00000112380	ercc6	16	72.4	65.4	6.5	21.4	97.6	168.3	NA	NA	NA
ENSDART00000101671	clgn	23	30.3	28.7	13.6	20.5	36.6	55.1	NA	NA	NA
ENSDART00000081140	CT990561.1	2	7.4	7.4	NA	NA	NA	NA	NA	NA	NA
ENSDART00000081143	sephs1	309	78.7	73.7	20.2	46.2	108.4	142.7	NA	NA	NA
ENSDART00000140336	nsun2	425	36.3	20.9	5.6	12.0	45.9	95.1	17.43	84.22	2.27259030604
ENSDART00000147105	tdh	103	43.5	26.6	6.4	12.0	58.2	129.2	12.02	52.94	2.13892129878
ENSDART00000041007	stmn1b	29	55.6	46.3	18.8	37.0	85.5	92.9	NA	NA	NA
ENSDART00000023094	acvr1b	386	55.4	45.4	9.8	19.1	82.5	115.4	29.83	91.75	1.62094418028
ENSDART00000051777	zgc:101664	88	41.4	27.5	10.5	15.3	69.0	83.1	NA	NA	NA
ENSDART00000051776	srp19	171	62.4	58.1	14.6	29.9	82.3	119.5	86.17	139.56	0.695627913652
ENSDART00000101673	foxi2	3	61.3	71.8	NA	NA	NA	NA	NA	NA	NA
ENSDART00000060034	NAIF1	88	41.8	24.9	8.1	14.3	49.5	102.5	NA	NA	NA
ENSDART00000050753	cd36	3	122.1	113.1	NA	NA	NA	NA	NA	NA	NA
ENSDART00000038036	ube3d	8	51.4	60.2	NA	NA	NA	NA	NA	NA	NA
ENSDART00000103046	zgc:162879	2	22.0	22.0	NA	NA	NA	NA	NA	NA	NA
ENSDART00000099824	phospho2	9	103.6	92.0	NA	NA	NA	NA	NA	NA	NA
ENSDART00000044083	mef2cb	1	102.4	102.4	NA	NA	NA	NA	NA	NA	NA
ENSDART00000006489	acsl4a	56	65.3	45.9	14.7	26.8	105.2	134.3	NA	NA	NA
ENSDART00000044080	her12	4	46.9	19.1	NA	NA	NA	NA	NA	NA	NA
ENSDART00000103048	cald1l	4	66.5	35.5	NA	NA	NA	NA	NA	NA	NA
ENSDART00000044085	CAPN2	12	86.8	77.1	42.0	61.9	114.5	145.8	NA	NA	NA
ENSDART00000085087	ddx28	18	35.5	23.6	6.3	9.8	46.9	81.4	7.21	8.47	0.232362710091
ENSDART00000089689	mrps5	9	33.7	32.4	NA	NA	NA	NA	27.56	20.5	-0.426951978311
ENSDART00000092906	ppp1cab	392	76.9	74.0	22.9	45.2	101.8	131.1	44.66	395.21	3.14556429563
ENSDART00000129343	KRT222	1	184.1	184.1	NA	NA	NA	NA	NA	NA	NA
ENSDART00000061617	hmg20b	114	46.8	33.8	12.4	19.5	56.5	101.3	28.44	77.97	1.45499766957
ENSDART00000125531	lppr5a	1	33.1	33.1	NA	NA	NA	NA	NA	NA	NA
ENSDART00000140368	si:ch211-232m8.3	3	66.9	30.5	NA	NA	NA	NA	NA	NA	NA
ENSDART00000046959	arhgap12b	18	63.6	53.6	27.9	30.7	96.3	122.0	NA	NA	NA
ENSDART00000101753	MTMR11	8	19.7	13.5	NA	NA	NA	NA	NA	NA	NA
ENSDART00000101751	skp2	355	65.1	54.7	14.3	27.2	97.5	132.0	35.53	219.94	2.63000041402
ENSDART00000148728	pacsin2	175	36.5	31.2	9.8	17.4	48.9	70.9	64.61	30.93	-1.06275064161
ENSDART00000124139	pank4	2	-8.7	-8.7	NA	NA	NA	NA	8.78	18.49	1.07445237987
ENSDART00000127023	CABZ01071909.3	1	26.5	26.5	NA	NA	NA	NA	NA	NA	NA
ENSDART00000111885	taf9	655	49.3	38.4	13.2	21.4	66.6	103.9	98.25	158.2	0.687220287327
ENSDART00000127026	zgc:162193	2	135.2	135.2	NA	NA	NA	NA	NA	NA	NA
ENSDART00000127028	dus1l	49	44.3	26.4	8.2	19.6	60.2	117.4	11.08	25.22	1.18661039428
ENSDART00000012445	zgc:113278	29	80.8	67.9	26.4	38.3	129.1	152.1	NA	NA	NA
ENSDART00000078509	capza1b	150	57.9	47.6	19.1	30.4	78.5	111.2	41.68	79.61	0.933594384864
ENSDART00000126255	st6gal2l	11	17.3	16.8	6.2	8.5	24.0	29.2	NA	NA	NA
ENSDART00000126256	cpne3	60	66.1	57.9	16.1	38.3	77.7	128.3	NA	NA	NA
ENSDART00000066961	ppp6r2a	78	57.3	35.9	7.7	15.1	79.7	138.9	13.27	19.07	0.523136472943
ENSDART00000066963	atp6v1f	33	28.7	18.0	6.6	9.6	27.5	80.7	NA	NA	NA
ENSDART00000066964	hgfa	1	117.1	117.1	NA	NA	NA	NA	NA	NA	NA
ENSDART00000020541	lipf	8	40.3	22.0	NA	NA	NA	NA	NA	NA	NA
ENSDART00000020810	sdcbp2	417	62.1	55.0	21.1	32.4	83.1	120.7	22.05	338.54	3.94047574378
ENSDART00000146272	NDUFB2	91	50.4	41.6	8.5	20.5	71.5	104.4	NA	NA	NA
ENSDART00000010041	dhfr	163	61.3	48.4	17.8	31.1	79.6	130.6	74.34	200.66	1.43254246209
ENSDART00000020817	nudcd3	130	76.8	78.2	25.3	44.8	103.3	123.6	35.92	83.96	1.22491481655
ENSDART00000082143	prkacbb	1	40.8	40.8	NA	NA	NA	NA	NA	NA	NA
ENSDART00000020819	LMAN2L	30	50.9	49.4	25.8	40.2	62.5	79.2	11.85	1.76	-2.75123972515
ENSDART00000050420	arhgap4a	7	20.6	16.4	NA	NA	NA	NA	NA	NA	NA
ENSDART00000050130	gmpr	1	78.3	78.3	NA	NA	NA	NA	NA	NA	NA
ENSDART00000090043	NETO2	2	14.8	14.8	NA	NA	NA	NA	NA	NA	NA
ENSDART00000014254	diablob	36	62.1	43.3	17.6	26.5	103.1	140.1	NA	NA	NA
ENSDART00000041451	vipas39	3	16.6	12.3	NA	NA	NA	NA	NA	NA	NA
ENSDART00000073625	pde5ab	2	24.3	24.3	NA	NA	NA	NA	NA	NA	NA
ENSDART00000004023	pepd	79	59.0	54.1	25.8	35.3	76.1	95.6	26.62	45.48	0.77272168298
ENSDART00000089066	tbc1d2b	5	21.8	10.2	NA	NA	NA	NA	NA	NA	NA
ENSDART00000102312	zgc:158340	3	180.1	194.0	NA	NA	NA	NA	NA	NA	NA
ENSDART00000129261	lpar1	9	64.9	78.4	NA	NA	NA	NA	NA	NA	NA
ENSDART00000083362	TTC31	754	90.7	84.7	26.5	47.3	124.2	165.1	221.81	183.13	-0.276456258907
ENSDART00000125532	AREL1	76	46.3	26.8	6.9	13.8	75.0	109.3	NA	NA	NA
ENSDART00000074167	ociad2	4	63.3	60.2	NA	NA	NA	NA	NA	NA	NA
ENSDART00000074163	si:dkey-117k10.8	1	34.9	34.9	NA	NA	NA	NA	NA	NA	NA
ENSDART00000133621	si:ch211-255a21.3	20	54.3	28.4	4.2	16.0	86.4	130.1	NA	NA	NA
ENSDART00000106153	top2a	168	93.4	92.2	12.0	23.9	140.4	192.0	51.85	53.65	0.0492341819433
ENSDART00000054331	ghrhra	8	98.3	83.6	NA	NA	NA	NA	NA	NA	NA
ENSDART00000034456	kpna4	875	70.5	64.8	21.6	38.1	96.5	129.1	65.5	513.93	2.9720050583
ENSDART00000126646	MALSU1	13	95.0	96.0	49.1	84.8	115.5	128.9	NA	NA	NA
ENSDART00000129167	mapre1b	307	63.6	56.0	16.2	30.7	87.9	121.2	NA	NA	NA
ENSDART00000036456	cycsb	1099	63.6	55.3	17.4	31.8	89.7	121.3	439.49	604.99	0.461080956822
ENSDART00000113710	dcbld2	64	72.9	58.0	23.2	38.1	109.2	131.2	NA	NA	NA
ENSDART00000113712	galnt13	2	20.9	20.9	NA	NA	NA	NA	NA	NA	NA
ENSDART00000113713	fam177a1	21	50.9	44.8	13.0	22.8	63.5	91.4	NA	NA	NA
ENSDART00000020603	ccng2	8	62.1	60.2	NA	NA	NA	NA	NA	NA	NA
ENSDART00000066407	nptx2b	4	32.9	23.7	NA	NA	NA	NA	NA	NA	NA
ENSDART00000113716	rabl6	5	35.7	25.5	NA	NA	NA	NA	NA	NA	NA
ENSDART00000124855	TP53INP2	8	61.6	64.5	NA	NA	NA	NA	NA	NA	NA
ENSDART00000144915	tbx1	11	88.2	77.2	14.7	32.3	143.2	165.6	NA	NA	NA
ENSDART00000146682	pcnp	64	76.8	58.6	15.2	21.5	111.3	178.0	NA	NA	NA
ENSDART00000024518	esr1	1	25.7	25.7	NA	NA	NA	NA	NA	NA	NA
ENSDART00000024514	chordc1	11	72.5	86.2	13.9	47.6	102.7	109.2	34.63	46.58	0.427688252014
ENSDART00000115174	TCIRG1	43	51.6	19.2	5.0	11.7	53.2	167.4	NA	NA	NA
ENSDART00000123275	ptbp2a	228	101.0	98.5	29.4	55.3	135.6	171.4	12.35	149.73	3.59978036275
ENSDART00000128090	C6H2orf40	1	74.2	74.2	NA	NA	NA	NA	NA	NA	NA
ENSDART00000093236	TULP3	17	40.6	26.9	5.2	21.5	51.7	77.7	NA	NA	NA
ENSDART00000132491	WDR83OS	256	55.9	48.5	16.5	25.9	73.5	110.1	72.38	134.74	0.896515191615
ENSDART00000093232	CR855307.1	137	35.3	23.0	9.1	13.6	40.1	72.6	NA	NA	NA
ENSDART00000143225	si:ch211-217k17.9	477	73.0	64.1	10.4	21.2	113.1	148.6	NA	NA	NA
ENSDART00000130801	ACSL1	0	NA	NA	NA	NA	NA	NA	5.97	9.27	0.634838407361
ENSDART00000040500	tspan9a	2	24.1	24.1	NA	NA	NA	NA	NA	NA	NA
ENSDART00000144419	larp4aa	56	69.1	56.6	8.6	23.1	114.0	132.8	NA	NA	NA
ENSDART00000091901	psmd14	281	36.6	27.1	7.3	14.1	45.6	83.8	56.13	101.05	0.848225357305
ENSDART00000053463	mgll	548	74.7	67.5	21.4	34.0	104.3	141.2	NA	NA	NA
ENSDART00000058793	nenf	37	54.8	34.6	15.4	18.6	85.9	120.7	NA	NA	NA
ENSDART00000130380	dpysl2b	2	16.4	16.4	NA	NA	NA	NA	NA	NA	NA
ENSDART00000058797	hebp2	68	46.6	40.3	17.6	27.9	58.5	79.2	NA	NA	NA
ENSDART00000125537	CABZ01069006.1	26	67.8	54.9	14.9	19.7	94.4	151.5	NA	NA	NA
ENSDART00000087241	lss	2	74.1	74.1	NA	NA	NA	NA	NA	NA	NA
ENSDART00000087242	atpif1a	262	88.9	87.5	29.6	52.6	118.1	146.5	188.21	117.3	-0.682140270211
ENSDART00000130431	FP016176.1	79	56.8	33.9	10.5	19.6	78.6	138.7	NA	NA	NA
ENSDART00000106568	CU695216.1	2	14.1	14.1	NA	NA	NA	NA	NA	NA	NA
ENSDART00000005952	NRD1	80	36.6	28.4	7.8	14.3	43.3	71.9	5.5	17.62	1.67971040051
ENSDART00000092013	tmtc1	2	7.1	7.1	NA	NA	NA	NA	NA	NA	NA
ENSDART00000016307	her1	172	66.2	51.7	9.5	19.8	100.3	137.2	NA	NA	NA
ENSDART00000092011	exd3	81	39.5	37.0	10.2	19.4	52.4	72.8	4.63	44.43	3.26245004275
ENSDART00000097535	CABZ01075125.1	4	52.9	21.9	NA	NA	NA	NA	NA	NA	NA
ENSDART00000002279	cdh11	1	22.9	22.9	NA	NA	NA	NA	NA	NA	NA
ENSDART00000104493	sox2	222	65.2	53.6	16.6	28.1	90.2	133.4	NA	NA	NA
ENSDART00000056864	si:dkey-208k22.2	4	95.7	95.4	NA	NA	NA	NA	NA	NA	NA
ENSDART00000056865	ctnnbip1	456	82.3	72.2	27.4	43.9	116.4	147.5	NA	NA	NA
ENSDART00000053814	MTFMT	10	30.4	18.5	6.5	10.1	30.0	56.0	NA	NA	NA
ENSDART00000003252	dhtkd1	26	85.1	71.0	20.0	32.1	129.0	159.8	NA	NA	NA
ENSDART00000152289	ATG4D	23	55.4	34.3	8.4	14.8	74.9	138.7	NA	NA	NA
ENSDART00000067056	ticrr	50	113.8	106.3	15.6	38.0	166.8	232.3	3.78	6.6	0.804079790025
ENSDART00000139868	slc35e4	6	52.0	46.5	NA	NA	NA	NA	NA	NA	NA
ENSDART00000086868	senp7	26	36.6	19.4	6.6	9.5	54.0	87.1	5.48	2.61	-1.07012608639
ENSDART00000006971	sept4a	38	25.8	21.8	9.5	16.9	32.8	43.9	12.68	2.98	-2.08917050968
ENSDART00000134543	nceh1a	5	109.5	133.8	NA	NA	NA	NA	NA	NA	NA
ENSDART00000139715	dpm3	48	48.0	40.5	14.0	22.9	66.2	94.0	NA	NA	NA
ENSDART00000058424	fam46ba	101	25.6	18.8	5.3	10.3	33.5	56.8	NA	NA	NA
ENSDART00000081214	selt1a	153	37.3	25.6	8.7	16.6	45.2	77.2	24.69	53.18	1.10695694071
ENSDART00000026448	evpla	389	65.5	57.3	9.0	24.8	96.8	134.1	NA	NA	NA
ENSDART00000088639	wscd2	5	25.2	25.0	NA	NA	NA	NA	NA	NA	NA
ENSDART00000151744	CMTM8	4	106.2	114.5	NA	NA	NA	NA	NA	NA	NA
ENSDART00000129783	snx25	28	85.2	78.6	11.4	22.8	134.6	191.2	10.94	1.71	-2.67754450791
ENSDART00000019259	dlb	7	74.8	49.5	NA	NA	NA	NA	NA	NA	NA
ENSDART00000142306	xpot	97	76.1	62.8	22.5	32.6	110.0	155.7	12.71	12.82	0.0124322316138
ENSDART00000128889	ZBTB40	10	53.8	46.8	27.0	34.1	64.8	96.3	NA	NA	NA
ENSDART00000132874	eif1b	316	51.1	38.6	14.3	22.4	72.1	104.8	201.53	1115.48	2.46859812583
ENSDART00000086861	nipblb	170	80.3	68.3	16.6	30.9	121.3	167.3	52.4	28.99	-0.854011478363
ENSDART00000002094	ankrd45	1	95.4	95.4	NA	NA	NA	NA	NA	NA	NA
ENSDART00000002095	tmem39b	29	33.6	29.0	8.1	12.4	42.6	74.9	NA	NA	NA
ENSDART00000086260	si:ch211-173n18.4	1	54.5	54.5	NA	NA	NA	NA	NA	NA	NA
ENSDART00000086263	mettl7a	1	78.5	78.5	NA	NA	NA	NA	NA	NA	NA
ENSDART00000142171	syt6a	1	21.5	21.5	NA	NA	NA	NA	NA	NA	NA
ENSDART00000089944	CABZ01044136.1	92	45.0	35.3	9.1	16.9	59.1	81.6	NA	NA	NA
ENSDART00000143492	senp3a	103	86.0	72.9	21.0	45.3	118.9	172.1	13.83	38.18	1.46501594625
ENSDART00000112400	bnip1b	29	30.0	21.3	7.4	14.9	32.3	51.6	NA	NA	NA
ENSDART00000022432	kank2	3	82.5	38.8	NA	NA	NA	NA	NA	NA	NA
ENSDART00000029763	sap30l	322	66.2	60.1	18.0	33.0	92.2	122.3	134.5	85.4	-0.655298197823
ENSDART00000099599	mlycd	2	15.5	15.5	NA	NA	NA	NA	NA	NA	NA
ENSDART00000122813	asb11	675	42.6	24.9	7.8	13.3	59.3	104.7	NA	NA	NA
ENSDART00000021559	coro1b	3	27.5	18.9	NA	NA	NA	NA	NA	NA	NA
ENSDART00000140764	si:ch211-262h13.3	477	61.8	52.3	13.3	27.9	89.3	124.0	NA	NA	NA
ENSDART00000021556	si:ch211-51a6.2	1	80.2	80.2	NA	NA	NA	NA	NA	NA	NA
ENSDART00000081216	elovl1b	30	29.4	23.4	8.3	14.3	32.0	69.2	NA	NA	NA
ENSDART00000109333	kif16ba	31	64.3	34.6	14.4	17.1	71.9	176.9	6.86	1.67	-2.0383604737
ENSDART00000153426	srcap	170	58.7	42.6	9.4	18.9	90.4	126.2	18.63	22.38	0.264582362035
ENSDART00000064219	trmu	16	48.6	22.1	5.9	11.2	71.2	134.5	NA	NA	NA
ENSDART00000140362	ccdc59	115	61.1	54.6	18.0	26.8	85.0	118.3	56.6	60.03	0.0848816149077
ENSDART00000101885	zdhhc18a	88	26.1	19.9	6.5	12.1	32.8	51.4	10.99	14.47	0.396873535582
ENSDART00000002341	cldnc	33	60.6	50.3	14.7	20.9	83.2	119.4	NA	NA	NA
ENSDART00000138243	rabgef1	47	34.4	15.9	7.4	10.5	30.1	108.2	NA	NA	NA
ENSDART00000153428	tnrc6b	87	59.2	38.4	7.4	19.3	88.2	150.1	17.2	9.17	-0.907414925994
ENSDART00000103868	zgc:152986	18	27.4	22.1	13.3	15.7	41.3	48.6	NA	NA	NA
ENSDART00000028011	CU694319.1	3	14.2	14.1	NA	NA	NA	NA	NA	NA	NA
ENSDART00000028016	waslb	177	51.1	43.4	8.8	17.4	72.8	105.0	18.01	89.38	2.31115386349
ENSDART00000028017	mad2l1	480	72.7	62.7	14.0	29.1	111.9	147.5	113.1	256.09	1.17905198924
ENSDART00000028018	meis4.1a	1	26.5	26.5	NA	NA	NA	NA	NA	NA	NA
ENSDART00000055882	PDXP	1	8.5	8.5	NA	NA	NA	NA	NA	NA	NA
ENSDART00000008504	MED17	29	59.0	43.9	10.3	16.9	96.4	127.8	37.15	17.74	-1.06635620112
ENSDART00000146589	soat1	2	202.9	202.9	NA	NA	NA	NA	NA	NA	NA
ENSDART00000002783	phyh	1	10.1	10.1	NA	NA	NA	NA	NA	NA	NA
ENSDART00000101888	SSTR2	1	13.7	13.7	NA	NA	NA	NA	NA	NA	NA
ENSDART00000017756	ctsl.1	2	52.9	52.9	NA	NA	NA	NA	NA	NA	NA
ENSDART00000149088	nfxl1	0	NA	NA	NA	NA	NA	NA	9.8	9.55	-0.0372810160795
ENSDART00000149087	slc36a1	4	14.7	11.8	NA	NA	NA	NA	NA	NA	NA
ENSDART00000054987	actb1	2275	77.7	76.3	20.3	46.2	105.7	135.2	240.28	985.64	2.0363442368
ENSDART00000137696	elnb	1	70.9	70.9	NA	NA	NA	NA	NA	NA	NA
ENSDART00000139664	styk1	172	43.0	33.0	10.1	17.8	54.0	95.0	NA	NA	NA
ENSDART00000053761	bms1l	166	72.3	53.8	23.4	35.5	106.1	143.9	58.02	91.55	0.658009590487
ENSDART00000099049	ptprn2	3	86.8	68.2	NA	NA	NA	NA	NA	NA	NA
ENSDART00000029492	cmtm7	41	42.3	37.9	12.9	26.2	52.3	71.6	NA	NA	NA
ENSDART00000128782	CABZ01085626.1	41	34.0	20.4	7.5	12.8	27.6	84.3	26.07	2.43	-3.42336236393
ENSDART00000101036	grpel2	224	68.6	59.3	13.2	26.5	104.5	137.6	NA	NA	NA
ENSDART00000101037	nhp2	410	67.5	65.0	21.7	36.8	91.9	119.3	180.35	760.24	2.07565551142
ENSDART00000092657	ADAMTS16	2	14.5	14.5	NA	NA	NA	NA	NA	NA	NA
ENSDART00000011319	smarce1	1280	67.5	56.1	21.3	35.6	91.6	130.0	208.45	292.15	0.487007917137
ENSDART00000103484	gas2l3	15	62.2	53.4	12.8	17.0	73.0	149.3	NA	NA	NA
ENSDART00000099105	ubc	2830	59.2	53.1	23.3	35.4	74.9	103.3	494.83	1537.04	1.6351498361
ENSDART00000067250	ing1	25	63.6	44.2	13.3	29.8	105.8	124.1	NA	NA	NA
ENSDART00000087247	CU207301.4	141	66.8	40.9	19.5	26.5	91.5	152.4	17.51	55.37	1.6609254381
ENSDART00000097991	fem1a	15	31.1	21.1	9.0	16.8	34.6	69.2	NA	NA	NA
ENSDART00000016087	ptprja	1	18.4	18.4	NA	NA	NA	NA	NA	NA	NA
ENSDART00000063912	jun	44	60.9	53.2	9.9	16.6	94.1	122.5	NA	NA	NA
ENSDART00000092925	commd9	10	45.4	29.5	13.8	16.5	43.3	95.2	NA	NA	NA
ENSDART00000076328	pgrmc1	180	52.1	42.6	14.1	24.1	69.6	101.7	32.88	69.58	1.08146237994
ENSDART00000063917	si:dkey-86e18.1	33	51.4	28.2	9.1	13.8	69.7	130.7	16.76	14.76	-0.183329427639
ENSDART00000027782	mknk2a	41	25.4	18.0	8.5	12.0	29.2	48.6	NA	NA	NA
ENSDART00000121544	foxp1a	24	72.0	59.4	12.9	40.2	107.5	140.4	NA	NA	NA
ENSDART00000121545	brms1	2	23.9	23.9	NA	NA	NA	NA	NA	NA	NA
ENSDART00000062402	tpd52l1	1	53.7	53.7	NA	NA	NA	NA	NA	NA	NA
ENSDART00000057513	ska1	93	42.0	28.4	13.0	18.8	54.4	95.7	NA	NA	NA
ENSDART00000045971	PBRM1	2	160.1	160.1	NA	NA	NA	NA	NA	NA	NA
ENSDART00000067386	rad51ap1	15	81.8	73.8	19.1	42.3	113.7	144.9	NA	NA	NA
ENSDART00000003428	prps1a	339	83.7	77.2	22.5	44.6	111.7	146.0	60.42	328.42	2.44244389732
ENSDART00000060930	CABZ01079427.1	36	26.0	16.8	10.0	11.9	26.9	48.7	NA	NA	NA
ENSDART00000060935	tnfaip1	73	60.9	50.5	10.5	18.0	80.3	143.2	NA	NA	NA
ENSDART00000136713	si:ch211-102c2.4	1	22.1	22.1	NA	NA	NA	NA	NA	NA	NA
ENSDART00000029946	ube2b	1	16.3	16.3	NA	NA	NA	NA	NA	NA	NA
ENSDART00000056277	gigfy2	119	71.6	60.0	17.8	28.3	104.1	143.3	27.03	24.86	-0.120735215482
ENSDART00000125786	CCDC23	5	35.9	26.2	NA	NA	NA	NA	NA	NA	NA
ENSDART00000044115	med6	139	63.6	58.6	10.7	19.9	97.6	125.7	35.27	113.64	1.68795725576
ENSDART00000126006	C19H9orf91	2	51.0	51.0	NA	NA	NA	NA	NA	NA	NA
ENSDART00000056278	SLC25A22	52	67.1	50.2	5.5	23.6	111.3	146.6	NA	NA	NA
ENSDART00000114857	ppp4cb	497	52.9	41.1	6.2	15.7	79.0	117.4	23.44	197.82	3.07714381797
ENSDART00000018955	rest	153	58.5	38.1	10.8	16.6	93.2	129.2	10.31	48.75	2.24135788616
ENSDART00000147822	si:dkey-56i24.1	1	151.3	151.3	NA	NA	NA	NA	NA	NA	NA
ENSDART00000034768	ghitm	70	67.5	62.9	35.1	46.0	83.0	106.8	NA	NA	NA
ENSDART00000133834	vps9d1	33	63.3	46.3	13.5	25.0	80.7	158.1	NA	NA	NA
ENSDART00000016660	MCUR1	35	50.4	34.4	13.0	15.2	87.1	114.8	NA	NA	NA
ENSDART00000011362	arrdc2	15	60.1	62.0	9.1	17.8	94.4	107.5	NA	NA	NA
ENSDART00000133389	zgc:92249	1	13.8	13.8	NA	NA	NA	NA	NA	NA	NA
ENSDART00000133388	mlh1	27	100.1	83.9	15.7	37.4	149.5	193.3	NA	NA	NA
ENSDART00000106415	zgc:113220	10	76.7	78.7	16.1	29.1	122.8	131.9	NA	NA	NA
ENSDART00000115237	becn1	5	16.0	13.3	NA	NA	NA	NA	NA	NA	NA
ENSDART00000084637	scn1bb	12	23.0	15.4	3.4	8.7	32.7	54.5	NA	NA	NA
ENSDART00000079699	plxna3	32	60.8	62.1	15.8	28.8	78.6	85.4	2.43	15.04	2.62977634807
ENSDART00000043112	capn7	5	20.7	24.4	NA	NA	NA	NA	NA	NA	NA
ENSDART00000150192	mocs2	5	20.2	14.8	NA	NA	NA	NA	NA	NA	NA
ENSDART00000150191	WAPAL	103	44.1	22.7	5.1	12.2	62.2	128.0	19.05	29.87	0.64890623993
ENSDART00000127236	syt13	27	61.9	47.0	20.1	28.5	97.1	118.6	NA	NA	NA
ENSDART00000036148	zgc:77486	2	35.2	35.2	NA	NA	NA	NA	15.75	108.04	2.77814181123
ENSDART00000105316	samhd1	60	71.4	45.7	18.4	25.6	97.8	151.6	NA	NA	NA
ENSDART00000034606	sfxn5b	10	25.8	18.9	12.8	16.5	29.2	54.9	NA	NA	NA
ENSDART00000144641	ube2f	35	57.2	51.2	10.1	13.7	87.7	122.8	NA	NA	NA
ENSDART00000101177	spryd7b	62	36.3	25.2	9.7	13.9	44.7	74.4	NA	NA	NA
ENSDART00000103785	ggact.3	2	56.1	56.1	NA	NA	NA	NA	NA	NA	NA
ENSDART00000146461	alpl	72	68.3	63.1	19.1	30.7	92.6	122.7	NA	NA	NA
ENSDART00000027321	prdm9	69	46.4	22.9	6.2	12.4	82.9	131.2	6.55	13.0	0.988944811491
ENSDART00000137266	si:dkey-95h12.2	1	132.0	132.0	NA	NA	NA	NA	NA	NA	NA
ENSDART00000075826	dcdc2b	1	175.8	175.8	NA	NA	NA	NA	NA	NA	NA
ENSDART00000020667	osbpl7	102	52.2	41.1	7.6	16.5	78.6	123.4	7.76	46.11	2.57095110822
ENSDART00000037557	admp	141	93.4	83.1	18.1	47.9	144.1	174.1	NA	NA	NA
ENSDART00000037553	faah2a	7	37.9	24.7	NA	NA	NA	NA	NA	NA	NA
ENSDART00000113550	BX511021.3	2	45.7	45.7	NA	NA	NA	NA	NA	NA	NA
ENSDART00000100073	dyrk1aa	76	74.8	51.5	7.7	24.0	110.7	166.2	18.37	4.04	-2.18492442836
ENSDART00000147593	pvrl3l	13	30.1	20.2	10.7	15.6	28.8	37.8	7.95	2.6	-1.61244323714
ENSDART00000100782	mus81	51	75.8	72.5	12.8	27.1	99.5	143.4	44.35	26.49	-0.743486260819
ENSDART00000092270	r3hdm4	11	19.0	13.8	6.9	10.2	16.0	39.9	NA	NA	NA
ENSDART00000147597	ubl3b	10	32.8	9.2	4.2	5.8	67.9	87.5	NA	NA	NA
ENSDART00000132125	acadm	174	40.6	36.7	14.2	24.4	51.5	70.1	32.58	53.43	0.713663413297
ENSDART00000132129	mapk8a	47	68.3	51.6	14.8	22.9	102.7	145.4	NA	NA	NA
ENSDART00000098277	tmem41b	11	68.6	27.0	13.3	16.6	120.1	136.4	NA	NA	NA
ENSDART00000010019	upf3b	73	66.9	64.1	15.9	33.7	84.7	128.0	16.17	11.25	-0.523394677369
ENSDART00000125757	CU469577.1	15	81.7	73.5	49.9	59.5	112.6	123.8	NA	NA	NA
ENSDART00000029413	cited4b	1325	42.4	22.8	4.1	9.1	65.1	111.8	121.25	320.61	1.40283467734
ENSDART00000102782	gria2a	3	81.5	82.2	NA	NA	NA	NA	NA	NA	NA
ENSDART00000010543	ltv1	95	48.7	30.1	12.2	18.2	55.6	119.2	24.64	41.95	0.767668554632
ENSDART00000131677	hhatlb	7	82.5	89.7	NA	NA	NA	NA	NA	NA	NA
ENSDART00000040265	tbc1d7	3	41.6	60.6	NA	NA	NA	NA	NA	NA	NA
ENSDART00000034373	hagh	1	84.0	84.0	NA	NA	NA	NA	NA	NA	NA
ENSDART00000106092	CR450686.1	1	129.5	129.5	NA	NA	NA	NA	NA	NA	NA
ENSDART00000133170	arhgef28	5	22.5	16.8	NA	NA	NA	NA	NA	NA	NA
ENSDART00000121966	MDC1	55	32.0	27.9	8.6	15.2	36.8	65.7	20.85	19.57	-0.0914036277052
ENSDART00000121963	HIST4H4	22	-1.0	-4.4	-7.9	-5.9	-0.1	6.0	NA	NA	NA
ENSDART00000112739	akt1s1	451	54.4	48.4	19.6	32.5	68.0	92.9	58.67	83.38	0.507078380137
ENSDART00000045071	foxk2	38	53.6	32.4	6.6	17.7	70.1	147.4	15.91	4.42	-1.84781556094
ENSDART00000059212	unc50	33	66.8	52.2	11.5	26.4	86.7	134.9	NA	NA	NA
ENSDART00000019392	sdr16c5a	19	56.1	35.8	11.8	14.6	77.3	137.5	NA	NA	NA
ENSDART00000075176	dis3l	8	33.9	20.8	NA	NA	NA	NA	NA	NA	NA
ENSDART00000019396	clic2	4	6.8	9.6	NA	NA	NA	NA	NA	NA	NA
ENSDART00000004238	rpl7a	1525	79.7	81.3	27.4	44.0	107.8	131.7	1450.53	771.16	-0.911478007642
ENSDART00000073439	trim44	193	56.9	45.4	13.3	22.7	81.1	110.0	21.18	46.34	1.12955545487
ENSDART00000112243	crlf1a	3	60.3	70.4	NA	NA	NA	NA	NA	NA	NA
ENSDART00000112242	zgc:194679	28	66.3	71.1	21.6	41.4	89.2	100.8	NA	NA	NA
ENSDART00000079843	CR376848.1	2	16.6	16.6	NA	NA	NA	NA	NA	NA	NA
ENSDART00000152737	PGAP3	18	67.4	58.1	-1.3	28.1	111.0	132.1	NA	NA	NA
ENSDART00000073432	rbl2	13	110.6	70.2	7.8	56.3	179.0	218.1	NA	NA	NA
ENSDART00000073434	SNX20	121	59.7	46.6	13.0	21.8	83.2	128.5	NA	NA	NA
ENSDART00000133587	wsb2	19	51.5	39.6	12.0	23.5	55.5	102.0	NA	NA	NA
ENSDART00000079848	tnfsf10	1	142.4	142.4	NA	NA	NA	NA	NA	NA	NA
ENSDART00000051434	entpd2a.1	5	41.1	36.9	NA	NA	NA	NA	NA	NA	NA
ENSDART00000011823	pop4	76	59.7	55.1	7.9	13.1	87.2	122.3	NA	NA	NA
ENSDART00000081601	cept1a	69	27.5	19.1	8.6	12.5	35.1	57.9	NA	NA	NA
ENSDART00000125063	taf5l	63	49.8	23.7	11.2	16.7	59.3	115.8	11.37	7.16	-0.667200761628
ENSDART00000081607	tbl1xr1a	100	62.1	53.1	14.2	22.0	89.5	133.7	NA	NA	NA
ENSDART00000081604	adipor2	241	39.3	24.8	5.4	11.3	51.8	100.5	28.31	100.54	1.82838593979
ENSDART00000051433	nelfb	101	49.5	33.3	8.9	16.1	85.1	115.7	13.09	56.46	2.1087640315
ENSDART00000052368	heatr3	19	39.7	21.3	7.5	11.2	54.0	103.3	5.43	6.05	0.155982944358
ENSDART00000092492	TRPM4	19	79.2	71.1	15.6	25.4	129.9	153.5	NA	NA	NA
ENSDART00000136920	rp2	130	72.1	51.9	18.7	30.7	111.2	148.2	11.18	44.07	1.97887670843
ENSDART00000066578	tectb	1	9.8	9.8	NA	NA	NA	NA	NA	NA	NA
ENSDART00000057124	tefa	43	60.0	57.4	8.2	27.4	82.7	117.6	NA	NA	NA
ENSDART00000152453	dse	1	20.4	20.4	NA	NA	NA	NA	NA	NA	NA
ENSDART00000091409	smarcad1	55	42.6	25.2	7.4	13.1	64.1	90.4	9.03	16.77	0.893084796083
ENSDART00000061406	usp39	300	63.6	56.0	13.1	32.0	86.4	126.3	49.48	73.35	0.567951465584
ENSDART00000112653	wdfy4	7	75.7	32.6	NA	NA	NA	NA	1.81	1.25	-0.534061602421
ENSDART00000004498	insig2	3	24.4	25.9	NA	NA	NA	NA	NA	NA	NA
ENSDART00000112659	IPP	6	34.5	23.9	NA	NA	NA	NA	NA	NA	NA
ENSDART00000143694	mlh3	1	17.6	17.6	NA	NA	NA	NA	NA	NA	NA
ENSDART00000032722	pigm	19	35.2	16.6	6.1	9.4	35.3	57.9	NA	NA	NA
ENSDART00000102122	CU596012.1	19	55.7	52.4	22.2	30.6	72.3	87.0	NA	NA	NA
ENSDART00000002835	psme3	494	46.0	35.0	10.9	19.4	54.3	96.3	61.46	214.65	1.80426650074
ENSDART00000109833	BX548160.2	2	28.3	28.3	NA	NA	NA	NA	NA	NA	NA
ENSDART00000109525	aspg	62	39.0	34.3	16.2	23.3	46.8	64.1	NA	NA	NA
ENSDART00000129417	RNF213	1	11.7	11.7	NA	NA	NA	NA	NA	NA	NA
ENSDART00000013933	si:dkey-42i9.4	1218	58.6	49.5	17.2	26.5	77.5	117.4	350.7	707.57	1.01263545044
ENSDART00000005548	batf	9	20.8	20.3	NA	NA	NA	NA	NA	NA	NA
ENSDART00000042237	zgc:77391	83	56.8	39.9	11.2	17.8	76.2	125.6	44.2	12.21	-1.85598316929
ENSDART00000005547	gnb3b	1	7.4	7.4	NA	NA	NA	NA	NA	NA	NA
ENSDART00000148908	erbb3a	21	55.7	41.1	8.1	15.7	75.0	124.8	NA	NA	NA
ENSDART00000032963	apoob	4	60.2	60.7	NA	NA	NA	NA	NA	NA	NA
ENSDART00000142614	lipea	1	138.9	138.9	NA	NA	NA	NA	NA	NA	NA
ENSDART00000128141	KIF3A	8	54.4	46.1	NA	NA	NA	NA	NA	NA	NA
ENSDART00000089713	mxra8a	3	11.0	12.1	NA	NA	NA	NA	NA	NA	NA
ENSDART00000010499	rplp2	266	84.9	89.7	30.0	54.6	109.8	132.4	590.64	142.82	-2.04808104028
ENSDART00000127838	pcdh18a	1	29.8	29.8	NA	NA	NA	NA	NA	NA	NA
ENSDART00000077539	tuba1c	4	110.9	104.2	NA	NA	NA	NA	NA	NA	NA
ENSDART00000037181	ufc1	12	26.8	19.3	10.3	11.9	33.2	37.4	NA	NA	NA
ENSDART00000127832	raver1	152	67.4	41.3	8.0	14.3	103.7	157.2	19.01	56.48	1.57098155662
ENSDART00000128415	tomm20a	56	53.2	33.7	10.1	15.9	92.6	118.2	NA	NA	NA
ENSDART00000053153	mhc1zba	3	104.8	101.3	NA	NA	NA	NA	NA	NA	NA
ENSDART00000053152	cbr1	50	33.6	30.0	12.0	16.8	46.7	58.3	NA	NA	NA
ENSDART00000127837	BX511245.1	546	60.8	52.8	13.2	26.0	86.2	123.4	NA	NA	NA
ENSDART00000053157	setd4	10	50.5	32.3	15.8	19.6	62.2	121.9	NA	NA	NA
ENSDART00000049676	depdc1a	129	99.5	91.2	15.3	49.4	143.8	187.6	8.49	35.87	2.0789412864
ENSDART00000023054	atl3	19	37.1	27.0	4.0	12.9	41.5	93.4	11.39	5.19	-1.13396130335
ENSDART00000109788	ano2	1	1.6	1.6	NA	NA	NA	NA	NA	NA	NA
ENSDART00000006899	igbp1	74	39.0	29.4	6.6	14.1	53.8	76.1	11.18	41.81	1.9029278552
ENSDART00000143966	si:ch211-173p18.3	118	40.3	25.1	7.1	14.6	49.1	91.7	17.76	16.49	-0.107040182913
ENSDART00000099692	dclre1b	3	28.5	38.1	NA	NA	NA	NA	NA	NA	NA
ENSDART00000099693	trappc2	20	29.1	25.3	4.3	11.1	32.8	63.3	NA	NA	NA
ENSDART00000006892	tp53bp2	231	61.4	48.5	17.9	29.9	77.6	129.0	26.33	47.54	0.852434381896
ENSDART00000143963	pcloa	1	6.8	6.8	NA	NA	NA	NA	NA	NA	NA
ENSDART00000112345	rprd2b	35	65.9	51.7	19.7	30.1	99.7	127.8	12.76	7.62	-0.743765426272
ENSDART00000030133	synj2bp	69	69.6	65.3	12.4	18.6	104.5	139.8	NA	NA	NA
ENSDART00000078499	rftn2	49	26.6	22.2	7.2	12.8	35.9	51.2	NA	NA	NA
ENSDART00000048104	znf143a	67	39.4	24.6	12.3	16.8	38.8	102.8	22.19	22.8	0.0391241568551
ENSDART00000139441	morf4l1	520	68.6	51.2	16.5	27.9	97.2	145.1	125.18	151.07	0.27121311221
ENSDART00000048423	timm50	45	51.1	44.1	17.1	29.1	69.2	83.4	28.93	6.29	-2.20143440105
ENSDART00000122609	klhl18	25	42.7	29.2	13.3	21.0	45.5	83.7	NA	NA	NA
ENSDART00000126787	zgc:174273	7	59.3	46.8	NA	NA	NA	NA	NA	NA	NA
ENSDART00000008177	zgc:92113	2	20.5	20.5	NA	NA	NA	NA	NA	NA	NA
ENSDART00000077896	lgalslb	4	65.6	47.5	NA	NA	NA	NA	NA	NA	NA
ENSDART00000133604	slc47a1	3	170.2	231.0	NA	NA	NA	NA	NA	NA	NA
ENSDART00000124333	adcy5	15	26.8	26.3	13.4	18.0	32.8	37.6	NA	NA	NA
ENSDART00000104545	avpr2ab	15	34.1	16.1	4.2	8.3	47.6	89.5	NA	NA	NA
ENSDART00000111388	igdcc3	7	13.3	6.0	NA	NA	NA	NA	NA	NA	NA
ENSDART00000050934	PKDCC	15	86.8	87.0	5.5	43.1	131.7	151.7	NA	NA	NA
ENSDART00000062185	rab40b	5	13.4	11.6	NA	NA	NA	NA	NA	NA	NA
ENSDART00000050930	casp6	5	104.0	111.1	NA	NA	NA	NA	NA	NA	NA
ENSDART00000092465	fundc2	10	54.1	46.0	39.6	43.5	67.0	82.9	NA	NA	NA
ENSDART00000127784	ppapdc1b	22	42.3	24.7	6.8	9.1	53.9	98.3	NA	NA	NA
ENSDART00000007334	faua	445	101.7	100.0	38.1	71.0	129.0	161.2	700.54	265.26	-1.40106028905
ENSDART00000131268	rhbdd2	15	43.6	37.5	25.9	34.6	52.7	68.5	NA	NA	NA
ENSDART00000136541	znf143b	589	56.4	38.0	6.9	13.7	88.7	138.8	5.64	7.15	0.342248079267
ENSDART00000089564	cacnb4b	2	18.3	18.3	NA	NA	NA	NA	NA	NA	NA
ENSDART00000042134	dock7	49	33.1	21.3	6.1	12.7	32.3	68.2	5.61	5.49	-0.0311946216036
ENSDART00000131267	tsc22d1	59	36.5	24.4	10.2	13.5	34.4	76.9	6.96	19.61	1.49443032434
ENSDART00000129318	CABZ01045212.1	2	34.6	34.6	NA	NA	NA	NA	NA	NA	NA
ENSDART00000008551	zgc:112977	9	62.4	74.8	NA	NA	NA	NA	NA	NA	NA
ENSDART00000129314	loxl3b	2	19.4	19.4	NA	NA	NA	NA	NA	NA	NA
ENSDART00000048640	pus3	27	43.6	23.0	8.3	10.6	49.8	123.5	15.11	10.16	-0.572603258393
ENSDART00000145342	cbln1	4	43.7	21.8	NA	NA	NA	NA	NA	NA	NA
ENSDART00000087382	ddx6	112	69.2	59.2	28.7	44.9	80.0	128.8	11.69	30.23	1.3707060491
ENSDART00000114715	MAN1B1	1	12.3	12.3	NA	NA	NA	NA	NA	NA	NA
ENSDART00000130198	exoc5	83	37.9	29.6	10.4	17.3	45.4	67.7	6.66	33.76	2.34172082164
ENSDART00000087657	nrxn2a	4	32.7	31.3	NA	NA	NA	NA	NA	NA	NA
ENSDART00000087654	adcy6a	2	29.3	29.3	NA	NA	NA	NA	NA	NA	NA
ENSDART00000087658	n4bp2	48	50.6	26.0	5.4	12.6	76.5	138.7	5.33	11.21	1.07257884005
ENSDART00000105036	cyt1l	3	73.5	96.8	NA	NA	NA	NA	NA	NA	NA
ENSDART00000060839	tgfb1a	1	10.9	10.9	NA	NA	NA	NA	NA	NA	NA
ENSDART00000062986	hsh2d	1	29.5	29.5	NA	NA	NA	NA	NA	NA	NA
ENSDART00000062983	rpl10a	910	87.9	85.3	29.6	43.1	123.3	152.4	1229.45	582.6	-1.07743545716
ENSDART00000050352	si:ch211-87m7.2	47	49.4	39.6	8.1	16.4	64.3	113.9	NA	NA	NA
ENSDART00000149475	ttll6	4	85.7	67.3	NA	NA	NA	NA	NA	NA	NA
ENSDART00000149471	eif3ja	237	49.8	34.2	10.8	17.2	71.3	114.2	116.09	71.16	-0.706105287995
ENSDART00000090310	pias1b	42	44.8	22.4	6.8	10.4	55.4	129.8	NA	NA	NA
ENSDART00000090316	stk24b	70	30.5	21.6	9.5	13.6	40.2	59.8	22.96	28.71	0.322430688531
ENSDART00000022702	marcksa	308	71.6	68.8	19.0	36.3	101.3	123.0	NA	NA	NA
ENSDART00000141192	b4galt2	5	50.4	65.3	NA	NA	NA	NA	NA	NA	NA
ENSDART00000134371	si:ch211-214j8.12	1	42.1	42.1	NA	NA	NA	NA	NA	NA	NA
ENSDART00000024743	dpy30	564	80.5	72.4	32.5	48.6	106.5	137.0	318.61	415.81	0.384132906147
ENSDART00000006093	slc50a1	16	65.0	49.6	18.9	28.6	116.9	131.2	NA	NA	NA
ENSDART00000008047	wdr24	68	51.8	45.6	9.4	26.0	74.1	101.4	11.78	13.2	0.164198390415
ENSDART00000006091	carm1	258	72.4	62.2	19.3	34.6	104.0	143.9	16.73	152.24	3.18583811624
ENSDART00000134379	rictora	32	37.1	22.4	8.8	11.5	37.1	87.3	2.37	2.02	-0.230531766146
ENSDART00000067001	noc4l	74	86.8	78.9	19.4	36.5	133.4	158.9	22.58	38.3	0.762298906039
ENSDART00000006099	lims2	1	15.1	15.1	NA	NA	NA	NA	NA	NA	NA
ENSDART00000113299	zgc:110843	13	28.2	26.0	11.9	17.4	35.4	54.8	NA	NA	NA
ENSDART00000087036	armc7	1	8.7	8.7	NA	NA	NA	NA	NA	NA	NA
ENSDART00000030592	acot9.1	26	30.5	17.9	10.4	13.3	33.0	48.7	NA	NA	NA
ENSDART00000148801	mrap2a	2	87.4	87.4	NA	NA	NA	NA	NA	NA	NA
ENSDART00000063057	dnajc5aa	40	49.2	43.6	14.7	24.0	73.0	81.9	NA	NA	NA
ENSDART00000135364	tmem176l.4	3	83.8	102.8	NA	NA	NA	NA	NA	NA	NA
ENSDART00000052688	c3a	1	123.0	123.0	NA	NA	NA	NA	NA	NA	NA
ENSDART00000087039	LPIN3	38	42.4	24.0	7.1	10.7	63.2	110.1	NA	NA	NA
ENSDART00000055430	ndufa6	127	80.7	76.8	35.4	53.7	109.1	129.7	NA	NA	NA
ENSDART00000052420	si:dkeyp-92c9.2	4	13.8	9.2	NA	NA	NA	NA	NA	NA	NA
ENSDART00000052421	txnipa	287	41.3	26.2	4.7	10.4	59.5	100.4	NA	NA	NA
ENSDART00000012718	fabp11b	1	33.4	33.4	NA	NA	NA	NA	NA	NA	NA
ENSDART00000052355	ddx39b	25	91.7	84.8	41.6	61.2	116.4	143.1	NA	NA	NA
ENSDART00000137630	cct6a	332	76.4	68.9	16.1	38.6	106.3	144.5	147.95	158.76	0.101737770919
ENSDART00000036989	get4	25	64.2	37.1	13.6	19.3	98.5	146.7	NA	NA	NA
ENSDART00000012717	ehd1b	100	28.1	24.6	8.0	11.9	38.7	52.4	21.82	48.24	1.14457880558
ENSDART00000105784	cldn11b	7	56.2	32.6	NA	NA	NA	NA	NA	NA	NA
ENSDART00000012712	AUTS2	7	83.6	76.9	NA	NA	NA	NA	NA	NA	NA
ENSDART00000137636	KSR1	5	26.2	26.7	NA	NA	NA	NA	NA	NA	NA
ENSDART00000061070	mkrn1	51	40.4	24.8	3.5	16.2	49.1	75.5	18.2	8.95	-1.02397886293
ENSDART00000111039	GTPBP8	1	24.9	24.9	NA	NA	NA	NA	NA	NA	NA
ENSDART00000007321	crlf1b	5	20.9	21.9	NA	NA	NA	NA	NA	NA	NA
ENSDART00000102657	CR936977.1	1	170.7	170.7	NA	NA	NA	NA	NA	NA	NA
ENSDART00000149696	cep290	21	86.3	79.8	8.0	21.7	130.0	175.0	6.14	0.96	-2.67713234465
ENSDART00000140265	ikbkb	4	113.3	113.2	NA	NA	NA	NA	NA	NA	NA
ENSDART00000128042	si:ch211-120g10.1	1	23.0	23.0	NA	NA	NA	NA	NA	NA	NA
ENSDART00000128043	acin1a	390	74.0	61.4	14.7	33.5	100.2	147.7	132.67	120.33	-0.140845806225
ENSDART00000080382	epas1b	2	65.5	65.5	NA	NA	NA	NA	NA	NA	NA
ENSDART00000080383	ogt.1	56	68.8	34.5	12.9	22.8	101.1	164.7	4.8	14.1	1.55458885168
ENSDART00000128047	uqcrc1	69	80.0	69.8	14.9	35.4	121.8	150.7	9.82	25.14	1.35618972011
ENSDART00000123203	vbp1	203	62.0	51.0	16.1	26.0	90.0	121.0	49.02	156.94	1.678770716
ENSDART00000104716	asic4b	1	89.8	89.8	NA	NA	NA	NA	NA	NA	NA
ENSDART00000080389	fam13a	216	64.9	40.7	10.5	17.2	99.0	159.4	NA	NA	NA
ENSDART00000139293	gla	2	16.9	16.9	NA	NA	NA	NA	NA	NA	NA
ENSDART00000084570	MRPL18	109	71.8	56.4	14.2	31.2	100.8	148.7	32.3	25.74	-0.327522111361
ENSDART00000123209	pqlc2	49	43.2	24.8	16.3	19.2	49.3	107.9	NA	NA	NA
ENSDART00000139297	CCDC71	255	63.2	52.6	12.6	22.9	94.3	126.9	12.41	100.84	3.02249300273
ENSDART00000111285	SLX1A	2	40.5	40.5	NA	NA	NA	NA	NA	NA	NA
ENSDART00000111287	PHLPP1	15	29.1	17.4	6.6	9.2	29.6	74.9	NA	NA	NA
ENSDART00000016417	atp5g3a	517	62.3	52.2	17.8	30.7	82.1	129.2	124.96	318.93	1.35177345181
ENSDART00000019949	ndrg2	1	27.4	27.4	NA	NA	NA	NA	NA	NA	NA
ENSDART00000111282	QSOX2	3	23.9	18.1	NA	NA	NA	NA	NA	NA	NA
ENSDART00000047464	rqcd1	191	62.8	46.9	12.4	25.1	97.1	125.7	41.77	79.37	0.926126661981
ENSDART00000111289	kiss1	2	129.0	129.0	NA	NA	NA	NA	NA	NA	NA
ENSDART00000028955	tdrd3	92	64.5	41.8	7.3	15.7	108.3	153.3	13.27	16.41	0.306406868144
ENSDART00000028954	rilpl2	20	49.3	40.2	15.8	22.7	73.3	83.2	NA	NA	NA
ENSDART00000135776	srsf7a	2773	77.0	72.0	36.3	52.1	93.3	121.1	189.83	1285.9	2.75999854018
ENSDART00000135777	zgc:193790	179	39.7	24.8	8.8	13.2	51.8	97.3	17.02	33.53	0.978221446108
ENSDART00000089158	HMHA1	7	34.3	34.0	NA	NA	NA	NA	7.96	3.27	-1.28347779505
ENSDART00000108491	akap11	7	22.8	20.2	NA	NA	NA	NA	NA	NA	NA
ENSDART00000135771	myt1a	5	65.7	50.8	NA	NA	NA	NA	NA	NA	NA
ENSDART00000061987	ddx41	178	72.5	61.0	20.9	31.9	106.1	143.1	48.63	52.35	0.106342945579
ENSDART00000089150	gse1	8	37.7	21.8	NA	NA	NA	NA	4.53	4.61	0.0252557003831
ENSDART00000125344	skilb	61	64.4	58.8	4.1	16.1	97.4	139.8	NA	NA	NA
ENSDART00000106339	CU929037.1	3	81.2	94.3	NA	NA	NA	NA	NA	NA	NA
ENSDART00000124921	ube2z	21	45.3	28.0	7.8	11.1	58.4	124.8	NA	NA	NA
ENSDART00000122009	wdr59	32	64.2	34.4	11.0	16.9	59.2	176.1	NA	NA	NA
ENSDART00000122559	amfr	66	34.6	22.3	6.7	14.3	39.0	73.2	NA	NA	NA
ENSDART00000124925	AL929007.1	2	85.5	85.5	NA	NA	NA	NA	NA	NA	NA
ENSDART00000147696	rap1gap	2	43.8	43.8	NA	NA	NA	NA	NA	NA	NA
ENSDART00000122000	dut	370	60.1	57.6	29.2	42.2	74.8	91.6	415.01	536.79	0.371211695672
ENSDART00000147699	mical3b	9	62.1	32.2	NA	NA	NA	NA	NA	NA	NA
ENSDART00000122003	mbd6	41	68.9	64.5	6.5	12.9	100.5	147.3	6.13	2.84	-1.10999614419
ENSDART00000035583	dennd3b	1	11.4	11.4	NA	NA	NA	NA	NA	NA	NA
ENSDART00000079392	CR559945.2	31	41.1	32.8	12.5	22.4	55.0	71.4	5.2	1.77	-1.55476226295
ENSDART00000144126	si:ch211-137a8.2	22	23.7	20.8	6.1	13.5	35.2	40.1	NA	NA	NA
ENSDART00000141332	slc43a2b	436	75.4	70.5	9.5	26.9	115.8	149.6	NA	NA	NA
ENSDART00000128260	CABZ01087514.1	17	56.5	29.7	14.3	19.3	71.7	122.0	NA	NA	NA
ENSDART00000039187	march5l	23	26.7	23.4	12.6	15.6	34.8	46.3	NA	NA	NA
ENSDART00000031408	tcf7l2	8	74.0	40.2	NA	NA	NA	NA	NA	NA	NA
ENSDART00000060246	dnajc3	1	1.8	1.8	NA	NA	NA	NA	NA	NA	NA
ENSDART00000078152	suv39h1b	317	52.7	36.3	10.4	19.1	75.3	114.0	27.36	101.82	1.89588083538
ENSDART00000092426	grip2a	53	26.7	20.1	5.0	10.0	30.0	47.5	NA	NA	NA
ENSDART00000085868	appl1	138	50.8	43.9	14.5	24.9	65.2	92.6	NA	NA	NA
ENSDART00000104784	smim8	7	40.7	36.7	NA	NA	NA	NA	NA	NA	NA
ENSDART00000006636	myo3a	6	67.5	53.9	NA	NA	NA	NA	NA	NA	NA
ENSDART00000104782	zgc:173570	1	32.9	32.9	NA	NA	NA	NA	NA	NA	NA
ENSDART00000084055	fzd7a	638	56.7	37.1	5.7	14.3	90.3	137.6	NA	NA	NA
ENSDART00000088546	jam3b	35	93.6	107.3	21.2	56.4	132.2	149.2	NA	NA	NA
ENSDART00000145201	ppp1r14bb	43	93.4	98.6	45.2	73.6	119.8	126.3	NA	NA	NA
ENSDART00000151166	pvrl1b	5	38.2	36.0	NA	NA	NA	NA	NA	NA	NA
ENSDART00000000670	ptpn4a	15	59.4	48.8	5.9	16.3	75.9	123.0	3.97	1.94	-1.03308235496
ENSDART00000111923	ajuba	78	58.4	36.2	13.0	18.1	92.0	144.2	9.9	15.35	0.632738225291
ENSDART00000079695	zwilch	68	41.6	27.8	12.6	20.1	42.4	78.9	8.03	19.89	1.30857138332
ENSDART00000151169	gmeb1	28	65.7	41.0	9.6	20.5	99.3	126.7	NA	NA	NA
ENSDART00000147474	stmn2b	8	79.3	34.7	NA	NA	NA	NA	NA	NA	NA
ENSDART00000061186	col4a4	1	53.6	53.6	NA	NA	NA	NA	NA	NA	NA
ENSDART00000140313	tnfaip8	3	19.1	19.3	NA	NA	NA	NA	NA	NA	NA
ENSDART00000140968	hps3	3	22.9	19.1	NA	NA	NA	NA	NA	NA	NA
ENSDART00000142377	MEGF9	1	35.7	35.7	NA	NA	NA	NA	NA	NA	NA
ENSDART00000143604	ODF2	55	55.2	33.6	7.6	15.7	76.5	124.8	9.55	11.67	0.289231922784
ENSDART00000064067	EHBP1	143	45.2	22.2	9.3	14.9	61.3	122.7	3.71	5.25	0.500898235933
ENSDART00000089205	ehbp1l1b	3	166.2	138.4	NA	NA	NA	NA	NA	NA	NA
ENSDART00000031661	LYAR	321	93.3	85.3	30.9	50.4	130.0	169.3	116.43	126.09	0.114991023367
ENSDART00000110111	cul5a	28	60.3	37.6	17.1	22.0	81.8	130.9	NA	NA	NA
ENSDART00000099846	mep1b	1	136.0	136.0	NA	NA	NA	NA	NA	NA	NA
ENSDART00000138060	si:dkey-229d2.7	4	48.3	45.9	NA	NA	NA	NA	NA	NA	NA
ENSDART00000054744	prickle2	31	69.5	48.4	5.3	14.7	125.6	174.8	NA	NA	NA
ENSDART00000146879	zswim7	19	23.7	21.1	11.1	12.8	34.4	41.5	NA	NA	NA
ENSDART00000146878	BX950862.5	3	99.2	87.3	NA	NA	NA	NA	NA	NA	NA
ENSDART00000088094	stag2b	427	72.8	59.3	12.3	27.2	108.9	151.2	34.19	119.23	1.80210095662
ENSDART00000077817	nubp1	21	65.1	52.9	12.4	19.0	78.2	136.9	NA	NA	NA
ENSDART00000103064	nfya	589	55.9	47.9	14.5	24.2	78.0	112.5	NA	NA	NA
ENSDART00000088093	SIPA1L2	73	47.8	28.0	6.0	13.4	64.3	110.7	4.9	6.72	0.455679483776
ENSDART00000044203	FP103003.1	1	37.3	37.3	NA	NA	NA	NA	NA	NA	NA
ENSDART00000011004	mfsd5	42	38.0	30.0	11.7	18.0	51.4	78.6	13.67	4.16	-1.71635780946
ENSDART00000075796	SEPT4	15	93.9	66.3	34.5	42.0	159.8	168.3	NA	NA	NA
ENSDART00000044208	lmo1	63	66.1	44.9	6.2	15.8	106.8	148.8	NA	NA	NA
ENSDART00000008009	trim16	87	61.7	50.4	8.8	16.0	99.9	128.7	8.81	33.46	1.92522352112
ENSDART00000046995	txn2	172	75.3	66.3	17.6	36.5	113.0	139.7	NA	NA	NA
ENSDART00000102651	nolc1	979	66.9	56.7	18.2	31.3	90.5	134.1	52.02	284.6	2.45179735747
ENSDART00000041615	ugt5g1	1	14.5	14.5	NA	NA	NA	NA	NA	NA	NA
ENSDART00000046934	coq9	1	14.5	14.5	NA	NA	NA	NA	NA	NA	NA
ENSDART00000065331	sall4	4741	53.2	41.4	11.1	21.4	75.2	114.3	141.64	1032.61	2.86599482067
ENSDART00000028220	FP102191.1	1	55.7	55.7	NA	NA	NA	NA	NA	NA	NA
ENSDART00000091351	gk5	11	65.2	48.0	14.3	22.3	89.1	107.3	NA	NA	NA
ENSDART00000075588	wdr76	19	44.9	18.0	5.8	9.7	51.2	121.1	NA	NA	NA
ENSDART00000065338	pak1ip1	132	65.5	57.2	22.6	38.4	86.6	114.2	54.02	59.48	0.138911007543
ENSDART00000061366	rab11ba	53	70.8	63.8	13.9	23.1	118.8	130.6	NA	NA	NA
ENSDART00000150384	hmga2	3	122.2	161.2	NA	NA	NA	NA	NA	NA	NA
ENSDART00000028225	mao	22	122.3	118.9	86.0	99.9	146.1	172.9	NA	NA	NA
ENSDART00000150389	tmem168a	91	29.9	18.3	7.9	13.4	34.5	70.3	NA	NA	NA
ENSDART00000143446	npr3	15	41.2	50.7	2.6	9.2	62.6	88.9	NA	NA	NA
ENSDART00000127006	mns1	67	43.1	28.7	3.5	12.1	52.7	106.5	27.31	37.88	0.472007016703
ENSDART00000127004	slc25a42	47	91.6	89.2	15.5	39.5	134.2	165.4	NA	NA	NA
ENSDART00000018726	prkacaa	109	37.6	26.0	7.4	16.5	50.1	67.0	NA	NA	NA
ENSDART00000126279	clk4a	256	90.6	68.9	9.6	28.2	145.8	192.2	49.73	57.77	0.216204063537
ENSDART00000121789	slc5a6	8	14.5	11.9	NA	NA	NA	NA	NA	NA	NA
ENSDART00000074362	pcdh18b	68	56.8	45.5	7.7	14.8	77.8	133.0	NA	NA	NA
ENSDART00000126273	pomt2	54	43.6	31.0	9.2	17.3	46.5	102.0	7.49	5.01	-0.580155115264
ENSDART00000114246	adnpb	39	77.4	68.7	14.9	19.8	115.2	167.6	NA	NA	NA
ENSDART00000126274	CT867948.2	3	43.0	50.4	NA	NA	NA	NA	NA	NA	NA
ENSDART00000054356	pam16	4	27.8	14.8	NA	NA	NA	NA	NA	NA	NA
ENSDART00000123834	exoc7	30	37.0	17.1	6.9	12.8	43.0	94.4	6.84	2.57	-1.41222796569
ENSDART00000113905	EFTUD1	9	37.8	48.7	NA	NA	NA	NA	NA	NA	NA
ENSDART00000098408	HNRNPAB	7275	81.3	79.5	34.1	53.9	105.9	128.9	1142.76	5404.79	2.24171612031
ENSDART00000133039	tac3a	5	24.3	22.6	NA	NA	NA	NA	NA	NA	NA
ENSDART00000082124	pim1	132	49.8	36.1	6.0	12.2	71.8	122.6	NA	NA	NA
ENSDART00000079711	slc25a1a	90	38.2	28.9	7.2	16.4	48.0	92.5	13.09	23.95	0.871560558678
ENSDART00000133031	COL23A1	2	29.6	29.6	NA	NA	NA	NA	NA	NA	NA
ENSDART00000002510	golim4b	7	99.9	115.4	NA	NA	NA	NA	NA	NA	NA
ENSDART00000091772	AL954372.1	8	19.1	16.1	NA	NA	NA	NA	1.62	0.29	-2.48186900776
ENSDART00000123869	TTL	35	32.7	24.8	5.6	8.4	44.7	71.1	NA	NA	NA
ENSDART00000105272	zgc:173593	1	40.5	40.5	NA	NA	NA	NA	NA	NA	NA
ENSDART00000110906	znf280d	239	72.8	62.1	11.0	29.4	106.3	146.1	19.4	60.53	1.64159369864
ENSDART00000110907	ITFG1	1	7.1	7.1	NA	NA	NA	NA	NA	NA	NA
ENSDART00000110903	E2F2	114	83.1	68.4	24.3	42.5	118.3	164.0	NA	NA	NA
ENSDART00000123674	prdm14	94	72.0	58.1	8.0	22.8	112.6	160.5	NA	NA	NA
ENSDART00000102335	pspc1	38	92.6	105.6	9.3	24.8	142.6	172.3	NA	NA	NA
ENSDART00000093030	h3f3b.1	342	105.9	109.2	43.4	77.5	134.3	157.6	NA	NA	NA
ENSDART00000102337	DNAJB14	17	120.0	137.3	65.9	77.6	147.3	178.8	NA	NA	NA
ENSDART00000102331	dpy19l1l	2	138.5	138.5	NA	NA	NA	NA	NA	NA	NA
ENSDART00000100328	csnk1g2b	80	51.2	38.2	5.6	10.9	70.9	133.5	11.72	14.68	0.324879398421
ENSDART00000146144	oip5	19	43.2	25.7	9.1	13.7	76.2	80.8	NA	NA	NA
ENSDART00000005090	alg9	19	58.1	40.8	7.9	13.0	88.2	129.4	NA	NA	NA
ENSDART00000018245	CABZ01115322.1	37	40.2	36.2	12.2	21.4	50.9	62.0	NA	NA	NA
ENSDART00000097583	ubb	534	51.1	40.6	11.5	22.1	70.0	107.7	NA	NA	NA
ENSDART00000093090	ampd2	24	88.7	85.4	16.5	26.5	112.4	174.9	NA	NA	NA
ENSDART00000128014	AL935046.1	1	58.9	58.9	NA	NA	NA	NA	NA	NA	NA
ENSDART00000126668	pou6f2	4	22.9	21.8	NA	NA	NA	NA	NA	NA	NA
ENSDART00000126669	lman2lb	16	74.7	53.1	19.5	35.7	82.4	167.7	NA	NA	NA
ENSDART00000131697	PLEKHG3	1	112.2	112.2	NA	NA	NA	NA	NA	NA	NA
ENSDART00000126660	si:dkey-15h8.11	102	55.8	50.0	21.0	32.4	70.6	106.4	NA	NA	NA
ENSDART00000129143	spopla	68	58.1	37.2	11.6	18.6	69.2	147.3	NA	NA	NA
ENSDART00000048095	elac2	54	39.4	22.9	9.9	18.0	49.6	80.3	9.69	9.96	0.039649076653
ENSDART00000092258	spata2	11	27.9	19.0	11.9	16.1	24.6	58.9	NA	NA	NA
ENSDART00000110666	osbpl11	15	27.6	21.6	14.9	15.5	37.7	52.7	NA	NA	NA
ENSDART00000035409	zc2hc1a	34	36.8	19.6	10.6	14.1	43.1	69.0	NA	NA	NA
ENSDART00000092250	btbd11a	8	44.7	44.6	NA	NA	NA	NA	NA	NA	NA
ENSDART00000059795	bmp1b	3	22.1	16.4	NA	NA	NA	NA	NA	NA	NA
ENSDART00000035400	tsc1a	39	23.9	23.1	6.8	13.6	30.6	36.1	5.72	5.94	0.0544477840224
ENSDART00000016225	star	1	33.9	33.9	NA	NA	NA	NA	NA	NA	NA
ENSDART00000077980	pipox	6	30.0	24.6	NA	NA	NA	NA	NA	NA	NA
ENSDART00000004550	RNF145	18	108.9	116.1	29.8	53.9	136.5	186.5	NA	NA	NA
ENSDART00000073600	KCNG4	4	58.0	47.7	NA	NA	NA	NA	NA	NA	NA
ENSDART00000093256	ccny	2	81.9	81.9	NA	NA	NA	NA	NA	NA	NA
ENSDART00000073609	prmt7	53	43.2	33.2	7.6	13.5	70.4	89.9	14.52	9.42	-0.624242488383
ENSDART00000143203	parp2	35	67.1	53.5	18.0	27.5	107.6	124.5	13.09	19.85	0.600673910085
ENSDART00000143202	yaf2	88	58.0	48.9	12.9	22.5	84.3	115.5	NA	NA	NA
ENSDART00000015723	prkci	264	56.8	44.5	8.7	21.0	79.6	121.3	11.22	107.88	3.26528284563
ENSDART00000130695	top2b	55	138.3	139.2	89.3	118.2	159.2	187.1	NA	NA	NA
ENSDART00000057463	pmepa1	8	10.8	9.3	NA	NA	NA	NA	NA	NA	NA
ENSDART00000130418	SGCZ	1	13.9	13.9	NA	NA	NA	NA	NA	NA	NA
ENSDART00000013768	eif4e3	66	37.1	25.6	9.7	16.9	48.3	79.4	NA	NA	NA
ENSDART00000057466	CCNDBP1	74	43.8	29.7	10.3	20.5	53.1	88.9	17.78	15.96	-0.155794672607
ENSDART00000130414	map3k7	101	43.8	29.9	10.1	15.5	48.4	103.4	6.97	18.56	1.41296614926
ENSDART00000110669	arl6ip6	10	60.6	41.7	19.3	22.7	100.4	136.4	NA	NA	NA
ENSDART00000130412	aqr	46	71.1	54.9	13.9	29.3	113.7	153.0	21.98	26.08	0.246752483282
ENSDART00000106540	si:dkey-4c15.5	6	91.5	90.8	NA	NA	NA	NA	NA	NA	NA
ENSDART00000048890	slc22a2	2	199.0	199.0	NA	NA	NA	NA	NA	NA	NA
ENSDART00000048891	OGN	8	32.6	21.9	NA	NA	NA	NA	NA	NA	NA
ENSDART00000079050	nutf2	126	67.2	58.5	22.1	38.2	96.0	117.6	NA	NA	NA
ENSDART00000079726	pld1b	6	98.3	102.3	NA	NA	NA	NA	NA	NA	NA
ENSDART00000066929	taf3	115	74.2	64.2	17.3	38.7	104.8	142.6	35.2	9.14	-1.94530935847
ENSDART00000056849	smyhc2	3	65.1	59.2	NA	NA	NA	NA	NA	NA	NA
ENSDART00000017743	slc1a3a	1	156.6	156.6	NA	NA	NA	NA	NA	NA	NA
ENSDART00000077188	cox7a3	375	56.3	44.7	12.5	24.5	80.1	116.8	NA	NA	NA
ENSDART00000077189	ier5l	130	51.8	41.4	7.2	12.9	79.4	115.1	NA	NA	NA
ENSDART00000132749	tmem123	3	49.2	51.9	NA	NA	NA	NA	NA	NA	NA
ENSDART00000077185	dgat1b	7	108.4	120.4	NA	NA	NA	NA	NA	NA	NA
ENSDART00000132744	ppcdc	10	36.5	40.2	14.8	23.8	51.3	56.6	NA	NA	NA
ENSDART00000134983	si:ch73-389k6.1	21	60.5	23.3	7.1	13.8	96.2	131.9	NA	NA	NA
ENSDART00000056846	ppp1r1c	1	65.2	65.2	NA	NA	NA	NA	NA	NA	NA
ENSDART00000132741	C7	8	25.1	26.2	NA	NA	NA	NA	4.71	0.99	-2.25022662953
ENSDART00000004717	igf1	1	110.2	110.2	NA	NA	NA	NA	NA	NA	NA
ENSDART00000004240	zgc:162180	11	68.3	72.9	15.5	35.0	100.0	119.0	NA	NA	NA
ENSDART00000134564	srsf5b	147	94.6	93.5	25.9	53.2	129.4	162.5	NA	NA	NA
ENSDART00000134560	slc45a1	3	23.6	24.9	NA	NA	NA	NA	NA	NA	NA
ENSDART00000021614	SRPK2	1	47.2	47.2	NA	NA	NA	NA	NA	NA	NA
ENSDART00000109316	zgc:114046	10	50.5	52.9	21.8	38.3	66.7	72.3	NA	NA	NA
ENSDART00000109314	arhgap10	2	22.8	22.8	NA	NA	NA	NA	NA	NA	NA
ENSDART00000025562	cdh18	1	15.9	15.9	NA	NA	NA	NA	NA	NA	NA
ENSDART00000109644	ctdnep1b	17	51.9	34.2	17.6	22.6	88.6	103.5	NA	NA	NA
ENSDART00000109647	oraov1	16	63.7	50.8	19.3	40.2	77.8	119.1	NA	NA	NA
ENSDART00000109679	quo	10	161.6	163.8	119.5	132.2	184.4	227.5	NA	NA	NA
ENSDART00000109318	ZC3H4	85	55.3	35.0	6.5	16.6	89.5	122.1	11.55	19.84	0.780519174083
ENSDART00000130670	tada2a	14	89.3	90.6	31.1	48.8	108.1	133.5	8.29	8.45	0.0275792396738
ENSDART00000130671	prdm1b	12	68.0	77.3	17.6	33.6	96.1	111.4	NA	NA	NA
ENSDART00000135155	si:ch211-218o21.4	5	29.0	20.4	NA	NA	NA	NA	NA	NA	NA
ENSDART00000063621	fam175a	35	58.9	37.4	10.9	16.2	99.6	125.3	10.58	16.75	0.662821468118
ENSDART00000151765	uqcrh	473	72.6	66.2	26.3	39.9	97.7	132.3	253.67	225.55	-0.169505624711
ENSDART00000052168	hrh3	6	67.1	50.7	NA	NA	NA	NA	NA	NA	NA
ENSDART00000138460	rad51c	1	56.2	56.2	NA	NA	NA	NA	NA	NA	NA
ENSDART00000092783	arfgef1	38	44.2	23.0	8.0	12.3	68.5	112.8	2.67	5.76	1.10922906975
ENSDART00000142156	sebox	110	41.6	24.1	5.5	10.0	55.9	101.7	NA	NA	NA
ENSDART00000142157	arl15a	3	51.5	70.8	NA	NA	NA	NA	NA	NA	NA
ENSDART00000112469	ralgapa1	3	64.1	51.0	NA	NA	NA	NA	1.84	0.69	-1.41503749928
ENSDART00000089963	zgc:110286	1	52.0	52.0	NA	NA	NA	NA	NA	NA	NA
ENSDART00000152157	CCDC150	5	86.8	77.8	NA	NA	NA	NA	NA	NA	NA
ENSDART00000089967	cacna1bb	1	20.2	20.2	NA	NA	NA	NA	NA	NA	NA
ENSDART00000086717	col16a1	1	34.0	34.0	NA	NA	NA	NA	NA	NA	NA
ENSDART00000073970	uap1	26	50.1	28.9	12.1	20.1	77.0	123.7	NA	NA	NA
ENSDART00000128548	CD37	2	103.4	103.4	NA	NA	NA	NA	NA	NA	NA
ENSDART00000125867	ECE2	1	168.7	168.7	NA	NA	NA	NA	NA	NA	NA
ENSDART00000023709	ptp4a2	653	43.2	36.7	16.0	26.0	52.0	72.6	111.72	324.28	1.53735256945
ENSDART00000128237	nrg2a	1	53.3	53.3	NA	NA	NA	NA	NA	NA	NA
ENSDART00000080712	slc43a3b	108	55.6	22.8	8.2	12.5	71.0	174.6	NA	NA	NA
ENSDART00000078899	bambib	5	42.8	39.0	NA	NA	NA	NA	NA	NA	NA
ENSDART00000052641	gatm	36	100.9	84.9	29.3	58.7	153.8	188.3	NA	NA	NA
ENSDART00000099060	si:ch73-189n23.1	4	46.6	50.5	NA	NA	NA	NA	NA	NA	NA
ENSDART00000153401	si:dkey-57h18.2	4	19.9	19.3	NA	NA	NA	NA	NA	NA	NA
ENSDART00000078896	waca	235	57.7	46.3	7.4	18.9	81.0	132.2	36.38	110.87	1.60765159543
ENSDART00000103887	med10	201	39.0	35.0	14.8	23.6	49.6	64.5	69.56	68.8	-0.0158493677171
ENSDART00000003694	cand1	202	64.8	49.8	15.8	26.8	99.1	134.4	12.6	55.23	2.13202839368
ENSDART00000067497	PARP12	41	44.2	50.4	13.7	19.5	61.2	79.8	6.7	4.94	-0.43965005376
ENSDART00000091252	spata13	12	31.4	18.3	6.9	9.1	31.0	61.4	4.39	0.91	-2.27028248934
ENSDART00000091529	wasf3	128	53.2	39.4	8.4	17.9	73.2	115.7	21.2	24.25	0.193920482511
ENSDART00000109529	tmco3	20	37.1	21.4	10.1	13.4	30.3	74.5	NA	NA	NA
ENSDART00000132817	si:ch1073-322p19.1	30	54.2	29.2	11.3	17.9	89.0	127.3	8.52	4.47	-0.930578599043
ENSDART00000062049	blvrb	116	40.5	21.7	6.5	10.4	52.6	111.1	NA	NA	NA
ENSDART00000044837	camk2b2	5	98.5	111.2	NA	NA	NA	NA	NA	NA	NA
ENSDART00000105788	mgat5	78	75.6	57.0	12.5	25.4	121.0	166.5	6.99	7.99	0.192903047553
ENSDART00000044838	ndrg1a	279	49.6	45.3	17.7	27.0	67.4	87.8	23.89	319.35	3.7406596916
ENSDART00000062514	icln	34	57.7	30.4	10.2	18.4	77.8	157.3	17.51	14.85	-0.237716152745
ENSDART00000037914	cox6a1	368	63.6	58.1	18.2	31.5	85.5	116.6	NA	NA	NA
ENSDART00000127645	wu:fc26g07	169	50.4	35.8	8.4	15.2	74.6	111.9	15.12	51.97	1.78122091945
ENSDART00000099723	sh3bp5la	31	48.7	43.1	7.5	21.1	58.3	107.2	8.56	13.19	0.62376186285
ENSDART00000127646	CABZ01085888.1	115	39.9	23.1	8.8	13.3	45.4	97.7	35.06	27.01	-0.376332356251
ENSDART00000144807	myo9b	22	66.3	45.7	16.9	23.4	93.2	166.2	2.22	3.9	0.8129144474
ENSDART00000144800	naca	2199	79.6	74.9	32.0	48.8	106.6	132.5	1115.16	1344.11	0.269400492207
ENSDART00000090788	npffr1l2	1	133.0	133.0	NA	NA	NA	NA	NA	NA	NA
ENSDART00000042367	C7H11orf68	39	72.2	48.9	17.1	21.8	103.3	154.9	NA	NA	NA
ENSDART00000131105	CABZ01083442.1	20	25.8	18.7	7.1	11.7	27.6	55.1	NA	NA	NA
ENSDART00000060979	MMADHC	32	65.8	44.0	12.1	21.7	100.3	144.8	14.21	20.79	0.548983203616
ENSDART00000059480	fosl2	6	14.2	12.7	NA	NA	NA	NA	NA	NA	NA
ENSDART00000003345	arhgef6	11	93.1	63.3	3.8	22.9	181.3	199.1	NA	NA	NA
ENSDART00000003346	pdcd2l	5	44.2	44.0	NA	NA	NA	NA	NA	NA	NA
ENSDART00000042368	fahd1	9	36.6	28.5	NA	NA	NA	NA	NA	NA	NA
ENSDART00000078093	zbtb2b	113	59.2	50.3	11.4	19.5	88.4	132.9	6.71	35.34	2.39691736835
ENSDART00000010129	pdf	5	79.7	65.6	NA	NA	NA	NA	NA	NA	NA
ENSDART00000016248	pa2g4b	184	51.2	37.7	9.8	18.8	61.7	123.4	39.04	112.06	1.52124643967
ENSDART00000028044	galcb	26	64.2	31.2	13.2	18.5	79.6	162.9	NA	NA	NA
ENSDART00000139339	mrpl34	63	53.3	35.6	11.8	19.7	66.9	128.2	33.25	57.39	0.787445033791
ENSDART00000079583	ctbp1	794	53.1	37.8	9.9	18.7	78.0	117.7	21.69	224.7	3.37289816639
ENSDART00000149306	nmt2	82	43.2	27.8	7.8	15.2	59.9	102.1	11.01	29.38	1.41601992699
ENSDART00000114101	fam166b	3	45.8	51.8	NA	NA	NA	NA	NA	NA	NA
ENSDART00000114102	BX088524.2	34	47.8	35.2	15.8	21.6	59.8	82.4	NA	NA	NA
ENSDART00000089679	narfl	27	51.3	43.1	9.0	22.0	67.9	99.4	NA	NA	NA
ENSDART00000121529	sh3bgr	6	55.9	57.5	NA	NA	NA	NA	NA	NA	NA
ENSDART00000081555	CABZ01068246.1	2	18.3	18.3	NA	NA	NA	NA	NA	NA	NA
ENSDART00000012385	me3	177	29.0	21.2	5.6	12.6	40.4	57.5	6.46	29.78	2.20473768389
ENSDART00000012381	CABZ01114089.1	3	31.1	7.7	NA	NA	NA	NA	NA	NA	NA
ENSDART00000024935	gsk3ab	291	74.9	71.4	13.9	36.8	106.9	131.4	16.23	119.29	2.87773820295
ENSDART00000142241	she	1	48.6	48.6	NA	NA	NA	NA	NA	NA	NA
ENSDART00000150019	DHX35	87	60.3	41.9	18.1	24.4	78.3	141.5	NA	NA	NA
ENSDART00000126966	esrrga	10	96.4	72.9	23.8	28.5	126.5	211.6	NA	NA	NA
ENSDART00000084389	lrrn1	8	37.4	25.2	NA	NA	NA	NA	NA	NA	NA
ENSDART00000146251	si:ch211-137i24.12	2	27.1	27.1	NA	NA	NA	NA	NA	NA	NA
ENSDART00000133424	srp54	272	52.8	45.0	13.7	24.6	76.4	103.3	77.23	330.45	2.09719871927
ENSDART00000127254	hmx2	1	28.1	28.1	NA	NA	NA	NA	NA	NA	NA
ENSDART00000127252	slc35d2	53	85.8	83.8	25.0	52.7	109.3	155.6	NA	NA	NA
ENSDART00000056213	pik3r1	81	49.9	33.3	6.9	17.3	68.3	124.7	8.21	18.47	1.1697297392
ENSDART00000031872	kctd6b	32	51.6	31.1	10.7	15.7	91.1	119.0	NA	NA	NA
ENSDART00000142997	eif2ak3	1	30.0	30.0	NA	NA	NA	NA	NA	NA	NA
ENSDART00000121974	CABZ01027552.1	4	136.2	140.4	NA	NA	NA	NA	NA	NA	NA
ENSDART00000031875	tor1l3	1	41.1	41.1	NA	NA	NA	NA	NA	NA	NA
ENSDART00000115271	march6	33	46.8	30.7	9.7	16.6	40.5	82.7	5.52	8.79	0.671194898365
ENSDART00000123544	tex2	77	43.6	29.7	10.8	17.1	52.9	96.1	7.75	6.5	-0.253756592246
ENSDART00000126063	TTF2	22	98.4	101.8	13.3	29.6	150.6	170.9	3.91	5.05	0.369114780332
ENSDART00000123548	CREBZF	40	64.7	21.9	8.9	13.2	77.9	134.1	NA	NA	NA
ENSDART00000126069	DUSP27	2	113.4	113.4	NA	NA	NA	NA	NA	NA	NA
ENSDART00000114974	PATZ1	33	68.8	45.0	7.6	18.3	117.0	156.2	NA	NA	NA
ENSDART00000112889	C22H10orf76	172	37.6	30.9	12.2	20.7	46.4	65.8	5.46	35.67	2.70773835955
ENSDART00000000804	slc8a1b	47	43.7	38.6	17.5	24.8	55.9	80.1	3.77	8.51	1.17459460842
ENSDART00000084380	aggf1	34	63.8	55.2	14.2	29.3	90.5	129.4	17.5	3.99	-2.1328942705
ENSDART00000112883	fmnl2b	173	70.7	62.3	14.3	23.6	105.9	137.4	NA	NA	NA
ENSDART00000073847	blcap	476	54.4	43.9	16.6	27.1	75.2	104.9	136.67	136.73	0.000633223875955
ENSDART00000051663	ppil2	90	58.0	46.7	13.1	23.4	82.7	127.1	14.93	51.38	1.78299272477
ENSDART00000128910	CU062628.1	1	89.4	89.4	NA	NA	NA	NA	NA	NA	NA
ENSDART00000004062	atp5j	199	85.4	78.1	39.9	56.8	113.3	137.1	NA	NA	NA
ENSDART00000100276	tmco1	110	60.7	38.9	10.7	20.3	93.6	132.9	28.12	30.87	0.134608888543
ENSDART00000150171	ttll1	11	69.6	28.2	7.2	19.3	109.9	180.6	NA	NA	NA
ENSDART00000110731	tbrg4	49	62.8	44.1	11.1	19.0	111.8	135.8	NA	NA	NA
ENSDART00000130960	cdx1a	9	106.2	104.8	NA	NA	NA	NA	NA	NA	NA
ENSDART00000132823	smad9	19	96.2	77.5	29.0	52.2	148.9	168.8	NA	NA	NA
ENSDART00000098259	arntl1b	3	17.8	14.2	NA	NA	NA	NA	NA	NA	NA
ENSDART00000040065	casc3	450	55.2	40.6	9.3	18.2	82.2	127.3	41.04	144.0	1.81096617561
ENSDART00000055742	nras	140	47.8	30.7	10.4	16.7	70.1	115.2	NA	NA	NA
ENSDART00000106300	si:ch211-222k6.1	2	160.2	160.2	NA	NA	NA	NA	NA	NA	NA
ENSDART00000135313	tnk1	45	59.4	46.2	12.3	23.0	83.2	136.2	5.94	21.46	1.85311523996
ENSDART00000128917	rps4x	514	89.9	90.0	34.0	55.2	116.7	145.8	1180.87	657.65	-0.844458255668
ENSDART00000024729	pabpc1a	1746	75.7	71.2	36.3	52.0	95.8	120.6	611.32	1021.35	0.740477666695
ENSDART00000051549	tp53	238	69.0	65.5	16.0	36.0	98.8	126.3	65.82	184.45	1.48663185746
ENSDART00000077341	depdc7	81	72.9	70.5	8.7	29.8	102.2	150.7	NA	NA	NA
ENSDART00000075770	zgc:162948	2	23.4	23.4	NA	NA	NA	NA	20.15	9.77	-1.04434937145
ENSDART00000047251	GRAMD4	3	35.6	20.7	NA	NA	NA	NA	NA	NA	NA
ENSDART00000019004	arhgdig	63	41.8	30.2	9.6	17.1	56.1	93.4	NA	NA	NA
ENSDART00000109520	fbxl14a	186	42.9	25.3	5.9	11.3	65.8	103.8	43.86	42.82	-0.0346210162881
ENSDART00000137467	FAM35A	5	15.3	15.5	NA	NA	NA	NA	NA	NA	NA
ENSDART00000105572	gbx1	42	42.7	23.4	5.0	10.1	62.6	127.4	NA	NA	NA
ENSDART00000012963	trappc6b	49	44.5	25.2	12.6	18.6	43.5	71.0	NA	NA	NA
ENSDART00000137469	mgaa	214	95.4	85.2	12.1	39.4	142.5	195.5	8.05	16.87	1.06739928529
ENSDART00000081593	cept1b	3	97.2	75.0	NA	NA	NA	NA	NA	NA	NA
ENSDART00000137966	CCDC167	2	54.1	54.1	NA	NA	NA	NA	NA	NA	NA
ENSDART00000122762	naa50	455	54.5	43.4	11.0	22.5	73.6	118.7	NA	NA	NA
ENSDART00000040209	ephb3a	15	130.7	137.6	70.6	91.5	160.0	186.5	NA	NA	NA
ENSDART00000081595	eya1	3	67.2	70.0	NA	NA	NA	NA	NA	NA	NA
ENSDART00000132249	uri1	143	71.6	62.7	21.4	32.9	106.6	134.4	38.11	32.32	-0.23774241006
ENSDART00000132248	fryl	24	58.6	23.9	6.4	14.5	80.4	148.4	2.78	1.08	-1.36405357056
ENSDART00000015000	henmt1	12	30.5	13.9	8.7	10.3	46.8	59.1	NA	NA	NA
ENSDART00000109521	PPP1R9B	1	124.1	124.1	NA	NA	NA	NA	NA	NA	NA
ENSDART00000122324	C22H19orf44	19	37.1	15.3	7.3	12.5	28.7	112.6	NA	NA	NA
ENSDART00000063541	zbtb21	31	64.9	46.3	8.5	18.4	85.0	158.1	NA	NA	NA
ENSDART00000008306	zbtb1	9	45.3	17.1	NA	NA	NA	NA	NA	NA	NA
ENSDART00000075936	pax9	2	7.2	7.2	NA	NA	NA	NA	NA	NA	NA
ENSDART00000082715	SI:DKEY-209E8.1	60	58.6	46.3	3.0	15.0	101.9	128.0	NA	NA	NA
ENSDART00000059899	si:dkey-286j15.1	39	58.6	52.8	3.9	18.7	91.9	124.2	NA	NA	NA
ENSDART00000059893	tcf25	33	41.3	23.8	10.6	15.4	45.0	79.6	11.5	5.21	-1.14227858355
ENSDART00000135903	mpzl1l	187	71.3	59.0	10.9	25.9	100.2	151.4	NA	NA	NA
ENSDART00000121947	ephb4a	80	53.1	36.1	7.4	15.4	79.1	114.4	10.1	13.03	0.367481790929
ENSDART00000112268	ocrl	1	23.4	23.4	NA	NA	NA	NA	NA	NA	NA
ENSDART00000023116	srsf11	1346	84.4	77.8	34.3	53.4	106.3	143.0	157.83	594.76	1.91393616771
ENSDART00000066168	pex11g	2	91.0	91.0	NA	NA	NA	NA	NA	NA	NA
ENSDART00000152717	kansl1a	117	58.8	37.0	7.5	13.4	93.0	152.5	10.56	23.63	1.16200979462
ENSDART00000125089	fancd2	12	40.2	15.2	7.9	10.4	46.6	126.0	NA	NA	NA
ENSDART00000121972	slc39a13	160	32.3	18.5	4.0	8.9	36.9	81.9	NA	NA	NA
ENSDART00000036928	fbxo36a	4	146.8	158.7	NA	NA	NA	NA	NA	NA	NA
ENSDART00000152433	vps25	139	34.3	27.8	9.0	16.5	45.1	64.1	NA	NA	NA
ENSDART00000057696	GIT1	55	57.7	22.9	5.3	13.5	97.1	165.7	NA	NA	NA
ENSDART00000109523	CABZ01073168.1	5	26.3	13.5	NA	NA	NA	NA	NA	NA	NA
ENSDART00000101655	calrl2	14	48.2	33.9	20.9	22.8	49.8	94.7	9.46	12.05	0.349121057778
ENSDART00000018504	zgc:77086	60	46.4	38.4	11.5	20.5	60.7	96.9	NA	NA	NA
ENSDART00000109244	sh3pxd2aa	1	68.1	68.1	NA	NA	NA	NA	NA	NA	NA
ENSDART00000022348	prdm12b	7	22.2	14.3	NA	NA	NA	NA	NA	NA	NA
ENSDART00000106593	prp19	1301	51.0	43.2	15.4	28.0	64.9	96.5	93.77	343.94	1.8749585724
ENSDART00000101295	gtf3c4	19	45.6	19.9	6.0	13.4	61.6	114.9	5.3	6.25	0.237863830099
ENSDART00000104224	tecpr2	1	5.2	5.2	NA	NA	NA	NA	NA	NA	NA
ENSDART00000085298	l2hgdh	46	43.0	29.8	15.6	19.8	64.6	88.0	11.1	24.38	1.13513844938
ENSDART00000103506	hpcal4	1	52.7	52.7	NA	NA	NA	NA	NA	NA	NA
ENSDART00000103507	BX950859.1	1	96.2	96.2	NA	NA	NA	NA	NA	NA	NA
ENSDART00000104222	b3gntl1	26	62.5	25.6	8.7	16.4	96.7	118.0	NA	NA	NA
ENSDART00000051919	n6amt1	78	48.2	34.0	10.4	22.0	72.0	107.7	NA	NA	NA
ENSDART00000036668	psmc1a	35	68.8	64.3	15.8	25.0	99.4	146.5	19.95	26.02	0.383232215608
ENSDART00000024726	daam1a	11	27.5	21.4	9.3	14.6	36.9	57.9	6.09	2.86	-1.09042708113
ENSDART00000030838	bcl2l10	693	60.8	43.4	11.3	18.8	95.4	134.4	73.23	283.12	1.95090696592
ENSDART00000030835	hmbox1a	15	21.6	15.5	5.4	7.1	22.0	29.4	NA	NA	NA
ENSDART00000125030	osbpl3a	2	28.1	28.1	NA	NA	NA	NA	NA	NA	NA
ENSDART00000022694	ehd3	4	37.3	21.9	NA	NA	NA	NA	NA	NA	NA
ENSDART00000098970	lin28a	335	81.5	80.2	19.7	42.7	113.6	141.3	39.79	334.38	3.07101075511
ENSDART00000014602	cmtm6	3	47.2	43.4	NA	NA	NA	NA	NA	NA	NA
ENSDART00000148927	tgfb2	2	54.1	54.1	NA	NA	NA	NA	NA	NA	NA
ENSDART00000023568	kif18a	18	43.4	40.2	17.3	23.4	59.2	78.1	15.54	27.13	0.803902543874
ENSDART00000001444	g2e3	209	71.0	65.6	10.2	33.4	110.7	133.1	15.05	57.21	1.92650385739
ENSDART00000060944	mrpl39	34	59.6	49.6	16.0	35.9	79.9	113.0	12.7	27.42	1.11040007412
ENSDART00000148928	rbm27	120	53.3	38.8	16.7	24.8	81.9	102.5	6.67	13.97	1.06657335422
ENSDART00000122170	smc5	29	30.9	22.3	11.6	15.4	30.8	60.1	17.5	9.61	-0.864746585946
ENSDART00000032744	rpl10	607	83.5	74.2	30.8	43.4	116.5	148.3	1139.26	628.79	-0.857446855153
ENSDART00000098922	six4.3	43	52.8	40.7	6.4	14.8	90.8	121.4	NA	NA	NA
ENSDART00000024104	mycn	41	67.8	59.2	8.3	26.5	102.3	139.9	NA	NA	NA
ENSDART00000083668	MANBAL	115	57.6	49.4	27.8	36.8	66.3	91.9	NA	NA	NA
ENSDART00000109814	kdm4ab	16	75.9	49.7	-1.8	20.5	140.3	172.4	NA	NA	NA
ENSDART00000098928	zgc:162297	15	35.0	37.2	14.0	18.0	49.5	55.1	NA	NA	NA
ENSDART00000109816	gltpb	8	48.3	30.9	NA	NA	NA	NA	NA	NA	NA
ENSDART00000052393	pard6gb	64	54.2	37.2	16.7	23.4	81.0	111.0	NA	NA	NA
ENSDART00000083190	hdac8	80	57.4	56.7	18.5	32.9	80.9	93.1	3.3	10.01	1.60090404459
ENSDART00000102106	bcor	22	51.8	35.3	5.6	16.7	84.7	119.5	6.82	5.48	-0.315595846064
ENSDART00000058147	dync2li1	17	101.2	45.7	14.0	27.1	128.6	246.5	NA	NA	NA
ENSDART00000074647	CARD11	5	46.1	35.9	NA	NA	NA	NA	NA	NA	NA
ENSDART00000078771	SBK1	7	21.0	16.2	NA	NA	NA	NA	NA	NA	NA
ENSDART00000133194	tbc1d1	19	29.1	24.5	8.7	17.5	37.8	56.9	7.46	2.09	-1.83567268817
ENSDART00000124681	BX664622.3	1	34.8	34.8	NA	NA	NA	NA	NA	NA	NA
ENSDART00000124682	glb1	3	27.0	13.2	NA	NA	NA	NA	NA	NA	NA
ENSDART00000073671	ythdc1	357	76.9	69.7	18.5	34.8	106.6	142.3	38.64	144.97	1.90758738144
ENSDART00000124688	bag5	10	26.2	14.6	9.0	9.6	28.9	44.9	NA	NA	NA
ENSDART00000050585	znhit2	35	55.5	46.6	18.5	22.7	77.6	116.4	9.11	6.69	-0.445444843161
ENSDART00000021204	TSPAN2	3	48.8	16.6	NA	NA	NA	NA	NA	NA	NA
ENSDART00000077694	leo1	118	82.2	72.6	24.4	42.3	116.3	145.9	61.44	120.61	0.973099407561
ENSDART00000142090	fanci	19	45.0	32.0	8.3	15.9	51.8	99.8	3.25	4.86	0.58051659569
ENSDART00000056987	marcksl1a	1336	60.9	48.5	13.0	24.1	88.0	129.3	NA	NA	NA
ENSDART00000142098	si:dkeyp-110g5.4	6	41.8	24.2	NA	NA	NA	NA	NA	NA	NA
ENSDART00000001995	flot1a	34	51.1	46.6	16.4	30.8	58.3	101.6	NA	NA	NA
ENSDART00000009438	lmnb2	852	98.2	100.5	40.9	70.9	125.6	151.0	43.42	268.24	2.62709275718
ENSDART00000110179	cx34.4	8	102.0	96.7	NA	NA	NA	NA	NA	NA	NA
ENSDART00000004619	IMPG2	1	147.8	147.8	NA	NA	NA	NA	NA	NA	NA
ENSDART00000009431	CABZ01078889.1	40	74.2	57.0	19.3	28.9	114.2	139.1	NA	NA	NA
ENSDART00000044949	syt16	1	1.7	1.7	NA	NA	NA	NA	NA	NA	NA
ENSDART00000125156	CU611056.1	42	25.3	19.0	4.6	6.7	25.9	43.1	NA	NA	NA
ENSDART00000057584	slc1a4	5	43.0	32.9	NA	NA	NA	NA	NA	NA	NA
ENSDART00000058324	rpz4	14	61.2	35.3	13.3	15.6	113.1	135.1	NA	NA	NA
ENSDART00000133585	FAM114A2	12	53.5	45.4	19.9	27.0	67.2	113.1	11.02	4.93	-1.16046467219
ENSDART00000129086	siva1	333	31.0	18.2	5.4	10.2	37.6	78.8	233.02	155.71	-0.581592185967
ENSDART00000024722	ezh2	75	57.6	38.7	10.7	18.3	83.5	140.7	22.12	132.66	2.5843101403
ENSDART00000130080	asap3	6	56.8	9.7	NA	NA	NA	NA	NA	NA	NA
ENSDART00000123083	ddx59	10	25.8	21.4	7.5	14.1	39.4	44.4	7.81	4.54	-0.782630250851
ENSDART00000113774	si:ch211-188c16.1	35	27.0	20.4	11.1	15.3	33.4	46.5	8.31	5.09	-0.707182820695
ENSDART00000134271	s100u	15	102.4	101.9	43.1	83.8	137.7	147.2	NA	NA	NA
ENSDART00000075550	kazald3	4	36.5	34.3	NA	NA	NA	NA	NA	NA	NA
ENSDART00000014970	btbd3a	110	52.7	31.7	10.7	16.2	77.8	132.5	7.87	23.35	1.56898700909
ENSDART00000124231	PSMG4	28	35.3	28.3	11.9	20.7	39.0	66.5	NA	NA	NA
ENSDART00000142895	urm1	71	46.7	31.4	11.1	18.3	50.9	105.3	NA	NA	NA
ENSDART00000134274	piwil2	11	41.9	31.8	20.4	26.9	46.5	79.7	3.54	13.32	1.91177281699
ENSDART00000110133	BX511263.1	1	52.2	52.2	NA	NA	NA	NA	NA	NA	NA
ENSDART00000050916	ap2b1	138	41.2	36.3	16.0	22.8	51.2	76.1	8.55	66.18	2.95239896654
ENSDART00000110136	cntnap5b	1	137.3	137.3	NA	NA	NA	NA	NA	NA	NA
ENSDART00000113511	lzts1	2	86.6	86.6	NA	NA	NA	NA	NA	NA	NA
ENSDART00000010126	zdhhc23b	7	60.0	51.2	NA	NA	NA	NA	NA	NA	NA
ENSDART00000056180	cep41	5	54.0	37.9	NA	NA	NA	NA	NA	NA	NA
ENSDART00000134277	zgc:174712	1	27.3	27.3	NA	NA	NA	NA	NA	NA	NA
ENSDART00000082251	spdya	9	30.0	26.0	NA	NA	NA	NA	NA	NA	NA
ENSDART00000056188	POLR2H	351	69.3	57.5	20.8	34.1	96.3	134.3	67.79	141.01	1.05665310189
ENSDART00000143413	si:ch211-170d8.2	64	65.3	41.5	7.4	12.4	103.7	159.1	NA	NA	NA
ENSDART00000079694	gnai2b	85	29.5	24.6	9.9	14.7	37.0	61.5	10.51	35.06	1.7380633268
ENSDART00000058669	tamm41	3	87.0	127.7	NA	NA	NA	NA	NA	NA	NA
ENSDART00000143417	CABZ01032469.1	3	85.6	53.1	NA	NA	NA	NA	NA	NA	NA
ENSDART00000127224	FAM149B1	2	11.5	11.5	NA	NA	NA	NA	NA	NA	NA
ENSDART00000143948	rfc1	17	71.4	62.6	8.4	12.6	129.2	144.0	3.87	4.06	0.0691461610408
ENSDART00000080344	slc30a8	42	91.7	84.4	28.5	53.9	122.6	162.2	NA	NA	NA
ENSDART00000145324	CR388132.2	4	67.4	67.7	NA	NA	NA	NA	NA	NA	NA
ENSDART00000126853	rgs12b	96	49.8	25.4	6.8	11.5	70.2	123.0	NA	NA	NA
ENSDART00000089095	wdr74	94	62.5	57.4	17.4	32.0	85.2	111.8	21.28	44.19	1.05422178026
ENSDART00000113101	SMARCAD1	11	30.6	32.3	8.1	16.5	42.0	48.6	NA	NA	NA
ENSDART00000087639	smap2	2	28.3	28.3	NA	NA	NA	NA	NA	NA	NA
ENSDART00000113301	si:dkeyp-41f9.3	3	39.9	44.6	NA	NA	NA	NA	NA	NA	NA
ENSDART00000129339	srrm2	657	78.6	70.0	20.2	38.2	110.7	151.7	105.43	151.81	0.525981384013
ENSDART00000020033	xrcc1	127	102.8	110.1	22.3	53.4	141.2	182.2	7.38	55.49	2.91053508159
ENSDART00000055981	KCNJ2	1	15.4	15.4	NA	NA	NA	NA	NA	NA	NA
ENSDART00000099955	zgc:158862	3	175.6	199.8	NA	NA	NA	NA	NA	NA	NA
ENSDART00000076086	cyp17a2	7	16.3	13.2	NA	NA	NA	NA	NA	NA	NA
ENSDART00000038955	suv39h1a	17	112.2	75.2	18.0	27.4	201.6	253.5	NA	NA	NA
ENSDART00000114465	zgc:195170	32	66.3	50.0	12.5	20.3	97.6	138.8	NA	NA	NA
ENSDART00000086902	slc6a4a	4	84.5	18.0	NA	NA	NA	NA	NA	NA	NA
ENSDART00000128936	mrps15	88	43.8	32.9	12.1	17.7	58.5	93.3	43.67	25.42	-0.780678500775
ENSDART00000128935	cep63	5	27.4	10.3	NA	NA	NA	NA	4.83	1.5	-1.68706068834
ENSDART00000122997	nupl1	198	80.6	72.5	15.3	35.2	116.3	157.9	31.6	64.65	1.03272581163
ENSDART00000128689	CR855306.1	1	103.8	103.8	NA	NA	NA	NA	NA	NA	NA
ENSDART00000134351	si:dkey-24l11.2	11	32.5	29.8	22.4	24.7	40.8	45.6	NA	NA	NA
ENSDART00000139102	dbpb	4	10.7	10.8	NA	NA	NA	NA	NA	NA	NA
ENSDART00000125313	ube3c	13	83.3	73.8	12.8	48.0	97.1	180.2	3.18	5.98	0.911118718914
ENSDART00000019828	zgc:63587	35	60.9	48.2	18.1	25.5	74.8	135.4	NA	NA	NA
ENSDART00000042259	clybl	2	18.1	18.1	NA	NA	NA	NA	NA	NA	NA
ENSDART00000132466	si:ch211-269i23.2	127	56.3	40.9	6.8	14.9	84.0	132.5	21.7	23.23	0.098294111477
ENSDART00000135344	ppp2r1a	499	65.1	58.2	17.1	36.8	85.8	129.4	23.42	186.56	2.9938267127
ENSDART00000052404	map2k5	8	10.3	11.9	NA	NA	NA	NA	NA	NA	NA
ENSDART00000127716	ppp1cc	408	54.5	53.7	22.8	34.9	70.8	85.8	56.23	262.79	2.22449842555
ENSDART00000047401	abcb11a	3	79.9	84.6	NA	NA	NA	NA	NA	NA	NA
ENSDART00000112276	zgc:173837	115	44.3	46.1	13.4	29.5	57.6	68.9	24.4	5.67	-2.10546050751
ENSDART00000047409	myh14	4	107.1	16.2	NA	NA	NA	NA	NA	NA	NA
ENSDART00000110373	ZNF414	20	88.1	75.7	22.4	36.5	143.7	155.5	NA	NA	NA
ENSDART00000137611	azin1b	375	52.3	36.4	12.7	20.6	69.9	122.1	30.83	22.05	-0.483556233662
ENSDART00000138050	RBM33	11	21.9	17.8	14.4	16.2	21.8	27.9	NA	NA	NA
ENSDART00000009859	eltd1	2	13.7	13.7	NA	NA	NA	NA	NA	NA	NA
ENSDART00000017075	xiap	69	63.4	34.8	9.1	14.7	101.7	151.0	NA	NA	NA
ENSDART00000077950	gpr61	4	33.7	25.2	NA	NA	NA	NA	NA	NA	NA
ENSDART00000007693	mettl10	26	76.3	46.7	30.8	40.8	106.3	144.5	NA	NA	NA
ENSDART00000049135	CR762436.1	3	5.8	6.1	NA	NA	NA	NA	NA	NA	NA
ENSDART00000022765	riok1	54	55.2	41.5	19.4	25.9	66.5	111.6	23.84	19.24	-0.309275436692
ENSDART00000105004	krt17	312	95.3	88.4	41.5	65.9	120.7	154.4	NA	NA	NA
ENSDART00000124649	alg13	2	13.4	13.4	NA	NA	NA	NA	NA	NA	NA
ENSDART00000016475	VMAC	3	14.5	10.2	NA	NA	NA	NA	NA	NA	NA
ENSDART00000104423	rbbp9	36	38.3	32.8	11.0	18.8	50.9	67.9	21.85	35.91	0.716752373277
ENSDART00000104421	ppt2	29	55.9	35.6	4.7	16.9	90.0	134.3	NA	NA	NA
ENSDART00000104425	dnase1l3	19	80.1	63.3	31.4	41.3	112.8	133.7	NA	NA	NA
ENSDART00000045669	wu:fd11e11	1	113.9	113.9	NA	NA	NA	NA	NA	NA	NA
ENSDART00000115409	MAST2	4	23.4	23.3	NA	NA	NA	NA	NA	NA	NA
ENSDART00000145815	txndc5	149	33.3	31.6	12.6	19.2	46.0	59.4	8.74	63.89	2.86988495479
ENSDART00000111774	supv3l1	77	56.1	34.4	8.8	16.2	84.6	123.6	11.8	11.43	-0.0459614560347
ENSDART00000111777	abca3b	50	44.9	24.2	12.2	16.5	42.0	146.4	7.46	1.45	-2.36312273024
ENSDART00000108473	BX005082.2	41	76.4	61.9	12.8	24.7	123.4	177.9	NA	NA	NA
ENSDART00000108472	SYNPO2L	1	47.8	47.8	NA	NA	NA	NA	NA	NA	NA
ENSDART00000089171	hmha1	8	17.0	14.5	NA	NA	NA	NA	6.1	3.27	-0.899518606952
ENSDART00000081368	adora2ab	22	70.0	57.4	12.8	20.9	119.3	142.1	NA	NA	NA
ENSDART00000122579	CU694221.1	24	22.2	15.0	4.5	6.4	42.5	45.3	NA	NA	NA
ENSDART00000026866	cox4i1	637	71.4	67.0	23.0	40.8	93.1	126.8	178.94	305.42	0.771318616594
ENSDART00000081367	dnaja3a	48	43.9	24.0	12.0	17.8	56.6	129.8	NA	NA	NA
ENSDART00000148595	capn10	4	129.1	118.7	NA	NA	NA	NA	NA	NA	NA
ENSDART00000150719	phrf1	109	36.6	25.6	9.0	14.7	46.0	82.4	17.71	27.77	0.648962965067
ENSDART00000034102	ctssb.2	7	107.4	94.9	NA	NA	NA	NA	NA	NA	NA
ENSDART00000144493	zfyve20	16	76.2	70.1	13.5	24.7	104.9	156.9	NA	NA	NA
ENSDART00000080503	si:dkey-31e10.5	2	120.4	120.4	NA	NA	NA	NA	NA	NA	NA
ENSDART00000081779	ZDHHC3	61	68.1	71.0	24.7	38.7	88.5	123.9	NA	NA	NA
ENSDART00000130673	tp73	2	22.2	22.2	NA	NA	NA	NA	NA	NA	NA
ENSDART00000104768	pnkd	20	81.9	77.8	19.1	38.8	123.9	138.1	NA	NA	NA
ENSDART00000023519	EPS8L1	215	52.9	35.2	11.7	18.7	70.8	119.4	NA	NA	NA
ENSDART00000085846	nkx1.2la	4	51.5	48.7	NA	NA	NA	NA	NA	NA	NA
ENSDART00000104762	slc16a10	56	56.5	40.5	7.8	13.0	84.6	114.9	NA	NA	NA
ENSDART00000006619	rbpms2b	33	23.9	18.5	5.4	9.2	28.7	52.5	NA	NA	NA
ENSDART00000008224	aurka	378	51.5	34.2	6.4	14.6	78.8	120.7	53.83	148.03	1.45940725393
ENSDART00000133976	txnl1	409	76.3	68.8	30.5	47.5	98.2	131.3	54.04	214.39	1.98813803457
ENSDART00000061973	tgfbr1b	4	35.4	27.8	NA	NA	NA	NA	NA	NA	NA
ENSDART00000111617	rbm15	137	56.5	41.5	13.2	22.0	82.6	122.6	14.07	85.45	2.60245816333
ENSDART00000059955	ildr1b	5	13.6	16.7	NA	NA	NA	NA	NA	NA	NA
ENSDART00000111613	FP245444.1	19	22.5	21.5	13.6	16.0	28.4	32.4	NA	NA	NA
ENSDART00000089286	shc2	2	10.8	10.8	NA	NA	NA	NA	NA	NA	NA
ENSDART00000037109	srpk1a	94	60.8	46.3	14.8	23.0	78.7	141.1	22.56	44.97	0.99519581627
ENSDART00000084464	fam155b	1	36.7	36.7	NA	NA	NA	NA	NA	NA	NA
ENSDART00000037450	syncripl	261	33.6	19.2	5.8	10.3	42.6	87.1	19.16	108.2	2.49753103298
ENSDART00000066064	mrpl45	30	66.7	58.4	23.1	31.1	87.5	112.9	NA	NA	NA
ENSDART00000100420	pex11b	54	27.9	19.8	9.0	13.0	35.3	58.6	NA	NA	NA
ENSDART00000037455	ccnd3	28	42.5	42.6	29.1	30.2	55.5	58.8	NA	NA	NA
ENSDART00000064088	vkorc1l1	5	106.4	127.5	NA	NA	NA	NA	NA	NA	NA
ENSDART00000144401	tbc1d32	5	115.0	125.6	NA	NA	NA	NA	NA	NA	NA
ENSDART00000064083	otx1b	78	61.9	37.5	9.5	18.0	104.0	145.4	NA	NA	NA
ENSDART00000002886	exosc9	64	53.1	40.4	13.0	19.6	69.0	117.6	44.87	40.16	-0.159991914726
ENSDART00000018524	pcyt1aa	63	28.3	24.8	9.5	16.9	34.2	48.5	11.24	38.02	1.75811649643
ENSDART00000011785	rad54l	20	47.6	33.4	17.3	19.5	50.7	98.4	8.0	5.47	-0.548459166982
ENSDART00000099869	SLC17A7	1	111.2	111.2	NA	NA	NA	NA	NA	NA	NA
ENSDART00000123483	cs	2	-0.7	-0.7	NA	NA	NA	NA	NA	NA	NA
ENSDART00000099866	kif15	30	112.3	84.0	27.7	57.7	166.1	255.6	10.28	11.0	0.0976632592181
ENSDART00000123487	zgc:153675	197	31.7	23.2	11.3	17.0	39.8	58.6	57.4	63.61	0.14820284962
ENSDART00000123486	CABZ01021450.1	118	67.7	51.0	15.7	28.5	95.9	142.3	NA	NA	NA
ENSDART00000077732	bambia	1032	55.3	38.3	10.1	17.3	83.9	126.2	NA	NA	NA
ENSDART00000124968	rpn2	0	NA	NA	NA	NA	NA	NA	10.33	24.41	1.24063204092
ENSDART00000078545	lmod1	1	203.0	203.0	NA	NA	NA	NA	NA	NA	NA
ENSDART00000029314	col5a2b	1	35.2	35.2	NA	NA	NA	NA	NA	NA	NA
ENSDART00000011025	wipf2b	24	34.1	22.7	4.9	7.2	50.5	79.2	NA	NA	NA
ENSDART00000121885	tgfbr1a	5	45.4	43.0	NA	NA	NA	NA	NA	NA	NA
ENSDART00000121887	mpp2a	3	63.2	8.5	NA	NA	NA	NA	NA	NA	NA
ENSDART00000027115	nob1	75	44.4	33.8	8.0	18.1	56.0	86.2	32.47	110.36	1.76503807207
ENSDART00000114318	bcl2l11	9	62.2	50.0	NA	NA	NA	NA	NA	NA	NA
ENSDART00000109642	tet1	2	14.1	14.1	NA	NA	NA	NA	NA	NA	NA
ENSDART00000041634	msi1	4	131.6	138.5	NA	NA	NA	NA	NA	NA	NA
ENSDART00000014031	dpf2	13	57.7	11.1	3.3	5.9	37.0	233.1	NA	NA	NA
ENSDART00000122686	asb8	18	18.6	14.4	6.1	8.3	19.7	27.1	NA	NA	NA
ENSDART00000110697	dnajc10	25	66.6	47.2	18.4	28.1	110.2	130.9	6.7	10.19	0.604921050821
ENSDART00000122680	CABZ01063556.1	3	82.5	76.2	NA	NA	NA	NA	NA	NA	NA
ENSDART00000121920	WIZ	18	75.6	64.2	12.1	34.8	114.4	157.6	NA	NA	NA
ENSDART00000110698	rbm46	16	16.6	16.4	3.5	8.8	18.3	30.6	NA	NA	NA
ENSDART00000122689	ZFHX2	79	31.0	25.1	10.7	13.6	38.5	67.3	6.79	14.91	1.13479677804
ENSDART00000012483	fam113	142	33.1	30.3	17.2	23.8	38.5	51.6	19.0	34.11	0.844195336395
ENSDART00000074438	cenpi	175	62.5	45.6	11.8	20.8	97.5	138.4	13.85	50.97	1.87976237697
ENSDART00000131909	ppapdc3	4	30.9	26.6	NA	NA	NA	NA	NA	NA	NA
ENSDART00000126219	ccdc6b	34	46.8	23.3	9.0	14.9	56.5	122.6	NA	NA	NA
ENSDART00000056405	magoh	1137	75.2	68.1	33.6	46.8	97.3	129.8	271.15	923.06	1.76733325746
ENSDART00000126215	dap1b	4	61.3	45.0	NA	NA	NA	NA	NA	NA	NA
ENSDART00000102411	dctn1b	1	123.2	123.2	NA	NA	NA	NA	NA	NA	NA
ENSDART00000126211	CR548630.2	5	87.7	80.2	NA	NA	NA	NA	NA	NA	NA
ENSDART00000123818	thop1	5	22.9	19.5	NA	NA	NA	NA	NA	NA	NA
ENSDART00000113929	rbm25	115	64.7	50.9	21.3	31.4	86.0	140.0	61.0	119.82	0.973987590828
ENSDART00000032481	ckma	2	33.3	33.3	NA	NA	NA	NA	NA	NA	NA
ENSDART00000044184	NOP14	319	81.6	67.1	20.8	38.5	112.0	156.2	85.98	72.37	-0.248609338713
ENSDART00000063944	tmem30ab	37	55.9	32.1	9.5	13.2	102.3	127.1	NA	NA	NA
ENSDART00000113923	PKN2	25	31.4	19.1	1.7	11.9	46.8	76.5	NA	NA	NA
ENSDART00000146234	apopt1	25	33.7	22.4	8.2	12.9	32.1	40.4	NA	NA	NA
ENSDART00000146237	fsta	1	12.4	12.4	NA	NA	NA	NA	NA	NA	NA
ENSDART00000113926	zgc:100918	85	47.8	40.3	14.9	22.8	62.9	82.6	20.35	59.6	1.5502835362
ENSDART00000036277	hdac4	5	24.9	13.9	NA	NA	NA	NA	NA	NA	NA
ENSDART00000113924	BX255895.1	1	132.2	132.2	NA	NA	NA	NA	NA	NA	NA
ENSDART00000082457	CABZ01074081.1	2	18.5	18.5	NA	NA	NA	NA	NA	NA	NA
ENSDART00000082454	C19H1orf85	19	42.6	17.4	8.5	12.2	34.2	122.4	NA	NA	NA
ENSDART00000085335	zdhhc9	10	60.7	46.8	16.1	27.6	103.9	107.5	NA	NA	NA
ENSDART00000059400	C18H3orf33	2	99.8	99.8	NA	NA	NA	NA	NA	NA	NA
ENSDART00000082458	sarnp	531	61.2	55.0	25.3	35.9	75.9	102.2	344.07	496.46	0.528975377136
ENSDART00000051526	jmjd7	9	26.6	20.3	NA	NA	NA	NA	NA	NA	NA
ENSDART00000041942	tspan2	3	23.2	9.5	NA	NA	NA	NA	NA	NA	NA
ENSDART00000002962	eef1da	42	36.9	39.6	9.3	24.0	47.7	60.9	136.35	19.88	-2.77792503824
ENSDART00000124065	ZNF407	23	59.6	48.7	7.3	11.1	89.9	148.3	4.63	20.72	2.16193990443
ENSDART00000002961	rcor2	140	62.2	45.1	11.7	22.0	95.2	134.2	10.88	35.32	1.6988067864
ENSDART00000038301	gnpda2	184	63.2	57.0	23.0	32.7	84.4	115.3	NA	NA	NA
ENSDART00000093017	perp	273	87.9	86.4	38.1	60.1	111.2	147.0	NA	NA	NA
ENSDART00000151007	orc4	13	39.6	28.5	13.1	17.9	52.0	70.0	10.94	6.97	-0.650382176924
ENSDART00000134990	si:dkey-191j3.3	7	42.6	24.8	NA	NA	NA	NA	NA	NA	NA
ENSDART00000083857	CCNJ	5	17.7	16.8	NA	NA	NA	NA	NA	NA	NA
ENSDART00000010190	POR	37	41.3	28.4	3.6	14.8	50.0	104.6	NA	NA	NA
ENSDART00000078746	ccdc157	3	23.7	25.3	NA	NA	NA	NA	NA	NA	NA
ENSDART00000034817	rbm28	121	74.7	62.0	11.3	26.1	111.3	149.1	34.39	63.31	0.880444279697
ENSDART00000036419	vrk2	11	21.7	18.9	14.3	15.8	20.0	41.2	NA	NA	NA
ENSDART00000046360	rhoua	2	181.7	181.7	NA	NA	NA	NA	NA	NA	NA
ENSDART00000013563	atf7a	10	88.8	86.3	28.4	51.9	118.2	162.9	NA	NA	NA
ENSDART00000100848	CYTH2	157	55.2	34.2	6.4	16.4	82.0	134.1	NA	NA	NA
ENSDART00000100849	cask	34	42.6	23.9	6.3	13.1	56.5	116.0	8.06	8.59	0.0918782926105
ENSDART00000066303	mrpl10	8	40.6	41.7	NA	NA	NA	NA	NA	NA	NA
ENSDART00000141373	si:rp71-36a1.1	2	38.3	38.3	NA	NA	NA	NA	NA	NA	NA
ENSDART00000066307	elac1	89	35.5	33.5	13.1	21.3	46.4	56.7	73.89	19.45	-1.92560897335
ENSDART00000028634	cherp	406	63.6	49.5	18.4	31.3	82.7	131.5	49.14	125.06	1.34765065955
ENSDART00000151853	btbd10a	126	64.8	57.2	11.5	25.2	85.3	127.2	20.78	26.55	0.353516206787
ENSDART00000055171	grapa	2	14.0	14.0	NA	NA	NA	NA	NA	NA	NA
ENSDART00000055170	cln3	4	75.0	69.1	NA	NA	NA	NA	NA	NA	NA
ENSDART00000111324	zgc:193807	4	52.4	36.8	NA	NA	NA	NA	NA	NA	NA
ENSDART00000043899	retsatl	140	48.5	46.6	14.1	26.5	71.0	81.2	28.24	16.36	-0.787567340329
ENSDART00000014296	foxa2	103	79.5	70.5	11.4	30.1	109.8	174.9	NA	NA	NA
ENSDART00000055176	epn2	268	81.1	73.8	16.8	39.7	117.8	156.8	NA	NA	NA
ENSDART00000105644	uchl5	78	56.9	46.4	12.0	21.3	82.2	119.2	30.45	57.65	0.920878379745
ENSDART00000024629	RAB31	1	30.5	30.5	NA	NA	NA	NA	NA	NA	NA
ENSDART00000141481	immp2l	67	43.3	39.3	19.4	28.3	51.9	76.7	26.36	29.69	0.171626722979
ENSDART00000048130	stard10	453	54.8	42.3	12.3	19.6	78.8	120.0	49.39	257.91	2.38457683831
ENSDART00000032880	rpa1	71	71.8	67.4	21.0	35.6	102.3	132.4	19.45	83.45	2.10114189438
ENSDART00000093277	ppm1h	14	27.7	24.8	12.2	20.1	33.1	46.7	NA	NA	NA
ENSDART00000051849	slc25a11	168	33.0	27.4	10.1	17.1	44.9	61.7	13.98	63.97	2.19403112255
ENSDART00000139922	tk1	7	24.5	17.6	NA	NA	NA	NA	NA	NA	NA
ENSDART00000125748	apoa1b	78	124.7	123.3	91.9	106.5	143.6	160.5	NA	NA	NA
ENSDART00000009223	pdcd4b	16	23.7	21.0	3.2	8.4	31.8	53.2	NA	NA	NA
ENSDART00000040542	ARHGEF12	23	77.5	44.5	16.1	23.4	133.7	159.8	6.92	3.79	-0.868574189466
ENSDART00000021985	ankdd1a	3	24.5	28.2	NA	NA	NA	NA	NA	NA	NA
ENSDART00000139924	golph3l	49	78.8	46.5	8.1	19.2	139.2	169.9	NA	NA	NA
ENSDART00000083271	agmat	11	48.1	43.4	18.8	27.4	63.0	77.6	NA	NA	NA
ENSDART00000109486	GPRC5B	2	21.0	21.0	NA	NA	NA	NA	NA	NA	NA
ENSDART00000139824	rasa1a	48	40.8	27.1	9.9	18.8	40.5	102.4	5.25	7.82	0.574851184754
ENSDART00000078119	ino80c	44	45.4	28.7	6.4	13.5	73.3	101.2	18.32	18.66	0.0265294827548
ENSDART00000045329	zgc:158387	434	86.5	86.8	32.3	55.5	114.0	141.8	76.53	293.03	1.93695106853
ENSDART00000130477	snai1a	68	50.6	36.2	10.6	16.2	75.1	105.8	106.32	590.84	2.47435449046
ENSDART00000013743	gorasp2	130	62.6	51.0	14.7	23.7	91.2	120.6	21.49	48.17	1.16446944116
ENSDART00000037025	slc39a10	94	52.4	35.6	9.3	19.8	78.7	120.3	5.76	17.84	1.63097489848
ENSDART00000005732	ehd1a	62	52.7	45.2	8.6	29.5	73.8	99.4	7.79	53.29	2.7741695997
ENSDART00000005733	tma16	187	76.7	65.8	22.5	41.6	108.7	145.6	113.92	167.69	0.557775606593
ENSDART00000130478	MYOM2	12	52.5	40.6	35.9	37.3	49.6	53.6	NA	NA	NA
ENSDART00000021092	snx27b	32	34.2	19.6	5.8	14.0	45.7	88.4	8.23	10.49	0.350050342156
ENSDART00000092277	fam134a	14	34.7	17.5	5.8	12.6	55.1	85.1	NA	NA	NA
ENSDART00000092274	rfx5	27	83.6	69.8	9.8	25.7	120.8	187.8	NA	NA	NA
ENSDART00000101461	epyc	15	51.4	47.8	19.1	26.4	78.5	90.4	NA	NA	NA
ENSDART00000101462	mrps18c	55	62.1	36.1	10.9	19.3	92.5	142.7	NA	NA	NA
ENSDART00000105614	dennd1b	3	9.6	16.0	NA	NA	NA	NA	NA	NA	NA
ENSDART00000039145	inip	141	47.9	36.3	8.1	17.5	66.6	101.6	NA	NA	NA
ENSDART00000021672	epc2	121	45.2	26.1	8.3	16.1	63.5	121.6	17.47	16.66	-0.0684912075512
ENSDART00000109668	BCL10	1	147.3	147.3	NA	NA	NA	NA	NA	NA	NA
ENSDART00000109665	ppm1g	772	74.4	69.7	27.6	46.3	97.0	125.8	130.8	452.01	1.78899214948
ENSDART00000058460	utp11l	264	70.2	60.4	14.4	30.4	98.5	134.3	83.21	164.07	0.979482644027
ENSDART00000082390	tmem37	1	15.3	15.3	NA	NA	NA	NA	NA	NA	NA
ENSDART00000130692	cry1a	10	54.3	40.3	12.4	18.2	81.3	112.2	NA	NA	NA
ENSDART00000130691	tnfrsf21	7	45.1	38.2	NA	NA	NA	NA	NA	NA	NA
ENSDART00000130696	myeov2	174	80.2	73.9	26.7	42.1	109.7	151.6	NA	NA	NA
ENSDART00000100925	mxtx1	93	49.2	34.0	6.0	11.7	61.1	129.1	NA	NA	NA
ENSDART00000097574	ncor1	235	94.9	81.7	17.0	33.4	145.8	194.9	14.85	27.28	0.877380713336
ENSDART00000092053	chkb	16	89.3	79.5	26.1	48.7	121.6	161.9	NA	NA	NA
ENSDART00000003240	map1lc3b	341	55.4	47.0	15.0	25.4	75.2	108.4	NA	NA	NA
ENSDART00000050445	trim2a	2	42.9	42.9	NA	NA	NA	NA	NA	NA	NA
ENSDART00000086220	mctp1b	3	22.3	24.1	NA	NA	NA	NA	NA	NA	NA
ENSDART00000092058	chtf18	50	36.4	23.5	9.7	14.0	33.9	88.6	16.31	25.0	0.616171312838
ENSDART00000112447	il13ra1	1	60.6	60.6	NA	NA	NA	NA	NA	NA	NA
ENSDART00000112445	tenc1a	3	111.1	109.7	NA	NA	NA	NA	NA	NA	NA
ENSDART00000112443	SYPL1	1	114.4	114.4	NA	NA	NA	NA	NA	NA	NA
ENSDART00000141575	lipin2	3	23.2	9.8	NA	NA	NA	NA	NA	NA	NA
ENSDART00000029727	atg5	30	23.3	17.7	6.1	10.7	26.6	50.5	NA	NA	NA
ENSDART00000086333	jarid2a	5	69.1	66.1	NA	NA	NA	NA	NA	NA	NA
ENSDART00000073957	slc35d1a	110	86.1	86.7	13.3	41.3	132.6	150.6	NA	NA	NA
ENSDART00000029720	nudt15	22	28.0	23.7	12.9	17.9	30.0	53.2	NA	NA	NA
ENSDART00000099089	ggcx	69	39.3	34.6	15.4	21.7	53.6	72.3	NA	NA	NA
ENSDART00000080777	mrpl28	87	65.1	63.8	13.5	26.5	93.5	122.5	51.63	48.09	-0.102472671886
ENSDART00000080771	SLC6A16	38	78.2	77.0	14.9	31.3	113.8	147.4	NA	NA	NA
ENSDART00000077707	LLPH	178	83.0	79.3	29.5	52.8	107.8	144.2	NA	NA	NA
ENSDART00000101070	dachd	4	26.3	24.8	NA	NA	NA	NA	NA	NA	NA
ENSDART00000047719	cacna1ba	1	9.9	9.9	NA	NA	NA	NA	NA	NA	NA
ENSDART00000101079	neurla	2	64.1	64.1	NA	NA	NA	NA	NA	NA	NA
ENSDART00000008663	adam10b	1	15.5	15.5	NA	NA	NA	NA	6.02	1.86	-1.69446086565
ENSDART00000079255	utp3	166	51.2	40.7	8.7	20.5	74.9	105.3	52.94	94.38	0.834122976641
ENSDART00000111189	gar1	545	91.5	90.3	30.9	52.7	124.9	151.1	209.16	262.99	0.330400967853
ENSDART00000053187	stk35l	130	41.6	29.3	4.7	12.5	56.4	95.7	13.78	28.75	1.06098606801
ENSDART00000006429	hibadhb	33	50.8	29.8	11.8	15.4	56.8	127.5	NA	NA	NA
ENSDART00000111184	utp18	128	91.1	85.4	19.8	35.1	127.3	163.8	57.74	50.04	-0.20648931807
ENSDART00000091508	FAM83G	49	46.5	31.8	6.4	11.3	60.0	124.0	NA	NA	NA
ENSDART00000114691	MCM8	14	83.2	75.0	20.7	31.1	131.1	153.4	NA	NA	NA
ENSDART00000138333	CABZ01032468.1	8	66.7	66.5	NA	NA	NA	NA	NA	NA	NA
ENSDART00000138334	ppp2r2a	254	77.6	70.5	17.4	32.5	112.1	153.3	22.96	77.75	1.75972003323
ENSDART00000044812	C12H17orf70	15	48.4	25.3	9.0	12.2	59.0	138.0	NA	NA	NA
ENSDART00000017240	postna	1	41.0	41.0	NA	NA	NA	NA	NA	NA	NA
ENSDART00000132836	nxpe3	24	45.0	40.1	14.9	21.4	54.3	95.7	NA	NA	NA
ENSDART00000053183	tab1	15	72.2	48.9	15.1	25.6	109.3	132.6	10.53	3.46	-1.60566149339
ENSDART00000062532	nhsl1b	174	78.5	73.2	9.9	31.0	110.7	146.4	NA	NA	NA
ENSDART00000127669	prox1b	7	23.0	23.8	NA	NA	NA	NA	NA	NA	NA
ENSDART00000064752	unc13ba	1	108.8	108.8	NA	NA	NA	NA	NA	NA	NA
ENSDART00000112597	wu:fi27d05	4	23.0	22.7	NA	NA	NA	NA	NA	NA	NA
ENSDART00000062534	b3galt2	16	31.4	14.6	3.0	6.9	24.0	90.6	NA	NA	NA
ENSDART00000127662	CT573348.1	7	32.6	24.9	NA	NA	NA	NA	NA	NA	NA
ENSDART00000084664	AL929322.1	3	6.3	4.5	NA	NA	NA	NA	NA	NA	NA
ENSDART00000127666	poll	30	50.3	27.8	10.9	15.0	65.0	147.6	6.3	9.1	0.530514716699
ENSDART00000034302	GRINA	48	30.0	20.0	6.6	13.8	32.0	64.5	NA	NA	NA
ENSDART00000022379	nr2f6a	5	25.8	8.1	NA	NA	NA	NA	NA	NA	NA
ENSDART00000136539	CENPT	10	74.9	82.5	5.5	15.8	122.1	149.6	15.47	24.76	0.678538117765
ENSDART00000060971	dcun1d2	1	15.7	15.7	NA	NA	NA	NA	NA	NA	NA
ENSDART00000049831	dhrs11b	1	114.8	114.8	NA	NA	NA	NA	NA	NA	NA
ENSDART00000131126	bcl6a	22	34.7	20.5	7.6	12.0	56.1	82.3	NA	NA	NA
ENSDART00000008595	tra2a	941	87.6	87.2	23.7	50.8	118.2	146.7	167.87	845.2	2.33194833758
ENSDART00000008590	itpk1	26	50.3	44.0	8.8	21.9	76.0	93.5	NA	NA	NA
ENSDART00000008593	yipf5	355	27.6	21.6	9.9	13.9	34.3	49.8	24.67	110.89	2.16829964916
ENSDART00000081196	scinlb	55	87.9	79.4	17.6	36.9	125.8	180.1	NA	NA	NA
ENSDART00000016597	nfkbiab	162	77.2	67.4	15.8	25.7	119.8	151.7	22.46	50.86	1.17917353429
ENSDART00000016592	mmgt1	355	38.0	29.6	12.8	19.7	47.3	68.0	43.91	129.72	1.56277948933
ENSDART00000076478	dhrs1	2	21.5	21.5	NA	NA	NA	NA	NA	NA	NA
ENSDART00000016591	fgf6a	1	13.3	13.3	NA	NA	NA	NA	NA	NA	NA
ENSDART00000113316	HEATR6	12	33.9	31.6	6.9	15.8	47.0	50.8	2.96	1.9	-0.639597757298
ENSDART00000114473	TRAFD1	4	120.3	38.3	NA	NA	NA	NA	NA	NA	NA
ENSDART00000025423	cstf3	626	64.0	54.9	18.7	31.9	87.3	120.9	103.36	410.2	1.98864951667
ENSDART00000023449	pygl	74	36.4	34.1	12.9	21.8	49.7	57.8	14.45	9.08	-0.670305290097
ENSDART00000113318	SDK2	1	18.3	18.3	NA	NA	NA	NA	NA	NA	NA
ENSDART00000057559	gak	1	2.9	2.9	NA	NA	NA	NA	NA	NA	NA
ENSDART00000110364	tti2	3	54.9	38.4	NA	NA	NA	NA	NA	NA	NA
ENSDART00000110365	ADCY3	1	12.0	12.0	NA	NA	NA	NA	NA	NA	NA
ENSDART00000110366	zbtb22b	24	59.8	39.6	10.0	17.1	95.6	148.9	NA	NA	NA
ENSDART00000091159	adpgk2	94	71.5	68.5	15.2	27.8	106.9	133.7	NA	NA	NA
ENSDART00000080486	ywhag1	7	50.3	37.1	NA	NA	NA	NA	NA	NA	NA
ENSDART00000097194	serinc5	139	74.0	63.4	17.2	32.8	109.4	137.4	NA	NA	NA
ENSDART00000150039	kcnc2	1	15.2	15.2	NA	NA	NA	NA	NA	NA	NA
ENSDART00000149153	sacs	1	24.9	24.9	NA	NA	NA	NA	NA	NA	NA
ENSDART00000131740	BX000999.5	23	79.6	58.4	24.2	34.0	126.6	145.7	NA	NA	NA
ENSDART00000150156	tap1	3	28.9	31.2	NA	NA	NA	NA	NA	NA	NA
ENSDART00000127271	C5H11orf1	1	101.1	101.1	NA	NA	NA	NA	NA	NA	NA
ENSDART00000090107	nrd1	13	24.3	22.9	8.1	11.6	35.4	37.8	NA	NA	NA
ENSDART00000113547	CT867973.1	2	12.6	12.6	NA	NA	NA	NA	NA	NA	NA
ENSDART00000052104	fuca1	237	82.8	75.8	31.2	49.1	110.6	139.6	49.75	40.92	-0.281890380573
ENSDART00000123568	pmela	2	151.6	151.6	NA	NA	NA	NA	NA	NA	NA
ENSDART00000049434	scamp4	16	27.7	23.1	16.6	17.7	27.7	44.7	NA	NA	NA
ENSDART00000141767	ccdc77	105	57.4	44.7	11.5	23.8	78.0	126.6	41.74	18.08	-1.20703592274
ENSDART00000141057	C13H6orf203	16	32.1	25.9	12.7	14.6	30.2	48.3	NA	NA	NA
ENSDART00000115253	qars	55	53.5	29.1	10.5	19.0	71.1	133.6	10.83	20.22	0.900749754295
ENSDART00000115250	usp25	124	55.2	41.1	14.5	22.1	79.8	120.6	14.69	43.45	1.56452178115
ENSDART00000063950	psmc1b	100	85.0	81.8	22.7	36.6	126.1	158.0	34.12	53.0	0.63537471302
ENSDART00000148792	GPR89B	8	50.2	26.7	NA	NA	NA	NA	NA	NA	NA
ENSDART00000063779	efhd1	177	63.1	50.3	17.2	33.9	80.4	127.7	50.28	244.1	2.27941574025
ENSDART00000063959	fam102aa	40	22.2	13.1	2.6	8.2	28.5	42.2	NA	NA	NA
ENSDART00000140145	ajap1	1	61.0	61.0	NA	NA	NA	NA	NA	NA	NA
ENSDART00000100214	nufip2	46	56.8	46.3	5.0	13.9	81.2	124.0	NA	NA	NA
ENSDART00000123519	ube2e1	444	86.0	83.1	24.5	44.4	117.6	148.0	170.58	409.91	1.26485868096
ENSDART00000140146	si:ch73-27e22.3	1	4.7	4.7	NA	NA	NA	NA	NA	NA	NA
ENSDART00000041192	lyrm2	6	55.5	55.1	NA	NA	NA	NA	NA	NA	NA
ENSDART00000098357	slc39a6	69	37.9	30.8	12.1	17.7	45.5	78.3	24.03	17.2	-0.48242808354
ENSDART00000081827	ect2	28	45.1	24.2	8.7	12.3	67.5	114.8	3.53	11.16	1.66059693856
ENSDART00000098350	si:dkey-24l11.3	11	32.5	29.8	22.4	24.7	40.8	45.6	NA	NA	NA
ENSDART00000142016	ptrh2	89	35.0	28.1	11.4	18.5	45.3	67.6	25.12	53.29	1.08502836887
ENSDART00000038155	ccne2	238	56.4	38.2	6.2	13.6	86.1	143.4	NA	NA	NA
ENSDART00000110751	tiam1a	51	76.7	69.6	6.8	19.6	118.4	169.6	NA	NA	NA
ENSDART00000006021	usp20	3	52.1	41.3	NA	NA	NA	NA	NA	NA	NA
ENSDART00000007482	TSPYL1	85	35.4	27.5	10.3	16.1	45.9	68.8	11.25	37.63	1.74195828796
ENSDART00000098239	ftr83	1078	72.0	64.2	15.8	33.8	102.4	138.8	NA	NA	NA
ENSDART00000007487	apip	123	86.1	83.1	41.9	57.9	106.7	144.1	NA	NA	NA
ENSDART00000031141	polr3g	1	28.4	28.4	NA	NA	NA	NA	NA	NA	NA
ENSDART00000106329	zgc:173726	19	54.8	50.1	12.3	17.4	89.9	114.2	NA	NA	NA
ENSDART00000064748	NRBF2	3	37.7	16.8	NA	NA	NA	NA	NA	NA	NA
ENSDART00000027829	erc1b	6	18.4	13.1	NA	NA	NA	NA	NA	NA	NA
ENSDART00000080997	ZDHHC20	33	42.8	24.4	3.5	15.1	45.3	102.9	NA	NA	NA
ENSDART00000007237	nrcam	1	66.3	66.3	NA	NA	NA	NA	NA	NA	NA
ENSDART00000027850	slc35e1	83	58.4	43.2	14.6	23.9	69.3	116.8	NA	NA	NA
ENSDART00000016628	fam129bb	8	42.7	26.3	NA	NA	NA	NA	NA	NA	NA
ENSDART00000130994	CABZ01102038.1	43	52.3	27.9	8.8	18.3	79.5	126.5	NA	NA	NA
ENSDART00000039871	clasp2	77	64.6	39.3	17.4	25.2	91.6	149.6	10.96	24.02	1.13198835275
ENSDART00000075286	slc2a15b	1	22.2	22.2	NA	NA	NA	NA	NA	NA	NA
ENSDART00000075281	zgc:113372	49	45.6	28.3	9.9	18.3	60.4	97.6	NA	NA	NA
ENSDART00000025120	ndc1	299	47.3	36.3	15.1	23.9	56.3	103.9	36.88	56.95	0.626857186166
ENSDART00000075750	zgc:175135	25	27.5	19.3	4.0	8.0	48.8	55.4	NA	NA	NA
ENSDART00000075757	gtf2a2	213	40.7	32.7	9.0	17.0	57.8	84.2	111.96	129.54	0.210414257171
ENSDART00000132168	znf410	6	44.8	48.4	NA	NA	NA	NA	NA	NA	NA
ENSDART00000026189	cog2	51	75.5	58.1	16.8	22.7	119.3	157.9	6.86	7.45	0.119031849177
ENSDART00000132164	hira	47	46.4	21.2	1.6	7.1	72.4	137.4	9.63	17.43	0.855964866282
ENSDART00000113210	CLDN18	9	46.4	45.3	NA	NA	NA	NA	NA	NA	NA
ENSDART00000012903	wdr12	120	51.1	28.8	7.4	15.8	78.1	118.4	20.11	49.59	1.30213614371
ENSDART00000147886	cd82b	86	39.3	25.8	13.4	19.4	48.5	81.7	NA	NA	NA
ENSDART00000125538	PBX1	13	70.0	57.4	14.4	25.0	125.2	145.0	NA	NA	NA
ENSDART00000147089	grik1a	20	23.6	22.4	10.9	17.6	29.4	33.1	NA	NA	NA
ENSDART00000122742	rorcb	4	41.5	39.5	NA	NA	NA	NA	NA	NA	NA
ENSDART00000122212	casp2	6	55.9	19.2	NA	NA	NA	NA	NA	NA	NA
ENSDART00000122747	tmem30aa	28	41.5	24.2	6.1	12.4	40.6	120.3	NA	NA	NA
ENSDART00000122217	acy3.2	44	74.9	58.3	15.4	25.7	111.7	159.3	NA	NA	NA
ENSDART00000132175	nadl1.1	1	163.8	163.8	NA	NA	NA	NA	NA	NA	NA
ENSDART00000134695	si:ch73-18b11.1	256	47.8	41.3	12.5	24.2	65.9	91.2	NA	NA	NA
ENSDART00000040955	slc25a48	5	43.1	15.4	NA	NA	NA	NA	NA	NA	NA
ENSDART00000134690	eif2ak1	28	56.8	37.9	12.0	16.1	86.7	125.4	NA	NA	NA
ENSDART00000010052	ppifa	8	19.2	19.3	NA	NA	NA	NA	NA	NA	NA
ENSDART00000129834	NAT16	1	16.7	16.7	NA	NA	NA	NA	NA	NA	NA
ENSDART00000103748	gdpd3a	23	132.6	115.6	34.1	67.7	194.8	233.3	NA	NA	NA
ENSDART00000088358	znf704	1	80.8	80.8	NA	NA	NA	NA	NA	NA	NA
ENSDART00000129836	C11H19orf25	1	70.3	70.3	NA	NA	NA	NA	NA	NA	NA
ENSDART00000066198	rab9a	47	47.4	40.8	14.1	24.8	60.1	89.8	50.71	9.57	-2.40567944458
ENSDART00000018503	sucla2	194	44.2	35.1	15.5	22.7	52.1	92.3	NA	NA	NA
ENSDART00000088578	si:dkey-13n15.2	2	14.6	14.6	NA	NA	NA	NA	NA	NA	NA
ENSDART00000057945	atpv0e1	185	58.8	41.8	13.8	23.6	78.6	130.5	NA	NA	NA
ENSDART00000103746	mapk3	295	67.4	52.7	17.5	30.3	95.4	133.1	27.3	152.71	2.48382168183
ENSDART00000146937	si:ch1073-412h12.1	16	34.8	19.1	7.5	13.0	36.4	101.3	NA	NA	NA
ENSDART00000128837	grin2da	1	5.6	5.6	NA	NA	NA	NA	NA	NA	NA
ENSDART00000135924	dhrs7b	7	22.0	12.8	NA	NA	NA	NA	NA	NA	NA
ENSDART00000135921	tctn2	21	93.5	79.2	10.6	34.4	141.9	159.3	NA	NA	NA
ENSDART00000112204	TRAK2	26	70.5	60.4	10.6	16.6	121.0	155.7	NA	NA	NA
ENSDART00000152777	myo1c	17	68.7	48.9	3.5	18.2	91.2	150.0	NA	NA	NA
ENSDART00000055767	e4f1	64	45.9	23.1	11.9	14.7	51.1	118.4	10.62	16.62	0.646136615966
ENSDART00000025989	acvr2ab	50	65.5	41.8	12.2	17.0	86.9	147.1	NA	NA	NA
ENSDART00000014190	sec31b	95	31.4	22.2	7.8	13.2	38.2	52.3	11.67	30.07	1.36552030687
ENSDART00000127740	CTIF	15	39.6	40.1	13.9	23.9	49.1	73.1	24.13	11.36	-1.08686508071
ENSDART00000090548	CABZ01002626.1	1	6.1	6.1	NA	NA	NA	NA	NA	NA	NA
ENSDART00000037664	nnt	179	42.5	33.6	15.1	24.9	51.4	74.1	13.01	62.77	2.27045424687
ENSDART00000030811	cables2b	2	6.6	6.6	NA	NA	NA	NA	NA	NA	NA
ENSDART00000081643	akirin2	639	58.0	45.8	9.4	19.1	86.4	128.4	76.73	286.45	1.90042067776
ENSDART00000132591	si:ch211-191i18.4	356	53.9	41.7	11.1	20.6	78.3	119.8	NA	NA	NA
ENSDART00000050177	snx30	155	52.9	39.8	12.0	22.3	73.9	111.5	16.63	60.31	1.85860906657
ENSDART00000067512	psma4	340	84.8	81.1	26.2	52.0	111.9	148.7	111.13	167.23	0.589585350207
ENSDART00000083464	DENND4B	1	6.4	6.4	NA	NA	NA	NA	3.57	0.77	-2.21299372333
ENSDART00000042297	kdelc1	5	63.5	75.2	NA	NA	NA	NA	NA	NA	NA
ENSDART00000055711	CABZ01030889.1	3	120.7	147.7	NA	NA	NA	NA	NA	NA	NA
ENSDART00000036649	sfxn2	87	71.9	56.3	19.5	31.7	89.9	142.7	NA	NA	NA
ENSDART00000074082	znf644b	2	15.8	15.8	NA	NA	NA	NA	NA	NA	NA
ENSDART00000074083	si:ch73-131e21.5	118	47.6	30.7	14.9	20.4	53.5	93.5	33.39	50.02	0.583088964118
ENSDART00000074085	zp2.3	138	67.8	69.8	37.0	57.3	82.4	90.0	NA	NA	NA
ENSDART00000104248	lrrc15	92	75.0	69.5	17.3	32.6	116.7	132.9	NA	NA	NA
ENSDART00000129337	C25H1orf51	5	34.6	15.0	NA	NA	NA	NA	NA	NA	NA
ENSDART00000082847	FAM78A	6	18.6	18.5	NA	NA	NA	NA	NA	NA	NA
ENSDART00000131924	fam222a	15	69.8	68.8	9.6	30.2	105.5	128.7	NA	NA	NA
ENSDART00000078283	tex10	132	66.1	45.4	15.3	26.8	88.5	152.4	30.48	34.62	0.183742821873
ENSDART00000103293	ndufa5	144	65.7	58.7	16.4	32.2	85.1	126.4	NA	NA	NA
ENSDART00000056896	dnajb4	2	43.4	43.4	NA	NA	NA	NA	NA	NA	NA
ENSDART00000045414	KCTD15	4	105.9	124.5	NA	NA	NA	NA	NA	NA	NA
ENSDART00000148974	keap1b	62	74.4	60.3	14.5	26.1	104.7	158.1	29.43	5.86	-2.32831497252
ENSDART00000139524	arl16	30	96.0	78.4	40.9	54.1	120.8	155.6	NA	NA	NA
ENSDART00000111403	ciz1b	5	73.3	104.0	NA	NA	NA	NA	NA	NA	NA
ENSDART00000081459	pdp2	17	56.0	35.1	10.9	12.7	80.5	118.4	NA	NA	NA
ENSDART00000122734	cebpd	19	81.6	83.1	9.9	18.4	130.9	164.4	NA	NA	NA
ENSDART00000059140	slc25a20	121	33.7	22.4	7.0	12.1	41.3	83.9	26.49	45.92	0.793674798306
ENSDART00000041577	kif7	30	47.8	28.0	13.1	18.7	49.1	108.2	16.21	9.39	-0.787687027864
ENSDART00000008043	gpr98	11	73.5	53.8	9.5	33.5	118.4	140.7	NA	NA	NA
ENSDART00000041578	stx12	35	35.0	25.0	7.6	9.8	49.5	77.3	NA	NA	NA
ENSDART00000014379	uqcrc2b	119	39.5	28.3	8.0	15.2	56.2	87.1	37.02	82.57	1.15731281001
ENSDART00000059143	usp22	26	59.5	29.7	2.6	13.5	101.3	143.2	11.41	11.46	0.00630825246822
ENSDART00000101582	pcgf6	36	70.4	54.2	11.1	14.8	108.1	133.1	NA	NA	NA
ENSDART00000132216	si:dkey-7o6.3	2	98.0	98.0	NA	NA	NA	NA	NA	NA	NA
ENSDART00000101580	nicn1	10	30.9	19.9	10.0	14.5	44.1	55.1	NA	NA	NA
ENSDART00000004908	sorbs1	1	121.5	121.5	NA	NA	NA	NA	NA	NA	NA
ENSDART00000098904	cpeb1b	30	20.7	15.7	4.7	9.7	28.8	41.5	NA	NA	NA
ENSDART00000080665	IKBIP	30	68.8	38.9	7.5	18.9	113.7	170.8	NA	NA	NA
ENSDART00000102929	casc5	97	76.7	70.1	11.7	29.9	122.9	150.9	10.72	21.4	0.997305890831
ENSDART00000057613	il13ra2	10	37.1	24.3	8.4	12.5	45.2	80.2	NA	NA	NA
ENSDART00000057611	oprm1	2	21.8	21.8	NA	NA	NA	NA	NA	NA	NA
ENSDART00000013976	ppp1r13l	8	60.1	65.6	NA	NA	NA	NA	NA	NA	NA
ENSDART00000074883	ARHGAP23	4	93.3	109.8	NA	NA	NA	NA	NA	NA	NA
ENSDART00000143079	si:ch211-226h8.11	56	57.5	56.7	36.9	44.4	67.6	77.8	NA	NA	NA
ENSDART00000013972	AIM1L	12	130.6	124.7	47.8	103.4	191.8	202.9	NA	NA	NA
ENSDART00000113552	CABZ01023423.1	6	14.9	12.3	NA	NA	NA	NA	NA	NA	NA
ENSDART00000113551	trim2b	9	55.4	28.8	NA	NA	NA	NA	NA	NA	NA
ENSDART00000078755	drd7	1	48.5	48.5	NA	NA	NA	NA	NA	NA	NA
ENSDART00000003957	tia1l	577	80.6	78.8	23.3	45.7	109.8	137.6	52.42	1024.8	4.2890812169
ENSDART00000027329	fth1a	3623	74.2	68.5	28.5	44.1	95.8	126.1	1435.83	195.35	-2.87775178583
ENSDART00000007997	acaa1	9	60.7	52.1	NA	NA	NA	NA	NA	NA	NA
ENSDART00000124370	CROCC	5	67.7	47.5	NA	NA	NA	NA	NA	NA	NA
ENSDART00000011822	slc10a2	1	68.8	68.8	NA	NA	NA	NA	NA	NA	NA
ENSDART00000124378	CR382281.1	2	31.6	31.6	NA	NA	NA	NA	NA	NA	NA
ENSDART00000133281	si:ch73-52f15.5	2	105.2	105.2	NA	NA	NA	NA	NA	NA	NA
ENSDART00000059619	fkbp14	45	60.1	53.2	15.3	21.3	88.8	113.8	NA	NA	NA
ENSDART00000062237	ankrd13c	138	78.6	66.1	10.0	29.3	115.1	152.5	NA	NA	NA
ENSDART00000127874	ccnd2b	2	45.3	45.3	NA	NA	NA	NA	NA	NA	NA
ENSDART00000127875	bmp1a	23	56.4	47.0	15.4	28.7	76.7	108.0	10.13	20.69	1.03029947106
ENSDART00000127872	BX572619.4	8	117.7	140.8	NA	NA	NA	NA	NA	NA	NA
ENSDART00000058945	zgc:92590	2	98.6	98.6	NA	NA	NA	NA	NA	NA	NA
ENSDART00000145933	si:rp71-68n21.9	1	4.1	4.1	NA	NA	NA	NA	NA	NA	NA
ENSDART00000077063	sec13	0	NA	NA	NA	NA	NA	NA	43.93	202.88	2.20734824605
ENSDART00000109872	cln6a	4	44.2	44.3	NA	NA	NA	NA	NA	NA	NA
ENSDART00000058695	hint1	92	50.5	46.3	24.2	34.1	63.6	78.9	58.2	46.02	-0.338758169572
ENSDART00000058870	rhbg	4	133.2	134.1	NA	NA	NA	NA	NA	NA	NA
ENSDART00000077087	id3	340	71.9	66.9	7.3	29.2	110.8	138.8	NA	NA	NA
ENSDART00000129535	zgc:153738	5	137.0	184.0	NA	NA	NA	NA	NA	NA	NA
ENSDART00000033545	ndor1	15	63.3	40.1	14.6	18.9	99.9	145.4	NA	NA	NA
ENSDART00000054143	eef1g	542	64.7	49.5	18.5	31.6	86.0	129.5	392.23	139.16	-1.49495530127
ENSDART00000129530	rps27a	1341	69.1	67.0	14.4	29.7	100.8	128.1	1442.91	935.8	-0.624709182232
ENSDART00000129539	si:dkey-97a13.9	29	67.7	64.0	7.3	17.2	83.1	132.2	14.23	3.28	-2.11716794191
ENSDART00000129538	BPHL	120	47.7	46.0	16.2	30.5	58.7	80.3	15.6	54.71	1.81025852663
ENSDART00000077080	si:ch211-251p5.5	317	63.4	48.6	13.5	23.6	96.8	128.6	NA	NA	NA
ENSDART00000113123	CT573248.1	1	132.4	132.4	NA	NA	NA	NA	NA	NA	NA
ENSDART00000113120	taf6l	52	58.9	36.1	13.4	20.0	77.4	142.1	NA	NA	NA
ENSDART00000035239	nek1	9	12.8	10.9	NA	NA	NA	NA	NA	NA	NA
ENSDART00000113168	C2CD4C	2	19.7	19.7	NA	NA	NA	NA	NA	NA	NA
ENSDART00000128370	nt5c2a	16	154.7	152.2	71.7	119.6	187.1	234.7	NA	NA	NA
ENSDART00000124217	MAP1S	1	25.0	25.0	NA	NA	NA	NA	NA	NA	NA
ENSDART00000035235	UBB	1353	36.2	27.8	9.0	16.0	47.5	75.4	27.39	90.54	1.72490604054
ENSDART00000124215	TRIP10	6	78.9	33.9	NA	NA	NA	NA	NA	NA	NA
ENSDART00000121764	onecutl	36	74.0	67.3	16.3	35.7	116.7	137.7	NA	NA	NA
ENSDART00000110112	LAMTOR1	174	50.8	36.1	10.1	19.6	66.1	121.5	NA	NA	NA
ENSDART00000086696	arhgap5	138	92.5	86.6	24.6	51.4	130.5	162.3	8.24	15.01	0.865207734437
ENSDART00000131574	JTB	96	61.5	48.7	11.2	21.4	83.6	142.3	NA	NA	NA
ENSDART00000121648	arnt	32	41.5	25.6	6.1	10.2	46.1	114.1	6.79	14.9	1.1338288511
ENSDART00000081122	COLGALT1	5	137.8	121.5	NA	NA	NA	NA	NA	NA	NA
ENSDART00000143434	UBASH3B	3	76.1	73.6	NA	NA	NA	NA	NA	NA	NA
ENSDART00000137598	nadkb	15	44.4	38.4	12.2	15.3	53.4	92.4	NA	NA	NA
ENSDART00000143436	rpf1	274	48.5	27.2	10.4	16.9	63.1	125.2	121.33	63.03	-0.944825746834
ENSDART00000009411	bud31	1708	70.0	62.4	20.6	39.4	93.9	127.6	352.55	742.4	1.07436882987
ENSDART00000143433	cbln12	2	16.9	16.9	NA	NA	NA	NA	NA	NA	NA
ENSDART00000009149	tmem57a	27	37.0	24.3	8.6	14.6	48.4	72.4	7.65	2.61	-1.55140994101
ENSDART00000140425	gad1a	1	6.1	6.1	NA	NA	NA	NA	NA	NA	NA
ENSDART00000123634	NDUFB1	51	57.0	44.2	23.4	31.1	85.9	109.0	NA	NA	NA
ENSDART00000145658	snx7	17	32.8	18.8	13.1	15.5	28.1	69.5	NA	NA	NA
ENSDART00000106669	dhrs7c	1	169.1	169.1	NA	NA	NA	NA	NA	NA	NA
ENSDART00000087343	ptpn22	2	133.3	133.3	NA	NA	NA	NA	NA	NA	NA
ENSDART00000132648	nck1b	78	61.1	52.0	15.3	25.8	86.5	114.3	NA	NA	NA
ENSDART00000145656	med1	55	92.1	95.9	32.2	61.1	125.4	148.1	4.57	12.19	1.41543205556
ENSDART00000145305	si:dkey-19a16.2	5	46.7	23.1	NA	NA	NA	NA	NA	NA	NA
ENSDART00000087610	arhgef12b	5	64.3	38.7	NA	NA	NA	NA	NA	NA	NA
ENSDART00000105227	CABZ01034848.1	99	54.4	49.1	12.8	31.6	78.4	91.1	44.89	57.22	0.350125401408
ENSDART00000052648	tmem144b	70	29.0	25.2	9.5	16.0	37.3	50.1	9.45	16.59	0.811927651847
ENSDART00000002778	dnajc5gb	9	23.7	16.7	NA	NA	NA	NA	NA	NA	NA
ENSDART00000076627	yipf6	84	70.0	61.9	16.8	31.1	101.7	144.4	NA	NA	NA
ENSDART00000061429	dlg1l	11	19.5	19.9	12.6	14.6	26.7	33.7	NA	NA	NA
ENSDART00000052645	tsr1	116	72.9	68.8	22.0	37.6	102.2	125.8	64.62	84.99	0.395312351834
ENSDART00000049465	CABZ01008011.1	2	24.6	24.6	NA	NA	NA	NA	NA	NA	NA
ENSDART00000085132	tbl1xr1b	58	31.2	16.7	4.4	8.4	35.1	84.5	10.14	6.35	-0.675229155344
ENSDART00000017172	eftud2	433	101.8	97.3	40.2	65.0	130.6	162.4	27.26	122.93	2.17297956863
ENSDART00000075672	sra1	40	59.3	51.5	18.8	30.1	78.0	119.7	NA	NA	NA
ENSDART00000039865	sdhdb	79	30.0	20.5	6.8	12.9	34.0	62.8	NA	NA	NA
ENSDART00000062941	nthl1	1	89.8	89.8	NA	NA	NA	NA	NA	NA	NA
ENSDART00000007103	NUAK1	3	47.8	33.9	NA	NA	NA	NA	NA	NA	NA
ENSDART00000086963	itga4	1	143.7	143.7	NA	NA	NA	NA	NA	NA	NA
ENSDART00000020703	ints7	15	65.5	55.3	6.0	26.0	114.9	126.1	3.63	7.48	1.04306872189
ENSDART00000128918	fgfbp1	12	41.4	24.7	8.1	9.8	76.3	97.1	NA	NA	NA
ENSDART00000030260	atp5h	117	74.9	72.0	11.9	28.6	112.2	133.8	26.51	37.71	0.508410480274
ENSDART00000134335	akap10	16	51.9	34.6	3.6	5.7	61.7	146.1	NA	NA	NA
ENSDART00000128912	AL772300.3	13	32.1	14.8	5.2	11.1	36.6	80.8	10.12	9.25	-0.129684019291
ENSDART00000085295	cul4b	159	57.0	37.1	13.6	18.7	80.0	134.4	18.67	56.28	1.59190040101
ENSDART00000017176	dkc1	1014	83.4	79.3	19.3	41.5	118.7	154.2	545.65	379.08	-0.525473507175
ENSDART00000067048	klhdc10	27	38.7	20.2	9.9	14.5	49.3	99.7	NA	NA	NA
ENSDART00000063019	mibp2	429	39.2	26.8	11.1	17.9	42.0	80.1	87.39	16.39	-2.41465234776
ENSDART00000109295	lrrn3	1	18.7	18.7	NA	NA	NA	NA	NA	NA	NA
ENSDART00000067040	si:dkey-180p18.9	3	61.0	52.2	NA	NA	NA	NA	NA	NA	NA
ENSDART00000100290	NAPB	5	131.9	124.3	NA	NA	NA	NA	NA	NA	NA
ENSDART00000139128	zgc:171679	6	52.0	51.1	NA	NA	NA	NA	NA	NA	NA
ENSDART00000135321	tial1	30	73.6	50.4	24.1	34.4	109.2	137.7	NA	NA	NA
ENSDART00000113679	dap3	40	44.5	45.6	14.8	21.0	56.5	77.5	28.71	11.89	-1.27180461546
ENSDART00000067046	cax1	36	33.9	33.8	8.6	18.2	43.2	66.0	8.04	3.88	-1.05113884899
ENSDART00000063010	mapre1a	148	30.6	20.4	6.4	11.0	42.1	66.1	42.82	28.62	-0.581261123659
ENSDART00000099456	psenen	276	59.4	50.0	18.4	28.8	78.2	114.3	62.94	88.79	0.496420023133
ENSDART00000052396	acn9	6	38.8	33.2	NA	NA	NA	NA	NA	NA	NA
ENSDART00000052397	PIAS1	1	142.6	142.6	NA	NA	NA	NA	NA	NA	NA
ENSDART00000019905	FNDC4	1	81.3	81.3	NA	NA	NA	NA	NA	NA	NA
ENSDART00000019907	unc119.1	275	50.2	37.3	9.9	16.7	77.1	114.4	NA	NA	NA
ENSDART00000012758	zgc:77112	2	20.0	20.0	NA	NA	NA	NA	NA	NA	NA
ENSDART00000012759	yipf3	133	64.0	56.8	13.6	31.7	87.2	121.4	16.71	50.08	1.58352282887
ENSDART00000007819	kdrl	1	6.8	6.8	NA	NA	NA	NA	NA	NA	NA
ENSDART00000017052	ncoa4	249	42.7	25.1	6.8	12.5	51.8	119.2	16.98	38.26	1.17200041479
ENSDART00000137672	setd2	93	46.8	31.2	7.8	15.4	71.8	110.2	10.55	38.89	1.88215623584
ENSDART00000060628	chmp7	24	31.0	15.1	2.0	9.4	32.4	61.5	NA	NA	NA
ENSDART00000012023	faimb	1	48.9	48.9	NA	NA	NA	NA	NA	NA	NA
ENSDART00000043220	nkiras1	15	36.2	26.2	9.3	13.8	37.2	74.5	NA	NA	NA
ENSDART00000043555	myl12.2	209	55.8	46.8	13.1	23.9	71.1	111.7	108.29	156.22	0.528679141775
ENSDART00000043556	ldb2b	3	119.4	129.8	NA	NA	NA	NA	NA	NA	NA
ENSDART00000037891	dpp7	27	113.3	106.7	60.9	70.8	136.3	195.1	NA	NA	NA
ENSDART00000044162	aclya	82	72.3	63.9	10.4	25.9	116.3	144.3	9.38	23.07	1.29835817617
ENSDART00000080696	cep72	4	32.9	33.0	NA	NA	NA	NA	NA	NA	NA
ENSDART00000144306	scp2b	15	72.5	56.4	19.2	45.3	95.2	140.2	NA	NA	NA
ENSDART00000080347	dync2i1	9	43.0	32.5	NA	NA	NA	NA	NA	NA	NA
ENSDART00000080693	lhx5	71	45.4	34.6	10.0	17.4	69.0	94.1	NA	NA	NA
ENSDART00000099742	BX927369.1	3	84.0	84.0	NA	NA	NA	NA	NA	NA	NA
ENSDART00000109126	ALMS1	23	77.3	56.0	8.5	15.9	147.9	171.4	3.19	4.28	0.424054372636
ENSDART00000148894	si:ch73-303g23.4	55	73.4	71.7	8.8	41.2	97.4	131.3	NA	NA	NA
ENSDART00000099744	si:dkey-61p9.7	1	12.5	12.5	NA	NA	NA	NA	NA	NA	NA
ENSDART00000045682	rrp36	96	50.5	39.3	11.0	20.0	65.2	107.8	54.09	47.14	-0.198410138903
ENSDART00000127048	rdh14a	56	41.9	27.1	8.6	13.3	56.6	97.1	NA	NA	NA
ENSDART00000115408	thoc2	402	68.0	57.4	16.8	36.0	86.3	129.7	80.63	117.91	0.548297451899
ENSDART00000129471	gucy1b3	1	2.0	2.0	NA	NA	NA	NA	NA	NA	NA
ENSDART00000085824	pex11a	15	16.0	14.7	3.9	10.5	21.4	30.0	NA	NA	NA
ENSDART00000145874	wu:fj05h12	141	88.4	83.3	48.4	65.9	104.7	131.2	NA	NA	NA
ENSDART00000111797	ACER2	6	68.6	67.8	NA	NA	NA	NA	NA	NA	NA
ENSDART00000114563	tmem129	5	85.8	83.9	NA	NA	NA	NA	NA	NA	NA
ENSDART00000023838	zgc:91985	3	58.8	14.4	NA	NA	NA	NA	NA	NA	NA
ENSDART00000114313	bub1ba	24	64.0	48.0	11.6	16.4	103.5	146.0	6.53	14.61	1.16180128126
ENSDART00000089113	ABTB2	15	83.0	79.8	27.9	55.3	112.9	134.3	NA	NA	NA
ENSDART00000114316	sptlc2b	48	78.3	61.1	14.3	31.0	140.6	150.0	NA	NA	NA
ENSDART00000023831	cry5	56	70.6	48.0	12.4	23.1	96.0	157.0	7.54	39.07	2.37342482692
ENSDART00000026666	atg4a	20	49.7	40.2	21.4	29.7	62.0	96.7	11.53	16.15	0.48614165193
ENSDART00000023833	eif2s3	293	60.3	50.1	15.8	27.0	85.0	122.3	138.16	193.06	0.482709296043
ENSDART00000148308	cdc42ep4a	12	54.9	51.8	21.5	29.7	78.7	94.0	NA	NA	NA
ENSDART00000152964	calcoco2	1	138.0	138.0	NA	NA	NA	NA	NA	NA	NA
ENSDART00000026846	pin4	105	63.8	56.1	18.3	28.5	90.4	120.2	42.61	52.38	0.297824008172
ENSDART00000124963	pkig	5	14.3	14.2	NA	NA	NA	NA	NA	NA	NA
ENSDART00000060898	MRPS28	238	62.9	52.4	16.9	31.3	91.1	121.1	94.3	95.02	0.0109734358484
ENSDART00000112250	CCK	1	53.8	53.8	NA	NA	NA	NA	NA	NA	NA
ENSDART00000128743	tmem214	111	55.0	30.3	12.3	18.5	77.3	148.5	13.34	31.56	1.24233853883
ENSDART00000034124	rab5aa	169	57.4	44.7	12.9	21.4	84.5	118.3	NA	NA	NA
ENSDART00000080522	plp1a	5	14.4	12.8	NA	NA	NA	NA	NA	NA	NA
ENSDART00000141486	ppp4r4	2	16.7	16.7	NA	NA	NA	NA	NA	NA	NA
ENSDART00000080526	ANKRD6	2	204.5	204.5	NA	NA	NA	NA	NA	NA	NA
ENSDART00000078114	timm8b	96	49.6	41.6	12.3	25.4	68.4	93.9	NA	NA	NA
ENSDART00000039146	TMEM218	7	112.1	150.4	NA	NA	NA	NA	NA	NA	NA
ENSDART00000006673	mvk	20	50.0	22.8	7.1	16.0	68.3	150.0	NA	NA	NA
ENSDART00000044453	ano5a	12	83.7	75.2	14.4	35.0	123.0	172.4	NA	NA	NA
ENSDART00000006671	ilf3b	907	94.7	90.5	43.8	65.2	120.0	149.9	93.14	517.16	2.47313790622
ENSDART00000011229	sub1b	453	42.8	36.9	15.8	24.7	53.4	76.1	141.73	190.47	0.426418617808
ENSDART00000133956	phactr3a	24	81.4	76.6	21.9	30.8	106.7	148.7	NA	NA	NA
ENSDART00000133957	si:dkey-93n13.1	8	108.2	95.8	NA	NA	NA	NA	NA	NA	NA
ENSDART00000132045	pgap1	16	61.4	41.0	18.4	27.4	79.2	150.8	NA	NA	NA
ENSDART00000016901	pard6b	42	85.0	84.4	19.2	44.0	114.6	149.4	NA	NA	NA
ENSDART00000099338	actr10	92	43.9	26.1	11.0	17.6	50.3	109.4	8.48	20.39	1.26572560545
ENSDART00000028008	itm2ba	180	83.3	82.7	31.0	60.4	104.2	129.3	64.49	132.08	1.03426465071
ENSDART00000133959	clock3	8	58.4	21.8	NA	NA	NA	NA	NA	NA	NA
ENSDART00000108987	BX247898.1	1	22.7	22.7	NA	NA	NA	NA	NA	NA	NA
ENSDART00000143367	si:dkeyp-98a7.9	3	64.4	59.0	NA	NA	NA	NA	NA	NA	NA
ENSDART00000108983	hmgb1b	328	97.7	98.6	44.4	72.6	122.8	144.3	94.6	257.47	1.44449225285
ENSDART00000148160	crip1	22	49.5	49.1	19.6	35.1	63.2	78.6	NA	NA	NA
ENSDART00000037474	zgpat	23	58.2	39.0	17.1	22.2	79.8	120.8	10.4	6.6	-0.656045598783
ENSDART00000085252	pqlc3	7	94.1	33.2	NA	NA	NA	NA	NA	NA	NA
ENSDART00000014188	ube2na	773	62.7	57.6	16.7	34.0	83.5	116.2	155.3	434.1	1.48296959287
ENSDART00000023584	TLN2	39	55.7	52.7	20.3	39.8	69.3	88.0	2.34	7.23	1.62748711737
ENSDART00000081343	plk1	601	72.3	56.7	9.2	25.6	110.4	159.3	70.64	239.73	1.76285321217
ENSDART00000113493	tmem14c	20	26.8	21.1	13.1	17.8	37.3	44.4	NA	NA	NA
ENSDART00000081341	mapk13	5	27.7	24.5	NA	NA	NA	NA	NA	NA	NA
ENSDART00000122513	rfc2	77	50.7	34.8	12.8	22.9	70.7	102.9	37.4	91.91	1.29718356818
ENSDART00000127594	atrx	239	98.5	94.6	30.5	59.0	135.4	165.5	52.81	66.13	0.324493760165
ENSDART00000127597	zic1	5	91.0	88.5	NA	NA	NA	NA	NA	NA	NA
ENSDART00000122519	st8sia6	4	51.3	55.4	NA	NA	NA	NA	NA	NA	NA
ENSDART00000039498	taf8	47	68.7	47.4	14.8	32.9	103.0	146.7	NA	NA	NA
ENSDART00000138099	tmem167a	49	74.6	74.7	25.0	42.9	91.0	127.5	NA	NA	NA
ENSDART00000039495	pdcd5	157	50.2	33.1	9.3	18.9	69.5	116.1	45.21	162.17	1.84279313579
ENSDART00000105088	pdgfaa	2	43.8	43.8	NA	NA	NA	NA	NA	NA	NA
ENSDART00000039490	rbm34	115	82.3	80.2	31.6	47.8	109.5	134.0	40.31	70.55	0.807508299634
ENSDART00000018502	mapk12a	1	106.4	106.4	NA	NA	NA	NA	NA	NA	NA
ENSDART00000060098	GEMIN7	53	45.2	37.7	17.0	22.6	51.7	100.2	NA	NA	NA
ENSDART00000018500	hif1ab	482	54.3	43.5	17.1	27.1	73.1	107.9	13.8	106.61	2.94960259688
ENSDART00000123601	dda1	67	53.4	40.4	10.8	15.8	83.5	110.8	NA	NA	NA
ENSDART00000112257	SENP6	1	10.2	10.2	NA	NA	NA	NA	NA	NA	NA
ENSDART00000126234	zp3.2	53	37.3	31.1	13.0	19.6	54.2	66.6	35.42	6.02	-2.55672881999
ENSDART00000126233	TBC1D24	59	81.1	52.8	12.6	24.0	133.2	164.5	NA	NA	NA
ENSDART00000082472	hoxc3a	1	6.2	6.2	NA	NA	NA	NA	NA	NA	NA
ENSDART00000123606	ndufaf3	63	64.1	51.7	20.7	29.6	78.0	116.2	72.27	17.31	-2.06179116959
ENSDART00000123609	clec16a	2	24.9	24.9	NA	NA	NA	NA	NA	NA	NA
ENSDART00000126239	si:ch211-161h7.4	116	65.1	48.4	8.0	25.0	94.6	141.7	28.45	52.59	0.886359844287
ENSDART00000035965	fut9	438	38.5	27.8	8.1	16.8	50.1	84.1	27.35	47.32	0.79090924066
ENSDART00000082690	tpcn2	36	66.9	33.2	11.4	18.8	104.3	141.3	NA	NA	NA
ENSDART00000082693	tefm	5	34.4	43.4	NA	NA	NA	NA	NA	NA	NA
ENSDART00000082698	CU570976.1	1	65.4	65.4	NA	NA	NA	NA	NA	NA	NA
ENSDART00000090059	mtus2	1	9.5	9.5	NA	NA	NA	NA	NA	NA	NA
ENSDART00000145028	IKZF4	1	12.2	12.2	NA	NA	NA	NA	NA	NA	NA
ENSDART00000019270	nae1	14	23.6	23.4	10.9	15.7	31.2	41.1	NA	NA	NA
ENSDART00000145958	si:dkey-256i11.2	5	53.7	40.1	NA	NA	NA	NA	NA	NA	NA
ENSDART00000105432	mef2bnb	23	47.0	32.1	11.2	17.3	78.5	103.9	NA	NA	NA
ENSDART00000061141	cep85l	12	28.4	19.0	5.6	9.3	32.3	59.0	NA	NA	NA
ENSDART00000145514	anxa1b	44	104.6	95.8	54.0	85.7	121.0	148.9	NA	NA	NA
ENSDART00000100156	agpat4	38	60.8	52.9	20.1	32.5	76.3	113.3	NA	NA	NA
ENSDART00000084334	ptgis	2	34.0	34.0	NA	NA	NA	NA	NA	NA	NA
ENSDART00000061144	arpc5la	58	70.1	59.7	17.8	35.2	91.2	128.8	31.29	24.6	-0.347043343014
ENSDART00000147439	atp6v0b	52	75.1	61.7	16.7	29.8	125.2	143.8	NA	NA	NA
ENSDART00000061149	zgc:55461	150	24.4	18.6	7.4	11.9	30.2	51.9	27.87	13.71	-1.02348443132
ENSDART00000084448	psmd11a	91	62.5	42.4	13.0	24.1	94.8	128.3	32.98	71.59	1.11816668092
ENSDART00000103531	dachb	2	12.4	12.4	NA	NA	NA	NA	NA	NA	NA
ENSDART00000034788	zgc:113348	32	37.4	21.4	5.9	13.4	45.6	90.9	NA	NA	NA
ENSDART00000127043	yth2	718	63.1	52.9	18.4	30.4	86.7	122.4	73.49	216.71	1.56014587091
ENSDART00000014536	rnls	3	13.8	9.5	NA	NA	NA	NA	NA	NA	NA
ENSDART00000097755	jund	12	48.4	43.6	23.1	27.3	65.6	86.5	NA	NA	NA
ENSDART00000060633	kansl3	95	89.3	88.7	18.6	33.5	125.6	161.7	10.26	26.37	1.36186684026
ENSDART00000113949	CABZ01075938.1	218	66.1	63.5	28.4	40.9	84.0	105.5	79.06	109.16	0.465424439455
ENSDART00000060635	dctn3	197	60.6	44.2	15.2	23.2	82.5	117.5	NA	NA	NA
ENSDART00000129778	CABZ01032454.1	38	64.6	39.6	11.5	17.6	109.5	128.1	NA	NA	NA
ENSDART00000061853	ap4s1	6	55.9	52.3	NA	NA	NA	NA	NA	NA	NA
ENSDART00000036783	cryzl1	1	15.8	15.8	NA	NA	NA	NA	NA	NA	NA
ENSDART00000125712	dnajb9a	2	94.3	94.3	NA	NA	NA	NA	NA	NA	NA
ENSDART00000113497	setd5	42	39.2	22.1	1.2	7.8	57.0	104.7	6.06	9.76	0.68756335409
ENSDART00000082471	mfap2	22	114.0	122.3	38.4	83.1	142.2	162.8	NA	NA	NA
ENSDART00000146747	tuft1b	1	19.3	19.3	NA	NA	NA	NA	NA	NA	NA
ENSDART00000111894	si:ch73-138n13.1	12	68.7	54.0	7.3	29.9	113.5	138.3	3.84	1.43	-1.42509116394
ENSDART00000113498	lrrcc1	5	25.7	14.4	NA	NA	NA	NA	3.81	1.15	-1.72815713655
ENSDART00000111891	ESCO1	24	66.6	45.5	10.0	19.1	104.7	159.9	3.76	12.5	1.73312352787
ENSDART00000085319	sos2	17	26.3	20.4	10.7	17.8	31.0	48.4	4.22	1.64	-1.36354718409
ENSDART00000124581	CABZ01081148.1	2	13.9	13.9	NA	NA	NA	NA	NA	NA	NA
ENSDART00000061327	rh50	1	85.1	85.1	NA	NA	NA	NA	NA	NA	NA
ENSDART00000065373	eef1b2	423	48.9	34.7	11.0	18.2	70.1	114.7	392.94	233.73	-0.749466116312
ENSDART00000139016	si:ch211-38m6.6	1	40.0	40.0	NA	NA	NA	NA	NA	NA	NA
ENSDART00000065375	CABZ01112521.1	6	87.6	66.0	NA	NA	NA	NA	NA	NA	NA
ENSDART00000038364	ca2	1	171.8	171.8	NA	NA	NA	NA	NA	NA	NA
ENSDART00000061328	rbm39b	338	67.8	57.3	12.0	23.7	105.0	144.1	23.98	205.0	3.09572034587
ENSDART00000110940	si:ch211-119d14.3	3	80.2	77.1	NA	NA	NA	NA	NA	NA	NA
ENSDART00000093074	wbscr22	242	73.7	65.7	18.9	36.4	96.3	136.3	40.77	53.87	0.401974108351
ENSDART00000148245	fam101b	55	19.9	16.7	7.4	12.7	25.3	35.2	NA	NA	NA
ENSDART00000130884	mcu	29	22.8	18.7	0.9	10.7	30.4	42.3	NA	NA	NA
ENSDART00000145738	adob	3	57.8	72.6	NA	NA	NA	NA	NA	NA	NA
ENSDART00000102807	sgce	2	111.6	111.6	NA	NA	NA	NA	NA	NA	NA
ENSDART00000051542	ccdc47	218	54.3	50.3	21.7	32.3	67.1	85.6	25.82	36.5	0.499407463348
ENSDART00000045040	BX323819.1	1	10.8	10.8	NA	NA	NA	NA	NA	NA	NA
ENSDART00000010311	ndufa10	51	61.4	56.5	16.2	23.8	91.5	122.3	29.76	39.43	0.405919184
ENSDART00000015765	cdc20	581	49.5	32.5	10.2	17.7	68.7	118.8	70.61	245.17	1.79583803391
ENSDART00000097459	lhcgr	1	46.4	46.4	NA	NA	NA	NA	NA	NA	NA
ENSDART00000100075	TMEM184B	144	54.1	35.5	12.1	19.4	75.9	134.4	10.35	21.14	1.030344609
ENSDART00000066677	si:ch211-140b10.6	108	63.9	37.9	10.4	16.0	99.3	166.7	NA	NA	NA
ENSDART00000033152	rab35	173	41.3	30.0	13.4	19.9	47.8	75.1	66.15	45.67	-0.534494366788
ENSDART00000026907	her11	35	28.3	17.2	6.5	10.8	29.0	45.5	NA	NA	NA
ENSDART00000104252	eaf1	16	34.8	27.0	6.5	14.8	48.5	72.6	23.61	31.25	0.404458148208
ENSDART00000081718	slc9a2	6	28.3	24.2	NA	NA	NA	NA	6.29	5.79	-0.11949666889
ENSDART00000041965	si:dkeyp-89c11.3	3	27.6	25.0	NA	NA	NA	NA	NA	NA	NA
ENSDART00000041960	ywhaz	315	89.8	87.8	45.1	66.5	111.8	137.7	82.33	418.32	2.3451168441
ENSDART00000139241	RNF38	109	40.5	22.6	5.9	11.4	55.4	95.3	9.24	20.48	1.14825095858
ENSDART00000089078	acacb	36	139.1	145.3	25.9	72.7	197.1	238.8	4.39	20.52	2.22473788607
ENSDART00000018840	msh6	49	49.7	41.7	19.2	25.1	68.6	105.5	15.87	18.17	0.195256291399
ENSDART00000125767	metap2a	2	20.1	20.1	NA	NA	NA	NA	NA	NA	NA
ENSDART00000080631	leprel2	4	138.2	140.9	NA	NA	NA	NA	NA	NA	NA
ENSDART00000139944	si:dkeyp-12a9.5	1	6.9	6.9	NA	NA	NA	NA	NA	NA	NA
ENSDART00000093291	MON2	101	50.8	42.4	11.5	23.7	61.1	107.6	10.25	17.61	0.780770999438
ENSDART00000150034	pias4b	8	23.5	20.5	NA	NA	NA	NA	NA	NA	NA
ENSDART00000074430	metrnl	172	49.3	32.3	10.0	18.5	64.1	129.6	44.92	30.41	-0.56281211137
ENSDART00000131616	atp5f1	187	67.2	56.3	15.6	25.5	100.1	133.1	100.78	86.29	-0.223944078669
ENSDART00000109460	nol7	495	74.5	64.1	13.6	30.7	105.0	149.1	109.86	224.51	1.03111350915
ENSDART00000034875	sdf2	125	36.8	28.6	11.7	18.5	42.7	67.5	NA	NA	NA
ENSDART00000130328	CR925817.3	1	117.8	117.8	NA	NA	NA	NA	NA	NA	NA
ENSDART00000008959	nelfcd	55	55.2	47.5	7.0	19.8	76.4	105.6	27.36	68.25	1.31876081581
ENSDART00000048859	ascc2	18	57.8	38.2	14.4	23.6	78.6	140.8	NA	NA	NA
ENSDART00000073734	fam96b	82	40.7	29.1	9.6	17.2	47.7	91.4	NA	NA	NA
ENSDART00000048855	MTUS1	81	56.5	35.7	7.5	12.2	84.7	143.5	3.29	6.39	0.957728347212
ENSDART00000130453	ahcyl2	194	42.9	37.9	11.7	21.4	53.1	73.0	11.82	114.27	3.27314475311
ENSDART00000048850	sh3bp5a	8	71.7	46.1	NA	NA	NA	NA	NA	NA	NA
ENSDART00000048853	ube2d1a	77	25.9	18.6	4.3	10.3	28.2	54.8	25.78	63.83	1.30798238409
ENSDART00000092217	ttc13	33	28.6	30.5	16.1	17.9	34.0	45.7	6.85	5.78	-0.245034495347
ENSDART00000063662	mdh2	179	33.8	25.0	8.3	15.5	41.3	73.3	81.21	26.59	-1.61077361108
ENSDART00000151878	rab3gap2	73	36.1	34.1	12.7	21.6	44.5	58.6	8.61	15.34	0.833213340106
ENSDART00000132789	secisbp2	18	21.1	21.8	8.5	13.7	28.3	31.4	NA	NA	NA
ENSDART00000149957	bcas3	30	48.7	50.9	12.5	28.4	65.0	88.8	NA	NA	NA
ENSDART00000101447	tnfsf10l	2	71.5	71.5	NA	NA	NA	NA	NA	NA	NA
ENSDART00000132787	hyal3	1	92.7	92.7	NA	NA	NA	NA	NA	NA	NA
ENSDART00000141975	zgc:66483	118	22.9	16.3	5.4	9.9	27.4	48.1	NA	NA	NA
ENSDART00000132785	knop1	49	56.8	58.2	18.2	40.2	75.0	95.1	57.45	18.43	-1.6402508219
ENSDART00000077493	TST	30	38.3	32.7	11.7	22.7	50.9	67.8	NA	NA	NA
ENSDART00000110393	si:dkeyp-104h9.5	34	29.9	26.2	4.6	14.9	37.6	54.9	NA	NA	NA
ENSDART00000077495	polr2a	521	69.5	60.2	13.4	30.7	101.4	136.1	15.84	82.58	2.3822200831
ENSDART00000112119	bhlha15	2	93.7	93.7	NA	NA	NA	NA	NA	NA	NA
ENSDART00000109601	BX085195.1	87	79.2	62.8	17.9	31.2	117.6	172.1	21.74	21.0	-0.0499626124738
ENSDART00000125358	rnf175	5	29.1	33.0	NA	NA	NA	NA	NA	NA	NA
ENSDART00000128943	NRBP2	2	39.5	39.5	NA	NA	NA	NA	NA	NA	NA
ENSDART00000114330	pdzrn3b	4	41.8	41.3	NA	NA	NA	NA	NA	NA	NA
ENSDART00000028219	pvalb4	1	44.4	44.4	NA	NA	NA	NA	NA	NA	NA
ENSDART00000151729	elmo1	0	NA	NA	NA	NA	NA	NA	8.22	25.87	1.654069755
ENSDART00000121503	cplx3b	5	50.7	44.4	NA	NA	NA	NA	NA	NA	NA
ENSDART00000028217	srsf3a	830	108.9	106.8	56.1	80.5	135.5	163.0	424.38	1033.43	1.28401209801
ENSDART00000103601	agbl5	25	67.0	58.6	21.3	33.7	86.2	128.3	8.33	9.83	0.238874920975
ENSDART00000058484	cnn3b	398	49.5	42.7	13.8	23.5	66.8	93.7	36.84	264.31	2.84288604292
ENSDART00000058485	rai14	13	48.5	17.0	7.1	12.4	31.7	145.2	NA	NA	NA
ENSDART00000140995	mfsd2b	2	216.0	216.0	NA	NA	NA	NA	NA	NA	NA
ENSDART00000002568	ENGASE	8	28.4	28.9	NA	NA	NA	NA	NA	NA	NA
ENSDART00000086813	AGAP2	4	67.0	16.3	NA	NA	NA	NA	NA	NA	NA
ENSDART00000046530	rab42a	4	66.5	66.7	NA	NA	NA	NA	NA	NA	NA
ENSDART00000142112	VMA21	258	61.7	52.6	15.9	34.8	81.2	118.9	NA	NA	NA
ENSDART00000089923	znf652	16	51.1	33.4	13.3	19.0	51.8	127.4	NA	NA	NA
ENSDART00000062874	atp1b3b	124	33.2	32.0	11.9	21.6	41.5	56.3	21.61	51.28	1.24669718976
ENSDART00000086753	dapk2	1	30.3	30.3	NA	NA	NA	NA	NA	NA	NA
ENSDART00000143644	zgc:91811	23	43.9	22.3	4.7	10.0	64.5	99.0	NA	NA	NA
ENSDART00000023796	dcxr	52	46.4	44.0	15.9	23.8	58.3	86.8	NA	NA	NA
ENSDART00000073936	ACVR1B	219	46.7	33.4	7.3	15.9	59.7	110.0	10.9	54.91	2.33274077628
ENSDART00000073930	notch3	120	67.3	39.9	7.2	15.2	110.0	166.4	NA	NA	NA
ENSDART00000053702	ripply3	5	79.3	71.6	NA	NA	NA	NA	NA	NA	NA
ENSDART00000009698	esrp2	116	67.4	55.8	12.4	24.6	97.0	140.3	4.94	33.01	2.74032019164
ENSDART00000101051	zgc:158856	22	20.7	18.4	10.1	12.9	25.8	40.3	NA	NA	NA
ENSDART00000101053	tp53i11a	20	21.4	16.0	9.9	11.0	28.9	41.0	NA	NA	NA
ENSDART00000131324	pygo2	174	73.3	66.3	12.3	28.7	111.3	144.6	14.3	31.21	1.12599321025
ENSDART00000003164	ppp1r8	17	79.0	78.6	13.3	32.7	110.4	154.1	NA	NA	NA
ENSDART00000003167	ak2	127	47.3	39.0	12.6	21.0	63.7	97.6	68.4	61.17	-0.161172049036
ENSDART00000008606	mettl8	7	42.9	26.0	NA	NA	NA	NA	NA	NA	NA
ENSDART00000038487	puf60b	477	60.5	49.6	10.9	18.3	92.8	128.2	93.93	216.68	1.20590808161
ENSDART00000067188	dclre1c	15	39.9	30.0	18.8	22.1	45.8	74.0	NA	NA	NA
ENSDART00000006443	gtf2a1	387	40.3	28.2	10.1	16.3	53.6	78.1	43.62	86.0	0.979346889836
ENSDART00000079591	dpm1	48	55.1	39.0	10.4	19.1	67.8	104.6	NA	NA	NA
ENSDART00000009609	eif5a	686	58.9	51.6	13.2	30.0	78.8	113.3	118.57	461.64	1.96102920304
ENSDART00000091560	tldc1	22	26.7	22.8	9.8	14.6	36.8	46.0	NA	NA	NA
ENSDART00000138318	AGO1	15	89.6	46.4	12.0	21.1	138.0	223.4	NA	NA	NA
ENSDART00000079593	slc26a1	370	46.7	36.3	9.0	15.8	71.7	97.6	NA	NA	NA
ENSDART00000048144	rbb4	652	80.5	74.5	18.9	39.9	116.5	145.7	56.19	266.09	2.24352898765
ENSDART00000126955	CABZ01057633.1	1	179.9	179.9	NA	NA	NA	NA	NA	NA	NA
ENSDART00000044876	plekha1	32	57.1	47.6	12.7	22.9	78.5	123.0	NA	NA	NA
ENSDART00000133432	atp2a3	40	49.8	47.9	14.5	22.0	65.6	95.1	NA	NA	NA
ENSDART00000114670	mrps2	55	39.9	28.1	9.4	15.6	48.9	94.4	NA	NA	NA
ENSDART00000114676	zgc:173994	7	33.2	15.6	NA	NA	NA	NA	NA	NA	NA
ENSDART00000138316	zgc:66484	1	21.1	21.1	NA	NA	NA	NA	NA	NA	NA
ENSDART00000114675	KLHL7	4	19.9	22.5	NA	NA	NA	NA	NA	NA	NA
ENSDART00000132913	adam19b	1	215.4	215.4	NA	NA	NA	NA	NA	NA	NA
ENSDART00000150587	asb13a.1	1	16.6	16.6	NA	NA	NA	NA	NA	NA	NA
ENSDART00000062551	cyp51	67	46.1	36.6	12.1	23.5	52.7	100.1	NA	NA	NA
ENSDART00000062552	wtap	256	72.4	60.4	16.1	26.2	108.9	141.3	53.89	102.31	0.924857672259
ENSDART00000127604	nfil3-6	3	51.0	20.4	NA	NA	NA	NA	NA	NA	NA
ENSDART00000017269	parp1	92	107.6	109.6	43.9	79.8	130.7	163.0	20.72	112.66	2.44287946855
ENSDART00000017268	eml2	46	22.6	12.8	5.9	8.1	24.7	50.8	NA	NA	NA
ENSDART00000127601	wu:fj30f06	3	26.9	32.8	NA	NA	NA	NA	NA	NA	NA
ENSDART00000127600	hdac10	79	36.0	29.1	13.3	20.1	44.3	56.6	11.23	17.88	0.670988808783
ENSDART00000087219	BX294434.1	5	35.3	15.8	NA	NA	NA	NA	NA	NA	NA
ENSDART00000022688	tob1b	73	48.8	29.2	9.4	15.3	83.2	122.2	18.1	27.63	0.610245864842
ENSDART00000131145	OXSM	5	35.1	32.4	NA	NA	NA	NA	NA	NA	NA
ENSDART00000022684	cnih	309	87.3	85.8	39.4	58.3	110.7	133.5	NA	NA	NA
ENSDART00000060955	nudt18	5	21.9	22.2	NA	NA	NA	NA	NA	NA	NA
ENSDART00000060954	trmt10c	13	63.9	42.2	21.0	24.2	84.0	106.4	14.02	4.16	-1.75283091587
ENSDART00000022682	pdcd2	29	46.3	25.1	9.8	14.3	54.7	103.1	NA	NA	NA
ENSDART00000125971	gpc1b	8	25.9	12.6	NA	NA	NA	NA	NA	NA	NA
ENSDART00000125970	wu:fb52c12	11	38.4	27.4	14.0	14.9	52.4	79.5	NA	NA	NA
ENSDART00000042322	map1lc3a	18	85.2	69.9	33.4	47.9	118.4	159.5	NA	NA	NA
ENSDART00000128492	CABZ01087111.1	1	210.4	210.4	NA	NA	NA	NA	NA	NA	NA
ENSDART00000022356	ppp1r7	485	39.6	30.0	12.0	19.5	47.4	74.8	21.09	261.39	3.63157294875
ENSDART00000128497	NAT14	1	42.8	42.8	NA	NA	NA	NA	NA	NA	NA
ENSDART00000123076	ZNF784	93	54.5	27.7	9.7	13.9	76.6	144.8	16.28	8.24	-0.982384457083
ENSDART00000148463	snx6	46	27.3	17.1	6.2	11.8	25.5	58.6	NA	NA	NA
ENSDART00000003385	ano1	25	56.1	40.4	15.0	27.1	93.9	118.8	NA	NA	NA
ENSDART00000028072	kat2a	69	53.2	46.7	16.0	32.4	69.4	89.1	18.31	52.31	1.51445497888
ENSDART00000087151	amt	4	25.5	25.5	NA	NA	NA	NA	NA	NA	NA
ENSDART00000113376	fam13b	8	57.0	47.9	NA	NA	NA	NA	NA	NA	NA
ENSDART00000114415	ascc1	44	44.9	34.8	12.8	19.2	59.7	81.7	34.03	13.82	-1.30004953558
ENSDART00000113370	b3galtla	2	17.6	17.6	NA	NA	NA	NA	NA	NA	NA
ENSDART00000017191	dlx3b	4	76.4	86.6	NA	NA	NA	NA	NA	NA	NA
ENSDART00000079187	fhl1b	4	43.5	29.9	NA	NA	NA	NA	NA	NA	NA
ENSDART00000044125	C20H12orf57	106	37.0	27.7	14.7	17.8	41.8	71.7	NA	NA	NA
ENSDART00000106428	zgc:174234	2	11.1	11.1	NA	NA	NA	NA	NA	NA	NA
ENSDART00000150055	slc35b3	14	49.9	36.6	16.3	22.1	68.0	106.0	NA	NA	NA
ENSDART00000142762	C5H5orf34	10	27.6	14.4	4.1	8.4	21.7	40.2	NA	NA	NA
ENSDART00000083473	trpm5	4	137.9	146.9	NA	NA	NA	NA	NA	NA	NA
ENSDART00000150130	cacna1ab	1	25.4	25.4	NA	NA	NA	NA	NA	NA	NA
ENSDART00000144430	fdx1	557	29.8	24.6	8.3	14.2	40.1	54.8	90.5	180.6	0.99680819551
ENSDART00000149171	srp9	7	48.1	45.6	NA	NA	NA	NA	NA	NA	NA
ENSDART00000031837	zfyve9a	36	35.6	25.2	8.7	13.5	42.0	68.5	4.91	3.56	-0.463845783348
ENSDART00000122677	si:rp71-61h23.4	169	66.9	60.9	10.6	26.0	100.4	135.0	18.02	112.38	2.64071438915
ENSDART00000064187	parvaa	32	57.1	48.8	3.6	21.0	100.8	113.7	NA	NA	NA
ENSDART00000144510	zmat5	29	35.5	15.5	6.6	11.2	33.7	108.0	NA	NA	NA
ENSDART00000144516	lonrf1l	61	59.1	43.3	9.7	19.2	84.8	141.2	NA	NA	NA
ENSDART00000059438	rtfdc1	151	63.8	55.3	21.0	35.0	82.5	118.6	29.75	161.85	2.44369579201
ENSDART00000067235	ciapin1	126	77.5	73.8	17.3	29.0	115.1	145.7	25.92	82.7	1.67382161117
ENSDART00000084612	aars2	3	51.4	14.4	NA	NA	NA	NA	NA	NA	NA
ENSDART00000016608	mrp63	112	78.3	61.6	16.9	28.7	110.4	140.0	NA	NA	NA
ENSDART00000080834	eml3	5	65.8	47.2	NA	NA	NA	NA	NA	NA	NA
ENSDART00000105608	prkcea	6	105.0	107.9	NA	NA	NA	NA	NA	NA	NA
ENSDART00000137798	CDPF1	33	75.1	55.3	27.4	37.4	85.7	157.6	NA	NA	NA
ENSDART00000137794	zgc:152652	2	26.3	26.3	NA	NA	NA	NA	NA	NA	NA
ENSDART00000081801	ncl1	155	42.7	29.0	12.6	19.5	51.4	78.7	12.7	20.28	0.675229155344
ENSDART00000140161	necab2	1	186.0	186.0	NA	NA	NA	NA	NA	NA	NA
ENSDART00000137424	c1qtnf4	1	95.7	95.7	NA	NA	NA	NA	NA	NA	NA
ENSDART00000125852	ugt1ab	2	15.4	15.4	NA	NA	NA	NA	NA	NA	NA
ENSDART00000043058	TENM2	3	37.6	26.6	NA	NA	NA	NA	NA	NA	NA
ENSDART00000110774	ugt5a2	1	145.6	145.6	NA	NA	NA	NA	NA	NA	NA
ENSDART00000012928	wnk1b	6	15.3	10.8	NA	NA	NA	NA	NA	NA	NA
ENSDART00000031165	enoph1	59	69.5	57.3	19.7	32.5	110.0	138.8	NA	NA	NA
ENSDART00000031167	tfap2d	2	5.3	5.3	NA	NA	NA	NA	NA	NA	NA
ENSDART00000101949	sfxn4	4	71.4	65.2	NA	NA	NA	NA	NA	NA	NA
ENSDART00000101944	crygmxl1	3	58.7	60.3	NA	NA	NA	NA	NA	NA	NA
ENSDART00000055154	tmem184a	32	42.9	22.9	13.4	17.5	49.0	119.5	NA	NA	NA
ENSDART00000060405	neo1	18	26.7	30.9	6.3	8.4	41.8	46.5	NA	NA	NA
ENSDART00000101943	rragca	28	52.0	20.9	9.0	16.3	43.7	122.8	NA	NA	NA
ENSDART00000011699	nono	1804	94.1	90.4	40.1	61.5	123.2	152.8	292.21	1043.62	1.83651904148
ENSDART00000128760	pacs2	1	57.2	57.2	NA	NA	NA	NA	NA	NA	NA
ENSDART00000040838	MOV10L1	30	26.5	22.3	11.9	15.6	30.9	39.5	13.81	3.39	-2.02635614112
ENSDART00000003946	tmem59	12	51.0	29.6	14.0	19.2	71.7	120.5	NA	NA	NA
ENSDART00000011691	baxa	104	50.1	37.4	9.7	22.2	69.5	111.3	NA	NA	NA
ENSDART00000021139	fgfr1op2	143	52.1	44.9	15.3	27.2	68.3	106.1	NA	NA	NA
ENSDART00000113543	MBLAC1	1	52.9	52.9	NA	NA	NA	NA	NA	NA	NA
ENSDART00000044497	lmbr1	16	99.0	96.4	17.1	60.4	133.7	171.5	NA	NA	NA
ENSDART00000019045	ebp	6	28.6	20.2	NA	NA	NA	NA	NA	NA	NA
ENSDART00000019047	AL929022.1	3	18.6	20.2	NA	NA	NA	NA	NA	NA	NA
ENSDART00000135493	frmd8	71	63.5	49.7	8.7	17.5	92.2	135.9	NA	NA	NA
ENSDART00000047212	cpsf2	159	68.6	63.9	19.7	38.6	92.2	112.6	49.53	82.13	0.729606677103
ENSDART00000047211	chst10	18	90.0	91.8	16.6	40.3	127.7	172.1	NA	NA	NA
ENSDART00000135490	nfil3-4	1	17.3	17.3	NA	NA	NA	NA	NA	NA	NA
ENSDART00000065585	tbce	24	55.0	51.9	15.2	22.5	72.5	91.6	NA	NA	NA
ENSDART00000112955	PRRC2B	2	-4.1	-4.1	NA	NA	NA	NA	24.83	85.08	1.77673577178
ENSDART00000122728	hug	66	108.1	121.0	22.3	61.3	144.4	172.5	36.78	149.39	2.0220901941
ENSDART00000132209	eya3	359	81.6	70.7	22.0	38.1	118.5	158.4	8.35	98.92	3.56641413703
ENSDART00000112959	ankrd1a	1	130.7	130.7	NA	NA	NA	NA	NA	NA	NA
ENSDART00000122724	mios	126	60.3	39.0	10.6	20.8	81.3	138.8	13.03	25.58	0.973179180314
ENSDART00000122727	mtus1a	4	32.9	30.5	NA	NA	NA	NA	NA	NA	NA
ENSDART00000003940	rab2a	223	51.6	43.7	9.5	22.6	73.2	107.2	31.52	153.13	2.28041751185
ENSDART00000051670	rfc5	107	34.6	27.2	7.5	15.2	42.6	71.6	22.56	62.54	1.47101215153
ENSDART00000122234	si:ch211-71n6.4	8	109.9	109.1	NA	NA	NA	NA	NA	NA	NA
ENSDART00000124864	fam83d	85	48.7	25.6	10.1	16.9	80.2	117.9	10.46	26.6	1.34654339414
ENSDART00000051679	PRKDC	26	86.5	71.3	49.2	62.3	100.1	125.2	2.77	6.31	1.18775402893
ENSDART00000139946	nipal3	11	27.8	30.6	-4.7	17.4	39.4	47.4	NA	NA	NA
ENSDART00000099290	si:dkey-121n8.4	2	36.0	36.0	NA	NA	NA	NA	NA	NA	NA
ENSDART00000103769	nrp2a	1	12.2	12.2	NA	NA	NA	NA	NA	NA	NA
ENSDART00000146914	mpp6a	73	80.3	59.9	13.4	27.8	137.8	160.6	26.0	20.52	-0.341480892309
ENSDART00000084715	alkbh8	11	56.2	52.4	22.3	27.0	67.8	81.5	5.57	2.97	-0.907214396539
ENSDART00000099298	zgc:154018	161	73.1	69.4	13.2	39.1	103.8	139.9	26.86	109.07	2.02172312915
ENSDART00000146911	tceb1a	22	64.6	25.3	6.7	11.4	122.5	157.4	NA	NA	NA
ENSDART00000124868	lpl	36	45.8	30.3	8.6	11.9	56.5	119.4	NA	NA	NA
ENSDART00000151269	cdk6	80	64.0	44.1	10.2	21.5	103.0	141.7	NA	NA	NA
ENSDART00000025962	gyg1a	743	33.7	32.3	16.4	24.5	40.6	49.8	141.6	39.87	-1.82844575497
ENSDART00000037648	syngr1b	1	-1.1	-1.1	NA	NA	NA	NA	NA	NA	NA
ENSDART00000112227	FAM5C	2	68.2	68.2	NA	NA	NA	NA	NA	NA	NA
ENSDART00000147357	kdm2aa	179	62.6	51.0	14.3	27.7	84.3	128.7	19.33	22.74	0.234390616681
ENSDART00000049285	ube2d2l	109	40.9	24.7	7.9	13.2	47.5	118.8	NA	NA	NA
ENSDART00000014176	msxc	8	65.4	19.7	NA	NA	NA	NA	NA	NA	NA
ENSDART00000101616	LRIF1	5	76.1	89.6	NA	NA	NA	NA	NA	NA	NA
ENSDART00000101617	aip	1	16.6	16.6	NA	NA	NA	NA	NA	NA	NA
ENSDART00000081663	prdx1	134	31.1	22.9	9.3	14.2	41.6	63.4	33.44	52.32	0.645787693417
ENSDART00000102498	sfrp2	2	42.3	42.3	NA	NA	NA	NA	NA	NA	NA
ENSDART00000081666	ube2r2	20	50.7	46.5	-0.9	18.1	74.8	107.2	NA	NA	NA
ENSDART00000051491	sfrp1a	349	63.6	51.9	8.5	19.6	98.8	131.9	NA	NA	NA
ENSDART00000138508	zgc:194210	1	181.0	181.0	NA	NA	NA	NA	NA	NA	NA
ENSDART00000102493	zgc:173548	11	22.3	18.5	12.4	15.6	24.8	29.3	NA	NA	NA
ENSDART00000135491	CU182107.1	1	45.2	45.2	NA	NA	NA	NA	NA	NA	NA
ENSDART00000139050	si:dkey-10f21.4	5	31.6	28.1	NA	NA	NA	NA	NA	NA	NA
ENSDART00000050644	serpinb1l4	55	73.4	71.7	8.8	41.2	97.4	131.3	NA	NA	NA
ENSDART00000128039	porcn	2	36.7	36.7	NA	NA	NA	NA	NA	NA	NA
ENSDART00000082866	foxj1a	3	48.7	17.3	NA	NA	NA	NA	NA	NA	NA
ENSDART00000138953	rgcc	123	61.9	49.6	11.0	19.3	93.9	137.3	NA	NA	NA
ENSDART00000138952	APOD	67	31.1	28.9	10.7	20.2	42.4	52.3	40.75	22.32	-0.868463032177
ENSDART00000010991	arhgef18b	25	43.5	24.1	7.5	16.7	36.3	117.8	5.61	7.96	0.504767659935
ENSDART00000066806	mcee	16	44.6	31.0	16.6	20.2	45.7	82.5	NA	NA	NA
ENSDART00000138959	si:ch211-251j10.3	1	161.5	161.5	NA	NA	NA	NA	NA	NA	NA
ENSDART00000103549	skib	10	63.0	50.6	11.6	15.3	84.6	132.8	NA	NA	NA
ENSDART00000111426	si:ch211-208h7.4	9	32.1	12.4	NA	NA	NA	NA	3.09	2.37	-0.382719779006
ENSDART00000141977	herc3	4	47.8	46.7	NA	NA	NA	NA	NA	NA	NA
ENSDART00000114008	CU929087.1	38	28.0	22.5	7.7	13.3	38.9	49.8	NA	NA	NA
ENSDART00000129313	sept9a	93	57.8	37.9	10.0	19.9	76.7	137.9	6.31	16.69	1.40327204438
ENSDART00000085377	zgc:103670	1	-6.2	-6.2	NA	NA	NA	NA	7.89	31.15	1.9811349579
ENSDART00000041515	sar1ab	1	0.7	0.7	NA	NA	NA	NA	NA	NA	NA
ENSDART00000129955	wu:fd44f01	72	52.1	36.8	8.6	16.0	82.5	105.7	11.67	20.68	0.825431624608
ENSDART00000148961	s100a10b	1	17.9	17.9	NA	NA	NA	NA	NA	NA	NA
ENSDART00000139805	mcm9	11	79.9	81.4	24.6	36.7	109.4	132.7	4.17	2.09	-0.996544441364
ENSDART00000001159	mgat4b	46	36.9	28.5	12.1	20.5	42.8	77.5	NA	NA	NA
ENSDART00000128775	vegfaa	1	11.0	11.0	NA	NA	NA	NA	NA	NA	NA
ENSDART00000004921	fgd1	6	88.8	72.9	NA	NA	NA	NA	NA	NA	NA
ENSDART00000004923	smurf1	61	54.1	33.4	8.0	19.2	71.0	127.4	8.08	36.62	2.18020459305
ENSDART00000098963	dscama	10	24.3	26.3	12.3	13.5	33.3	35.6	NA	NA	NA
ENSDART00000057638	hk1	48	74.6	62.4	22.8	39.5	104.0	131.3	NA	NA	NA
ENSDART00000123155	si:dkeyp-46h3.6	8	40.4	43.8	NA	NA	NA	NA	NA	NA	NA
ENSDART00000056614	ubtf	280	63.5	48.8	11.3	20.9	101.8	135.8	38.96	124.16	1.6721348801
ENSDART00000074609	suclg1	32	56.1	38.7	16.8	21.5	67.3	117.0	23.67	41.3	0.803082075572
ENSDART00000058107	mcfd2	41	27.3	23.0	5.7	13.7	32.3	46.4	NA	NA	NA
ENSDART00000056618	mrpl12	90	64.4	56.2	17.0	25.3	91.3	133.6	NA	NA	NA
ENSDART00000074605	pkp1b	21	78.6	54.2	11.7	25.4	129.5	203.5	NA	NA	NA
ENSDART00000074602	SMPD2	28	19.4	16.8	9.3	13.0	24.7	31.5	NA	NA	NA
ENSDART00000113111	psmb5	225	63.0	52.3	23.1	35.6	85.3	117.3	72.82	265.99	1.86896536216
ENSDART00000074600	si:dkey-162b23.4	1	19.2	19.2	NA	NA	NA	NA	NA	NA	NA
ENSDART00000058100	xpc	57	47.1	27.6	11.7	17.1	52.5	119.9	31.71	12.88	-1.29980528399
ENSDART00000128776	ammecr1	352	84.6	81.8	22.3	42.5	116.0	150.6	41.24	120.68	1.54907036378
ENSDART00000092591	sec22c	7	73.4	22.8	NA	NA	NA	NA	NA	NA	NA
ENSDART00000133159	si:ch211-133n4.6	2	57.7	57.7	NA	NA	NA	NA	NA	NA	NA
ENSDART00000020463	C2H1orf35	179	58.3	43.1	14.8	24.1	81.8	130.7	129.89	57.19	-1.18345555388
ENSDART00000027304	mapk12b	143	65.3	53.9	13.7	28.2	97.5	127.2	NA	NA	NA
ENSDART00000050729	hddc2	35	42.0	33.2	14.8	22.3	45.9	58.7	NA	NA	NA
ENSDART00000082315	arfip2a	7	44.0	25.3	NA	NA	NA	NA	NA	NA	NA
ENSDART00000146005	gtpbp1	114	55.4	33.2	10.1	15.0	92.5	129.1	8.65	30.92	1.8377682814
ENSDART00000082319	TMEM54	28	22.3	17.7	5.6	10.5	27.6	45.0	NA	NA	NA
ENSDART00000114004	PIK3CA	1	57.0	57.0	NA	NA	NA	NA	NA	NA	NA
ENSDART00000077008	alox5ap	1	39.8	39.8	NA	NA	NA	NA	NA	NA	NA
ENSDART00000053139	atp6v0cb	27	110.5	111.1	50.8	89.3	141.9	160.7	NA	NA	NA
ENSDART00000053138	CU424462.2	2	16.4	16.4	NA	NA	NA	NA	NA	NA	NA
ENSDART00000004656	GCA	61	44.8	31.7	9.2	14.3	66.9	88.2	NA	NA	NA
ENSDART00000129958	hnrnpa0b	4113	82.6	82.3	41.4	62.3	102.0	123.8	1286.03	5964.8	2.21354946743
ENSDART00000098346	smu1	271	88.0	77.0	24.3	45.9	124.3	163.8	51.3	152.19	1.56884283536
ENSDART00000053131	dusp2	2	16.1	16.1	NA	NA	NA	NA	NA	NA	NA
ENSDART00000127857	CU855694.1	232	52.5	39.7	8.5	17.4	74.9	120.6	14.02	42.92	1.61416372675
ENSDART00000109858	knstrn	40	60.8	36.3	6.3	13.2	90.2	123.9	NA	NA	NA
ENSDART00000009386	gpatch1	33	63.3	41.3	17.2	25.7	62.9	143.2	13.45	10.54	-0.351731305807
ENSDART00000009385	yif1a	54	23.9	19.5	8.4	11.7	30.1	37.2	NA	NA	NA
ENSDART00000143639	vps8	10	71.5	36.0	15.1	19.7	133.1	177.5	NA	NA	NA
ENSDART00000143181	BX927122.3	18	91.2	77.7	31.1	45.6	136.4	155.1	NA	NA	NA
ENSDART00000128352	mitd1	19	61.5	45.6	10.9	19.9	88.6	160.5	NA	NA	NA
ENSDART00000004626	sec62	240	63.0	54.7	21.4	32.8	80.7	121.0	150.29	103.12	-0.543424849555
ENSDART00000126729	CR388231.2	1	4.7	4.7	NA	NA	NA	NA	NA	NA	NA
ENSDART00000126728	ifitm5	1	90.7	90.7	NA	NA	NA	NA	NA	NA	NA
ENSDART00000062699	GRB7	8	79.4	75.0	NA	NA	NA	NA	NA	NA	NA
ENSDART00000004625	zar1	29	50.6	53.8	15.3	27.1	61.4	83.1	18.45	5.66	-1.70474685812
ENSDART00000129517	syt12	2	178.7	178.7	NA	NA	NA	NA	NA	NA	NA
ENSDART00000126723	zfyve27	10	47.5	41.8	10.1	28.7	51.0	110.7	NA	NA	NA
ENSDART00000129044	krt5	1514	97.9	91.7	57.1	72.9	117.5	148.5	NA	NA	NA
ENSDART00000129510	FP074874.2	6	61.8	67.2	NA	NA	NA	NA	NA	NA	NA
ENSDART00000113144	zgc:173575	2	47.1	47.1	NA	NA	NA	NA	NA	NA	NA
ENSDART00000126897	lamtor5	53	67.0	56.6	18.0	27.0	88.9	135.0	NA	NA	NA
ENSDART00000113142	PHLDB1	21	78.1	65.2	18.0	47.5	115.2	142.7	NA	NA	NA
ENSDART00000005382	gadd45bb	210	74.4	66.8	8.9	25.1	116.1	141.7	NA	NA	NA
ENSDART00000126899	bcar1	19	37.1	17.8	2.8	9.4	57.6	105.9	NA	NA	NA
ENSDART00000002177	copz2	16	38.3	21.1	14.5	16.0	32.2	100.1	NA	NA	NA
ENSDART00000110177	adhfe1	63	22.0	16.0	5.6	10.9	24.8	37.7	7.46	13.89	0.896799063726
ENSDART00000112359	PVRL4	1	47.5	47.5	NA	NA	NA	NA	NA	NA	NA
ENSDART00000092406	CU694372.1	10	36.5	29.8	19.2	21.5	38.2	67.6	NA	NA	NA
ENSDART00000142855	tbx6l	67	96.1	85.2	33.9	53.8	126.8	162.9	NA	NA	NA
ENSDART00000035259	mgst1	23	59.1	52.5	28.8	39.6	69.3	96.9	NA	NA	NA
ENSDART00000024815	fam76b	748	62.2	50.6	14.6	27.2	90.9	128.8	61.49	344.01	2.4840267912
ENSDART00000143457	cndp2	89	77.2	70.1	11.8	35.5	117.1	142.5	18.98	77.91	2.03732852238
ENSDART00000143987	VAV2	3	15.4	16.0	NA	NA	NA	NA	NA	NA	NA
ENSDART00000006870	ptgs2a	96	52.5	22.8	5.7	10.5	87.8	137.3	NA	NA	NA
ENSDART00000143451	cnih2	1	156.8	156.8	NA	NA	NA	NA	NA	NA	NA
ENSDART00000145674	stat1b	6	42.3	40.3	NA	NA	NA	NA	NA	NA	NA
ENSDART00000106645	dstyk	411	39.0	30.0	10.6	18.1	49.2	73.9	93.61	18.64	-2.32826079567
ENSDART00000106643	HOOK2	100	29.3	22.9	10.2	14.8	37.9	62.3	NA	NA	NA
ENSDART00000135307	SALL2	33	61.1	49.4	14.8	17.4	90.5	126.8	NA	NA	NA
ENSDART00000087097	ogfrl1	1	15.1	15.1	NA	NA	NA	NA	NA	NA	NA
ENSDART00000079518	dnajc1	226	50.1	44.6	24.1	30.9	56.1	77.8	156.83	49.28	-1.67012739774
ENSDART00000079514	efnb3a	18	64.2	54.8	18.2	26.6	89.2	119.1	NA	NA	NA
ENSDART00000052666	rasal2	78	74.8	51.0	9.4	15.2	131.3	176.6	11.13	15.12	0.442004546879
ENSDART00000087099	CU607104.2	1	105.9	105.9	NA	NA	NA	NA	NA	NA	NA
ENSDART00000082987	hs3st3b1a	13	32.6	19.7	-3.0	8.0	40.4	72.9	NA	NA	NA
ENSDART00000076350	mthfd2l	1	15.6	15.6	NA	NA	NA	NA	NA	NA	NA
ENSDART00000121923	ptch1	6	68.5	50.1	NA	NA	NA	NA	NA	NA	NA
ENSDART00000079431	rtn2b	1	7.3	7.3	NA	NA	NA	NA	NA	NA	NA
ENSDART00000132346	lrrc6	4	43.0	45.4	NA	NA	NA	NA	NA	NA	NA
ENSDART00000112763	BX323064.1	10	19.3	12.3	4.7	9.0	26.5	38.9	NA	NA	NA
ENSDART00000042158	serhl	2	10.0	10.0	NA	NA	NA	NA	NA	NA	NA
ENSDART00000128397	tjp3	157	49.8	27.3	4.9	12.7	84.8	119.7	20.21	87.22	2.1095896687
ENSDART00000053399	aldh8a1	1	42.9	42.9	NA	NA	NA	NA	NA	NA	NA
ENSDART00000128395	rwdd	159	73.3	60.5	18.4	32.9	106.4	142.2	44.98	80.45	0.838808759833
ENSDART00000148021	cenpv	3	37.1	32.6	NA	NA	NA	NA	NA	NA	NA
ENSDART00000141979	bard1	33	48.8	26.3	9.0	18.1	58.0	133.2	NA	NA	NA
ENSDART00000045518	prkrip1	158	54.7	42.7	13.9	24.9	75.4	103.5	121.09	84.32	-0.522132955487
ENSDART00000112107	ypel2a	3	106.5	133.2	NA	NA	NA	NA	NA	NA	NA
ENSDART00000059252	dfna5	7	27.3	16.9	NA	NA	NA	NA	NA	NA	NA
ENSDART00000153244	bub3	235	82.1	75.9	20.8	41.1	117.1	147.3	64.84	89.77	0.469349304196
ENSDART00000051749	zgc:91910	813	58.8	51.3	18.1	29.8	77.0	111.4	145.14	443.55	1.61165156903
ENSDART00000065807	kctd13	13	71.4	47.1	28.0	35.6	99.5	159.5	NA	NA	NA
ENSDART00000065033	ngf	2	41.0	41.0	NA	NA	NA	NA	NA	NA	NA
ENSDART00000111228	FAM222B	109	62.8	50.4	16.7	28.8	90.9	123.7	NA	NA	NA
ENSDART00000087899	eif4ba	14	38.0	29.9	7.1	15.5	40.7	85.6	16.46	28.24	0.77877575285
ENSDART00000091177	trim36	49	29.2	15.5	5.6	8.9	27.3	68.0	20.36	2.63	-2.95260285678
ENSDART00000061007	mt2	109	32.7	24.4	6.5	14.0	39.7	63.3	76.38	90.91	0.251244078055
ENSDART00000025410	zgc:109986	12	59.5	43.5	3.1	14.5	104.1	129.1	NA	NA	NA
ENSDART00000025145	unc93b1	2	25.0	25.0	NA	NA	NA	NA	NA	NA	NA
ENSDART00000111225	ccdc173	2	21.0	21.0	NA	NA	NA	NA	NA	NA	NA
ENSDART00000114081	sms	16	38.9	22.8	8.5	15.7	42.5	62.5	12.89	1.4	-3.20275353142
ENSDART00000114083	mcf2la	2	10.4	10.4	NA	NA	NA	NA	NA	NA	NA
ENSDART00000100744	tmem177	21	32.1	21.7	7.6	10.4	38.0	49.8	NA	NA	NA
ENSDART00000052444	pcdh10b	11	72.6	36.3	20.5	23.2	127.0	136.4	NA	NA	NA
ENSDART00000052917	slc3a2a	9	98.6	77.1	NA	NA	NA	NA	NA	NA	NA
ENSDART00000100743	cttnbp2	7	9.5	10.9	NA	NA	NA	NA	NA	NA	NA
ENSDART00000137655	stag2a	37	73.2	61.2	8.1	15.3	115.0	145.0	3.13	3.28	0.0675331576855
ENSDART00000025724	NAPSA	4	26.3	26.5	NA	NA	NA	NA	NA	NA	NA
ENSDART00000037516	znf827	4	87.3	66.7	NA	NA	NA	NA	NA	NA	NA
ENSDART00000149365	tnnt2a	2	46.0	46.0	NA	NA	NA	NA	NA	NA	NA
ENSDART00000037515	msto1	79	62.6	40.3	13.0	22.3	86.5	147.8	NA	NA	NA
ENSDART00000086946	mov10b.1	1	49.9	49.9	NA	NA	NA	NA	NA	NA	NA
ENSDART00000123338	kif3a	4	88.2	83.3	NA	NA	NA	NA	NA	NA	NA
ENSDART00000090370	noxo1a	12	118.1	121.6	68.8	97.8	139.1	153.6	NA	NA	NA
ENSDART00000090803	fem1b	64	50.0	40.1	11.4	19.7	69.1	97.8	NA	NA	NA
ENSDART00000090377	SHISA7	2	96.1	96.1	NA	NA	NA	NA	NA	NA	NA
ENSDART00000049170	zgc:85975	169	101.6	96.5	48.4	71.9	133.5	160.9	NA	NA	NA
ENSDART00000088238	slc25a17	16	72.7	46.4	13.8	16.0	120.1	154.9	NA	NA	NA
ENSDART00000141170	stam	54	56.4	30.4	12.1	20.0	76.1	143.0	NA	NA	NA
ENSDART00000141177	slc24a4a	2	14.1	14.1	NA	NA	NA	NA	NA	NA	NA
ENSDART00000080323	ugt5b4	1	1.1	1.1	NA	NA	NA	NA	NA	NA	NA
ENSDART00000109148	brap	17	40.4	25.3	2.3	13.2	51.3	79.9	NA	NA	NA
ENSDART00000105518	camk2g1	127	36.0	29.6	8.5	17.3	46.7	68.5	7.4	51.09	2.78744375988
ENSDART00000085945	tsfm	31	64.7	48.0	18.2	27.3	101.0	134.8	NA	NA	NA
ENSDART00000115422	nudcd2	34	50.5	36.3	12.1	21.8	65.7	99.1	NA	NA	NA
ENSDART00000109142	WDR53	20	45.2	41.7	10.7	14.5	64.4	92.9	NA	NA	NA
ENSDART00000099769	ccdc22	78	36.8	20.0	4.5	12.3	36.6	83.3	17.7	13.97	-0.341417339561
ENSDART00000080328	NF1	8	41.1	27.2	NA	NA	NA	NA	2.24	5.66	1.33730332077
ENSDART00000104725	snx14	105	39.7	32.1	17.0	23.4	46.5	61.4	16.56	13.4	-0.305469672154
ENSDART00000006120	pik3cd	1	2.6	2.6	NA	NA	NA	NA	NA	NA	NA
ENSDART00000104025	flot1b	275	104.6	99.9	58.4	79.6	122.3	151.6	NA	NA	NA
ENSDART00000078135	tln1	25	48.5	43.4	12.9	17.9	63.8	106.4	2.54	26.78	3.39825555855
ENSDART00000006124	cops2	158	37.5	28.0	11.0	17.1	42.9	63.7	26.64	54.32	1.02788939717
ENSDART00000006657	huwe1	131	73.7	55.1	19.0	32.2	109.8	151.1	24.36	34.89	0.518299464288
ENSDART00000088520	noa1	50	78.8	80.1	6.6	20.1	105.4	170.2	13.44	5.87	-1.19510072967
ENSDART00000104728	zgc:136895	2	104.2	104.2	NA	NA	NA	NA	NA	NA	NA
ENSDART00000103450	lactbl1b	1	24.1	24.1	NA	NA	NA	NA	NA	NA	NA
ENSDART00000145852	arpc5b	8	47.8	26.8	NA	NA	NA	NA	NA	NA	NA
ENSDART00000114338	mia2	1	1.2	1.2	NA	NA	NA	NA	NA	NA	NA
ENSDART00000148363	cramp1l	36	50.9	23.5	4.7	10.5	68.6	139.6	10.4	9.49	-0.132103536007
ENSDART00000109044	GRM8	2	43.1	43.1	NA	NA	NA	NA	NA	NA	NA
ENSDART00000089133	rufy2	13	27.8	23.0	11.7	18.1	32.3	57.8	NA	NA	NA
ENSDART00000123333	CABZ01084010.1	1	71.9	71.9	NA	NA	NA	NA	NA	NA	NA
ENSDART00000020040	PDCL3	19	83.7	59.0	40.9	50.9	132.2	144.5	NA	NA	NA
ENSDART00000040769	nr2f5	1	74.6	74.6	NA	NA	NA	NA	NA	NA	NA
ENSDART00000123443	daxx	102	45.0	31.7	6.9	14.2	62.4	108.4	49.93	49.72	-0.00608061027761
ENSDART00000062618	serpinc1	2	86.5	86.5	NA	NA	NA	NA	NA	NA	NA
ENSDART00000125352	phf2	6	41.6	27.4	NA	NA	NA	NA	NA	NA	NA
ENSDART00000064513	il17a/f2	2	33.5	33.5	NA	NA	NA	NA	NA	NA	NA
ENSDART00000136655	NDUFA3	84	81.3	73.6	23.6	41.5	106.5	143.3	NA	NA	NA
ENSDART00000136656	selm	27	61.0	59.8	22.5	40.7	75.4	91.7	NA	NA	NA
ENSDART00000136657	vrk3	132	38.4	31.8	10.9	17.0	49.5	74.8	16.11	93.22	2.53268301883
ENSDART00000064515	lrrc57	30	49.2	52.5	11.2	15.4	76.0	96.9	NA	NA	NA
ENSDART00000039165	styx	83	90.1	86.7	18.4	47.5	126.0	155.8	36.99	39.85	0.107444423754
ENSDART00000141358	apom	1	28.6	28.6	NA	NA	NA	NA	NA	NA	NA
ENSDART00000099355	PRR5	50	83.9	77.9	23.7	32.3	113.3	160.1	NA	NA	NA
ENSDART00000099351	ppp1r26	29	51.1	38.5	8.0	27.3	75.6	102.4	9.04	15.9	0.814632087757
ENSDART00000067311	C4H12orf66	44	31.6	25.6	8.7	17.1	42.9	57.3	NA	NA	NA
ENSDART00000099535	C21H9orf114	56	52.4	44.0	10.6	20.2	78.4	104.9	49.06	29.12	-0.752536878359
ENSDART00000102522	pet112	5	38.2	17.7	NA	NA	NA	NA	NA	NA	NA
ENSDART00000039969	slc20a1b	180	82.4	75.8	16.8	34.7	115.8	161.6	12.14	31.41	1.3714555214
ENSDART00000127182	arl2bp	29	39.3	27.6	4.7	17.9	46.4	104.3	NA	NA	NA
ENSDART00000011201	copz1	206	59.1	50.9	19.1	30.0	79.0	112.2	39.06	149.86	1.93985150225
ENSDART00000079364	SNAPC2	8	18.5	16.5	NA	NA	NA	NA	NA	NA	NA
ENSDART00000019786	smc3	250	111.3	118.3	44.4	87.0	143.0	163.3	22.57	129.27	2.51790918064
ENSDART00000000382	trio	2	18.3	18.3	NA	NA	NA	NA	NA	NA	NA
ENSDART00000019785	sult3st1	9	33.2	23.1	NA	NA	NA	NA	NA	NA	NA
ENSDART00000025853	zfp36l1a	90	56.6	38.0	13.1	18.6	68.1	139.8	NA	NA	NA
ENSDART00000081325	dynll1	4790	78.1	73.3	31.8	49.5	101.3	130.1	968.02	2842.4	1.55400083373
ENSDART00000121710	CABZ01028403.1	1	2.0	2.0	NA	NA	NA	NA	NA	NA	NA
ENSDART00000081326	prpf40a	320	47.3	38.8	17.8	25.0	57.9	88.7	63.32	165.49	1.38601088191
ENSDART00000044519	cx44.2	15	28.7	20.0	7.9	17.1	35.7	52.7	NA	NA	NA
ENSDART00000100396	ppp1r15a	45	89.1	94.6	18.5	37.8	126.2	151.1	NA	NA	NA
ENSDART00000121716	FAM107A	1	20.2	20.2	NA	NA	NA	NA	NA	NA	NA
ENSDART00000046355	PRR5L	14	39.2	27.6	4.0	16.1	53.9	90.0	NA	NA	NA
ENSDART00000122534	slc25a43	7225	75.9	69.9	34.2	50.0	97.4	125.5	NA	NA	NA
ENSDART00000122535	RPAP3	32	48.4	24.2	15.4	20.4	52.0	119.1	NA	NA	NA
ENSDART00000122536	BX950186.2	48	62.2	50.6	17.4	31.3	98.2	122.1	41.13	13.17	-1.64293572624
ENSDART00000111915	si:dkey-20i10.7	3	59.7	50.1	NA	NA	NA	NA	NA	NA	NA
ENSDART00000015967	lsr	87	28.1	20.7	11.2	15.4	30.8	63.5	10.31	15.75	0.611307495907
ENSDART00000149580	nrip1b	13	43.4	24.9	7.3	14.8	72.4	101.3	NA	NA	NA
ENSDART00000024204	pnp5b	4	32.8	12.6	NA	NA	NA	NA	NA	NA	NA
ENSDART00000149586	gna15.1	377	57.4	49.0	10.2	22.3	81.5	115.9	NA	NA	NA
ENSDART00000123615	ASB5	18	53.3	36.9	21.2	27.1	73.7	116.2	NA	NA	NA
ENSDART00000103282	ADORA3	14	13.1	11.3	7.1	8.2	14.6	20.0	NA	NA	NA
ENSDART00000122495	TUBB6	1	185.2	185.2	NA	NA	NA	NA	NA	NA	NA
ENSDART00000102420	cyp2aa8	291	49.7	35.2	13.7	19.2	62.9	104.8	NA	NA	NA
ENSDART00000136265	FAM72B	44	81.3	73.0	12.3	30.0	119.9	148.6	NA	NA	NA
ENSDART00000088690	lman2	261	79.9	74.2	28.3	44.3	107.6	136.3	36.93	120.07	1.70101056492
ENSDART00000144728	zcchc14	1	31.3	31.3	NA	NA	NA	NA	NA	NA	NA
ENSDART00000018788	BBX	8	72.1	79.2	NA	NA	NA	NA	19.28	18.47	-0.0619211852475
ENSDART00000064444	paf1	350	71.6	63.3	14.4	30.4	103.9	140.8	22.43	80.95	1.8516014601
ENSDART00000121848	srrm1	504	99.5	99.7	43.2	70.8	126.8	155.1	122.91	387.34	1.65599819528
ENSDART00000146585	si:dkey-69o16.5	3	53.1	37.0	NA	NA	NA	NA	NA	NA	NA
ENSDART00000044264	mmp14b	6	64.0	57.2	NA	NA	NA	NA	NA	NA	NA
ENSDART00000121843	ccdc146	2	11.1	11.1	NA	NA	NA	NA	NA	NA	NA
ENSDART00000121842	CABZ01049057.1	172	32.5	27.6	9.6	16.3	42.9	56.0	27.71	13.2	-1.06986878124
ENSDART00000121845	numbl	1	23.5	23.5	NA	NA	NA	NA	NA	NA	NA
ENSDART00000121847	cstf1	266	56.3	50.8	13.0	30.2	74.7	109.2	54.68	242.78	2.1505644305
ENSDART00000147188	trpm3	1	20.2	20.2	NA	NA	NA	NA	NA	NA	NA
ENSDART00000081949	lats1	16	49.6	35.1	17.9	21.8	65.2	96.6	3.22	6.66	1.04846148896
ENSDART00000105417	prom1a	63	36.6	32.7	8.7	19.7	50.3	66.8	NA	NA	NA
ENSDART00000100170	glula	902	95.3	95.8	36.6	64.3	126.8	149.2	113.03	524.91	2.21536434424
ENSDART00000100173	RANBP3	284	47.5	36.5	13.1	24.4	57.1	98.6	59.03	175.03	1.56808197311
ENSDART00000122263	FAM210A	17	39.3	16.5	9.3	10.7	53.1	94.7	NA	NA	NA
ENSDART00000053380	hax1	6	47.7	37.5	NA	NA	NA	NA	NA	NA	NA
ENSDART00000038696	flvcr2b	12	15.8	13.4	8.6	9.1	17.2	26.2	NA	NA	NA
ENSDART00000114378	fbxw8	50	49.4	40.3	13.8	19.0	70.3	101.8	14.71	7.12	-1.04684810029
ENSDART00000105419	si:ch211-212d10.2	2	25.0	25.0	NA	NA	NA	NA	NA	NA	NA
ENSDART00000147187	phyhd1	74	29.2	26.7	10.6	18.7	38.1	48.4	15.27	19.61	0.360889473395
ENSDART00000149743	pparda	8	43.7	47.3	NA	NA	NA	NA	NA	NA	NA
ENSDART00000151720	CD99L2	1	166.4	166.4	NA	NA	NA	NA	NA	NA	NA
ENSDART00000152173	TPP2	492	61.5	60.2	24.6	44.5	77.0	93.0	18.02	121.16	2.74924256698
ENSDART00000064888	tcta	40	64.8	51.8	20.0	32.4	89.3	120.5	NA	NA	NA
ENSDART00000073596	ist1	157	36.4	20.0	6.1	10.1	37.8	82.7	NA	NA	NA
ENSDART00000034850	dbi	89	70.7	68.0	26.3	40.2	98.3	119.7	NA	NA	NA
ENSDART00000090483	cplx3a	1	58.7	58.7	NA	NA	NA	NA	NA	NA	NA
ENSDART00000036235	iscub	6	88.2	91.8	NA	NA	NA	NA	NA	NA	NA
ENSDART00000098415	ing5b	107	42.0	31.8	12.4	18.7	59.3	86.2	119.2	161.33	0.436630502922
ENSDART00000103159	smim12	44	32.8	23.9	9.2	14.1	41.2	71.1	NA	NA	NA
ENSDART00000033316	vangl2	106	83.2	83.2	9.4	38.5	120.5	161.1	19.1	166.63	3.12500362297
ENSDART00000099977	MEX3C	21	13.5	15.4	-6.9	6.9	24.8	28.6	NA	NA	NA
ENSDART00000103153	FBXO2	278	68.1	55.4	22.2	32.7	95.9	128.8	60.07	90.93	0.598111688979
ENSDART00000103151	dlgap3	2	131.6	131.6	NA	NA	NA	NA	NA	NA	NA
ENSDART00000082415	FAM126B	13	56.1	52.0	21.9	24.4	97.9	103.7	NA	NA	NA
ENSDART00000084135	ubtd1a	2	104.6	104.6	NA	NA	NA	NA	NA	NA	NA
ENSDART00000017932	carf	18	101.3	117.0	24.3	61.4	141.2	158.7	8.83	2.14	-2.04480264125
ENSDART00000146764	cox17	99	35.2	26.9	8.2	15.7	41.5	78.4	NA	NA	NA
ENSDART00000019521	dip2ba	23	31.5	18.1	7.5	10.9	27.2	52.6	2.62	3.82	0.544005826498
ENSDART00000061698	gcshb	32	139.6	151.8	83.2	109.1	165.2	187.7	NA	NA	NA
ENSDART00000133160	nup37	38	73.9	56.0	24.3	36.5	102.3	139.7	NA	NA	NA
ENSDART00000065397	fkbp2	65	30.9	23.0	5.0	12.7	35.2	56.4	NA	NA	NA
ENSDART00000026383	sigmar1	173	39.9	31.8	13.7	19.2	53.7	74.0	33.39	48.44	0.536782771631
ENSDART00000081946	zgc:112332	52	32.9	20.7	10.1	14.7	35.7	67.6	NA	NA	NA
ENSDART00000030205	bnip3lb	121	48.5	46.1	17.0	28.2	67.3	83.9	NA	NA	NA
ENSDART00000102823	zak	10	48.4	39.7	2.0	23.7	63.7	100.7	NA	NA	NA
ENSDART00000139962	pawr	7	25.9	17.5	NA	NA	NA	NA	NA	NA	NA
ENSDART00000011178	opn1sw2	6	38.4	35.9	NA	NA	NA	NA	NA	NA	NA
ENSDART00000015780	ercc4	8	75.7	63.0	NA	NA	NA	NA	NA	NA	NA
ENSDART00000015786	gyltl1b	63	79.9	69.3	13.8	32.3	110.7	155.2	NA	NA	NA
ENSDART00000074290	MIA	10	68.1	65.4	40.7	50.2	77.7	114.4	NA	NA	NA
ENSDART00000013839	tmbim4	82	42.9	33.2	15.2	20.6	46.1	78.4	NA	NA	NA
ENSDART00000133059	cited4a	47	59.1	53.5	8.1	23.5	84.3	115.2	NA	NA	NA
ENSDART00000074294	actr2a	208	75.3	79.3	22.8	44.5	103.1	120.4	19.6	98.86	2.33453325214
ENSDART00000027919	pax4	1	129.9	129.9	NA	NA	NA	NA	NA	NA	NA
ENSDART00000045110	chd	237	59.1	47.8	9.9	19.6	85.6	128.5	NA	NA	NA
ENSDART00000017930	kcnk13a	2	62.2	62.2	NA	NA	NA	NA	NA	NA	NA
ENSDART00000080709	plcg2	12	36.1	26.3	4.2	4.4	53.3	59.0	NA	NA	NA
ENSDART00000013835	bloc1s1	12	21.7	16.0	10.2	12.3	26.3	31.7	NA	NA	NA
ENSDART00000059441	GCNT7	62	43.5	27.1	8.3	14.7	63.4	124.4	NA	NA	NA
ENSDART00000151099	cacng5a	2	45.2	45.2	NA	NA	NA	NA	NA	NA	NA
ENSDART00000055134	ogfr	89	68.9	60.9	18.0	32.4	102.5	128.0	NA	NA	NA
ENSDART00000142444	si:dkey-30j22.2	2	21.8	21.8	NA	NA	NA	NA	NA	NA	NA
ENSDART00000045555	zgc:63637	34	46.9	36.7	13.8	22.6	66.4	90.3	NA	NA	NA
ENSDART00000103219	si:dkey-14d8.2	1	53.7	53.7	NA	NA	NA	NA	NA	NA	NA
ENSDART00000109548	atp8b5b	6	42.7	44.2	NA	NA	NA	NA	NA	NA	NA
ENSDART00000044371	tox	1	23.4	23.4	NA	NA	NA	NA	NA	NA	NA
ENSDART00000030995	umps	202	44.9	35.8	10.2	20.0	59.0	92.5	25.07	49.41	0.978841059614
ENSDART00000125706	C10H12orf44	90	28.5	21.9	4.1	10.1	35.0	66.3	NA	NA	NA
ENSDART00000051804	marcksl1b	7730	71.6	65.9	24.7	43.2	93.8	125.1	NA	NA	NA
ENSDART00000051807	lasp1	59	54.3	37.6	11.7	18.6	91.1	121.7	NA	NA	NA
ENSDART00000125705	zgc:152938	24	47.1	42.2	14.9	22.0	61.6	86.1	20.49	22.17	0.113688785856
ENSDART00000134892	mapk10	2	80.0	80.0	NA	NA	NA	NA	NA	NA	NA
ENSDART00000048633	trdmt1	2	26.3	26.3	NA	NA	NA	NA	NA	NA	NA
ENSDART00000109464	zgc:194314	1	177.1	177.1	NA	NA	NA	NA	NA	NA	NA
ENSDART00000099208	asph	127	107.7	106.8	40.1	70.1	136.4	169.9	22.64	64.47	1.50975402532
ENSDART00000086201	ush2a	2	19.9	19.9	NA	NA	NA	NA	NA	NA	NA
ENSDART00000153030	skap1	2	62.5	62.5	NA	NA	NA	NA	NA	NA	NA
ENSDART00000052352	ppp1r11	121	54.2	47.9	10.7	23.1	73.2	98.6	NA	NA	NA
ENSDART00000057155	cdkn3	5	56.5	18.0	NA	NA	NA	NA	NA	NA	NA
ENSDART00000106671	BX323449.2	1	31.4	31.4	NA	NA	NA	NA	NA	NA	NA
ENSDART00000106670	trmt112	85	70.1	66.1	21.0	36.1	99.4	116.0	NA	NA	NA
ENSDART00000013784	slc4a5	2	132.0	132.0	NA	NA	NA	NA	NA	NA	NA
ENSDART00000013781	mcm6	189	91.9	93.2	36.8	71.0	116.2	137.1	NA	NA	NA
ENSDART00000109467	DHX36	2	61.5	61.5	NA	NA	NA	NA	NA	NA	NA
ENSDART00000092239	lix1l	43	73.4	67.3	11.2	27.1	95.2	144.6	NA	NA	NA
ENSDART00000141539	COA6	32	67.7	53.2	17.1	20.8	95.4	151.4	NA	NA	NA
ENSDART00000014785	prg4a	1	119.4	119.4	NA	NA	NA	NA	NA	NA	NA
ENSDART00000014787	pip4k2aa	23	37.7	18.6	4.8	8.8	35.6	110.5	NA	NA	NA
ENSDART00000141915	si:ch211-166a6.5	250	91.5	89.8	28.3	54.0	124.1	149.4	48.86	110.75	1.18058093006
ENSDART00000101424	nefma	1	52.4	52.4	NA	NA	NA	NA	NA	NA	NA
ENSDART00000053892	C3H7orf55	45	80.5	58.4	31.0	40.9	111.7	152.8	NA	NA	NA
ENSDART00000112155	rrm2	3197	59.6	52.2	15.9	31.4	82.0	113.1	130.05	422.68	1.70049945053
ENSDART00000042624	arap3	4	14.5	15.3	NA	NA	NA	NA	NA	NA	NA
ENSDART00000112483	SLC22A31	80	38.2	32.7	14.6	19.1	50.2	63.2	NA	NA	NA
ENSDART00000114631	CR387996.1	143	55.0	42.5	10.5	20.8	73.6	120.8	7.68	16.98	1.14465824283
ENSDART00000108653	TCAIM	2	34.3	34.3	NA	NA	NA	NA	NA	NA	NA
ENSDART00000112484	nlgn2b	1	95.1	95.1	NA	NA	NA	NA	NA	NA	NA
ENSDART00000039907	btbd6b	26	76.4	38.5	11.3	19.7	153.0	178.8	NA	NA	NA
ENSDART00000112488	stip1	199	40.8	27.6	12.3	18.0	49.0	81.6	27.73	81.78	1.56030044649
ENSDART00000032262	fbxo28	447	58.9	49.7	13.2	25.9	82.5	122.9	NA	NA	NA
ENSDART00000122891	TMEM97	12	21.8	15.5	7.9	11.4	25.4	39.5	NA	NA	NA
ENSDART00000128250	mob2a	356	71.1	67.8	10.1	26.3	109.5	137.3	NA	NA	NA
ENSDART00000109626	si:dkey-175m17.7	9	66.8	52.7	NA	NA	NA	NA	NA	NA	NA
ENSDART00000099517	eif2ak2	4	93.1	104.2	NA	NA	NA	NA	NA	NA	NA
ENSDART00000109622	RMI2	87	50.5	38.0	14.3	21.9	64.5	116.6	30.44	46.9	0.623619563899
ENSDART00000109620	sept8a	135	61.6	57.3	20.2	35.2	78.6	103.0	43.75	133.37	1.60807926382
ENSDART00000143848	sub1a	774	89.2	85.6	45.5	65.6	106.3	134.9	239.32	334.18	0.481684425484
ENSDART00000078128	ube3a	38	77.9	63.4	14.9	27.3	104.9	157.0	5.9	14.95	1.34135862484
ENSDART00000109628	KCNA3	1	14.1	14.1	NA	NA	NA	NA	NA	NA	NA
ENSDART00000141530	osbp	29	43.8	32.6	13.6	22.7	49.1	71.7	7.37	14.73	0.999020905941
ENSDART00000054266	gnpda1	28	33.8	22.8	6.2	9.0	51.4	68.8	NA	NA	NA
ENSDART00000054264	nr3c1	22	50.3	32.0	12.4	21.4	78.1	112.0	NA	NA	NA
ENSDART00000076037	alg10	5	56.6	23.9	NA	NA	NA	NA	NA	NA	NA
ENSDART00000005263	usf1l	210	51.2	31.6	12.1	18.8	62.8	125.3	21.84	76.28	1.80433198739
ENSDART00000002545	mcrs1	131	85.5	79.9	20.7	47.0	126.0	149.7	30.7	75.95	1.30681130913
ENSDART00000076031	pigs	16	36.9	28.2	12.7	16.6	43.7	72.2	NA	NA	NA
ENSDART00000002547	bloc1s4	51	57.1	57.5	15.8	23.1	86.0	107.3	NA	NA	NA
ENSDART00000102086	cldna	24	55.3	51.7	12.3	22.5	69.6	91.1	NA	NA	NA
ENSDART00000060344	aagab	66	31.8	24.4	13.7	19.4	36.9	53.3	NA	NA	NA
ENSDART00000142460	nphp3	3	51.8	58.6	NA	NA	NA	NA	NA	NA	NA
ENSDART00000142465	abca1a	7	97.3	84.3	NA	NA	NA	NA	NA	NA	NA
ENSDART00000014434	bri3bp	55	52.0	34.6	12.9	20.0	63.7	136.6	NA	NA	NA
ENSDART00000127623	cul1a	160	74.6	73.8	18.7	38.8	96.2	133.4	15.72	38.96	1.30939245982
ENSDART00000127622	ralgps2	14	28.6	24.8	6.2	12.0	45.6	50.8	NA	NA	NA
ENSDART00000037750	myl12.1	1159	69.6	65.3	28.5	46.4	89.8	113.4	103.07	861.55	3.06331004885
ENSDART00000074710	PDGFC	4	16.8	17.1	NA	NA	NA	NA	NA	NA	NA
ENSDART00000101054	dnajc18	44	42.8	25.9	9.2	17.3	49.1	88.1	NA	NA	NA
ENSDART00000109167	RNF222	5	29.0	15.6	NA	NA	NA	NA	NA	NA	NA
ENSDART00000077745	zp2l1	4	38.5	39.3	NA	NA	NA	NA	17.74	3.74	-2.24589583441
ENSDART00000053278	mllt3	10	27.9	18.5	7.1	11.5	22.7	40.1	NA	NA	NA
ENSDART00000011577	btbd10b	375	69.9	61.9	13.6	23.5	106.9	142.1	26.46	68.3	1.3680725169
ENSDART00000080752	uba3	68	33.1	18.8	6.7	10.8	32.5	91.1	11.12	12.1	0.121850259438
ENSDART00000015535	ctnnbl1	153	51.5	47.5	18.3	31.6	66.1	82.1	33.17	90.13	1.44212837857
ENSDART00000063128	cyp2p9	1	308.0	308.0	NA	NA	NA	NA	NA	NA	NA
ENSDART00000136447	si:dkey-161j23.7	4	62.3	39.1	NA	NA	NA	NA	NA	NA	NA
ENSDART00000139684	lypla2	204	56.7	38.8	13.8	25.1	84.0	126.5	38.59	132.64	1.78121696295
ENSDART00000006463	phf6	122	57.2	36.4	9.0	16.3	98.7	131.4	19.16	17.64	-0.119247000179
ENSDART00000003634	stard3	85	55.8	36.2	8.3	17.1	68.2	140.0	12.02	32.81	1.44869869781
ENSDART00000048164	paics	226	66.4	45.8	11.7	22.5	96.3	152.4	34.24	111.29	1.70056935781
ENSDART00000126976	mycbp	9	56.3	41.6	NA	NA	NA	NA	NA	NA	NA
ENSDART00000114658	SECISBP2L	39	37.3	30.5	14.1	20.1	52.7	67.0	23.12	28.41	0.297257433689
ENSDART00000126971	slain2	35	47.6	22.4	5.3	11.5	82.0	122.5	NA	NA	NA
ENSDART00000113689	CR538726.1	18	29.9	12.2	6.7	9.5	28.7	99.5	NA	NA	NA
ENSDART00000126978	acadl	7	26.6	24.5	NA	NA	NA	NA	NA	NA	NA
ENSDART00000129259	GPANK1	9	60.5	26.9	NA	NA	NA	NA	NA	NA	NA
ENSDART00000129704	ABHD17A	110	55.1	44.5	15.8	27.6	65.9	105.8	24.16	32.61	0.432693986423
ENSDART00000133452	tmed2	592	36.7	30.6	10.9	18.7	46.1	71.1	81.95	198.65	1.27741293899
ENSDART00000149426	cd82a	41	117.9	116.4	63.0	87.2	146.2	176.5	NA	NA	NA
ENSDART00000105251	FBXO34	50	27.5	15.2	3.6	9.9	39.6	70.7	5.5	1.14	-2.27039779425
ENSDART00000105257	BX248496.1	3	23.7	18.4	NA	NA	NA	NA	NA	NA	NA
ENSDART00000017202	kcnk1b	1	53.6	53.6	NA	NA	NA	NA	NA	NA	NA
ENSDART00000062576	thyn1	52	20.0	17.5	4.4	8.8	29.0	39.9	28.87	27.45	-0.0727649583434
ENSDART00000138488	nasp	352	69.6	50.0	15.3	25.7	103.9	144.9	104.75	138.12	0.398971995379
ENSDART00000149779	gemin2	250	54.4	41.9	16.6	25.1	69.6	111.9	88.04	68.67	-0.358479181615
ENSDART00000004679	icn	13	109.9	112.3	76.6	95.6	127.7	137.4	NA	NA	NA
ENSDART00000064739	rpl13a	884	76.4	75.1	23.7	42.5	104.1	129.8	1545.7	594.74	-1.37792932395
ENSDART00000110328	SH3TC1	23	16.9	1.1	-4.9	-2.8	31.3	53.0	NA	NA	NA
ENSDART00000052090	FUCA1	31	65.5	42.9	7.6	33.2	91.4	114.8	NA	NA	NA
ENSDART00000128759	IL17RD	1	208.0	208.0	NA	NA	NA	NA	NA	NA	NA
ENSDART00000149777	setx	88	46.1	25.2	6.9	12.3	66.4	135.8	8.69	15.59	0.843192845883
ENSDART00000131169	bmp2b	135	59.8	31.2	10.2	15.0	92.4	146.0	NA	NA	NA
ENSDART00000067434	nudt4b	2	25.3	25.3	NA	NA	NA	NA	NA	NA	NA
ENSDART00000028099	smn1	69	63.7	42.2	7.8	18.1	105.8	136.8	22.0	22.78	0.0502642232961
ENSDART00000067433	ube2nb	440	73.0	69.4	22.4	40.3	100.3	127.0	59.08	247.06	2.06411972027
ENSDART00000091549	nt5dc3	10	46.0	30.7	15.3	17.5	42.4	67.5	NA	NA	NA
ENSDART00000005033	cmtm3	1	24.1	24.1	NA	NA	NA	NA	NA	NA	NA
ENSDART00000087421	tfpi2	1	17.4	17.4	NA	NA	NA	NA	NA	NA	NA
ENSDART00000145444	mob3a	216	46.1	37.4	13.0	22.5	63.1	98.8	27.1	101.79	1.90923107919
ENSDART00000005845	mtmr6	14	42.4	31.2	20.0	22.7	55.8	81.6	5.86	7.32	0.320942983862
ENSDART00000019705	bmp6	1	21.7	21.7	NA	NA	NA	NA	NA	NA	NA
ENSDART00000124028	anxa2b	10	98.2	109.0	70.3	83.1	114.3	122.8	NA	NA	NA
ENSDART00000113357	vhll	1	48.4	48.4	NA	NA	NA	NA	NA	NA	NA
ENSDART00000038505	rprmb	3	20.1	20.4	NA	NA	NA	NA	NA	NA	NA
ENSDART00000139003	ube2kb	81	49.7	29.1	8.3	15.3	69.3	117.5	NA	NA	NA
ENSDART00000124026	ubfd1	140	50.7	43.8	18.0	24.1	63.8	100.1	22.98	76.39	1.73300499349
ENSDART00000038501	zgc:175248	5	31.0	34.1	NA	NA	NA	NA	NA	NA	NA
ENSDART00000020249	dusp5	8	56.7	47.7	NA	NA	NA	NA	NA	NA	NA
ENSDART00000105499	CABZ01081674.1	1	26.3	26.3	NA	NA	NA	NA	NA	NA	NA
ENSDART00000081866	si:ch211-181l5.2	1	19.3	19.3	NA	NA	NA	NA	NA	NA	NA
ENSDART00000105622	CU855733.1	1	5.7	5.7	NA	NA	NA	NA	NA	NA	NA
ENSDART00000007738	TMCO6	9	67.6	70.1	NA	NA	NA	NA	NA	NA	NA
ENSDART00000150118	gba2	11	46.1	40.4	13.1	20.5	52.8	59.6	NA	NA	NA
ENSDART00000098390	ubl7	233	53.3	43.0	23.5	32.5	62.7	91.7	59.66	91.83	0.622201567913
ENSDART00000105628	aspm	99	52.6	29.9	10.3	16.0	85.2	130.7	19.94	32.81	0.71847018412
ENSDART00000098396	zgc:158464	3	18.1	22.8	NA	NA	NA	NA	NA	NA	NA
ENSDART00000114678	nanos1	3	61.6	74.7	NA	NA	NA	NA	NA	NA	NA
ENSDART00000007732	capn9	65	99.4	98.1	50.3	69.6	122.7	160.9	NA	NA	NA
ENSDART00000009973	sec14l1	82	55.4	40.9	7.4	17.4	75.2	127.5	15.76	39.12	1.3116388355
ENSDART00000090631	adck1	19	27.1	23.7	7.9	19.0	36.7	45.9	NA	NA	NA
ENSDART00000002595	rpl21	684	87.4	86.6	33.8	51.7	115.7	143.0	1554.79	638.32	-1.28436797729
ENSDART00000126951	uhrf1	0	NA	NA	NA	NA	NA	NA	7.99	56.19	2.81404599204
ENSDART00000130899	CU571402.1	2	27.2	27.2	NA	NA	NA	NA	NA	NA	NA
ENSDART00000129276	nrp1a	5	84.8	69.6	NA	NA	NA	NA	NA	NA	NA
ENSDART00000031761	fzd5	13	44.9	15.9	10.8	12.1	17.8	145.0	NA	NA	NA
ENSDART00000101659	cdc34a	163	48.2	47.0	17.4	29.4	64.3	82.6	15.54	93.72	2.59237045046
ENSDART00000133041	pank2	6	79.2	77.7	NA	NA	NA	NA	NA	NA	NA
ENSDART00000139423	mgat3	1	41.5	41.5	NA	NA	NA	NA	NA	NA	NA
ENSDART00000139420	elavl2	36	55.5	46.8	7.7	22.5	76.0	97.3	9.41	16.89	0.843902700073
ENSDART00000139354	stox2a	1	47.6	47.6	NA	NA	NA	NA	NA	NA	NA
ENSDART00000134107	acot13	8	49.1	50.4	NA	NA	NA	NA	NA	NA	NA
ENSDART00000063738	tssc1	4	14.3	13.4	NA	NA	NA	NA	NA	NA	NA
ENSDART00000111964	hmgb1a	656	74.3	65.2	11.0	31.7	108.6	152.5	141.84	242.66	0.77467187333
ENSDART00000137697	TMEM66	12	50.2	20.4	12.8	14.8	53.2	110.1	NA	NA	NA
ENSDART00000140481	nfu1	81	52.1	46.5	15.4	30.3	70.1	87.1	NA	NA	NA
ENSDART00000078187	FOXO4	44	39.4	31.1	7.8	14.4	53.0	75.6	NA	NA	NA
ENSDART00000135517	cenpf	166	84.6	68.7	12.6	30.4	130.6	167.4	23.98	41.79	0.801326099908
ENSDART00000085964	ARMC6	33	50.7	29.0	7.3	17.6	75.3	124.3	NA	NA	NA
ENSDART00000028895	negr1	16	43.7	39.6	13.8	20.0	52.3	86.1	NA	NA	NA
ENSDART00000065647	rrp9	388	84.1	74.6	22.4	42.4	114.4	153.4	67.82	102.32	0.593305479856
ENSDART00000049323	pou2f2b	1	9.2	9.2	NA	NA	NA	NA	NA	NA	NA
ENSDART00000125785	ddx10	115	62.1	40.5	16.4	24.0	94.3	135.9	21.67	28.98	0.419358441463
ENSDART00000129279	PCMTD2	3	31.1	12.3	NA	NA	NA	NA	NA	NA	NA
ENSDART00000104358	ARID3A	92	71.1	66.1	12.0	43.9	104.9	129.9	NA	NA	NA
ENSDART00000043076	ppdpfb	155	40.6	23.6	8.5	14.0	59.3	98.6	110.49	42.2	-1.38860089903
ENSDART00000026145	CABZ01086041.1	1	23.7	23.7	NA	NA	NA	NA	NA	NA	NA
ENSDART00000131597	zgc:194839	98	70.2	59.7	25.2	35.0	99.1	141.3	NA	NA	NA
ENSDART00000064709	txnrd1	156	47.4	26.6	10.0	16.6	59.5	116.5	12.09	21.93	0.859091567424
ENSDART00000018837	gstp1	56	16.1	11.0	4.1	7.7	21.5	38.5	NA	NA	NA
ENSDART00000060888	ccdc130	67	47.6	24.7	7.1	12.8	55.4	126.4	28.07	29.07	0.0505020076237
ENSDART00000073872	CR352260.1	2	29.3	29.3	NA	NA	NA	NA	NA	NA	NA
ENSDART00000064700	fuca2	38	66.8	45.1	14.4	26.4	96.5	145.4	8.01	7.37	-0.120137623314
ENSDART00000115217	si:zfos-223e1.2	3	41.4	41.8	NA	NA	NA	NA	NA	NA	NA
ENSDART00000020000	zgc:86599	909	76.8	67.5	26.1	42.7	102.7	141.2	148.68	403.26	1.43949971632
ENSDART00000123156	DAGLB	41	56.9	39.1	19.6	22.4	82.1	118.6	NA	NA	NA
ENSDART00000098850	lipg	15	19.5	16.3	5.3	10.0	22.0	40.5	NA	NA	NA
ENSDART00000130958	ccdc58	101	50.2	37.4	8.6	17.3	76.7	101.1	NA	NA	NA
ENSDART00000111052	olig3	1	64.3	64.3	NA	NA	NA	NA	NA	NA	NA
ENSDART00000087110	eif4g3b	62	67.8	54.7	8.9	20.1	91.8	152.5	8.94	32.83	1.87666801339
ENSDART00000047101	zp2.2	22	48.5	55.6	19.4	35.4	63.0	70.7	9.44	0.97	-3.28273020717
ENSDART00000075039	gosr2	54	34.4	21.2	4.9	12.6	43.5	78.8	NA	NA	NA
ENSDART00000062003	efnb3b	9	55.4	50.2	NA	NA	NA	NA	NA	NA	NA
ENSDART00000135473	si:ch211-10d23.5	19	46.3	25.8	2.7	17.8	68.7	114.1	10.58	14.39	0.443726964626
ENSDART00000135472	zgc:86764	42	53.3	33.2	10.3	17.2	69.6	152.1	14.28	11.14	-0.358246746689
ENSDART00000019063	pdcd10b	97	43.3	30.3	7.4	13.5	56.9	97.7	63.09	102.45	0.699436728446
ENSDART00000027666	nr2f6b	18	40.9	34.6	14.0	17.5	51.9	84.5	NA	NA	NA
ENSDART00000025940	ywhaba	512	49.2	35.8	10.5	17.7	72.2	109.3	53.44	399.61	2.90260077323
ENSDART00000113797	zbtb10	119	61.5	53.6	11.0	25.2	89.8	123.6	NA	NA	NA
ENSDART00000027661	myod1	1	154.6	154.6	NA	NA	NA	NA	NA	NA	NA
ENSDART00000122257	eomesa	52	23.3	14.2	3.6	8.6	24.9	61.7	NA	NA	NA
ENSDART00000122256	ccr6a	3	44.5	44.2	NA	NA	NA	NA	NA	NA	NA
ENSDART00000122700	tenm3	7	105.6	108.8	NA	NA	NA	NA	NA	NA	NA
ENSDART00000113876	pvrl4	2	7.4	7.4	NA	NA	NA	NA	NA	NA	NA
ENSDART00000122259	adam10a	156	61.9	56.4	22.4	39.2	79.1	108.4	14.14	52.42	1.89033523352
ENSDART00000051655	snrnp27	1017	62.9	57.7	24.6	39.1	78.2	108.9	268.65	410.57	0.611900376756
ENSDART00000122709	mtf2	38	56.2	34.9	6.3	12.9	95.5	146.9	9.71	16.0	0.720528704356
ENSDART00000060425	ftr53	3	106.2	116.1	NA	NA	NA	NA	NA	NA	NA
ENSDART00000051552	mpdu1a	2	38.1	38.1	NA	NA	NA	NA	NA	NA	NA
ENSDART00000133420	TBC1D14	4	17.1	17.7	NA	NA	NA	NA	NA	NA	NA
ENSDART00000067053	vta1	249	49.5	36.3	14.3	22.4	61.7	109.1	36.7	148.92	2.02068555312
ENSDART00000055279	snrnp70	608	67.2	56.9	21.5	31.7	93.1	128.5	130.93	141.76	0.11465480903
ENSDART00000103704	nap1l4a	282	50.6	47.1	20.0	31.3	65.5	82.3	29.07	178.46	2.61799776843
ENSDART00000085143	bnipl	23	107.3	101.3	34.2	64.0	159.7	174.1	NA	NA	NA
ENSDART00000085142	MAP1B	5	57.8	53.7	NA	NA	NA	NA	NA	NA	NA
ENSDART00000057983	mrpl38	108	70.0	54.0	19.8	34.7	99.1	137.8	51.76	35.73	-0.534701703407
ENSDART00000057980	tsta3	56	107.4	110.2	21.9	53.8	147.8	199.5	NA	NA	NA
ENSDART00000151240	ZXDA	0	NA	NA	NA	NA	NA	NA	5.43	9.42	0.794774861808
ENSDART00000111444	PPIP5K1	5	28.0	24.8	NA	NA	NA	NA	NA	NA	NA
ENSDART00000014159	f8	1	148.8	148.8	NA	NA	NA	NA	NA	NA	NA
ENSDART00000060169	mier1a	225	79.8	61.8	13.4	25.6	117.7	166.0	19.7	97.61	2.30883332765
ENSDART00000041751	ercc1	38	63.3	45.5	17.4	29.3	87.2	143.7	NA	NA	NA
ENSDART00000014152	aar2	33	51.3	40.3	8.6	17.9	77.3	91.1	NA	NA	NA
ENSDART00000058032	fam204a	27	32.2	20.2	10.7	15.3	38.8	46.8	NA	NA	NA
ENSDART00000126948	cog3	26	26.4	19.8	6.0	10.2	31.4	48.2	NA	NA	NA
ENSDART00000134044	vdac3	242	79.0	75.4	41.2	56.9	91.6	117.7	29.93	117.57	1.97385579483
ENSDART00000100619	C1H7orf55	236	50.4	37.0	12.5	19.9	68.4	113.1	79.86	85.56	0.099463410532
ENSDART00000056583	cct2	197	73.7	58.4	28.7	42.8	95.7	132.1	193.83	70.97	-1.44951066942
ENSDART00000044328	acss1	46	79.8	54.8	14.4	21.9	137.4	175.8	5.6	22.02	1.97531573662
ENSDART00000127367	CABZ01072511.1	32	34.0	35.6	12.9	18.7	43.9	47.0	NA	NA	NA
ENSDART00000074597	bdh2	14	23.0	17.2	7.1	13.1	24.3	52.2	NA	NA	NA
ENSDART00000074592	arrdc3a	16	65.2	53.9	2.7	21.1	108.7	137.1	NA	NA	NA
ENSDART00000022685	nradd	85	74.3	56.8	11.5	19.6	118.6	168.6	NA	NA	NA
ENSDART00000126370	foxo3b	32	44.1	32.2	8.0	11.1	63.9	98.6	NA	NA	NA
ENSDART00000066863	ralaa	42	38.2	34.4	10.0	28.8	53.3	59.1	NA	NA	NA
ENSDART00000102183	MAP3K6	23	70.2	49.1	6.5	26.5	115.9	136.0	NA	NA	NA
ENSDART00000138972	ZFHX3	20	27.9	17.1	6.6	10.9	45.0	61.1	NA	NA	NA
ENSDART00000133211	si:dkey-15h8.16	6	64.4	36.0	NA	NA	NA	NA	NA	NA	NA
ENSDART00000133210	si:dkey-28b4.8	10	36.5	25.9	15.6	17.6	40.1	62.6	NA	NA	NA
ENSDART00000008365	ncbp2	309	54.4	42.1	16.1	28.1	73.8	114.7	180.58	240.08	0.41087710697
ENSDART00000082082	gars	146	49.3	28.4	9.6	16.8	66.8	123.7	25.43	41.9	0.720418781897
ENSDART00000082085	gsc	298	44.0	24.5	5.4	9.6	69.0	116.0	NA	NA	NA
ENSDART00000082084	DDX24	120	83.4	81.1	24.4	39.6	121.6	149.2	65.06	22.73	-1.51717313822
ENSDART00000082087	nip7	177	61.4	54.5	16.7	32.9	82.6	115.9	80.64	205.52	1.3497112514
ENSDART00000050296	snrpe	436	76.3	67.6	21.1	34.5	106.4	150.0	341.09	525.86	0.624526302172
ENSDART00000124625	zgc:152948	33	23.4	15.0	4.7	9.3	29.5	35.0	NA	NA	NA
ENSDART00000014330	ier5	336	51.8	39.6	4.1	12.8	76.4	117.9	NA	NA	NA
ENSDART00000041531	park7	10	37.6	13.7	4.1	7.5	19.9	45.8	NA	NA	NA
ENSDART00000018523	ahcy	547	46.1	43.0	22.4	31.7	56.2	68.8	54.56	87.11	0.674994701584
ENSDART00000105761	zic3	259	65.6	46.9	6.9	17.8	108.0	150.2	NA	NA	NA
ENSDART00000004416	lrp1ba	1	36.4	36.4	NA	NA	NA	NA	NA	NA	NA
ENSDART00000040827	ncaph2	90	59.7	34.5	10.8	18.9	88.1	153.1	9.12	25.03	1.45655256152
ENSDART00000052383	cd81	59	112.9	118.0	69.0	94.2	134.7	160.9	NA	NA	NA
ENSDART00000056639	faim2a	4	39.8	37.2	NA	NA	NA	NA	NA	NA	NA
ENSDART00000081543	ptprna	1	17.2	17.2	NA	NA	NA	NA	NA	NA	NA
ENSDART00000125973	tbcd	2	58.2	58.2	NA	NA	NA	NA	NA	NA	NA
ENSDART00000114091	XPO5	3	17.0	16.3	NA	NA	NA	NA	NA	NA	NA
ENSDART00000003998	ewsr1b	3404	85.1	73.4	26.4	43.6	117.4	154.9	373.17	1173.15	1.65248257506
ENSDART00000003994	zgc:173594	1	92.3	92.3	NA	NA	NA	NA	NA	NA	NA
ENSDART00000078796	kansl2	136	44.7	26.5	7.3	14.0	59.7	112.9	36.43	46.36	0.347753571264
ENSDART00000113515	GAB2	1	13.3	13.3	NA	NA	NA	NA	NA	NA	NA
ENSDART00000078790	STK31	18	34.6	33.1	20.6	23.8	42.6	47.6	6.32	7.29	0.20599425615
ENSDART00000103663	kif6	6	75.6	65.6	NA	NA	NA	NA	NA	NA	NA
ENSDART00000128494	pla2g12b	166	120.9	121.9	80.0	95.5	139.1	161.9	NA	NA	NA
ENSDART00000054183	gpr137	301	52.2	36.2	12.5	18.6	72.3	113.4	NA	NA	NA
ENSDART00000129062	ikbke	5	27.9	35.4	NA	NA	NA	NA	NA	NA	NA
ENSDART00000066282	dhx8	394	71.8	64.9	20.3	38.7	94.6	128.9	24.68	158.73	2.68516052398
ENSDART00000129066	zcchc7	40	32.4	23.2	8.4	14.9	32.8	66.6	6.3	16.74	1.40987579416
ENSDART00000126705	eif3ea	334	50.1	41.3	19.1	28.7	57.7	100.2	212.04	154.9	-0.452999301596
ENSDART00000011865	sec23b	30	50.2	30.0	4.2	11.8	62.8	134.5	NA	NA	NA
ENSDART00000126708	rhoub	1	20.2	20.2	NA	NA	NA	NA	NA	NA	NA
ENSDART00000133684	PHC3	10	48.2	50.5	11.4	19.3	72.3	86.3	NA	NA	NA
ENSDART00000146029	CR382372.2	16	87.4	100.9	16.9	44.9	128.1	146.6	NA	NA	NA
ENSDART00000076997	lmo4b	63	44.6	30.7	7.1	11.7	67.5	108.8	NA	NA	NA
ENSDART00000131342	ANKS3	7	72.4	74.4	NA	NA	NA	NA	NA	NA	NA
ENSDART00000151937	rnf144aa	7	40.9	34.5	NA	NA	NA	NA	NA	NA	NA
ENSDART00000043546	mrpl27	72	35.5	27.7	12.2	17.0	50.0	74.2	NA	NA	NA
ENSDART00000059658	tfb1m	6	23.1	20.2	NA	NA	NA	NA	NA	NA	NA
ENSDART00000109568	pip4k2ab	1	6.0	6.0	NA	NA	NA	NA	NA	NA	NA
ENSDART00000151938	CPT1A	1	95.3	95.3	NA	NA	NA	NA	NA	NA	NA
ENSDART00000149478	galns	8	18.2	16.8	NA	NA	NA	NA	NA	NA	NA
ENSDART00000022358	zc3h15	208	59.2	49.1	11.7	21.9	90.2	115.5	40.99	87.69	1.09714033989
ENSDART00000098940	FOXL2	1	12.1	12.1	NA	NA	NA	NA	NA	NA	NA
ENSDART00000102611	cd2ap	68	72.8	60.3	13.1	30.6	105.3	157.2	6.92	25.64	1.88955231898
ENSDART00000137645	cep104	6	95.7	98.1	NA	NA	NA	NA	NA	NA	NA
ENSDART00000058385	bola1	25	42.3	30.5	14.5	18.9	43.5	101.9	NA	NA	NA
ENSDART00000058384	gapdhs	3	40.6	39.1	NA	NA	NA	NA	NA	NA	NA
ENSDART00000056519	gpr160	30	29.8	27.4	10.2	15.6	39.6	51.4	NA	NA	NA
ENSDART00000058380	rbm42	214	46.8	34.4	9.3	18.5	60.6	93.5	36.87	74.9	1.02251830225
ENSDART00000058831	tpbga	255	43.9	29.6	6.0	11.7	62.4	102.9	NA	NA	NA
ENSDART00000104845	tapbp	57	35.4	29.9	8.1	16.7	48.4	68.1	NA	NA	NA
ENSDART00000043236	prkg1b	1	29.5	29.5	NA	NA	NA	NA	NA	NA	NA
ENSDART00000127312	osgn1	21	45.6	27.7	7.6	16.3	76.5	114.9	NA	NA	NA
ENSDART00000013641	ADRA1B	1	174.2	174.2	NA	NA	NA	NA	NA	NA	NA
ENSDART00000013640	SEMA6B	1	59.8	59.8	NA	NA	NA	NA	NA	NA	NA
ENSDART00000130793	grk5	1	185.8	185.8	NA	NA	NA	NA	NA	NA	NA
ENSDART00000066363	FAM53C	52	54.7	45.4	9.4	17.7	81.8	119.3	NA	NA	NA
ENSDART00000104503	cpne5	3	60.5	47.3	NA	NA	NA	NA	NA	NA	NA
ENSDART00000113165	zgc:193711	5	11.8	11.3	NA	NA	NA	NA	NA	NA	NA
ENSDART00000113164	CABZ01111926.1	1	113.9	113.9	NA	NA	NA	NA	NA	NA	NA
ENSDART00000113162	pi4kaa	15	89.4	40.9	14.1	23.5	164.6	199.7	2.52	2.83	0.167378319332
ENSDART00000145618	si:dkey-75a21.2	69	76.0	61.3	12.2	21.8	116.1	145.7	NA	NA	NA
ENSDART00000124882	thoc1	0	NA	NA	NA	NA	NA	NA	24.56	78.67	1.6795030229
ENSDART00000097417	im:7150988	76	86.6	84.1	55.9	70.3	103.7	122.4	NA	NA	NA
ENSDART00000092172	mtif2	17	40.5	21.1	13.0	15.1	50.3	107.3	5.76	2.34	-1.29956028186
ENSDART00000105399	C22H19orf26	19	49.1	24.5	10.1	16.0	62.3	155.1	NA	NA	NA
ENSDART00000110150	CR853282.2	1	208.1	208.1	NA	NA	NA	NA	NA	NA	NA
ENSDART00000132621	si:ch211-14a17.7	39	38.6	35.5	13.1	20.7	55.5	67.6	30.05	9.01	-1.73776597979
ENSDART00000056962	fbxo5	623	57.5	42.7	5.0	13.9	92.5	133.1	308.27	244.88	-0.332119547132
ENSDART00000075563	snx24	10	35.4	13.5	4.9	11.6	30.8	70.1	NA	NA	NA
ENSDART00000132625	tulp4	65	89.6	78.9	15.8	35.5	140.8	190.8	NA	NA	NA
ENSDART00000067455	dpysl5b	1	54.2	54.2	NA	NA	NA	NA	NA	NA	NA
ENSDART00000078337	zc3h7b	589	75.2	68.4	23.8	40.9	99.3	140.3	16.96	112.42	2.72869064501
ENSDART00000004678	PDZD4	1	133.2	133.2	NA	NA	NA	NA	NA	NA	NA
ENSDART00000123250	sdc3	58	67.8	59.2	15.3	30.1	100.0	126.3	20.1	86.79	2.11033332258
ENSDART00000077029	emc10	43	49.3	35.4	15.3	22.0	57.1	106.0	17.9	13.69	-0.386837140894
ENSDART00000029843	vezf1a	221	65.6	48.1	8.0	19.2	112.2	152.0	NA	NA	NA
ENSDART00000021753	ccnc	137	78.5	65.9	19.7	39.1	110.3	149.0	NA	NA	NA
ENSDART00000088800	ppcs	10	45.5	29.8	21.7	23.9	38.7	92.1	NA	NA	NA
ENSDART00000143474	zp3c	47	31.3	27.8	14.7	21.0	35.5	56.8	16.23	9.58	-0.760565438812
ENSDART00000141165	tinf2	57	74.4	58.9	12.8	29.0	113.3	154.1	NA	NA	NA
ENSDART00000080687	ogfrl2	10	114.0	81.3	18.2	49.9	139.4	237.1	NA	NA	NA
ENSDART00000134488	si:ch73-196i15.3	1	147.2	147.2	NA	NA	NA	NA	NA	NA	NA
ENSDART00000130179	cul5b	1	20.4	20.4	NA	NA	NA	NA	NA	NA	NA
ENSDART00000144995	MFSD3	27	45.9	42.2	20.8	28.2	59.0	83.9	NA	NA	NA
ENSDART00000057216	arhgef4	3	12.4	13.7	NA	NA	NA	NA	NA	NA	NA
ENSDART00000057527	zgc:113019	25	68.2	41.5	21.0	28.2	84.7	130.4	14.5	13.78	-0.073477012198
ENSDART00000130177	pho	111	27.4	18.3	0.7	7.6	34.1	55.0	37.03	21.91	-0.757105065181
ENSDART00000130175	AP3B1	222	43.8	40.0	17.2	27.3	58.1	70.9	26.78	38.24	0.513926562656
ENSDART00000079536	nek7	29	43.1	33.3	15.4	22.4	49.9	91.7	NA	NA	NA
ENSDART00000138747	urb2	34	54.2	30.0	12.5	25.2	78.0	124.3	7.97	12.64	0.665344834187
ENSDART00000005105	psme1	14	28.4	26.1	13.1	17.6	39.2	46.9	NA	NA	NA
ENSDART00000052603	dazl	26	29.4	19.4	3.0	11.3	36.0	65.1	NA	NA	NA
ENSDART00000101109	ap1s1	90	73.5	72.6	46.4	59.8	85.7	100.9	53.32	305.24	2.51719534616
ENSDART00000079538	CCDC30	3	102.5	133.5	NA	NA	NA	NA	NA	NA	NA
ENSDART00000142870	tyw1	105	38.8	34.1	13.0	18.4	51.9	66.6	12.1	12.34	0.0283353469875
ENSDART00000112742	NBR1	6	34.0	31.8	NA	NA	NA	NA	4.65	12.2	1.39157852645
ENSDART00000023453	lsm14aa	429	51.8	40.0	8.4	19.0	71.0	107.5	22.13	94.88	2.10010055874
ENSDART00000052916	CDA	1	7.3	7.3	NA	NA	NA	NA	NA	NA	NA
ENSDART00000152019	PLEKHA4	2	93.4	93.4	NA	NA	NA	NA	NA	NA	NA
ENSDART00000023454	adsl	40	74.4	63.6	12.9	28.5	118.6	150.7	10.14	6.57	-0.626092376681
ENSDART00000128626	tmem104	23	27.6	21.6	3.7	9.2	36.1	49.0	NA	NA	NA
ENSDART00000153266	itsn2a	1	96.1	96.1	NA	NA	NA	NA	NA	NA	NA
ENSDART00000109138	hbegfa	3	33.6	22.4	NA	NA	NA	NA	NA	NA	NA
ENSDART00000153260	si:ch211-141o9.10	1	184.2	184.2	NA	NA	NA	NA	NA	NA	NA
ENSDART00000049373	ftsjd2	48	47.2	26.8	11.3	15.5	63.1	109.6	5.81	12.09	1.05720417584
ENSDART00000045533	tmem127	91	72.2	68.6	18.5	40.3	96.2	132.0	NA	NA	NA
ENSDART00000109160	tmem70	31	35.0	24.2	6.6	12.3	50.9	62.9	NA	NA	NA
ENSDART00000092578	CBLN3	1	38.8	38.8	NA	NA	NA	NA	NA	NA	NA
ENSDART00000144168	matr3l1.1	177	101.5	98.3	30.6	62.2	135.7	174.1	77.95	145.09	0.896327160304
ENSDART00000147275	plat	1	20.5	20.5	NA	NA	NA	NA	NA	NA	NA
ENSDART00000109164	TANC2	8	55.5	44.0	NA	NA	NA	NA	NA	NA	NA
ENSDART00000109165	cpz	1	61.6	61.6	NA	NA	NA	NA	NA	NA	NA
ENSDART00000109166	WDR60	1	23.7	23.7	NA	NA	NA	NA	NA	NA	NA
ENSDART00000025126	irf2bp2a	44	53.6	42.4	7.8	17.3	87.8	113.5	7.74	13.74	0.827976532674
ENSDART00000052930	ndufv1	224	29.7	20.9	8.1	13.0	36.8	60.8	27.09	42.3	0.642897269805
ENSDART00000052938	atp11c	11	18.5	15.2	6.1	12.4	25.4	29.2	NA	NA	NA
ENSDART00000052423	spry2	60	51.9	36.8	4.5	11.3	83.0	126.7	NA	NA	NA
ENSDART00000142701	cdk2ap2	1	37.2	37.2	NA	NA	NA	NA	66.14	165.72	1.32515277479
ENSDART00000142700	znf423	7	53.0	45.9	NA	NA	NA	NA	NA	NA	NA
ENSDART00000115420	ANO9	98	53.0	41.8	12.1	22.6	71.2	104.8	NA	NA	NA
ENSDART00000062900	itpka	9	69.9	59.5	NA	NA	NA	NA	NA	NA	NA
ENSDART00000075170	pttg1	11	63.8	52.6	38.8	50.2	81.7	86.3	NA	NA	NA
ENSDART00000097273	RBM6	433	93.8	85.0	25.0	44.8	131.5	173.1	39.21	114.76	1.54932632625
ENSDART00000062908	rpl7l1	383	57.1	50.3	13.3	24.8	79.3	113.7	99.93	339.72	1.76535639523
ENSDART00000010894	sox1b	1	21.7	21.7	NA	NA	NA	NA	NA	NA	NA
ENSDART00000141114	ms4a17a.9	1	26.3	26.3	NA	NA	NA	NA	NA	NA	NA
ENSDART00000101394	CNDP1	4	125.8	153.0	NA	NA	NA	NA	NA	NA	NA
ENSDART00000143703	flrt3	278	54.3	40.3	8.6	18.2	79.6	124.5	NA	NA	NA
ENSDART00000101203	sumf2	2	48.9	48.9	NA	NA	NA	NA	NA	NA	NA
ENSDART00000049196	gdpd1	9	78.8	40.9	NA	NA	NA	NA	NA	NA	NA
ENSDART00000099703	CT573389.1	2	18.4	18.4	NA	NA	NA	NA	NA	NA	NA
ENSDART00000099701	selo	83	51.3	38.2	10.5	18.6	73.5	115.3	NA	NA	NA
ENSDART00000003465	gipc2	5	31.8	38.1	NA	NA	NA	NA	NA	NA	NA
ENSDART00000125753	rpl22	670	88.8	90.2	31.7	58.3	116.2	141.0	850.53	384.58	-1.14507838612
ENSDART00000125781	zcchc8	197	35.2	26.7	6.4	15.5	48.4	69.2	22.65	46.79	1.04668917843
ENSDART00000006109	agk	28	68.2	47.4	12.4	32.7	102.2	140.5	NA	NA	NA
ENSDART00000039109	leng1	58	46.3	37.8	10.3	21.3	73.3	88.1	45.52	28.79	-0.660932768743
ENSDART00000148438	ulk4	3	29.3	17.6	NA	NA	NA	NA	NA	NA	NA
ENSDART00000114358	zgc:194392	3	64.7	63.0	NA	NA	NA	NA	NA	NA	NA
ENSDART00000067374	apex1	684	80.5	77.2	24.1	49.2	109.3	132.3	45.82	182.93	1.99724232862
ENSDART00000148348	nxph1	11	48.4	24.4	16.2	18.9	27.9	142.8	NA	NA	NA
ENSDART00000148431	cln8	2	23.8	23.8	NA	NA	NA	NA	NA	NA	NA
ENSDART00000148346	itpkca	133	37.7	22.9	8.8	13.8	45.6	90.9	NA	NA	NA
ENSDART00000067378	si:ch211-214j24.10	646	41.9	33.2	7.7	17.0	53.6	85.2	48.55	310.41	2.6766318346
ENSDART00000064615	dmtn	3	46.5	49.3	NA	NA	NA	NA	NA	NA	NA
ENSDART00000148436	gna14	2	74.5	74.5	NA	NA	NA	NA	NA	NA	NA
ENSDART00000005897	zgc:73340	7	34.8	16.8	NA	NA	NA	NA	NA	NA	NA
ENSDART00000033248	fam107b	48	47.7	34.5	9.0	18.4	59.0	107.7	NA	NA	NA
ENSDART00000121489	mybl2	272	65.9	52.7	12.7	27.7	92.2	141.1	11.73	67.63	2.52746034039
ENSDART00000121488	fzd3b	5	38.9	43.8	NA	NA	NA	NA	NA	NA	NA
ENSDART00000014660	ormdl1	115	53.4	32.3	10.6	16.8	79.2	128.8	NA	NA	NA
ENSDART00000053511	MYO1C	3	48.4	41.7	NA	NA	NA	NA	NA	NA	NA
ENSDART00000086525	atp10d	2	10.0	10.0	NA	NA	NA	NA	NA	NA	NA
ENSDART00000056034	rpap2	27	59.6	50.7	10.4	30.8	89.2	108.2	8.38	12.39	0.564154038441
ENSDART00000056037	polr3h	78	48.3	36.9	14.1	24.9	52.5	85.8	19.43	21.13	0.12100686635
ENSDART00000060853	pex10	5	54.5	39.2	NA	NA	NA	NA	NA	NA	NA
ENSDART00000124650	ralbp1	47	52.8	35.8	13.0	21.0	77.0	122.4	14.38	10.43	-0.46332451792
ENSDART00000065420	pacs1a	4	12.1	9.0	NA	NA	NA	NA	NA	NA	NA
ENSDART00000123399	gcfc2	20	68.6	31.5	17.7	21.5	106.5	158.9	NA	NA	NA
ENSDART00000099375	si:dkey-24p1.6	48	17.4	14.5	6.0	9.9	22.9	25.7	6.86	1.35	-2.34524916912
ENSDART00000115344	cep70	13	50.3	37.6	13.1	14.1	67.2	100.4	NA	NA	NA
ENSDART00000123395	her8a	171	75.0	64.5	9.5	27.0	113.8	155.4	NA	NA	NA
ENSDART00000148326	mlst8	57	31.3	23.8	3.8	14.1	35.8	59.4	NA	NA	NA
ENSDART00000126611	thoc5	243	44.4	35.1	14.5	22.6	50.6	84.5	61.82	92.73	0.584962500721
ENSDART00000016946	glud1a	50	48.5	35.5	13.8	21.6	65.2	100.8	12.15	54.47	2.16450555335
ENSDART00000016765	zgc:103759	10	32.4	27.8	17.5	23.4	38.3	56.9	NA	NA	NA
ENSDART00000066368	klhl11	8	67.6	54.3	NA	NA	NA	NA	NA	NA	NA
ENSDART00000041068	SLC38A9	13	56.8	24.5	10.8	16.4	44.2	162.6	NA	NA	NA
ENSDART00000026807	wasa	2	43.6	43.6	NA	NA	NA	NA	NA	NA	NA
ENSDART00000147619	n6amt2	51	58.0	43.3	10.9	22.1	93.0	113.0	NA	NA	NA
ENSDART00000054092	ARID5B	1	20.2	20.2	NA	NA	NA	NA	NA	NA	NA
ENSDART00000081308	purbb	126	61.3	58.2	13.4	32.5	91.3	106.8	NA	NA	NA
ENSDART00000147610	si:ch73-41e3.7	1	66.5	66.5	NA	NA	NA	NA	NA	NA	NA
ENSDART00000140641	si:dkey-27i16.2	100	65.0	49.8	12.3	23.8	99.9	140.3	NA	NA	NA
ENSDART00000147966	si:dkeyp-68b7.10	1	-8.8	-8.8	NA	NA	NA	NA	NA	NA	NA
ENSDART00000026808	dkk1a	1	5.1	5.1	NA	NA	NA	NA	NA	NA	NA
ENSDART00000108554	BRCC3	35	42.9	32.6	12.6	16.7	52.4	103.0	NA	NA	NA
ENSDART00000015940	edf1	929	72.9	67.3	33.6	50.2	92.2	119.3	193.5	435.39	1.16997470584
ENSDART00000020004	mtmr2	11	60.8	59.4	16.4	17.6	91.7	116.0	NA	NA	NA
ENSDART00000045565	vamp1	1	45.4	45.4	NA	NA	NA	NA	NA	NA	NA
ENSDART00000127556	rbm24b	5	39.8	30.6	NA	NA	NA	NA	NA	NA	NA
ENSDART00000064390	ppil4	71	49.7	40.0	9.5	19.0	75.0	95.1	NA	NA	NA
ENSDART00000064393	ufm1	62	55.8	46.8	10.3	18.1	75.3	122.8	NA	NA	NA
ENSDART00000064394	magixa	4	26.4	25.1	NA	NA	NA	NA	NA	NA	NA
ENSDART00000131968	BX537137.1	24	45.7	26.5	7.2	12.4	65.3	109.1	NA	NA	NA
ENSDART00000136244	npr1a	3	20.1	21.4	NA	NA	NA	NA	NA	NA	NA
ENSDART00000136243	tbc1d16	18	30.9	20.0	8.2	11.5	41.7	58.0	4.83	1.15	-2.07038932789
ENSDART00000123640	man2a1	6	57.8	42.8	NA	NA	NA	NA	NA	NA	NA
ENSDART00000131960	si:ch211-241b2.1	30	63.0	40.0	11.8	21.4	71.7	134.2	NA	NA	NA
ENSDART00000103261	ftr78	3	128.4	167.7	NA	NA	NA	NA	NA	NA	NA
ENSDART00000115007	TOB2	74	47.6	34.2	7.5	17.3	66.8	114.8	NA	NA	NA
ENSDART00000115005	BX511227.1	12	46.9	21.9	10.2	13.6	37.0	104.3	NA	NA	NA
ENSDART00000085686	CABZ01101980.1	4	34.1	33.3	NA	NA	NA	NA	NA	NA	NA
ENSDART00000027171	f3b	4	10.1	9.7	NA	NA	NA	NA	NA	NA	NA
ENSDART00000011082	per1b	45	46.6	22.3	3.7	9.6	65.9	146.8	3.29	4.43	0.42921911482
ENSDART00000065159	zgc:158291	4	71.4	71.5	NA	NA	NA	NA	NA	NA	NA
ENSDART00000036813	ccdc94	116	46.3	37.8	11.9	18.9	61.3	101.2	27.65	62.41	1.17449773123
ENSDART00000115236	atp5ia	64	45.0	35.9	7.7	17.1	52.1	80.0	NA	NA	NA
ENSDART00000084379	CAMK1	1	125.2	125.2	NA	NA	NA	NA	NA	NA	NA
ENSDART00000084378	crb2a	3	117.6	88.0	NA	NA	NA	NA	NA	NA	NA
ENSDART00000140468	nadk2	8	42.2	22.4	NA	NA	NA	NA	NA	NA	NA
ENSDART00000047399	mmp24	1	103.2	103.2	NA	NA	NA	NA	NA	NA	NA
ENSDART00000140391	tyro3	1	183.3	183.3	NA	NA	NA	NA	NA	NA	NA
ENSDART00000061101	igf2r	41	51.6	44.9	10.2	17.2	66.5	118.3	1.65	8.41	2.34963977601
ENSDART00000030357	CNOT6	21	36.3	19.3	4.4	14.4	31.2	72.3	NA	NA	NA
ENSDART00000043483	trim24	30	42.8	26.9	11.2	17.2	50.5	111.4	4.38	4.86	0.150025444005
ENSDART00000150308	SNRPG	198	96.7	99.5	26.4	62.3	131.7	156.1	NA	NA	NA
ENSDART00000110639	gpbp1l1	159	64.9	50.7	16.4	27.4	94.5	133.5	10.49	11.04	0.0737254942009
ENSDART00000012686	zgc:101000	634	108.9	104.6	66.7	84.2	129.6	157.1	NA	NA	NA
ENSDART00000007500	pde10a	2	20.5	20.5	NA	NA	NA	NA	NA	NA	NA
ENSDART00000028481	rnf168	49	42.7	25.2	14.0	18.6	44.5	125.5	17.58	14.95	-0.233789586058
ENSDART00000150877	si:dkey-238o14.9	8	47.6	37.2	NA	NA	NA	NA	NA	NA	NA
ENSDART00000102846	si:dkey-23a23.2	32	33.5	24.2	15.2	18.5	40.7	68.2	16.1	4.44	-1.85842910665
ENSDART00000133354	irx4b	2	19.0	19.0	NA	NA	NA	NA	NA	NA	NA
ENSDART00000149913	b4galt1	32	83.3	80.4	12.0	49.6	112.1	141.2	NA	NA	NA
ENSDART00000010683	impa1	20	66.3	67.5	17.7	28.4	99.0	126.8	NA	NA	NA
ENSDART00000034523	tars	176	63.3	57.4	14.6	27.6	91.0	120.2	23.52	51.3	1.12507076566
ENSDART00000002225	dnajb1a	12	53.1	31.3	9.2	21.2	93.3	108.2	NA	NA	NA
ENSDART00000045888	TKT	1	67.9	67.9	NA	NA	NA	NA	NA	NA	NA
ENSDART00000015417	rtf1	442	65.6	55.5	16.0	31.4	89.7	129.4	206.13	212.39	0.0431613521747
ENSDART00000099958	zgc:153372	1	14.4	14.4	NA	NA	NA	NA	NA	NA	NA
ENSDART00000146708	adar	232	69.6	62.6	17.0	31.6	92.8	139.4	13.51	96.82	2.84127741954
ENSDART00000110839	mon1a	48	20.6	17.0	4.5	10.5	24.4	38.6	NA	NA	NA
ENSDART00000113981	SPEF1	10	14.7	10.3	4.7	6.7	20.0	29.8	NA	NA	NA
ENSDART00000099950	syf2	202	47.9	34.7	11.5	20.2	64.7	106.6	132.34	267.55	1.01555934427
ENSDART00000066452	selk	96	68.5	61.8	32.1	48.2	81.7	110.7	NA	NA	NA
ENSDART00000143922	atxn7l2b	56	34.9	17.2	6.9	11.3	35.9	96.9	6.82	1.86	-1.87446911792
ENSDART00000047020	casp9	20	24.0	19.9	6.9	15.9	33.7	44.5	NA	NA	NA
ENSDART00000121864	slc27a6	27	40.9	32.3	16.6	20.9	50.4	82.4	7.46	3.91	-0.932007022948
ENSDART00000075502	timmdc1	19	50.9	33.8	7.5	17.0	91.6	112.1	18.17	12.54	-0.535021071432
ENSDART00000102424	DCHS1	1	9.9	9.9	NA	NA	NA	NA	NA	NA	NA
ENSDART00000075500	poglut1	17	29.3	21.1	15.7	19.7	30.6	49.8	NA	NA	NA
ENSDART00000098707	naa35	74	56.4	49.1	24.6	32.9	67.3	90.6	15.49	21.96	0.503540910216
ENSDART00000125499	zgc:171727	6	64.6	48.0	NA	NA	NA	NA	NA	NA	NA
ENSDART00000002908	olfm1a	2	71.6	71.6	NA	NA	NA	NA	NA	NA	NA
ENSDART00000125492	MEX3D	14	55.1	38.1	-5.4	12.0	99.9	128.3	23.56	74.71	1.66496182279
ENSDART00000098022	ar	4	71.9	73.7	NA	NA	NA	NA	NA	NA	NA
ENSDART00000051825	tcf7l1b	174	54.5	37.4	6.1	15.1	78.8	130.9	10.6	36.66	1.79014252109
ENSDART00000122111	si:dkeyp-69b9.3	2	60.8	60.8	NA	NA	NA	NA	NA	NA	NA
ENSDART00000125726	CR788316.4	10	27.1	22.6	5.1	13.0	41.8	53.1	NA	NA	NA
ENSDART00000139980	zfyve28	20	67.5	62.4	14.9	30.9	97.6	109.0	NA	NA	NA
ENSDART00000021925	slc29a1a	266	51.5	37.7	10.8	17.0	69.4	120.3	9.22	75.79	3.03916885091
ENSDART00000054366	scube2	39	68.5	50.7	7.5	21.1	108.7	155.3	NA	NA	NA
ENSDART00000063618	exosc7	35	55.1	45.9	19.0	28.6	73.9	97.4	18.87	18.15	-0.0561248747173
ENSDART00000018107	fancf	10	33.7	24.8	11.0	16.4	39.1	80.4	NA	NA	NA
ENSDART00000111858	MRPL42	86	86.0	77.3	31.6	57.0	103.7	145.1	NA	NA	NA
ENSDART00000085421	SGPP1	1	71.4	71.4	NA	NA	NA	NA	NA	NA	NA
ENSDART00000082434	tgif1	496	58.1	50.1	10.2	24.1	86.6	116.4	NA	NA	NA
ENSDART00000085358	CABZ01117349.1	3	29.6	23.0	NA	NA	NA	NA	NA	NA	NA
ENSDART00000111850	si:ch211-86h15.1	55	49.1	36.5	13.4	23.6	62.7	101.2	16.43	21.43	0.383299369726
ENSDART00000111853	gripap1	20	89.0	72.4	8.6	39.8	118.3	187.1	NA	NA	NA
ENSDART00000111852	arfgef2	75	51.5	36.4	13.5	22.9	48.9	112.1	8.48	14.97	0.819938051495
ENSDART00000089516	stoml1	10	38.9	14.6	9.8	12.0	36.6	107.5	NA	NA	NA
ENSDART00000037292	epha4b	4	54.8	45.4	NA	NA	NA	NA	NA	NA	NA
ENSDART00000132430	s100v2	35	42.0	31.2	12.4	16.2	53.6	88.8	NA	NA	NA
ENSDART00000023206	plk2b	3	45.1	34.3	NA	NA	NA	NA	NA	NA	NA
ENSDART00000152222	acsl3a	6	38.3	17.4	NA	NA	NA	NA	NA	NA	NA
ENSDART00000101405	DDAH1	6	40.7	32.2	NA	NA	NA	NA	NA	NA	NA
ENSDART00000023208	ODF3L2	35	60.4	60.0	28.0	48.8	69.1	88.5	54.38	5.75	-3.24144229019
ENSDART00000101408	zgc:162171	1	25.7	25.7	NA	NA	NA	NA	NA	NA	NA
ENSDART00000021693	CR388002.1	1	139.0	139.0	NA	NA	NA	NA	NA	NA	NA
ENSDART00000102260	si:dkey-222f8.3	147	76.6	64.3	30.8	48.4	94.6	141.7	NA	NA	NA
ENSDART00000102267	kdm8	9	109.0	89.3	NA	NA	NA	NA	NA	NA	NA
ENSDART00000100422	rit1	12	29.6	13.7	3.2	7.0	24.4	35.2	NA	NA	NA
ENSDART00000134599	C9H2orf69	1	115.9	115.9	NA	NA	NA	NA	NA	NA	NA
ENSDART00000058736	grm4	6	27.1	13.6	NA	NA	NA	NA	NA	NA	NA
ENSDART00000057174	arpc5a	103	74.1	75.3	16.8	43.8	104.3	134.2	NA	NA	NA
ENSDART00000134598	wdr37	27	70.0	43.0	12.1	19.4	126.9	149.3	NA	NA	NA
ENSDART00000066631	slc51a	2	27.0	27.0	NA	NA	NA	NA	NA	NA	NA
ENSDART00000105602	elovl6	28	63.2	52.0	20.9	25.2	94.5	122.8	NA	NA	NA
ENSDART00000126405	FDXR	16	39.7	35.6	13.5	24.5	55.0	74.3	NA	NA	NA
ENSDART00000078476	KCTD17	49	37.8	33.6	9.5	18.7	49.7	70.7	NA	NA	NA
ENSDART00000129196	CNTD1	14	36.2	37.1	21.0	27.3	42.6	53.2	NA	NA	NA
ENSDART00000081802	NEK3	1	93.1	93.1	NA	NA	NA	NA	NA	NA	NA
ENSDART00000097625	HSPB11	12	33.8	15.0	6.1	10.4	33.8	70.1	NA	NA	NA
ENSDART00000053076	PRPSAP1	137	50.5	47.6	19.1	32.8	64.8	80.7	24.06	64.75	1.42824355029
ENSDART00000034865	hccsa	5	23.0	20.2	NA	NA	NA	NA	NA	NA	NA
ENSDART00000005639	thoc7	655	47.4	33.3	10.4	18.3	60.5	111.2	228.4	301.94	0.402699242219
ENSDART00000109398	MTERFD2	20	73.9	76.0	38.2	45.2	90.6	102.3	NA	NA	NA
ENSDART00000109397	ripk1l	13	80.7	81.8	41.3	59.8	95.7	123.6	NA	NA	NA
ENSDART00000109392	snx8a	20	86.7	85.4	28.5	59.5	103.4	151.3	NA	NA	NA
ENSDART00000130366	si:dkey-21c1.4	5	25.0	9.1	NA	NA	NA	NA	NA	NA	NA
ENSDART00000048819	rassf2a	23	74.0	67.6	18.3	31.4	106.6	144.0	NA	NA	NA
ENSDART00000130361	nr6a1a	21	41.7	13.5	-3.2	5.0	61.0	93.3	NA	NA	NA
ENSDART00000136490	bnip4	206	66.4	54.0	16.9	28.1	97.6	127.8	NA	NA	NA
ENSDART00000146094	cldnf	74	64.9	51.1	14.9	32.1	79.7	115.8	NA	NA	NA
ENSDART00000133943	ift80	15	48.3	40.3	10.3	24.9	67.8	89.1	7.21	6.25	-0.206143069691
ENSDART00000124452	ube2h	183	56.8	31.6	9.7	16.3	91.0	135.2	NA	NA	NA
ENSDART00000124455	fbxl15	3	123.8	159.0	NA	NA	NA	NA	NA	NA	NA
ENSDART00000138176	foxd2	1	41.0	41.0	NA	NA	NA	NA	NA	NA	NA
ENSDART00000041257	gsto2	182	31.9	28.5	12.8	19.5	41.3	54.3	38.51	58.21	0.596033894451
ENSDART00000127492	CABZ01057013.1	146	41.5	20.9	2.6	8.4	54.8	125.9	5.49	12.52	1.18935650793
ENSDART00000046618	ireb2	33	71.1	45.1	11.9	27.3	123.4	153.5	4.63	8.12	0.810467533925
ENSDART00000037999	b4galt7	49	58.3	46.4	9.5	19.7	81.1	124.0	NA	NA	NA
ENSDART00000085247	anapc15	33	84.5	81.3	18.5	49.1	121.5	161.6	NA	NA	NA
ENSDART00000046613	vps13d	12	29.9	24.7	3.7	16.3	36.0	57.6	NA	NA	NA
ENSDART00000053210	pknox1.1	7	57.8	48.7	NA	NA	NA	NA	NA	NA	NA
ENSDART00000131366	rpl17	1005	78.4	77.1	27.3	41.3	109.4	131.9	1803.03	549.23	-1.71494106595
ENSDART00000137807	arf6b	157	44.3	28.6	5.6	12.4	63.4	109.4	NA	NA	NA
ENSDART00000058829	scrt1b	1	80.9	80.9	NA	NA	NA	NA	NA	NA	NA
ENSDART00000009649	tubgcp4	5	48.8	32.2	NA	NA	NA	NA	NA	NA	NA
ENSDART00000077769	serpinb1	6	19.9	17.3	NA	NA	NA	NA	NA	NA	NA
ENSDART00000110770	herc2	32	45.9	39.7	7.2	25.8	61.2	76.5	4.61	3.25	-0.504327032514
ENSDART00000009642	igf2a	19	60.0	42.9	10.5	18.5	82.3	114.2	NA	NA	NA
ENSDART00000075617	sox3	888	46.0	26.9	7.6	13.4	66.8	114.5	NA	NA	NA
ENSDART00000083137	mrm1	6	33.2	22.6	NA	NA	NA	NA	NA	NA	NA
ENSDART00000126916	mob2b	18	37.6	21.2	7.4	9.8	41.0	101.4	NA	NA	NA
ENSDART00000022918	ankrd46b	5	19.6	19.7	NA	NA	NA	NA	NA	NA	NA
ENSDART00000126914	SP6	1	60.0	60.0	NA	NA	NA	NA	NA	NA	NA
ENSDART00000126913	zgc:66474	19	73.5	21.3	6.0	13.9	117.1	214.9	8.38	7.98	-0.070561497477
ENSDART00000114982	f2rl1.2	191	37.5	21.1	11.1	15.2	46.9	85.8	NA	NA	NA
ENSDART00000114984	elmod3	2	43.2	43.2	NA	NA	NA	NA	NA	NA	NA
ENSDART00000114985	hpse2	1	30.1	30.1	NA	NA	NA	NA	NA	NA	NA
ENSDART00000017229	ncam1a	2	1.0	1.0	NA	NA	NA	NA	NA	NA	NA
ENSDART00000138350	rps12	2126	79.0	71.3	27.5	39.5	113.0	141.3	3609.61	529.35	-2.76954913372
ENSDART00000114988	st8sia1	3	74.7	68.3	NA	NA	NA	NA	NA	NA	NA
ENSDART00000103076	arl8bb	31	36.5	26.8	8.1	16.8	42.2	82.5	NA	NA	NA
ENSDART00000124047	adipoqa	2	24.7	24.7	NA	NA	NA	NA	NA	NA	NA
ENSDART00000038524	gsto1	1	56.7	56.7	NA	NA	NA	NA	NA	NA	NA
ENSDART00000124043	ITPK1	3	18.1	16.5	NA	NA	NA	NA	NA	NA	NA
ENSDART00000124040	insm1a	1	118.9	118.9	NA	NA	NA	NA	NA	NA	NA
ENSDART00000035739	tmem134	280	56.9	48.8	16.4	30.7	74.9	111.3	NA	NA	NA
ENSDART00000150097	tbk1	4	14.6	15.1	NA	NA	NA	NA	NA	NA	NA
ENSDART00000074746	smcr8a	7	21.8	21.0	NA	NA	NA	NA	NA	NA	NA
ENSDART00000131188	nsd1b	1	27.2	27.2	NA	NA	NA	NA	NA	NA	NA
ENSDART00000029699	atp6v0a2b	35	41.3	29.1	13.9	18.7	46.7	82.6	NA	NA	NA
ENSDART00000149755	tyk2	2	61.9	61.9	NA	NA	NA	NA	NA	NA	NA
ENSDART00000152340	GPA33	69	101.2	97.5	29.8	67.4	130.3	162.1	NA	NA	NA
ENSDART00000131181	SEMA4G	6	40.5	36.0	NA	NA	NA	NA	NA	NA	NA
ENSDART00000131180	zgc:85932	4	78.3	73.8	NA	NA	NA	NA	NA	NA	NA
ENSDART00000022643	znf622	215	24.1	17.8	6.3	10.6	28.0	46.8	29.23	55.48	0.924517958518
ENSDART00000131182	zgc:66024	27	53.3	48.7	14.9	25.6	63.3	90.8	NA	NA	NA
ENSDART00000125931	exosc5	141	74.0	66.9	28.8	44.1	98.3	129.3	NA	NA	NA
ENSDART00000125933	fam173b	40	43.9	27.4	13.1	17.2	48.0	81.6	NA	NA	NA
ENSDART00000022646	CNOT4	60	25.4	17.3	6.5	9.8	25.8	58.2	4.33	3.92	-0.143513370612
ENSDART00000134293	trub2	25	66.5	53.1	9.4	25.6	103.2	126.7	NA	NA	NA
ENSDART00000078816	ARAP2	2	62.9	62.9	NA	NA	NA	NA	NA	NA	NA
ENSDART00000054591	bmp15	3	21.2	23.8	NA	NA	NA	NA	NA	NA	NA
ENSDART00000145427	sypl2a	131	28.4	23.2	10.8	15.0	35.6	51.5	NA	NA	NA
ENSDART00000145426	hnf4a	416	41.1	21.8	7.2	11.8	60.1	108.7	NA	NA	NA
ENSDART00000067147	ANKRD50	49	56.2	31.3	8.0	14.5	117.2	135.3	4.93	2.71	-0.863294795024
ENSDART00000114188	CU466279.1	2	193.5	193.5	NA	NA	NA	NA	NA	NA	NA
ENSDART00000013103	ppm1ba	100	71.8	61.4	18.4	38.7	97.7	139.1	22.46	46.51	1.05018301212
ENSDART00000087114	alg5	126	30.4	26.2	11.9	17.3	38.0	52.8	33.81	28.59	-0.241939396262
ENSDART00000130608	CR391967.1	2	30.9	30.9	NA	NA	NA	NA	NA	NA	NA
ENSDART00000087118	xylt1	9	90.3	83.0	NA	NA	NA	NA	NA	NA	NA
ENSDART00000066692	NUP54	284	57.5	43.8	15.9	24.1	77.2	122.5	39.17	64.18	0.712374661331
ENSDART00000130588	FP102892.2	5	14.0	13.3	NA	NA	NA	NA	3.47	0.24	-3.85382935186
ENSDART00000078412	rps8a	891	81.7	81.5	27.6	44.5	111.0	138.6	2060.96	821.83	-1.32640460413
ENSDART00000012479	dscc1	8	59.7	34.3	NA	NA	NA	NA	NA	NA	NA
ENSDART00000012478	mmadhc	86	65.7	43.8	8.2	20.2	99.0	154.5	15.56	24.93	0.680040822505
ENSDART00000105646	ITFG3	3	59.6	33.0	NA	NA	NA	NA	NA	NA	NA
ENSDART00000081337	ndufab1a	206	65.8	59.9	20.5	36.4	90.4	118.9	70.39	207.68	1.5609198973
ENSDART00000137756	hecw2a	2	64.0	64.0	NA	NA	NA	NA	NA	NA	NA
ENSDART00000017485	sf3b14	934	60.6	52.0	15.7	28.2	85.7	117.3	197.03	670.15	1.76606873814
ENSDART00000007756	DYNC1I2	98	53.8	46.9	19.1	30.5	64.7	96.6	NA	NA	NA
ENSDART00000064149	nabp1b	111	49.0	48.6	20.4	33.2	61.1	78.7	NA	NA	NA
ENSDART00000029347	hig1	55	43.8	40.5	9.0	13.5	69.5	79.3	NA	NA	NA
ENSDART00000030083	chic2	62	74.8	63.9	21.7	30.4	106.8	144.8	NA	NA	NA
ENSDART00000129351	ccni	56	63.3	55.2	13.0	26.4	91.8	131.6	29.25	4.28	-2.77275392296
ENSDART00000064142	CABZ01080370.1	126	52.4	28.6	8.0	15.7	69.4	121.5	19.52	29.45	0.593314581155
ENSDART00000134125	fastk	45	50.8	41.8	8.2	15.3	83.6	113.5	5.59	2.51	-1.15516091889
ENSDART00000134121	pex14	17	26.5	19.9	10.6	14.7	28.0	54.1	NA	NA	NA
ENSDART00000134122	nfkb2	33	62.1	47.9	2.7	7.0	88.3	156.5	4.48	9.0	1.00642626916
ENSDART00000134123	csrp2	3	59.7	19.4	NA	NA	NA	NA	NA	NA	NA
ENSDART00000113744	PKP3	1	70.5	70.5	NA	NA	NA	NA	NA	NA	NA
ENSDART00000124958	tdrd9	13	64.7	64.5	21.4	40.6	85.6	116.4	4.44	17.96	2.01615576839
ENSDART00000074678	chrnb3a	1	32.9	32.9	NA	NA	NA	NA	NA	NA	NA
ENSDART00000063716	nphp1	2	13.1	13.1	NA	NA	NA	NA	NA	NA	NA
ENSDART00000063717	MRPL55	60	59.6	49.0	16.7	28.1	86.4	112.3	NA	NA	NA
ENSDART00000063719	rpp21	88	41.0	28.2	10.6	15.0	51.2	87.0	NA	NA	NA
ENSDART00000129882	ptgesl	48	42.2	24.4	9.7	16.9	52.8	101.2	NA	NA	NA
ENSDART00000052030	CDKN2AIP	24	43.8	29.6	9.3	20.1	62.4	95.0	NA	NA	NA
ENSDART00000075263	TSSC4	88	48.2	23.6	8.2	13.8	72.2	125.0	19.1	22.21	0.217636754624
ENSDART00000075260	inab	8	70.9	73.1	NA	NA	NA	NA	NA	NA	NA
ENSDART00000132189	mogs	18	21.3	19.8	1.1	8.2	34.6	41.4	NA	NA	NA
ENSDART00000130975	timm9	201	52.0	43.2	11.6	21.3	73.2	104.7	110.65	150.58	0.444526713181
ENSDART00000023997	tbca	211	36.6	32.2	11.0	18.5	49.2	63.6	46.15	79.44	0.783534974995
ENSDART00000130978	RALGAPB	65	31.0	20.8	8.5	12.2	29.7	60.9	5.78	2.73	-1.08216854158
ENSDART00000009194	aimp2	146	36.7	27.7	6.9	16.0	42.2	81.2	70.36	54.65	-0.364533986913
ENSDART00000132183	htatip	94	44.4	26.5	11.0	16.0	56.3	106.9	9.05	37.34	2.04473223026
ENSDART00000015884	mfge8a	38	30.3	26.5	12.2	17.3	39.2	53.1	NA	NA	NA
ENSDART00000052323	harbi1	32	50.0	33.4	6.3	18.2	74.3	101.6	NA	NA	NA
ENSDART00000100665	ddb2	32	23.4	17.6	9.0	11.3	25.5	50.0	9.82	9.71	-0.0162517288955
ENSDART00000080465	hells	87	97.7	82.8	13.7	36.6	147.8	204.3	14.99	35.14	1.22911380806
ENSDART00000144550	nck1a	8	85.1	72.5	NA	NA	NA	NA	NA	NA	NA
ENSDART00000021177	pex13	34	27.2	22.8	9.1	12.9	29.6	38.9	NA	NA	NA
ENSDART00000101188	exoc6b	53	25.7	23.6	8.0	15.5	30.0	45.6	NA	NA	NA
ENSDART00000123094	st3gal2l	52	31.2	24.8	12.2	16.4	36.2	58.6	24.94	4.46	-2.48334584991
ENSDART00000123095	FMN1	6	76.5	56.1	NA	NA	NA	NA	NA	NA	NA
ENSDART00000144558	plecb	6	100.8	94.4	NA	NA	NA	NA	NA	NA	NA
ENSDART00000088484	ahnak	33	18.9	11.7	2.6	7.1	22.6	50.5	0.54	2.51	2.21665605179
ENSDART00000115182	nup214	204	58.5	45.0	19.3	29.1	67.2	118.6	22.59	39.08	0.790746196575
ENSDART00000063863	ccdc124	53	54.4	41.5	12.2	19.5	73.9	117.8	18.36	6.84	-1.42449782853
ENSDART00000000992	GTSF1	1504	56.8	55.1	20.3	35.3	77.2	95.4	340.09	971.13	1.51374784878
ENSDART00000075191	zgc:172323	21	49.4	46.8	26.8	40.2	57.7	72.6	NA	NA	NA
ENSDART00000148661	stat2	3	28.8	33.5	NA	NA	NA	NA	NA	NA	NA
ENSDART00000145381	si:ch211-196h16.5	5	35.3	19.4	NA	NA	NA	NA	NA	NA	NA
ENSDART00000112915	si:dkey-119m17.2	14	61.0	45.0	15.6	25.8	84.9	131.9	NA	NA	NA
ENSDART00000112914	si:ch211-51h9.7	10	91.0	64.7	31.6	38.6	116.3	168.9	NA	NA	NA
ENSDART00000108601	dcaf15	18	38.3	29.7	13.2	16.1	39.5	81.4	NA	NA	NA
ENSDART00000135989	cep170a	3	69.7	32.4	NA	NA	NA	NA	NA	NA	NA
ENSDART00000025928	hal	1	18.8	18.8	NA	NA	NA	NA	NA	NA	NA
ENSDART00000108604	PGBD4	10	86.8	69.8	28.0	33.4	112.0	136.7	NA	NA	NA
ENSDART00000084745	CR361541.1	22	31.3	21.7	6.1	12.9	51.0	67.8	3.01	2.25	-0.419838485543
ENSDART00000126832	CR855996.2	17	26.6	16.2	8.7	11.2	29.9	70.1	NA	NA	NA
ENSDART00000125559	mboat7	13	27.8	16.6	7.8	13.5	46.9	50.7	NA	NA	NA
ENSDART00000051105	TMTC2	4	46.0	36.5	NA	NA	NA	NA	NA	NA	NA
ENSDART00000125555	nup205	56	85.0	75.9	25.5	47.0	113.6	167.4	17.64	36.99	1.06828473957
ENSDART00000122274	CIT	23	39.5	39.0	20.6	29.9	49.6	53.3	5.98	3.35	-0.835984388853
ENSDART00000084691	CABZ01078314.1	1	23.8	23.8	NA	NA	NA	NA	NA	NA	NA
ENSDART00000122272	fdps	122	40.7	26.5	11.2	17.6	49.2	88.9	13.55	45.95	1.76177200994
ENSDART00000125550	gtpbp1l	38	20.0	16.7	8.1	11.9	20.9	28.2	NA	NA	NA
ENSDART00000060444	rps29	2008	84.1	80.5	31.4	48.7	111.3	142.2	2745.73	1071.17	-1.35800230463
ENSDART00000060447	med18	45	57.2	45.7	12.6	23.9	71.8	122.8	NA	NA	NA
ENSDART00000064726	pnpla3	14	59.9	44.0	11.1	21.8	79.0	140.7	NA	NA	NA
ENSDART00000060442	setdb1a	20	51.3	31.2	5.8	9.6	78.4	128.8	9.33	10.23	0.132857158894
ENSDART00000087690	THSD7B	1	43.6	43.6	NA	NA	NA	NA	NA	NA	NA
ENSDART00000101986	C9H2orf15	39	44.5	41.3	14.7	24.3	59.8	84.4	41.78	29.72	-0.491378376529
ENSDART00000101985	zgc:162944	274	40.7	39.6	17.7	26.0	52.6	65.8	99.76	139.28	0.481454737821
ENSDART00000103729	ADAP2	3	111.4	83.7	NA	NA	NA	NA	NA	NA	NA
ENSDART00000104118	atxn7l3	2	16.2	16.2	NA	NA	NA	NA	NA	NA	NA
ENSDART00000104112	zyg11	24	41.2	17.6	9.9	12.3	50.8	103.8	6.08	3.86	-0.655470476176
ENSDART00000104113	btf3l4	1	26.4	26.4	NA	NA	NA	NA	NA	NA	NA
ENSDART00000103722	LYPLAL1	4	76.7	66.0	NA	NA	NA	NA	NA	NA	NA
ENSDART00000103724	ndfip2	106	87.7	78.9	27.1	53.0	113.2	142.6	NA	NA	NA
ENSDART00000146955	ldlr	1	-4.3	-4.3	NA	NA	NA	NA	NA	NA	NA
ENSDART00000146957	uaca	4	97.6	72.9	NA	NA	NA	NA	NA	NA	NA
ENSDART00000000198	sema6e	2	12.5	12.5	NA	NA	NA	NA	NA	NA	NA
ENSDART00000114752	CR457447.1	74	69.7	57.3	12.4	20.6	97.5	150.7	15.29	14.82	-0.045042959055
ENSDART00000075998	klhl26	1	2.8	2.8	NA	NA	NA	NA	NA	NA	NA
ENSDART00000111462	eif3s10	640	53.8	43.6	13.8	24.8	74.0	110.9	115.61	106.67	-0.116111705143
ENSDART00000000192	ptpn4b	12	27.2	17.0	4.0	8.7	26.9	61.8	NA	NA	NA
ENSDART00000111464	WARS	17	97.9	84.8	36.0	58.7	124.1	164.6	NA	NA	NA
ENSDART00000100639	chrm4a	1	116.5	116.5	NA	NA	NA	NA	NA	NA	NA
ENSDART00000100638	LIN9	5	58.0	26.4	NA	NA	NA	NA	NA	NA	NA
ENSDART00000129829	si:rp71-36a1.5	5	34.7	27.1	NA	NA	NA	NA	NA	NA	NA
ENSDART00000041886	RNF130	1	21.6	21.6	NA	NA	NA	NA	NA	NA	NA
ENSDART00000030658	ZBTB7B	6	35.6	30.0	NA	NA	NA	NA	NA	NA	NA
ENSDART00000061716	mnx2a	1	114.5	114.5	NA	NA	NA	NA	NA	NA	NA
ENSDART00000077436	mylipb	1	17.0	17.0	NA	NA	NA	NA	NA	NA	NA
ENSDART00000127003	METTL9	25	70.6	80.0	19.4	30.3	94.1	113.6	NA	NA	NA
ENSDART00000134047	cyp2p10	2	22.7	22.7	NA	NA	NA	NA	NA	NA	NA
ENSDART00000114659	maml3	52	49.7	38.4	8.2	12.3	71.4	110.8	6.14	12.43	1.01751573568
ENSDART00000015081	CABZ01070469.1	1	36.0	36.0	NA	NA	NA	NA	NA	NA	NA
ENSDART00000127343	smarcd2	7	63.1	26.6	NA	NA	NA	NA	NA	NA	NA
ENSDART00000132208	ttll2	1	84.5	84.5	NA	NA	NA	NA	NA	NA	NA
ENSDART00000078587	si:dkey-159a18.1	9	135.2	104.1	NA	NA	NA	NA	NA	NA	NA
ENSDART00000126354	ablim1b	4	73.1	44.1	NA	NA	NA	NA	NA	NA	NA
ENSDART00000132207	zgc:165539	36	52.7	52.1	21.0	34.7	66.5	79.2	9.3	6.23	-0.577998552971
ENSDART00000136182	CCDC74A	1	73.8	73.8	NA	NA	NA	NA	NA	NA	NA
ENSDART00000100240	rnmtl1b	4	21.2	16.6	NA	NA	NA	NA	NA	NA	NA
ENSDART00000078268	pag1	3	25.4	7.0	NA	NA	NA	NA	NA	NA	NA
ENSDART00000138918	zte25	1	260.7	260.7	NA	NA	NA	NA	NA	NA	NA
ENSDART00000018350	cnot8	557	44.6	33.6	11.1	18.1	57.2	98.6	59.61	241.21	2.0166634408
ENSDART00000018351	zgc:65851	36	65.1	72.1	20.7	36.9	92.5	99.5	NA	NA	NA
ENSDART00000133274	CABZ01032467.1	5	44.3	24.3	NA	NA	NA	NA	NA	NA	NA
ENSDART00000054472	tll1	70	65.6	55.8	6.5	20.0	91.6	144.2	NA	NA	NA
ENSDART00000027345	tmem59l	123	39.3	35.1	17.2	26.7	48.3	57.7	34.12	19.44	-0.811589427713
ENSDART00000142622	si:ch211-198a12.6	997	64.0	52.8	11.0	22.6	95.8	132.1	38.82	329.66	3.08610682198
ENSDART00000033294	wdr13	6	19.2	15.1	NA	NA	NA	NA	NA	NA	NA
ENSDART00000054476	fmr1	61	43.7	23.4	7.3	13.6	47.9	120.3	18.36	15.15	-0.277248265053
ENSDART00000092324	abcb6a	228	42.1	33.9	13.5	22.0	54.9	77.9	5.24	42.94	3.03468347432
ENSDART00000133112	slc15a1a	1	134.3	134.3	NA	NA	NA	NA	NA	NA	NA
ENSDART00000102202	zgc:158309	3	15.2	5.5	NA	NA	NA	NA	NA	NA	NA
ENSDART00000014868	calm2a	29	86.5	94.4	22.3	52.9	108.3	151.6	97.2	518.69	2.41584433682
ENSDART00000014685	cpm	23	65.9	54.5	19.1	31.1	87.4	110.3	39.48	13.67	-1.53010874685
ENSDART00000122869	C21H11orf82	8	82.9	100.0	NA	NA	NA	NA	NA	NA	NA
ENSDART00000146590	mboat2a	19	61.1	48.3	17.8	22.6	82.8	136.0	NA	NA	NA
ENSDART00000115090	gpt2	253	49.9	44.9	11.0	24.6	73.9	91.2	24.48	361.2	3.88312242968
ENSDART00000056655	klf4b	373	41.1	26.9	6.8	12.3	56.3	100.9	NA	NA	NA
ENSDART00000145069	dyrk2	227	73.4	66.7	12.8	33.2	106.8	143.7	NA	NA	NA
ENSDART00000110195	akirin1	756	65.2	52.5	23.7	32.3	92.2	129.2	68.14	284.32	2.06094173393
ENSDART00000048375	stmn4	39	32.0	33.5	8.8	16.4	41.2	52.1	NA	NA	NA
ENSDART00000126766	CABZ01060813.1	3	11.6	16.9	NA	NA	NA	NA	NA	NA	NA
ENSDART00000013480	elovl1a	437	53.4	46.4	17.3	29.9	70.5	101.0	30.62	126.02	2.04110652682
ENSDART00000082354	hoxd9a	1	30.9	30.9	NA	NA	NA	NA	NA	NA	NA
ENSDART00000082351	tfap2a	176	74.5	59.9	12.1	30.7	116.0	149.1	NA	NA	NA
ENSDART00000126768	cc2d2a	7	37.9	19.2	NA	NA	NA	NA	3.54	0.78	-2.18220333122
ENSDART00000090371	sin3b	139	50.4	27.4	5.9	12.1	80.0	134.7	18.2	60.5	1.73299669196
ENSDART00000082352	KBTBD11	1	49.4	49.4	NA	NA	NA	NA	NA	NA	NA
ENSDART00000100961	zgc:55558	507	39.7	27.4	9.2	14.1	51.6	92.4	77.01	147.25	0.935149932309
ENSDART00000100967	si:dkeyp-114g9.1	390	65.0	59.3	22.9	39.6	86.3	108.5	61.75	303.68	2.29804085566
ENSDART00000050762	phactr3b	1	61.0	61.0	NA	NA	NA	NA	NA	NA	NA
ENSDART00000027129	bmpr1ba	4	59.5	51.3	NA	NA	NA	NA	NA	NA	NA
ENSDART00000004477	foxi1	214	75.0	64.6	16.8	30.7	111.1	137.9	NA	NA	NA
ENSDART00000077226	mc5rb	2	91.2	91.2	NA	NA	NA	NA	NA	NA	NA
ENSDART00000077222	ldlrad4	5	65.6	65.5	NA	NA	NA	NA	NA	NA	NA
ENSDART00000093571	camlg	96	41.0	23.7	10.6	16.0	48.4	83.5	33.89	16.03	-1.08008521133
ENSDART00000101799	ALPK1	27	107.5	83.5	13.8	46.8	174.0	199.3	NA	NA	NA
ENSDART00000102672	nck2a	17	48.5	26.3	10.3	16.4	63.0	115.4	NA	NA	NA
ENSDART00000143676	zc3h12b	45	44.7	25.8	2.8	10.4	61.6	113.6	NA	NA	NA
ENSDART00000121708	pcsk1nl	1	13.8	13.8	NA	NA	NA	NA	NA	NA	NA
ENSDART00000009347	exoc3	67	40.6	15.8	6.3	10.5	52.0	109.3	9.09	19.04	1.06668127911
ENSDART00000040424	slc26a3	2	124.9	124.9	NA	NA	NA	NA	NA	NA	NA
ENSDART00000134724	ssna1	16	25.6	16.7	4.3	8.3	23.6	32.5	NA	NA	NA
ENSDART00000134725	si:ch211-233a24.2	93	45.0	41.6	13.1	24.2	60.0	76.2	5.25	3.81	-0.46252642506
ENSDART00000089207	cables1	8	44.6	25.1	NA	NA	NA	NA	NA	NA	NA
ENSDART00000145639	si:dkey-126g1.9	109	121.7	124.4	76.2	103.9	143.0	169.3	NA	NA	NA
ENSDART00000087329	znf438	7	85.4	108.6	NA	NA	NA	NA	NA	NA	NA
ENSDART00000047811	CABZ01020188.1	1	-14.5	-14.5	NA	NA	NA	NA	NA	NA	NA
ENSDART00000115189	slc34a2b	162	147.0	154.1	57.1	108.7	184.4	220.4	NA	NA	NA
ENSDART00000106606	si:dkey-4c15.16	116	60.3	45.2	10.3	22.2	87.9	126.2	NA	NA	NA
ENSDART00000131369	si:dkey-29d8.3	8	22.4	11.4	NA	NA	NA	NA	NA	NA	NA
ENSDART00000079336	raraa	23	48.1	45.8	9.6	13.4	71.8	85.0	NA	NA	NA
ENSDART00000035925	kctd2	18	68.8	70.9	19.0	32.3	105.5	120.2	NA	NA	NA
ENSDART00000027807	chd9	13	78.8	64.8	17.6	25.7	123.5	156.7	NA	NA	NA
ENSDART00000123940	PHTF2	11	85.0	87.4	27.2	47.8	106.0	147.1	NA	NA	NA
ENSDART00000092110	lin54	71	68.1	56.1	15.7	34.1	94.4	128.9	9.74	21.98	1.17419770887
ENSDART00000004692	IDH2	190	61.5	51.6	23.3	32.3	73.7	122.8	75.12	34.38	-1.12762751818
ENSDART00000055308	pih1d1	8	20.6	21.2	NA	NA	NA	NA	NA	NA	NA
ENSDART00000134469	glrx	61	31.6	30.8	6.5	16.6	43.7	58.3	NA	NA	NA
ENSDART00000009126	kras	97	56.7	49.5	18.6	28.7	74.1	115.4	NA	NA	NA
ENSDART00000006830	mfn1b	32	42.6	22.6	7.9	13.7	41.4	70.9	NA	NA	NA
ENSDART00000134467	parpbp	36	42.0	29.3	7.1	14.7	54.2	75.3	6.34	19.41	1.61424537257
ENSDART00000134466	rp9	9	56.5	20.2	NA	NA	NA	NA	NA	NA	NA
ENSDART00000109982	C23H1orf116	10	60.4	44.2	14.5	20.2	75.5	136.6	NA	NA	NA
ENSDART00000026195	slc9a6a	42	45.4	30.9	14.3	21.4	58.9	91.7	NA	NA	NA
ENSDART00000130115	ANKRD30B	3	57.0	43.7	NA	NA	NA	NA	6.64	1.75	-1.92382831951
ENSDART00000063525	calr	168	34.7	22.5	6.7	13.2	39.2	77.5	25.1	8.61	-1.54360222144
ENSDART00000063523	mgmt	57	21.3	17.2	7.9	12.6	26.0	44.7	NA	NA	NA
ENSDART00000058504	CU929219.1	6	13.0	11.5	NA	NA	NA	NA	NA	NA	NA
ENSDART00000139254	zgc:152977	5	32.7	17.4	NA	NA	NA	NA	NA	NA	NA
ENSDART00000052620	npy	1	13.5	13.5	NA	NA	NA	NA	NA	NA	NA
ENSDART00000005127	garem	12	49.2	25.7	7.1	15.2	71.4	79.0	NA	NA	NA
ENSDART00000148870	kmt2bb	53	87.7	70.5	16.2	28.4	138.4	190.4	32.31	19.4	-0.735924098191
ENSDART00000148872	slc16a4	1	145.5	145.5	NA	NA	NA	NA	NA	NA	NA
ENSDART00000080527	si:dkey-27i16.3	1	52.3	52.3	NA	NA	NA	NA	NA	NA	NA
ENSDART00000112728	tmem175	12	57.3	34.5	15.6	20.7	73.5	122.2	NA	NA	NA
ENSDART00000049365	ESX1	7	11.6	15.9	NA	NA	NA	NA	NA	NA	NA
ENSDART00000086631	CR354611.2	73	71.7	46.1	4.9	18.1	120.2	166.0	7.86	12.21	0.635461982729
ENSDART00000112722	org	79	37.9	35.0	13.5	19.2	50.6	67.6	23.43	29.52	0.333335767197
ENSDART00000085121	sdk2b	5	49.3	52.0	NA	NA	NA	NA	NA	NA	NA
ENSDART00000137795	ssrp1a	403	53.1	41.2	14.6	26.2	67.4	111.6	154.13	235.62	0.61231430721
ENSDART00000073892	zgc:114041	91	46.1	28.8	10.2	14.2	70.5	112.4	22.66	23.18	0.032732705186
ENSDART00000128609	cry1b	10	16.7	17.6	9.2	14.7	18.1	24.5	NA	NA	NA
ENSDART00000122919	zgc:163098	30	89.9	96.6	19.4	30.3	128.7	162.1	8.76	10.09	0.203923399505
ENSDART00000101217	CLDN4	61	41.5	23.6	9.2	12.9	61.7	99.2	NA	NA	NA
ENSDART00000049420	ndrg1b	44	25.3	15.6	7.2	10.6	32.6	41.3	NA	NA	NA
ENSDART00000101219	wbscr27	46	57.2	53.3	12.7	18.9	72.1	118.7	NA	NA	NA
ENSDART00000122917	AL840631.3	3	30.5	23.9	NA	NA	NA	NA	NA	NA	NA
ENSDART00000085989	trmt5	59	67.5	51.2	14.1	24.1	94.0	142.6	11.44	25.17	1.13761816438
ENSDART00000099721	rnf183	84	70.9	66.6	19.5	32.0	96.8	128.5	NA	NA	NA
ENSDART00000021340	sycp3	4	87.0	88.6	NA	NA	NA	NA	NA	NA	NA
ENSDART00000104933	eepd1	14	71.8	48.2	14.4	15.9	127.9	151.7	NA	NA	NA
ENSDART00000109183	trim3b	17	75.4	52.8	7.3	29.7	95.2	177.0	NA	NA	NA
ENSDART00000040191	snx17	14	42.4	21.3	11.8	16.3	48.9	118.0	NA	NA	NA
ENSDART00000006344	cap1	156	33.4	22.2	5.0	11.6	35.1	75.8	20.36	49.01	1.26733858533
ENSDART00000025107	map2k1	20	36.4	27.4	11.2	21.1	35.8	68.2	NA	NA	NA
ENSDART00000129919	TIFA	330	28.6	21.1	7.7	12.4	37.9	53.6	NA	NA	NA
ENSDART00000129918	kif17	1	7.2	7.2	NA	NA	NA	NA	NA	NA	NA
ENSDART00000025451	rassf7b	53	58.2	43.8	10.1	18.2	84.1	135.3	NA	NA	NA
ENSDART00000145092	lipi	4	27.8	16.5	NA	NA	NA	NA	NA	NA	NA
ENSDART00000063093	auh	33	64.6	67.0	25.1	48.6	74.1	98.3	NA	NA	NA
ENSDART00000089327	hs2st1a	75	67.7	56.2	22.7	36.2	93.6	117.6	NA	NA	NA
ENSDART00000087857	unc5db	14	67.9	54.3	18.4	34.7	80.8	107.1	NA	NA	NA
ENSDART00000111269	ttll11	3	144.3	160.8	NA	NA	NA	NA	NA	NA	NA
ENSDART00000062385	slc38a5a	3	105.3	119.7	NA	NA	NA	NA	NA	NA	NA
ENSDART00000079253	pskh1	5	59.7	52.2	NA	NA	NA	NA	NA	NA	NA
ENSDART00000062383	ywhaqa	306	47.0	38.0	10.6	20.6	65.1	100.1	191.17	192.26	0.00820249761696
ENSDART00000142726	creg2	3	73.5	46.7	NA	NA	NA	NA	NA	NA	NA
ENSDART00000001804	kifc1	278	64.5	45.0	12.5	20.6	103.4	146.5	40.13	162.99	2.02203039161
ENSDART00000127983	lima1	70	44.9	24.7	10.3	15.6	50.8	116.8	10.79	25.45	1.23797079148
ENSDART00000090844	zgc:153018	628	106.2	104.3	40.7	74.1	137.4	172.9	NA	NA	NA
ENSDART00000053685	smox	4	40.4	30.3	NA	NA	NA	NA	NA	NA	NA
ENSDART00000127987	BSN	2	92.6	92.6	NA	NA	NA	NA	NA	NA	NA
ENSDART00000127985	MTERF	51	33.2	15.0	4.5	9.5	45.4	90.9	NA	NA	NA
ENSDART00000080671	eif1axb	439	61.3	48.0	17.6	29.1	91.5	120.0	208.34	410.77	0.979390965776
ENSDART00000080673	syt11a	8	27.5	29.8	NA	NA	NA	NA	NA	NA	NA
ENSDART00000087070	abcc5	3	31.0	24.2	NA	NA	NA	NA	NA	NA	NA
ENSDART00000141397	rpl15	514	74.2	67.3	25.8	35.6	101.7	137.2	1269.35	454.95	-1.48031001695
ENSDART00000127961	DENND6A	47	47.1	30.9	3.6	17.9	64.2	115.8	NA	NA	NA
ENSDART00000102045	zmym2	100	62.3	49.2	8.7	20.4	88.3	138.5	11.66	42.61	1.86962426298
ENSDART00000067354	zgc:101783	114	63.4	46.1	13.9	25.9	95.2	132.5	44.04	29.33	-0.586437397807
ENSDART00000067608	pde12	81	45.6	33.6	7.4	10.9	78.5	96.4	11.67	23.26	0.995046535766
ENSDART00000067353	CU041386.1	11	41.2	28.0	10.7	16.3	48.9	82.1	NA	NA	NA
ENSDART00000145890	mhc1zaa	1	32.2	32.2	NA	NA	NA	NA	NA	NA	NA
ENSDART00000067604	arf4a	43	74.6	68.7	22.4	39.7	114.3	138.1	NA	NA	NA
ENSDART00000017569	tnfb	18	48.6	19.4	1.5	5.7	62.2	158.7	NA	NA	NA
ENSDART00000020167	slc16a9a	2	14.2	14.2	NA	NA	NA	NA	NA	NA	NA
ENSDART00000062656	cryl1	11	56.4	52.3	37.1	46.8	67.8	74.7	NA	NA	NA
ENSDART00000020168	kctd5	111	92.7	88.8	23.8	50.3	128.2	161.8	71.46	54.94	-0.379279003509
ENSDART00000017567	dcp1a	34	52.3	31.5	7.8	17.8	67.7	125.1	NA	NA	NA
ENSDART00000135400	tmprss15	11	22.9	20.1	11.2	12.6	31.7	33.3	NA	NA	NA
ENSDART00000060879	si:ch211-9d9.1	10	78.2	42.9	10.2	24.4	114.7	185.5	NA	NA	NA
ENSDART00000064558	etf1	1199	68.8	58.3	17.7	28.8	99.1	137.9	113.38	580.8	2.35687527906
ENSDART00000024858	chchd10	118	39.0	31.6	11.8	21.1	47.5	71.4	38.51	68.37	0.828130302189
ENSDART00000064554	ppp2r3c	39	53.2	40.5	15.8	22.2	61.2	96.9	13.36	22.83	0.773010851751
ENSDART00000053535	arih1l	96	38.2	32.8	10.3	22.2	46.2	68.8	22.0	10.75	-1.03316686394
ENSDART00000053534	tbpl1	86	42.7	23.0	6.6	15.2	57.5	108.8	23.99	37.38	0.639833411452
ENSDART00000090260	clcn2	1	112.3	112.3	NA	NA	NA	NA	NA	NA	NA
ENSDART00000127570	pbxip1b	9	35.0	33.2	NA	NA	NA	NA	5.79	2.02	-1.51920805524
ENSDART00000008698	stk3	288	72.9	61.5	19.4	33.8	112.6	139.1	8.21	109.48	3.73714130759
ENSDART00000127575	ckap5	135	65.6	48.5	8.8	19.6	99.7	146.0	7.93	20.5	1.37023113869
ENSDART00000127578	twistnb	217	60.5	49.1	17.7	28.8	86.4	122.0	172.64	51.68	-1.74008879479
ENSDART00000081823	FBXW12	2	14.8	14.8	NA	NA	NA	NA	NA	NA	NA
ENSDART00000123403	arhgap11a	379	57.7	46.1	11.4	21.0	81.2	120.7	15.69	113.76	2.85807611265
ENSDART00000098525	stx2b	4	32.1	32.9	NA	NA	NA	NA	NA	NA	NA
ENSDART00000126160	dnajb9b	5	37.3	45.6	NA	NA	NA	NA	NA	NA	NA
ENSDART00000140863	si:dkey-7l6.3	27	69.3	26.0	13.9	18.2	133.8	192.9	NA	NA	NA
ENSDART00000016211	tbp	211	30.2	16.9	6.7	11.7	29.8	77.8	17.53	41.94	1.25850086534
ENSDART00000115398	arid5a	1	1.1	1.1	NA	NA	NA	NA	NA	NA	NA
ENSDART00000016214	msna	187	76.9	66.9	23.3	42.6	109.7	142.0	129.64	238.52	0.879599316106
ENSDART00000141628	si:dkey-102m7.1	17	61.6	38.8	9.0	12.1	117.3	129.5	NA	NA	NA
ENSDART00000121758	ednrb1a	1	33.8	33.8	NA	NA	NA	NA	NA	NA	NA
ENSDART00000152942	si:ch211-203c7.2	18	93.6	112.1	26.8	50.9	119.1	159.5	NA	NA	NA
ENSDART00000081661	nudt2	64	42.8	27.5	9.5	16.9	54.4	95.0	NA	NA	NA
ENSDART00000081985	pim2	73	72.7	53.1	5.7	15.5	124.2	154.7	NA	NA	NA
ENSDART00000140665	grb10a	13	27.7	11.5	6.4	9.8	26.3	55.8	NA	NA	NA
ENSDART00000140666	prosc	50	49.4	39.7	6.9	18.6	67.8	111.1	NA	NA	NA
ENSDART00000147947	ankhd1	295	68.6	46.0	12.2	20.9	103.2	154.7	27.71	28.15	0.0227282114862
ENSDART00000085309	dpcd	40	88.2	76.6	14.9	41.4	144.2	174.6	NA	NA	NA
ENSDART00000081982	KCNJ15	1	37.1	37.1	NA	NA	NA	NA	NA	NA	NA
ENSDART00000084174	LIG1	202	64.3	58.4	13.2	27.0	91.9	122.0	96.39	140.97	0.54843278693
ENSDART00000111994	tmem63bb	8	35.6	20.6	NA	NA	NA	NA	NA	NA	NA
ENSDART00000084179	rnf32	1	91.7	91.7	NA	NA	NA	NA	NA	NA	NA
ENSDART00000064809	nol8	77	66.5	44.6	14.4	22.2	96.4	144.9	14.86	22.04	0.568690108033
ENSDART00000034098	dtl	114	40.7	19.9	3.3	8.5	59.9	114.3	11.93	51.84	2.11947167519
ENSDART00000146772	zfand4	15	63.9	45.2	11.0	18.5	93.0	149.8	NA	NA	NA
ENSDART00000009838	agpat6	137	86.8	80.1	34.1	48.5	118.4	146.9	53.51	17.22	-1.6357233862
ENSDART00000064803	iars2	19	63.3	53.0	28.6	38.1	79.0	98.4	7.66	17.0	1.1501184491
ENSDART00000081821	WNT7A	2	44.1	44.1	NA	NA	NA	NA	NA	NA	NA
ENSDART00000079346	PDE6H	1	5.8	5.8	NA	NA	NA	NA	NA	NA	NA
ENSDART00000076128	ppp1r2	278	38.8	30.9	12.5	19.7	48.9	74.1	62.61	82.6	0.399748680426
ENSDART00000123667	pkma	99	25.9	23.5	9.8	15.7	32.1	37.6	10.08	6.59	-0.613145268492
ENSDART00000115025	thap4	18	76.5	43.9	12.7	28.1	93.8	196.1	NA	NA	NA
ENSDART00000115026	CABZ01083862.1	16	90.0	77.2	24.8	38.5	148.4	160.6	NA	NA	NA
ENSDART00000035905	sumo3a	2239	78.3	73.8	34.6	51.7	97.9	127.8	283.2	2409.89	3.08907412527
ENSDART00000115023	BX927294.1	26	55.9	34.0	7.8	14.7	94.1	136.6	NA	NA	NA
ENSDART00000126299	gdi1	5	106.7	90.9	NA	NA	NA	NA	NA	NA	NA
ENSDART00000097845	ggps1	122	38.0	21.9	6.7	13.2	45.4	111.5	13.62	22.9	0.749620894972
ENSDART00000003317	tfdp1b	102	39.6	27.8	10.6	16.2	48.5	82.2	59.12	50.85	-0.217398495401
ENSDART00000030409	asap1b	13	23.1	18.6	12.6	15.1	30.0	33.3	NA	NA	NA
ENSDART00000142577	fxn	45	17.7	11.5	3.9	8.0	28.0	40.4	NA	NA	NA
ENSDART00000019743	tm9sf2	89	71.2	73.8	8.6	23.6	111.8	133.0	NA	NA	NA
ENSDART00000079347	serpine1	2	17.0	17.0	NA	NA	NA	NA	NA	NA	NA
ENSDART00000019744	reps1	84	28.7	19.7	6.2	11.1	27.8	53.9	5.5	19.65	1.83702578873
ENSDART00000146779	slc38a2	55	58.2	37.3	9.0	16.6	94.6	145.7	NA	NA	NA
ENSDART00000084355	zgc:165481	4	20.2	17.1	NA	NA	NA	NA	NA	NA	NA
ENSDART00000105453	si:ch211-197g15.7	2	29.6	29.6	NA	NA	NA	NA	NA	NA	NA
ENSDART00000137567	smim14	12	20.5	16.0	10.9	11.6	25.4	42.1	NA	NA	NA
ENSDART00000147491	fam63a	50	52.0	39.4	13.7	22.1	71.0	115.3	9.14	19.34	1.08132172442
ENSDART00000085304	pcsk5b	7	24.3	33.7	NA	NA	NA	NA	NA	NA	NA
ENSDART00000150320	gfra1b	4	47.2	44.5	NA	NA	NA	NA	NA	NA	NA
ENSDART00000081188	lsm7	167	99.9	103.6	39.4	81.4	124.7	142.5	110.3	316.57	1.52109175292
ENSDART00000038657	faxdc2	1	51.8	51.8	NA	NA	NA	NA	NA	NA	NA
ENSDART00000110613	LRIG3	47	65.2	48.6	3.4	17.6	95.7	140.3	11.45	6.02	-0.927512206225
ENSDART00000134918	dhx9	125	97.0	100.2	24.3	51.7	126.4	165.5	18.56	71.79	1.95158618713
ENSDART00000098045	gas1b	67	59.5	44.7	4.7	13.5	94.6	133.6	NA	NA	NA
ENSDART00000102863	zgc:158463	2	-4.6	-4.6	NA	NA	NA	NA	NA	NA	NA
ENSDART00000034541	gpatch11	14	59.7	42.3	12.5	25.2	95.6	127.5	NA	NA	NA
ENSDART00000037797	sult2st3	9	56.2	38.2	NA	NA	NA	NA	NA	NA	NA
ENSDART00000060650	FCF1	407	81.4	72.6	25.0	45.3	109.3	149.2	104.76	147.29	0.491571519611
ENSDART00000057944	rpl26	2250	83.5	83.2	31.3	48.2	110.7	137.5	2273.16	605.78	-1.90783338108
ENSDART00000060657	rmi1	6	64.8	67.5	NA	NA	NA	NA	NA	NA	NA
ENSDART00000106191	psmc5	15	64.9	40.5	2.2	9.4	127.4	137.1	44.57	68.15	0.61264069608
ENSDART00000088293	SIPA1L3	3	131.5	167.2	NA	NA	NA	NA	NA	NA	NA
ENSDART00000088290	RAPH1	66	75.7	46.5	12.1	16.9	119.6	154.3	4.49	10.73	1.25686272602
ENSDART00000121806	cdc5l	355	65.0	51.3	11.9	21.9	95.5	141.7	61.85	206.3	1.73789832091
ENSDART00000075529	gstz1	1	17.3	17.3	NA	NA	NA	NA	NA	NA	NA
ENSDART00000146544	mpv17	18	55.6	40.9	13.0	19.1	69.4	117.6	NA	NA	NA
ENSDART00000019296	gdf9	10	22.4	18.7	13.0	14.4	29.1	34.3	NA	NA	NA
ENSDART00000075520	aldh6a1	214	56.7	57.3	26.6	37.6	71.5	87.4	23.61	62.99	1.41572476966
ENSDART00000075521	zgc:113054	118	29.8	27.5	12.9	17.5	38.8	51.6	32.72	34.18	0.0629796487344
ENSDART00000075522	syne2b	4	85.7	76.1	NA	NA	NA	NA	NA	NA	NA
ENSDART00000051666	ppm1f	5	33.6	25.3	NA	NA	NA	NA	NA	NA	NA
ENSDART00000152677	plekhm1	154	58.6	36.1	9.9	17.5	91.7	145.8	7.39	20.49	1.47127371487
ENSDART00000150129	polg	2	100.0	100.0	NA	NA	NA	NA	4.22	1.22	-1.79036185114
ENSDART00000055682	ndel1b	167	38.4	20.9	8.1	12.8	38.2	108.6	10.67	15.96	0.580900475398
ENSDART00000055681	tek	2	234.0	234.0	NA	NA	NA	NA	NA	NA	NA
ENSDART00000152673	MYOCD	6	108.4	114.5	NA	NA	NA	NA	NA	NA	NA
ENSDART00000061838	ttc38	3	64.3	84.7	NA	NA	NA	NA	NA	NA	NA
ENSDART00000043815	klhl12	43	34.8	25.5	6.8	11.3	41.1	98.0	9.9	24.55	1.31022259424
ENSDART00000144938	si:ch211-191j22.3	60	57.5	48.6	13.8	23.6	77.5	118.8	NA	NA	NA
ENSDART00000122136	MDFI	1	7.7	7.7	NA	NA	NA	NA	NA	NA	NA
ENSDART00000122137	tpt1	32	37.8	21.1	6.5	12.0	30.5	113.1	794.48	1375.47	0.791841866597
ENSDART00000077962	exoc2	66	49.5	31.4	10.6	16.4	61.7	115.4	6.92	15.28	1.1428006004
ENSDART00000122131	CDK5RAP2	16	40.9	24.6	10.3	20.7	47.5	67.2	6.54	1.83	-1.83744698721
ENSDART00000043812	polr2c	149	86.8	84.1	26.2	46.6	112.0	142.4	65.96	130.23	0.981398524537
ENSDART00000122139	hao2	1	62.5	62.5	NA	NA	NA	NA	NA	NA	NA
ENSDART00000137178	marveld2b	62	75.7	49.7	10.1	22.8	129.5	166.5	NA	NA	NA
ENSDART00000137179	caly	30	44.1	38.3	10.1	18.0	59.8	90.0	NA	NA	NA
ENSDART00000018163	irf2bp1	91	56.7	38.2	11.1	19.9	81.6	132.5	NA	NA	NA
ENSDART00000106436	zgc:171318	32	87.1	52.9	8.1	18.3	138.0	175.6	NA	NA	NA
ENSDART00000104323	snrka	64	61.6	49.6	11.0	22.1	95.6	124.6	10.0	8.49	-0.236163541109
ENSDART00000104322	uchl3	204	35.7	30.3	11.5	18.3	43.6	59.6	52.57	113.2	1.10656231815
ENSDART00000023006	fam84a	31	42.0	20.8	5.9	14.5	57.9	117.1	NA	NA	NA
ENSDART00000080628	arpc3	82	65.8	48.3	18.3	28.9	96.5	144.3	NA	NA	NA
ENSDART00000082184	TMEM128	5	79.4	91.7	NA	NA	NA	NA	NA	NA	NA
ENSDART00000146728	znf653	19	36.1	24.7	4.1	11.2	31.9	71.7	12.63	2.85	-2.14782081474
ENSDART00000111870	ZACN	1	25.8	25.8	NA	NA	NA	NA	NA	NA	NA
ENSDART00000141405	fastkd1	8	42.7	32.0	NA	NA	NA	NA	NA	NA	NA
ENSDART00000089533	atrnl1a	2	15.5	15.5	NA	NA	NA	NA	NA	NA	NA
ENSDART00000108838	tecrb	88	48.2	42.7	17.5	27.4	61.5	84.3	NA	NA	NA
ENSDART00000061520	BRK1	4	9.2	2.4	NA	NA	NA	NA	NA	NA	NA
ENSDART00000112116	ctssb.1	1791	60.4	45.2	8.7	17.6	94.7	135.4	206.15	734.41	1.83289124193
ENSDART00000065864	TTC17	16	32.6	22.7	10.5	13.2	36.6	59.6	3.65	1.23	-1.56923814843
ENSDART00000152240	si:ch1073-174d20.2	31	44.6	38.0	7.6	18.2	61.2	91.4	6.27	9.76	0.638415704761
ENSDART00000112118	CU633988.1	9	11.3	12.6	NA	NA	NA	NA	NA	NA	NA
ENSDART00000002633	frzb	40	72.4	67.2	12.9	24.0	112.0	151.0	NA	NA	NA
ENSDART00000093187	lnpa	28	42.7	35.0	15.4	26.6	54.7	89.2	9.44	15.59	0.723762163336
ENSDART00000093185	limk2	78	52.5	33.7	9.6	15.5	75.0	145.3	NA	NA	NA
ENSDART00000083761	fam69b	4	73.6	65.2	NA	NA	NA	NA	NA	NA	NA
ENSDART00000083760	frmd3	2	15.8	15.8	NA	NA	NA	NA	NA	NA	NA
ENSDART00000032009	CABZ01074899.1	2	26.8	26.8	NA	NA	NA	NA	NA	NA	NA
ENSDART00000066388	tomm22	197	58.0	46.5	12.4	23.5	85.3	116.8	59.2	168.93	1.51275647576
ENSDART00000078459	tmem55a	13	61.1	61.8	21.0	30.1	91.5	111.0	NA	NA	NA
ENSDART00000013870	UBL4B	123	67.8	63.0	12.3	28.6	98.3	133.5	44.61	95.81	1.10280909446
ENSDART00000062868	tfdp2	5	42.4	20.0	NA	NA	NA	NA	NA	NA	NA
ENSDART00000066380	ca7	92	30.8	20.8	6.2	11.0	44.2	78.4	NA	NA	NA
ENSDART00000066382	aqp8a.1	9	50.9	38.4	NA	NA	NA	NA	NA	NA	NA
ENSDART00000097644	ephb4b	33	83.8	50.5	14.0	24.1	151.7	197.1	9.67	4.2	-1.20312656181
ENSDART00000097649	clpxb	48	38.9	33.3	11.6	19.6	44.3	71.5	NA	NA	NA
ENSDART00000097648	crfb6	54	74.3	63.5	15.2	27.7	102.5	168.1	NA	NA	NA
ENSDART00000089980	rasgrp2	1	-6.2	-6.2	NA	NA	NA	NA	NA	NA	NA
ENSDART00000041279	tubb4b	724	66.1	58.4	14.0	30.3	97.8	127.9	136.66	225.85	0.72477388185
ENSDART00000063892	si:dkey-239i20.2	2	176.5	176.5	NA	NA	NA	NA	NA	NA	NA
ENSDART00000055422	flr	20	98.3	90.4	19.0	47.0	140.6	207.4	5.61	8.12	0.533478956576
ENSDART00000099559	gata4	1	157.5	157.5	NA	NA	NA	NA	NA	NA	NA
ENSDART00000143807	zgc:113060	11	35.4	19.6	10.2	14.8	22.6	88.0	NA	NA	NA
ENSDART00000143806	si:dkey-188i13.11	49	25.9	21.6	13.7	16.0	27.6	47.6	47.94	5.3	-3.1771656442
ENSDART00000099552	exosc8	93	52.1	30.2	11.1	17.1	71.4	125.3	32.61	49.66	0.606769820428
ENSDART00000035743	rrp1	355	74.8	59.2	17.3	29.3	108.2	147.4	106.23	68.88	-0.625034201715
ENSDART00000052329	ZNF408	10	48.9	39.6	12.9	16.0	63.2	82.5	5.38	3.55	-0.599787148165
ENSDART00000130349	wnt9a	1	36.8	36.8	NA	NA	NA	NA	NA	NA	NA
ENSDART00000058970	gtpbp10	53	72.3	69.2	15.1	32.7	107.4	139.5	NA	NA	NA
ENSDART00000058971	lrrc20	2	54.2	54.2	NA	NA	NA	NA	NA	NA	NA
ENSDART00000058974	nbn	23	37.1	28.8	7.6	10.7	44.2	85.8	NA	NA	NA
ENSDART00000130340	zgc:174877	10	38.1	25.9	2.2	12.1	51.9	92.4	NA	NA	NA
ENSDART00000130342	CABZ01054396.1	12	91.5	72.8	14.8	24.8	155.4	185.2	NA	NA	NA
ENSDART00000130343	parp12a	4	23.6	25.2	NA	NA	NA	NA	NA	NA	NA
ENSDART00000048293	irf1b	2	22.3	22.3	NA	NA	NA	NA	NA	NA	NA
ENSDART00000079341	plch1	1	22.1	22.1	NA	NA	NA	NA	NA	NA	NA
ENSDART00000124476	tube1	9	59.4	36.4	NA	NA	NA	NA	NA	NA	NA
ENSDART00000021645	kdelc2	20	56.9	48.2	22.2	25.7	85.2	100.2	NA	NA	NA
ENSDART00000092580	rbpjb	13	52.5	25.8	15.8	18.2	59.7	121.7	NA	NA	NA
ENSDART00000024199	atp5a1	604	41.5	28.1	11.7	18.0	49.6	85.3	329.01	185.2	-0.829047335609
ENSDART00000024193	FP236813.1	636	48.2	34.0	8.1	16.2	69.7	107.3	39.16	170.58	2.12299583479
ENSDART00000055473	grb2b	92	65.3	56.4	21.2	35.1	94.1	129.6	16.82	108.1	2.68411691237
ENSDART00000024627	cdh2	140	107.6	100.4	40.3	71.1	143.7	179.2	NA	NA	NA
ENSDART00000053946	cxcl12a	101	62.8	45.9	9.8	17.5	101.3	140.8	NA	NA	NA
ENSDART00000137821	micall2b	21	51.3	24.7	2.6	8.9	55.9	151.1	NA	NA	NA
ENSDART00000077783	hmox2a	47	68.1	61.5	21.7	38.2	86.3	111.8	NA	NA	NA
ENSDART00000131434	fam135a	68	44.1	23.1	8.2	13.5	54.0	110.2	5.7	8.47	0.57140005028
ENSDART00000077785	vps26bl	11	63.1	36.3	20.1	26.5	75.6	112.3	NA	NA	NA
ENSDART00000108970	pdlim7	2	13.8	13.8	NA	NA	NA	NA	NA	NA	NA
ENSDART00000028500	nxn	25	41.6	28.9	18.7	22.7	51.6	79.0	NA	NA	NA
ENSDART00000091727	ntrk3a	1	28.9	28.9	NA	NA	NA	NA	NA	NA	NA
ENSDART00000142348	sertad2a	22	44.9	21.5	2.8	12.9	64.7	128.3	NA	NA	NA
ENSDART00000129211	zgc:92107	37	81.7	72.7	17.0	34.5	120.9	161.7	5.33	18.94	1.82922889271
ENSDART00000129745	SH2D1B	2	68.1	68.1	NA	NA	NA	NA	NA	NA	NA
ENSDART00000129214	CABZ01013938.1	234	53.8	44.1	12.7	22.7	78.2	117.3	113.58	130.48	0.200119870287
ENSDART00000129743	BX470131.2	7	41.5	19.9	NA	NA	NA	NA	NA	NA	NA
ENSDART00000105218	khk	20	144.0	148.0	64.2	83.6	178.0	275.4	NA	NA	NA
ENSDART00000126937	wu:fb59d01	2	103.6	103.6	NA	NA	NA	NA	NA	NA	NA
ENSDART00000114610	INCENP	4	11.9	6.5	NA	NA	NA	NA	21.17	106.67	2.33306131345
ENSDART00000113643	fbxo25	6	25.1	24.8	NA	NA	NA	NA	NA	NA	NA
ENSDART00000114613	ptcd1	61	56.8	43.7	10.7	16.8	87.4	122.4	9.94	9.94	0.0
ENSDART00000114966	antxr1b	1	43.4	43.4	NA	NA	NA	NA	NA	NA	NA
ENSDART00000114615	KCNK17	1	317.7	317.7	NA	NA	NA	NA	NA	NA	NA
ENSDART00000133497	si:dkey-250k15.4	11	36.8	20.6	14.4	19.0	51.6	82.3	NA	NA	NA
ENSDART00000020283	rpusd4	68	60.3	44.1	10.8	24.2	91.0	147.8	20.12	16.95	-0.247345031782
ENSDART00000076786	CLEC19A	6	21.7	14.3	NA	NA	NA	NA	NA	NA	NA
ENSDART00000098604	adam28	4	58.2	26.1	NA	NA	NA	NA	NA	NA	NA
ENSDART00000121581	si:ch211-161m3.4	1	15.2	15.2	NA	NA	NA	NA	NA	NA	NA
ENSDART00000035710	lin7c	140	49.2	40.2	15.1	25.4	64.0	97.3	NA	NA	NA
ENSDART00000121585	cep135	10	68.5	40.0	8.9	14.0	106.1	177.5	7.23	2.37	-1.60910858805
ENSDART00000024443	CABZ01057488.1	29	104.2	93.4	20.9	63.3	141.6	200.4	NA	NA	NA
ENSDART00000035714	dnajc24	16	39.1	19.2	7.2	8.2	48.1	105.6	NA	NA	NA
ENSDART00000054653	mcm3l	0	NA	NA	NA	NA	NA	NA	19.92	5.19	-1.94041120371
ENSDART00000136369	BX649331.2	14	106.4	95.3	49.1	82.5	144.0	155.7	NA	NA	NA
ENSDART00000138264	si:ch211-183d21.1	6	64.3	43.3	NA	NA	NA	NA	NA	NA	NA
ENSDART00000012531	wacb	16	62.8	37.1	7.8	19.9	112.2	148.5	NA	NA	NA
ENSDART00000003674	ankmy2a	26	79.1	56.2	9.6	18.7	113.6	173.2	NA	NA	NA
ENSDART00000078877	sncga	4	38.8	27.7	NA	NA	NA	NA	NA	NA	NA
ENSDART00000091588	kmt2ba	51	84.4	75.4	13.3	25.1	133.1	173.1	8.04	13.96	0.796031535031
ENSDART00000003670	zgc:101744	532	33.4	28.7	10.9	17.6	41.5	56.9	126.93	160.41	0.337730991042
ENSDART00000091584	zgc:158785	2	120.9	120.9	NA	NA	NA	NA	NA	NA	NA
ENSDART00000091583	ARMC10	4	17.8	16.8	NA	NA	NA	NA	NA	NA	NA
ENSDART00000145154	ccdc40	2	25.4	25.4	NA	NA	NA	NA	NA	NA	NA
ENSDART00000067161	tnpo3	474	74.2	60.5	25.9	39.6	98.4	149.8	49.74	123.04	1.30664899574
ENSDART00000123068	cacnb1	5	106.1	64.9	NA	NA	NA	NA	NA	NA	NA
ENSDART00000100727	osbpl9	22	31.8	17.5	7.6	11.5	30.1	80.0	NA	NA	NA
ENSDART00000113395	SERP1	207	46.2	41.2	15.3	26.2	62.0	83.3	NA	NA	NA
ENSDART00000145409	si:dkey-221j11.3	1	94.2	94.2	NA	NA	NA	NA	NA	NA	NA
ENSDART00000052541	ccnb2	652	40.6	22.6	6.6	11.4	54.2	112.7	88.75	196.54	1.14700393636
ENSDART00000047541	bach1	3	52.1	25.5	NA	NA	NA	NA	NA	NA	NA
ENSDART00000044426	si:dkey-240h12.4	1	10.3	10.3	NA	NA	NA	NA	NA	NA	NA
ENSDART00000052012	twf1a	169	41.5	32.9	11.5	18.8	48.8	87.1	35.29	91.94	1.38143323604
ENSDART00000093239	wtip	13	53.9	37.2	5.3	6.3	65.9	147.2	NA	NA	NA
ENSDART00000017970	cdc34b	976	69.9	61.7	24.9	41.3	93.4	123.6	26.4	229.9	3.12239663136
ENSDART00000012457	PAOX	2	11.0	11.0	NA	NA	NA	NA	NA	NA	NA
ENSDART00000044423	magi1b	66	38.8	28.5	5.7	13.4	49.0	94.5	18.34	93.63	2.35197721905
ENSDART00000017975	rps18	1393	79.8	69.1	35.2	49.2	107.5	136.0	1609.2	548.66	-1.55235933785
ENSDART00000090675	ARHGAP35	12	38.2	25.8	13.9	18.3	43.5	96.1	NA	NA	NA
ENSDART00000009932	ints6	39	103.6	100.6	15.4	34.1	155.2	186.5	NA	NA	NA
ENSDART00000043658	slc2a15a	2	74.0	74.0	NA	NA	NA	NA	NA	NA	NA
ENSDART00000009936	tlk1b	101	62.8	50.6	16.0	34.1	82.8	126.0	20.5	25.69	0.325582980508
ENSDART00000128161	kdm4b	119	50.1	34.6	11.2	17.6	54.6	110.4	19.16	28.9	0.592971931652
ENSDART00000125914	hmgcll1	1	16.0	16.0	NA	NA	NA	NA	NA	NA	NA
ENSDART00000128166	HIST1H4J	4	31.5	-0.2	NA	NA	NA	NA	NA	NA	NA
ENSDART00000134146	MTSS1	41	49.4	34.3	11.1	17.8	70.1	102.7	NA	NA	NA
ENSDART00000045763	keap1a	9	61.4	31.3	NA	NA	NA	NA	NA	NA	NA
ENSDART00000124749	myrf	1	25.0	25.0	NA	NA	NA	NA	NA	NA	NA
ENSDART00000067290	PYURF	54	47.0	34.2	6.3	15.5	75.2	99.7	NA	NA	NA
ENSDART00000067293	cnbpa	1971	94.4	88.8	43.4	66.2	117.0	151.7	220.31	753.89	1.77481905409
ENSDART00000151693	oxnad1	7	40.0	42.7	NA	NA	NA	NA	NA	NA	NA
ENSDART00000151697	ubn2	103	63.0	41.1	13.2	16.7	109.5	154.4	12.98	14.8	0.189306792517
ENSDART00000074604	cisd2	77	44.1	36.9	13.9	23.6	53.2	83.3	NA	NA	NA
ENSDART00000151695	INTS4	37	29.1	20.2	10.4	12.3	26.1	65.8	NA	NA	NA
ENSDART00000135551	RBBP8NL	11	94.1	82.6	34.3	43.1	141.3	180.5	NA	NA	NA
ENSDART00000135435	rbm39a	342	56.7	33.6	15.4	21.4	69.4	133.6	62.6	217.35	1.79578553335
ENSDART00000025713	akap1b	307	65.1	55.3	13.4	28.3	92.8	131.7	44.85	58.59	0.385546464801
ENSDART00000130917	coil	20	45.1	34.1	8.5	16.2	65.3	79.9	13.45	2.03	-2.72805454026
ENSDART00000025285	drg2	119	40.8	26.3	8.6	15.1	45.8	97.9	39.72	50.68	0.351550901612
ENSDART00000025719	ism1	316	58.9	49.2	11.8	22.1	82.5	120.2	NA	NA	NA
ENSDART00000148066	znf395b	20	31.9	14.8	5.6	9.2	29.4	70.8	NA	NA	NA
ENSDART00000148080	rnf19b	3	18.1	6.5	NA	NA	NA	NA	NA	NA	NA
ENSDART00000137486	klhl21	1	152.7	152.7	NA	NA	NA	NA	NA	NA	NA
ENSDART00000042056	phb2	43	47.7	25.3	9.7	18.4	74.1	102.3	17.33	16.05	-0.110698357151
ENSDART00000012234	syap1	160	60.5	50.7	10.5	21.5	92.8	128.7	45.85	52.41	0.192920375155
ENSDART00000012232	pdss2	9	28.4	23.5	NA	NA	NA	NA	NA	NA	NA
ENSDART00000043039	fam84b	9	24.9	27.8	NA	NA	NA	NA	NA	NA	NA
ENSDART00000077998	cgna	3	16.3	16.9	NA	NA	NA	NA	NA	NA	NA
ENSDART00000029366	zgc:66447	48	69.9	51.4	8.5	15.8	91.0	156.7	NA	NA	NA
ENSDART00000029364	ak5l	1	49.7	49.7	NA	NA	NA	NA	NA	NA	NA
ENSDART00000090186	si:ch211-238n5.4	8	67.1	52.8	NA	NA	NA	NA	NA	NA	NA
ENSDART00000097673	ARFGAP1	40	42.1	29.7	14.3	20.0	43.1	110.6	20.7	19.28	-0.102525716157
ENSDART00000144570	smtnb	5	21.7	16.3	NA	NA	NA	NA	NA	NA	NA
ENSDART00000080110	c1qtnf3	10	43.2	41.0	13.9	17.6	57.7	72.6	NA	NA	NA
ENSDART00000080441	zgc:66443	187	55.4	33.8	9.7	18.0	74.3	141.3	34.31	37.8	0.139757108551
ENSDART00000080114	rnf103	23	56.4	37.8	7.3	13.0	81.7	127.5	NA	NA	NA
ENSDART00000088469	kdm6a	51	72.1	50.6	6.9	17.6	120.4	158.3	9.49	17.98	0.921913028493
ENSDART00000111019	RABL6	49	34.9	22.0	10.0	13.4	46.8	74.2	17.66	13.58	-0.379001863404
ENSDART00000111018	NGEF	8	22.1	22.9	NA	NA	NA	NA	NA	NA	NA
ENSDART00000003097	RHOU	1	21.0	21.0	NA	NA	NA	NA	NA	NA	NA
ENSDART00000006579	saal1	98	43.8	29.0	9.9	15.9	70.5	97.0	20.86	41.07	0.977345789459
ENSDART00000111014	myca	1	22.6	22.6	NA	NA	NA	NA	NA	NA	NA
ENSDART00000151209	cdkn2d	1	11.2	11.2	NA	NA	NA	NA	NA	NA	NA
ENSDART00000011183	prkacba	1	182.1	182.1	NA	NA	NA	NA	NA	NA	NA
ENSDART00000108629	LRCH1	4	75.6	62.4	NA	NA	NA	NA	NA	NA	NA
ENSDART00000147707	camsap1b	12	67.8	46.5	9.4	12.8	128.4	159.6	NA	NA	NA
ENSDART00000108625	CU181898.3	3	142.3	102.8	NA	NA	NA	NA	NA	NA	NA
ENSDART00000108626	eif4h	554	65.9	55.7	21.7	35.8	83.2	126.0	101.43	394.62	1.95997965404
ENSDART00000148603	acsl5	13	52.2	39.8	16.7	30.6	52.3	67.9	NA	NA	NA
ENSDART00000059837	fundc1	70	68.9	60.1	16.9	34.6	103.8	127.7	NA	NA	NA
ENSDART00000147009	si:dkey-251i10.2	2	23.1	23.1	NA	NA	NA	NA	NA	NA	NA
ENSDART00000065293	usp5	1	12.5	12.5	NA	NA	NA	NA	NA	NA	NA
ENSDART00000045588	cyp27a7	1	10.1	10.1	NA	NA	NA	NA	NA	NA	NA
ENSDART00000147001	si:dkeyp-72h1.1	7	45.4	54.9	NA	NA	NA	NA	NA	NA	NA
ENSDART00000124873	CU915778.2	35	66.1	50.7	11.9	26.0	84.0	142.8	NA	NA	NA
ENSDART00000140051	cica	2	13.8	13.8	NA	NA	NA	NA	NA	NA	NA
ENSDART00000112288	ankib1b	17	50.7	38.7	8.7	10.7	79.9	119.0	NA	NA	NA
ENSDART00000147007	mrps31	42	47.3	36.1	13.0	23.6	67.0	104.4	11.61	8.99	-0.368974951351
ENSDART00000127022	CU462878.1	63	64.3	62.5	13.4	21.3	99.8	122.8	NA	NA	NA
ENSDART00000060469	gemin4	38	45.3	33.7	13.9	20.5	61.1	83.3	7.62	13.08	0.779499638005
ENSDART00000125880	BX005328.1	6	93.9	67.7	NA	NA	NA	NA	NA	NA	NA
ENSDART00000060466	si:dkey-241l7.6	10	24.5	26.7	6.0	8.4	29.9	52.8	NA	NA	NA
ENSDART00000087148	cbln4	4	10.5	8.2	NA	NA	NA	NA	NA	NA	NA
ENSDART00000039717	fam49ba	220	44.2	39.6	12.6	24.6	54.6	77.2	16.04	65.14	2.02186957794
ENSDART00000085754	RAB19	7	40.4	39.0	NA	NA	NA	NA	NA	NA	NA
ENSDART00000104139	rnd2	5	79.5	56.5	NA	NA	NA	NA	NA	NA	NA
ENSDART00000147900	rnmtl1a	14	65.3	57.3	14.0	21.0	102.1	135.1	NA	NA	NA
ENSDART00000042928	FUK	6	102.2	104.7	NA	NA	NA	NA	NA	NA	NA
ENSDART00000104137	ches1	14	25.5	17.8	0.3	5.9	35.0	68.0	8.61	4.34	-0.988318194952
ENSDART00000099235	rnf44	13	58.2	53.8	15.3	27.4	94.9	104.9	10.4	28.53	1.45589621855
ENSDART00000078202	PHKA2	1	19.0	19.0	NA	NA	NA	NA	NA	NA	NA
ENSDART00000113889	ifi35	7	49.7	51.0	NA	NA	NA	NA	NA	NA	NA
ENSDART00000020999	angptl1	1	65.4	65.4	NA	NA	NA	NA	NA	NA	NA
ENSDART00000042218	pafah1b1a	134	43.6	26.4	9.3	15.3	49.7	124.1	22.21	15.74	-0.496773852039
ENSDART00000114669	DPY19L3	1	157.5	157.5	NA	NA	NA	NA	NA	NA	NA
ENSDART00000061738	ELMO3	3	43.8	56.7	NA	NA	NA	NA	NA	NA	NA
ENSDART00000061739	hsd11b3a	6	35.9	36.0	NA	NA	NA	NA	NA	NA	NA
ENSDART00000041711	gspt1	7	68.0	47.1	NA	NA	NA	NA	NA	NA	NA
ENSDART00000061736	si:dkey-4e7.3	1	20.3	20.3	NA	NA	NA	NA	NA	NA	NA
ENSDART00000017391	zc3h7a	16	80.9	50.6	13.4	23.4	87.9	156.0	12.98	45.33	1.80417577789
ENSDART00000030890	hmox1	6	74.1	47.9	NA	NA	NA	NA	NA	NA	NA
ENSDART00000051166	GRB10	2	85.2	85.2	NA	NA	NA	NA	NA	NA	NA
ENSDART00000017422	tbc1d17	10	44.8	26.1	15.6	18.1	34.8	122.2	NA	NA	NA
ENSDART00000023859	atp6v0ca	331	63.9	56.3	17.0	29.3	93.4	121.9	34.18	146.25	2.09721232257
ENSDART00000127329	gtf3c3	6	40.2	20.1	NA	NA	NA	NA	NA	NA	NA
ENSDART00000043345	zgc:136474	80	94.7	80.0	14.5	35.4	142.4	194.7	32.69	47.52	0.539685459034
ENSDART00000127321	fkbp3	73	84.4	75.8	33.1	45.7	120.3	144.9	NA	NA	NA
ENSDART00000136168	ptpn2a	30	68.3	67.3	11.6	30.6	96.7	121.0	NA	NA	NA
ENSDART00000097871	elp5	16	47.6	33.5	9.0	15.0	47.1	126.4	NA	NA	NA
ENSDART00000017427	rnpc3	47	51.1	37.5	14.0	25.5	59.0	118.1	22.19	27.18	0.29263578857
ENSDART00000102563	phf10	239	88.8	83.1	25.1	50.2	123.2	150.8	23.63	71.37	1.59469814317
ENSDART00000074552	si:ch211-193e13.5	1	10.8	10.8	NA	NA	NA	NA	NA	NA	NA
ENSDART00000074553	pptc7b	77	88.2	80.5	13.2	34.0	135.7	187.5	NA	NA	NA
ENSDART00000126334	zgc:101583	9	38.1	28.6	NA	NA	NA	NA	NA	NA	NA
ENSDART00000126332	nprl3	11	85.9	45.7	2.0	11.0	153.2	183.9	NA	NA	NA
ENSDART00000074557	BX682557.1	1	18.2	18.2	NA	NA	NA	NA	NA	NA	NA
ENSDART00000126331	PRRT4	8	59.3	60.3	NA	NA	NA	NA	NA	NA	NA
ENSDART00000054417	zgc:113229	9	65.0	57.9	NA	NA	NA	NA	NA	NA	NA
ENSDART00000054416	dyrk1ab	75	68.0	46.8	11.0	22.6	111.1	159.8	8.04	6.91	-0.218509790791
ENSDART00000054410	med19a	185	55.7	38.7	14.9	25.4	78.7	115.6	76.35	68.02	-0.166669150976
ENSDART00000043688	si:dkey-241l7.2	15	35.2	37.0	3.2	12.7	58.5	64.7	NA	NA	NA
ENSDART00000027417	zgc:171704	4	39.1	28.9	NA	NA	NA	NA	NA	NA	NA
ENSDART00000014222	tcea2	7	63.0	26.5	NA	NA	NA	NA	NA	NA	NA
ENSDART00000124666	rgs20	2	12.8	12.8	NA	NA	NA	NA	NA	NA	NA
ENSDART00000149260	nt5c3a	36	55.9	50.4	18.0	27.3	70.8	102.7	NA	NA	NA
ENSDART00000125124	rpl6	794	85.8	84.7	31.3	47.8	116.4	144.0	1074.23	529.85	-1.0196470202
ENSDART00000124661	papss2a	9	31.9	20.5	NA	NA	NA	NA	NA	NA	NA
ENSDART00000014806	npas2	3	35.0	36.2	NA	NA	NA	NA	NA	NA	NA
ENSDART00000131306	cfhl3	1	65.1	65.1	NA	NA	NA	NA	NA	NA	NA
ENSDART00000057525	dnajb12a	88	41.2	30.2	5.0	15.0	51.2	93.6	NA	NA	NA
ENSDART00000075320	CU928083.1	2	135.4	135.4	NA	NA	NA	NA	NA	NA	NA
ENSDART00000062556	sod2	102	36.6	29.8	13.1	19.8	49.4	68.7	49.32	96.73	0.971790599154
ENSDART00000110862	rbm24a	21	67.7	38.9	7.2	21.2	114.0	125.2	NA	NA	NA
ENSDART00000122209	ptena	73	85.4	79.3	13.6	36.4	127.7	164.2	28.46	7.5	-1.92397316114
ENSDART00000093376	usp8	59	38.5	21.3	6.4	12.7	46.5	70.4	20.75	11.83	-0.810661262782
ENSDART00000102472	dars	112	30.9	24.2	8.1	14.4	34.4	49.7	15.18	56.46	1.89505733803
ENSDART00000149893	si:dkey-114c15.7	2	35.4	35.4	NA	NA	NA	NA	NA	NA	NA
ENSDART00000056672	pigp	17	36.3	28.2	17.7	20.5	54.7	65.2	NA	NA	NA
ENSDART00000149896	als2b	42	40.7	25.3	13.0	17.5	37.5	48.8	NA	NA	NA
ENSDART00000114035	mnx2b	1	197.1	197.1	NA	NA	NA	NA	NA	NA	NA
ENSDART00000115049	mych	895	62.2	55.6	8.8	26.4	89.8	124.9	155.64	480.82	1.62728402165
ENSDART00000050902	polr2j	150	53.2	42.9	16.1	26.7	64.4	109.8	127.9	234.65	0.875494196147
ENSDART00000128127	CU929431.1	296	77.7	62.1	11.2	26.3	121.6	160.1	NA	NA	NA
ENSDART00000056679	e2f5	5	61.8	32.9	NA	NA	NA	NA	NA	NA	NA
ENSDART00000087823	adcy8	3	111.8	40.8	NA	NA	NA	NA	NA	NA	NA
ENSDART00000126749	CU570691.1	2	118.7	118.7	NA	NA	NA	NA	NA	NA	NA
ENSDART00000126588	rac3a	10	110.8	114.0	24.4	50.5	132.5	194.3	NA	NA	NA
ENSDART00000063347	slc1a3b	1	127.1	127.1	NA	NA	NA	NA	NA	NA	NA
ENSDART00000013465	tbx6	3	33.2	30.1	NA	NA	NA	NA	NA	NA	NA
ENSDART00000126741	serf2	987	77.5	72.8	35.9	53.4	95.0	123.8	497.75	1012.7	1.02471363559
ENSDART00000036531	gnai1	37	81.8	82.7	25.4	53.3	104.6	137.6	NA	NA	NA
ENSDART00000146061	psmd5	9	101.2	96.1	NA	NA	NA	NA	NA	NA	NA
ENSDART00000082375	CABZ01076275.1	20	97.7	89.7	30.4	41.7	150.6	178.6	NA	NA	NA
ENSDART00000103307	cyp24a1	29	71.3	59.0	10.6	22.4	118.1	137.9	NA	NA	NA
ENSDART00000100903	si:dkey-242g16.2	1	22.9	22.9	NA	NA	NA	NA	NA	NA	NA
ENSDART00000146067	sclt1	73	64.1	39.5	8.4	17.8	99.1	156.3	29.31	7.61	-1.94542460919
ENSDART00000092357	SGSM2	1	152.7	152.7	NA	NA	NA	NA	NA	NA	NA
ENSDART00000151973	fam196ab	1	30.0	30.0	NA	NA	NA	NA	NA	NA	NA
ENSDART00000082379	spcs1	32	89.6	82.9	34.1	63.6	114.9	145.6	NA	NA	NA
ENSDART00000020967	ck2a2a	33	60.3	39.1	12.6	19.8	94.3	135.6	NA	NA	NA
ENSDART00000004655	sps2	273	71.0	66.6	29.8	48.0	85.7	112.7	20.63	32.65	0.662339170547
ENSDART00000077209	tpra1	33	30.7	21.8	9.0	13.8	33.0	58.0	NA	NA	NA
ENSDART00000073527	spty2d1	15	34.5	25.6	8.7	10.8	30.0	78.3	7.52	14.06	0.902792027395
ENSDART00000077200	eif4ebp3	87	84.0	84.2	29.5	58.9	108.7	133.1	NA	NA	NA
ENSDART00000040409	ppa1b	108	63.1	32.0	11.3	16.2	101.1	162.4	22.9	21.08	-0.119472731347
ENSDART00000143120	si:dkey-147f3.4	1	86.0	86.0	NA	NA	NA	NA	NA	NA	NA
ENSDART00000143121	tpx2	248	85.7	77.8	17.5	40.1	124.7	163.0	66.58	267.0	2.00367896632
ENSDART00000074450	morc3b	118	65.7	49.2	9.1	20.7	100.4	146.1	NA	NA	NA
ENSDART00000143127	si:dkey-154p10.3	13	43.3	31.1	21.8	26.5	47.4	61.0	6.39	2.43	-1.39485961734
ENSDART00000040405	snd1	119	41.8	40.8	15.4	26.8	56.1	69.4	16.59	85.6	2.36729691033
ENSDART00000105818	guk1a	108	68.2	60.7	16.1	32.5	97.1	132.0	NA	NA	NA
ENSDART00000057039	taf4b	11	17.8	14.8	10.4	11.4	20.3	22.4	NA	NA	NA
ENSDART00000083397	zgc:165555	329	8.9	-4.3	-9.0	-6.6	-0.1	62.7	NA	NA	NA
ENSDART00000134444	ubr5	402	84.0	59.1	11.4	23.2	131.1	177.6	30.75	66.95	1.1224976451
ENSDART00000013604	lemd3	387	60.4	51.3	11.9	23.1	89.0	125.3	25.11	99.13	1.98105970187
ENSDART00000130287	zgc:162431	19	39.6	24.8	10.4	13.9	45.3	102.5	NA	NA	NA
ENSDART00000134448	l3mbtl1b	63	68.9	53.5	14.2	28.9	94.5	137.5	5.84	18.83	1.68899272573
ENSDART00000130281	ciita	2	19.3	19.3	NA	NA	NA	NA	NA	NA	NA
ENSDART00000065199	ZFP36	70	72.2	63.1	9.1	19.2	107.1	158.3	NA	NA	NA
ENSDART00000005329	mark2b	14	53.2	44.3	18.0	28.5	51.9	79.7	NA	NA	NA
ENSDART00000076157	rab24	32	67.4	52.8	11.3	25.9	94.6	146.3	NA	NA	NA
ENSDART00000079645	zgc:174164	13	74.6	36.1	5.0	14.6	147.7	168.4	NA	NA	NA
ENSDART00000005496	kctd9	16	76.5	69.9	23.3	44.4	102.0	140.2	NA	NA	NA
ENSDART00000005326	ttc5	42	78.0	73.4	15.7	27.3	115.6	148.4	NA	NA	NA
ENSDART00000055324	rcn3	1	45.4	45.4	NA	NA	NA	NA	NA	NA	NA
ENSDART00000055325	psmb7	326	77.6	73.4	25.7	42.6	104.6	133.8	160.24	295.78	0.884290177572
ENSDART00000062682	adipor1b	96	39.4	23.9	11.1	15.9	51.1	72.1	17.13	18.07	0.0770713547806
ENSDART00000056927	EGLN1	1	39.0	39.0	NA	NA	NA	NA	NA	NA	NA
ENSDART00000056926	tsnax	91	54.1	42.5	15.0	25.5	72.6	121.9	NA	NA	NA
ENSDART00000048449	MTRF1	52	60.1	34.5	12.5	18.4	89.6	155.9	NA	NA	NA
ENSDART00000132699	cast	213	53.4	37.6	14.6	23.4	65.3	121.2	31.91	63.11	0.983860014774
ENSDART00000055328	nek6	10	76.8	47.7	30.7	38.1	98.3	158.1	NA	NA	NA
ENSDART00000141873	zc3h18	171	61.3	49.4	13.9	23.0	86.3	128.1	37.22	87.91	1.23994922976
ENSDART00000141877	kcnk10a	4	62.8	52.1	NA	NA	NA	NA	NA	NA	NA
ENSDART00000009499	whsc1	153	56.5	36.3	14.8	22.0	79.3	140.2	21.89	44.22	1.01442707064
ENSDART00000122624	CU638740.3	5	28.1	21.7	NA	NA	NA	NA	NA	NA	NA
ENSDART00000153194	ARHGEF15	30	69.5	44.7	15.7	22.9	115.4	158.9	5.39	7.52	0.480447388925
ENSDART00000088425	clasrp	61	58.1	36.5	16.2	26.0	83.6	127.9	11.87	19.34	0.704267859835
ENSDART00000057258	slc12a5a	2	38.8	38.8	NA	NA	NA	NA	NA	NA	NA
ENSDART00000058565	pttg1ipb	231	26.8	20.4	7.9	13.5	29.5	48.6	31.74	34.03	0.10050502313
ENSDART00000058564	mcm4	418	59.4	50.8	12.8	23.9	84.2	115.8	37.52	216.64	2.52956791106
ENSDART00000057254	nfyba	413	107.1	102.9	54.4	78.0	130.3	162.0	135.46	390.75	1.52837897235
ENSDART00000122627	oaz1b	392	66.6	59.6	22.3	38.0	86.0	123.3	NA	NA	NA
ENSDART00000045574	shisa2	557	40.4	18.7	5.4	10.6	56.6	115.0	67.93	89.81	0.402827238299
ENSDART00000088914	amotl2a	144	70.3	47.5	6.8	15.5	109.1	178.6	22.43	34.85	0.63572903567
ENSDART00000057250	cacna2d2	1	11.5	11.5	NA	NA	NA	NA	NA	NA	NA
ENSDART00000130131	sult6b1	657	61.6	58.4	23.1	39.3	78.7	101.1	NA	NA	NA
ENSDART00000130130	cyp3c1l2	1	-2.1	-2.1	NA	NA	NA	NA	NA	NA	NA
ENSDART00000005145	asz1	15	29.3	16.5	10.1	13.6	29.3	34.0	NA	NA	NA
ENSDART00000129682	ppp6r3	308	72.2	60.3	14.5	31.9	102.2	148.4	43.47	81.67	0.909786132088
ENSDART00000102148	pl10	754	56.9	47.8	13.3	25.3	75.9	110.4	125.56	467.08	1.89529273736
ENSDART00000005140	med27	206	38.4	22.4	7.8	12.5	44.2	97.0	19.96	61.95	1.63399256169
ENSDART00000005143	mycb	10	65.0	70.6	23.8	38.3	87.3	99.8	NA	NA	NA
ENSDART00000130138	acads	17	40.2	30.1	8.1	18.1	66.0	84.4	8.58	9.48	0.143909411399
ENSDART00000109941	CXXC5	4	80.9	79.1	NA	NA	NA	NA	NA	NA	NA
ENSDART00000142837	enpp5	3	15.6	15.7	NA	NA	NA	NA	NA	NA	NA
ENSDART00000142836	itpr3	27	35.6	17.1	8.1	11.3	23.1	102.4	1.77	3.04	0.780321963361
ENSDART00000024292	txlna	243	48.2	34.4	9.2	18.4	64.3	107.6	27.65	90.58	1.71191305893
ENSDART00000033103	gatad2ab	173	73.0	64.6	14.4	34.1	108.2	139.6	42.72	111.42	1.38302466897
ENSDART00000149510	f13a1b	12	58.1	57.7	36.4	48.4	71.0	76.2	NA	NA	NA
ENSDART00000125215	shoc2	291	46.6	37.5	10.9	22.2	60.3	90.8	9.21	55.13	2.58156454
ENSDART00000122936	C25H15orf27	9	22.4	20.1	NA	NA	NA	NA	NA	NA	NA
ENSDART00000122930	scg3	19	51.2	35.6	6.8	18.6	64.4	118.5	NA	NA	NA
ENSDART00000125211	IWS1	551	79.0	75.3	23.8	42.4	108.1	137.8	132.62	267.62	1.01288757659
ENSDART00000003248	nek2	104	50.3	22.0	6.8	13.2	82.2	148.0	17.06	28.3	0.730184406401
ENSDART00000033528	tnfaip3	13	55.2	36.9	6.7	13.0	85.8	139.4	NA	NA	NA
ENSDART00000144965	ndrg3b	82	34.2	28.2	11.3	17.8	43.7	60.1	NA	NA	NA
ENSDART00000011389	pdia3	165	50.3	46.0	22.7	31.7	62.3	84.7	47.27	91.27	0.949215866668
ENSDART00000078996	arr3a	2	143.5	143.5	NA	NA	NA	NA	NA	NA	NA
ENSDART00000130425	rgl2	1	37.5	37.5	NA	NA	NA	NA	NA	NA	NA
ENSDART00000129518	twf1b	126	58.8	49.9	14.9	26.2	81.9	125.8	NA	NA	NA
ENSDART00000104480	fxr1	361	64.4	50.5	16.7	27.6	84.6	133.7	36.84	105.93	1.52376626039
ENSDART00000128089	klhl8	76	62.0	46.8	9.7	18.8	96.2	124.4	7.05	2.06	-1.7749789201
ENSDART00000151599	znf706	202	36.3	22.2	5.3	10.1	47.1	99.4	NA	NA	NA
ENSDART00000105527	si:dkey-172o19.2	1	16.1	16.1	NA	NA	NA	NA	NA	NA	NA
ENSDART00000129978	PNPLA2	1	77.3	77.3	NA	NA	NA	NA	NA	NA	NA
ENSDART00000111240	mhc2dab	2	69.0	69.0	NA	NA	NA	NA	NA	NA	NA
ENSDART00000111241	naa25	73	50.7	34.6	9.0	17.2	70.9	109.6	12.41	20.25	0.706418792529
ENSDART00000111243	lpar2b	135	48.7	29.8	4.9	14.5	61.0	124.7	39.16	65.24	0.736376017108
ENSDART00000151594	si:ch1073-429i10.3	501	112.3	113.6	61.9	87.6	136.1	158.0	NA	NA	NA
ENSDART00000111245	tmem67	30	75.5	64.9	26.5	35.6	93.3	112.6	5.75	15.12	1.39482427839
ENSDART00000133533	plxdc1	1	-15.3	-15.3	NA	NA	NA	NA	NA	NA	NA
ENSDART00000105522	CU639413.3	146	61.6	60.6	25.8	38.3	77.0	106.1	134.44	89.55	-0.586197110435
ENSDART00000029450	rnf181	9	48.9	36.3	NA	NA	NA	NA	NA	NA	NA
ENSDART00000062414	pex7	2	112.4	112.4	NA	NA	NA	NA	NA	NA	NA
ENSDART00000135230	chd7	1006	94.4	91.6	33.6	58.8	125.1	159.8	113.23	248.7	1.13515026036
ENSDART00000037819	TMC6	109	35.5	28.0	12.1	19.2	50.7	62.5	19.05	3.48	-2.45263178653
ENSDART00000066072	rnf8	48	52.8	34.3	8.5	16.8	81.7	123.7	20.03	12.19	-0.716464295192
ENSDART00000001861	slc6a13	8	14.4	12.7	NA	NA	NA	NA	NA	NA	NA
ENSDART00000131664	nsun3	6	52.3	32.2	NA	NA	NA	NA	NA	NA	NA
ENSDART00000060814	paqr6	2	102.9	102.9	NA	NA	NA	NA	NA	NA	NA
ENSDART00000042248	plxnb1b	23	99.2	91.8	19.2	54.1	147.7	170.0	NA	NA	NA
ENSDART00000131660	angptl2b	2	15.7	15.7	NA	NA	NA	NA	NA	NA	NA
ENSDART00000128888	mogat2	6	17.3	14.8	NA	NA	NA	NA	NA	NA	NA
ENSDART00000128249	trim8a	14	72.2	82.8	18.8	41.0	98.4	102.5	NA	NA	NA
ENSDART00000012653	spice1	7	43.3	19.4	NA	NA	NA	NA	NA	NA	NA
ENSDART00000128887	alkbh1	9	81.6	56.5	NA	NA	NA	NA	NA	NA	NA
ENSDART00000128885	cwf19l2	12	102.5	129.3	31.7	42.9	147.7	153.8	13.52	3.84	-1.81591693556
ENSDART00000003422	smarcd1	839	65.4	53.2	10.7	21.3	99.2	140.4	62.12	260.07	2.06577025403
ENSDART00000073903	CR382298.2	6	44.2	31.9	NA	NA	NA	NA	NA	NA	NA
ENSDART00000078192	cnpy4	78	54.0	46.1	21.6	28.6	70.7	96.2	27.26	53.65	0.976792608839
ENSDART00000006147	CCDC111	3	53.0	14.3	NA	NA	NA	NA	NA	NA	NA
ENSDART00000067621	VPS37C	27	42.4	26.5	7.0	14.3	65.7	80.3	NA	NA	NA
ENSDART00000077484	zhx2	53	65.2	42.6	9.2	19.9	93.0	146.9	4.88	10.01	1.03648892127
ENSDART00000088359	SLC2A4RG	1	76.9	76.9	NA	NA	NA	NA	NA	NA	NA
ENSDART00000113073	dusp16	10	73.4	68.6	24.9	43.2	102.7	136.6	NA	NA	NA
ENSDART00000113072	HERC5	3	114.7	106.3	NA	NA	NA	NA	NA	NA	NA
ENSDART00000125200	srsf4	769	91.6	89.5	29.4	57.1	122.0	157.1	103.48	550.58	2.41160024538
ENSDART00000110261	zgc:175107	4	52.4	48.9	NA	NA	NA	NA	NA	NA	NA
ENSDART00000062671	tuba8l	296	64.8	49.0	8.1	14.9	104.2	146.7	52.14	123.7	1.24638301233
ENSDART00000150753	si:ch73-266f23.1	119	70.1	54.4	13.0	28.0	105.2	149.5	NA	NA	NA
ENSDART00000110265	polr2m	7	12.2	5.7	NA	NA	NA	NA	NA	NA	NA
ENSDART00000024872	creb3l3l	19	61.6	49.3	5.5	18.2	109.8	126.5	NA	NA	NA
ENSDART00000122881	tmcc3	366	61.8	51.0	10.1	25.5	85.7	127.6	NA	NA	NA
ENSDART00000056074	entpd4	117	43.3	27.6	10.7	17.9	50.8	108.5	15.49	9.75	-0.667863020153
ENSDART00000046003	slc4a1ap	64	51.0	32.4	13.3	17.2	77.1	125.4	6.44	31.82	2.30480124222
ENSDART00000005381	GEN1	57	62.5	56.9	16.6	29.4	88.0	117.4	18.86	29.65	0.652702428758
ENSDART00000127515	CABZ01068153.1	1	60.8	60.8	NA	NA	NA	NA	NA	NA	NA
ENSDART00000110398	fbxl20	2	20.3	20.3	NA	NA	NA	NA	NA	NA	NA
ENSDART00000127513	ZNF385D	2	65.8	65.8	NA	NA	NA	NA	NA	NA	NA
ENSDART00000022437	gpia	54	25.1	23.1	7.3	13.0	31.6	48.0	9.89	6.9	-0.519374159094
ENSDART00000127519	TEAD3	80	105.2	103.7	8.2	46.3	154.0	186.7	8.81	36.49	2.05028722666
ENSDART00000020859	pip5k1ab	192	61.4	47.1	12.6	25.6	95.4	133.3	11.5	70.91	2.62435523503
ENSDART00000017956	dab2	91	25.5	13.3	4.8	8.7	23.3	41.9	17.21	11.81	-0.543238132643
ENSDART00000123465	CLCC1	6	74.8	71.3	NA	NA	NA	NA	NA	NA	NA
ENSDART00000123464	sltm	624	84.7	79.4	28.4	47.0	118.6	149.0	89.99	278.3	1.62880431047
ENSDART00000123463	METTL15	11	32.8	26.8	14.4	20.4	41.2	59.7	NA	NA	NA
ENSDART00000129725	BX323854.3	1	130.3	130.3	NA	NA	NA	NA	NA	NA	NA
ENSDART00000016727	eif1ad	65	73.4	67.3	27.1	37.8	108.9	135.6	NA	NA	NA
ENSDART00000128247	CABZ01028296.1	110	63.8	49.8	14.8	30.3	85.0	145.6	158.91	268.89	0.758806188013
ENSDART00000123469	clcn3	59	38.2	24.6	10.1	16.5	54.1	85.9	6.94	6.76	-0.0379124162961
ENSDART00000074787	khdrbs1a	5655	95.8	96.3	48.9	73.8	117.7	138.8	852.45	3860.13	2.17896231363
ENSDART00000148475	cspg5a	6	52.6	60.1	NA	NA	NA	NA	NA	NA	NA
ENSDART00000145210	ankle2	14	38.3	19.2	8.7	15.2	70.6	98.0	NA	NA	NA
ENSDART00000097868	tgs1	3	78.0	29.5	NA	NA	NA	NA	NA	NA	NA
ENSDART00000145215	grin2ca	1	17.0	17.0	NA	NA	NA	NA	NA	NA	NA
ENSDART00000067652	snai1b	22	50.6	31.7	8.5	19.2	77.5	118.4	NA	NA	NA
ENSDART00000102515	mesdc2	80	51.9	43.7	18.7	24.8	63.8	101.7	NA	NA	NA
ENSDART00000100336	esrrgb	1	23.1	23.1	NA	NA	NA	NA	NA	NA	NA
ENSDART00000121774	BX465205.1	2	28.1	28.1	NA	NA	NA	NA	NA	NA	NA
ENSDART00000100332	fgf12b	17	41.7	30.7	14.9	17.4	60.7	74.3	NA	NA	NA
ENSDART00000084112	f2r	1	-5.5	-5.5	NA	NA	NA	NA	NA	NA	NA
ENSDART00000098473	klf9	4	60.4	34.7	NA	NA	NA	NA	NA	NA	NA
ENSDART00000098472	tmem44	7	44.5	47.8	NA	NA	NA	NA	NA	NA	NA
ENSDART00000097217	FAM109B	19	40.2	25.1	10.8	17.0	55.4	87.2	NA	NA	NA
ENSDART00000007091	bbs12	5	101.3	116.7	NA	NA	NA	NA	NA	NA	NA
ENSDART00000098476	cdt1	87	40.6	36.1	10.7	19.3	52.6	69.1	84.97	597.78	2.8145891594
ENSDART00000007545	cntn4	1	32.9	32.9	NA	NA	NA	NA	NA	NA	NA
ENSDART00000038670	elf2a	5	43.2	30.6	NA	NA	NA	NA	NA	NA	NA
ENSDART00000110670	SENP1	116	46.7	20.6	5.9	12.3	66.6	128.0	10.39	19.66	0.920067667436
ENSDART00000038674	TMEM230	5	53.2	28.5	NA	NA	NA	NA	NA	NA	NA
ENSDART00000049226	acox1	7	30.9	16.8	NA	NA	NA	NA	NA	NA	NA
ENSDART00000063337	cdca8	268	63.3	49.2	9.4	19.8	99.0	130.5	113.47	262.87	1.21203858597
ENSDART00000141513	grk5l	4	21.8	25.0	NA	NA	NA	NA	NA	NA	NA
ENSDART00000064826	mov10a	25	40.4	28.3	14.9	22.6	39.4	87.3	10.84	29.04	1.42167669664
ENSDART00000034705	ntmt1	52	45.3	31.5	15.6	22.8	62.4	82.5	NA	NA	NA
ENSDART00000034704	slc25a3b	1440	67.3	56.5	20.9	32.5	95.3	128.6	216.82	327.07	0.593101595972
ENSDART00000063100	cyp2p6	4	70.4	66.8	NA	NA	NA	NA	NA	NA	NA
ENSDART00000016230	plxna4	2	102.0	102.0	NA	NA	NA	NA	NA	NA	NA
ENSDART00000133992	stau1	77	71.2	58.7	18.3	33.7	100.5	132.5	13.51	30.96	1.19637779682
ENSDART00000063107	cyp2p7	17	50.7	27.9	5.2	7.1	59.9	151.4	NA	NA	NA
ENSDART00000036854	glcci1	5	19.3	15.2	NA	NA	NA	NA	NA	NA	NA
ENSDART00000019766	tgfb3	2	20.4	20.4	NA	NA	NA	NA	NA	NA	NA
ENSDART00000013659	trim25	1	39.4	39.4	NA	NA	NA	NA	NA	NA	NA
ENSDART00000065664	dusp4	490	43.0	23.7	4.4	8.6	73.2	110.1	NA	NA	NA
ENSDART00000052201	CCDC96	2	20.6	20.6	NA	NA	NA	NA	NA	NA	NA
ENSDART00000065660	nr0b2a	695	74.8	68.3	17.5	29.4	109.2	147.4	NA	NA	NA
ENSDART00000055528	TMEM114	1	108.1	108.1	NA	NA	NA	NA	NA	NA	NA
ENSDART00000100484	rorca	40	73.7	39.5	11.8	19.6	122.8	158.3	NA	NA	NA
ENSDART00000046973	capza1a	227	63.6	54.4	17.4	30.5	91.0	124.6	27.64	135.07	2.28887775666
ENSDART00000122487	dnpep	113	25.2	20.0	8.9	13.9	32.6	48.6	15.41	17.59	0.190888620957
ENSDART00000122480	mob1bb	176	24.9	21.8	6.3	13.8	32.3	49.2	NA	NA	NA
ENSDART00000125452	CABZ01071911.2	39	61.6	33.9	6.1	20.0	95.0	157.8	14.15	22.36	0.660118135124
ENSDART00000122333	paip2b	596	57.5	50.6	19.9	29.3	77.6	105.4	512.27	643.22	0.328407859832
ENSDART00000125454	CUZD1	3	76.0	51.8	NA	NA	NA	NA	NA	NA	NA
ENSDART00000125455	AL840631.2	5	49.5	35.6	NA	NA	NA	NA	NA	NA	NA
ENSDART00000010177	onecut1	47	71.3	60.2	13.4	34.1	102.4	130.8	NA	NA	NA
ENSDART00000140636	si:ch211-130m23.2	2	97.3	97.3	NA	NA	NA	NA	NA	NA	NA
ENSDART00000146525	chtopb	15	33.6	27.1	15.5	20.9	43.5	59.8	NA	NA	NA
ENSDART00000085648	lig4	31	63.1	67.7	14.2	19.7	101.9	115.7	NA	NA	NA
ENSDART00000085642	dgkaa	1	41.4	41.4	NA	NA	NA	NA	NA	NA	NA
ENSDART00000121822	wu:fq41a10	68	108.0	108.3	30.2	60.5	146.3	169.7	NA	NA	NA
ENSDART00000085645	usp16	165	36.6	22.7	7.0	13.5	44.1	88.3	27.75	21.58	-0.362792906637
ENSDART00000026738	ptprfa	11	33.7	18.2	7.0	13.3	58.7	64.7	NA	NA	NA
ENSDART00000075017	RTKN	17	92.4	87.0	22.7	40.8	150.0	177.3	NA	NA	NA
ENSDART00000047069	tyms	122	43.5	25.2	6.8	12.6	67.9	108.6	17.38	22.13	0.348575368987
ENSDART00000080408	ical1	53	33.4	26.9	11.1	18.6	44.8	60.4	NA	NA	NA
ENSDART00000082299	ebag9	191	42.9	38.0	16.4	25.5	53.5	69.2	57.98	33.25	-0.802200992785
ENSDART00000030282	GSTK1	1	43.9	43.9	NA	NA	NA	NA	NA	NA	NA
ENSDART00000147210	si:dkey-199f5.8	228	55.8	44.0	12.4	21.8	80.7	116.3	9.2	61.15	2.73264673247
ENSDART00000077941	mastl	129	29.3	15.2	4.8	8.6	36.4	74.4	6.78	10.21	0.590625687741
ENSDART00000077942	mtpn	112	65.9	62.3	16.7	30.5	89.3	120.8	38.79	133.12	1.77897065761
ENSDART00000122155	CABZ01054962.1	2	16.5	16.5	NA	NA	NA	NA	NA	NA	NA
ENSDART00000081707	SLC22A3	1	100.0	100.0	NA	NA	NA	NA	NA	NA	NA
ENSDART00000079778	zgc:123282	2	50.1	50.1	NA	NA	NA	NA	NA	NA	NA
ENSDART00000150961	wdr91	15	37.1	30.4	11.6	14.1	44.1	65.7	NA	NA	NA
ENSDART00000109328	gpr144	3	57.6	17.3	NA	NA	NA	NA	NA	NA	NA
ENSDART00000146612	esf1	95	77.1	68.4	16.3	32.5	114.9	151.3	54.26	24.03	-1.17505239915
ENSDART00000083561	mtmr12	14	35.8	23.3	9.0	16.4	39.2	84.6	NA	NA	NA
ENSDART00000009164	esco2	409	60.4	48.0	10.1	20.6	91.1	130.6	34.63	136.8	1.98197393758
ENSDART00000010395	uqcrc2a	43	68.9	49.6	28.9	36.7	92.8	123.7	8.56	10.18	0.250054859675
ENSDART00000086768	ep300b	109	82.9	71.4	12.7	36.2	125.7	164.7	13.74	18.69	0.443884564927
ENSDART00000082297	LRRC45	37	44.6	35.1	18.9	25.3	61.3	78.6	NA	NA	NA
ENSDART00000099913	cpla2	15	64.0	47.8	21.2	27.5	72.2	131.4	NA	NA	NA
ENSDART00000099270	ASTL	70	30.3	28.2	14.4	19.3	37.4	52.5	22.11	13.77	-0.683170465681
ENSDART00000036703	pfdn2	198	73.7	70.1	23.3	41.1	102.1	127.1	NA	NA	NA
ENSDART00000103463	dnajc2	67	76.8	60.8	30.3	43.9	110.1	142.0	33.44	49.25	0.55854887715
ENSDART00000066411	dlgap5	443	59.4	43.1	11.9	23.3	88.1	126.2	61.17	200.76	1.71457567002
ENSDART00000088142	WWC3	17	86.0	77.8	16.6	30.4	147.1	162.4	3.76	0.78	-2.26918663282
ENSDART00000088141	ankrd34bb	3	78.2	91.7	NA	NA	NA	NA	NA	NA	NA
ENSDART00000026098	prkri	13	93.2	87.4	27.3	29.1	146.3	176.5	NA	NA	NA
ENSDART00000046507	zgc:152698	1	16.4	16.4	NA	NA	NA	NA	NA	NA	NA
ENSDART00000011497	ctsk	1	109.5	109.5	NA	NA	NA	NA	NA	NA	NA
ENSDART00000000019	nrf1	91	64.3	39.6	11.8	19.5	86.8	169.1	13.71	49.01	1.83784757563
ENSDART00000075142	pcmtd1	114	57.6	54.0	14.6	24.8	81.1	110.4	14.11	49.07	1.79812328347
ENSDART00000037036	cnppd1	170	64.4	38.4	10.8	16.8	102.4	154.9	13.2	23.91	0.857076200466
ENSDART00000089433	ctdsplb	184	75.0	66.0	11.6	28.3	114.3	151.4	NA	NA	NA
ENSDART00000065880	uck1	2	42.6	42.6	NA	NA	NA	NA	NA	NA	NA
ENSDART00000112134	ggnbp2	136	63.6	38.5	8.9	14.9	100.1	155.9	43.39	23.94	-0.857939433873
ENSDART00000074499	olig4	8	40.1	42.0	NA	NA	NA	NA	NA	NA	NA
ENSDART00000112131	lppr4a	3	25.4	30.3	NA	NA	NA	NA	NA	NA	NA
ENSDART00000112130	AAED1	4	75.9	35.3	NA	NA	NA	NA	NA	NA	NA
ENSDART00000004842	DUSP23	5	87.0	53.8	NA	NA	NA	NA	NA	NA	NA
ENSDART00000153059	sec24c	85	73.4	60.7	8.7	14.5	112.9	169.4	6.77	25.92	1.93683797931
ENSDART00000102227	tspan14	121	54.1	35.0	8.0	16.4	83.3	124.7	NA	NA	NA
ENSDART00000153055	si:dkey-38p12.2	4	103.7	43.6	NA	NA	NA	NA	NA	NA	NA
ENSDART00000008268	cyp7c1	7	67.8	76.5	NA	NA	NA	NA	NA	NA	NA
ENSDART00000083701	cdk11b	193	56.7	49.3	12.4	24.2	79.7	115.5	76.39	99.14	0.376083467336
ENSDART00000074761	zfand3	115	57.4	40.5	17.0	24.3	81.5	121.7	18.32	29.12	0.668590852102
ENSDART00000136393	zgc:153126	25	23.3	19.0	6.8	14.2	29.2	45.2	NA	NA	NA
ENSDART00000018144	fgd4a	11	105.4	108.8	45.7	58.3	152.3	172.6	NA	NA	NA
ENSDART00000074765	btbd9	8	30.1	20.7	NA	NA	NA	NA	NA	NA	NA
ENSDART00000131876	ttk	153	57.0	36.4	14.9	21.0	80.6	137.9	18.83	45.41	1.26997703681
ENSDART00000074768	ppifb	152	26.5	18.0	5.8	10.8	38.9	58.4	25.49	21.48	-0.246937380037
ENSDART00000130546	MAPT	2	117.7	117.7	NA	NA	NA	NA	NA	NA	NA
ENSDART00000086765	stk36	4	58.1	31.3	NA	NA	NA	NA	NA	NA	NA
ENSDART00000147584	hcst	4	21.9	24.1	NA	NA	NA	NA	NA	NA	NA
ENSDART00000097664	SEMA4D	1	7.8	7.8	NA	NA	NA	NA	NA	NA	NA
ENSDART00000097663	TMEM164	2	53.0	53.0	NA	NA	NA	NA	NA	NA	NA
ENSDART00000102022	FAM188B2	2	87.2	87.2	NA	NA	NA	NA	NA	NA	NA
ENSDART00000059574	ccdc93	19	70.7	45.7	11.3	17.7	111.9	162.1	NA	NA	NA
ENSDART00000053240	cab39l	112	39.3	22.5	6.7	11.6	44.2	98.1	NA	NA	NA
ENSDART00000086287	znf362	5	21.9	17.2	NA	NA	NA	NA	NA	NA	NA
ENSDART00000074325	DUSP10	2	4.1	4.1	NA	NA	NA	NA	NA	NA	NA
ENSDART00000041293	mark3	61	58.9	52.1	10.8	23.4	82.3	115.3	6.39	7.73	0.274652482978
ENSDART00000142196	fam167ab	2	64.0	64.0	NA	NA	NA	NA	NA	NA	NA
ENSDART00000073751	suz12b	38	58.0	55.8	4.4	12.6	85.4	124.0	NA	NA	NA
ENSDART00000077418	ctsba	2844	63.8	42.8	15.7	24.8	98.1	138.0	351.94	815.96	1.21316893614
ENSDART00000135304	pabpn1l	101	19.9	16.1	6.4	10.1	24.5	36.4	31.45	22.4	-0.489561284822
ENSDART00000092773	mrps27	86	28.8	19.8	7.5	12.5	28.9	56.4	13.74	24.67	0.844375711482
ENSDART00000122458	wrap73	26	46.5	26.8	14.4	17.3	45.8	102.2	NA	NA	NA
ENSDART00000023101	pes	239	88.0	82.8	19.3	46.7	118.6	149.4	53.1	103.43	0.961870935698
ENSDART00000058955	arl6ip1	86	49.5	35.6	10.2	21.0	65.1	114.1	NA	NA	NA
ENSDART00000058956	ywhabl	409	79.5	79.0	27.1	49.0	106.7	132.1	62.11	404.9	2.70466817012
ENSDART00000019861	mbtps1	111	75.2	64.5	14.3	35.3	115.4	141.0	13.74	5.71	-1.26681935346
ENSDART00000130264	rpz	3	94.6	93.1	NA	NA	NA	NA	NA	NA	NA
ENSDART00000058958	atp13a	63	62.8	57.2	13.8	27.7	94.6	120.6	10.95	11.7	0.0955776599822
ENSDART00000058775	zgc:101562	74	31.9	20.2	6.9	12.9	40.4	76.8	17.74	14.7	-0.271189854577
ENSDART00000058777	slc35a1	53	32.5	32.6	13.2	22.6	40.9	51.9	NA	NA	NA
ENSDART00000114801	SGPP2	15	65.3	61.5	14.3	33.2	85.4	131.4	NA	NA	NA
ENSDART00000114800	C8H1orf106	10	80.2	55.9	7.1	21.9	103.6	164.3	NA	NA	NA
ENSDART00000054202	BX323448.1	1	48.1	48.1	NA	NA	NA	NA	NA	NA	NA
ENSDART00000114805	CR339053.3	14	57.8	29.4	7.6	12.4	96.1	127.9	NA	NA	NA
ENSDART00000054205	ndufb6	77	45.0	31.4	13.7	21.0	53.8	110.7	44.69	91.85	1.0393276766
ENSDART00000138139	zgc:153157	4	16.2	16.6	NA	NA	NA	NA	NA	NA	NA
ENSDART00000002714	slc17a9b	78	26.5	21.8	8.8	13.9	33.5	47.0	17.93	9.15	-0.970531839697
ENSDART00000114809	C16H1orf172	247	36.1	30.5	9.9	15.9	48.8	69.3	16.53	81.85	2.30789569207
ENSDART00000138136	chst2a	48	45.5	34.1	12.5	17.1	65.1	91.2	13.02	3.78	-1.78427130894
ENSDART00000124417	naa15a	441	51.2	43.8	17.2	28.3	66.3	93.4	41.9	210.28	2.32728949099
ENSDART00000124416	med31	195	53.8	49.1	10.2	20.2	79.8	103.7	74.71	133.3	0.835303513359
ENSDART00000138133	gulp1a	9	20.7	18.3	NA	NA	NA	NA	NA	NA	NA
ENSDART00000124410	CR388132.1	13	74.3	62.3	39.0	44.1	82.0	128.7	NA	NA	NA
ENSDART00000105942	si:dkey-253d23.3	10	42.7	23.2	1.6	8.9	83.7	102.2	NA	NA	NA
ENSDART00000035558	htatip2	44	32.0	25.3	10.3	15.9	41.8	61.6	NA	NA	NA
ENSDART00000101044	hsbp1a	12	78.9	83.2	19.0	67.6	103.2	108.0	NA	NA	NA
ENSDART00000084932	map3k3	4	42.3	21.0	NA	NA	NA	NA	NA	NA	NA
ENSDART00000105944	ZNF22	73	37.8	24.4	9.2	13.6	45.8	101.4	43.11	17.36	-1.31225561473
ENSDART00000150504	si:dkey-19h16.2	3	33.8	21.1	NA	NA	NA	NA	NA	NA	NA
ENSDART00000052660	skap2	5	18.1	21.2	NA	NA	NA	NA	NA	NA	NA
ENSDART00000110076	gas1a	85	60.3	47.7	8.7	17.4	98.1	135.1	NA	NA	NA
ENSDART00000110070	si:ch211-120p12.3	39	77.1	73.1	5.9	21.5	107.8	154.6	NA	NA	NA
ENSDART00000062081	lpar2a	7	54.1	26.9	NA	NA	NA	NA	NA	NA	NA
ENSDART00000135309	zgc:114118	18	52.9	36.9	6.9	12.7	83.2	112.9	NA	NA	NA
ENSDART00000024604	MARS2	3	16.9	10.8	NA	NA	NA	NA	NA	NA	NA
ENSDART00000137844	atp8b1	124	47.8	32.1	10.6	18.2	52.2	104.8	5.96	12.29	1.04410067991
ENSDART00000042082	FAT3	3	15.4	28.4	NA	NA	NA	NA	NA	NA	NA
ENSDART00000143356	TMEM14A	13	36.0	34.7	15.8	26.3	50.0	50.5	NA	NA	NA
ENSDART00000127360	TMEM138	1	15.6	15.6	NA	NA	NA	NA	NA	NA	NA
ENSDART00000022951	KIF25	5	77.2	28.5	NA	NA	NA	NA	NA	NA	NA
ENSDART00000104647	prim1	16	49.8	39.5	22.0	28.4	50.1	100.8	17.83	34.26	0.942218448459
ENSDART00000129769	cgnl1	54	40.4	18.4	8.3	12.7	36.2	126.2	18.72	57.05	1.60764645159
ENSDART00000033738	farsa	50	50.1	37.5	8.2	17.1	73.4	105.9	23.04	38.85	0.753773881853
ENSDART00000114944	zgc:101640	140	67.8	44.3	12.4	25.6	95.5	156.5	NA	NA	NA
ENSDART00000113660	magi3	27	33.5	18.9	6.9	11.8	29.9	65.0	3.73	8.66	1.21519139447
ENSDART00000129765	rassf8b	8	62.5	54.7	NA	NA	NA	NA	NA	NA	NA
ENSDART00000129766	safb	750	89.2	84.6	37.2	58.6	115.4	147.1	112.23	487.78	2.11977223411
ENSDART00000079454	vamp2	2	19.3	19.3	NA	NA	NA	NA	NA	NA	NA
ENSDART00000082162	CABZ01087549.1	4	78.2	75.8	NA	NA	NA	NA	NA	NA	NA
ENSDART00000002309	mafba	2	89.6	89.6	NA	NA	NA	NA	NA	NA	NA
ENSDART00000114492	sc:d808	7	18.8	8.3	NA	NA	NA	NA	NA	NA	NA
ENSDART00000014385	elovl7b	11	7.7	13.4	-6.6	-3.9	17.5	22.1	67.95	211.25	1.63640588529
ENSDART00000052780	ndufa1	49	70.4	52.5	15.1	29.2	107.2	142.5	NA	NA	NA
ENSDART00000092656	erf	356	69.6	57.7	14.4	27.1	104.9	146.6	13.41	136.22	3.34455739493
ENSDART00000123875	isoc1	8	37.9	38.1	NA	NA	NA	NA	NA	NA	NA
ENSDART00000052789	c1galt1c1	38	66.5	59.1	14.6	30.3	101.0	123.2	NA	NA	NA
ENSDART00000133430	zgc:92606	29	38.7	27.8	13.2	19.7	45.3	68.0	NA	NA	NA
ENSDART00000110380	LARP4	193	75.4	60.8	14.6	37.0	108.7	144.4	NA	NA	NA
ENSDART00000149712	gpr37l1a	7	73.7	51.1	NA	NA	NA	NA	NA	NA	NA
ENSDART00000110389	ptpn9a	15	68.8	54.7	11.2	30.2	114.9	125.4	NA	NA	NA
ENSDART00000045299	ola1	394	88.8	84.5	33.2	58.5	116.9	146.8	119.88	94.1	-0.349324360898
ENSDART00000139669	sybl1	88	73.4	79.7	11.3	34.1	105.8	131.1	NA	NA	NA
ENSDART00000019561	FOXR1	1	21.4	21.4	NA	NA	NA	NA	NA	NA	NA
ENSDART00000045295	IPO11	19	35.5	28.5	9.6	16.3	54.1	67.4	6.39	25.88	2.01794978105
ENSDART00000078854	mpv17l2	40	47.2	33.0	10.3	17.5	68.3	100.5	NA	NA	NA
ENSDART00000009687	zgc:56095	508	52.6	46.6	18.7	30.6	65.5	90.4	153.69	476.22	1.63160491369
ENSDART00000049099	trip13	10	77.3	55.4	28.2	35.3	110.8	144.9	NA	NA	NA
ENSDART00000017850	ctu1	32	31.5	19.4	7.2	11.3	35.1	86.5	13.91	13.05	-0.092072613085
ENSDART00000091873	crebbpb	0	NA	NA	NA	NA	NA	NA	6.96	11.35	0.70553308633
ENSDART00000078824	szrd1	753	65.4	57.1	13.8	29.0	94.2	130.6	91.58	322.23	1.81498634681
ENSDART00000145175	si:ch73-257c13.2	6	92.8	62.7	NA	NA	NA	NA	NA	NA	NA
ENSDART00000114100	birc6	49	61.9	41.9	11.6	20.5	91.6	140.3	6.82	9.8	0.523010009978
ENSDART00000047662	ppp1r13bb	38	45.2	29.2	4.8	10.7	73.3	113.1	6.37	11.33	0.830782583564
ENSDART00000106414	rnh1	1	14.7	14.7	NA	NA	NA	NA	NA	NA	NA
ENSDART00000047525	cryba1l1	3	32.2	38.2	NA	NA	NA	NA	NA	NA	NA
ENSDART00000052569	pitx2	27	45.8	29.0	2.4	11.9	63.3	120.1	NA	NA	NA
ENSDART00000135573	si:dkeyp-2e4.5	3	97.8	55.2	NA	NA	NA	NA	NA	NA	NA
ENSDART00000111670	svilb	9	16.6	17.4	NA	NA	NA	NA	NA	NA	NA
ENSDART00000065659	rbp4l	2	95.6	95.6	NA	NA	NA	NA	NA	NA	NA
ENSDART00000052562	spata4	12	64.2	49.9	22.4	34.8	91.0	121.2	NA	NA	NA
ENSDART00000047529	acap3b	1	24.3	24.3	NA	NA	NA	NA	NA	NA	NA
ENSDART00000047528	gnai3	3	31.9	21.9	NA	NA	NA	NA	NA	NA	NA
ENSDART00000145108	MFF	3	28.7	32.3	NA	NA	NA	NA	NA	NA	NA
ENSDART00000141718	fam105ba	1	28.2	28.2	NA	NA	NA	NA	NA	NA	NA
ENSDART00000017912	gli2b	2	161.8	161.8	NA	NA	NA	NA	NA	NA	NA
ENSDART00000102243	il21r	14	42.5	36.3	12.5	16.5	63.6	80.2	NA	NA	NA
ENSDART00000012438	hspa9	314	56.2	45.1	16.9	25.3	77.0	116.3	28.47	195.24	2.77773425865
ENSDART00000025366	cetn3	8	65.9	48.8	NA	NA	NA	NA	NA	NA	NA
ENSDART00000022605	tmem126a	3	57.3	57.9	NA	NA	NA	NA	NA	NA	NA
ENSDART00000086530	SHKBP1	47	60.7	39.8	8.1	15.2	84.8	163.4	NA	NA	NA
ENSDART00000128149	fam32al	148	82.3	79.8	27.4	53.8	108.8	137.8	335.26	309.17	-0.116880029305
ENSDART00000090475	fam21c	14	38.2	27.1	12.3	13.5	64.0	70.8	3.12	2.13	-0.550692598636
ENSDART00000049893	erbb3b	2	20.1	20.1	NA	NA	NA	NA	NA	NA	NA
ENSDART00000141077	RAPGEF2	133	70.4	35.4	11.7	17.5	116.3	170.2	9.2	10.36	0.171318236742
ENSDART00000042963	chst11	2	96.4	96.4	NA	NA	NA	NA	NA	NA	NA
ENSDART00000098173	vapal	118	31.8	22.6	6.3	12.9	34.2	64.4	18.0	38.84	1.1095462942
ENSDART00000114661	atp6v1ab	14	34.1	28.3	12.0	15.2	42.4	69.4	NA	NA	NA
ENSDART00000109023	fmnl3	4	68.6	64.1	NA	NA	NA	NA	NA	NA	NA
ENSDART00000010944	dctn5	3	10.4	11.2	NA	NA	NA	NA	NA	NA	NA
ENSDART00000111389	exd2	74	52.1	35.0	13.1	22.0	61.7	125.3	11.65	8.04	-0.535062548363
ENSDART00000109024	lrp12	74	57.2	36.5	8.4	17.3	90.9	129.7	5.92	25.82	2.12481991968
ENSDART00000139448	GALNTL6	1	12.5	12.5	NA	NA	NA	NA	NA	NA	NA
ENSDART00000112768	ubald1a	1	35.0	35.0	NA	NA	NA	NA	NA	NA	NA
ENSDART00000128647	C12H17orf62	18	51.3	54.1	20.1	38.4	66.8	73.6	NA	NA	NA
ENSDART00000148598	tefb	37	72.8	73.7	12.7	18.8	119.3	140.8	NA	NA	NA
ENSDART00000148596	gadd45ab	3	64.5	29.6	NA	NA	NA	NA	NA	NA	NA
ENSDART00000130935	CT737138.1	1	4.1	4.1	NA	NA	NA	NA	NA	NA	NA
ENSDART00000130934	lnpb	74	46.9	32.0	10.1	17.7	58.7	110.2	NA	NA	NA
ENSDART00000075223	cox7a2a	147	69.1	64.9	21.3	39.7	91.8	124.5	78.9	117.32	0.572351770856
ENSDART00000075222	gnl2	1	67.1	67.1	NA	NA	NA	NA	7.4	25.65	1.79336164998
ENSDART00000111038	PLXDC2	4	76.2	68.0	NA	NA	NA	NA	NA	NA	NA
ENSDART00000114230	DTX4	22	80.8	68.7	22.3	35.3	94.3	173.1	NA	NA	NA
ENSDART00000152860	snx9b	34	44.5	18.6	13.4	14.9	54.0	135.2	NA	NA	NA
ENSDART00000006698	ebf1a	1	7.1	7.1	NA	NA	NA	NA	NA	NA	NA
ENSDART00000026120	ap3m2	14	54.9	47.1	29.3	42.0	56.0	74.5	NA	NA	NA
ENSDART00000113848	zgc:171422	55	41.4	29.5	16.5	23.2	43.5	64.9	8.57	12.64	0.560629354065
ENSDART00000114239	CU457819.3	53	-3.6	-4.5	-10.7	-7.2	-1.7	7.8	NA	NA	NA
ENSDART00000004041	zgc:162200	58	59.0	38.0	9.1	19.6	109.3	135.4	5.03	5.59	0.152289883038
ENSDART00000113849	kif5ba	317	55.8	43.9	13.0	23.4	73.5	119.2	52.84	45.87	-0.204079559165
ENSDART00000090657	znrf3	2	16.3	16.3	NA	NA	NA	NA	NA	NA	NA
ENSDART00000066765	bmi1a	46	32.0	20.2	7.3	15.0	41.6	66.0	NA	NA	NA
ENSDART00000128050	UTP14C	123	54.8	45.0	14.9	27.3	76.7	109.0	69.2	71.24	0.0419154785775
ENSDART00000007066	cdk8	68	57.0	33.9	9.8	18.5	89.9	129.7	16.5	24.4	0.564415123317
ENSDART00000067423	frs2a	62	57.0	33.6	7.4	13.9	95.6	135.4	NA	NA	NA
ENSDART00000029387	ppan	264	71.0	62.3	15.7	34.3	101.0	139.5	62.49	61.93	-0.0129868940443
ENSDART00000064107	cxadr	66	43.3	33.7	12.6	18.3	56.2	88.6	NA	NA	NA
ENSDART00000039083	slco1c1	8	19.7	18.4	NA	NA	NA	NA	NA	NA	NA
ENSDART00000080135	gfpt1	1	-3.9	-3.9	NA	NA	NA	NA	NA	NA	NA
ENSDART00000080138	ptcd3	18	71.0	34.0	20.8	23.3	122.7	144.9	7.53	5.45	-0.466393635008
ENSDART00000078041	CABZ01073424.1	23	47.5	40.9	16.9	23.0	53.1	93.2	NA	NA	NA
ENSDART00000104157	TMEM45A	31	20.9	19.7	8.4	13.0	26.3	36.3	NA	NA	NA
ENSDART00000044368	si:ch211-39i19.4	229	97.5	97.9	28.7	57.1	135.3	166.2	NA	NA	NA
ENSDART00000067814	tk2	8	22.4	14.7	NA	NA	NA	NA	NA	NA	NA
ENSDART00000108646	piezo1	18	169.2	168.1	83.0	137.2	225.9	235.6	NA	NA	NA
ENSDART00000108647	alyref	2292	85.8	82.9	35.2	58.5	108.2	137.7	728.81	1688.72	1.21231548079
ENSDART00000087450	klf13	17	60.0	49.2	17.6	25.5	93.1	120.4	NA	NA	NA
ENSDART00000140039	rpl8	1095	86.3	87.7	33.2	47.8	118.3	143.4	1067.27	556.44	-0.93962716042
ENSDART00000108643	tctn1	3	116.9	86.5	NA	NA	NA	NA	NA	NA	NA
ENSDART00000112146	CR388068.1	41	48.2	28.9	8.9	15.8	73.7	118.0	NA	NA	NA
ENSDART00000113843	ypel3	423	53.7	34.8	14.1	20.5	73.3	119.6	NA	NA	NA
ENSDART00000041842	ndufb10	47	34.9	30.0	11.6	19.0	42.8	58.8	32.91	19.85	-0.729387019094
ENSDART00000125463	haus3	14	40.0	18.8	6.7	7.9	59.6	89.8	NA	NA	NA
ENSDART00000056641	smarcd3a	2	43.5	43.5	NA	NA	NA	NA	NA	NA	NA
ENSDART00000113972	zmiz1b	1	191.8	191.8	NA	NA	NA	NA	NA	NA	NA
ENSDART00000002750	tacc3	93	56.9	35.2	8.1	15.7	84.5	136.1	25.78	53.86	1.06296196614
ENSDART00000015841	gstt1b	37	88.1	68.0	28.9	39.1	116.9	148.0	NA	NA	NA
ENSDART00000025581	ets2	217	83.1	77.6	19.0	36.9	117.9	161.1	21.93	45.13	1.04118096654
ENSDART00000046218	CU302436.1	5	47.4	45.1	NA	NA	NA	NA	NA	NA	NA
ENSDART00000136000	stab2	8	34.4	31.5	NA	NA	NA	NA	NA	NA	NA
ENSDART00000042901	taf6	32	33.2	27.3	16.1	18.8	42.8	55.8	NA	NA	NA
ENSDART00000099214	slc16a1	798	64.9	60.1	17.6	37.3	89.8	117.9	NA	NA	NA
ENSDART00000008243	slmo2	173	37.0	24.0	9.0	15.5	41.6	88.3	40.82	33.18	-0.298962296077
ENSDART00000129547	CABZ01087568.1	22	63.9	31.2	10.6	19.9	98.3	160.7	NA	NA	NA
ENSDART00000123142	pex5	11	34.9	25.7	9.3	15.5	47.3	68.4	NA	NA	NA
ENSDART00000123143	CU856359.1	10	60.5	40.3	16.7	24.4	95.9	124.0	7.56	7.92	0.0671141958585
ENSDART00000126314	pcdh8	436	83.9	71.4	12.2	28.9	130.1	174.1	NA	NA	NA
ENSDART00000123147	ZBTB8A	7	15.7	15.9	NA	NA	NA	NA	NA	NA	NA
ENSDART00000123145	RNF4	25	70.9	39.0	14.1	26.2	89.6	161.5	NA	NA	NA
ENSDART00000126318	CU683898.1	42	29.7	19.9	8.0	12.8	37.7	67.8	NA	NA	NA
ENSDART00000078221	mgrn1b	31	30.1	20.0	8.6	11.9	38.1	50.9	NA	NA	NA
ENSDART00000008302	insra	11	31.7	16.7	8.3	12.9	23.3	32.1	NA	NA	NA
ENSDART00000113864	FAXC	1	65.1	65.1	NA	NA	NA	NA	NA	NA	NA
ENSDART00000075958	slc13a2	1	43.1	43.1	NA	NA	NA	NA	NA	NA	NA
ENSDART00000110097	CU075911.1	346	23.9	18.1	5.8	10.5	32.9	50.7	50.88	119.2	1.22821366007
ENSDART00000041849	tmem8a	2	58.3	58.3	NA	NA	NA	NA	NA	NA	NA
ENSDART00000002384	phox2a	3	63.9	78.4	NA	NA	NA	NA	NA	NA	NA
ENSDART00000075481	CNTN6	2	36.0	36.0	NA	NA	NA	NA	NA	NA	NA
ENSDART00000055262	cdk5r1a	12	15.3	13.7	6.8	9.7	16.3	25.2	NA	NA	NA
ENSDART00000065411	atg9a	5	77.4	26.9	NA	NA	NA	NA	NA	NA	NA
ENSDART00000064343	klf7b	1	198.6	198.6	NA	NA	NA	NA	NA	NA	NA
ENSDART00000019155	btg2	851	46.7	35.2	11.0	19.1	65.2	100.8	28.93	213.21	2.88163687675
ENSDART00000075484	ube2a	98	35.7	26.3	6.9	13.5	46.8	71.9	NA	NA	NA
ENSDART00000101211	cldnh	2	81.7	81.7	NA	NA	NA	NA	NA	NA	NA
ENSDART00000122308	pum1	14	94.3	53.1	-4.4	24.3	180.9	214.9	50.62	242.03	2.25740647035
ENSDART00000147026	shroom1	6	84.1	60.6	NA	NA	NA	NA	NA	NA	NA
ENSDART00000144100	psmd1	151	78.5	68.0	30.3	44.4	97.2	151.4	37.76	73.17	0.954393494155
ENSDART00000127303	map7d3	19	52.0	32.4	18.1	22.8	48.9	126.1	5.11	4.61	-0.148556540508
ENSDART00000127304	AL929192.1	6	48.9	49.2	NA	NA	NA	NA	NA	NA	NA
ENSDART00000087894	zgc:153409	104	1.2	-4.2	-8.2	-6.4	0.4	16.0	NA	NA	NA
ENSDART00000074574	APH1A	107	51.6	39.3	15.7	23.9	71.2	106.0	15.5	25.47	0.716530744113
ENSDART00000074575	SEPT7	201	70.1	56.9	20.3	32.2	101.5	133.8	21.1	74.28	1.81573081634
ENSDART00000018827	dachc	4	33.6	37.9	NA	NA	NA	NA	NA	NA	NA
ENSDART00000051779	atg4c	20	120.7	109.4	34.7	78.4	165.1	212.0	NA	NA	NA
ENSDART00000074683	EVI5L	1	47.9	47.9	NA	NA	NA	NA	NA	NA	NA
ENSDART00000054437	TBC1D10C	1	52.6	52.6	NA	NA	NA	NA	NA	NA	NA
ENSDART00000002498	elp4	6	31.9	30.3	NA	NA	NA	NA	NA	NA	NA
ENSDART00000098031	apeh	181	58.6	55.4	18.8	36.0	74.5	89.3	NA	NA	NA
ENSDART00000085076	CHST15	1	5.4	5.4	NA	NA	NA	NA	NA	NA	NA
ENSDART00000124641	ulk1a	5	39.4	25.1	NA	NA	NA	NA	NA	NA	NA
ENSDART00000059360	hnrnpul1	392	98.7	97.5	52.0	70.3	121.5	147.3	NA	NA	NA
ENSDART00000124646	rgmd	43	42.9	25.4	5.5	9.7	67.1	95.3	NA	NA	NA
ENSDART00000064678	lft2	80	37.3	15.9	2.8	7.4	49.6	92.5	NA	NA	NA
ENSDART00000110809	rsad1	2	25.0	25.0	NA	NA	NA	NA	NA	NA	NA
ENSDART00000110808	si:ch73-221f6.7	1	15.5	15.5	NA	NA	NA	NA	NA	NA	NA
ENSDART00000061751	zp3a.2	72	69.4	69.8	34.7	53.5	89.0	100.3	55.81	4.65	-3.58522102505
ENSDART00000110804	hspb15	1	174.9	174.9	NA	NA	NA	NA	NA	NA	NA
ENSDART00000110807	SPEN	80	88.5	66.3	18.4	36.0	131.0	186.3	20.82	13.11	-0.667302383078
ENSDART00000105776	fam207a	184	59.4	48.9	15.2	29.5	81.4	108.5	51.68	65.37	0.339022627143
ENSDART00000142589	si:dkey-148f10.4	3	28.4	24.2	NA	NA	NA	NA	NA	NA	NA
ENSDART00000061758	MIER3	52	42.0	30.3	7.1	14.3	55.4	103.7	8.06	9.74	0.273141933554
ENSDART00000134896	si:ch211-12e13.2	13	34.7	37.2	7.4	19.3	50.7	60.9	8.76	4.03	-1.12015103107
ENSDART00000134890	dusp11	363	57.9	43.7	13.5	25.9	83.4	122.2	NA	NA	NA
ENSDART00000102410	TAF15	945	74.7	71.3	27.1	45.9	97.7	122.6	355.3	1151.07	1.69586597694
ENSDART00000129962	BX324179.3	2	37.7	37.7	NA	NA	NA	NA	NA	NA	NA
ENSDART00000134893	CPAMD8	2	19.0	19.0	NA	NA	NA	NA	NA	NA	NA
ENSDART00000149872	clrn1	2	23.3	23.3	NA	NA	NA	NA	NA	NA	NA
ENSDART00000055492	ddx5	3948	55.7	48.0	14.5	28.2	74.3	106.4	596.37	2046.43	1.77882972819
ENSDART00000034914	pvalb3	1	142.8	142.8	NA	NA	NA	NA	NA	NA	NA
ENSDART00000093358	loh12cr1	41	42.8	25.1	9.8	16.0	51.8	116.7	19.22	13.06	-0.557453439227
ENSDART00000034913	SGMS1	19	62.1	60.8	9.9	22.3	84.8	116.6	NA	NA	NA
ENSDART00000083957	CAMSAP2	1	87.0	87.0	NA	NA	NA	NA	NA	NA	NA
ENSDART00000058890	ephx2	24	47.2	43.5	21.2	29.6	58.9	74.6	NA	NA	NA
ENSDART00000131177	adcy1b	2	58.2	58.2	NA	NA	NA	NA	NA	NA	NA
ENSDART00000104977	PICK1	18	95.6	75.4	16.4	22.2	123.2	235.8	NA	NA	NA
ENSDART00000036513	trib3	125	56.4	44.7	12.0	24.7	79.7	125.8	24.94	132.91	2.41391628518
ENSDART00000013446	eif2d	7	39.5	21.6	NA	NA	NA	NA	6.51	2.95	-1.14194258892
ENSDART00000066997	dram1	53	57.4	21.8	7.1	10.9	71.7	159.0	NA	NA	NA
ENSDART00000066999	ccdc53	50	38.6	20.5	4.8	10.4	36.9	118.0	NA	NA	NA
ENSDART00000113732	orc6	141	46.1	28.7	12.2	17.9	61.1	104.6	27.21	71.44	1.39259512387
ENSDART00000013449	chst13	7	87.6	100.4	NA	NA	NA	NA	NA	NA	NA
ENSDART00000100924	cwc25	48	58.7	43.2	16.9	25.6	79.8	116.4	93.6	68.57	-0.448931007605
ENSDART00000082395	PDCD1LG2	1	32.9	32.9	NA	NA	NA	NA	NA	NA	NA
ENSDART00000017034	rnf2	241	43.7	35.2	7.5	16.5	61.7	98.8	19.68	105.18	2.41805827614
ENSDART00000146085	C10H9orf123	10	36.5	28.2	12.5	16.9	46.7	78.0	NA	NA	NA
ENSDART00000041597	arpp19a	90	85.1	75.5	26.1	50.2	116.2	145.6	NA	NA	NA
ENSDART00000125149	ndst2a	14	43.7	29.1	17.9	21.9	48.5	103.7	NA	NA	NA
ENSDART00000079930	mtp	299	127.0	126.5	77.6	99.5	150.5	181.3	NA	NA	NA
ENSDART00000073500	ptprz1a	1	20.8	20.8	NA	NA	NA	NA	NA	NA	NA
ENSDART00000077883	pfkfb4	5	69.4	73.1	NA	NA	NA	NA	NA	NA	NA
ENSDART00000125663	si:dkey-165n16.1	29	21.3	18.6	6.1	11.5	24.6	38.3	NA	NA	NA
ENSDART00000045109	zgc:92242	10	72.4	72.0	36.2	51.5	103.5	112.9	NA	NA	NA
ENSDART00000015664	pcnx	14	83.8	42.4	17.1	30.1	147.9	154.9	3.13	0.78	-2.00461662807
ENSDART00000134763	C9H21orf33	31	39.1	38.4	7.5	15.5	55.4	73.8	NA	NA	NA
ENSDART00000021736	scocb	26	67.0	66.7	15.4	30.5	107.1	116.5	NA	NA	NA
ENSDART00000151106	zgc:56064	585	54.0	42.2	21.1	29.5	67.0	100.0	137.32	251.16	0.87106495502
ENSDART00000130734	strbp	58	61.3	59.1	26.6	41.0	77.5	89.4	8.14	30.12	1.88762107041
ENSDART00000025096	larp1b	190	64.8	53.1	9.5	28.3	94.8	135.4	18.06	72.14	1.99800153031
ENSDART00000066191	ift52	14	65.0	53.5	9.1	29.7	81.6	146.1	8.91	10.0	0.16650266314
ENSDART00000054738	gid8b	176	54.8	40.7	13.4	25.6	69.5	119.9	46.79	113.33	1.276257679
ENSDART00000059752	med16	45	66.4	53.7	8.8	20.5	97.5	154.5	5.83	12.12	1.05582191027
ENSDART00000130739	plaa	39	37.9	25.5	4.7	11.1	37.6	77.6	11.7	12.86	0.136382112857
ENSDART00000130738	BX465848.3	7	56.5	32.7	NA	NA	NA	NA	NA	NA	NA
ENSDART00000066197	glra1	2	53.7	53.7	NA	NA	NA	NA	NA	NA	NA
ENSDART00000113368	RNF5	50	63.6	46.3	11.2	24.4	79.5	156.3	NA	NA	NA
ENSDART00000151950	serac1	1	-5.3	-5.3	NA	NA	NA	NA	NA	NA	NA
ENSDART00000055340	fus	128	86.9	79.9	14.8	45.5	124.1	157.5	38.01	98.35	1.3715460273
ENSDART00000112095	vars	85	39.9	33.0	11.3	19.9	47.1	82.0	11.04	20.53	0.89499345533
ENSDART00000112098	CR847925.1	248	39.3	34.9	13.5	20.9	52.5	73.4	NA	NA	NA
ENSDART00000058370	ARHGAP32	6	118.5	129.2	NA	NA	NA	NA	NA	NA	NA
ENSDART00000077089	nucb1	59	38.2	29.6	2.9	8.0	50.3	92.9	18.11	30.16	0.735849882318
ENSDART00000101789	flot2b	19	47.7	29.2	6.2	20.3	72.7	94.1	NA	NA	NA
ENSDART00000023388	yod1	154	66.6	57.8	12.6	32.3	95.3	133.6	NA	NA	NA
ENSDART00000032341	pef1	40	60.8	45.4	8.4	26.8	93.7	131.0	NA	NA	NA
ENSDART00000049464	fermt2	143	41.2	27.0	5.1	12.0	49.5	81.3	9.43	45.59	2.27338773319
ENSDART00000125272	slc2a10	24	52.0	39.0	12.1	19.4	62.9	130.0	9.39	9.24	-0.0232323062377
ENSDART00000122953	gnl3	222	86.5	79.6	26.1	49.5	118.5	148.3	91.74	168.35	0.875840908633
ENSDART00000109234	spata18	1	34.4	34.4	NA	NA	NA	NA	NA	NA	NA
ENSDART00000039868	usp4	173	55.6	41.6	14.6	24.9	80.4	115.5	31.44	44.63	0.505412588993
ENSDART00000109236	HSCB	4	17.8	17.7	NA	NA	NA	NA	NA	NA	NA
ENSDART00000109230	ulk3	6	36.5	18.8	NA	NA	NA	NA	NA	NA	NA
ENSDART00000109231	mamdc2b	10	115.3	73.9	56.4	65.6	161.0	204.4	NA	NA	NA
ENSDART00000091684	anapc7	95	67.0	60.6	17.6	30.0	97.9	123.5	9.44	35.59	1.91461316815
ENSDART00000091683	alkbh5	60	64.0	42.3	15.6	20.2	107.0	146.6	17.53	11.02	-0.669701772188
ENSDART00000028171	lta4h	113	46.9	43.2	18.1	28.7	59.5	77.9	7.84	24.91	1.66779946213
ENSDART00000087144	tuft1a	22	63.5	37.1	7.3	11.5	107.3	172.0	NA	NA	NA
ENSDART00000135383	si:dkey-192p21.6	2	9.2	9.2	NA	NA	NA	NA	NA	NA	NA
ENSDART00000053834	psmc6	270	79.2	76.8	25.9	49.3	105.9	133.3	34.09	173.37	2.34643377116
ENSDART00000002463	tmed5	263	38.3	31.9	11.1	17.3	51.7	70.4	23.7	58.91	1.31362549388
ENSDART00000002464	neu1	14	41.8	46.9	12.9	16.7	60.8	71.2	NA	NA	NA
ENSDART00000002469	hspa4b	204	79.5	69.9	35.9	49.9	98.0	137.4	38.67	79.2	1.03428566588
ENSDART00000002393	RUNDC3A	1	94.7	94.7	NA	NA	NA	NA	NA	NA	NA
ENSDART00000035967	brd2a	168	60.7	43.0	8.2	17.7	96.2	140.2	121.9	83.32	-0.548963381467
ENSDART00000142507	CDC42SE2	1	19.2	19.2	NA	NA	NA	NA	NA	NA	NA
ENSDART00000046454	zgc:171445	13	73.0	69.8	28.4	43.2	86.6	118.2	NA	NA	NA
ENSDART00000041335	chodl	1	87.5	87.5	NA	NA	NA	NA	NA	NA	NA
ENSDART00000101253	luc7l3	194	82.3	68.9	29.7	46.4	111.9	142.2	58.86	132.19	1.1672535956
ENSDART00000128025	rps26l	807	94.2	95.7	40.2	64.4	121.2	141.3	912.71	397.61	-1.19880249664
ENSDART00000144906	zgc:162358	28	58.1	50.0	15.0	23.9	88.2	109.6	NA	NA	NA
ENSDART00000101332	tmprss13a	1	70.3	70.3	NA	NA	NA	NA	NA	NA	NA
ENSDART00000131063	C7H4orf48	28	24.2	21.7	11.4	16.7	28.5	36.6	NA	NA	NA
ENSDART00000080632	zgc:64022	32	30.7	15.9	3.1	9.4	35.6	98.6	NA	NA	NA
ENSDART00000080633	si:dkey-33c12.3	2	94.0	94.0	NA	NA	NA	NA	NA	NA	NA
ENSDART00000131067	fbxo42	138	59.7	47.3	12.7	23.9	81.0	125.2	48.16	11.82	-2.02660535658
ENSDART00000037224	zgc:56530	78	62.0	49.4	21.4	32.9	86.5	108.6	NA	NA	NA
ENSDART00000006386	atp1b1a	817	87.9	81.8	40.4	60.0	112.4	141.4	NA	NA	NA
ENSDART00000024720	si:ch211-282j22.3	22	78.6	40.5	11.4	29.6	118.6	164.2	4.69	3.83	-0.29224353059
ENSDART00000089569	camsap2	375	64.6	43.5	7.5	16.4	102.1	154.3	NA	NA	NA
ENSDART00000006300	ptplad1	25	29.5	25.5	15.9	18.4	41.3	46.8	NA	NA	NA
ENSDART00000003221	nsrp1	108	60.4	48.0	12.2	20.4	86.5	128.2	28.24	28.35	0.00560864655841
ENSDART00000104979	zgc:112023	1	65.4	65.4	NA	NA	NA	NA	NA	NA	NA
ENSDART00000028717	bach2b	5	82.6	80.2	NA	NA	NA	NA	NA	NA	NA
ENSDART00000091466	polr3b	17	65.5	57.9	11.7	32.3	99.5	120.2	3.99	8.47	1.08597322311
ENSDART00000098865	vasp	88	88.3	72.3	19.8	36.6	128.1	187.1	14.14	46.56	1.7193089381
ENSDART00000133514	elovl7a	82	46.4	32.0	8.5	16.8	63.4	111.3	NA	NA	NA
ENSDART00000079594	C13H4orf32	17	57.5	32.5	4.4	8.7	87.0	153.9	NA	NA	NA
ENSDART00000079597	vps36	27	41.3	34.2	8.8	16.7	61.3	85.5	NA	NA	NA
ENSDART00000002791	odz4	27	40.6	36.8	10.7	22.1	55.3	64.9	NA	NA	NA
ENSDART00000002790	podn	1	103.1	103.1	NA	NA	NA	NA	NA	NA	NA
ENSDART00000005021	tkt	846	38.3	30.6	11.8	19.6	44.4	68.4	53.65	212.18	1.98363859872
ENSDART00000011955	gpsm1b	49	38.2	32.0	8.4	16.4	56.8	73.9	9.24	17.28	0.903138460747
ENSDART00000005168	ddx55	65	53.6	42.9	7.5	19.3	71.3	110.3	16.18	24.01	0.5694237958
ENSDART00000006380	tbx3a	16	106.0	119.7	24.2	54.2	140.1	176.1	NA	NA	NA
ENSDART00000081754	sdha	94	48.2	33.1	12.9	18.1	58.8	109.8	15.2	25.85	0.766092956871
ENSDART00000086490	smyd4	4	66.8	58.1	NA	NA	NA	NA	NA	NA	NA
ENSDART00000006381	psen2	29	59.2	49.2	20.6	30.2	73.2	99.0	NA	NA	NA
ENSDART00000086495	C25H12orf4	8	16.6	16.2	NA	NA	NA	NA	NA	NA	NA
ENSDART00000060838	rer1	361	50.5	41.3	12.6	22.8	66.2	101.2	54.06	223.93	2.05041440264
ENSDART00000102081	afap1l2	24	82.8	68.2	25.5	37.7	116.9	142.6	NA	NA	NA
ENSDART00000008498	adh8a	1	34.3	34.3	NA	NA	NA	NA	NA	NA	NA
ENSDART00000081810	clic1	1	137.1	137.1	NA	NA	NA	NA	NA	NA	NA
ENSDART00000042737	rab18b	78	37.2	30.7	14.3	21.6	44.3	72.2	NA	NA	NA
ENSDART00000093367	trim3a	26	54.7	47.8	12.4	14.8	76.4	116.5	NA	NA	NA
ENSDART00000008490	zgc:55512	112	43.7	28.6	4.0	10.5	60.1	100.9	NA	NA	NA
ENSDART00000077404	por	4	20.5	15.8	NA	NA	NA	NA	NA	NA	NA
ENSDART00000109970	DLC1	12	52.8	25.9	5.3	10.3	95.7	128.0	NA	NA	NA
ENSDART00000152626	rpl24	1735	73.7	61.1	25.6	37.6	106.1	135.5	1934.76	532.67	-1.86084068071
ENSDART00000085051	hhip	4	17.6	16.7	NA	NA	NA	NA	NA	NA	NA
ENSDART00000139055	efcab7	18	29.9	17.9	13.1	14.7	26.7	58.6	NA	NA	NA
ENSDART00000129956	SLC39A14	11	35.2	28.9	14.2	14.7	54.5	60.4	NA	NA	NA
ENSDART00000113058	gpsm2	17	25.1	11.9	-0.5	9.0	32.3	53.9	NA	NA	NA
ENSDART00000129953	rhogd	7	69.3	31.4	NA	NA	NA	NA	NA	NA	NA
ENSDART00000129407	plin2	3	124.3	131.4	NA	NA	NA	NA	NA	NA	NA
ENSDART00000129950	ANKRD66	10	34.1	28.6	16.6	24.9	53.8	58.0	NA	NA	NA
ENSDART00000020122	ywhah	146	45.4	32.7	13.3	20.2	63.5	92.9	NA	NA	NA
ENSDART00000133012	ylpm1	326	94.6	94.1	22.4	54.1	129.2	161.8	38.34	77.84	1.02166137311
ENSDART00000114006	CABZ01051901.1	5	35.8	42.8	NA	NA	NA	NA	NA	NA	NA
ENSDART00000150100	si:ch73-57f22.2	24	43.3	26.0	6.9	16.1	65.3	97.4	NA	NA	NA
ENSDART00000110249	C8H1orf228	18	28.9	23.6	15.6	17.3	29.3	49.8	NA	NA	NA
ENSDART00000110248	SLC29A3	51	57.1	38.9	14.9	22.9	83.1	135.2	NA	NA	NA
ENSDART00000007700	atf6	58	55.6	30.2	13.7	17.8	90.1	133.0	NA	NA	NA
ENSDART00000110243	pou3f2a	4	51.3	50.4	NA	NA	NA	NA	NA	NA	NA
ENSDART00000062693	ptpn1	146	57.0	42.1	11.5	21.3	77.0	141.2	NA	NA	NA
ENSDART00000023539	cyba	20	105.5	100.9	52.7	80.3	116.1	175.5	NA	NA	NA
ENSDART00000020576	cdc25	1150	57.9	45.0	11.3	21.2	83.3	123.1	74.24	254.18	1.77558190164
ENSDART00000149508	mbd3a	229	64.0	56.5	18.3	31.9	86.4	116.3	41.52	311.04	2.90522177525
ENSDART00000149057	kpnb1	69	45.0	42.2	15.2	24.2	51.5	85.6	100.56	116.64	0.214006069906
ENSDART00000022841	metap1d	13	70.4	27.2	9.1	17.6	53.3	230.5	NA	NA	NA
ENSDART00000090226	znf319	57	43.2	33.7	5.7	11.3	62.2	100.3	NA	NA	NA
ENSDART00000090221	cdc42ep1b	35	36.0	17.4	6.2	11.5	41.8	103.5	NA	NA	NA
ENSDART00000080094	prelid1a	108	52.4	36.6	9.8	17.3	83.2	108.5	24.33	68.02	1.48322268577
ENSDART00000022147	ndufab1b	116	59.6	44.6	13.4	28.1	83.5	123.6	31.88	53.41	0.744458254902
ENSDART00000022413	zhx3	11	25.1	22.8	15.3	15.7	27.9	47.1	13.95	32.4	1.21572869106
ENSDART00000126129	NAGPA	2	76.5	76.5	NA	NA	NA	NA	NA	NA	NA
ENSDART00000080099	oard1	6	30.4	15.2	NA	NA	NA	NA	NA	NA	NA
ENSDART00000087729	KDM4C	2	52.6	52.6	NA	NA	NA	NA	NA	NA	NA
ENSDART00000092787	cdk4	88	63.9	52.4	12.6	27.6	85.7	118.2	NA	NA	NA
ENSDART00000027848	tlcd1	1	31.3	31.3	NA	NA	NA	NA	NA	NA	NA
ENSDART00000087726	igf2bp1	512	111.2	110.8	46.1	74.2	144.7	176.3	25.56	279.6	3.45140461932
ENSDART00000147908	ms4a17a.5	1	53.8	53.8	NA	NA	NA	NA	NA	NA	NA
ENSDART00000147909	wu:fc17b08	146	57.3	45.9	15.6	26.0	74.4	114.7	14.97	73.97	2.30486605439
ENSDART00000141758	CR388095.3	1	209.3	209.3	NA	NA	NA	NA	NA	NA	NA
ENSDART00000098419	CABZ01070258.1	263	65.0	50.2	13.0	21.9	94.0	144.2	NA	NA	NA
ENSDART00000101513	ppp6r2b	1	171.7	171.7	NA	NA	NA	NA	NA	NA	NA
ENSDART00000121791	ush1c	2	21.5	21.5	NA	NA	NA	NA	NA	NA	NA
ENSDART00000105143	ZC3H12A	6	96.4	97.4	NA	NA	NA	NA	NA	NA	NA
ENSDART00000105140	C11H1orf50	43	54.7	41.5	9.7	21.3	89.0	127.7	NA	NA	NA
ENSDART00000147904	mad1l1	283	29.3	22.6	7.4	12.4	37.3	54.7	35.13	39.31	0.162192787202
ENSDART00000147905	fam213aa	21	71.7	69.1	44.7	51.1	81.0	101.1	42.22	20.53	-1.04019295124
ENSDART00000084131	fam160b2	9	19.0	15.5	NA	NA	NA	NA	NA	NA	NA
ENSDART00000016024	traf4a	9	74.1	59.1	NA	NA	NA	NA	NA	NA	NA
ENSDART00000043172	tmem258	526	43.5	39.6	16.3	27.1	53.5	70.9	163.15	395.81	1.2786090746
ENSDART00000043173	rpl18	948	73.6	61.2	28.7	41.5	105.0	132.0	1555.87	503.01	-1.62906253497
ENSDART00000111735	tm2d3	77	58.6	43.3	17.9	22.0	74.2	132.5	22.94	7.92	-1.53429305594
ENSDART00000007211	wbp1la	5	37.8	22.7	NA	NA	NA	NA	NA	NA	NA
ENSDART00000149156	tcf7	3	91.0	115.0	NA	NA	NA	NA	NA	NA	NA
ENSDART00000134514	smarca4	1199	68.5	57.0	19.9	33.9	93.2	136.3	142.49	229.96	0.690522261896
ENSDART00000064846	prelid1b	2	122.3	122.3	NA	NA	NA	NA	NA	NA	NA
ENSDART00000141531	BX324142.4	1	9.8	9.8	NA	NA	NA	NA	NA	NA	NA
ENSDART00000080897	rprd2a	232	71.2	54.9	21.1	29.0	99.5	139.2	10.75	56.05	2.38237771322
ENSDART00000079019	spsb1	53	48.4	23.0	3.8	10.9	69.1	119.6	13.61	19.11	0.489660711473
ENSDART00000088177	ptpdc1	5	44.4	24.9	NA	NA	NA	NA	NA	NA	NA
ENSDART00000063129	cmc1	22	65.5	52.7	19.2	33.3	83.4	140.8	NA	NA	NA
ENSDART00000044776	stxbp3	49	57.5	43.1	20.9	27.7	66.7	99.4	NA	NA	NA
ENSDART00000016702	iah1	27	30.8	29.0	11.2	19.8	43.1	48.6	NA	NA	NA
ENSDART00000103431	esrp1	390	59.8	42.3	11.3	22.0	85.2	128.4	NA	NA	NA
ENSDART00000063121	BX539313.3	108	60.8	49.0	10.5	21.0	92.1	128.4	NA	NA	NA
ENSDART00000016709	rabl5	21	64.9	62.3	4.7	34.8	83.8	128.3	NA	NA	NA
ENSDART00000019706	phc2b	9	37.3	15.4	NA	NA	NA	NA	NA	NA	NA
ENSDART00000138862	PIGW	9	17.5	14.1	NA	NA	NA	NA	NA	NA	NA
ENSDART00000055500	ptx4	1	35.3	35.3	NA	NA	NA	NA	NA	NA	NA
ENSDART00000036871	si:ch211-121a2.4	1	70.2	70.2	NA	NA	NA	NA	NA	NA	NA
ENSDART00000130897	ABCF3	41	48.6	37.5	10.3	15.5	62.3	114.5	30.45	6.47	-2.2346046108
ENSDART00000065643	dbf4	130	50.4	29.1	10.9	17.4	73.2	121.9	NA	NA	NA
ENSDART00000065644	BX571969.1	4	25.4	25.1	NA	NA	NA	NA	NA	NA	NA
ENSDART00000131069	esr2a	3	58.5	24.4	NA	NA	NA	NA	NA	NA	NA
ENSDART00000140483	scaf4a	305	52.8	41.0	14.8	23.6	72.9	112.2	60.83	83.83	0.462683625227
ENSDART00000112872	pax1b	2	12.6	12.6	NA	NA	NA	NA	NA	NA	NA
ENSDART00000112873	si:dkey-181m9.8	1	134.1	134.1	NA	NA	NA	NA	NA	NA	NA
ENSDART00000152636	clock	7	80.9	80.5	NA	NA	NA	NA	NA	NA	NA
ENSDART00000026249	gnl3l	49	82.1	65.2	20.4	30.1	116.1	154.2	17.64	18.05	0.033148276217
ENSDART00000152639	ICT1	1	118.8	118.8	NA	NA	NA	NA	NA	NA	NA
ENSDART00000112878	SHPRH	44	67.9	39.4	12.4	20.2	87.1	160.5	5.52	14.4	1.38332863955
ENSDART00000112879	SLC4A7	21	31.6	21.2	13.3	15.2	34.6	45.9	NA	NA	NA
ENSDART00000051081	eef2l2	1	80.7	80.7	NA	NA	NA	NA	NA	NA	NA
ENSDART00000125471	GADD45G	8	62.0	67.3	NA	NA	NA	NA	NA	NA	NA
ENSDART00000079011	ikzf5	49	51.7	35.9	11.4	15.6	75.2	126.6	NA	NA	NA
ENSDART00000051553	znf703	151	48.1	32.3	5.6	10.8	72.1	119.2	NA	NA	NA
ENSDART00000149854	si:ch1073-228j22.1	13	32.7	20.6	7.5	13.0	30.3	69.7	NA	NA	NA
ENSDART00000051556	abca1b	208	105.8	100.7	35.8	60.9	142.9	190.1	NA	NA	NA
ENSDART00000151025	BCL2L12	90	55.0	28.8	7.9	14.8	66.7	149.7	50.86	37.3	-0.447355831548
ENSDART00000060166	got2a	21	28.2	25.8	9.8	14.6	38.0	57.2	NA	NA	NA
ENSDART00000077182	PREB	12	29.3	20.8	8.4	14.0	39.0	62.9	NA	NA	NA
ENSDART00000010626	nup155	313	43.0	35.1	13.3	22.3	51.0	80.1	29.03	67.34	1.2139191492
ENSDART00000114284	mcl1a	221	58.4	50.8	8.6	17.8	89.7	126.9	69.52	75.44	0.117901593861
ENSDART00000039693	pgp	2	48.5	48.5	NA	NA	NA	NA	NA	NA	NA
ENSDART00000115062	zgc:173552	5	-5.7	-1.4	NA	NA	NA	NA	NA	NA	NA
ENSDART00000102434	ehhadh	11	36.0	29.6	13.5	19.2	43.5	69.1	NA	NA	NA
ENSDART00000057865	ier3ip1	96	48.6	41.4	14.3	24.5	59.9	88.3	NA	NA	NA
ENSDART00000085666	pfkfb4l	550	78.2	67.3	12.0	22.3	125.0	164.9	NA	NA	NA
ENSDART00000057866	atoh1c	1	83.9	83.9	NA	NA	NA	NA	NA	NA	NA
ENSDART00000082940	uhmk1	27	75.2	64.4	18.5	34.8	96.0	120.5	NA	NA	NA
ENSDART00000115244	CABZ01027547.1	28	54.1	43.3	14.6	25.9	71.8	107.6	NA	NA	NA
ENSDART00000015393	b9d1	13	62.6	36.2	3.5	17.1	115.4	144.7	NA	NA	NA
ENSDART00000097944	SLC29A2	17	85.2	92.0	23.4	31.6	128.6	144.6	NA	NA	NA
ENSDART00000108782	POLR2M	4	98.6	91.6	NA	NA	NA	NA	NA	NA	NA
ENSDART00000108780	erg	14	47.5	40.5	18.2	24.6	61.7	83.9	NA	NA	NA
ENSDART00000108787	ndufs2	75	72.1	53.6	18.5	32.2	101.3	150.9	18.23	24.63	0.43410206646
ENSDART00000005447	kif1b	20	16.1	14.9	5.5	9.5	21.9	28.4	2.61	1.55	-0.751781591296
ENSDART00000108784	C19H7orf41	3	34.7	19.6	NA	NA	NA	NA	NA	NA	NA
ENSDART00000020798	RNASEL	5	42.4	34.0	NA	NA	NA	NA	NA	NA	NA
ENSDART00000105692	mrpl54	242	73.6	61.7	17.0	35.4	100.0	142.9	NA	NA	NA
ENSDART00000109751	zgc:173585	5	47.1	46.8	NA	NA	NA	NA	NA	NA	NA
ENSDART00000147278	plk3	367	70.7	57.3	11.0	26.1	105.7	150.8	17.94	216.54	3.5933817537
ENSDART00000081765	zgmrpl4	57	71.6	64.5	22.4	42.8	96.3	132.0	NA	NA	NA
ENSDART00000099509	WDR62	23	68.8	69.7	13.6	32.4	83.3	137.6	3.34	5.52	0.724820164304
ENSDART00000081766	nog1	31	71.5	64.8	28.6	40.2	95.3	125.7	NA	NA	NA
ENSDART00000081761	bin1	22	19.7	20.5	4.2	12.7	26.4	34.6	NA	NA	NA
ENSDART00000125787	STXBP6	200	56.8	45.8	16.5	30.2	70.2	107.8	NA	NA	NA
ENSDART00000045124	pomp	458	71.2	60.0	23.0	36.5	99.5	135.1	146.49	369.42	1.33445979058
ENSDART00000063774	rac1l	2	194.1	194.1	NA	NA	NA	NA	NA	NA	NA
ENSDART00000098731	stxbp5b	7	13.5	6.9	NA	NA	NA	NA	NA	NA	NA
ENSDART00000102697	cart4	187	89.1	87.6	26.0	61.1	120.0	150.5	NA	NA	NA
ENSDART00000021942	eapp	165	56.2	47.2	11.3	22.9	77.3	107.2	38.47	74.15	0.946712863045
ENSDART00000125788	pcdh19	3	13.4	18.1	NA	NA	NA	NA	NA	NA	NA
ENSDART00000064512	ANXA1	1	172.2	172.2	NA	NA	NA	NA	NA	NA	NA
ENSDART00000103405	gch1	7	35.5	34.9	NA	NA	NA	NA	NA	NA	NA
ENSDART00000104364	rps15	1337	92.3	92.3	38.4	56.4	119.7	148.7	1389.8	616.37	-1.17300873626
ENSDART00000015136	mogat3b	4	113.6	36.9	NA	NA	NA	NA	NA	NA	NA
ENSDART00000104361	si:dkey-56d12.4	2	70.0	70.0	NA	NA	NA	NA	NA	NA	NA
ENSDART00000104360	gamt	1	118.5	118.5	NA	NA	NA	NA	NA	NA	NA
ENSDART00000104362	dazap1	7	35.7	33.0	NA	NA	NA	NA	NA	NA	NA
ENSDART00000082496	dtwd1	11	42.8	30.5	8.6	16.2	61.0	98.3	NA	NA	NA
ENSDART00000111528	kri1	191	78.8	69.6	15.1	34.8	114.6	155.9	78.76	29.47	-1.41821605078
ENSDART00000085442	mut	60	55.8	53.0	21.0	30.8	76.6	86.7	11.02	29.47	1.41912283655
ENSDART00000138871	si:dkey-216e24.3	3	31.3	31.7	NA	NA	NA	NA	NA	NA	NA
ENSDART00000133356	rnf146	89	65.2	56.3	11.5	22.9	101.9	136.1	NA	NA	NA
ENSDART00000109759	tmx2a	2	32.2	32.2	NA	NA	NA	NA	NA	NA	NA
ENSDART00000111839	CT955967.1	194	48.0	35.9	14.2	20.7	53.1	98.2	11.43	41.53	1.86132846821
ENSDART00000133355	gps2	215	41.6	22.0	6.4	13.7	54.9	97.6	39.22	42.48	0.115194230612
ENSDART00000111521	BX571823.1	36	45.7	42.2	16.3	25.5	60.5	74.4	15.67	19.41	0.308794938241
ENSDART00000088169	POLRMT	9	69.6	34.1	NA	NA	NA	NA	NA	NA	NA
ENSDART00000138878	ndufaf5	17	51.9	33.9	19.2	27.6	54.5	113.9	NA	NA	NA
ENSDART00000111833	pctp	7	51.8	48.7	NA	NA	NA	NA	NA	NA	NA
ENSDART00000056103	nrp2b	4	101.2	109.2	NA	NA	NA	NA	NA	NA	NA
ENSDART00000000070	dap	261	58.1	50.1	20.4	34.7	79.0	104.8	49.67	177.75	1.83940290796
ENSDART00000050687	lpcat4	169	70.6	59.4	10.4	23.5	100.1	148.0	31.42	60.58	0.947158397501
ENSDART00000014703	maf	1	13.9	13.9	NA	NA	NA	NA	NA	NA	NA
ENSDART00000139942	si:dkey-88p24.9	8	58.7	42.8	NA	NA	NA	NA	NA	NA	NA
ENSDART00000103857	zgc:162509	5	13.8	16.9	NA	NA	NA	NA	NA	NA	NA
ENSDART00000089411	rnf220b	1	24.1	24.1	NA	NA	NA	NA	NA	NA	NA
ENSDART00000004797	ccbl1	8	99.0	52.2	NA	NA	NA	NA	NA	NA	NA
ENSDART00000023834	setb	1814	77.3	74.8	27.7	47.5	103.4	128.5	246.5	1151.87	2.22431835175
ENSDART00000137410	exosc10	128	48.0	35.9	9.9	17.6	67.9	105.3	40.71	90.98	1.16016621315
ENSDART00000045374	smad3a	13	54.7	33.1	8.3	9.1	81.2	120.1	NA	NA	NA
ENSDART00000111639	rereb	1	14.6	14.6	NA	NA	NA	NA	NA	NA	NA
ENSDART00000056734	setd7	5	33.6	32.9	NA	NA	NA	NA	NA	NA	NA
ENSDART00000074968	acsl3b	84	44.3	32.6	9.8	15.6	57.4	98.7	6.6	24.73	1.90572431014
ENSDART00000099690	fam129ab	6	17.8	19.3	NA	NA	NA	NA	NA	NA	NA
ENSDART00000074212	scrib	226	60.5	41.9	9.1	19.6	92.2	142.7	15.07	35.25	1.22594384058
ENSDART00000074747	tmem203	56	67.1	57.2	8.5	24.0	98.1	135.7	NA	NA	NA
ENSDART00000074216	higd2a	41	42.5	40.6	10.5	20.1	58.5	79.1	NA	NA	NA
ENSDART00000054590	spon2b	2	27.4	27.4	NA	NA	NA	NA	NA	NA	NA
ENSDART00000113644	vps39	83	35.6	28.9	13.3	19.1	43.4	66.1	NA	NA	NA
ENSDART00000054594	crfb5	61	96.9	73.3	22.9	37.7	138.4	199.4	NA	NA	NA
ENSDART00000124788	BX957235.1	7	28.8	15.9	NA	NA	NA	NA	NA	NA	NA
ENSDART00000076766	FGFBP2	1	17.2	17.2	NA	NA	NA	NA	NA	NA	NA
ENSDART00000124781	snapc3	1	89.2	89.2	NA	NA	NA	NA	NA	NA	NA
ENSDART00000124780	agfg1a	34	47.4	42.9	10.0	16.4	71.7	96.5	6.93	22.0	1.66657626627
ENSDART00000133722	anapc2	10	54.5	30.2	10.3	19.2	45.2	167.9	7.42	3.79	-0.96922133845
ENSDART00000133721	si:ch211-156j22.4	108	66.2	30.4	10.6	17.8	84.5	193.2	8.88	25.1	1.49905578249
ENSDART00000133650	ecd	21	36.1	16.9	8.9	13.2	42.5	90.0	5.49	3.4	-0.691271402867
ENSDART00000138312	zbtb18	15	23.7	22.8	5.5	15.8	31.2	43.1	NA	NA	NA
ENSDART00000103855	lpcat1	29	36.6	26.7	7.6	14.7	35.4	70.3	16.77	4.66	-1.84748082891
ENSDART00000110646	srsf1b	202	83.7	75.1	35.1	55.0	103.9	141.1	NA	NA	NA
ENSDART00000046841	sash1a	1	69.1	69.1	NA	NA	NA	NA	7.99	17.47	1.12861219999
ENSDART00000046840	exosc3	130	80.9	74.4	26.6	46.3	108.9	146.5	77.22	44.25	-0.803297099084
ENSDART00000040204	tuba8l2	41	82.7	66.7	25.8	43.5	123.5	153.3	NA	NA	NA
ENSDART00000124438	nudt6	20	51.8	41.3	8.9	18.3	80.0	103.5	NA	NA	NA
ENSDART00000077439	KCNK2	2	19.0	19.0	NA	NA	NA	NA	NA	NA	NA
ENSDART00000001678	adam8a	5	91.2	33.2	NA	NA	NA	NA	NA	NA	NA
ENSDART00000077435	ccnl1a	96	97.2	77.4	17.0	29.5	158.7	198.9	19.37	14.46	-0.421756401652
ENSDART00000079497	zgc:136360	100	77.4	73.9	23.7	41.8	99.8	146.8	NA	NA	NA
ENSDART00000102750	tnfrsf1b	3	31.7	34.2	NA	NA	NA	NA	NA	NA	NA
ENSDART00000102751	si:dkey-179j5.5	2	41.5	41.5	NA	NA	NA	NA	NA	NA	NA
ENSDART00000058938	fbxo32	85	58.3	44.9	12.0	17.3	89.8	124.9	11.84	67.74	2.51633890587
ENSDART00000103852	CU457778.1	1	146.2	146.2	NA	NA	NA	NA	NA	NA	NA
ENSDART00000058936	SCAMP5	1	9.1	9.1	NA	NA	NA	NA	NA	NA	NA
ENSDART00000133939	tle2	1018	76.8	67.7	18.0	37.0	109.4	148.2	48.89	103.07	1.07601316629
ENSDART00000139882	ranbp3	56	62.9	40.5	11.7	19.4	91.1	145.0	NA	NA	NA
ENSDART00000143598	CKAP2L	177	46.0	29.2	5.2	11.4	63.3	123.7	NA	NA	NA
ENSDART00000126468	prkag3a	4	61.6	64.4	NA	NA	NA	NA	NA	NA	NA
ENSDART00000047134	clcn6	6	18.4	14.2	NA	NA	NA	NA	NA	NA	NA
ENSDART00000133937	map9	8	92.4	77.0	NA	NA	NA	NA	NA	NA	NA
ENSDART00000114820	C17H15orf57	177	52.7	50.3	17.9	31.9	67.6	84.4	30.0	51.54	0.780730036476
ENSDART00000126466	entpd1	117	86.4	85.9	27.0	48.5	115.9	147.2	NA	NA	NA
ENSDART00000048707	srgap2b	7	28.3	21.8	NA	NA	NA	NA	NA	NA	NA
ENSDART00000114927	AL928712.1	13	98.8	66.3	10.9	27.1	173.3	198.4	6.28	1.96	-1.67991090478
ENSDART00000105967	cacna2d1a	3	73.1	41.5	NA	NA	NA	NA	NA	NA	NA
ENSDART00000114923	CR382327.3	5	89.3	105.9	NA	NA	NA	NA	NA	NA	NA
ENSDART00000114920	C6H6orf106	371	56.5	48.3	15.6	26.9	75.8	107.8	13.87	103.55	2.90028786078
ENSDART00000012268	mrpl41	46	67.3	53.2	12.0	24.3	105.7	132.2	NA	NA	NA
ENSDART00000111392	abcd1	4	24.8	15.5	NA	NA	NA	NA	NA	NA	NA
ENSDART00000056723	gins3	175	56.2	44.8	10.2	19.3	90.5	118.7	34.97	56.95	0.703578045898
ENSDART00000113609	rfwd2	103	80.1	57.6	16.4	33.4	122.3	172.6	8.43	14.73	0.805152894094
ENSDART00000110016	UBE2QL1	6	52.7	35.7	NA	NA	NA	NA	NA	NA	NA
ENSDART00000110017	cpsf1	122	87.5	79.9	23.8	46.3	116.9	169.2	16.15	25.89	0.680860800319
ENSDART00000110769	btr12	37	44.3	41.6	13.1	27.4	58.9	76.2	9.94	14.31	0.525705915164
ENSDART00000053906	arl6ip4	14	23.7	20.9	8.2	16.4	33.1	41.4	NA	NA	NA
ENSDART00000074228	tcf3b	344	77.1	70.7	18.3	37.0	107.9	146.7	19.63	166.57	3.08499651037
ENSDART00000010564	xrcc3	17	51.4	33.7	13.8	19.9	83.6	95.6	NA	NA	NA
ENSDART00000039987	pgm3	17	39.2	21.0	5.5	15.2	36.3	85.0	NA	NA	NA
ENSDART00000143373	rbmx2	80	50.7	38.7	10.3	19.3	65.6	119.2	84.01	33.03	-1.34678409746
ENSDART00000022393	CR392006.1	2	46.1	46.1	NA	NA	NA	NA	NA	NA	NA
ENSDART00000122858	zdhhc4	103	46.8	40.8	14.9	21.9	66.1	75.2	44.85	12.73	-1.81687556591
ENSDART00000122085	atg16l1	266	68.9	40.8	8.7	16.2	119.2	165.3	17.34	19.15	0.14324049359
ENSDART00000136456	HIST3H3	19	9.0	-4.5	-8.1	-6.6	4.2	54.4	NA	NA	NA
ENSDART00000033755	HOMEZ	40	34.7	22.5	6.7	10.5	47.9	80.3	NA	NA	NA
ENSDART00000006378	cdkn1c	415	48.0	24.9	6.8	9.9	81.6	118.4	NA	NA	NA
ENSDART00000130072	kmt2e	63	63.6	34.8	6.9	11.2	110.8	145.5	NA	NA	NA
ENSDART00000106432	zgc:173480	4	49.0	38.8	NA	NA	NA	NA	NA	NA	NA
ENSDART00000130070	colec12	4	46.2	24.5	NA	NA	NA	NA	NA	NA	NA
ENSDART00000130077	mtfr1	41	24.5	20.4	9.1	15.7	26.7	41.4	NA	NA	NA
ENSDART00000013167	retsat	29	30.4	26.5	16.1	19.6	36.8	44.5	NA	NA	NA
ENSDART00000052761	rpl39	1229	83.2	81.6	32.0	44.6	114.4	138.4	3434.98	1580.91	-1.11954646054
ENSDART00000079437	ap4m1	9	86.4	77.9	NA	NA	NA	NA	NA	NA	NA
ENSDART00000127755	ash1l	14	73.1	63.4	10.2	37.6	120.8	140.5	2.89	2.9	0.00498340751426
ENSDART00000046981	pdlim1	66	34.1	25.2	6.4	14.6	42.1	71.1	NA	NA	NA
ENSDART00000148181	inpp4aa	9	25.7	26.2	NA	NA	NA	NA	NA	NA	NA
ENSDART00000035755	dvl1a	1	24.2	24.2	NA	NA	NA	NA	NA	NA	NA
ENSDART00000028297	si:dkeyp-89c11.2	65	71.1	67.5	14.3	34.0	101.1	124.7	NA	NA	NA
ENSDART00000059308	spc24	124	82.0	76.1	14.2	31.5	120.4	157.0	26.32	79.59	1.59642768721
ENSDART00000098640	grhpra	13	30.4	28.9	7.2	20.2	36.6	62.3	NA	NA	NA
ENSDART00000127753	adam15	2	138.0	138.0	NA	NA	NA	NA	NA	NA	NA
ENSDART00000101957	baiap2l1b	28	27.1	19.2	6.5	13.0	22.4	44.5	NA	NA	NA
ENSDART00000035759	cd2bp2	460	60.3	53.5	19.0	32.8	78.2	108.4	148.39	125.02	-0.247234964407
ENSDART00000114085	si:ch211-119o8.6	7	23.6	26.6	NA	NA	NA	NA	NA	NA	NA
ENSDART00000140482	TNRC6B	0	NA	NA	NA	NA	NA	NA	6.14	13.61	1.14835650613
ENSDART00000091898	si:dkey-211g8.6	2	85.3	85.3	NA	NA	NA	NA	NA	NA	NA
ENSDART00000139602	tfr1a	2	42.5	42.5	NA	NA	NA	NA	NA	NA	NA
ENSDART00000015517	pdcd6	22	41.7	36.8	11.7	24.5	47.7	80.5	NA	NA	NA
ENSDART00000088166	igf2bp2b	9	81.4	84.2	NA	NA	NA	NA	NA	NA	NA
ENSDART00000124947	evi5b	19	71.0	69.8	13.8	16.6	106.6	138.5	NA	NA	NA
ENSDART00000091097	socs5b	19	28.0	19.5	4.8	6.0	32.7	54.4	NA	NA	NA
ENSDART00000135592	poc1bl	9	70.7	79.6	NA	NA	NA	NA	NA	NA	NA
ENSDART00000131721	fam65b	7	20.2	18.2	NA	NA	NA	NA	NA	NA	NA
ENSDART00000025530	RBMS1	11	74.7	55.1	20.6	38.8	119.9	143.2	NA	NA	NA
ENSDART00000091099	INO80B	128	60.2	48.7	13.6	26.6	85.1	124.5	28.36	68.46	1.27140375977
ENSDART00000052503	nudcd1	14	35.9	21.4	5.5	9.5	36.3	95.2	NA	NA	NA
ENSDART00000025535	sept5a	7	43.9	36.6	NA	NA	NA	NA	NA	NA	NA
ENSDART00000113954	si:ch211-113e8.11	39	59.8	49.0	5.2	16.2	94.0	118.0	NA	NA	NA
ENSDART00000043341	foxd1	1	62.7	62.7	NA	NA	NA	NA	NA	NA	NA
ENSDART00000132923	ppp1r12a	77	61.1	42.9	8.1	14.7	82.3	149.2	8.75	25.76	1.55777767139
ENSDART00000012414	sh3bp5b	29	35.6	21.6	4.6	10.6	40.9	75.4	NA	NA	NA
ENSDART00000012413	ankhb	6	29.2	25.7	NA	NA	NA	NA	NA	NA	NA
ENSDART00000017424	ptmaa	92	83.8	83.6	32.2	64.1	104.0	135.5	NA	NA	NA
ENSDART00000076479	slc38a6	14	27.1	17.2	8.0	10.4	30.1	40.1	NA	NA	NA
ENSDART00000137737	fbxo44	16	38.7	20.5	4.5	7.3	65.2	99.0	NA	NA	NA
ENSDART00000026509	cwf19l1	2	104.7	104.7	NA	NA	NA	NA	27.84	74.6	1.42201641929
ENSDART00000081323	abhd17c	202	56.0	47.2	13.8	21.0	79.6	117.1	12.17	31.86	1.38841709881
ENSDART00000090413	snapc5	52	58.5	49.8	19.3	28.0	75.7	103.7	38.79	27.59	-0.491539319178
ENSDART00000029630	fgf17	88	47.7	18.1	7.0	10.2	81.4	134.7	NA	NA	NA
ENSDART00000022625	nrarpb	93	65.6	45.8	8.7	21.1	101.0	145.5	NA	NA	NA
ENSDART00000023814	prkcsh	61	45.0	33.7	11.4	20.3	57.3	84.8	19.79	9.11	-1.11924865325
ENSDART00000128121	FP326669.1	15	37.8	35.7	20.8	24.5	38.1	56.1	NA	NA	NA
ENSDART00000128985	ryk	124	73.4	54.6	14.9	24.6	97.5	159.9	22.16	9.68	-1.19487892877
ENSDART00000022621	kdsr	23	29.2	25.5	11.2	18.4	33.7	47.2	NA	NA	NA
ENSDART00000022620	kalrnb	186	68.2	57.4	17.3	24.2	93.5	135.2	NA	NA	NA
ENSDART00000128433	hm13	215	51.4	44.0	20.0	29.0	61.0	85.7	26.5	145.41	2.45606222355
ENSDART00000099660	h2afva	2102	54.7	45.4	15.2	26.7	74.1	108.0	1073.16	2381.53	1.15002353537
ENSDART00000099665	purba	107	61.6	55.6	17.0	28.6	82.3	115.7	12.52	18.1	0.531755135038
ENSDART00000128435	pinx1	224	39.0	32.3	12.7	20.1	48.4	71.7	188.56	72.45	-1.37996606881
ENSDART00000109003	arhgap17b	42	37.7	34.7	16.0	25.4	49.1	61.0	NA	NA	NA
ENSDART00000109001	si:dkeyp-117b11.2	31	72.5	41.0	7.9	20.3	98.8	156.0	NA	NA	NA
ENSDART00000109004	zgc:174895	3	30.1	28.4	NA	NA	NA	NA	NA	NA	NA
ENSDART00000151389	si:ch73-367f21.4	17	51.0	39.6	8.5	11.6	81.0	113.3	NA	NA	NA
ENSDART00000146132	si:ch211-254n4.3	1	14.7	14.7	NA	NA	NA	NA	NA	NA	NA
ENSDART00000114086	RBM26	162	46.1	32.5	8.6	16.6	58.5	101.1	66.94	172.84	1.3684966799
ENSDART00000088422	abcc8	9	29.9	20.0	NA	NA	NA	NA	NA	NA	NA
ENSDART00000114215	grhl3	251	60.3	45.4	10.7	21.6	88.2	129.7	NA	NA	NA
ENSDART00000114217	TBC1D10B	1	-4.4	-4.4	NA	NA	NA	NA	NA	NA	NA
ENSDART00000017770	zbtb8os	34	91.7	75.0	14.1	30.0	130.4	164.1	NA	NA	NA
ENSDART00000017646	atp6v0a1a	39	52.4	29.8	7.4	12.6	78.0	120.7	NA	NA	NA
ENSDART00000023971	slc5a5	6	31.6	29.4	NA	NA	NA	NA	NA	NA	NA
ENSDART00000108872	ndufaf4	30	69.7	59.3	21.0	32.5	98.2	127.2	NA	NA	NA
ENSDART00000149195	exosc2	74	51.8	36.2	13.8	21.7	69.9	102.8	58.1	41.26	-0.493794342405
ENSDART00000019078	lhx8a	5	12.9	10.7	NA	NA	NA	NA	NA	NA	NA
ENSDART00000007914	nabp1a	112	50.0	34.0	12.1	17.7	65.6	109.9	17.98	24.02	0.417843130191
ENSDART00000075709	si:dkey-24n17.5	65	56.7	43.8	10.2	29.1	77.8	118.2	7.88	15.08	0.936368893812
ENSDART00000113953	abcb6b	18	30.3	26.7	9.7	14.7	43.0	52.9	NA	NA	NA
ENSDART00000042694	mapre3b	20	54.3	35.5	11.3	22.6	83.1	101.8	NA	NA	NA
ENSDART00000080404	mphosph8	216	55.5	43.6	9.7	17.7	81.3	122.1	156.19	46.18	-1.75796201026
ENSDART00000131295	nup62l	511	51.9	34.7	10.7	18.0	77.5	116.0	118.34	146.83	0.311208966546
ENSDART00000006538	otx1a	97	70.2	62.2	9.8	22.2	110.1	148.0	NA	NA	NA
ENSDART00000080401	CR774184.1	3	64.9	62.4	NA	NA	NA	NA	12.52	41.41	1.72574464044
ENSDART00000115296	C17H2orf43	1	26.4	26.4	NA	NA	NA	NA	NA	NA	NA
ENSDART00000021191	u2af1	2233	68.4	61.7	21.9	37.0	91.3	123.9	270.8	417.24	0.623649733986
ENSDART00000021192	kcnk6	633	64.2	53.0	14.6	26.2	94.2	132.0	NA	NA	NA
ENSDART00000123780	DDX47	152	80.6	69.9	24.8	41.1	115.5	145.7	156.24	33.13	-2.23755374581
ENSDART00000028610	elavl3	7	111.2	40.6	NA	NA	NA	NA	NA	NA	NA
ENSDART00000011149	FAM185A	2	6.7	6.7	NA	NA	NA	NA	NA	NA	NA
ENSDART00000044697	tlr4ba	6	44.5	26.1	NA	NA	NA	NA	NA	NA	NA
ENSDART00000145395	matn3b	8	48.7	53.0	NA	NA	NA	NA	NA	NA	NA
ENSDART00000099278	SEC24A	624	64.0	56.5	16.8	30.7	83.3	126.8	53.77	31.46	-0.77328280086
ENSDART00000011143	myd88	5	67.7	62.0	NA	NA	NA	NA	NA	NA	NA
ENSDART00000063800	gapdh	597	35.6	30.0	11.1	17.6	49.6	67.9	193.35	158.25	-0.289009264767
ENSDART00000108669	zgc:171551	14	72.1	60.8	11.0	15.0	124.2	136.6	NA	NA	NA
ENSDART00000089385	adkb	2	64.5	64.5	NA	NA	NA	NA	NA	NA	NA
ENSDART00000008607	ttyh2l	6	26.7	12.0	NA	NA	NA	NA	NA	NA	NA
ENSDART00000084090	ncapg2	22	49.9	25.5	7.7	12.8	74.7	110.1	NA	NA	NA
ENSDART00000048507	uevld	13	41.2	19.5	13.2	14.5	38.0	69.9	NA	NA	NA
ENSDART00000046274	trappc13	42	28.6	22.8	6.3	12.8	29.8	46.8	13.11	9.76	-0.425714632659
ENSDART00000129363	ivd	11	35.7	26.2	11.6	17.9	37.8	76.6	NA	NA	NA
ENSDART00000032603	tspo	45	39.6	29.4	15.2	17.6	44.6	73.5	NA	NA	NA
ENSDART00000127495	gpd2	2	13.5	13.5	NA	NA	NA	NA	NA	NA	NA
ENSDART00000117148	asb6	22	84.6	78.8	15.9	31.0	126.4	167.9	NA	NA	NA
ENSDART00000056375	pih1d3	6	21.8	12.0	NA	NA	NA	NA	NA	NA	NA
ENSDART00000136026	thtpa	9	39.6	19.3	NA	NA	NA	NA	NA	NA	NA
ENSDART00000031188	nbeal2	4	17.0	19.0	NA	NA	NA	NA	NA	NA	NA
ENSDART00000064789	txn	13	121.4	141.9	17.5	83.8	173.8	193.5	NA	NA	NA
ENSDART00000114885	aldh3a2b	3	226.2	272.4	NA	NA	NA	NA	NA	NA	NA
ENSDART00000074514	spryd7a	18	55.0	38.6	11.1	18.4	84.5	126.9	NA	NA	NA
ENSDART00000136125	rbm15b	189	55.4	50.7	8.4	20.8	83.3	109.0	NA	NA	NA
ENSDART00000136123	kdm6bb	1	175.9	175.9	NA	NA	NA	NA	NA	NA	NA
ENSDART00000123163	ANKLE1	35	46.6	32.1	11.7	14.5	68.3	86.3	35.04	11.67	-1.58619821389
ENSDART00000113847	chpfa	13	56.3	48.0	13.1	14.7	80.5	89.1	NA	NA	NA
ENSDART00000128526	CABZ01081897.1	1	6.8	6.8	NA	NA	NA	NA	NA	NA	NA
ENSDART00000074519	kpna3	151	88.8	88.1	37.1	55.4	117.3	144.8	NA	NA	NA
ENSDART00000016112	capns1b	290	86.1	77.8	34.2	53.9	112.2	152.3	NA	NA	NA
ENSDART00000016117	ube2q2	255	64.3	52.1	14.9	27.7	89.7	129.4	27.38	157.98	2.52854757551
ENSDART00000044526	snx27a	74	32.2	23.6	11.4	17.2	38.3	62.7	9.3	21.16	1.18603700612
ENSDART00000144725	ccdc85b	10	57.1	47.2	31.8	42.8	76.7	93.5	NA	NA	NA
ENSDART00000140543	zfyve26	2	14.6	14.6	NA	NA	NA	NA	NA	NA	NA
ENSDART00000013394	mtch2	102	37.8	24.2	7.0	12.8	53.1	84.2	NA	NA	NA
ENSDART00000105774	ek1	11	44.4	46.0	22.1	35.2	52.4	68.7	NA	NA	NA
ENSDART00000084272	arid1ab	120	52.9	36.4	5.5	15.0	76.9	137.3	18.07	50.13	1.47207772792
ENSDART00000140549	nkx2.2a	1	17.0	17.0	NA	NA	NA	NA	NA	NA	NA
ENSDART00000130245	BX530066.1	1	133.3	133.3	NA	NA	NA	NA	NA	NA	NA
ENSDART00000122782	BX649538.2	71	77.1	51.3	12.7	19.0	129.8	155.9	NA	NA	NA
ENSDART00000122781	dusp8a	4	29.6	23.6	NA	NA	NA	NA	NA	NA	NA
ENSDART00000152400	DBF4B	36	38.6	19.5	5.8	9.9	50.1	77.8	NA	NA	NA
ENSDART00000109358	uba2	311	52.1	34.9	9.2	19.2	73.8	117.8	80.68	236.36	1.55070291496
ENSDART00000125827	CABZ01068272.1	3	40.9	36.7	NA	NA	NA	NA	NA	NA	NA
ENSDART00000040998	MTFP1	10	30.5	29.4	14.5	23.8	41.5	43.6	NA	NA	NA
ENSDART00000034246	cdc7	10	75.7	68.5	5.3	43.6	115.8	131.5	16.31	19.95	0.290631964398
ENSDART00000034935	desi2	191	36.2	25.1	8.6	15.9	44.0	71.7	20.72	30.84	0.573778762228
ENSDART00000060577	tmem33	148	46.2	35.8	8.3	18.5	67.8	96.2	NA	NA	NA
ENSDART00000034248	rab32a	57	29.6	21.1	11.3	14.3	34.2	49.6	NA	NA	NA
ENSDART00000128504	CT030012.1	4	46.6	50.9	NA	NA	NA	NA	NA	NA	NA
ENSDART00000106237	si:dkey-20i20.5	29	27.5	19.5	3.1	9.1	37.0	62.4	NA	NA	NA
ENSDART00000113596	scly	9	25.4	13.4	NA	NA	NA	NA	NA	NA	NA
ENSDART00000099891	atp5ib	167	40.3	30.2	12.2	19.8	50.4	79.8	145.59	176.26	0.275793844291
ENSDART00000082000	CABZ01080098.1	73	106.2	102.6	45.8	77.8	133.4	157.0	NA	NA	NA
ENSDART00000105955	TIMM21	2	45.4	45.4	NA	NA	NA	NA	NA	NA	NA
ENSDART00000146311	si:dkeyp-53d3.5	42	59.7	35.9	8.0	16.8	98.9	150.1	NA	NA	NA
ENSDART00000146314	med14	95	34.3	16.5	5.6	8.7	29.0	64.3	16.53	20.99	0.344615442
ENSDART00000146315	stx5al	31	37.4	21.5	8.3	13.1	41.8	96.0	NA	NA	NA
ENSDART00000065435	cst3	1018	79.4	73.9	26.4	46.0	106.6	139.1	NA	NA	NA
ENSDART00000128508	ZDHHC5	6	71.2	69.4	NA	NA	NA	NA	NA	NA	NA
ENSDART00000075978	ELMSAN1	70	59.8	38.1	11.0	18.0	98.2	138.8	4.0	8.59	1.10265813136
ENSDART00000061958	ppiab	173	91.8	95.0	27.1	56.1	124.3	149.9	42.11	78.25	0.893927876538
ENSDART00000061775	rbbp5	173	90.8	93.5	26.5	51.8	122.8	148.5	28.7	61.06	1.08917685264
ENSDART00000100696	tsen15	5	27.9	25.7	NA	NA	NA	NA	NA	NA	NA
ENSDART00000089358	crb3b	84	49.9	34.4	15.2	20.2	66.1	113.7	NA	NA	NA
ENSDART00000093331	rreb1a	77	45.8	24.2	6.3	14.0	68.2	105.5	5.7	29.9	2.39111166003
ENSDART00000110821	ttc19	13	32.3	18.0	10.8	11.8	56.5	72.7	NA	NA	NA
ENSDART00000015395	tpst2	5	0.7	-5.3	NA	NA	NA	NA	NA	NA	NA
ENSDART00000149855	fer	36	46.4	33.7	7.0	19.2	56.6	113.0	NA	NA	NA
ENSDART00000021575	adgb	1	114.8	114.8	NA	NA	NA	NA	NA	NA	NA
ENSDART00000040190	asl	17	39.2	34.1	9.1	16.6	49.6	71.6	NA	NA	NA
ENSDART00000102430	tmem41aa	32	32.1	20.3	9.5	14.8	32.7	69.1	NA	NA	NA
ENSDART00000045126	lama5	9	93.5	100.8	NA	NA	NA	NA	NA	NA	NA
ENSDART00000110880	ing2	175	41.8	23.5	3.9	8.1	73.0	106.4	25.15	19.66	-0.355295078352
ENSDART00000015643	tbcc	24	39.6	21.0	9.0	13.6	65.2	100.8	NA	NA	NA
ENSDART00000040334	pik3r3b	11	58.6	55.5	7.5	17.2	97.7	99.7	NA	NA	NA
ENSDART00000143160	fbxo15	1	36.8	36.8	NA	NA	NA	NA	NA	NA	NA
ENSDART00000102694	ppp2r5d	25	28.6	20.5	7.0	11.3	38.7	65.8	NA	NA	NA
ENSDART00000015139	dcaf13	249	50.7	38.0	8.9	18.5	73.0	108.8	74.79	149.07	0.995072659059
ENSDART00000018263	slc3a1	2	207.4	207.4	NA	NA	NA	NA	NA	NA	NA
ENSDART00000103346	fip1l1b	29	69.6	67.0	20.2	33.5	106.1	130.7	34.33	47.55	0.469975483791
ENSDART00000103347	C17H14orf1	3	95.2	120.7	NA	NA	NA	NA	NA	NA	NA
ENSDART00000127186	C2H14orf119	57	40.3	30.5	15.4	24.0	48.3	73.0	NA	NA	NA
ENSDART00000103343	grasp	20	51.3	33.0	5.1	15.2	64.5	127.4	NA	NA	NA
ENSDART00000103340	s100v1	2	85.2	85.2	NA	NA	NA	NA	NA	NA	NA
ENSDART00000111992	PPP1R16B	7	15.6	9.9	NA	NA	NA	NA	NA	NA	NA
ENSDART00000111993	CR318653.1	1	31.5	31.5	NA	NA	NA	NA	NA	NA	NA
ENSDART00000111995	si:dkey-238o13.4	27	113.6	123.2	62.1	96.3	133.6	149.3	NA	NA	NA
ENSDART00000111997	zgc:171506	1	227.0	227.0	NA	NA	NA	NA	NA	NA	NA
ENSDART00000075609	pstpip1b	1	27.0	27.0	NA	NA	NA	NA	NA	NA	NA
ENSDART00000079956	CABZ01081749.1	107	73.5	74.0	21.2	47.1	96.5	125.5	NA	NA	NA
ENSDART00000079953	e2f8	417	45.0	23.0	7.7	13.3	63.4	113.7	28.73	116.73	2.02254548816
ENSDART00000130626	rars	99	64.1	49.0	23.2	33.4	83.9	133.9	17.01	38.47	1.17735068863
ENSDART00000073564	tes	13	21.8	17.8	6.3	12.1	26.5	35.4	NA	NA	NA
ENSDART00000004365	tada2b	46	52.3	32.9	9.2	18.2	69.9	125.8	NA	NA	NA
ENSDART00000137293	C24H3orf58	19	80.6	72.1	12.9	28.3	131.1	152.1	NA	NA	NA
ENSDART00000027158	psmd3	102	89.8	79.1	24.4	43.2	121.8	165.1	27.79	36.55	0.395305571639
ENSDART00000073560	gart	78	48.1	38.5	11.7	19.4	61.8	103.1	11.1	10.73	-0.0489096004809
ENSDART00000004361	klf5a	45	54.8	47.3	7.4	13.3	87.3	119.8	NA	NA	NA
ENSDART00000125641	CABZ01061567.1	16	33.9	22.7	11.0	19.5	40.1	61.3	NA	NA	NA
ENSDART00000032982	slc5a8l	1	122.1	122.1	NA	NA	NA	NA	NA	NA	NA
ENSDART00000125645	runx1t1	1	23.1	23.1	NA	NA	NA	NA	NA	NA	NA
ENSDART00000009182	aqp3a	55	48.6	34.6	11.3	15.7	75.6	104.3	NA	NA	NA
ENSDART00000153153	kcnf1a	3	19.1	18.7	NA	NA	NA	NA	NA	NA	NA
ENSDART00000032188	si:dkey-256h2.1	53	30.3	24.1	9.6	14.8	46.4	59.2	12.0	8.1	-0.567040592724
ENSDART00000149395	shha	6	101.8	110.8	NA	NA	NA	NA	NA	NA	NA
ENSDART00000123950	PRIMA1	1	15.6	15.6	NA	NA	NA	NA	NA	NA	NA
ENSDART00000130241	nop10	1058	61.0	52.9	18.6	30.2	82.3	118.1	479.51	582.02	0.279507827013
ENSDART00000130715	commd4	6	55.7	53.8	NA	NA	NA	NA	NA	NA	NA
ENSDART00000130713	zgc:162962	3	33.8	31.9	NA	NA	NA	NA	NA	NA	NA
ENSDART00000114854	zdhhc16b	46	30.2	30.2	10.4	16.6	39.8	52.3	NA	NA	NA
ENSDART00000097149	CABZ01028287.1	9	19.3	19.8	NA	NA	NA	NA	5.5	0.47	-3.54869895673
ENSDART00000112479	acadsb	54	81.8	73.9	14.3	24.1	134.4	148.4	21.98	14.28	-0.62219540692
ENSDART00000025487	icmt	13	34.6	17.9	7.2	13.8	37.8	81.7	NA	NA	NA
ENSDART00000111302	rhbdd3	5	45.3	26.7	NA	NA	NA	NA	NA	NA	NA
ENSDART00000065923	rrp7a	75	83.2	82.3	16.9	39.1	117.6	161.7	65.15	33.54	-0.957882489891
ENSDART00000112079	tlcd2	19	48.8	32.5	1.1	18.7	67.9	113.5	NA	NA	NA
ENSDART00000141835	tspan18b	13	61.4	53.5	23.5	33.5	91.5	103.7	NA	NA	NA
ENSDART00000112076	cadps2	41	39.5	38.7	12.5	19.9	59.6	67.2	3.23	5.73	0.827000974063
ENSDART00000141831	WDR31	1	19.2	19.2	NA	NA	NA	NA	NA	NA	NA
STD10	STD10	23755	8.6	7.6	2.4	5.1	10.2	13.6	NA	NA	NA
STD50	STD50	21906	55.1	54.8	42.1	48.9	60.6	66.6	NA	NA	NA
STD100	STD100	28599	103.3	104.7	79.7	94.2	114.3	123.9	NA	NA	NA
STD150	STD150	18813	154.3	158.0	116.7	142.2	171.8	185.0	NA	NA	NA
STD200	STD200	18040	191.0	196.6	142.5	174.9	214.2	230.4	NA	NA	NA
STD250	STD250	8453	243.0	253.2	176.0	223.1	276.4	296.6	NA	NA	NA
STD300	STD300	6817	273.1	284.2	196.7	248.5	310.9	335.7	NA	NA	NA
STD10_2	STD10_2	13276	10.1	9.0	3.6	6.4	11.8	15.6	NA	NA	NA
STD50_2	STD50_2	8686	63.4	63.8	49.1	57.4	69.9	75.9	NA	NA	NA
STD100_2	STD100_2	5186	103.5	105.1	77.8	94.7	114.8	124.5	NA	NA	NA
STD150_2	STD150_2	6080	158.1	163.1	118.3	145.4	177.4	191.4	NA	NA	NA
STD200_2	STD200_2	3937	217.7	227.1	159.0	201.8	246.1	263.1	NA	NA	NA
STD250_2	STD250_2	887	254.4	269.5	177.0	236.2	292.5	313.3	NA	NA	NA
