Zebrafish 4 hpf, mock injected
Genes included in this table either have 1 or more poly(A) tags, or have RPF RPKM > 0 and RNA RPM > 10.0 for samples with mRNA-Seq and ribosome profiling data
Transcript ID	Gene name	Poly(A) tags	Mean TL	Median TL	10th %ile, TL	25th %ile, TL	75th %ile, TL	90th %ile, TL	mRNA RPKM	RPF RPKM	log2(TE)
ENSDART00000049448	ERO1LB	40	29.5	25.9	5.7	13.8	38.7	54.7	NA	NA	NA
ENSDART00000125259	melk	56	11.9	3.0	-9.3	-7.8	18.4	33.1	9.63	3.58	-1.42757621058
ENSDART00000032368	si:ch211-259i2.2	2	36.3	36.3	NA	NA	NA	NA	NA	NA	NA
ENSDART00000101274	zgc:153981	2	76.6	76.6	NA	NA	NA	NA	NA	NA	NA
ENSDART00000099479	crfb4	9	45.8	40.6	NA	NA	NA	NA	NA	NA	NA
ENSDART00000015655	tecrl2	38	39.9	36.4	10.7	21.4	52.9	81.2	NA	NA	NA
ENSDART00000004585	clptm1l	105	41.1	38.0	15.7	25.0	54.9	69.4	26.62	12.39	-1.10333438377
ENSDART00000125251	dnal1	16	23.1	26.0	10.3	15.1	32.9	35.9	NA	NA	NA
ENSDART00000099476	fam174b	37	27.0	25.4	8.6	14.4	43.5	47.3	NA	NA	NA
ENSDART00000099477	rorab	3	17.2	21.9	NA	NA	NA	NA	NA	NA	NA
ENSDART00000039847	chchd4	209	30.2	24.7	11.8	16.5	38.5	55.4	NA	NA	NA
ENSDART00000099473	msi2a	40	48.8	46.5	14.5	24.0	69.0	89.2	NA	NA	NA
ENSDART00000143782	si:ch211-226h8.13	1	-0.8	-0.8	NA	NA	NA	NA	NA	NA	NA
ENSDART00000109257	RASGRF1	1	53.8	53.8	NA	NA	NA	NA	NA	NA	NA
ENSDART00000083062	ints1	160	91.8	96.0	47.4	67.1	117.6	136.4	12.87	42.43	1.72107262507
ENSDART00000143781	EIF1B	1349	92.8	94.4	33.1	62.0	122.4	147.5	1076.06	3318.12	1.62460753906
ENSDART00000109252	nudt5	108	46.9	37.4	12.5	21.5	67.8	99.2	NA	NA	NA
ENSDART00000143784	doc2d	2	22.0	22.0	NA	NA	NA	NA	NA	NA	NA
ENSDART00000083068	mlec	259	49.2	44.3	8.8	19.7	70.7	102.9	43.31	79.31	0.872802610811
ENSDART00000057290	prpf38a	139	65.0	58.6	28.5	38.0	85.6	116.9	95.69	178.9	0.902713317276
ENSDART00000091662	noc2l	46	61.7	62.8	18.8	38.2	79.8	113.6	15.6	54.97	1.81709845029
ENSDART00000109258	ck2b	146	86.0	89.3	24.8	50.2	117.1	135.1	35.76	276.13	2.94892899566
ENSDART00000109259	smarcc1a	661	103.4	104.8	61.6	83.7	124.1	142.8	43.69	252.39	2.53027973922
ENSDART00000003801	crsp7	294	28.5	25.3	7.9	15.5	38.9	51.8	NA	NA	NA
ENSDART00000008854	wsb1	31	58.7	33.0	1.6	10.3	90.4	183.9	NA	NA	NA
ENSDART00000079600	minpp1a	7	50.5	46.5	NA	NA	NA	NA	NA	NA	NA
ENSDART00000146902	tmem106ba	39	52.0	44.8	14.9	24.4	62.7	99.5	NA	NA	NA
ENSDART00000097494	hint2	27	57.9	56.1	18.3	45.8	77.1	85.2	NA	NA	NA
ENSDART00000114148	casc4	81	71.4	71.1	31.7	44.3	97.7	115.2	29.0	22.28	-0.380303667562
ENSDART00000148816	si:ch1073-391i24.1	21	43.3	45.3	10.4	26.1	64.7	71.3	NA	NA	NA
ENSDART00000127907	wu:fc34e06	1	64.5	64.5	NA	NA	NA	NA	NA	NA	NA
ENSDART00000089609	skiv2l	57	58.2	54.6	24.4	33.4	87.3	94.7	14.66	19.65	0.422644209012
ENSDART00000113304	FRRS1	52	78.1	80.5	26.9	53.1	100.5	124.3	NA	NA	NA
ENSDART00000089603	golga7ba	9	69.4	67.6	NA	NA	NA	NA	NA	NA	NA
ENSDART00000152096	stra6	47	28.8	24.5	9.5	15.0	38.1	47.9	NA	NA	NA
ENSDART00000144375	fgf11a	8	37.3	27.4	NA	NA	NA	NA	NA	NA	NA
ENSDART00000004588	asic1a	2	25.7	25.7	NA	NA	NA	NA	NA	NA	NA
ENSDART00000127624	nkx6.2	7	16.4	16.9	NA	NA	NA	NA	NA	NA	NA
ENSDART00000089605	TBC1D8B	66	37.2	32.1	13.1	23.3	49.9	71.7	NA	NA	NA
ENSDART00000125253	MAPK8IP1	1	27.2	27.2	NA	NA	NA	NA	NA	NA	NA
ENSDART00000131048	si:ch211-113a14.26	8	17.6	-0.1	NA	NA	NA	NA	NA	NA	NA
ENSDART00000101319	zgc:162396	9	38.4	32.0	NA	NA	NA	NA	NA	NA	NA
ENSDART00000128334	lpcat2	1	51.2	51.2	NA	NA	NA	NA	NA	NA	NA
ENSDART00000131046	CU694324.1	5	56.0	25.1	NA	NA	NA	NA	NA	NA	NA
ENSDART00000034109	coq3	81	31.6	25.5	6.4	11.1	47.1	60.8	NA	NA	NA
ENSDART00000131042	ildr1a	172	31.1	25.4	10.0	17.5	39.1	56.7	21.68	15.12	-0.519906617133
ENSDART00000078958	vmhcl	2	121.2	121.2	NA	NA	NA	NA	NA	NA	NA
ENSDART00000099782	mrpl14	113	34.3	30.1	12.4	20.9	42.7	52.6	NA	NA	NA
ENSDART00000006983	KAT5	44	35.4	32.4	12.0	19.3	47.4	58.2	9.64	6.45	-0.579733985919
ENSDART00000003752	cct3	131	59.4	57.7	12.8	32.2	81.8	100.7	64.68	113.14	0.80671749217
ENSDART00000078951	MANEAL	10	31.6	27.8	10.1	14.3	37.7	66.1	NA	NA	NA
ENSDART00000110005	cdhr1a	2	14.3	14.3	NA	NA	NA	NA	NA	NA	NA
ENSDART00000126608	fam60a	4	40.7	39.1	NA	NA	NA	NA	NA	NA	NA
ENSDART00000054015	gpc2	2	22.6	22.6	NA	NA	NA	NA	NA	NA	NA
ENSDART00000126694	sepw2b	4	47.0	46.9	NA	NA	NA	NA	NA	NA	NA
ENSDART00000133576	nmnat1	34	42.6	39.4	10.0	23.3	59.1	78.0	35.99	81.24	1.17459413737
ENSDART00000076807	cnot6l	9	51.6	46.9	NA	NA	NA	NA	NA	NA	NA
ENSDART00000011936	CCDC106	138	29.7	21.2	7.9	12.9	36.4	59.8	NA	NA	NA
ENSDART00000011931	ruvbl1	290	43.3	40.7	12.3	26.2	56.9	73.0	77.72	169.31	1.12330937998
ENSDART00000076800	znhit1	77	23.7	18.6	5.9	9.5	28.4	46.0	NA	NA	NA
ENSDART00000152193	mms19	69	39.9	38.4	6.9	21.0	55.0	76.5	12.84	24.02	0.903590948583
ENSDART00000121795	nfixa	3	12.4	6.1	NA	NA	NA	NA	NA	NA	NA
ENSDART00000062324	h2afvb	2325	124.9	130.1	76.3	107.2	147.1	164.4	306.17	3085.36	3.33303400022
ENSDART00000046045	il6st	5	79.0	83.2	NA	NA	NA	NA	NA	NA	NA
ENSDART00000024832	stat5.1	1	52.6	52.6	NA	NA	NA	NA	NA	NA	NA
ENSDART00000083066	asphd2	12	43.6	27.6	16.2	16.9	53.6	82.5	NA	NA	NA
ENSDART00000050831	chac2	31	34.0	21.7	12.9	16.3	34.9	64.6	NA	NA	NA
ENSDART00000129356	CR478286.1	87	41.3	35.7	14.2	21.0	51.7	78.2	35.25	37.59	0.0927256578695
ENSDART00000052097	hrsp12	28	55.9	55.1	29.8	40.2	70.9	83.7	NA	NA	NA
ENSDART00000128595	pola1	79	34.8	31.7	8.1	13.9	52.1	64.3	20.65	25.74	0.317870271914
ENSDART00000049918	trim35-27	33	47.7	37.4	13.0	22.9	71.9	103.5	NA	NA	NA
ENSDART00000128590	rdh5	1	38.8	38.8	NA	NA	NA	NA	NA	NA	NA
ENSDART00000131625	NISCH	21	36.3	30.3	12.1	17.0	42.3	76.8	NA	NA	NA
ENSDART00000139037	pgls	68	24.5	23.2	6.3	12.1	31.5	48.1	NA	NA	NA
ENSDART00000128841	pip5k1cb	3	33.2	35.9	NA	NA	NA	NA	NA	NA	NA
ENSDART00000128599	CR352229.2	37	63.4	50.5	9.2	17.6	95.8	145.4	NA	NA	NA
ENSDART00000139033	lrp1bb	2	78.5	78.5	NA	NA	NA	NA	NA	NA	NA
ENSDART00000128845	pla2g12a	7	38.1	32.6	NA	NA	NA	NA	NA	NA	NA
ENSDART00000087835	ano6	2	3.9	3.9	NA	NA	NA	NA	NA	NA	NA
ENSDART00000113036	zgc:163143	73	18.1	16.2	1.2	6.0	28.4	39.1	NA	NA	NA
ENSDART00000087297	pi15b	1	101.4	101.4	NA	NA	NA	NA	NA	NA	NA
ENSDART00000145789	fbxo41	4	70.0	51.2	NA	NA	NA	NA	NA	NA	NA
ENSDART00000026017	bhlhe40	1	11.5	11.5	NA	NA	NA	NA	NA	NA	NA
ENSDART00000114022	slitrk5b	1	15.3	15.3	NA	NA	NA	NA	NA	NA	NA
ENSDART00000005985	smo	9	48.4	43.7	NA	NA	NA	NA	NA	NA	NA
ENSDART00000098788	sema6dl	17	141.4	141.3	68.6	120.0	183.5	195.6	NA	NA	NA
ENSDART00000005989	dffb	18	33.4	29.6	18.0	25.8	36.7	49.4	NA	NA	NA
ENSDART00000110224	MON1B	128	33.7	31.4	5.2	13.8	48.2	62.7	NA	NA	NA
ENSDART00000100698	ercc8	41	65.1	61.0	31.3	47.9	84.2	113.6	22.38	12.83	-0.802688865887
ENSDART00000007079	asna1	188	55.4	54.3	20.0	33.5	77.3	94.5	51.6	104.48	1.01778383124
ENSDART00000124124	TGIF2	79	30.3	25.5	-9.5	0.1	55.3	68.1	28.68	593.19	4.37037734788
ENSDART00000124127	CU179643.1	1	80.3	80.3	NA	NA	NA	NA	NA	NA	NA
ENSDART00000050863	zgc:101858	10	32.9	17.4	7.5	10.5	47.7	82.6	NA	NA	NA
ENSDART00000098433	trpm7	226	59.6	56.7	20.3	36.6	77.5	102.3	26.95	7.48	-1.84917509775
ENSDART00000081966	rtn4a	848	38.0	29.5	8.6	15.6	51.0	81.7	78.65	123.7	0.653326829561
ENSDART00000081969	zgc:123349	12	65.8	69.6	10.2	41.3	86.2	119.1	NA	NA	NA
ENSDART00000080062	CR954145.1	10	18.2	16.7	8.5	10.8	25.9	28.2	NA	NA	NA
ENSDART00000149520	mcl1b	285	49.5	38.8	8.3	18.0	70.1	106.1	149.81	214.73	0.519389836021
ENSDART00000149521	eef2k	1	133.1	133.1	NA	NA	NA	NA	NA	NA	NA
ENSDART00000098439	ube2d4	32	32.8	29.7	5.7	22.4	42.2	58.4	NA	NA	NA
ENSDART00000098438	spg7	37	37.0	31.2	6.1	16.8	51.3	73.7	21.89	21.01	-0.0591957925079
ENSDART00000090200	snapin	22	36.0	35.8	12.4	24.8	47.0	54.9	NA	NA	NA
ENSDART00000103845	eno4	2	38.1	38.1	NA	NA	NA	NA	NA	NA	NA
ENSDART00000090757	kat2b	2	76.5	76.5	NA	NA	NA	NA	NA	NA	NA
ENSDART00000090754	C18H16orf70	63	61.3	43.1	15.5	24.0	78.1	127.3	NA	NA	NA
ENSDART00000099021	dock8	18	24.0	19.3	5.7	12.2	28.0	45.4	NA	NA	NA
ENSDART00000063329	cux1b	29	61.2	53.7	14.0	34.0	74.5	114.3	13.46	19.24	0.51543038916
ENSDART00000113966	im:7141269	1	45.5	45.5	NA	NA	NA	NA	NA	NA	NA
ENSDART00000063492	ppm1ab	108	32.3	25.7	9.8	17.7	41.6	56.5	NA	NA	NA
ENSDART00000087740	C11H1orf106	1	12.9	12.9	NA	NA	NA	NA	NA	NA	NA
ENSDART00000067666	tmed7	201	41.1	33.9	11.7	20.6	58.7	80.3	39.99	19.48	-1.03764560373
ENSDART00000105064	TXNDC16	3	33.9	38.4	NA	NA	NA	NA	NA	NA	NA
ENSDART00000015277	gpx1b	20	53.9	50.3	23.0	32.1	67.5	90.3	NA	NA	NA
ENSDART00000113964	POLR2E	10	24.2	23.3	8.6	13.9	34.1	37.4	NA	NA	NA
ENSDART00000105168	si:ch211-133n4.4	7	124.8	125.6	NA	NA	NA	NA	NA	NA	NA
ENSDART00000149938	fes	2	16.5	16.5	NA	NA	NA	NA	NA	NA	NA
ENSDART00000101601	cth1	2214	32.5	26.2	7.3	14.2	45.0	66.6	258.87	397.11	0.617310907706
ENSDART00000026885	phc3	7	45.6	43.3	NA	NA	NA	NA	NA	NA	NA
ENSDART00000138070	mb	4	47.2	45.2	NA	NA	NA	NA	NA	NA	NA
ENSDART00000026085	ptges	3	42.1	34.5	NA	NA	NA	NA	NA	NA	NA
ENSDART00000012357	sav1	164	29.8	25.0	7.0	15.6	40.3	59.6	NA	NA	NA
ENSDART00000137502	CABZ01086354.1	3	25.3	24.7	NA	NA	NA	NA	NA	NA	NA
ENSDART00000012600	galk2	77	49.0	47.5	23.6	35.0	62.6	72.7	25.76	24.9	-0.0489868511592
ENSDART00000007271	mtfr1l	63	46.8	40.1	9.0	20.8	55.2	97.2	13.86	32.91	1.24759876899
ENSDART00000132028	pitpnaa	280	30.1	26.9	7.1	16.0	41.0	57.0	NA	NA	NA
ENSDART00000099979	smad4	174	57.1	61.2	14.4	34.1	77.9	95.6	NA	NA	NA
ENSDART00000009507	gatsl2	210	85.0	84.4	36.7	55.2	113.0	133.0	26.7	178.29	2.73931413976
ENSDART00000007584	snap25a	6	37.7	33.3	NA	NA	NA	NA	NA	NA	NA
ENSDART00000064311	arhgdia	202	56.0	55.5	18.1	32.0	76.7	94.1	NA	NA	NA
ENSDART00000064866	prkab1a	14	18.7	18.7	5.0	14.2	23.5	31.1	NA	NA	NA
ENSDART00000059041	h1m	1587	36.0	31.2	12.0	19.8	47.6	62.2	2506.05	2720.58	0.118499052993
ENSDART00000064312	ms4a17a.7	1	12.2	12.2	NA	NA	NA	NA	NA	NA	NA
ENSDART00000101861	tcea1	189	91.2	97.4	27.1	51.9	128.4	148.9	64.26	597.94	3.21800783923
ENSDART00000078052	mto1	1	71.4	71.4	NA	NA	NA	NA	NA	NA	NA
ENSDART00000133998	ptplb	8	68.7	66.0	NA	NA	NA	NA	NA	NA	NA
ENSDART00000123312	SH2D4A	14	38.6	36.6	10.9	25.1	41.7	51.6	NA	NA	NA
ENSDART00000066471	adam8b	3	43.1	36.0	NA	NA	NA	NA	NA	NA	NA
ENSDART00000123317	CU463855.1	1	225.4	225.4	NA	NA	NA	NA	NA	NA	NA
ENSDART00000123314	ankrd46a	15	71.7	75.0	28.8	34.5	105.0	121.3	NA	NA	NA
ENSDART00000123319	gpm6bb	34	58.1	53.8	22.1	36.9	89.4	96.1	NA	NA	NA
ENSDART00000016271	ilvbl	101	50.6	50.1	14.1	28.7	70.9	85.7	12.07	49.54	2.03716819249
ENSDART00000133997	armc8	49	28.3	25.4	9.4	14.9	38.1	49.6	NA	NA	NA
ENSDART00000151442	mbpa	4	41.7	39.7	NA	NA	NA	NA	NA	NA	NA
ENSDART00000130879	st3gal3a	94	39.2	38.3	12.1	22.0	51.6	72.7	NA	NA	NA
ENSDART00000111175	CUTA	67	31.1	21.4	8.7	13.7	41.3	65.7	NA	NA	NA
ENSDART00000036891	rabac1	137	69.3	63.2	18.0	33.5	102.8	131.0	NA	NA	NA
ENSDART00000055567	gnrhr4	2	41.3	41.3	NA	NA	NA	NA	NA	NA	NA
ENSDART00000055564	rprd1b	90	70.1	70.4	37.3	51.8	85.5	104.2	37.82	132.81	1.81214251087
ENSDART00000085371	rfk	9	42.0	39.3	NA	NA	NA	NA	NA	NA	NA
ENSDART00000130876	ap3m1	11	75.6	71.7	44.7	52.1	85.7	96.9	NA	NA	NA
ENSDART00000039629	celf3a	25	28.6	22.0	6.0	16.3	35.6	58.4	NA	NA	NA
ENSDART00000052240	psmg2	13	46.4	23.7	1.2	15.5	59.3	71.8	NA	NA	NA
ENSDART00000112854	gapvd1	164	38.1	29.9	7.5	15.5	55.1	89.9	NA	NA	NA
ENSDART00000110514	prr12a	223	40.2	29.0	9.7	17.6	50.3	74.5	25.73	4.98	-2.36923380967
ENSDART00000112850	mettl20	7	54.8	31.3	NA	NA	NA	NA	NA	NA	NA
ENSDART00000112853	appl2	7	34.3	25.2	NA	NA	NA	NA	NA	NA	NA
ENSDART00000147787	znf512	1	182.0	182.0	NA	NA	NA	NA	NA	NA	NA
ENSDART00000019252	fbxw11b	467	37.7	32.0	10.3	19.2	48.7	74.1	48.85	44.58	-0.131961945596
ENSDART00000026264	kif13ba	72	62.1	64.6	13.2	44.2	84.9	99.9	11.71	22.48	0.94090095972
ENSDART00000122374	ints10	71	34.4	30.2	11.1	21.1	46.6	56.0	10.7	9.54	-0.165549625283
ENSDART00000125412	fbxo45	232	57.8	57.9	25.4	37.8	75.5	90.1	NA	NA	NA
ENSDART00000125413	xrn1	82	82.0	85.6	22.1	58.4	109.0	135.3	12.05	141.45	3.55318712517
ENSDART00000134978	nckap5l	70	27.2	22.1	3.3	13.9	40.3	51.2	5.03	3.37	-0.577809808624
ENSDART00000134976	si:ch73-382f3.1	210	41.2	38.7	14.2	22.1	54.2	70.9	NA	NA	NA
ENSDART00000134975	zgc:101569	91	47.1	44.0	20.0	28.9	61.9	81.1	NA	NA	NA
ENSDART00000078058	NCAM2	1	72.9	72.9	NA	NA	NA	NA	NA	NA	NA
ENSDART00000134971	zgc:194659	1	28.1	28.1	NA	NA	NA	NA	NA	NA	NA
ENSDART00000126927	taf1	112	28.2	23.5	6.2	11.9	38.2	50.3	18.67	6.39	-1.54683409128
ENSDART00000115088	birc5a	162	21.3	16.6	4.5	10.1	26.7	40.6	33.45	5.89	-2.5056666717
ENSDART00000142569	specc1lb	110	50.7	41.5	6.3	19.1	76.9	109.5	NA	NA	NA
ENSDART00000108609	rnd3a	11	52.6	30.9	6.5	15.0	72.7	94.0	NA	NA	NA
ENSDART00000115081	agpat3	38	52.8	53.6	23.5	29.9	70.5	92.3	NA	NA	NA
ENSDART00000115086	si:dkey-92i15.4	7	25.2	28.8	NA	NA	NA	NA	NA	NA	NA
ENSDART00000115085	lrig1	57	34.8	31.3	7.3	18.7	48.4	64.6	NA	NA	NA
ENSDART00000103640	hey1	43	97.6	100.3	19.6	66.2	139.5	162.8	NA	NA	NA
ENSDART00000103645	tmem181	87	32.6	25.6	8.3	14.7	43.2	67.9	NA	NA	NA
ENSDART00000103644	fbxl18	245	38.8	37.6	17.3	25.7	48.3	62.4	30.36	28.72	-0.0801160415924
ENSDART00000047008	efhd2	342	76.8	72.1	12.8	30.4	121.8	149.8	23.58	346.82	3.87855147314
ENSDART00000111710	EDEM3	21	40.4	37.1	10.5	27.0	52.5	63.7	NA	NA	NA
ENSDART00000108501	rnf213a	4	112.1	119.8	NA	NA	NA	NA	4.26	3.24	-0.394859617341
ENSDART00000108855	si:dkey-188i13.7	101	34.7	30.7	12.2	18.5	46.7	63.0	NA	NA	NA
ENSDART00000081191	sass6	153	32.3	25.6	9.0	13.5	40.2	62.9	35.56	22.85	-0.638061158884
ENSDART00000151037	abi2b	272	68.0	65.9	17.8	38.4	94.7	117.7	13.93	52.05	1.90170290559
ENSDART00000061098	BX663520.1	1	13.5	13.5	NA	NA	NA	NA	NA	NA	NA
ENSDART00000030934	kcnk5a	16	35.4	35.1	19.0	28.5	43.2	49.2	NA	NA	NA
ENSDART00000111509	CLIP1	1	4.2	4.2	NA	NA	NA	NA	NA	NA	NA
ENSDART00000055194	actb2	1927	72.9	70.1	26.3	45.0	96.8	121.0	322.95	1452.92	2.16957254282
ENSDART00000089596	tmem168b	82	53.4	48.0	19.5	30.9	76.1	90.0	31.03	16.23	-0.935000696981
ENSDART00000032344	nup35	797	42.2	38.4	14.7	23.5	56.5	77.0	57.23	279.62	2.28862404209
ENSDART00000081747	CU019624.1	81	31.8	23.4	5.2	10.6	43.1	53.7	NA	NA	NA
ENSDART00000140200	topbp1	72	30.7	25.8	6.1	11.0	36.4	52.5	23.93	23.69	-0.0145421982983
ENSDART00000077608	im:7149628	4	41.8	45.6	NA	NA	NA	NA	NA	NA	NA
ENSDART00000081035	slc25a26	58	54.1	57.0	22.3	33.4	70.1	80.2	NA	NA	NA
ENSDART00000081741	rab25a	1	-1.1	-1.1	NA	NA	NA	NA	NA	NA	NA
ENSDART00000079429	C4H12orf39	1	115.1	115.1	NA	NA	NA	NA	NA	NA	NA
ENSDART00000147529	batf3	14	29.3	29.7	9.4	23.9	39.2	44.0	NA	NA	NA
ENSDART00000122194	pid1	9	42.0	36.2	NA	NA	NA	NA	NA	NA	NA
ENSDART00000037850	dync1li2	199	37.6	31.7	10.3	16.6	49.7	73.7	NA	NA	NA
ENSDART00000055252	C3H19orf52	63	37.3	32.1	14.9	21.4	46.1	65.7	41.63	8.69	-2.26019547633
ENSDART00000018981	srp72	152	45.9	45.3	17.1	25.6	63.4	74.3	56.54	75.65	0.420068199273
ENSDART00000035724	FP928982.1	110	32.4	31.8	10.1	21.0	44.5	54.8	NA	NA	NA
ENSDART00000078387	pecr	3	30.8	28.4	NA	NA	NA	NA	NA	NA	NA
ENSDART00000104346	mkrn4	1228	64.7	61.8	15.4	31.9	94.6	117.8	265.08	2601.93	3.29508241996
ENSDART00000103425	st7l	29	39.1	38.6	15.1	25.2	53.2	62.5	NA	NA	NA
ENSDART00000133370	macrod2	6	99.2	101.2	NA	NA	NA	NA	NA	NA	NA
ENSDART00000133371	pou2f2a	23	41.5	42.6	6.7	22.2	61.6	73.7	NA	NA	NA
ENSDART00000033914	mbd1	147	37.8	31.1	7.5	16.5	50.1	75.5	50.31	55.98	0.154066297287
ENSDART00000106569	si:ch211-266d19.4	15	52.0	40.5	27.1	34.1	74.0	91.0	11.62	12.75	0.133887178342
ENSDART00000141471	hars	135	63.5	63.0	30.2	44.1	83.5	99.0	80.59	57.42	-0.489047502681
ENSDART00000133379	hist2h3c	20	59.2	38.4	3.2	25.3	83.2	141.9	NA	NA	NA
ENSDART00000088185	CU634009.1	1	5.7	5.7	NA	NA	NA	NA	NA	NA	NA
ENSDART00000114850	blzf1	654	84.0	83.1	34.1	58.9	107.4	129.3	NA	NA	NA
ENSDART00000035725	pane1	194	38.1	37.2	13.4	23.3	51.2	64.1	NA	NA	NA
ENSDART00000029894	wdr26b	215	68.3	67.4	20.2	40.0	99.2	115.8	NA	NA	NA
ENSDART00000033746	gins2	324	18.2	15.5	4.3	8.8	22.6	33.8	NA	NA	NA
ENSDART00000004779	MAD2L1BP	141	60.8	53.0	16.1	32.5	84.0	108.6	26.48	167.1	2.65773670614
ENSDART00000061232	ndst3	2	29.6	29.6	NA	NA	NA	NA	NA	NA	NA
ENSDART00000014727	ddx39aa	1817	70.2	68.2	27.3	43.9	94.0	115.3	160.97	885.03	2.45893452116
ENSDART00000004771	poc1b	73	49.1	45.1	17.6	28.8	60.6	88.1	NA	NA	NA
ENSDART00000021396	ldlrap1a	158	19.3	15.4	3.0	7.5	25.6	41.8	NA	NA	NA
ENSDART00000014729	arpc1a	134	65.8	64.0	13.6	33.2	95.2	117.8	136.16	100.86	-0.432948811729
ENSDART00000111463	ky	1	69.3	69.3	NA	NA	NA	NA	NA	NA	NA
ENSDART00000093052	HIPK1	272	65.3	66.6	20.6	42.9	89.0	111.7	16.05	68.65	2.09668642302
ENSDART00000045614	slc25a36b	104	34.8	24.1	5.2	11.4	42.0	77.1	NA	NA	NA
ENSDART00000127111	CABZ01073388.1	1	33.1	33.1	NA	NA	NA	NA	NA	NA	NA
ENSDART00000102827	lepre1	2	74.5	74.5	NA	NA	NA	NA	NA	NA	NA
ENSDART00000074729	UACA	94	80.5	87.6	15.8	45.2	118.3	132.7	27.66	91.64	1.72817630215
ENSDART00000131838	si:dkey-174n20.1	25	28.7	25.7	10.0	13.5	33.9	46.3	NA	NA	NA
ENSDART00000056712	etfdh	3	122.1	138.6	NA	NA	NA	NA	NA	NA	NA
ENSDART00000131834	gng7	17	59.6	59.0	31.1	42.1	75.9	92.4	NA	NA	NA
ENSDART00000131837	chd8	128	71.9	67.2	23.6	40.8	96.7	137.6	26.65	148.8	2.48116708835
ENSDART00000131836	cryz	1	71.0	71.0	NA	NA	NA	NA	NA	NA	NA
ENSDART00000010452	zgc:91860	18	30.6	24.8	3.6	14.1	39.0	71.5	NA	NA	NA
ENSDART00000103052	zgc:158320	21	22.3	18.4	4.6	6.4	42.6	46.6	NA	NA	NA
ENSDART00000126501	CNST	8	50.7	57.9	NA	NA	NA	NA	NA	NA	NA
ENSDART00000074231	CLDND1	69	43.8	38.9	6.5	19.8	62.8	85.9	NA	NA	NA
ENSDART00000126505	C3H16orf52	132	47.1	45.0	12.7	24.4	66.7	85.5	NA	NA	NA
ENSDART00000074235	tmed8	5	44.2	38.6	NA	NA	NA	NA	NA	NA	NA
ENSDART00000138696	g6pd	19	67.3	60.8	10.9	34.2	94.0	118.4	NA	NA	NA
ENSDART00000008115	hsd3b2	74	41.9	33.7	13.2	23.3	55.8	77.0	29.1	50.15	0.785230547704
ENSDART00000067583	sidt2	85	44.6	42.0	13.7	26.7	63.7	73.5	8.34	3.98	-1.0672789529
ENSDART00000054574	polr1e	154	19.4	16.2	3.5	10.1	23.9	35.0	48.92	5.43	-3.17140030072
ENSDART00000054575	tmem192	98	76.6	80.3	15.8	42.5	112.2	125.9	NA	NA	NA
ENSDART00000106442	zgc:174563	61	47.7	36.0	19.5	28.5	61.0	78.4	NA	NA	NA
ENSDART00000146123	elavl1	392	73.5	71.1	15.8	32.5	108.0	134.3	34.51	802.95	4.54022377449
ENSDART00000146122	EVA1A	159	45.6	37.2	10.4	19.0	66.0	97.5	73.87	130.71	0.823309036323
ENSDART00000146125	ttc3	41	58.2	55.1	20.2	28.8	80.1	92.7	24.9	10.61	-1.23072108604
ENSDART00000146124	CCDC117	183	55.1	51.6	13.8	30.0	74.7	100.1	NA	NA	NA
ENSDART00000133743	camkk1	11	43.7	41.1	15.8	30.5	57.0	64.8	NA	NA	NA
ENSDART00000133742	cdkn2c	1	10.9	10.9	NA	NA	NA	NA	NA	NA	NA
ENSDART00000079104	ndufs6	41	48.6	25.2	12.5	16.3	51.0	145.2	NA	NA	NA
ENSDART00000059533	wipi1	6	52.3	41.4	NA	NA	NA	NA	NA	NA	NA
ENSDART00000092682	agfg1b	2	19.0	19.0	NA	NA	NA	NA	NA	NA	NA
ENSDART00000131087	galt	32	76.7	80.4	42.3	52.7	96.7	104.4	NA	NA	NA
ENSDART00000132112	tmem176l.1	132	51.6	48.9	17.3	26.6	74.0	91.2	NA	NA	NA
ENSDART00000067586	chchd6b	186	34.4	27.7	9.3	17.5	48.8	65.7	95.22	25.88	-1.87942701156
ENSDART00000079139	ctcf	237	81.3	82.5	9.3	42.5	117.6	146.8	62.19	760.67	3.61251618556
ENSDART00000080289	prrc2c	69	64.7	62.2	17.3	38.0	85.7	110.1	16.88	30.53	0.8549126855
ENSDART00000004108	xpo4	180	51.0	45.3	14.4	25.6	72.5	94.5	21.36	91.55	2.099648239
ENSDART00000083296	ZNF423	37	39.1	31.0	13.6	22.7	60.3	67.6	NA	NA	NA
ENSDART00000083294	nol6	137	41.5	38.8	10.4	19.7	55.1	78.1	23.2	64.65	1.47852556468
ENSDART00000102778	dlx6a	27	24.1	21.6	11.7	14.7	30.8	43.0	NA	NA	NA
ENSDART00000102779	errfi1	18	23.1	18.1	7.8	12.9	31.4	46.5	NA	NA	NA
ENSDART00000143577	slc6a13l	1	19.8	19.8	NA	NA	NA	NA	NA	NA	NA
ENSDART00000058910	sox19b	400	38.0	35.5	7.3	17.9	51.7	76.1	NA	NA	NA
ENSDART00000058913	eif4a1a	1308	62.5	56.2	13.7	28.8	89.3	119.5	217.92	1503.01	2.78598409442
ENSDART00000111466	gprc5c	2	62.7	62.7	NA	NA	NA	NA	NA	NA	NA
ENSDART00000041504	tescb	8	24.3	16.8	NA	NA	NA	NA	NA	NA	NA
ENSDART00000114844	CABZ01080599.1	6	24.3	23.1	NA	NA	NA	NA	NA	NA	NA
ENSDART00000149042	si:dkey-87o1.2	151	43.3	40.2	16.0	25.4	55.9	70.7	47.92	13.63	-1.81384234598
ENSDART00000114841	add2	8	52.8	55.4	NA	NA	NA	NA	NA	NA	NA
ENSDART00000123961	klhdc8b	4	18.4	20.2	NA	NA	NA	NA	NA	NA	NA
ENSDART00000123962	si:ch211-12h2.6	1	79.4	79.4	NA	NA	NA	NA	NA	NA	NA
ENSDART00000048273	pan3	149	28.1	20.0	3.7	10.5	33.2	63.8	17.82	21.37	0.262089571138
ENSDART00000048183	AL928724.1	1	4.1	4.1	NA	NA	NA	NA	NA	NA	NA
ENSDART00000126991	BX088691.1	2	48.4	48.4	NA	NA	NA	NA	NA	NA	NA
ENSDART00000105902	hmmr	181	25.0	22.1	6.4	11.6	35.0	47.3	63.26	12.48	-2.34167562166
ENSDART00000105903	LSM5	288	64.2	62.4	17.8	36.3	86.4	110.0	93.05	305.35	1.71438578978
ENSDART00000114906	CR387996.2	2	24.2	24.2	NA	NA	NA	NA	NA	NA	NA
ENSDART00000114907	crfb13	7	66.3	58.6	NA	NA	NA	NA	NA	NA	NA
ENSDART00000038836	C24H11orf54	40	66.1	68.3	25.5	51.5	83.7	102.0	NA	NA	NA
ENSDART00000142958	c2cd2l	27	38.8	29.0	10.4	21.0	51.9	62.9	NA	NA	NA
ENSDART00000142959	RUNDC1	84	22.0	18.9	4.1	10.3	27.7	45.0	NA	NA	NA
ENSDART00000035513	shq1	85	30.5	22.1	3.4	9.4	41.3	82.5	21.69	28.99	0.418525280389
ENSDART00000110033	BX255969.1	1	91.8	91.8	NA	NA	NA	NA	NA	NA	NA
ENSDART00000142953	si:ch211-197l9.2	2	43.7	43.7	NA	NA	NA	NA	NA	NA	NA
ENSDART00000077452	selt1b	121	107.4	112.4	73.4	89.7	126.2	144.4	NA	NA	NA
ENSDART00000132564	nf2a	237	81.6	80.1	44.4	65.1	101.9	120.0	29.69	75.24	1.34152275554
ENSDART00000137088	abhd17b	150	21.4	17.4	5.1	10.0	26.9	43.2	NA	NA	NA
ENSDART00000077459	smyd2a	87	27.0	22.4	6.1	13.7	36.7	51.4	NA	NA	NA
ENSDART00000022999	ube2i	409	42.1	36.3	14.3	23.5	56.0	77.7	67.87	128.42	0.920023985577
ENSDART00000058662	dbt	75	60.4	55.8	17.0	31.9	82.3	105.6	9.26	65.19	2.81556657664
ENSDART00000152369	si:dkeyp-118b1.2	66	44.0	37.1	7.2	21.9	61.9	90.5	NA	NA	NA
ENSDART00000130053	CT574587.1	4	21.3	13.1	NA	NA	NA	NA	NA	NA	NA
ENSDART00000087191	mark4a	34	55.7	52.6	18.9	23.2	82.6	100.4	NA	NA	NA
ENSDART00000144590	CEP192	150	55.0	53.9	24.9	35.5	71.7	86.6	10.51	9.46	-0.151850580623
ENSDART00000130504	mkrn2	1	65.1	65.1	NA	NA	NA	NA	45.55	67.03	0.557355879817
ENSDART00000005643	abcd3b	16	38.4	36.7	9.3	20.7	58.3	68.0	NA	NA	NA
ENSDART00000005641	lhx1a	35	45.2	46.2	11.3	18.1	59.6	80.7	NA	NA	NA
ENSDART00000052746	ube2i2	148	31.9	22.5	5.2	13.2	44.7	64.9	33.76	93.0	1.46191581218
ENSDART00000092691	PEA15	2	153.5	153.5	NA	NA	NA	NA	NA	NA	NA
ENSDART00000123051	rccd1	26	45.6	45.7	16.8	35.8	61.9	67.7	NA	NA	NA
ENSDART00000152370	foxh1	327	51.7	43.4	13.6	22.7	75.5	105.8	20.4	212.88	3.38339935816
ENSDART00000112682	si:ch211-166e11.5	14	34.8	30.7	12.4	20.3	34.4	71.6	NA	NA	NA
ENSDART00000112685	wu:fe38f03	9	62.3	71.6	NA	NA	NA	NA	NA	NA	NA
ENSDART00000049588	zgc:136220	4	36.3	37.8	NA	NA	NA	NA	NA	NA	NA
ENSDART00000112689	crnkl1	91	75.3	69.0	35.6	49.3	90.9	111.5	28.08	33.8	0.267480310865
ENSDART00000142835	hecw1	3	40.7	51.3	NA	NA	NA	NA	NA	NA	NA
ENSDART00000147962	AL954741.1	1	149.5	149.5	NA	NA	NA	NA	NA	NA	NA
ENSDART00000004424	znf292a	29	36.2	35.9	5.3	11.8	54.7	72.3	7.08	11.13	0.652632327259
ENSDART00000153364	C12H10orf118	0	NA	NA	NA	NA	NA	NA	15.36	5.25	-1.54878888817
ENSDART00000012522	vcanb	4	58.9	55.4	NA	NA	NA	NA	NA	NA	NA
ENSDART00000139620	lats2	1	8.5	8.5	NA	NA	NA	NA	NA	NA	NA
ENSDART00000045253	aco1	24	40.2	29.6	14.1	20.1	45.9	71.6	NA	NA	NA
ENSDART00000111348	rtcb	9	61.9	49.7	NA	NA	NA	NA	NA	NA	NA
ENSDART00000010986	ckba	17	62.0	61.9	17.5	46.1	93.0	97.0	NA	NA	NA
ENSDART00000002428	acvr2aa	128	37.1	31.4	8.4	20.1	52.9	72.6	NA	NA	NA
ENSDART00000123506	CENPF	256	42.1	35.2	5.1	15.1	60.6	92.3	19.01	31.37	0.722626997195
ENSDART00000111343	lmf2a	122	25.2	22.1	5.4	12.7	31.2	48.5	NA	NA	NA
ENSDART00000151632	zgc:171965	5	43.7	41.7	NA	NA	NA	NA	NA	NA	NA
ENSDART00000111345	rerea	133	36.8	28.5	7.4	17.0	49.7	84.6	24.57	28.8	0.229170953968
ENSDART00000151634	TNRC6C	15	38.1	31.9	15.9	26.1	43.5	58.8	NA	NA	NA
ENSDART00000087991	fndc3bb	24	45.1	40.0	16.7	26.7	63.0	80.9	12.05	15.69	0.380812205851
ENSDART00000129850	prc1a	241	61.1	54.5	18.2	30.6	85.9	110.3	70.73	233.0	1.71993578846
ENSDART00000126842	flj11011l	66	28.8	26.0	12.1	18.5	35.1	48.1	NA	NA	NA
ENSDART00000132908	agbl4	2	93.2	93.2	NA	NA	NA	NA	NA	NA	NA
ENSDART00000138533	cmc2	78	29.7	28.5	10.5	16.6	40.9	52.4	NA	NA	NA
ENSDART00000138530	THEM6	34	33.2	29.7	10.2	15.4	45.4	55.2	NA	NA	NA
ENSDART00000052529	rpl14	925	41.7	36.0	17.4	25.6	49.5	67.7	594.64	24.98	-4.57317113107
ENSDART00000059440	CU571169.1	16	43.9	43.9	23.5	28.2	55.8	64.6	NA	NA	NA
ENSDART00000149206	mbpb	24	102.5	108.4	27.3	65.3	149.7	172.6	NA	NA	NA
ENSDART00000086823	srpr	249	89.7	95.8	35.3	59.9	119.0	137.6	36.77	39.18	0.0915882210643
ENSDART00000089834	afg3l2	31	30.9	26.1	7.3	17.9	37.6	55.1	NA	NA	NA
ENSDART00000062845	mmp9	9	60.1	24.9	NA	NA	NA	NA	NA	NA	NA
ENSDART00000122052	chaf1b	152	51.4	50.0	12.6	31.0	67.3	91.3	34.71	208.02	2.5832989721
ENSDART00000128457	EPHB1	1	42.6	42.6	NA	NA	NA	NA	NA	NA	NA
ENSDART00000128103	itm2cb	342	20.2	17.4	3.7	9.9	26.9	39.6	NA	NA	NA
ENSDART00000128102	wu:fb39e10	224	25.7	22.7	6.0	12.1	38.3	48.6	64.13	20.16	-1.66950376834
ENSDART00000128453	zgc:110655	805	41.5	38.0	12.8	22.0	57.5	75.2	259.89	260.04	0.000832436143855
ENSDART00000104505	tsen2	211	34.0	32.4	13.7	20.3	43.9	58.4	105.42	6.48	-4.02401097384
ENSDART00000139486	SLC6A7	2	75.6	75.6	NA	NA	NA	NA	NA	NA	NA
ENSDART00000045245	ing4	46	56.8	51.3	13.9	31.9	68.2	115.6	NA	NA	NA
ENSDART00000021461	glg1b	27	47.8	34.9	7.6	15.1	67.4	114.1	NA	NA	NA
ENSDART00000021462	rnf128a	456	36.6	31.4	12.0	18.8	49.9	67.5	NA	NA	NA
ENSDART00000128108	CABZ01117575.1	1	139.4	139.4	NA	NA	NA	NA	NA	NA	NA
ENSDART00000039043	rgs7bpb	5	38.0	36.7	NA	NA	NA	NA	NA	NA	NA
ENSDART00000006514	gtf2f2b	17	37.3	36.4	4.8	19.0	56.1	66.8	NA	NA	NA
ENSDART00000006513	pdhb	74	62.3	50.7	21.4	34.7	70.8	150.2	14.76	20.94	0.50456872087
ENSDART00000006512	sh3gl3b	116	28.4	23.9	8.0	14.8	40.7	52.3	NA	NA	NA
ENSDART00000091348	MRAS	2	47.2	47.2	NA	NA	NA	NA	NA	NA	NA
ENSDART00000091349	eea1	58	42.8	31.4	4.4	16.9	61.0	98.0	13.21	22.81	0.788035980065
ENSDART00000056629	haus5	1	13.8	13.8	NA	NA	NA	NA	60.45	21.71	-1.47738261352
ENSDART00000114279	her6	154	48.8	26.5	9.4	16.3	62.3	127.2	NA	NA	NA
ENSDART00000114272	nop2	10	43.6	29.5	11.6	17.9	39.1	72.8	5.62	4.12	-0.447925793038
ENSDART00000122059	scoca	32	45.2	43.0	12.7	27.9	63.9	72.6	NA	NA	NA
ENSDART00000130950	nup98	225	79.9	84.6	26.6	47.8	108.9	126.6	17.95	178.34	3.31257457315
ENSDART00000017402	IP6K2	27	70.9	48.2	13.9	23.5	104.2	144.8	NA	NA	NA
ENSDART00000062153	RPL37A	1189	39.8	35.7	14.9	22.2	49.7	64.6	656.72	12.11	-5.76100762215
ENSDART00000041394	emc9	120	19.5	15.7	1.8	8.0	28.0	39.7	NA	NA	NA
ENSDART00000012167	ndufs5	41	28.2	25.2	8.0	16.7	37.7	53.2	NA	NA	NA
ENSDART00000046784	fkbp1ab	28	36.4	34.2	17.1	24.1	47.5	58.0	NA	NA	NA
ENSDART00000126845	ldb1a	33	72.3	56.3	15.8	33.9	83.5	127.3	NA	NA	NA
ENSDART00000046781	rnf185	413	53.0	54.0	23.5	38.6	66.3	78.3	74.98	298.86	1.99489208611
ENSDART00000053432	cdc42	12	81.8	68.4	18.7	44.5	132.7	148.4	NA	NA	NA
ENSDART00000056151	acy1	1	26.3	26.3	NA	NA	NA	NA	NA	NA	NA
ENSDART00000082385	golt1bb	259	39.0	35.2	12.6	21.3	52.3	67.4	95.34	195.59	1.03667908047
ENSDART00000136593	cbx1b	11	33.8	24.7	9.7	14.9	54.6	66.9	NA	NA	NA
ENSDART00000080174	n4bp1	108	47.9	41.9	9.3	20.4	74.1	88.3	12.65	48.31	1.93318446785
ENSDART00000080173	srsf2a	979	82.9	80.6	25.9	48.9	111.3	140.9	117.06	1067.47	3.18887543626
ENSDART00000099258	cyp46a4	1	34.0	34.0	NA	NA	NA	NA	NA	NA	NA
ENSDART00000105681	cdc14ab	86	44.3	36.0	-0.9	15.3	69.5	94.0	11.8	129.21	3.45285896471
ENSDART00000042410	C1QL1	3	49.6	46.8	NA	NA	NA	NA	NA	NA	NA
ENSDART00000123769	CABZ01084579.1	76	46.2	46.7	16.3	30.7	61.7	77.5	69.6	133.38	0.938383143012
ENSDART00000042944	asxl1	139	41.7	31.1	11.9	18.4	58.0	77.9	28.28	32.08	0.181892021646
ENSDART00000123762	XRG5	4	41.2	43.0	NA	NA	NA	NA	NA	NA	NA
ENSDART00000054803	trpt1	3	32.7	32.4	NA	NA	NA	NA	NA	NA	NA
ENSDART00000125709	si:dkey-17e16.17	1	43.4	43.4	NA	NA	NA	NA	NA	NA	NA
ENSDART00000123767	shcbp1	330	57.3	49.2	14.0	27.9	83.8	109.6	42.02	182.21	2.11645407179
ENSDART00000008287	pgam1a	322	27.8	23.5	8.5	14.5	37.1	50.9	64.01	22.41	-1.51415465976
ENSDART00000067857	B4GALNT4	1	42.8	42.8	NA	NA	NA	NA	NA	NA	NA
ENSDART00000135587	cd9a	16	63.5	60.1	3.4	33.5	94.1	113.6	NA	NA	NA
ENSDART00000125707	LARS2	18	67.5	58.8	20.4	40.4	90.8	111.7	NA	NA	NA
ENSDART00000111355	znf598	205	51.6	50.8	19.3	34.1	66.5	80.1	28.53	68.25	1.25834929911
ENSDART00000023917	large	8	27.8	23.7	NA	NA	NA	NA	NA	NA	NA
ENSDART00000088917	rnmt	66	76.0	75.1	25.1	46.8	103.2	131.9	18.39	188.1	3.354506464
ENSDART00000043091	CR847934.1	64	28.6	23.0	6.5	14.2	35.3	57.5	NA	NA	NA
ENSDART00000140782	proza	11	64.7	66.5	26.8	32.9	71.4	124.2	NA	NA	NA
ENSDART00000140781	tp53i11b	201	39.5	34.9	6.9	16.1	58.8	78.3	NA	NA	NA
ENSDART00000012292	zgc:112146	12	33.5	38.0	2.8	22.1	42.7	45.2	NA	NA	NA
ENSDART00000043857	irx5a	1	108.2	108.2	NA	NA	NA	NA	NA	NA	NA
ENSDART00000105686	grnb	75	55.6	55.9	21.3	35.4	73.6	99.6	23.29	81.05	1.79910154619
ENSDART00000017668	ptbp1a	23	124.8	141.4	77.9	110.3	148.5	165.7	NA	NA	NA
ENSDART00000127479	gsr	36	68.4	64.8	37.3	47.9	83.0	104.8	11.07	32.65	1.56042776965
ENSDART00000125700	mrpl20	1	31.1	31.1	NA	NA	NA	NA	NA	NA	NA
ENSDART00000122456	BX957311.1	3	49.3	48.9	NA	NA	NA	NA	NA	NA	NA
ENSDART00000136045	mgst2	17	43.5	35.4	16.3	20.6	68.4	84.5	NA	NA	NA
ENSDART00000136046	ppp1r3da	80	25.7	24.5	8.5	15.5	32.8	43.9	NA	NA	NA
ENSDART00000127477	ADAD1	38	25.1	24.5	6.7	12.9	34.0	51.8	NA	NA	NA
ENSDART00000128591	accs	170	26.7	21.2	6.0	11.1	38.3	50.9	NA	NA	NA
ENSDART00000082324	zpcx	106	49.7	49.2	18.6	31.3	66.2	79.0	26.47	2.49	-3.41014054743
ENSDART00000029874	nkx6.1	3	63.9	46.9	NA	NA	NA	NA	NA	NA	NA
ENSDART00000022204	zic5	26	23.4	25.1	5.1	16.0	30.6	36.7	NA	NA	NA
ENSDART00000124388	mrpl19	173	33.1	27.5	8.2	16.7	42.8	62.0	NA	NA	NA
ENSDART00000136103	ubap2	113	42.9	32.6	9.3	23.2	62.4	77.8	23.39	48.26	1.04493605386
ENSDART00000074534	FAM210B	317	26.8	23.0	5.6	12.2	38.8	51.4	45.74	4.95	-3.20795593544
ENSDART00000123103	pls1	19	56.6	44.4	19.4	24.1	83.0	106.1	NA	NA	NA
ENSDART00000016135	nfe2l3	345	43.3	27.7	7.9	15.4	51.8	87.6	12.54	12.02	-0.0611004520909
ENSDART00000113824	hdgfrp2	177	49.8	45.7	8.4	25.4	70.3	91.9	100.98	160.79	0.671108101384
ENSDART00000027616	eif4g2a	217	80.5	80.9	25.9	55.2	109.2	132.5	96.03	187.12	0.962406684086
ENSDART00000020931	qtrtd1	133	59.3	59.0	12.5	28.6	77.7	109.4	NA	NA	NA
ENSDART00000099315	cebpz	154	55.1	54.5	20.3	33.8	74.1	93.1	94.12	118.57	0.333165806754
ENSDART00000025330	rdh14b	183	54.0	51.7	21.1	33.8	70.3	84.9	NA	NA	NA
ENSDART00000016139	lancl1	6	94.0	98.5	NA	NA	NA	NA	NA	NA	NA
ENSDART00000113829	CDCA7L	840	57.0	55.4	21.6	35.6	75.5	94.1	106.43	394.0	1.88829076126
ENSDART00000085743	NDST2	54	50.0	47.4	13.8	24.0	67.4	90.4	NA	NA	NA
ENSDART00000112997	ANKRD13D	22	36.1	29.8	11.1	17.8	56.4	64.7	NA	NA	NA
ENSDART00000076481	EHD4	38	35.6	25.2	8.6	13.9	41.6	69.8	NA	NA	NA
ENSDART00000030030	SLC44A4	12	34.2	27.0	7.5	11.5	51.3	58.7	NA	NA	NA
ENSDART00000112992	ino80da	17	45.5	29.1	11.3	16.8	40.2	100.0	NA	NA	NA
ENSDART00000128846	SMIM20	43	30.5	26.0	8.2	15.2	38.4	64.0	NA	NA	NA
ENSDART00000147065	sh3glb2b	359	53.5	50.7	20.3	31.5	69.6	89.6	NA	NA	NA
ENSDART00000036939	gadd45ba	52	79.8	74.7	12.8	40.0	113.6	145.8	NA	NA	NA
ENSDART00000112999	C20H1orf131	4	38.3	34.0	NA	NA	NA	NA	NA	NA	NA
ENSDART00000100504	zgc:163030	94	33.3	26.5	7.5	15.2	42.3	64.3	NA	NA	NA
ENSDART00000147060	hmgcs1	314	42.2	38.0	14.4	21.7	57.2	78.5	NA	NA	NA
ENSDART00000110595	C2H10orf67	1	34.5	34.5	NA	NA	NA	NA	NA	NA	NA
ENSDART00000007642	zgc:110239	418	43.9	41.1	10.6	18.5	62.5	82.1	128.96	85.59	-0.591409496225
ENSDART00000137720	EPS8L3	2	51.0	51.0	NA	NA	NA	NA	NA	NA	NA
ENSDART00000007649	mid1ip1b	19	60.1	54.8	23.2	38.9	88.6	95.9	NA	NA	NA
ENSDART00000007797	slc30a4	105	56.9	54.6	16.4	23.6	76.8	112.8	NA	NA	NA
ENSDART00000102902	cpsf3l	9	36.3	26.7	NA	NA	NA	NA	NA	NA	NA
ENSDART00000102900	sp5	3	68.9	63.2	NA	NA	NA	NA	NA	NA	NA
ENSDART00000010293	serpina10a	18	33.0	26.5	8.1	12.9	44.1	70.3	NA	NA	NA
ENSDART00000091115	whsc1l1	211	29.7	22.2	5.9	14.2	40.2	66.9	15.18	9.76	-0.637218737853
ENSDART00000060550	ndufb9	10	62.3	42.4	23.9	27.0	91.0	124.9	30.69	14.82	-1.05022319816
ENSDART00000149838	map2k2b	5	84.1	76.4	NA	NA	NA	NA	NA	NA	NA
ENSDART00000124384	FP236810.2	13	20.9	17.1	7.6	12.4	25.8	31.9	NA	NA	NA
ENSDART00000111709	CABZ01079251.1	1	17.7	17.7	NA	NA	NA	NA	NA	NA	NA
ENSDART00000087298	gmpr2	16	102.0	97.9	56.5	89.7	118.1	121.7	NA	NA	NA
ENSDART00000085039	mst4	331	95.5	96.9	41.5	73.0	124.7	140.3	12.34	238.63	4.27336112705
ENSDART00000011876	sycp1	58	45.2	43.5	19.8	27.4	59.7	74.4	15.56	6.16	-1.33683980429
ENSDART00000111708	B3GNT1	5	61.9	64.6	NA	NA	NA	NA	NA	NA	NA
ENSDART00000033211	zgc:66448	208	40.5	39.1	11.4	24.3	51.9	70.0	25.62	39.92	0.639841244996
ENSDART00000085031	ash2l	423	46.1	44.6	15.4	26.4	61.7	78.4	23.28	95.3	2.03338515589
ENSDART00000053011	LRRC14	215	37.7	33.4	16.0	24.1	48.4	62.3	29.7	25.7	-0.208694571607
ENSDART00000019442	xpnpep1	54	45.8	43.4	13.3	22.8	66.7	83.6	18.52	40.27	1.12062137369
ENSDART00000075913	DCAF8	38	32.2	18.6	10.1	12.5	38.6	73.3	NA	NA	NA
ENSDART00000047126	CLCN4	19	30.0	31.1	12.4	23.7	39.7	42.3	NA	NA	NA
ENSDART00000041800	epha8	1	35.1	35.1	NA	NA	NA	NA	NA	NA	NA
ENSDART00000045410	thy1	647	31.9	28.2	9.7	16.7	42.9	59.9	102.09	89.73	-0.186179240846
ENSDART00000041802	CCDC108	5	48.5	48.1	NA	NA	NA	NA	NA	NA	NA
ENSDART00000019053	faima	27	64.9	66.3	12.8	32.8	90.8	114.5	NA	NA	NA
ENSDART00000041805	metrn	20	56.7	44.4	6.1	10.3	105.3	134.9	NA	NA	NA
ENSDART00000041806	acsm3	5	120.2	115.8	NA	NA	NA	NA	NA	NA	NA
ENSDART00000075337	TESPA1	9	23.8	20.1	NA	NA	NA	NA	NA	NA	NA
ENSDART00000026694	rpp40	78	38.5	34.8	14.3	22.5	48.3	66.1	18.25	12.79	-0.512880199773
ENSDART00000093318	zgc:175222	0	NA	NA	NA	NA	NA	NA	6.2	1.47	-2.07645206044
ENSDART00000098123	si:ch211-224b1.4	2	56.4	56.4	NA	NA	NA	NA	NA	NA	NA
ENSDART00000113037	SEMA4C	7	51.8	60.9	NA	NA	NA	NA	NA	NA	NA
ENSDART00000098126	ncapd2	828	52.7	43.7	12.6	25.2	69.7	100.6	78.15	160.84	1.04130846291
ENSDART00000098643	tomm5	110	59.0	57.5	29.1	40.3	76.7	87.0	NA	NA	NA
ENSDART00000051271	fcho2	103	40.2	33.8	8.6	19.8	49.0	86.4	15.43	8.51	-0.858507024885
ENSDART00000144625	ndufb3	20	32.5	26.9	7.7	15.3	34.8	50.8	NA	NA	NA
ENSDART00000129427	vkorc1	44	38.6	38.6	12.1	20.5	56.6	68.5	NA	NA	NA
ENSDART00000051278	tnpo1	88	53.3	46.1	10.1	27.7	74.3	105.6	NA	NA	NA
ENSDART00000113030	BX088708.1	18	32.7	24.1	11.4	16.6	39.3	60.6	NA	NA	NA
ENSDART00000130304	ATXN1L	10	49.7	47.4	22.8	30.1	64.6	92.8	7.03	31.63	2.16969696144
ENSDART00000085009	coq6	44	16.9	15.7	2.7	8.0	23.2	36.1	NA	NA	NA
ENSDART00000013409	prmt3	11	58.2	48.8	24.9	44.5	76.3	85.8	16.5	34.55	1.06621968614
ENSDART00000134068	tln2a	9	60.8	45.7	NA	NA	NA	NA	NA	NA	NA
ENSDART00000013400	farp2	122	85.2	86.4	23.2	54.9	117.7	134.6	11.57	60.52	2.38702312311
ENSDART00000064993	wu:fb54a03	149	59.0	52.8	22.6	38.3	73.1	95.5	182.77	148.55	-0.299080679648
ENSDART00000151193	gpatch8	18	90.0	82.5	43.0	60.7	116.0	148.3	11.64	14.2	0.286799871484
ENSDART00000059320	rab27a	35	29.3	26.2	7.9	14.8	38.8	51.3	NA	NA	NA
ENSDART00000059321	epcam	2267	38.7	33.9	10.2	20.0	50.9	71.0	525.65	708.71	0.431092894003
ENSDART00000148115	trpc5b	13	30.6	27.1	9.9	17.1	48.3	56.5	NA	NA	NA
ENSDART00000135816	pde6b	2	36.2	36.2	NA	NA	NA	NA	NA	NA	NA
ENSDART00000059327	spsb4b	1	39.8	39.8	NA	NA	NA	NA	44.18	71.21	0.688686433978
ENSDART00000105516	nploc4	112	37.7	28.9	13.5	18.4	50.0	73.0	22.85	24.14	0.0792315108096
ENSDART00000073549	snai3	26	19.9	21.5	7.0	11.1	27.0	33.2	NA	NA	NA
ENSDART00000112333	CNNM2	1	41.7	41.7	NA	NA	NA	NA	NA	NA	NA
ENSDART00000128113	CABZ01073174.1	2	37.8	37.8	NA	NA	NA	NA	NA	NA	NA
ENSDART00000110229	fam118b	1	157.7	157.7	NA	NA	NA	NA	NA	NA	NA
ENSDART00000043956	FBXO15	34	25.6	18.1	6.2	12.9	30.4	53.2	NA	NA	NA
ENSDART00000125621	abhd16a	96	37.3	34.1	8.3	21.5	49.6	71.8	NA	NA	NA
ENSDART00000132354	tjap1	220	60.6	54.3	19.1	36.0	85.5	108.3	NA	NA	NA
ENSDART00000082490	KCTD20	1	118.5	118.5	NA	NA	NA	NA	NA	NA	NA
ENSDART00000132687	rab3c	7	34.1	31.2	NA	NA	NA	NA	NA	NA	NA
ENSDART00000023346	gtf2b	64	64.1	44.6	20.1	33.4	91.6	144.9	11.38	284.82	4.64547799284
ENSDART00000153175	si:ch211-214e3.5	29	60.1	58.9	23.3	40.9	79.6	99.2	6.28	18.3	1.54300718428
ENSDART00000104519	stat3	16	65.7	74.3	7.3	10.2	100.1	117.9	6.71	103.43	3.94619812519
ENSDART00000059341	C1H11orf73	50	34.9	32.4	12.0	23.2	47.3	53.6	36.38	17.56	-1.05085269812
ENSDART00000083883	HERC4	58	30.7	25.5	7.4	11.6	41.4	57.4	11.24	7.23	-0.63657448327
ENSDART00000050865	surf4l	56	38.1	30.7	8.8	19.7	50.2	89.0	NA	NA	NA
ENSDART00000058051	phlda1	12	48.9	47.1	20.5	27.2	64.2	75.6	NA	NA	NA
ENSDART00000057052	slx4ip	154	54.4	51.9	19.2	33.7	70.4	96.1	NA	NA	NA
ENSDART00000053325	tomm40l	11	30.2	30.0	9.6	12.1	49.3	51.2	NA	NA	NA
ENSDART00000058056	mrps26	111	25.2	21.7	7.2	11.2	37.5	51.4	59.73	6.44	-3.21332312833
ENSDART00000078592	NPDC1	12	49.8	48.2	14.5	33.4	73.3	83.7	NA	NA	NA
ENSDART00000103361	zdhhc13	178	53.3	49.6	13.6	33.0	73.9	97.2	14.32	111.61	2.96236289741
ENSDART00000078596	hspd1	472	69.1	68.6	28.9	45.9	90.0	107.9	94.78	306.24	1.69200816885
ENSDART00000103365	ociad1	695	35.6	31.1	10.9	18.5	47.7	67.9	103.3	107.07	0.0517140530178
ENSDART00000097167	si:ch211-13k12.1	1	38.0	38.0	NA	NA	NA	NA	NA	NA	NA
ENSDART00000092991	pigx	5	35.5	37.5	NA	NA	NA	NA	NA	NA	NA
ENSDART00000113890	rabep2	65	46.4	46.4	14.8	23.2	63.5	81.5	NA	NA	NA
ENSDART00000109070	si:ch73-360o10.1	69	52.1	36.9	8.3	20.0	65.6	119.5	18.66	6.22	-1.58496250072
ENSDART00000112054	CABZ01031892.1	1	32.0	32.0	NA	NA	NA	NA	NA	NA	NA
ENSDART00000055380	tubb5	130	40.0	28.1	10.4	14.9	53.9	95.3	NA	NA	NA
ENSDART00000109071	si:dkey-46g23.3	13	33.1	28.0	15.5	19.8	37.9	70.1	NA	NA	NA
ENSDART00000152562	eif3f	44	46.7	38.8	12.0	24.9	64.8	93.9	72.77	21.21	-1.77859918984
ENSDART00000112053	fam89a	91	36.5	28.1	9.1	16.9	44.6	70.8	36.04	77.9	1.11202431714
ENSDART00000032309	slc25a32b	12	36.5	30.5	6.2	21.1	44.3	46.8	NA	NA	NA
ENSDART00000081154	prpf18	92	35.7	30.1	13.7	19.5	47.8	62.6	66.43	50.03	-0.409041462086
ENSDART00000101292	si:dkey-238c7.16	378	57.8	57.0	21.7	39.2	77.0	91.9	42.96	215.65	2.32762581764
ENSDART00000032306	ywhae1	719	74.9	72.4	36.5	54.2	92.8	117.5	231.36	557.79	1.26958261271
ENSDART00000101296	si:dkey-30c15.2	5	25.4	22.6	NA	NA	NA	NA	NA	NA	NA
ENSDART00000099417	CABZ01041962.1	3	87.2	87.8	NA	NA	NA	NA	NA	NA	NA
ENSDART00000102903	dmd	2	38.8	38.8	NA	NA	NA	NA	0.99	0.97	-0.0294437778925
ENSDART00000102014	fam195b	160	52.9	52.0	12.1	27.9	76.6	94.8	NA	NA	NA
ENSDART00000058065	fam178a	64	35.9	33.6	11.6	19.5	49.3	61.0	NA	NA	NA
ENSDART00000102019	grxcr1	13	86.1	98.3	41.5	68.3	105.0	112.2	NA	NA	NA
ENSDART00000058277	znf800b	15	60.0	54.9	23.3	33.9	78.9	99.6	NA	NA	NA
ENSDART00000058271	RABEPK	1	27.1	27.1	NA	NA	NA	NA	NA	NA	NA
ENSDART00000109276	sall3a	6	82.0	92.0	NA	NA	NA	NA	NA	NA	NA
ENSDART00000083085	mtmr14	119	29.0	24.5	9.3	15.8	35.2	54.0	NA	NA	NA
ENSDART00000003826	rapgef2	68	18.8	16.4	2.9	5.8	25.9	37.2	NA	NA	NA
ENSDART00000130260	hoxc10a	2	72.5	72.5	NA	NA	NA	NA	NA	NA	NA
ENSDART00000054386	qdprb1	4	30.4	30.1	NA	NA	NA	NA	NA	NA	NA
ENSDART00000005431	psmd8	165	53.4	49.8	24.8	37.0	63.5	90.5	47.58	185.5	1.96299200997
ENSDART00000138055	iqgap2	8	47.6	49.8	NA	NA	NA	NA	NA	NA	NA
ENSDART00000005345	upb1	2	87.6	87.6	NA	NA	NA	NA	NA	NA	NA
ENSDART00000149039	odc1	615	59.9	52.0	17.0	28.9	80.1	118.8	76.85	192.55	1.32511595811
ENSDART00000139537	znf385a	1	71.5	71.5	NA	NA	NA	NA	NA	NA	NA
ENSDART00000097345	TOM1L2	6	67.1	74.4	NA	NA	NA	NA	NA	NA	NA
ENSDART00000142545	mier1b	116	28.7	25.4	7.5	12.9	42.1	54.2	NA	NA	NA
ENSDART00000089622	kif14	124	37.4	31.1	9.3	16.1	52.7	80.2	22.29	22.88	0.0376904355186
ENSDART00000041371	poli	11	40.0	38.4	10.2	16.5	56.2	77.6	NA	NA	NA
ENSDART00000053609	dolpp1	130	36.7	32.2	10.7	18.6	52.8	72.2	48.99	35.1	-0.481016261091
ENSDART00000056899	txndc12	49	74.4	63.5	19.2	32.1	110.9	135.0	NA	NA	NA
ENSDART00000149527	ADCK3	29	76.8	77.8	38.3	52.8	97.8	111.1	NA	NA	NA
ENSDART00000081449	BX640518.1	33	40.8	38.4	8.8	23.6	48.3	81.1	NA	NA	NA
ENSDART00000077664	atp2b1a	145	91.0	93.0	29.9	64.3	122.6	143.1	105.97	70.9	-0.579798364503
ENSDART00000127900	nop58	154	87.8	87.1	28.7	53.3	120.7	142.9	332.78	474.31	0.511261554999
ENSDART00000127901	abhd6b	2	28.6	28.6	NA	NA	NA	NA	NA	NA	NA
ENSDART00000077660	mipep	29	41.4	35.0	11.7	20.6	57.0	84.5	NA	NA	NA
ENSDART00000127905	ntd5	4	73.7	68.6	NA	NA	NA	NA	NA	NA	NA
ENSDART00000131027	TMEM216	4	23.7	22.8	NA	NA	NA	NA	NA	NA	NA
ENSDART00000037576	CABZ01059390.1	145	39.4	29.1	11.5	17.7	55.7	85.3	NA	NA	NA
ENSDART00000078974	tmub2	6	53.8	50.2	NA	NA	NA	NA	NA	NA	NA
ENSDART00000078975	C2H6orf52	95	64.9	56.2	11.0	27.0	97.5	123.9	21.97	135.4	2.62362096404
ENSDART00000078977	si:busm1-163l24.3	2	136.0	136.0	NA	NA	NA	NA	NA	NA	NA
ENSDART00000010647	rcc2	600	43.7	31.3	9.1	18.6	59.2	96.6	33.06	217.45	2.71752507906
ENSDART00000131029	NXPH4	4	19.7	18.2	NA	NA	NA	NA	NA	NA	NA
ENSDART00000022830	pygb	53	68.4	67.4	25.3	39.7	96.4	104.5	9.83	29.91	1.60536458878
ENSDART00000058587	gbp	219	46.6	41.6	10.6	20.0	64.5	94.9	NA	NA	NA
ENSDART00000058586	dek	77	80.0	83.3	26.7	51.3	105.4	127.7	62.31	193.45	1.63442510676
ENSDART00000141911	si:dkey-12j5.1	33	56.2	47.3	8.2	19.1	90.8	123.3	13.56	29.35	1.11400332486
ENSDART00000022838	ctsc	290	98.8	102.3	51.3	76.9	123.7	142.2	20.25	330.28	4.02769579722
ENSDART00000146335	zgc:114045	2	119.7	119.7	NA	NA	NA	NA	NA	NA	NA
ENSDART00000133550	FKBPL	136	32.0	26.4	5.0	11.8	44.5	64.5	NA	NA	NA
ENSDART00000105533	enthd2	9	28.6	32.4	NA	NA	NA	NA	NA	NA	NA
ENSDART00000138232	arl13a	18	143.5	121.2	34.4	73.2	231.5	260.5	NA	NA	NA
ENSDART00000150489	pla2g6	75	28.0	22.7	9.9	16.1	35.8	55.8	NA	NA	NA
ENSDART00000062309	prkrira	194	61.3	60.9	20.0	41.2	79.9	95.0	27.83	99.56	1.83892532165
ENSDART00000138236	cox8a	78	43.9	37.6	13.2	22.2	54.7	70.6	NA	NA	NA
ENSDART00000011910	arglu1a	96	40.9	35.4	12.5	19.8	55.6	64.9	78.85	36.65	-1.10529755666
ENSDART00000079738	hadhb	182	47.2	40.8	14.0	22.3	61.0	90.6	29.76	114.57	1.94478289424
ENSDART00000089616	C25H7orf60	159	68.2	68.2	18.4	40.2	91.4	119.5	NA	NA	NA
ENSDART00000084859	si:dkey-193b15.6	7	82.0	87.1	NA	NA	NA	NA	NA	NA	NA
ENSDART00000011919	ss18	181	78.4	74.7	18.5	43.6	110.4	140.7	31.43	170.8	2.44209379771
ENSDART00000062303	foxd5	155	43.3	23.5	3.9	10.2	54.1	126.1	NA	NA	NA
ENSDART00000121421	DOK7	60	45.9	44.7	14.2	24.9	61.8	81.0	16.85	15.13	-0.155336603852
ENSDART00000024367	anks1b	6	29.8	30.0	NA	NA	NA	NA	NA	NA	NA
ENSDART00000121427	KCNA2	1	62.0	62.0	NA	NA	NA	NA	NA	NA	NA
ENSDART00000110201	hivep1	23	30.8	19.2	11.2	16.4	36.5	69.7	NA	NA	NA
ENSDART00000124104	sp1	129	92.7	98.2	25.0	57.6	129.9	148.8	25.46	210.41	3.0468989478
ENSDART00000046066	capn1a	16	93.3	85.1	65.8	73.6	116.6	123.1	9.33	70.27	2.91295991237
ENSDART00000128866	vasa	248	89.3	90.4	38.3	63.3	118.4	138.2	39.45	186.22	2.2389108211
ENSDART00000073912	rag2	5	102.1	101.0	NA	NA	NA	NA	NA	NA	NA
ENSDART00000125379	CUL3	210	45.8	40.0	13.8	23.4	63.4	84.8	17.43	74.78	2.10107990173
ENSDART00000113683	ubald2	263	36.4	28.2	8.1	16.0	48.8	78.7	NA	NA	NA
ENSDART00000129441	erbb2ip	103	57.1	43.8	7.2	16.5	94.5	133.4	9.43	102.82	3.44671933608
ENSDART00000145013	zgc:77262	62	84.5	81.0	26.3	51.6	122.1	149.7	NA	NA	NA
ENSDART00000129992	pax7b	1	23.5	23.5	NA	NA	NA	NA	NA	NA	NA
ENSDART00000113014	RB1CC1	58	33.0	26.6	4.9	16.4	45.1	55.7	20.31	4.08	-2.31554918232
ENSDART00000114041	anp32a	188	90.0	87.1	11.7	31.6	141.9	170.3	74.07	157.77	1.09086166034
ENSDART00000114040	ubr2	75	33.0	29.9	6.7	16.3	46.3	66.7	11.82	6.23	-0.923925967154
ENSDART00000130789	c1qc	4	38.9	39.4	NA	NA	NA	NA	NA	NA	NA
ENSDART00000146766	rnf165a	55	102.1	105.8	53.1	81.0	129.0	147.3	NA	NA	NA
ENSDART00000105102	fopnl	155	87.3	90.9	32.7	56.0	113.4	136.2	NA	NA	NA
ENSDART00000007906	stmn1a	1156	50.8	45.1	11.4	24.6	70.1	98.3	397.06	795.4	1.0023235317
ENSDART00000009393	col1a1a	1	168.7	168.7	NA	NA	NA	NA	NA	NA	NA
ENSDART00000081909	C8H9orf116	9	81.5	73.6	NA	NA	NA	NA	NA	NA	NA
ENSDART00000149010	hp	2	45.1	45.1	NA	NA	NA	NA	NA	NA	NA
ENSDART00000151114	myh10	136	52.5	51.5	14.5	27.4	74.6	89.1	28.46	30.86	0.116802400044
ENSDART00000104009	slc30a1b	8	49.3	50.1	NA	NA	NA	NA	NA	NA	NA
ENSDART00000149018	cxcr4a	515	39.3	21.1	5.9	12.8	51.3	99.9	NA	NA	NA
ENSDART00000034580	calm1a	95	99.5	108.2	23.3	48.0	148.1	171.7	103.38	1045.91	3.33872970127
ENSDART00000035245	spire2	5	57.7	41.9	NA	NA	NA	NA	NA	NA	NA
ENSDART00000003482	stk17b	201	25.2	22.0	7.6	13.5	34.6	46.9	NA	NA	NA
ENSDART00000061547	ltk	25	58.1	62.2	19.6	29.4	76.2	92.9	NA	NA	NA
ENSDART00000134029	si:ch211-125e6.12	1	63.7	63.7	NA	NA	NA	NA	NA	NA	NA
ENSDART00000099511	ELL3	9	34.9	37.6	NA	NA	NA	NA	NA	NA	NA
ENSDART00000145272	lrpap1	208	40.4	39.8	13.7	23.0	55.7	68.9	NA	NA	NA
ENSDART00000135256	ubtd2	1	94.8	94.8	NA	NA	NA	NA	NA	NA	NA
ENSDART00000145278	si:dkey-29b11.3	1	15.5	15.5	NA	NA	NA	NA	NA	NA	NA
ENSDART00000143844	dennd2c	62	35.1	32.6	11.3	17.1	50.4	61.1	NA	NA	NA
ENSDART00000052260	zfpm2b	39	19.3	15.1	4.6	7.0	27.4	40.2	NA	NA	NA
ENSDART00000055541	gskip	93	81.5	89.1	28.9	52.1	114.9	128.3	NA	NA	NA
ENSDART00000055810	rab1ba	224	50.6	46.1	12.9	24.4	70.5	96.9	NA	NA	NA
ENSDART00000055817	PIGG	5	19.2	2.9	NA	NA	NA	NA	NA	NA	NA
ENSDART00000144061	PTPDC1	1	86.9	86.9	NA	NA	NA	NA	NA	NA	NA
ENSDART00000015040	hrasb	74	50.3	45.4	13.2	23.5	73.7	92.3	NA	NA	NA
ENSDART00000026064	larsb	90	29.0	26.5	5.1	12.3	38.9	52.0	NA	NA	NA
ENSDART00000142864	stag1b	13	50.4	35.6	4.7	21.5	89.2	102.8	14.53	56.63	1.96253182685
ENSDART00000007253	aig1	8	37.0	35.1	NA	NA	NA	NA	NA	NA	NA
ENSDART00000031028	cnot6	477	43.7	37.8	10.4	19.9	59.8	82.3	36.13	280.76	2.95806824901
ENSDART00000100706	ndufaf2	115	32.3	27.9	7.5	16.8	45.6	64.2	NA	NA	NA
ENSDART00000145251	pir	12	39.4	33.4	9.9	22.2	50.4	67.3	NA	NA	NA
ENSDART00000077107	MAP7	141	41.9	34.0	12.9	22.2	59.3	76.2	NA	NA	NA
ENSDART00000134635	si:dkey-9i23.15	29	48.0	44.3	17.7	27.0	54.0	91.0	NA	NA	NA
ENSDART00000123375	zgc:113263	83	35.7	27.3	7.4	13.7	56.0	70.1	14.25	37.97	1.41389807968
ENSDART00000123374	dnajb11	195	43.9	40.1	10.5	20.5	59.8	81.3	55.6	98.42	0.823866633519
ENSDART00000128711	efr3a	4	76.9	70.8	NA	NA	NA	NA	NA	NA	NA
ENSDART00000128717	ran	364	59.3	42.9	3.8	14.5	103.0	133.5	239.07	994.8	2.05697340455
ENSDART00000123373	CABZ01071911.1	3	56.3	45.0	NA	NA	NA	NA	NA	NA	NA
ENSDART00000064462	psma6l	6	39.5	37.5	NA	NA	NA	NA	NA	NA	NA
ENSDART00000115312	ncdn	7	50.5	53.2	NA	NA	NA	NA	19.31	21.4	0.148262632338
ENSDART00000128718	DTX3	216	25.1	22.1	6.5	12.6	33.3	47.3	NA	NA	NA
ENSDART00000143011	C8H17orf59	180	39.4	37.1	12.7	22.2	52.4	68.7	NA	NA	NA
ENSDART00000063167	sema6a	2	44.8	44.8	NA	NA	NA	NA	NA	NA	NA
ENSDART00000111156	pdp1	195	26.9	22.0	3.9	11.0	36.0	57.1	NA	NA	NA
ENSDART00000111150	birc2	3	81.2	114.8	NA	NA	NA	NA	NA	NA	NA
ENSDART00000111151	BX005076.1	13	47.4	40.7	2.4	20.8	65.0	101.7	NA	NA	NA
ENSDART00000130854	tspan3a	16	84.0	80.1	25.6	68.2	104.1	136.1	NA	NA	NA
ENSDART00000130856	lamb2l	1	29.8	29.8	NA	NA	NA	NA	NA	NA	NA
ENSDART00000111158	C25H12orf5	1	13.4	13.4	NA	NA	NA	NA	NA	NA	NA
ENSDART00000135647	ZFP91	53	49.7	41.5	14.3	24.8	54.8	88.4	14.27	8.07	-0.822344756198
ENSDART00000145900	purg	1	3.7	3.7	NA	NA	NA	NA	NA	NA	NA
ENSDART00000145905	eno3	306	23.3	21.0	4.7	11.6	32.7	45.1	314.0	14.12	-4.4749525654
ENSDART00000089021	canx	244	53.3	48.3	15.2	26.1	76.5	99.6	24.7	59.22	1.26157344871
ENSDART00000089025	lap3	103	64.2	65.4	34.5	48.8	80.6	97.8	14.81	52.64	1.82958784845
ENSDART00000080160	lrrc28	11	39.3	29.0	6.9	16.4	58.4	85.7	NA	NA	NA
ENSDART00000122429	klf15	1	50.9	50.9	NA	NA	NA	NA	NA	NA	NA
ENSDART00000125430	pprc1	664	47.2	41.8	12.7	24.1	61.8	87.6	120.32	121.25	0.0111082751716
ENSDART00000122424	ugt1b4	1	22.3	22.3	NA	NA	NA	NA	NA	NA	NA
ENSDART00000105687	zbtb33	51	49.1	43.4	7.2	17.6	70.3	111.1	NA	NA	NA
ENSDART00000144053	si:dkey-21e2.10	1	114.6	114.6	NA	NA	NA	NA	NA	NA	NA
ENSDART00000031535	arl4aa	153	26.2	22.1	6.0	12.5	40.5	49.9	NA	NA	NA
ENSDART00000064334	st6galnac1.1	2	31.7	31.7	NA	NA	NA	NA	NA	NA	NA
ENSDART00000141579	FBXO10	17	27.6	27.8	10.6	16.1	31.6	48.8	NA	NA	NA
ENSDART00000078022	prex1	86	30.0	24.7	7.2	15.8	43.7	59.7	NA	NA	NA
ENSDART00000006703	maf1	89	65.8	60.6	14.8	33.6	94.8	120.0	NA	NA	NA
ENSDART00000103626	smcr7b	204	52.5	48.6	17.3	31.8	68.8	95.8	NA	NA	NA
ENSDART00000103993	ifnphi3	1	39.5	39.5	NA	NA	NA	NA	NA	NA	NA
ENSDART00000078024	crk	372	60.1	58.7	16.7	35.5	81.0	103.2	39.69	253.48	2.67502445319
ENSDART00000103622	irf7	8	64.6	52.9	NA	NA	NA	NA	NA	NA	NA
ENSDART00000078028	cyb5a	60	71.7	66.4	22.7	41.5	94.8	123.3	NA	NA	NA
ENSDART00000006709	dldh	206	63.8	60.0	32.7	45.9	78.6	97.4	38.25	73.36	0.939533891128
ENSDART00000085624	ipo13	42	33.3	25.5	11.0	15.5	42.3	60.6	NA	NA	NA
ENSDART00000103628	btbd6a	1	39.5	39.5	NA	NA	NA	NA	NA	NA	NA
ENSDART00000002501	ip6k2	82	31.7	21.1	4.5	11.0	38.6	67.3	NA	NA	NA
ENSDART00000111565	pms2	63	29.8	26.1	6.2	14.3	43.6	53.1	NA	NA	NA
ENSDART00000111564	cadm4	1	-4.0	-4.0	NA	NA	NA	NA	NA	NA	NA
ENSDART00000151057	RIN2	8	43.5	33.9	NA	NA	NA	NA	NA	NA	NA
ENSDART00000108528	arhgef7b	86	32.0	30.6	5.1	16.2	43.7	58.1	NA	NA	NA
ENSDART00000111561	BX537350.1	5	51.8	45.7	NA	NA	NA	NA	NA	NA	NA
ENSDART00000111560	aatkb	40	56.1	42.2	13.7	23.3	68.2	113.6	NA	NA	NA
ENSDART00000111563	vwa8	5	30.5	31.6	NA	NA	NA	NA	NA	NA	NA
ENSDART00000111562	ZC3H7B	7	38.4	37.8	NA	NA	NA	NA	NA	NA	NA
ENSDART00000043156	cyp17a1	236	45.8	42.2	9.5	23.6	66.5	83.6	NA	NA	NA
ENSDART00000030773	foxo3a	43	64.0	69.1	16.9	32.1	84.7	100.7	13.33	29.14	1.12832409698
ENSDART00000100716	bida	25	23.1	18.4	8.4	12.4	28.3	46.6	NA	NA	NA
ENSDART00000103277	BX511021.1	1	29.0	29.0	NA	NA	NA	NA	NA	NA	NA
ENSDART00000081016	smc1al	44	117.7	126.7	62.9	96.1	145.4	165.2	61.94	175.55	1.50293870809
ENSDART00000113025	CU468287.1	4	50.6	37.5	NA	NA	NA	NA	NA	NA	NA
ENSDART00000040810	arl4ab	64	73.5	65.8	23.3	35.6	92.3	144.1	NA	NA	NA
ENSDART00000089853	fan1	116	30.8	28.0	4.1	11.4	44.2	65.2	25.81	18.8	-0.457197479529
ENSDART00000040812	nuf2	61	31.2	25.8	5.2	14.1	36.9	55.9	39.91	16.63	-1.26296211022
ENSDART00000045861	slc43a2a	1	72.2	72.2	NA	NA	NA	NA	NA	NA	NA
ENSDART00000127288	RBPMS	68	52.3	46.5	10.7	25.7	71.1	100.0	NA	NA	NA
ENSDART00000078369	zgc:136971	43	53.5	50.9	16.1	29.9	72.2	86.3	NA	NA	NA
ENSDART00000123590	C25HXorf38	16	43.0	40.9	22.9	32.3	51.9	69.4	NA	NA	NA
ENSDART00000123592	cat	323	30.3	25.3	6.1	12.9	42.3	60.1	58.06	60.97	0.0705549740298
ENSDART00000146192	TMEM55B	128	25.1	21.6	4.3	10.8	33.1	54.3	NA	NA	NA
ENSDART00000018475	snrpd3	2691	84.5	84.1	43.2	61.9	106.5	124.5	368.26	1357.74	1.8824106307
ENSDART00000043403	ethe1	15	19.1	19.8	6.1	14.4	28.8	32.4	NA	NA	NA
ENSDART00000143997	si:ch211-202h22.8	5	114.0	119.9	NA	NA	NA	NA	NA	NA	NA
ENSDART00000066556	C24H7orf50	142	23.2	19.5	7.6	12.8	31.3	43.8	113.76	15.68	-2.8589959055
ENSDART00000085481	slc25a21	25	73.2	68.2	41.3	56.1	103.2	112.1	NA	NA	NA
ENSDART00000075151	amn1	4	16.8	17.9	NA	NA	NA	NA	NA	NA	NA
ENSDART00000121998	grwd1	74	42.2	37.5	11.1	23.0	58.4	75.4	65.61	81.9	0.319947730759
ENSDART00000135940	ghrb	2	50.8	50.8	NA	NA	NA	NA	NA	NA	NA
ENSDART00000124740	ncoa2	50	57.8	55.5	7.9	27.7	79.1	114.3	11.19	46.2	2.04568281533
ENSDART00000135215	tmem51a	151	31.4	23.6	5.9	13.1	42.4	69.6	NA	NA	NA
ENSDART00000040390	glrx3	164	52.2	49.4	17.3	31.1	72.0	88.2	29.8	91.33	1.6157765026
ENSDART00000004284	scnm1	178	24.3	21.2	5.5	12.1	30.1	43.8	NA	NA	NA
ENSDART00000033514	psen1	82	29.6	24.7	9.0	14.9	38.2	64.8	NA	NA	NA
ENSDART00000113266	MICU3	1	33.7	33.7	NA	NA	NA	NA	NA	NA	NA
ENSDART00000110783	chfr	307	43.6	38.9	15.1	22.9	58.1	79.9	32.71	85.28	1.38247567868
ENSDART00000127138	calub	406	45.5	44.6	13.8	28.4	61.3	77.2	NA	NA	NA
ENSDART00000075157	chic1	37	47.3	38.5	16.3	21.7	62.6	95.7	NA	NA	NA
ENSDART00000110785	BX323458.1	24	35.5	33.9	6.3	21.2	48.3	60.0	NA	NA	NA
ENSDART00000127131	mtmr10	43	62.2	59.4	23.7	40.6	81.1	109.0	NA	NA	NA
ENSDART00000102571	mettl6	67	41.7	34.3	13.5	21.7	50.1	77.5	NA	NA	NA
ENSDART00000127136	si:dkey-7l6.4	62	28.6	21.8	8.6	12.6	39.9	57.6	NA	NA	NA
ENSDART00000074255	mgat2	82	42.4	40.7	11.7	22.0	59.0	70.7	40.15	11.82	-1.76416995223
ENSDART00000074706	azin1a	22	42.9	31.1	6.7	13.6	59.8	100.5	NA	NA	NA
ENSDART00000018654	rnd1l	16	117.3	119.9	59.9	88.4	139.1	171.5	NA	NA	NA
ENSDART00000131811	csrp2bp	67	28.8	23.3	8.6	13.7	41.5	61.3	NA	NA	NA
ENSDART00000055787	C3H17orf103	23	50.4	46.8	-6.4	20.0	88.5	111.9	NA	NA	NA
ENSDART00000007587	gtf2h2	29	49.7	37.4	13.0	16.9	48.0	110.5	11.43	20.47	0.840685698809
ENSDART00000131819	letm2	60	40.6	33.5	13.8	19.8	53.7	80.8	NA	NA	NA
ENSDART00000140442	si:dkeyp-2e4.3	31	33.0	30.1	14.2	18.2	42.1	58.1	30.28	2.6	-3.54178167696
ENSDART00000114866	oat	3	13.5	9.8	NA	NA	NA	NA	NA	NA	NA
ENSDART00000126425	TFPT	51	37.3	30.0	11.4	18.2	51.6	71.2	25.43	4.03	-2.65767971816
ENSDART00000126420	slc38a10	32	42.3	28.7	12.6	15.5	44.1	104.3	11.05	7.96	-0.473206033735
ENSDART00000114860	lacc1	3	9.3	9.6	NA	NA	NA	NA	NA	NA	NA
ENSDART00000146103	dapk3	426	44.2	38.9	13.6	23.4	61.1	81.5	NA	NA	NA
ENSDART00000146101	mcoln1a	58	47.9	45.7	12.9	23.0	68.7	84.6	NA	NA	NA
ENSDART00000133763	si:ch211-161h7.5	1	17.9	17.9	NA	NA	NA	NA	NA	NA	NA
ENSDART00000146104	si:ch211-200p22.4	45	43.1	37.5	10.9	18.7	57.6	90.3	22.79	46.91	1.04149457623
ENSDART00000046889	dnmt5	99	28.8	17.5	5.0	10.1	39.1	72.4	15.0	10.43	-0.524223342863
ENSDART00000059514	prickle1a	24	30.9	26.0	9.7	17.1	44.0	53.5	9.62	7.79	-0.304413565708
ENSDART00000055780	hn1l	698	40.4	36.7	8.7	19.0	57.4	78.0	22.13	497.89	4.49175168326
ENSDART00000059046	prdm10	51	52.9	47.2	21.4	36.4	60.1	92.3	NA	NA	NA
ENSDART00000046880	PLEKHM3	68	39.0	33.4	12.0	20.8	47.4	83.6	NA	NA	NA
ENSDART00000034745	prkcha	83	37.6	31.3	13.6	20.1	47.9	78.5	NA	NA	NA
ENSDART00000046633	notch1a	0	NA	NA	NA	NA	NA	NA	9.88	40.53	2.03640722846
ENSDART00000144076	nxt2	60	54.7	37.8	15.2	24.7	66.8	131.9	42.1	5.65	-2.89749746065
ENSDART00000143088	cbx1a	213	71.3	74.1	18.7	42.7	100.6	116.1	106.51	579.53	2.44389445743
ENSDART00000023153	rabgef1l	61	30.8	30.0	9.0	17.3	41.1	54.1	NA	NA	NA
ENSDART00000143084	aftphb	72	25.1	20.9	5.8	13.4	33.1	50.0	NA	NA	NA
ENSDART00000012164	tmod2	97	35.4	30.3	10.8	17.2	45.8	69.5	NA	NA	NA
ENSDART00000010081	etfb	56	49.0	39.2	11.9	18.1	74.2	100.8	NA	NA	NA
ENSDART00000015566	scap	37	72.6	57.9	24.1	42.8	108.9	147.0	NA	NA	NA
ENSDART00000141553	pfkfb1	68	52.5	52.1	24.4	30.1	70.7	87.3	27.49	35.49	0.368505667548
ENSDART00000106008	terf1	211	30.6	25.3	8.9	15.4	40.6	53.2	NA	NA	NA
ENSDART00000023963	ddx1	24	29.5	28.2	12.0	13.9	42.1	51.6	NA	NA	NA
ENSDART00000077742	CR848666.1	4	31.8	32.6	NA	NA	NA	NA	NA	NA	NA
ENSDART00000013211	KLHL24	6	60.7	63.6	NA	NA	NA	NA	NA	NA	NA
ENSDART00000023960	MCOLN2	165	24.0	19.4	6.0	12.8	33.0	46.3	NA	NA	NA
ENSDART00000105925	gtf3ab	1497	40.9	39.3	18.6	27.7	51.1	64.6	437.22	230.97	-0.920653920047
ENSDART00000038818	gga1	95	30.9	26.8	8.3	13.9	39.1	64.2	NA	NA	NA
ENSDART00000092502	creg1	50	53.8	57.6	11.8	26.9	75.4	92.3	NA	NA	NA
ENSDART00000052712	gnb1l	66	62.8	64.6	10.0	31.3	90.0	116.0	NA	NA	NA
ENSDART00000097756	lcn15	1	22.1	22.1	NA	NA	NA	NA	NA	NA	NA
ENSDART00000035827	brf1b	1	52.9	52.9	NA	NA	NA	NA	NA	NA	NA
ENSDART00000097754	tmprss4b	199	20.4	14.7	3.9	8.5	27.0	46.9	33.25	4.19	-2.98833219158
ENSDART00000077478	slc8a4a	1	71.5	71.5	NA	NA	NA	NA	NA	NA	NA
ENSDART00000073735	rrad	49	30.1	23.3	5.3	13.0	37.9	60.5	NA	NA	NA
ENSDART00000125590	ADAM22	1	102.1	102.1	NA	NA	NA	NA	NA	NA	NA
ENSDART00000078838	rab3aa	44	37.0	33.2	16.7	22.0	45.4	66.9	NA	NA	NA
ENSDART00000077476	prox1a	2	40.3	40.3	NA	NA	NA	NA	NA	NA	NA
ENSDART00000143885	gbp3	103	47.7	44.8	10.2	21.0	69.2	87.1	34.31	59.06	0.783552230576
ENSDART00000140798	WDR6	9	23.1	20.9	NA	NA	NA	NA	NA	NA	NA
ENSDART00000131300	unk	77	43.5	35.9	12.2	20.5	61.1	87.0	NA	NA	NA
ENSDART00000017679	ppp2r2c	14	48.2	46.8	31.2	36.1	56.3	60.9	NA	NA	NA
ENSDART00000081072	ssbp3a	99	40.0	37.5	13.5	19.7	56.3	71.1	NA	NA	NA
ENSDART00000063147	sgsh	60	50.3	51.5	22.5	37.7	60.4	76.1	NA	NA	NA
ENSDART00000135008	gabpb2b	14	57.8	27.6	14.1	21.4	39.9	154.3	28.4	41.35	0.541996399667
ENSDART00000130038	zgc:112982	82	48.1	42.2	13.2	25.8	63.0	90.1	21.22	47.09	1.14999606638
ENSDART00000130526	RFC4	111	41.3	38.4	14.9	27.9	55.3	65.9	87.8	92.23	0.0710151580892
ENSDART00000106474	zgc:158852	2351	43.8	41.2	16.6	27.1	56.6	72.2	NA	NA	NA
ENSDART00000130521	CACFD1	1	91.2	91.2	NA	NA	NA	NA	NA	NA	NA
ENSDART00000005667	gpt2l	1	49.1	49.1	NA	NA	NA	NA	NA	NA	NA
ENSDART00000019353	pon1	2	25.3	25.3	NA	NA	NA	NA	NA	NA	NA
ENSDART00000005883	jagn1b	177	33.6	30.7	11.5	19.2	47.3	60.0	NA	NA	NA
ENSDART00000079164	KLHL3	1	174.0	174.0	NA	NA	NA	NA	NA	NA	NA
ENSDART00000079165	ext2	23	48.6	45.8	17.5	23.3	71.4	90.1	NA	NA	NA
ENSDART00000148993	hdac6	21	55.6	59.3	16.1	36.9	65.6	92.7	NA	NA	NA
ENSDART00000005119	eif3i	297	56.1	53.4	27.0	38.6	68.7	87.1	135.02	87.97	-0.61808960689
ENSDART00000086592	vezf1b	73	47.7	39.7	9.6	21.3	64.1	88.7	NA	NA	NA
ENSDART00000148995	slc25a44a	17	81.5	91.2	31.1	40.7	115.2	124.7	NA	NA	NA
ENSDART00000104063	psmd4a	31	31.2	28.5	7.8	14.0	47.3	59.7	22.98	14.7	-0.644562642922
ENSDART00000038648	ptbp2b	14	141.2	137.4	108.9	113.4	150.3	185.4	NA	NA	NA
ENSDART00000152355	med13b	299	37.0	29.6	12.5	20.2	47.7	68.8	20.18	8.07	-1.32228559583
ENSDART00000125195	evla	109	28.3	25.5	6.3	13.0	34.9	60.2	NA	NA	NA
ENSDART00000109599	URB1	40	37.1	33.5	10.5	19.1	55.0	69.8	6.26	7.99	0.352032845995
ENSDART00000125190	rrs1	228	41.1	37.7	14.1	23.9	50.9	73.8	84.7	84.87	0.00289270789785
ENSDART00000113911	micall1	26	36.9	27.0	16.7	22.3	34.4	61.3	NA	NA	NA
ENSDART00000109594	BX927371.1	0	NA	NA	NA	NA	NA	NA	4.0	2.15	-0.895663340185
ENSDART00000109596	dpp4	10	43.7	50.9	10.3	28.7	58.9	65.8	NA	NA	NA
ENSDART00000153177	MKL2	2	54.1	54.1	NA	NA	NA	NA	NA	NA	NA
ENSDART00000109593	bloc1s3	31	29.9	25.8	11.7	14.8	39.6	56.9	NA	NA	NA
ENSDART00000125198	pfn1	1182	59.3	57.4	20.1	34.4	80.9	100.3	160.27	246.62	0.621785400741
ENSDART00000104525	kmt2a	73	28.7	18.1	3.3	8.7	39.0	80.3	12.74	3.52	-1.85571794362
ENSDART00000109735	C20H8orf82	5	25.8	26.8	NA	NA	NA	NA	NA	NA	NA
ENSDART00000109042	CABZ01072083.1	29	27.3	23.2	8.4	12.9	39.1	49.1	NA	NA	NA
ENSDART00000109737	cox15	83	29.1	25.0	7.3	19.1	36.7	49.7	NA	NA	NA
ENSDART00000109040	gpr158	1	29.4	29.4	NA	NA	NA	NA	NA	NA	NA
ENSDART00000127480	add1	144	80.8	77.3	36.9	60.2	99.3	122.2	25.49	222.16	3.1235958038
ENSDART00000028673	lfng	259	49.3	24.2	4.8	9.9	85.7	132.0	NA	NA	NA
ENSDART00000087978	ctdspl2a	106	81.2	78.0	18.5	47.3	111.2	134.5	28.07	252.35	3.16832511767
ENSDART00000129870	syncrip	449	85.9	91.9	15.1	51.5	120.3	141.6	338.24	754.36	1.15720589719
ENSDART00000129871	rxfp1	1	13.0	13.0	NA	NA	NA	NA	NA	NA	NA
ENSDART00000025570	calrl	385	29.3	21.9	7.0	13.6	36.1	60.5	43.15	80.6	0.901419279349
ENSDART00000042974	slc1a8b	1	44.2	44.2	NA	NA	NA	NA	NA	NA	NA
ENSDART00000114786	zgc:194336	3	64.3	24.9	NA	NA	NA	NA	NA	NA	NA
ENSDART00000114783	clip1a	104	39.3	28.9	9.2	16.9	60.1	81.8	17.65	45.11	1.35377910256
ENSDART00000052091	atp6v1c1b	44	24.6	23.5	8.0	14.0	30.5	42.5	NA	NA	NA
ENSDART00000129251	MTBP	159	30.3	24.0	7.7	13.6	40.1	59.4	23.01	36.03	0.646937668203
ENSDART00000086379	KIRREL3	1	24.9	24.9	NA	NA	NA	NA	NA	NA	NA
ENSDART00000062793	APOB	4	181.3	181.6	NA	NA	NA	NA	NA	NA	NA
ENSDART00000152027	si:ch73-196k8.2	93	30.7	24.4	8.6	13.6	43.2	56.9	NA	NA	NA
ENSDART00000149229	si:ch73-30l9.1	4	69.3	77.6	NA	NA	NA	NA	NA	NA	NA
ENSDART00000057327	CACNG5	2	55.3	55.3	NA	NA	NA	NA	NA	NA	NA
ENSDART00000112555	spc25	165	41.7	38.4	13.0	23.4	54.1	74.0	63.4	114.76	0.856065127742
ENSDART00000144795	slc35g2a	2	38.6	38.6	NA	NA	NA	NA	NA	NA	NA
ENSDART00000149222	pglyrp2	1	18.3	18.3	NA	NA	NA	NA	NA	NA	NA
ENSDART00000086375	adnp2a	227	33.5	31.2	7.9	16.5	47.3	61.4	32.43	25.07	-0.371367027622
ENSDART00000090907	DGKG	2	37.0	37.0	NA	NA	NA	NA	NA	NA	NA
ENSDART00000099628	eif3s6ip	97	61.8	53.4	25.8	38.1	81.3	102.6	16.72	31.71	0.923363030023
ENSDART00000039369	fancg	134	41.5	37.1	11.1	21.4	57.7	79.0	31.54	34.33	0.122287197167
ENSDART00000125996	KHDRBS3	2	62.9	62.9	NA	NA	NA	NA	NA	NA	NA
ENSDART00000042972	srpk1b	142	76.8	77.2	18.3	44.2	105.8	135.8	19.99	90.17	2.17336904953
ENSDART00000128473	ttpal	39	29.2	29.6	2.0	11.8	41.7	56.5	NA	NA	NA
ENSDART00000125991	armc9	47	28.4	22.9	7.5	12.8	40.2	56.0	6.96	4.38	-0.668156436248
ENSDART00000099622	sept10	1	-5.3	-5.3	NA	NA	NA	NA	NA	NA	NA
ENSDART00000039027	golt1ba	29	49.2	42.7	20.4	26.8	72.0	89.2	NA	NA	NA
ENSDART00000003543	gmppaa	21	42.0	33.4	13.0	21.6	57.5	77.4	NA	NA	NA
ENSDART00000140861	taz	9	85.0	79.4	NA	NA	NA	NA	NA	NA	NA
ENSDART00000006061	tcea3	3	51.9	36.0	NA	NA	NA	NA	NA	NA	NA
ENSDART00000039028	nsmce4a	211	50.7	43.2	18.3	28.2	69.3	87.5	101.47	165.69	0.707433281189
ENSDART00000003544	gabpb2a	64	63.6	65.8	17.8	39.6	92.5	108.6	28.3	187.36	2.72693902278
ENSDART00000111097	C10H8orf4	3	68.2	60.6	NA	NA	NA	NA	NA	NA	NA
ENSDART00000123178	slbp	671	36.2	25.1	7.9	14.0	43.5	84.3	158.82	116.56	-0.446319818152
ENSDART00000059796	CTBP1	42	41.0	36.8	13.2	16.5	64.1	75.6	NA	NA	NA
ENSDART00000148576	pygmb	9	96.9	127.8	NA	NA	NA	NA	NA	NA	NA
ENSDART00000073634	slc30a5	30	31.3	32.7	9.9	22.3	40.8	49.8	19.86	4.06	-2.29031399034
ENSDART00000099027	fancc	58	36.0	32.8	10.3	18.0	51.2	65.9	NA	NA	NA
ENSDART00000075126	b3gnt7l	7	32.8	33.9	NA	NA	NA	NA	NA	NA	NA
ENSDART00000062175	derl2	125	49.3	48.0	24.0	33.4	63.7	75.9	47.74	107.6	1.17240760636
ENSDART00000132969	znf106a	55	66.9	70.6	22.6	45.2	86.8	115.7	8.14	32.96	2.01761554292
ENSDART00000053414	commd7	51	43.6	38.3	15.9	24.6	54.0	79.8	21.73	31.2	0.521857854568
ENSDART00000064439	nup43	146	40.9	39.5	16.0	26.7	53.2	64.4	86.46	98.85	0.193208129721
ENSDART00000053416	si:ch211-226m16.2	12	35.4	23.7	16.8	18.5	38.0	73.9	NA	NA	NA
ENSDART00000127735	ugt5b2	3	10.9	13.0	NA	NA	NA	NA	NA	NA	NA
ENSDART00000127734	CABZ01066695.1	1	79.8	79.8	NA	NA	NA	NA	NA	NA	NA
ENSDART00000127737	ttll10	2	58.7	58.7	NA	NA	NA	NA	NA	NA	NA
ENSDART00000127739	CABZ01111872.1	1	117.0	117.0	NA	NA	NA	NA	NA	NA	NA
ENSDART00000101126	alox12	2	6.9	6.9	NA	NA	NA	NA	NA	NA	NA
ENSDART00000031234	stxbp2	33	23.5	17.3	8.1	13.0	28.7	46.9	NA	NA	NA
ENSDART00000084954	pign	19	12.1	14.8	-2.4	4.5	19.7	24.0	NA	NA	NA
ENSDART00000029092	lrrc1	291	76.2	76.7	32.8	52.8	102.2	118.4	13.62	68.42	2.32869140076
ENSDART00000123298	BX569781.3	2	110.0	110.0	NA	NA	NA	NA	NA	NA	NA
ENSDART00000039796	CORO1C	7	50.8	46.5	NA	NA	NA	NA	NA	NA	NA
ENSDART00000123292	BX640398.1	1	21.7	21.7	NA	NA	NA	NA	NA	NA	NA
ENSDART00000123741	KBTBD2	267	42.5	39.3	15.8	25.0	54.9	73.4	38.77	23.03	-0.751426323958
ENSDART00000054822	nkx3.2	11	50.7	12.1	8.9	9.5	101.4	135.5	NA	NA	NA
ENSDART00000139203	txnrd2	29	33.4	28.4	11.4	17.9	43.6	64.1	NA	NA	NA
ENSDART00000044658	LETMD1	42	32.9	24.9	13.5	17.4	46.2	66.9	NA	NA	NA
ENSDART00000139207	WIPF1	1	34.0	34.0	NA	NA	NA	NA	NA	NA	NA
ENSDART00000114905	frem2b	3	7.5	7.1	NA	NA	NA	NA	NA	NA	NA
ENSDART00000011102	heatr1	3	72.7	100.7	NA	NA	NA	NA	3.68	9.34	1.34371678365
ENSDART00000016488	gtf2e2	298	52.6	48.9	14.9	26.1	71.7	89.0	69.75	219.31	1.65270647482
ENSDART00000067526	lsm12b	745	43.8	43.3	16.6	27.7	57.4	70.7	202.53	109.9	-0.881944238478
ENSDART00000114522	kif22	313	61.0	53.0	17.6	34.1	84.6	114.2	129.47	464.68	1.84361970793
ENSDART00000114523	JMJD1C	5	22.5	15.6	NA	NA	NA	NA	NA	NA	NA
ENSDART00000114527	si:ch73-138e16.8	1	14.8	14.8	NA	NA	NA	NA	NA	NA	NA
ENSDART00000113204	LGALS3	2	95.4	95.4	NA	NA	NA	NA	23.91	57.13	1.25663439987
ENSDART00000121679	wu:fj13e08	351	39.9	36.4	13.0	22.2	56.3	70.5	NA	NA	NA
ENSDART00000146740	fra10ac1	14	59.9	56.7	9.8	26.1	97.7	110.3	16.58	22.87	0.464012358916
ENSDART00000023931	eef2b	2372	51.0	48.1	22.5	34.3	64.5	82.2	678.84	125.08	-2.44022045244
ENSDART00000114528	tbc1d31	122	34.3	29.3	11.2	18.4	44.3	66.8	24.92	16.07	-0.632934139349
ENSDART00000140765	si:ch73-138e16.2	1	24.8	24.8	NA	NA	NA	NA	NA	NA	NA
ENSDART00000125414	ccdc149b	34	23.6	23.7	4.7	9.4	35.1	46.6	NA	NA	NA
ENSDART00000140767	b3gnt2b	151	59.5	56.1	13.1	35.0	78.6	103.8	NA	NA	NA
ENSDART00000017686	hccs	195	55.5	52.2	14.3	29.6	73.9	100.5	37.2	209.98	2.49687739537
ENSDART00000110412	GPR78	4	14.8	15.5	NA	NA	NA	NA	NA	NA	NA
ENSDART00000084282	PAPD5	77	46.9	46.1	10.2	27.7	66.3	82.1	45.94	112.63	1.2937683914
ENSDART00000138985	gnaia	147	78.7	84.4	5.5	36.9	119.0	144.6	24.62	637.18	4.69379831689
ENSDART00000127458	CU855686.2	2	51.7	51.7	NA	NA	NA	NA	NA	NA	NA
ENSDART00000015827	tnr	4	46.9	38.1	NA	NA	NA	NA	NA	NA	NA
ENSDART00000051531	iqcd	3	41.2	40.0	NA	NA	NA	NA	NA	NA	NA
ENSDART00000098578	golga1	151	34.9	31.9	10.2	16.4	45.4	64.1	NA	NA	NA
ENSDART00000082289	cpsf6	320	43.8	42.7	10.8	22.0	60.4	78.7	35.63	121.0	1.76384265892
ENSDART00000090010	phex	44	30.5	28.0	7.7	17.1	45.0	59.9	NA	NA	NA
ENSDART00000085971	nphs1	1	20.5	20.5	NA	NA	NA	NA	NA	NA	NA
ENSDART00000031498	ccna2	3	42.0	50.9	NA	NA	NA	NA	99.89	2235.63	4.48419737272
ENSDART00000113808	zgc:172122	1	48.8	48.8	NA	NA	NA	NA	NA	NA	NA
ENSDART00000115123	CRTC2	17	38.1	35.6	18.4	24.6	46.0	56.5	NA	NA	NA
ENSDART00000115129	CU655970.1	50	44.5	46.6	13.0	20.3	66.7	79.1	10.27	22.99	1.1625702844
ENSDART00000025428	epha2	22	66.3	72.7	2.8	19.3	115.1	135.8	NA	NA	NA
ENSDART00000113802	CABZ01102082.1	94	39.1	34.6	10.9	18.0	53.9	79.4	NA	NA	NA
ENSDART00000113804	CABZ01005777.1	123	35.5	32.9	11.2	19.7	44.3	66.6	NA	NA	NA
ENSDART00000113806	hnrnpa0l	42	37.2	30.1	5.5	16.4	41.3	69.2	NA	NA	NA
ENSDART00000027630	kdelr2a	295	56.0	52.6	17.8	31.0	82.0	100.5	27.0	383.39	3.82778139515
ENSDART00000148687	slc34a1a	1	49.7	49.7	NA	NA	NA	NA	NA	NA	NA
ENSDART00000102868	etnk2	40	44.8	37.3	11.1	21.0	67.8	81.0	NA	NA	NA
ENSDART00000065212	ttc4	14	65.2	59.6	22.5	44.9	93.2	109.0	NA	NA	NA
ENSDART00000065211	pars2	72	26.5	22.2	10.0	15.6	35.9	47.7	NA	NA	NA
ENSDART00000088488	opa3	74	34.5	31.2	11.3	18.5	48.1	61.4	NA	NA	NA
ENSDART00000122378	CABZ01084007.1	189	39.0	36.0	12.2	19.8	52.4	67.7	52.44	12.77	-2.03790916052
ENSDART00000084237	slc47a2	1	11.5	11.5	NA	NA	NA	NA	NA	NA	NA
ENSDART00000150221	sco2	6	54.8	35.5	NA	NA	NA	NA	NA	NA	NA
ENSDART00000110570	limch1b	2	40.9	40.9	NA	NA	NA	NA	NA	NA	NA
ENSDART00000007624	plch2a	44	32.0	27.7	7.3	13.2	50.7	61.3	NA	NA	NA
ENSDART00000007622	lace1a	24	29.3	28.3	9.9	20.3	38.9	48.4	NA	NA	NA
ENSDART00000038777	KCNS1	1	51.0	51.0	NA	NA	NA	NA	NA	NA	NA
ENSDART00000098101	zcchc17	98	48.1	45.5	18.3	33.6	63.7	79.8	73.59	49.63	-0.568297279982
ENSDART00000149812	ovol1	52	81.9	87.2	18.0	29.4	126.8	142.2	NA	NA	NA
ENSDART00000149813	rad50	20	87.0	96.8	60.8	72.9	102.7	110.4	12.31	17.98	0.54656225903
ENSDART00000027255	tardbpl	181	63.7	56.5	17.6	30.8	87.7	117.9	28.5	141.17	2.30839971004
ENSDART00000140577	zgc:64085	9	20.9	18.8	NA	NA	NA	NA	NA	NA	NA
ENSDART00000106272	si:dkey-37o8.1	15	113.4	107.4	78.3	89.3	133.1	157.7	NA	NA	NA
ENSDART00000090676	si:ch211-210g13.5	22	40.4	37.8	15.7	18.6	58.4	61.9	NA	NA	NA
ENSDART00000111236	zgc:171220	19	65.0	63.8	30.1	44.6	75.2	97.3	NA	NA	NA
ENSDART00000110549	cisd1	91	43.1	37.5	13.4	20.5	62.7	80.2	NA	NA	NA
ENSDART00000033890	ptgs1	11	34.9	28.1	9.3	17.9	44.4	74.3	NA	NA	NA
ENSDART00000136795	gna11a	93	79.7	81.2	24.6	49.3	103.2	119.6	NA	NA	NA
ENSDART00000056319	cox6c	49	40.3	33.1	9.2	14.1	47.5	81.2	64.44	44.25	-0.542279038849
ENSDART00000135788	mcmbp	215	56.5	51.0	24.7	33.0	75.3	100.2	39.15	181.07	2.20946332518
ENSDART00000075421	sord	110	24.8	22.8	7.3	13.5	34.9	46.1	NA	NA	NA
ENSDART00000055737	tyw3	180	38.4	36.7	12.6	20.3	50.5	67.1	NA	NA	NA
ENSDART00000061914	mthfd1l	2	29.6	29.6	NA	NA	NA	NA	NA	NA	NA
ENSDART00000061919	BX571813.1	7	20.1	18.0	NA	NA	NA	NA	NA	NA	NA
ENSDART00000012816	sel1l	42	84.0	86.0	33.7	55.4	112.5	131.7	24.56	92.65	1.91548041554
ENSDART00000077862	cicb	44	36.3	28.4	12.1	18.1	50.1	66.8	3.43	1.61	-1.09114788806
ENSDART00000077861	FAM132B	2	14.0	14.0	NA	NA	NA	NA	NA	NA	NA
ENSDART00000137250	zgc:173856	24	24.1	25.7	3.9	10.8	37.6	43.9	17.84	26.8	0.587117385425
ENSDART00000122654	rnd1	11	23.6	19.8	15.2	16.1	25.7	37.6	NA	NA	NA
ENSDART00000043930	bmpr1bb	11	30.0	28.7	2.1	15.7	42.6	48.0	NA	NA	NA
ENSDART00000081465	ccdc106	99	59.5	59.6	21.6	33.7	83.3	102.8	NA	NA	NA
ENSDART00000081563	si:dkey-178e17.3	1	32.2	32.2	NA	NA	NA	NA	NA	NA	NA
ENSDART00000132379	limch1a	13	35.3	28.6	12.9	22.7	52.1	54.1	NA	NA	NA
ENSDART00000134787	elavl4	1	11.4	11.4	NA	NA	NA	NA	NA	NA	NA
ENSDART00000051258	TERF2IP	122	31.3	23.7	6.8	14.8	38.6	65.2	24.76	11.77	-1.07289699418
ENSDART00000015170	mtdhb	14	80.2	88.9	-4.1	34.6	130.9	144.1	31.69	30.24	-0.0675695201612
ENSDART00000043938	tram2	61	36.7	32.6	16.4	23.9	48.0	56.8	NA	NA	NA
ENSDART00000015682	ndufs3	79	30.8	27.8	10.1	16.8	45.7	53.8	45.78	11.58	-1.98308220957
ENSDART00000015681	dbx1b	5	10.3	12.3	NA	NA	NA	NA	NA	NA	NA
ENSDART00000023186	stk38b	7	39.0	38.9	NA	NA	NA	NA	NA	NA	NA
ENSDART00000009276	ptpreb	3	27.8	25.1	NA	NA	NA	NA	NA	NA	NA
ENSDART00000015688	invs	3	55.3	59.6	NA	NA	NA	NA	NA	NA	NA
ENSDART00000082045	epm2a	8	48.5	49.7	NA	NA	NA	NA	NA	NA	NA
ENSDART00000088023	gon4l	198	40.4	34.9	7.4	19.0	56.3	79.0	29.93	4.58	-2.7081727754
ENSDART00000122341	zfr2	178	54.7	45.6	14.5	23.6	81.8	109.7	23.22	18.27	-0.345891338238
ENSDART00000088027	SSX2IP	2	27.9	27.9	NA	NA	NA	NA	NA	NA	NA
ENSDART00000050258	zgc:165653	146	86.4	87.2	47.5	63.1	108.7	129.5	NA	NA	NA
ENSDART00000135877	als2a	16	44.9	47.6	9.0	26.6	54.3	79.6	NA	NA	NA
ENSDART00000075646	irf1a	2	11.3	11.3	NA	NA	NA	NA	NA	NA	NA
ENSDART00000111952	igsf9a	13	59.2	63.1	29.1	45.6	77.4	88.1	NA	NA	NA
ENSDART00000014887	eif4a3	282	90.0	92.7	45.4	69.4	111.3	128.3	92.36	660.87	2.8390264283
ENSDART00000108950	ttll4	103	47.2	43.9	15.4	26.9	62.1	81.2	41.07	22.11	-0.893385922163
ENSDART00000125955	zgc:158614	74	35.7	25.7	12.5	18.3	42.3	76.4	NA	NA	NA
ENSDART00000053638	ctssa	2	56.9	56.9	NA	NA	NA	NA	NA	NA	NA
ENSDART00000108955	zgc:162161	48	30.0	28.5	7.6	16.0	41.1	55.3	NA	NA	NA
ENSDART00000023064	slc35b2	47	23.5	21.2	7.3	11.1	33.4	43.7	NA	NA	NA
ENSDART00000055011	PDILT	4	19.7	15.9	NA	NA	NA	NA	NA	NA	NA
ENSDART00000112317	zgc:194621	1	3.4	3.4	NA	NA	NA	NA	NA	NA	NA
ENSDART00000091813	ago3b	396	52.1	49.1	16.7	27.6	71.8	94.3	NA	NA	NA
ENSDART00000008355	cfl2	3	16.7	18.6	NA	NA	NA	NA	NA	NA	NA
ENSDART00000101726	slc35f2	93	30.9	27.1	9.0	19.8	43.3	54.0	NA	NA	NA
ENSDART00000101724	mos	74	19.6	19.0	0.4	12.5	27.4	34.5	NA	NA	NA
ENSDART00000102381	ube2d3	284	41.4	39.4	14.9	25.4	53.5	74.6	NA	NA	NA
ENSDART00000032141	spon2a	1	30.3	30.3	NA	NA	NA	NA	NA	NA	NA
ENSDART00000145448	anapc13	64	30.9	20.7	6.8	11.4	36.9	56.7	NA	NA	NA
ENSDART00000102384	sesn2	65	18.7	15.9	-3.1	9.1	25.5	39.9	NA	NA	NA
ENSDART00000102386	si:ch211-167j6.4	5	35.8	29.8	NA	NA	NA	NA	NA	NA	NA
ENSDART00000109894	olfm2a	21	23.4	19.9	6.6	12.8	38.8	43.0	NA	NA	NA
ENSDART00000149371	idh3b	233	40.6	33.8	12.7	23.3	53.5	73.8	44.26	18.17	-1.28444503157
ENSDART00000016501	cyp2v1	3	52.4	60.8	NA	NA	NA	NA	NA	NA	NA
ENSDART00000057700	naa20	54	53.4	52.9	35.8	45.6	60.8	70.6	NA	NA	NA
ENSDART00000086952	st14a	223	63.7	59.1	16.8	32.7	88.1	118.3	26.06	140.04	2.42592997786
ENSDART00000083622	tead3a	3	43.6	46.5	NA	NA	NA	NA	NA	NA	NA
ENSDART00000008096	aph1b	593	54.3	49.8	15.9	28.9	73.6	95.8	62.72	108.48	0.790431619021
ENSDART00000033093	lad1	2	36.4	36.4	NA	NA	NA	NA	NA	NA	NA
ENSDART00000090368	C24H8orf44	123	32.6	27.8	12.9	19.7	44.7	54.9	NA	NA	NA
ENSDART00000024058	kcnh2	3	77.2	42.4	NA	NA	NA	NA	NA	NA	NA
ENSDART00000103385	slc25a22	429	56.1	30.0	10.1	17.0	79.8	149.1	NA	NA	NA
ENSDART00000097691	ncana	2	52.7	52.7	NA	NA	NA	NA	NA	NA	NA
ENSDART00000028093	cldn15la	1	130.6	130.6	NA	NA	NA	NA	NA	NA	NA
ENSDART00000087426	bcl11aa	3	55.9	44.5	NA	NA	NA	NA	NA	NA	NA
ENSDART00000111537	zgc:162576	2	15.5	15.5	NA	NA	NA	NA	NA	NA	NA
ENSDART00000112788	slc39a5	1	30.0	30.0	NA	NA	NA	NA	NA	NA	NA
ENSDART00000086164	kctd3	2	77.1	77.1	NA	NA	NA	NA	NA	NA	NA
ENSDART00000086165	setd1ba	32	22.0	18.1	5.8	11.8	30.6	40.8	3.61	4.1	0.183625072618
ENSDART00000089642	FBXO31	25	40.4	36.0	12.5	18.3	52.8	65.2	NA	NA	NA
ENSDART00000073839	slc38a7	363	72.6	70.9	28.2	47.9	96.8	118.3	41.16	138.04	1.74577149154
ENSDART00000089640	PDE3B	21	38.9	35.4	5.5	12.0	47.1	90.3	NA	NA	NA
ENSDART00000060545	dennd5a	3	75.2	113.8	NA	NA	NA	NA	NA	NA	NA
ENSDART00000112782	cspg4	1	35.6	35.6	NA	NA	NA	NA	NA	NA	NA
ENSDART00000112784	LYRM9	78	17.6	15.6	4.9	8.3	24.7	32.6	NA	NA	NA
ENSDART00000032324	hddc3	10	31.6	27.9	7.4	13.9	51.5	61.1	NA	NA	NA
ENSDART00000032322	abcg2c	11	43.4	40.6	6.4	29.2	62.7	72.5	NA	NA	NA
ENSDART00000032857	mapk11	2	77.7	77.7	NA	NA	NA	NA	NA	NA	NA
ENSDART00000109926	man1b1	42	43.4	28.1	6.2	17.8	62.1	99.5	NA	NA	NA
ENSDART00000108852	pkmyt1	77	22.5	19.9	4.4	10.7	34.2	44.1	NA	NA	NA
ENSDART00000074116	rab33ba	120	29.9	27.0	11.0	16.2	41.1	56.1	NA	NA	NA
ENSDART00000074117	aspa	3	73.8	34.4	NA	NA	NA	NA	NA	NA	NA
ENSDART00000003847	mylpfb	8	51.8	48.0	NA	NA	NA	NA	NA	NA	NA
ENSDART00000078642	VPS37B	206	33.4	27.9	7.6	14.8	44.8	71.3	NA	NA	NA
ENSDART00000130208	CARKD	96	37.6	36.4	11.3	20.1	50.7	62.8	27.75	21.74	-0.352135831098
ENSDART00000113353	BX248510.1	91	26.7	22.0	8.0	14.5	30.7	45.3	NA	NA	NA
ENSDART00000105586	srsf2b	21	74.5	65.3	24.6	43.1	106.4	132.5	NA	NA	NA
ENSDART00000124552	FASTKD5	66	49.1	47.9	12.1	31.0	66.0	82.6	NA	NA	NA
ENSDART00000023336	rps6	252	46.2	40.0	15.6	28.1	56.7	87.7	232.26	23.77	-3.28852690507
ENSDART00000109509	PTPLA	2	21.5	21.5	NA	NA	NA	NA	NA	NA	NA
ENSDART00000124559	C3H17orf104	31	21.9	20.4	9.4	15.1	29.0	36.8	NA	NA	NA
ENSDART00000062366	rsrc2	117	33.1	26.3	8.5	16.3	38.7	65.7	73.01	39.89	-0.87206695649
ENSDART00000080332	cops5	167	35.3	31.0	12.4	21.5	46.2	62.7	38.49	53.23	0.467755895115
ENSDART00000127921	CCDC114	2	31.8	31.8	NA	NA	NA	NA	NA	NA	NA
ENSDART00000127923	nktr	43	48.8	40.6	18.2	23.1	73.4	92.0	14.85	15.92	0.100377404856
ENSDART00000077642	atoh1a	1	41.7	41.7	NA	NA	NA	NA	NA	NA	NA
ENSDART00000077641	cyb561d1	1	37.9	37.9	NA	NA	NA	NA	NA	NA	NA
ENSDART00000009767	vac14	19	63.5	72.6	7.8	31.3	88.8	105.6	9.75	54.52	2.48331143817
ENSDART00000131557	mvd	19	22.4	17.7	5.9	11.4	33.8	44.6	NA	NA	NA
ENSDART00000091625	atp8a1	1	14.2	14.2	NA	NA	NA	NA	NA	NA	NA
ENSDART00000058256	zp3b	154	53.4	46.7	13.0	27.5	70.3	104.9	64.57	38.38	-0.750509315552
ENSDART00000058255	bbs5	2	12.4	12.4	NA	NA	NA	NA	NA	NA	NA
ENSDART00000081746	apoa1bp	169	25.1	21.5	7.1	13.2	32.9	48.4	NA	NA	NA
ENSDART00000080339	galm	10	90.8	88.0	73.6	84.4	99.3	112.6	NA	NA	NA
ENSDART00000147520	lnx1	3	63.4	25.5	NA	NA	NA	NA	NA	NA	NA
ENSDART00000058258	gng5	642	78.2	80.0	36.8	57.4	99.2	115.8	NA	NA	NA
ENSDART00000033630	OSBP2	9	35.2	33.6	NA	NA	NA	NA	NA	NA	NA
ENSDART00000124022	mapkap1	93	61.1	58.5	32.6	45.7	77.0	90.2	NA	NA	NA
ENSDART00000084839	tmprss13b	1	56.4	56.4	NA	NA	NA	NA	NA	NA	NA
ENSDART00000100893	si:ch211-125e6.13	5	28.5	26.5	NA	NA	NA	NA	NA	NA	NA
ENSDART00000020673	f3a	1	3.7	3.7	NA	NA	NA	NA	NA	NA	NA
ENSDART00000084834	SRGAP3	7	81.0	47.3	NA	NA	NA	NA	NA	NA	NA
ENSDART00000138783	rnf216	175	41.4	38.0	10.7	22.9	53.9	76.4	42.9	71.53	0.737570793801
ENSDART00000124164	palm1b	91	44.2	39.8	11.7	21.2	63.5	87.0	20.27	34.2	0.754650236306
ENSDART00000121447	uvssa	3	38.7	24.4	NA	NA	NA	NA	NA	NA	NA
ENSDART00000035670	polr2eb	101	25.2	22.7	9.8	14.7	32.6	46.6	65.17	17.97	-1.85861758611
ENSDART00000024309	rb1	36	71.0	63.7	19.9	40.8	111.3	132.1	8.1	140.26	4.1140379149
ENSDART00000050821	C13H1orf65	1	142.2	142.2	NA	NA	NA	NA	NA	NA	NA
ENSDART00000024304	per3	4	62.3	54.4	NA	NA	NA	NA	2.65	9.5	1.84193515377
ENSDART00000124168	ppp4r2b	477	53.5	46.2	11.4	24.7	77.1	107.1	70.46	427.16	2.59990017695
ENSDART00000006132	cfl1	2406	68.2	67.0	16.8	37.1	97.8	119.0	722.27	2084.31	1.52895971264
ENSDART00000019581	arih1	125	35.4	28.5	7.6	15.9	49.1	68.4	21.89	55.63	1.34559115107
ENSDART00000123274	papss1	96	43.6	35.5	11.6	22.5	61.5	85.8	NA	NA	NA
ENSDART00000081038	ndnl2	228	32.6	29.8	9.9	19.6	42.4	58.0	72.09	104.65	0.537701257292
ENSDART00000029797	faf2	381	63.4	63.4	28.9	45.3	81.2	97.4	53.78	183.7	1.77220996613
ENSDART00000143723	idi1	35	61.9	44.3	13.7	19.9	79.8	113.8	NA	NA	NA
ENSDART00000078916	smim7	41	37.0	30.7	8.4	16.2	50.1	69.7	NA	NA	NA
ENSDART00000135027	sgk2a	1	39.1	39.1	NA	NA	NA	NA	NA	NA	NA
ENSDART00000003715	actr6	46	67.1	69.6	31.6	49.1	87.5	94.8	10.53	25.38	1.26918663282
ENSDART00000025324	spns1	267	65.9	61.1	19.9	35.6	94.6	119.9	22.8	123.65	2.43915651023
ENSDART00000065183	cldn2	3	61.0	52.0	NA	NA	NA	NA	NA	NA	NA
ENSDART00000111506	fam211ba	108	21.6	20.8	6.3	12.4	28.9	40.4	NA	NA	NA
ENSDART00000047740	wdr32	239	24.1	20.3	5.3	11.6	30.6	48.4	16.03	7.09	-1.17691689292
ENSDART00000087566	trip12	162	68.1	58.2	15.6	39.8	92.2	112.4	18.75	63.12	1.75120660974
ENSDART00000129463	ago4	142	59.6	49.1	10.9	19.6	86.6	135.4	31.43	193.82	2.62450327076
ENSDART00000087563	bivm	2	58.4	58.4	NA	NA	NA	NA	NA	NA	NA
ENSDART00000007735	ust	37	25.0	19.5	7.2	10.8	29.3	48.8	NA	NA	NA
ENSDART00000085021	mmaa	145	57.1	55.2	24.9	35.3	71.7	95.3	40.61	41.09	0.0169523032433
ENSDART00000087568	nelfa	166	39.7	36.8	7.9	19.5	55.8	74.9	29.21	95.21	1.704650751
ENSDART00000114060	cdnf	2	25.1	25.1	NA	NA	NA	NA	NA	NA	NA
ENSDART00000026578	ube2v2	182	49.9	38.8	10.1	19.8	70.3	108.6	60.12	124.66	1.05208170349
ENSDART00000079202	abcb8	39	39.4	37.5	13.7	19.1	54.4	73.9	NA	NA	NA
ENSDART00000017859	ddi2	202	87.9	90.9	27.0	58.9	116.8	135.5	11.98	398.93	5.05743580661
ENSDART00000079207	trim47	33	81.4	78.0	20.4	47.0	106.5	148.6	NA	NA	NA
ENSDART00000017854	lgi1a	109	72.2	71.0	22.0	44.6	102.3	125.6	NA	NA	NA
ENSDART00000081926	CU856539.1	15	62.6	56.7	35.5	47.3	67.5	108.7	NA	NA	NA
ENSDART00000081922	SPIN2B	141	29.5	25.5	5.7	14.3	39.2	61.0	NA	NA	NA
ENSDART00000017852	ubxn7	132	44.1	41.4	19.5	27.1	60.2	75.4	25.76	82.89	1.68606546942
ENSDART00000113202	CABZ01085594.1	4	65.9	65.7	NA	NA	NA	NA	NA	NA	NA
ENSDART00000124411	sumo2a	108	31.3	25.3	10.1	17.1	39.6	61.5	NA	NA	NA
ENSDART00000062587	klf2a	246	53.2	36.9	8.2	18.6	77.6	121.6	NA	NA	NA
ENSDART00000007012	EPS8	12	42.4	34.2	10.0	14.8	69.2	79.3	6.87	5.36	-0.35807709836
ENSDART00000090712	stox1	7	31.0	32.2	NA	NA	NA	NA	13.37	10.47	-0.352738023163
ENSDART00000090711	ltc4s	1	107.0	107.0	NA	NA	NA	NA	NA	NA	NA
ENSDART00000045397	stx11b.1	1	34.5	34.5	NA	NA	NA	NA	NA	NA	NA
ENSDART00000139560	ppp3r1a	68	34.0	31.0	10.9	18.7	43.4	63.8	NA	NA	NA
ENSDART00000139567	renbp	1	130.4	130.4	NA	NA	NA	NA	NA	NA	NA
ENSDART00000014649	ugt2a5	1	45.0	45.0	NA	NA	NA	NA	NA	NA	NA
ENSDART00000137125	SPOP	13	29.7	29.0	10.0	11.6	42.1	56.9	NA	NA	NA
ENSDART00000135271	MYADM	6	103.5	134.8	NA	NA	NA	NA	NA	NA	NA
ENSDART00000087782	mrps9	75	37.3	35.0	11.6	17.6	54.9	69.6	28.07	33.92	0.273107106051
ENSDART00000148652	slc26a2	11	48.5	32.5	16.6	23.9	79.7	97.3	NA	NA	NA
ENSDART00000087786	slka	169	53.1	49.3	13.7	28.7	73.7	94.0	29.89	85.24	1.5118676961
ENSDART00000019459	fam91a1	60	26.0	22.1	9.6	14.8	34.7	48.6	NA	NA	NA
ENSDART00000130832	trmt61a	1	36.7	36.7	NA	NA	NA	NA	39.75	182.51	2.1989487481
ENSDART00000130833	CABZ01024770.1	65	32.5	27.0	7.9	18.1	42.2	56.7	NA	NA	NA
ENSDART00000047358	fkbp6	135	26.4	24.0	5.2	10.7	36.9	51.5	NA	NA	NA
ENSDART00000017140	arhgef11	87	38.8	34.9	7.5	18.3	53.3	77.8	9.02	7.61	-0.245230979752
ENSDART00000017144	bag1	49	49.9	45.6	23.0	29.5	63.5	82.8	NA	NA	NA
ENSDART00000043117	fbxw4	11	31.5	22.9	7.6	9.0	43.0	57.7	NA	NA	NA
ENSDART00000012318	htra1b	1	11.0	11.0	NA	NA	NA	NA	NA	NA	NA
ENSDART00000017148	gclc	109	98.5	108.2	28.3	71.3	131.6	148.2	27.95	181.41	2.69833379664
ENSDART00000081054	tada3l	16	39.9	37.0	16.2	20.3	53.7	67.3	11.26	10.43	-0.11046766956
ENSDART00000128736	lmbrd2a	75	38.9	37.9	10.5	19.2	54.1	64.7	NA	NA	NA
ENSDART00000128737	fkbp7	16	82.9	75.2	40.1	59.6	109.1	144.1	NA	NA	NA
ENSDART00000128731	rnps1	919	66.1	64.5	27.1	41.5	86.8	106.0	88.8	734.08	3.04730571478
ENSDART00000123359	BX005472.1	13	60.5	56.4	23.0	40.3	84.3	98.2	NA	NA	NA
ENSDART00000123354	msl2b	96	35.2	26.1	9.0	16.1	40.6	73.9	21.95	9.17	-1.25922730083
ENSDART00000021231	slmapb	358	41.4	31.8	10.7	17.4	56.3	86.8	NA	NA	NA
ENSDART00000144218	si:dkey-27b3.4	1	13.4	13.4	NA	NA	NA	NA	NA	NA	NA
ENSDART00000123350	sptlc2a	62	42.5	34.8	14.2	22.3	60.7	81.5	NA	NA	NA
ENSDART00000006490	tlk2	257	60.2	56.8	17.4	35.1	81.0	107.7	41.59	152.68	1.87620250157
ENSDART00000114340	plagl2	1	-8.0	-8.0	NA	NA	NA	NA	NA	NA	NA
ENSDART00000103815	stmn2a	17	81.6	90.5	7.9	32.9	125.9	137.7	NA	NA	NA
ENSDART00000151404	abat	47	56.1	52.8	10.4	24.8	75.1	112.4	12.53	78.24	2.64251995563
ENSDART00000145848	si:dkey-61l1.4	2	121.1	121.1	NA	NA	NA	NA	NA	NA	NA
ENSDART00000097923	actr8	126	28.1	25.5	9.5	17.6	34.0	51.1	26.28	5.75	-2.19233141449
ENSDART00000138852	lcorl	92	50.2	48.9	14.6	24.1	72.1	89.1	20.22	22.93	0.181453357678
ENSDART00000057885	fgf8b	1	18.6	18.6	NA	NA	NA	NA	NA	NA	NA
ENSDART00000108721	tjp1a	19	55.6	59.8	-5.8	0.5	101.7	121.9	7.45	67.65	3.18277760351
ENSDART00000148210	dnajc4	4	68.6	65.9	NA	NA	NA	NA	NA	NA	NA
ENSDART00000040499	pus7	71	72.0	69.8	39.1	52.8	89.9	108.3	17.25	33.76	0.968718542154
ENSDART00000135667	si:dkey-88l16.5	264	44.1	39.3	12.4	23.2	63.7	81.0	NA	NA	NA
ENSDART00000098132	klhl24	23	45.7	48.6	19.9	34.3	54.6	68.3	10.1	18.66	0.885593693213
ENSDART00000122408	CCDC178	1	45.1	45.1	NA	NA	NA	NA	NA	NA	NA
ENSDART00000124833	pdcd11	69	72.8	72.6	25.3	53.2	88.6	109.0	28.83	77.75	1.43127183841
ENSDART00000122405	jak2b	163	24.5	18.9	4.1	10.3	34.0	47.1	NA	NA	NA
ENSDART00000122407	cdk1	86	27.8	19.8	5.1	9.2	29.0	62.7	12.76	10.04	-0.345869059814
ENSDART00000122403	wu:fb55g09	29	28.1	21.7	10.9	16.6	32.7	45.3	NA	NA	NA
ENSDART00000147296	si:rp71-1f1.4	5	52.4	40.0	NA	NA	NA	NA	NA	NA	NA
ENSDART00000060321	RAMP1	3	25.4	28.7	NA	NA	NA	NA	NA	NA	NA
ENSDART00000141595	med23	73	69.4	67.1	42.6	52.4	86.9	99.3	9.75	27.71	1.50693258684
ENSDART00000034078	psmc4	218	53.5	53.7	21.0	34.0	70.5	86.0	50.95	280.25	2.45956032153
ENSDART00000006724	smarcd3b	3	50.6	52.9	NA	NA	NA	NA	NA	NA	NA
ENSDART00000006726	irx1a	3	16.9	14.2	NA	NA	NA	NA	NA	NA	NA
ENSDART00000078000	C16H1orf43	201	32.2	28.4	9.1	15.5	43.5	57.7	NA	NA	NA
ENSDART00000099192	htr5al	3	21.4	7.5	NA	NA	NA	NA	NA	NA	NA
ENSDART00000016002	tspan7	206	47.2	40.3	12.1	22.5	60.1	84.0	20.28	62.4	1.62148837675
ENSDART00000104657	mrps21	123	34.4	26.8	10.3	18.3	43.1	75.2	NA	NA	NA
ENSDART00000108868	CT990569.2	38	31.5	18.4	0.3	7.2	43.2	88.0	4.51	15.22	1.75476902025
ENSDART00000133843	pde3a	1	32.1	32.1	NA	NA	NA	NA	NA	NA	NA
ENSDART00000011662	ppm1bb	83	70.7	67.8	19.8	32.5	99.8	122.7	18.01	155.58	3.11078652567
ENSDART00000138818	arid1b	5	68.2	76.1	NA	NA	NA	NA	NA	NA	NA
ENSDART00000098728	CABZ01109624.1	1	19.4	19.4	NA	NA	NA	NA	NA	NA	NA
ENSDART00000111542	shroom4	101	55.8	56.7	16.9	31.5	77.7	101.3	14.74	26.97	0.871618997141
ENSDART00000139053	si:dkey-183c16.7	23	22.2	17.2	4.6	9.7	30.1	41.1	NA	NA	NA
ENSDART00000108893	kansl1l	1	47.8	47.8	NA	NA	NA	NA	NA	NA	NA
ENSDART00000098727	svopa	1	54.3	54.3	NA	NA	NA	NA	NA	NA	NA
ENSDART00000065556	POLQ	21	30.3	29.4	6.6	18.2	37.8	54.3	6.35	8.02	0.336845644795
ENSDART00000023926	eif3eb	46	65.4	65.3	29.4	46.2	79.2	101.1	19.03	80.66	2.08357784413
ENSDART00000100778	C18H15orf38	14	51.7	50.9	22.2	33.9	61.5	80.2	NA	NA	NA
ENSDART00000100776	fam169b	4	53.4	50.2	NA	NA	NA	NA	NA	NA	NA
ENSDART00000084557	lhpp	4	42.4	54.0	NA	NA	NA	NA	NA	NA	NA
ENSDART00000140243	actn1	1	5.6	5.6	NA	NA	NA	NA	NA	NA	NA
ENSDART00000083836	CCDC86	344	40.5	38.0	14.3	26.3	52.4	66.5	228.5	68.76	-1.73255271535
ENSDART00000097528	sp4	9	42.2	30.6	NA	NA	NA	NA	NA	NA	NA
ENSDART00000110892	b4galnt3b	33	48.8	45.6	16.4	24.2	65.7	88.5	NA	NA	NA
ENSDART00000060181	zgc:114174	7	30.4	21.4	NA	NA	NA	NA	NA	NA	NA
ENSDART00000029930	slc48a1b	228	31.7	24.3	8.2	14.6	41.7	62.4	NA	NA	NA
ENSDART00000018411	dyx1c1	9	43.8	41.7	NA	NA	NA	NA	NA	NA	NA
ENSDART00000033957	UTP20	36	96.2	96.5	41.8	78.9	125.6	146.2	7.97	22.63	1.50558495528
ENSDART00000126092	irs4a	8	28.2	11.0	NA	NA	NA	NA	NA	NA	NA
ENSDART00000099994	hspa8	5652	56.7	50.9	29.5	40.1	65.0	89.5	1398.97	698.84	-1.00133093289
ENSDART00000126097	otx2	1	30.1	30.1	NA	NA	NA	NA	NA	NA	NA
ENSDART00000099992	C10H11orf63	109	22.3	21.4	5.7	10.9	29.4	41.0	NA	NA	NA
ENSDART00000039585	klhl36	7	62.1	67.5	NA	NA	NA	NA	NA	NA	NA
ENSDART00000008152	sgk2b	2	67.7	67.7	NA	NA	NA	NA	NA	NA	NA
ENSDART00000011627	irx7	465	29.5	19.8	3.2	9.6	35.7	68.5	NA	NA	NA
ENSDART00000019325	cyp20a1	55	40.3	37.6	16.1	24.7	50.6	71.4	16.72	10.1	-0.727219554442
ENSDART00000059285	yif1b	194	29.0	24.6	10.3	14.6	37.7	52.6	19.0	22.79	0.262401506047
ENSDART00000014769	chn2	2	18.2	18.2	NA	NA	NA	NA	NA	NA	NA
ENSDART00000124764	myoz2a	1	61.8	61.8	NA	NA	NA	NA	NA	NA	NA
ENSDART00000014766	casp8l2	7	58.8	54.5	NA	NA	NA	NA	NA	NA	NA
ENSDART00000014945	hcfc1a	288	84.2	85.8	22.0	51.3	119.6	140.0	30.6	246.16	3.00799279075
ENSDART00000148524	nol12	262	52.7	49.2	17.8	31.4	68.8	89.8	63.25	130.58	1.04579656166
ENSDART00000136640	wwp2	129	81.4	88.1	27.2	46.8	113.9	128.9	7.48	60.75	3.02177423349
ENSDART00000051392	spns3	1	70.8	70.8	NA	NA	NA	NA	NA	NA	NA
ENSDART00000102554	lrp8	1	33.1	33.1	NA	NA	NA	NA	NA	NA	NA
ENSDART00000102555	actr2b	17	53.9	45.8	9.8	16.6	90.6	106.4	NA	NA	NA
ENSDART00000127157	hlfa	21	19.3	20.6	3.1	9.5	27.0	30.7	NA	NA	NA
ENSDART00000014721	echdc2	6	50.9	46.5	NA	NA	NA	NA	NA	NA	NA
ENSDART00000102552	trmt11	199	35.0	32.8	13.9	23.3	43.7	59.1	51.93	73.43	0.499801374547
ENSDART00000102553	homer3	105	47.4	37.3	14.8	23.4	65.6	95.0	NA	NA	NA
ENSDART00000034690	otud3	138	41.9	36.1	13.4	21.2	54.8	71.8	NA	NA	NA
ENSDART00000064975	rbm18	51	40.1	38.3	16.0	23.6	49.4	63.7	NA	NA	NA
ENSDART00000064974	anxa3b	47	74.2	78.5	30.1	58.9	96.6	106.3	NA	NA	NA
ENSDART00000136865	cfp	2	138.9	138.9	NA	NA	NA	NA	NA	NA	NA
ENSDART00000074272	im:6904045	1	141.5	141.5	NA	NA	NA	NA	NA	NA	NA
ENSDART00000041714	atp6v0a1b	8	37.2	40.5	NA	NA	NA	NA	NA	NA	NA
ENSDART00000123921	CCP110	1	53.1	53.1	NA	NA	NA	NA	NA	NA	NA
ENSDART00000066583	zgc:112496	32	36.4	29.9	9.0	18.7	43.4	60.7	NA	NA	NA
ENSDART00000126406	FBXL3	2	33.1	33.1	NA	NA	NA	NA	NA	NA	NA
ENSDART00000085201	pmp22b	26	29.3	29.4	3.7	14.0	36.3	50.9	NA	NA	NA
ENSDART00000082526	zgc:111976	146	39.4	39.5	16.8	27.3	52.0	60.1	NA	NA	NA
ENSDART00000082256	ciao1	165	34.8	29.9	8.4	18.1	49.8	61.3	28.67	66.32	1.20990210226
ENSDART00000124492	zgc:111868	1282	36.9	34.7	12.1	21.4	51.2	65.1	156.78	106.01	-0.564541168817
ENSDART00000129598	usp36	150	63.9	62.2	28.1	43.5	76.3	102.1	64.9	32.36	-1.00400687046
ENSDART00000124499	hprt1	152	46.2	34.6	10.4	15.8	71.8	95.0	NA	NA	NA
ENSDART00000103357	vapb	139	39.4	34.8	8.4	18.9	59.4	79.2	NA	NA	NA
ENSDART00000004735	aaas	35	47.0	30.7	10.2	22.1	62.8	92.8	NA	NA	NA
ENSDART00000126802	ccdc43	42	67.8	68.1	31.1	50.4	84.7	107.1	23.02	86.94	1.91713226215
ENSDART00000061585	C9H2orf49	134	47.9	46.7	11.8	23.1	66.4	89.2	NA	NA	NA
ENSDART00000004739	nup50	389	65.0	62.1	23.6	38.7	88.3	107.5	33.34	137.74	2.04662157271
ENSDART00000021620	cldnd	4287	22.4	19.3	5.3	11.5	29.9	42.9	686.97	231.19	-1.5711681017
ENSDART00000093122	lrp6	70	54.2	49.6	18.2	30.4	68.8	89.5	10.45	2.63	-1.99036823768
ENSDART00000093123	SMUG1	47	21.5	19.6	3.3	8.4	26.2	46.1	NA	NA	NA
ENSDART00000083784	ubtd1b	48	45.4	41.3	15.8	28.7	63.1	74.8	NA	NA	NA
ENSDART00000015547	cldng	2689	28.9	25.4	8.2	14.9	38.8	53.4	827.23	225.74	-1.87362642728
ENSDART00000111987	ATG7	2	23.7	23.7	NA	NA	NA	NA	NA	NA	NA
ENSDART00000123431	iqce	68	50.6	44.3	13.8	25.0	71.3	103.1	NA	NA	NA
ENSDART00000074850	tpra	0	NA	NA	NA	NA	NA	NA	11.32	16.77	0.567008730732
ENSDART00000047912	gpkow	87	49.1	47.9	19.7	32.3	66.3	78.0	24.63	112.67	2.19361489549
ENSDART00000026147	sgut1	444	47.8	43.2	14.4	25.1	64.7	88.9	69.23	225.61	1.7043617623
ENSDART00000138578	st13	137	62.2	56.8	15.0	33.5	88.6	115.8	40.99	142.32	1.79579452063
ENSDART00000066053	cbx2	209	84.1	82.6	36.8	59.5	106.5	125.9	44.57	184.47	2.04924134659
ENSDART00000126154	prpf3	5	71.7	71.7	NA	NA	NA	NA	7.5	33.81	2.17248751551
ENSDART00000140882	ispd	19	50.1	45.6	27.6	39.0	62.9	80.4	NA	NA	NA
ENSDART00000059311	siae	33	23.9	17.8	10.2	12.5	36.7	47.1	NA	NA	NA
ENSDART00000005067	rbpja	170	51.3	41.5	12.3	23.7	71.2	102.0	NA	NA	NA
ENSDART00000097732	dvl3a	202	49.3	43.2	15.8	28.8	66.0	86.6	57.36	67.96	0.244640828482
ENSDART00000055225	wnt9b	2	5.0	5.0	NA	NA	NA	NA	NA	NA	NA
ENSDART00000111981	CNTNAP1	2	97.7	97.7	NA	NA	NA	NA	NA	NA	NA
ENSDART00000055228	psmc3ip	125	29.7	24.7	9.4	16.8	39.6	53.1	52.84	48.92	-0.111206062719
ENSDART00000125012	casp6l1	13	56.0	53.8	26.0	41.5	76.3	85.9	NA	NA	NA
ENSDART00000085524	STRN	68	49.1	43.2	8.7	22.5	72.1	93.2	9.38	15.9	0.761366937656
ENSDART00000125019	dhcr24	4	40.3	36.6	NA	NA	NA	NA	NA	NA	NA
ENSDART00000134255	trim37	218	24.7	22.3	4.1	11.1	35.3	50.2	NA	NA	NA
ENSDART00000104893	chrm3a	1	33.6	33.6	NA	NA	NA	NA	NA	NA	NA
ENSDART00000045210	mlf2	254	41.5	38.6	12.1	23.8	55.9	73.1	54.8	101.67	0.891646244357
ENSDART00000058628	ccsapb	17	42.5	24.0	12.1	16.8	53.6	86.7	NA	NA	NA
ENSDART00000058627	epb41l4a	3	30.0	31.0	NA	NA	NA	NA	NA	NA	NA
ENSDART00000058622	aak1	8	27.3	27.1	NA	NA	NA	NA	NA	NA	NA
ENSDART00000075184	snx1a	122	26.5	15.2	2.0	5.9	30.5	71.4	NA	NA	NA
ENSDART00000058620	zgc:66432	147	54.8	53.4	19.6	33.0	72.2	92.0	61.7	25.88	-1.25343287204
ENSDART00000135066	myo6a	63	26.0	21.2	-2.8	9.7	38.8	58.8	28.24	9.69	-1.54317151786
ENSDART00000130628	p2rx4a	92	41.3	40.4	17.9	27.2	51.1	64.0	NA	NA	NA
ENSDART00000130540	pigv	217	47.8	42.1	9.4	21.7	68.2	93.1	NA	NA	NA
ENSDART00000052871	pop7	61	34.0	27.3	5.7	15.8	41.4	76.3	NA	NA	NA
ENSDART00000052703	nucb2b	37	28.4	28.3	6.7	14.3	35.7	50.8	NA	NA	NA
ENSDART00000130549	si:dkey-67c22.2	81	73.8	72.3	26.4	41.4	102.2	126.9	84.89	133.76	0.655980232393
ENSDART00000092522	si:ch211-1e14.1	9	50.7	54.0	NA	NA	NA	NA	NA	NA	NA
ENSDART00000142661	osbpl2a	3	16.3	21.7	NA	NA	NA	NA	NA	NA	NA
ENSDART00000089787	edc4	101	61.0	60.4	20.7	38.7	84.9	102.5	6.76	140.19	4.3742163863
ENSDART00000142917	rag1	2	115.9	115.9	NA	NA	NA	NA	NA	NA	NA
ENSDART00000101550	zgc:173577	10	18.9	14.2	6.2	9.6	23.6	30.7	NA	NA	NA
ENSDART00000049430	trim54	3	44.1	45.6	NA	NA	NA	NA	NA	NA	NA
ENSDART00000136827	sox12	1	36.1	36.1	NA	NA	NA	NA	NA	NA	NA
ENSDART00000111531	epdl1	1	-8.2	-8.2	NA	NA	NA	NA	NA	NA	NA
ENSDART00000125176	AP1M2	160	38.7	31.6	14.6	22.2	49.0	71.2	22.4	2.48	-3.17508670656
ENSDART00000032460	med21	72	33.9	28.8	8.5	15.5	46.1	69.8	NA	NA	NA
ENSDART00000099601	C13H10orf54	3	148.8	155.8	NA	NA	NA	NA	NA	NA	NA
ENSDART00000081319	zrsr2	20	41.6	39.4	16.1	23.6	47.3	77.1	6.75	5.64	-0.259192339539
ENSDART00000011706	adprhl2	22	50.9	42.4	23.6	36.4	52.4	81.6	NA	NA	NA
ENSDART00000109710	ZFAT	29	37.6	38.1	14.0	20.0	47.3	65.7	7.78	5.9	-0.399055200737
ENSDART00000109714	usp53b	2	34.8	34.8	NA	NA	NA	NA	NA	NA	NA
ENSDART00000080294	sall3b	7	74.6	51.4	NA	NA	NA	NA	NA	NA	NA
ENSDART00000079968	cmasa	25	37.7	34.7	8.4	21.2	52.2	66.8	NA	NA	NA
ENSDART00000025229	adi1	77	44.1	37.6	10.0	18.2	71.2	86.4	38.48	36.02	-0.0953106178638
ENSDART00000028285	pgbd5	1	78.7	78.7	NA	NA	NA	NA	NA	NA	NA
ENSDART00000111303	CU075695.3	14	46.5	28.4	11.8	13.9	65.5	105.7	NA	NA	NA
ENSDART00000025550	top1mt	33	33.1	26.5	8.3	12.5	40.8	56.5	32.28	6.25	-2.36871248373
ENSDART00000129817	zgc:55764	44	48.9	48.1	12.9	27.1	63.8	94.4	NA	NA	NA
ENSDART00000151679	si:ch73-233k15.2	35	25.8	23.2	6.5	14.1	37.8	46.2	NA	NA	NA
ENSDART00000025227	picalm	159	36.8	32.5	15.9	23.7	42.7	64.4	NA	NA	NA
ENSDART00000025224	lrba	57	111.8	118.3	44.4	86.5	140.7	163.6	6.96	25.62	1.88011126449
ENSDART00000011890	ZBTB22	13	32.5	29.0	7.7	10.9	54.6	58.2	NA	NA	NA
ENSDART00000121722	C11H3orf14	20	24.9	24.9	7.8	17.3	32.6	38.1	NA	NA	NA
ENSDART00000076725	acot11a	5	30.4	21.9	NA	NA	NA	NA	NA	NA	NA
ENSDART00000109576	FAAH	2	57.4	57.4	NA	NA	NA	NA	NA	NA	NA
ENSDART00000125632	uggt2	136	63.0	62.3	22.2	42.0	83.9	101.8	18.67	44.85	1.26438605758
ENSDART00000086317	plxna1	123	48.4	45.5	14.6	25.2	67.9	82.5	27.97	17.39	-0.68562232117
ENSDART00000142002	map7d1a	14	47.8	44.2	26.3	29.7	65.2	74.3	NA	NA	NA
ENSDART00000060542	mrps25	154	91.6	88.7	52.7	66.7	111.3	136.6	50.54	88.77	0.81264653297
ENSDART00000027020	ankrd28b	206	27.9	19.3	8.3	14.1	36.9	60.3	23.49	17.7	-0.408297353042
ENSDART00000076200	h1fx	5	45.1	44.3	NA	NA	NA	NA	NA	NA	NA
ENSDART00000101142	chsy3	1	76.9	76.9	NA	NA	NA	NA	NA	NA	NA
ENSDART00000101143	mhc1zea	25	52.3	48.2	19.0	30.0	64.6	94.1	NA	NA	NA
ENSDART00000122523	akr1b1	1	47.7	47.7	NA	NA	NA	NA	NA	NA	NA
ENSDART00000040032	rtn4ip1	13	58.1	58.5	39.8	42.0	72.0	84.2	NA	NA	NA
ENSDART00000042189	pdk2	3	91.4	88.7	NA	NA	NA	NA	NA	NA	NA
ENSDART00000008711	gys1	127	24.9	22.3	9.1	16.8	31.0	41.9	NA	NA	NA
ENSDART00000115218	lipeb	27	21.9	19.8	3.5	10.6	32.8	43.7	NA	NA	NA
ENSDART00000067096	THUMPD1	62	27.5	22.3	5.5	10.6	36.3	51.0	27.53	7.53	-1.87028283992
ENSDART00000067095	nek8	24	41.1	37.7	19.9	26.5	54.0	69.0	NA	NA	NA
ENSDART00000138576	zgc:171977	50	65.2	59.8	18.4	41.3	83.1	118.1	NA	NA	NA
ENSDART00000132945	CR293532.1	2	10.9	10.9	NA	NA	NA	NA	NA	NA	NA
ENSDART00000127719	KDM6B	96	72.1	66.3	16.2	32.0	99.2	141.8	13.12	18.96	0.53119124428
ENSDART00000150675	si:dkey-82i20.2	1	15.8	15.8	NA	NA	NA	NA	NA	NA	NA
ENSDART00000110622	AL954137.2	25	75.7	59.2	-1.4	14.0	134.9	165.6	NA	NA	NA
ENSDART00000127710	apooa	13	30.0	23.6	17.6	19.7	35.3	39.8	NA	NA	NA
ENSDART00000127715	tbpl2	100	51.1	47.1	17.3	28.8	71.9	88.8	NA	NA	NA
ENSDART00000127436	zgc:92630	3	48.2	62.7	NA	NA	NA	NA	NA	NA	NA
ENSDART00000114840	zbtb17	92	43.6	35.0	10.3	20.2	53.4	73.6	20.96	9.17	-1.19264507794
ENSDART00000127430	CABZ01086292.1	29	30.5	27.2	11.5	17.0	40.6	53.1	NA	NA	NA
ENSDART00000127431	zgc:162936	29	37.8	31.2	7.5	14.6	55.1	72.8	45.11	24.34	-0.890118118006
ENSDART00000075718	ndufaf6	18	24.9	20.9	8.9	12.4	40.8	45.2	NA	NA	NA
ENSDART00000136084	mfhas1	22	52.4	41.3	19.3	26.0	57.2	84.3	NA	NA	NA
ENSDART00000007675	zgc:123105	169	46.5	41.0	8.9	23.1	66.1	89.3	18.96	65.77	1.79447070604
ENSDART00000123722	msxd	3	27.0	20.1	NA	NA	NA	NA	NA	NA	NA
ENSDART00000054843	C1H7orf26	54	31.6	27.2	13.0	18.9	44.4	49.3	NA	NA	NA
ENSDART00000002221	bco2l	4	39.1	35.0	NA	NA	NA	NA	NA	NA	NA
ENSDART00000016314	gfm2	12	18.1	16.1	4.1	9.8	21.6	42.8	NA	NA	NA
ENSDART00000016310	banp	36	38.8	36.9	9.5	21.8	52.0	72.0	NA	NA	NA
ENSDART00000011471	dhrs13a.2	213	36.9	33.2	11.2	18.7	52.1	68.0	55.33	65.55	0.244533856666
ENSDART00000054848	pmm2	15	50.5	41.4	18.8	23.6	71.2	92.9	NA	NA	NA
ENSDART00000113224	gna13a	84	54.4	53.3	20.5	34.3	69.6	85.6	NA	NA	NA
ENSDART00000114505	BX005256.2	16	33.5	33.3	16.2	21.6	48.6	50.2	NA	NA	NA
ENSDART00000087040	acsf2	87	113.9	119.8	63.7	99.3	137.0	150.1	19.66	205.96	3.38902894846
ENSDART00000130952	CR407588.1	1	28.8	28.8	NA	NA	NA	NA	NA	NA	NA
ENSDART00000087047	rab40c	193	52.1	50.1	15.1	29.1	71.0	92.6	42.28	70.58	0.739284053397
ENSDART00000020333	rae1	177	54.8	48.5	22.9	36.1	68.3	83.9	24.58	118.04	2.26371900506
ENSDART00000075713	adrb3a	1	46.6	46.6	NA	NA	NA	NA	NA	NA	NA
ENSDART00000114508	hprt1l	313	25.5	23.3	7.2	13.9	34.7	45.0	NA	NA	NA
ENSDART00000113229	cib2	3	60.1	56.5	NA	NA	NA	NA	NA	NA	NA
ENSDART00000134848	si:dkeyp-19e1.3	8	47.3	54.1	NA	NA	NA	NA	NA	NA	NA
ENSDART00000084037	sphk2	92	37.1	30.4	11.3	18.3	55.4	73.7	NA	NA	NA
ENSDART00000121655	dnajb6a	0	NA	NA	NA	NA	NA	NA	45.21	154.04	1.76859120548
ENSDART00000110432	KAZN	1	-9.5	-9.5	NA	NA	NA	NA	NA	NA	NA
ENSDART00000093583	COX19	31	33.8	30.0	13.6	22.6	50.8	57.2	NA	NA	NA
ENSDART00000149137	rxfp2a	7	23.9	16.1	NA	NA	NA	NA	NA	NA	NA
ENSDART00000140749	DIDO1	67	56.9	51.7	13.3	30.9	84.3	104.4	6.12	32.89	2.42604545014
ENSDART00000110553	ranbp1	2	26.8	26.8	NA	NA	NA	NA	185.39	567.01	1.6128107527
ENSDART00000110552	ZDHHC1	2	56.1	56.1	NA	NA	NA	NA	NA	NA	NA
ENSDART00000110550	bcar3	2	45.7	45.7	NA	NA	NA	NA	NA	NA	NA
ENSDART00000007356	ntla	32	81.9	65.6	35.5	49.5	98.2	127.4	NA	NA	NA
ENSDART00000150204	atp5e	304	31.4	26.6	9.6	16.6	42.5	58.8	150.05	37.78	-1.9897487121
ENSDART00000150209	tfb2m	19	42.5	36.7	9.3	20.1	53.0	89.0	NA	NA	NA
ENSDART00000127383	stard8	182	35.7	31.3	11.5	19.8	48.0	68.2	31.28	10.56	-1.56663067795
ENSDART00000127384	hoxc9a	1	98.1	98.1	NA	NA	NA	NA	NA	NA	NA
ENSDART00000144153	mff	4	99.4	31.9	NA	NA	NA	NA	NA	NA	NA
ENSDART00000115109	zgc:195633	12	15.6	19.0	-5.6	3.2	26.2	35.4	NA	NA	NA
ENSDART00000115108	soul4	14	53.1	53.0	25.6	38.7	68.6	87.4	NA	NA	NA
ENSDART00000141437	sdc2	61	49.0	46.9	5.2	20.4	75.7	96.8	21.13	91.3	2.11132209294
ENSDART00000144406	ercc5	1	13.7	13.7	NA	NA	NA	NA	10.31	4.54	-1.18328013008
ENSDART00000062935	heca	1	33.6	33.6	NA	NA	NA	NA	NA	NA	NA
ENSDART00000063643	rmnd5b	384	36.7	30.5	10.6	17.3	49.9	74.2	70.0	155.13	1.14805088348
ENSDART00000063644	dph3	63	33.5	31.5	11.1	20.8	45.0	52.2	NA	NA	NA
ENSDART00000128577	TTC34	1	47.5	47.5	NA	NA	NA	NA	NA	NA	NA
ENSDART00000063648	nck2b	19	57.7	33.6	19.2	22.1	61.1	81.6	NA	NA	NA
ENSDART00000019667	rnf114	64	63.0	69.7	22.4	41.8	88.5	102.7	NA	NA	NA
ENSDART00000137681	nudt4a	24	51.3	47.1	9.4	24.9	75.6	94.2	NA	NA	NA
ENSDART00000105711	sh3bp4a	2	137.0	137.0	NA	NA	NA	NA	NA	NA	NA
ENSDART00000084780	rnf121	109	43.8	41.0	17.6	24.9	55.9	78.3	NA	NA	NA
ENSDART00000043582	CECR5	2	107.8	107.8	NA	NA	NA	NA	NA	NA	NA
ENSDART00000134124	znf692	4	41.3	31.8	NA	NA	NA	NA	NA	NA	NA
ENSDART00000137689	hnrnpm	294	109.8	108.6	54.0	86.3	133.3	160.1	95.35	320.56	1.74928957123
ENSDART00000009256	brd9	97	47.8	46.0	18.3	32.6	60.7	75.0	34.75	33.21	-0.0653952549955
ENSDART00000110881	si:ch211-150j10.4	2	81.7	81.7	NA	NA	NA	NA	NA	NA	NA
ENSDART00000110883	akap12b	194	100.0	112.2	16.5	75.3	132.7	151.7	NA	NA	NA
ENSDART00000110882	dido1	82	44.4	29.6	8.7	15.7	65.6	97.5	35.86	35.23	-0.0255710133734
ENSDART00000045985	phkg1a	1	8.8	8.8	NA	NA	NA	NA	NA	NA	NA
ENSDART00000134816	slc2a3a	4	14.2	13.8	NA	NA	NA	NA	NA	NA	NA
ENSDART00000122099	dynll2a	340	65.1	58.4	13.1	29.7	95.6	124.9	117.28	344.48	1.55446321603
ENSDART00000122098	rhogc	312	42.1	37.0	12.2	20.4	58.2	81.4	47.04	226.08	2.2648734055
ENSDART00000040171	qrich1	146	81.1	80.7	26.5	56.3	106.5	127.6	24.36	274.25	3.49290558227
ENSDART00000015377	rnaseh2b	23	30.7	31.2	13.9	17.5	40.9	52.0	24.55	5.31	-2.2089392584
ENSDART00000064017	rapgef1a	27	27.8	21.0	9.8	14.7	35.1	59.8	NA	NA	NA
ENSDART00000109327	wu:fu71h07	1	50.3	50.3	NA	NA	NA	NA	NA	NA	NA
ENSDART00000060049	hspa13	4	28.8	26.2	NA	NA	NA	NA	NA	NA	NA
ENSDART00000015379	gfi1aa	1	32.8	32.8	NA	NA	NA	NA	NA	NA	NA
ENSDART00000124273	kif20a	493	51.5	49.3	16.2	30.0	67.6	89.0	27.65	121.71	2.13809632281
ENSDART00000106251	CR382385.1	1	20.3	20.3	NA	NA	NA	NA	NA	NA	NA
ENSDART00000085786	znf346	140	102.8	112.1	32.1	81.6	136.1	154.5	NA	NA	NA
ENSDART00000114778	amot	118	45.5	39.4	12.2	24.2	62.7	78.9	NA	NA	NA
ENSDART00000098911	si:dkey-3b8.4	6	21.7	22.1	NA	NA	NA	NA	NA	NA	NA
ENSDART00000011780	xab2	66	68.5	64.6	31.3	51.0	85.0	108.1	7.97	54.95	2.78546785185
ENSDART00000082668	C5H2orf68	14	54.0	53.2	12.8	34.1	68.2	102.3	NA	NA	NA
ENSDART00000075400	eif3jb	40	91.5	94.4	38.2	72.2	110.7	130.9	80.89	43.42	-0.897601635019
ENSDART00000030691	clic4	48	91.5	87.2	38.6	64.0	126.3	137.7	NA	NA	NA
ENSDART00000137357	zgc:175214	1	15.0	15.0	NA	NA	NA	NA	NA	NA	NA
ENSDART00000012877	ero1l	29	22.7	18.1	10.2	13.1	32.4	38.2	NA	NA	NA
ENSDART00000137355	tet3	2	9.4	9.4	NA	NA	NA	NA	NA	NA	NA
ENSDART00000137353	klhl17	14	27.4	26.6	8.7	16.3	34.9	51.5	NA	NA	NA
ENSDART00000012873	klf12a	4	30.7	28.3	NA	NA	NA	NA	NA	NA	NA
ENSDART00000023040	hes6	25	49.6	25.2	8.5	12.7	92.5	118.2	NA	NA	NA
ENSDART00000081445	ubox5	25	25.6	23.0	10.7	15.0	33.4	38.4	NA	NA	NA
ENSDART00000081446	zgc:123008	76	36.9	33.0	11.2	17.7	43.2	61.0	NA	NA	NA
ENSDART00000081442	fubp1	385	90.0	78.2	29.7	49.8	122.9	160.6	55.11	465.8	3.07932460727
ENSDART00000026567	foxn1	7	37.9	37.4	NA	NA	NA	NA	NA	NA	NA
ENSDART00000051236	mink1	75	50.7	40.7	2.0	21.8	78.3	111.9	11.86	41.19	1.79619011632
ENSDART00000026569	gpc4	90	58.0	56.1	12.3	31.9	81.3	97.6	10.99	55.77	2.34329788469
ENSDART00000051234	tnika	86	33.3	27.2	5.9	17.4	42.6	72.2	NA	NA	NA
ENSDART00000122670	ufsp2	27	41.3	40.0	22.3	28.0	53.4	62.7	NA	NA	NA
ENSDART00000081448	osbpl2b	209	21.3	20.7	2.9	8.8	32.0	40.2	NA	NA	NA
ENSDART00000051231	gnb2	4	26.7	28.3	NA	NA	NA	NA	NA	NA	NA
ENSDART00000015154	papolg	276	41.8	33.3	8.4	15.2	61.4	89.4	37.85	428.62	3.5013339644
ENSDART00000047552	sptlc3	75	46.8	49.3	11.1	22.5	63.6	78.5	35.08	30.0	-0.225686247061
ENSDART00000111362	slc37a4b	1	25.6	25.6	NA	NA	NA	NA	NA	NA	NA
ENSDART00000015159	tns1	13	37.9	25.5	4.2	9.7	44.2	91.1	NA	NA	NA
ENSDART00000099381	zgc:162184	3	18.4	13.4	NA	NA	NA	NA	NA	NA	NA
ENSDART00000123916	eif4e2	52	47.8	46.5	19.3	28.1	64.5	84.6	NA	NA	NA
ENSDART00000104043	dkk3b	1	122.5	122.5	NA	NA	NA	NA	NA	NA	NA
ENSDART00000082066	atpv0e2	73	21.9	20.2	3.4	11.8	29.8	40.7	NA	NA	NA
ENSDART00000103010	sft2d3	111	55.0	57.5	23.2	32.9	73.5	84.5	NA	NA	NA
ENSDART00000099389	DNLZ	54	21.3	20.6	5.1	12.2	28.9	37.0	NA	NA	NA
ENSDART00000082063	fam114a1	90	43.1	41.6	12.2	25.1	56.3	75.4	30.1	33.11	0.13750352375
ENSDART00000088006	kcng3	15	36.2	34.9	20.8	27.5	43.3	51.8	NA	NA	NA
ENSDART00000085565	CAPN15	156	44.6	41.3	14.1	21.6	66.6	85.1	11.23	43.07	1.93932539584
ENSDART00000088004	sorbs2b	1	83.5	83.5	NA	NA	NA	NA	NA	NA	NA
ENSDART00000089279	CLCN2	12	17.0	15.9	5.7	7.7	27.5	28.7	NA	NA	NA
ENSDART00000089278	si:ch211-236l14.4	2	7.9	7.9	NA	NA	NA	NA	NA	NA	NA
ENSDART00000112379	fam198b	2	349.1	349.1	NA	NA	NA	NA	NA	NA	NA
ENSDART00000082667	fgfrl1a	1	80.5	80.5	NA	NA	NA	NA	NA	NA	NA
ENSDART00000108972	SYCN	1	25.0	25.0	NA	NA	NA	NA	NA	NA	NA
ENSDART00000112375	BX537138.1	289	110.4	116.8	61.6	91.5	134.9	148.5	15.69	51.22	1.70686190063
ENSDART00000067513	OAZ2	4	44.1	44.2	NA	NA	NA	NA	NA	NA	NA
ENSDART00000108978	CCDC61	65	31.1	26.4	7.4	17.2	41.1	50.2	NA	NA	NA
ENSDART00000111938	elmod2	219	31.4	26.2	8.4	15.4	43.0	60.8	NA	NA	NA
ENSDART00000152528	r3hcc1l	66	76.6	76.5	31.3	47.8	105.0	113.8	19.55	73.59	1.91234112708
ENSDART00000046983	PDXK	43	27.1	22.9	5.3	12.1	35.7	57.5	NA	NA	NA
ENSDART00000101709	HBZ	2	71.6	71.6	NA	NA	NA	NA	NA	NA	NA
ENSDART00000112010	lzts2b	9	38.5	34.6	NA	NA	NA	NA	NA	NA	NA
ENSDART00000152521	ca15b	479	20.2	17.7	3.6	10.0	27.8	39.6	NA	NA	NA
ENSDART00000152522	aclyb	1	89.8	89.8	NA	NA	NA	NA	NA	NA	NA
ENSDART00000112014	mplkip	206	89.0	85.9	24.9	47.7	116.7	146.8	NA	NA	NA
ENSDART00000065949	top1l	381	80.4	79.1	17.6	44.3	116.4	139.9	213.38	472.28	1.14621748246
ENSDART00000106654	znf711	95	27.9	22.1	4.5	11.5	39.4	53.8	NA	NA	NA
ENSDART00000103945	FGD5	1	69.9	69.9	NA	NA	NA	NA	NA	NA	NA
ENSDART00000025013	kptn	49	38.8	33.5	11.0	20.4	52.8	76.3	NA	NA	NA
ENSDART00000032123	TSHZ3	18	33.1	26.1	10.7	15.7	47.7	73.7	NA	NA	NA
ENSDART00000002465	msh2	43	46.9	47.7	10.1	28.8	62.9	75.8	35.46	62.04	0.807006150137
ENSDART00000083330	lrrc8c	120	59.0	54.6	12.1	25.3	84.1	113.3	NA	NA	NA
ENSDART00000153135	si:dkeyp-67e6.5	2	24.7	24.7	NA	NA	NA	NA	NA	NA	NA
ENSDART00000153136	psme4b	104	90.6	89.6	31.9	54.6	126.6	143.8	5.15	50.86	3.30388712462
ENSDART00000060426	fam173a	60	36.9	30.9	10.5	21.1	45.6	79.9	NA	NA	NA
ENSDART00000066269	arl4d	146	30.2	26.2	7.0	13.8	36.0	59.5	45.38	15.04	-1.59325204199
ENSDART00000018758	METRNL	5	72.0	49.9	NA	NA	NA	NA	NA	NA	NA
ENSDART00000066264	chad	1	73.2	73.2	NA	NA	NA	NA	NA	NA	NA
ENSDART00000036597	plekhf1	9	40.0	33.7	NA	NA	NA	NA	NA	NA	NA
ENSDART00000112067	hmcn2	9	40.7	39.0	NA	NA	NA	NA	NA	NA	NA
ENSDART00000084495	arhgap24	40	38.5	29.1	13.0	19.2	45.7	89.1	NA	NA	NA
ENSDART00000092953	cnot7	83	26.6	23.1	8.0	11.9	34.1	55.3	NA	NA	NA
ENSDART00000130931	C1QTNF4	2	163.5	163.5	NA	NA	NA	NA	NA	NA	NA
ENSDART00000126443	galnt18a	16	19.5	20.7	-3.3	8.1	30.4	36.8	NA	NA	NA
ENSDART00000142275	triqk	47	70.7	66.6	37.6	56.0	81.5	117.2	NA	NA	NA
ENSDART00000114908	CR762436.4	17	1.7	-7.5	-13.0	-11.3	-1.7	24.9	NA	NA	NA
ENSDART00000142270	ccdc79	2	30.2	30.2	NA	NA	NA	NA	NA	NA	NA
ENSDART00000041402	pfkfb3	2	70.1	70.1	NA	NA	NA	NA	NA	NA	NA
ENSDART00000065169	siah2l	153	36.0	31.5	8.8	16.3	50.8	68.2	NA	NA	NA
ENSDART00000018071	eif3g	54	36.6	33.1	10.2	20.9	49.4	65.5	55.23	18.88	-1.54859336271
ENSDART00000100166	serpinf1	1	13.3	13.3	NA	NA	NA	NA	NA	NA	NA
ENSDART00000033774	edem2	58	34.8	35.2	11.6	19.4	44.8	62.4	NA	NA	NA
ENSDART00000073676	isca1	73	45.5	38.9	11.7	24.5	62.0	94.6	NA	NA	NA
ENSDART00000009298	tmem248	77	76.1	67.6	20.8	44.2	109.9	131.8	NA	NA	NA
ENSDART00000102843	src	67	44.2	38.5	11.3	20.8	62.1	86.9	NA	NA	NA
ENSDART00000004075	MNF1	63	32.3	29.0	10.5	16.0	39.4	60.7	NA	NA	NA
ENSDART00000098833	nfkbie	22	84.0	74.6	51.3	56.5	111.9	136.0	NA	NA	NA
ENSDART00000084361	KCNB1	1	52.8	52.8	NA	NA	NA	NA	NA	NA	NA
ENSDART00000032877	ino80e	6	95.6	68.4	NA	NA	NA	NA	NA	NA	NA
ENSDART00000055890	ZNF385C	88	32.9	30.3	13.3	21.0	40.1	58.4	NA	NA	NA
ENSDART00000123912	adra2da	3	76.0	73.1	NA	NA	NA	NA	NA	NA	NA
ENSDART00000098834	prpf4ba	96	47.8	40.0	12.7	23.9	65.9	93.6	15.42	60.11	1.96280225481
ENSDART00000001201	bysl	63	44.8	43.4	7.8	20.1	56.9	83.5	40.19	13.69	-1.5537141308
ENSDART00000073397	NFATC3	36	45.9	45.2	24.8	35.5	55.8	70.1	NA	NA	NA
ENSDART00000130229	wdr45	20	44.1	38.4	16.5	24.5	46.0	79.4	NA	NA	NA
ENSDART00000088315	CR382363.1	10	41.4	36.8	19.0	29.0	38.2	87.2	NA	NA	NA
ENSDART00000113422	LRRTM4	6	26.2	24.0	NA	NA	NA	NA	NA	NA	NA
ENSDART00000138019	piwil1	22	85.5	81.3	22.9	49.7	127.4	142.8	NA	NA	NA
ENSDART00000027213	inaa	7	43.2	37.2	NA	NA	NA	NA	NA	NA	NA
ENSDART00000097388	napg	17	53.0	31.8	8.3	23.6	91.9	129.3	NA	NA	NA
ENSDART00000027214	slc25a25a	1077	24.5	20.4	5.6	11.5	32.6	48.4	NA	NA	NA
ENSDART00000027217	CWC15	563	48.3	45.8	16.3	29.2	61.6	80.0	167.95	180.35	0.102767627553
ENSDART00000128326	sppl2	59	58.7	53.6	14.8	34.3	76.5	114.4	NA	NA	NA
ENSDART00000020538	cyp2aa9	24	107.3	98.2	28.0	57.3	134.9	179.7	NA	NA	NA
ENSDART00000005479	chm	42	55.4	50.0	10.4	32.0	81.5	96.9	10.42	93.01	3.15803055876
ENSDART00000097381	zgc:154075	26	28.8	23.6	8.4	16.5	29.6	52.3	NA	NA	NA
ENSDART00000124530	irak4	11	30.4	30.1	10.7	20.0	39.8	49.3	NA	NA	NA
ENSDART00000138017	pura	3	55.0	28.1	NA	NA	NA	NA	NA	NA	NA
ENSDART00000062348	mrps24	34	36.9	32.6	16.3	19.3	50.5	67.8	NA	NA	NA
ENSDART00000062343	hipk2	21	51.5	44.4	9.2	18.7	77.4	92.6	NA	NA	NA
ENSDART00000053860	fam154b	1	41.8	41.8	NA	NA	NA	NA	NA	NA	NA
ENSDART00000077119	bcat2	261	83.5	87.0	26.9	53.3	113.9	136.0	NA	NA	NA
ENSDART00000131579	ptprdb	2	27.2	27.2	NA	NA	NA	NA	NA	NA	NA
ENSDART00000127940	abi1b	28	39.9	26.7	9.1	12.5	62.8	82.5	NA	NA	NA
ENSDART00000053642	ensaa	3	92.6	102.9	NA	NA	NA	NA	NA	NA	NA
ENSDART00000077113	mta2	123	80.8	81.4	33.6	48.8	113.7	131.7	19.34	153.37	2.98735661157
ENSDART00000053868	aldh9a1b	71	61.0	56.4	11.7	30.2	78.5	102.1	17.82	32.3	0.858036828059
ENSDART00000077117	TP53BP2	26	44.5	39.7	15.0	21.8	64.7	81.4	NA	NA	NA
ENSDART00000088968	ube3b	75	43.6	41.6	12.6	27.2	64.2	75.0	NA	NA	NA
ENSDART00000109944	E2F1	12	75.8	90.3	4.2	21.3	129.6	144.0	NA	NA	NA
ENSDART00000109942	mctp2b	108	86.4	87.2	30.9	56.6	119.2	136.2	20.5	105.64	2.36546039177
ENSDART00000057288	zgc:77439	8	93.0	91.2	NA	NA	NA	NA	NA	NA	NA
ENSDART00000057986	zgc:100864	8	86.4	86.6	NA	NA	NA	NA	NA	NA	NA
ENSDART00000022874	psma6a	166	60.5	59.8	29.0	43.8	77.2	91.7	63.68	229.61	1.8502732348
ENSDART00000054077	tpbgb	9	33.3	33.6	NA	NA	NA	NA	NA	NA	NA
ENSDART00000033617	stil	93	19.8	16.4	1.9	8.4	26.2	45.6	8.6	3.13	-1.45817400266
ENSDART00000048003	tspan12	1	75.7	75.7	NA	NA	NA	NA	NA	NA	NA
ENSDART00000133599	eif4enif1	98	32.6	23.3	5.1	10.5	42.5	67.6	32.3	56.19	0.798779235383
ENSDART00000020654	psmd4b	21	53.3	46.6	24.6	33.0	80.7	91.2	NA	NA	NA
ENSDART00000113764	zgc:174888	1	72.4	72.4	NA	NA	NA	NA	NA	NA	NA
ENSDART00000133593	swt1	32	33.4	23.0	9.0	13.4	50.9	75.7	6.53	5.58	-0.226817869717
ENSDART00000121468	phf20b	22	29.9	26.1	14.3	17.4	38.5	47.2	NA	NA	NA
ENSDART00000005299	hsd17b12a	256	56.9	50.9	14.1	28.0	81.5	109.1	70.69	290.81	2.04049883264
ENSDART00000145502	insb	7	34.6	34.5	NA	NA	NA	NA	NA	NA	NA
ENSDART00000012419	actr5	70	38.2	36.2	12.6	21.9	51.1	66.9	21.06	32.79	0.638750465367
ENSDART00000124141	CABZ01085085.1	101	26.4	20.8	6.2	12.3	38.6	53.9	NA	NA	NA
ENSDART00000124140	zgc:101566	59	37.4	36.5	6.9	17.1	45.5	77.0	NA	NA	NA
ENSDART00000024320	ybx1	543	89.3	91.3	29.3	61.8	117.5	139.4	491.8	422.9	-0.217755174567
ENSDART00000024647	dennd6b	377	58.8	53.7	7.3	18.0	94.3	120.4	NA	NA	NA
ENSDART00000142492	eno1b	1	78.1	78.1	NA	NA	NA	NA	NA	NA	NA
ENSDART00000088961	edem1	175	65.0	68.1	18.9	42.0	85.7	107.1	15.05	26.07	0.792627095888
ENSDART00000140154	si:dkey-65b12.12	2	97.4	97.4	NA	NA	NA	NA	NA	NA	NA
ENSDART00000029588	kng1	2	49.0	49.0	NA	NA	NA	NA	NA	NA	NA
ENSDART00000128815	stra13	11	18.2	17.5	-6.9	11.4	19.3	29.4	NA	NA	NA
ENSDART00000006923	atp5s	29	35.8	34.6	16.4	24.1	48.0	57.4	NA	NA	NA
ENSDART00000006927	use1	102	35.8	35.2	9.6	18.8	48.8	64.6	NA	NA	NA
ENSDART00000078936	her9	1	42.4	42.4	NA	NA	NA	NA	NA	NA	NA
ENSDART00000145728	sdhc	100	22.5	19.1	4.4	11.1	29.1	45.1	NA	NA	NA
ENSDART00000128799	gid8a	144	29.8	23.1	8.6	15.5	37.0	54.4	NA	NA	NA
ENSDART00000058260	gstal	16	34.4	16.0	12.9	14.0	48.0	86.5	NA	NA	NA
ENSDART00000057185	map3k9	1	27.4	27.4	NA	NA	NA	NA	NA	NA	NA
ENSDART00000130482	tmed9	342	50.1	44.3	16.4	25.8	64.8	90.2	49.15	290.28	2.56218185347
ENSDART00000013007	degs1	4	101.2	94.4	NA	NA	NA	NA	NA	NA	NA
ENSDART00000130486	bgnb	5	23.6	17.8	NA	NA	NA	NA	NA	NA	NA
ENSDART00000145057	tsc1b	151	64.4	68.2	28.1	41.8	84.6	98.6	14.58	17.11	0.230849040162
ENSDART00000146434	zgc:153115	247	57.2	51.9	13.9	27.9	82.1	108.4	NA	NA	NA
ENSDART00000002029	fkbp8	118	35.3	28.9	7.7	14.5	47.6	71.6	NA	NA	NA
ENSDART00000145859	SLC25A23	1	159.4	159.4	NA	NA	NA	NA	NA	NA	NA
ENSDART00000005359	def6a	1	42.1	42.1	NA	NA	NA	NA	NA	NA	NA
ENSDART00000076574	rtn1a	9	42.2	19.6	NA	NA	NA	NA	NA	NA	NA
ENSDART00000076575	rhof	1	52.9	52.9	NA	NA	NA	NA	NA	NA	NA
ENSDART00000079226	cpeb4	245	34.7	29.2	8.8	17.3	49.2	66.4	45.17	78.59	0.798980838044
ENSDART00000081385	ccdc172	14	40.3	44.8	18.3	24.5	50.1	61.2	NA	NA	NA
ENSDART00000080051	CR848745.1	21	44.6	39.9	17.6	25.3	61.7	67.9	NA	NA	NA
ENSDART00000014153	cyb5r3	32	47.5	42.2	18.7	30.1	68.7	82.0	NA	NA	NA
ENSDART00000098499	dck	4	5.0	-1.0	NA	NA	NA	NA	NA	NA	NA
ENSDART00000046077	adssl1	4	76.1	73.4	NA	NA	NA	NA	NA	NA	NA
ENSDART00000007030	klhl42	5	49.7	56.0	NA	NA	NA	NA	NA	NA	NA
ENSDART00000122845	CABZ01115256.1	47	17.9	15.9	2.1	7.9	26.8	33.2	NA	NA	NA
ENSDART00000122841	CR954963.1	289	35.3	30.5	10.5	18.2	45.8	62.2	80.19	59.58	-0.428594214715
ENSDART00000128282	C11H9orf89	7	21.1	16.5	NA	NA	NA	NA	NA	NA	NA
ENSDART00000131681	asnsd1	97	60.8	58.1	25.8	37.0	76.7	105.4	65.9	25.36	-1.37772371976
ENSDART00000134064	mxd1	10	58.4	49.1	14.2	19.7	76.9	120.1	NA	NA	NA
ENSDART00000128530	snrpa1	207	64.3	57.4	20.4	32.6	90.0	115.4	215.94	581.57	1.42932234237
ENSDART00000134066	TDRD15	41	108.9	116.5	49.2	87.9	141.4	159.5	10.76	29.7	1.46478485313
ENSDART00000128537	CR352225.2	1	13.7	13.7	NA	NA	NA	NA	NA	NA	NA
ENSDART00000049976	SIGLEC15	1	39.3	39.3	NA	NA	NA	NA	NA	NA	NA
ENSDART00000125815	krr1	76	53.7	44.9	17.7	28.6	67.1	91.1	34.67	38.41	0.147794127328
ENSDART00000045403	etv2	2	41.0	41.0	NA	NA	NA	NA	NA	NA	NA
ENSDART00000109367	si:ch73-70k4.1	7	52.1	60.4	NA	NA	NA	NA	NA	NA	NA
ENSDART00000097374	rasa4	4	25.7	18.3	NA	NA	NA	NA	NA	NA	NA
ENSDART00000082409	rpn1	272	61.5	60.8	20.7	40.9	81.9	104.7	66.66	153.77	1.20588084333
ENSDART00000067392	C4H12orf5	30	26.5	25.4	12.7	18.4	31.5	43.2	NA	NA	NA
ENSDART00000057867	sfxn3	400	34.3	26.1	7.0	16.1	48.4	69.3	NA	NA	NA
ENSDART00000063437	adam17a	58	70.1	66.4	23.8	43.9	95.6	116.6	NA	NA	NA
ENSDART00000067397	ndufaf7	13	29.0	32.8	14.0	24.1	36.6	39.7	NA	NA	NA
ENSDART00000151420	glrx2	10	27.2	23.0	4.4	6.6	41.9	51.5	NA	NA	NA
ENSDART00000130819	ppox	36	41.4	43.6	16.1	26.1	53.2	64.8	NA	NA	NA
ENSDART00000151426	si:ch73-91k6.2	45	48.7	35.8	9.3	17.4	69.3	104.7	NA	NA	NA
ENSDART00000055859	pold1	152	48.4	46.0	16.8	31.5	60.0	84.1	33.31	63.82	0.938053254605
ENSDART00000130810	atpaf1	58	35.6	23.2	7.1	12.5	46.3	88.7	19.04	4.28	-2.15335077691
ENSDART00000076103	bc2	56	60.9	53.8	15.5	29.4	90.5	113.3	33.73	116.09	1.78313948024
ENSDART00000130815	E2F3	154	53.2	44.7	17.0	28.7	61.9	113.6	25.23	98.63	1.96688632739
ENSDART00000047377	crata	99	27.9	22.5	8.2	12.3	37.4	53.8	NA	NA	NA
ENSDART00000132084	si:ch211-127i16.2	7	57.7	65.7	NA	NA	NA	NA	NA	NA	NA
ENSDART00000132087	pogzb	19	51.7	29.6	4.6	14.9	51.0	135.1	NA	NA	NA
ENSDART00000026020	wdr54	7	18.9	17.5	NA	NA	NA	NA	NA	NA	NA
ENSDART00000103124	p4hb	1080	84.7	84.2	36.8	57.8	110.3	130.3	220.42	1149.24	2.38235307359
ENSDART00000043466	BX901915.1	28	41.4	34.8	6.4	18.2	68.0	85.8	NA	NA	NA
ENSDART00000022498	tti1	11	44.0	38.6	21.7	22.8	48.9	54.0	NA	NA	NA
ENSDART00000090731	dhx37	34	47.1	41.3	18.3	29.3	58.2	86.5	23.38	20.15	-0.214495091116
ENSDART00000080014	rps8b	3	145.9	154.0	NA	NA	NA	NA	NA	NA	NA
ENSDART00000090739	NARS2	15	32.8	31.4	16.1	19.6	42.8	50.2	NA	NA	NA
ENSDART00000080016	ppp3ccb	215	38.9	35.5	11.2	21.7	52.5	74.6	NA	NA	NA
ENSDART00000144890	bokb	241	37.1	32.2	12.5	20.8	49.0	72.1	NA	NA	NA
ENSDART00000144232	ficd	36	32.2	32.7	11.9	18.1	41.5	54.4	NA	NA	NA
ENSDART00000101085	morc3a	9	35.5	21.9	NA	NA	NA	NA	NA	NA	NA
ENSDART00000033325	SLC25A24	27	55.6	42.5	13.6	21.8	83.5	111.6	NA	NA	NA
ENSDART00000003195	chmp4c	224	36.6	34.5	10.1	17.7	51.1	64.8	NA	NA	NA
ENSDART00000115354	si:dkey-188i13.10	6	62.2	63.9	NA	NA	NA	NA	NA	NA	NA
ENSDART00000126100	si:ch211-136m16.8	9	17.0	11.4	NA	NA	NA	NA	NA	NA	NA
ENSDART00000103839	DDO	2	31.3	31.3	NA	NA	NA	NA	NA	NA	NA
ENSDART00000016780	gspt1l	256	71.5	73.5	24.5	51.9	91.6	114.7	117.64	476.56	2.01827917486
ENSDART00000103957	exoc3l1	4	59.4	34.8	NA	NA	NA	NA	NA	NA	NA
ENSDART00000145946	pax6b	8	40.4	25.5	NA	NA	NA	NA	NA	NA	NA
ENSDART00000148724	slc1a2b	5	25.0	14.7	NA	NA	NA	NA	NA	NA	NA
ENSDART00000000566	gtf2e1	117	62.3	65.3	13.7	32.4	87.1	115.4	18.44	197.13	3.41823678708
ENSDART00000019245	ARHGAP42	18	37.1	32.4	8.0	20.7	54.9	66.8	NA	NA	NA
ENSDART00000110723	SGIP1	4	31.4	23.6	NA	NA	NA	NA	NA	NA	NA
ENSDART00000108703	tegt	323	73.5	73.5	26.4	48.9	99.2	119.6	49.19	99.27	1.01299273731
ENSDART00000148236	tmem179b	2	53.1	53.1	NA	NA	NA	NA	NA	NA	NA
ENSDART00000100286	fgfr4	45	60.2	33.8	5.6	12.8	84.4	164.2	NA	NA	NA
ENSDART00000026794	nt5dc1	17	34.7	32.4	11.4	20.8	46.2	58.1	NA	NA	NA
ENSDART00000141241	gb:ai877918	2	78.6	78.6	NA	NA	NA	NA	NA	NA	NA
ENSDART00000012506	eng1a	2	36.1	36.1	NA	NA	NA	NA	NA	NA	NA
ENSDART00000046179	mafg2	9	26.9	22.6	NA	NA	NA	NA	NA	NA	NA
ENSDART00000064376	sod1	813	29.3	25.8	11.8	17.5	37.1	50.2	183.53	14.1	-3.702248839
ENSDART00000064375	tmem244	3	67.4	65.8	NA	NA	NA	NA	NA	NA	NA
ENSDART00000034054	nus1	123	39.4	37.4	12.2	25.3	56.3	71.3	NA	NA	NA
ENSDART00000051003	cdk7	150	24.3	21.6	6.2	14.9	27.6	34.6	37.38	8.73	-2.09821301012
ENSDART00000101887	ostm1	38	62.5	55.5	22.8	34.4	91.9	114.3	NA	NA	NA
ENSDART00000006748	yipf1	153	32.6	27.1	10.7	16.3	43.3	55.8	NA	NA	NA
ENSDART00000078066	spire1a	137	33.6	27.3	7.3	14.8	50.1	67.5	NA	NA	NA
ENSDART00000054982	gabra6a	8	36.0	39.9	NA	NA	NA	NA	NA	NA	NA
ENSDART00000054981	zgc:112980	504	35.5	32.0	10.8	18.9	47.3	66.9	90.13	393.1	2.12481706796
ENSDART00000078062	C20H6orf211	155	31.0	28.9	8.8	17.7	42.5	56.5	NA	NA	NA
ENSDART00000017941	tprb	215	67.8	67.8	26.8	42.1	88.2	112.8	51.51	69.27	0.427378133772
ENSDART00000078324	nipa1	26	23.5	19.8	6.5	11.7	30.9	47.4	NA	NA	NA
ENSDART00000103486	TNRC18	11	40.9	30.0	11.0	20.0	48.3	93.4	23.12	19.8	-0.223640967534
ENSDART00000027772	pcyt1ab	107	59.6	56.6	27.9	41.5	78.9	98.7	NA	NA	NA
ENSDART00000081599	ptpn11a	96	63.4	66.9	13.9	37.6	85.7	107.3	66.41	122.52	0.883544868374
ENSDART00000103489	APITD1	20	55.8	40.7	19.2	27.3	56.4	102.2	NA	NA	NA
ENSDART00000011645	coro2a	40	32.4	24.9	6.4	12.2	40.2	52.1	NA	NA	NA
ENSDART00000029580	fth1b	3	59.7	51.4	NA	NA	NA	NA	NA	NA	NA
ENSDART00000130057	rps6ka3b	74	66.1	66.0	15.0	28.5	94.4	124.5	NA	NA	NA
ENSDART00000000744	sypl2b	11	41.5	36.5	16.7	24.5	47.1	56.2	NA	NA	NA
ENSDART00000030738	lmf2b	161	42.1	41.0	13.9	24.7	57.7	74.6	24.41	41.38	0.761461350079
ENSDART00000019248	tmem110	115	42.6	37.1	9.9	23.1	61.4	81.1	NA	NA	NA
ENSDART00000075876	dclre1a	24	34.8	21.2	4.4	10.0	52.2	81.8	8.61	4.43	-0.958706538842
ENSDART00000037501	fam50a	68	51.2	46.7	17.7	31.6	66.5	85.5	70.69	79.08	0.16180672917
ENSDART00000081272	gcn1l1	95	76.5	75.1	28.0	51.4	100.3	117.5	11.9	23.76	0.997573262605
ENSDART00000122465	GGT7	114	51.9	50.4	17.1	30.3	70.3	92.0	23.88	32.55	0.446854706788
ENSDART00000149221	grhl2b	1	18.2	18.2	NA	NA	NA	NA	NA	NA	NA
ENSDART00000081275	slain1b	1	-6.3	-6.3	NA	NA	NA	NA	NA	NA	NA
ENSDART00000075080	prpf38b	279	67.9	65.7	30.4	45.2	85.5	110.7	88.85	153.19	0.785878442128
ENSDART00000060251	wdr18	172	63.0	65.7	23.2	38.6	85.1	100.2	37.3	166.65	2.15957378186
ENSDART00000113789	zgc:198419	57	29.2	25.8	7.7	18.4	36.1	42.1	90.58	1.29	-6.13374956863
ENSDART00000003425	irf2bp2b	10	25.1	20.3	7.4	13.7	29.3	35.4	NA	NA	NA
ENSDART00000054674	mtnr1aa	4	18.6	17.5	NA	NA	NA	NA	NA	NA	NA
ENSDART00000126566	SLC22A23	24	57.1	56.8	28.6	37.8	78.9	89.7	NA	NA	NA
ENSDART00000126564	fbxo30b	185	40.5	38.5	9.7	17.2	53.9	74.1	NA	NA	NA
ENSDART00000037600	ankrd16	1	11.9	11.9	NA	NA	NA	NA	NA	NA	NA
ENSDART00000080904	sardh	64	37.0	32.7	11.5	20.6	49.9	70.6	15.05	7.35	-1.03394733192
ENSDART00000136334	si:ch211-250e5.16	242	19.3	16.9	5.1	9.2	25.9	34.9	NA	NA	NA
ENSDART00000078497	slc4a1b	4	35.4	38.0	NA	NA	NA	NA	NA	NA	NA
ENSDART00000008176	vox	262	31.3	22.0	6.5	12.3	35.7	61.7	NA	NA	NA
ENSDART00000078494	l3mbtl2	153	55.5	53.0	21.6	35.6	73.4	92.3	25.3	61.93	1.29150106114
ENSDART00000124093	SH2D6	3	12.3	11.5	NA	NA	NA	NA	NA	NA	NA
ENSDART00000146493	zeb1a	46	74.7	71.8	20.0	46.5	102.7	129.7	3.21	15.04	2.22815936456
ENSDART00000008170	RFFL	55	32.3	30.3	10.6	18.1	47.8	53.9	NA	NA	NA
ENSDART00000124705	histh1l	23	70.2	38.9	10.6	22.1	84.7	124.1	NA	NA	NA
ENSDART00000124704	mb21d2b	19	20.0	19.8	5.1	7.9	28.0	33.8	NA	NA	NA
ENSDART00000015554	ubiad1	188	24.0	19.7	6.1	12.8	28.8	41.0	30.53	3.53	-3.11248750094
ENSDART00000124701	CABZ01088691.2	3	47.2	55.4	NA	NA	NA	NA	NA	NA	NA
ENSDART00000087196	C3H17orf75	17	25.7	19.8	6.1	12.4	40.0	46.6	NA	NA	NA
ENSDART00000093046	uba5	114	44.4	44.6	16.7	25.7	59.4	75.8	61.47	66.7	0.11780427634
ENSDART00000059261	dusp19	5	26.8	32.9	NA	NA	NA	NA	NA	NA	NA
ENSDART00000050603	hadh	29	50.4	54.6	13.2	26.8	65.4	82.9	NA	NA	NA
ENSDART00000100022	zgc:101846	530	48.4	37.2	11.7	20.4	68.5	105.6	104.35	221.23	1.08411643569
ENSDART00000100751	pomcb	1	153.9	153.9	NA	NA	NA	NA	NA	NA	NA
ENSDART00000126379	PLCXD1	2	21.1	21.1	NA	NA	NA	NA	NA	NA	NA
ENSDART00000042486	C14H4orf29	124	51.1	52.6	14.2	34.1	66.3	84.7	33.06	65.83	0.993658473126
ENSDART00000061076	cav1	6	23.7	8.4	NA	NA	NA	NA	NA	NA	NA
ENSDART00000140266	mfn2	143	40.5	37.3	7.2	20.6	53.8	73.7	NA	NA	NA
ENSDART00000100757	oxa1l	36	35.8	30.1	10.5	18.0	43.0	64.7	18.84	2.94	-2.67991090478
ENSDART00000131051	ifnlr1	9	36.2	35.3	NA	NA	NA	NA	NA	NA	NA
ENSDART00000081059	rps6kb1b	217	56.8	51.9	7.3	27.4	82.5	107.0	30.52	116.56	1.93324591523
ENSDART00000127177	MRPL52	4	67.6	54.3	NA	NA	NA	NA	NA	NA	NA
ENSDART00000079413	ttc12	1	26.1	26.1	NA	NA	NA	NA	NA	NA	NA
ENSDART00000102530	kdm2bb	21	33.8	27.8	11.7	15.6	41.3	74.1	NA	NA	NA
ENSDART00000082886	RECQL5	108	63.3	63.7	21.5	40.6	85.0	98.6	23.28	17.0	-0.453556311883
ENSDART00000062844	FAM150B	3	16.3	19.0	NA	NA	NA	NA	NA	NA	NA
ENSDART00000102538	pitx3	2	20.1	20.1	NA	NA	NA	NA	NA	NA	NA
ENSDART00000131056	fhl1a	2	85.1	85.1	NA	NA	NA	NA	NA	NA	NA
ENSDART00000060702	rmdn3	27	28.2	22.3	-0.6	10.6	33.4	62.3	NA	NA	NA
ENSDART00000060706	rad51	9	57.5	20.2	NA	NA	NA	NA	45.04	0.63	-6.15971118858
ENSDART00000006338	mterfd1	33	38.4	35.4	11.1	20.9	49.0	63.1	NA	NA	NA
ENSDART00000146631	espn	9	41.2	42.4	NA	NA	NA	NA	NA	NA	NA
ENSDART00000082506	myef2	736	91.2	92.6	50.3	72.3	111.0	126.0	70.84	323.63	2.19170923236
ENSDART00000103222	NUDT7	6	27.8	25.3	NA	NA	NA	NA	NA	NA	NA
ENSDART00000081494	vsig10	120	33.0	32.5	7.9	18.7	46.2	56.6	52.1	23.21	-1.16653684982
ENSDART00000085222	ATL2	385	49.1	47.5	19.8	34.0	63.7	77.2	46.58	46.18	-0.0124424664368
ENSDART00000146636	hoxb2a	5	26.1	23.9	NA	NA	NA	NA	NA	NA	NA
ENSDART00000099863	slc25a37	45	30.0	29.5	5.5	16.1	41.4	62.8	NA	NA	NA
ENSDART00000033429	npbwr2a	1	16.3	16.3	NA	NA	NA	NA	NA	NA	NA
ENSDART00000085228	pik3r4	66	65.5	61.9	26.3	39.9	81.5	110.5	7.61	32.97	2.11518552817
ENSDART00000146149	trim110	1	51.3	51.3	NA	NA	NA	NA	NA	NA	NA
ENSDART00000079816	lppr5b	1	174.1	174.1	NA	NA	NA	NA	NA	NA	NA
ENSDART00000060162	hspb1	27	93.6	109.2	20.8	80.9	118.4	140.0	NA	NA	NA
ENSDART00000004716	acp5a	2976	27.0	23.2	6.2	13.0	37.1	51.9	1154.15	503.4	-1.19705361554
ENSDART00000073442	flna	226	33.4	26.4	10.0	16.0	39.2	63.8	46.86	16.2	-1.53236314109
ENSDART00000073447	FHOD1	104	60.4	55.9	16.1	32.5	79.9	113.5	6.86	59.39	3.11393955112
ENSDART00000122281	tatdn2	642	52.2	48.6	15.7	30.2	70.7	91.0	72.4	229.62	1.66518670442
ENSDART00000142897	si:dkey-193c22.2	2	30.6	30.6	NA	NA	NA	NA	NA	NA	NA
ENSDART00000093415	rbm45	59	70.9	75.4	10.9	33.8	106.0	120.7	7.7	154.26	4.32436175997
ENSDART00000143515	txlnba	1	54.2	54.2	NA	NA	NA	NA	NA	NA	NA
ENSDART00000105934	si:dkey-253d23.9	2	9.0	9.0	NA	NA	NA	NA	NA	NA	NA
ENSDART00000040723	psmg3	53	27.7	23.0	9.7	14.0	35.7	47.1	NA	NA	NA
ENSDART00000093148	rab43	107	41.5	34.1	9.9	19.6	55.5	84.6	14.65	80.07	2.45036114155
ENSDART00000057379	vti1b	55	56.6	47.7	13.8	27.0	76.9	114.9	NA	NA	NA
ENSDART00000057378	emc4	5	31.6	35.5	NA	NA	NA	NA	NA	NA	NA
ENSDART00000002938	mtmr8	90	35.8	29.2	10.8	18.7	45.0	70.0	NA	NA	NA
ENSDART00000112680	RMDN1	7	39.4	49.0	NA	NA	NA	NA	NA	NA	NA
ENSDART00000025496	rras	581	58.3	55.4	19.3	35.0	79.7	100.9	NA	NA	NA
ENSDART00000074830	rgrb	2	111.3	111.3	NA	NA	NA	NA	NA	NA	NA
ENSDART00000057377	arg2	48	64.5	43.9	16.0	24.2	83.7	161.4	NA	NA	NA
ENSDART00000124627	strap	208	81.0	81.8	18.7	47.1	115.6	134.3	131.41	273.01	1.05487873052
ENSDART00000013257	cul2	110	52.4	49.5	19.2	31.2	69.0	89.8	29.76	55.58	0.901191308093
ENSDART00000066703	rdh10a	8	31.2	26.1	NA	NA	NA	NA	NA	NA	NA
ENSDART00000130182	NUMA1	89	30.4	25.4	10.3	16.4	38.3	52.4	44.92	10.82	-2.05365742857
ENSDART00000005593	casp3a	127	44.2	37.2	10.0	21.6	60.9	86.6	NA	NA	NA
ENSDART00000005590	churc1	11	61.0	54.8	18.9	26.1	77.6	102.9	NA	NA	NA
ENSDART00000112684	setmar	8	32.3	30.6	NA	NA	NA	NA	NA	NA	NA
ENSDART00000053926	ankrd10a	13	74.9	68.3	47.7	60.1	79.4	124.6	14.95	56.91	1.92853669505
ENSDART00000014843	bdnf	8	35.0	20.2	NA	NA	NA	NA	NA	NA	NA
ENSDART00000055201	foxk1	166	56.3	51.6	9.6	28.6	81.6	101.5	17.01	135.26	2.99128021276
ENSDART00000141248	rad21a	0	NA	NA	NA	NA	NA	NA	9.01	73.66	3.03128238609
ENSDART00000018117	ppp1r14aa	177	32.1	28.7	13.7	18.9	43.6	57.1	NA	NA	NA
ENSDART00000104708	abhd12	46	39.7	32.0	5.3	14.5	62.3	78.7	NA	NA	NA
ENSDART00000110499	ATXN7	5	21.4	27.5	NA	NA	NA	NA	NA	NA	NA
ENSDART00000051910	CABZ01086220.1	1	37.2	37.2	NA	NA	NA	NA	NA	NA	NA
ENSDART00000125039	six6b	2	35.2	35.2	NA	NA	NA	NA	NA	NA	NA
ENSDART00000126824	asb13b	5	15.9	12.2	NA	NA	NA	NA	NA	NA	NA
ENSDART00000109889	CABZ01061914.1	106	27.6	25.7	6.2	14.8	36.6	49.0	NA	NA	NA
ENSDART00000083108	nt5dc2	233	65.0	59.5	15.9	35.7	88.6	118.4	16.55	221.88	3.74487650843
ENSDART00000057519	zgc:194209	34	50.0	48.3	15.6	25.3	65.6	100.8	NA	NA	NA
ENSDART00000088819	ankrd13a	67	49.4	43.4	9.4	21.2	73.0	93.6	NA	NA	NA
ENSDART00000123518	tuba1b	13	21.6	19.4	10.1	14.5	29.1	37.4	NA	NA	NA
ENSDART00000109883	zgc:86725	1	38.7	38.7	NA	NA	NA	NA	NA	NA	NA
ENSDART00000109882	LYRM7	51	51.1	49.8	24.2	31.6	61.8	81.7	NA	NA	NA
ENSDART00000134272	zgc:66313	92	31.8	28.2	9.2	16.5	42.2	55.6	39.72	5.53	-2.84451423729
ENSDART00000104875	trap1	10	67.9	73.8	8.3	35.0	94.8	118.3	NA	NA	NA
ENSDART00000104874	p4ha1b	22	36.6	30.0	7.4	18.2	56.7	73.0	NA	NA	NA
ENSDART00000104877	CHCHD3	1	198.3	198.3	NA	NA	NA	NA	NA	NA	NA
ENSDART00000130569	st8sia5	2	90.1	90.1	NA	NA	NA	NA	NA	NA	NA
ENSDART00000058351	gnpnat1	36	24.2	28.6	-1.0	9.8	37.5	41.9	NA	NA	NA
ENSDART00000058605	scpep1	298	57.5	57.3	24.0	38.8	73.7	93.4	58.72	52.86	-0.151675543202
ENSDART00000135042	MRPS36	89	32.1	31.0	4.7	16.2	43.4	62.2	NA	NA	NA
ENSDART00000130565	TMEM132E	18	50.4	45.6	6.6	17.2	74.1	108.0	NA	NA	NA
ENSDART00000130567	C25H11orf49	4	108.5	109.4	NA	NA	NA	NA	NA	NA	NA
ENSDART00000035865	sulf2l	1	51.3	51.3	NA	NA	NA	NA	NA	NA	NA
ENSDART00000097712	CR753866.2	19	21.4	17.0	1.3	10.1	34.9	43.5	NA	NA	NA
ENSDART00000097710	ppargc1a	1	32.0	32.0	NA	NA	NA	NA	NA	NA	NA
ENSDART00000086087	MBTD1	123	48.5	39.8	6.7	24.4	67.9	100.9	NA	NA	NA
ENSDART00000035869	fam219b	7	74.4	78.3	NA	NA	NA	NA	NA	NA	NA
ENSDART00000097719	cdh1	378	66.9	64.4	14.7	32.7	97.8	121.6	40.9	249.73	2.61019639398
ENSDART00000039597	crabp2b	7	146.2	157.8	NA	NA	NA	NA	NA	NA	NA
ENSDART00000086556	fam160a1	55	38.8	34.8	8.7	14.1	55.6	82.6	NA	NA	NA
ENSDART00000101571	tyw5	45	42.5	43.2	11.0	25.4	56.5	71.1	NA	NA	NA
ENSDART00000101576	zgc:162251	5	20.4	26.5	NA	NA	NA	NA	NA	NA	NA
ENSDART00000023515	CHMP4B	148	50.1	40.8	11.1	21.3	69.6	99.4	NA	NA	NA
ENSDART00000123040	pfkpb	1	43.8	43.8	NA	NA	NA	NA	NA	NA	NA
ENSDART00000084867	dcaf5	53	40.1	37.2	12.5	21.2	54.5	64.5	18.51	27.49	0.570602011642
ENSDART00000130583	aatf	78	60.1	55.0	27.0	41.5	75.9	92.7	29.01	56.69	0.966543973621
ENSDART00000122288	ctsla	316	95.4	101.1	33.0	64.9	127.8	145.2	349.96	1409.98	2.0104127604
ENSDART00000109083	txnl4b	167	36.4	35.1	11.3	20.8	48.5	63.1	NA	NA	NA
ENSDART00000109082	BX511129.1	53	29.6	21.3	8.0	14.7	37.4	60.9	NA	NA	NA
ENSDART00000111328	cutc	21	44.3	42.0	7.6	25.0	66.2	76.8	NA	NA	NA
ENSDART00000109089	cdc25d	2	36.4	36.4	NA	NA	NA	NA	NA	NA	NA
ENSDART00000091017	PKN1	30	38.1	39.2	19.8	27.1	46.4	53.9	NA	NA	NA
ENSDART00000111321	zgc:152830	98	61.7	62.8	21.8	39.5	86.2	95.6	17.12	91.32	2.41524815782
ENSDART00000133675	mapk7	58	45.8	41.7	22.7	29.3	61.8	76.2	9.57	20.55	1.10254756408
ENSDART00000005625	glipr2l	248	39.6	37.4	13.8	22.7	52.6	70.9	NA	NA	NA
ENSDART00000076742	imp4	192	37.7	29.0	11.9	18.6	48.5	68.5	29.95	46.62	0.638393001453
ENSDART00000052859	dync1li1	108	35.2	30.3	12.1	17.3	45.4	61.2	NA	NA	NA
ENSDART00000076749	samsn1a	1	-13.9	-13.9	NA	NA	NA	NA	NA	NA	NA
ENSDART00000089855	hace1	69	46.4	40.1	12.3	25.6	67.9	86.3	NA	NA	NA
ENSDART00000062441	rnaseh1	74	28.1	22.9	9.4	15.6	36.3	49.8	NA	NA	NA
ENSDART00000142026	si:dkey-167i21.2	937	24.6	20.5	6.4	11.6	33.2	48.3	388.23	16.98	-4.51500324086
ENSDART00000112590	APBA3	144	33.5	32.0	9.0	18.0	45.1	64.0	31.06	28.7	-0.114007092824
ENSDART00000001907	slc16a3	275	57.5	58.3	10.3	28.3	82.5	103.6	74.78	831.19	3.47445392106
ENSDART00000149347	chchd7	1	25.1	25.1	NA	NA	NA	NA	NA	NA	NA
ENSDART00000026090	gtf2f1	217	52.1	49.8	21.3	32.4	69.5	85.2	110.27	77.96	-0.500234349725
ENSDART00000090942	ccdc126	44	32.6	24.9	9.5	16.9	37.8	57.1	NA	NA	NA
ENSDART00000053180	ift27	64	44.0	42.0	20.5	29.4	57.4	67.6	24.55	16.88	-0.540408120495
ENSDART00000044150	dnajc9	76	28.2	21.3	7.2	11.8	34.6	49.0	30.41	5.65	-2.42822304373
ENSDART00000131219	E2F6	94	25.5	23.2	4.4	14.7	35.6	48.0	33.05	20.78	-0.669454617491
ENSDART00000133369	ptprk	30	47.5	41.9	13.4	21.0	72.4	86.0	10.94	8.24	-0.408896495609
ENSDART00000056132	tprkb	5	52.5	53.3	NA	NA	NA	NA	NA	NA	NA
ENSDART00000028029	cenpj	45	36.8	20.9	10.2	15.6	37.9	48.8	8.82	1.3	-2.76226703253
ENSDART00000136531	wrn	23	67.9	65.6	13.6	34.7	101.9	126.7	NA	NA	NA
ENSDART00000101161	impdh1a	45	35.7	29.8	13.3	21.7	45.0	67.0	NA	NA	NA
ENSDART00000131212	FBXO46	121	30.3	25.7	9.4	16.4	41.0	55.7	NA	NA	NA
ENSDART00000006390	igfbp7	5	59.2	55.8	NA	NA	NA	NA	NA	NA	NA
ENSDART00000131217	ippk	172	41.4	37.0	12.6	21.5	55.4	78.2	NA	NA	NA
ENSDART00000081954	haus1	35	21.3	19.9	9.1	15.1	26.2	35.1	NA	NA	NA
ENSDART00000056634	ubtfl	43	33.0	24.9	13.6	19.2	46.0	67.6	26.88	11.68	-1.2024928639
ENSDART00000024354	csad	26	47.6	53.1	9.0	26.1	64.8	83.7	NA	NA	NA
ENSDART00000129342	SETDB2	13	55.7	50.8	40.8	42.6	64.9	89.6	7.66	1.55	-2.30507617665
ENSDART00000010777	ldhba	1611	51.1	48.6	18.2	30.2	67.8	88.2	274.24	299.04	0.124899459633
ENSDART00000087684	ncaph	335	37.8	33.0	8.3	17.9	52.2	74.3	69.45	276.7	1.99427604463
ENSDART00000087687	dsel	1	14.6	14.6	NA	NA	NA	NA	NA	NA	NA
ENSDART00000129838	BX005356.3	14	31.9	29.0	15.9	25.3	38.4	52.0	NA	NA	NA
ENSDART00000114741	polr1b	36	45.5	41.8	7.8	21.5	58.6	84.5	6.86	9.38	0.451379346343
ENSDART00000087939	TMEM121	1	37.8	37.8	NA	NA	NA	NA	NA	NA	NA
ENSDART00000062137	ncam2	2	77.0	77.0	NA	NA	NA	NA	NA	NA	NA
ENSDART00000110185	yme1l1a	92	41.8	36.3	14.1	24.5	58.3	77.9	NA	NA	NA
ENSDART00000062135	zgc:103681	2	29.9	29.9	NA	NA	NA	NA	NA	NA	NA
ENSDART00000124283	gpcpd1	43	60.6	51.1	14.6	26.3	79.9	117.5	NA	NA	NA
ENSDART00000110180	DUOXA2	1	34.6	34.6	NA	NA	NA	NA	NA	NA	NA
ENSDART00000110182	rabep1	139	34.8	30.4	6.9	16.9	51.9	66.4	NA	NA	NA
ENSDART00000020409	hand2	1	5.0	5.0	NA	NA	NA	NA	NA	NA	NA
ENSDART00000050988	gcnt4a	2	22.9	22.9	NA	NA	NA	NA	NA	NA	NA
ENSDART00000099607	slc6a17	2	40.9	40.9	NA	NA	NA	NA	NA	NA	NA
ENSDART00000012089	stim2	6	51.8	52.9	NA	NA	NA	NA	NA	NA	NA
ENSDART00000087533	csgalnact2	39	65.8	47.9	10.8	26.5	85.2	150.4	10.0	0.98	-3.35107444055
ENSDART00000127417	slc4a11	7	38.4	37.5	NA	NA	NA	NA	NA	NA	NA
ENSDART00000130914	CABZ01026370.1	1	132.0	132.0	NA	NA	NA	NA	NA	NA	NA
ENSDART00000099984	glo1	75	59.1	53.1	17.5	32.8	77.3	112.1	43.02	151.85	1.81956747863
ENSDART00000103943	BX005175.1	49	121.2	127.1	36.3	90.3	156.1	189.0	NA	NA	NA
ENSDART00000027364	rbfox1l	1	51.5	51.5	NA	NA	NA	NA	NA	NA	NA
ENSDART00000042478	enkur	65	42.4	41.0	15.7	30.3	53.6	67.7	23.0	7.6	-1.5975625375
ENSDART00000054861	fnta	150	38.0	36.7	18.1	24.4	49.0	66.0	40.28	45.28	0.168810274825
ENSDART00000123251	dus3l	404	45.6	44.7	14.8	26.6	61.1	76.9	78.17	92.28	0.239402966249
ENSDART00000123257	mknk1	263	53.6	47.1	17.1	24.7	72.4	98.3	NA	NA	NA
ENSDART00000054867	aup1	202	64.1	61.2	25.5	46.6	79.5	101.6	24.87	38.82	0.642393610497
ENSDART00000087065	timp2a	1	39.2	39.2	NA	NA	NA	NA	NA	NA	NA
ENSDART00000129140	sf3b1	233	88.9	88.2	37.7	58.8	119.7	141.4	16.09	191.89	3.57604329888
ENSDART00000087067	HEXDC	57	31.4	25.3	11.6	19.5	43.8	55.2	NA	NA	NA
ENSDART00000063087	BX539313.1	134	50.7	41.8	9.4	19.9	75.1	107.5	28.39	68.23	1.26502336724
ENSDART00000148531	arhgef25b	1	27.4	27.4	NA	NA	NA	NA	NA	NA	NA
ENSDART00000080545	dnmt3	21	72.0	55.8	17.8	35.3	107.0	125.0	11.93	29.39	1.30073131596
ENSDART00000020350	snx5	151	39.5	34.4	8.8	18.9	56.2	77.0	NA	NA	NA
ENSDART00000114561	AL929453.1	2	73.1	73.1	NA	NA	NA	NA	NA	NA	NA
ENSDART00000140724	gab1	53	55.9	46.3	16.3	30.6	77.1	103.1	NA	NA	NA
ENSDART00000140720	si:dkey-182g1.2	211	28.1	21.7	6.3	11.7	34.7	56.3	NA	NA	NA
ENSDART00000140890	pnpla6	18	38.8	22.8	10.6	17.4	63.1	77.0	NA	NA	NA
ENSDART00000038415	rhoq	44	61.5	60.0	21.6	39.2	82.4	103.0	NA	NA	NA
ENSDART00000100241	haao	1	24.1	24.1	NA	NA	NA	NA	NA	NA	NA
ENSDART00000145879	paqr3b	10	34.8	24.3	19.6	22.3	46.3	60.9	NA	NA	NA
ENSDART00000129854	tp53rk	265	54.8	54.0	17.3	31.9	73.8	95.2	23.53	126.85	2.43055029373
ENSDART00000145580	gpr1	16	64.5	62.6	11.2	16.5	77.6	131.6	NA	NA	NA
ENSDART00000149620	pmvk	54	52.8	49.8	21.5	29.7	66.7	95.3	NA	NA	NA
ENSDART00000042663	ryroxd1	23	30.0	28.6	10.0	17.0	43.6	50.8	NA	NA	NA
ENSDART00000110538	MPRIP	87	43.4	33.9	8.3	20.5	58.1	76.1	22.4	6.41	-1.80510247033
ENSDART00000141414	C24H8orf33	9	58.8	29.1	NA	NA	NA	NA	NA	NA	NA
ENSDART00000018155	adss	1	26.6	26.6	NA	NA	NA	NA	NA	NA	NA
ENSDART00000060283	gpr19	25	41.7	42.7	19.9	31.9	56.8	61.3	NA	NA	NA
ENSDART00000081894	FP340265.2	8	49.4	33.3	NA	NA	NA	NA	NA	NA	NA
ENSDART00000115161	REPS2	2	118.3	118.3	NA	NA	NA	NA	NA	NA	NA
ENSDART00000063665	cxcr7b	135	34.0	18.8	3.7	8.4	39.2	92.3	NA	NA	NA
ENSDART00000011414	elf2b	90	47.4	37.1	13.8	23.0	55.5	97.9	21.02	34.56	0.717340548201
ENSDART00000047499	bcan	2	27.0	27.0	NA	NA	NA	NA	NA	NA	NA
ENSDART00000016370	dirc2	89	71.0	74.5	18.1	47.0	96.1	116.5	NA	NA	NA
ENSDART00000007783	eefsec	42	48.5	47.7	15.7	28.7	68.1	82.1	NA	NA	NA
ENSDART00000055443	tpk1	7	44.0	39.1	NA	NA	NA	NA	NA	NA	NA
ENSDART00000052322	zgc:110699	1	24.9	24.9	NA	NA	NA	NA	NA	NA	NA
ENSDART00000052324	atg13	51	31.3	26.3	8.6	12.6	46.6	64.0	10.64	16.01	0.589475157015
ENSDART00000140098	cdk20	3	42.1	33.5	NA	NA	NA	NA	NA	NA	NA
ENSDART00000140096	metap1	42	69.4	67.4	25.8	45.8	94.2	112.1	13.77	59.35	2.10771947039
ENSDART00000019648	slc2a8	52	49.3	35.5	9.6	16.8	60.0	90.9	11.48	23.42	1.02861843383
ENSDART00000012857	alg6	38	70.7	76.2	32.0	52.5	86.0	107.4	12.95	15.26	0.236802864261
ENSDART00000137371	atp8b3	13	47.3	44.7	11.8	25.3	63.2	86.9	NA	NA	NA
ENSDART00000012855	sart1	225	86.0	87.3	47.0	63.7	107.8	130.1	68.63	131.38	0.936834410867
ENSDART00000137373	CKAP2	389	23.3	18.8	4.3	10.8	30.8	48.4	NA	NA	NA
ENSDART00000002826	gmppb	66	34.9	25.7	9.9	18.1	48.3	72.9	23.61	28.03	0.247573702804
ENSDART00000122071	tsc2	52	71.3	78.1	21.9	43.0	97.4	111.6	9.99	14.66	0.553328520341
ENSDART00000098146	zgc:152670	10	31.2	24.0	7.4	12.6	44.5	57.2	NA	NA	NA
ENSDART00000012859	psma6b	23	39.9	31.6	10.7	25.1	49.5	63.1	NA	NA	NA
ENSDART00000122076	RIIAD1	6	44.1	46.0	NA	NA	NA	NA	NA	NA	NA
ENSDART00000040116	tnrc5	184	55.0	55.1	13.8	28.9	73.3	100.2	93.68	39.84	-1.23352342843
ENSDART00000064031	rab3db	73	31.1	24.5	5.4	15.0	46.9	63.0	NA	NA	NA
ENSDART00000064032	eif4ebp1	382	26.2	20.2	5.3	12.0	32.8	49.3	47.99	50.2	0.0649535511219
ENSDART00000122952	TUBGCP6	5	40.2	40.7	NA	NA	NA	NA	9.39	1.6	-2.55305325277
ENSDART00000031638	slc48a1a	6	33.8	42.4	NA	NA	NA	NA	NA	NA	NA
ENSDART00000085769	lrsam1	1	14.9	14.9	NA	NA	NA	NA	NA	NA	NA
ENSDART00000141329	zgc:113625	10	43.4	25.3	14.8	17.1	60.0	99.1	NA	NA	NA
ENSDART00000004666	tmem63ba	134	62.5	59.4	27.3	43.6	78.3	102.6	NA	NA	NA
ENSDART00000023803	c1d	248	44.9	40.4	15.5	25.2	62.4	83.5	97.49	177.71	0.866198718534
ENSDART00000085761	slc45a4	2	55.0	55.0	NA	NA	NA	NA	NA	NA	NA
ENSDART00000047190	vps52	23	23.7	23.2	5.5	9.7	36.1	47.0	NA	NA	NA
ENSDART00000047191	glb1l	1	35.5	35.5	NA	NA	NA	NA	NA	NA	NA
ENSDART00000055771	hdlbp	308	70.9	70.6	11.7	33.9	104.6	125.4	103.44	225.47	1.12414130763
ENSDART00000092393	plbd1	9	30.7	30.0	NA	NA	NA	NA	NA	NA	NA
ENSDART00000075462	serinc2l	15	35.8	30.5	5.0	25.8	40.8	69.7	NA	NA	NA
ENSDART00000083756	RPTOR	35	25.3	18.3	3.4	8.3	35.9	61.5	NA	NA	NA
ENSDART00000085454	dis3	73	90.0	94.0	39.9	64.0	115.4	131.0	13.62	170.36	3.64478802654
ENSDART00000112357	CR774186.1	1	22.9	22.9	NA	NA	NA	NA	NA	NA	NA
ENSDART00000041897	inppl1a	41	48.1	35.5	11.9	22.7	71.9	104.0	10.72	1.72	-2.63982443576
ENSDART00000055055	sox8	23	33.7	21.1	13.7	17.4	43.4	69.4	NA	NA	NA
ENSDART00000037193	C2CD2	3	65.5	74.2	NA	NA	NA	NA	NA	NA	NA
ENSDART00000132336	znf687b	90	40.1	32.2	10.5	20.8	50.3	65.4	11.24	12.04	0.0991933565388
ENSDART00000122617	BX572630.2	16	27.6	27.4	6.7	12.0	43.3	51.8	NA	NA	NA
ENSDART00000077823	LRIT3	32	49.9	46.2	15.9	24.6	65.9	89.7	NA	NA	NA
ENSDART00000137212	dip2c	13	55.4	42.9	15.0	19.5	92.0	108.6	NA	NA	NA
ENSDART00000081420	zgc:171686	1	152.2	152.2	NA	NA	NA	NA	NA	NA	NA
ENSDART00000150885	vdrb	5	39.9	46.5	NA	NA	NA	NA	NA	NA	NA
ENSDART00000025196	bin2a	3	185.2	215.3	NA	NA	NA	NA	NA	NA	NA
ENSDART00000150886	eif2a	336	36.8	33.6	6.9	16.7	52.9	70.1	18.79	21.84	0.2170077895
ENSDART00000129983	MPPED1	3	34.6	40.4	NA	NA	NA	NA	NA	NA	NA
ENSDART00000112389	wdr43	249	31.4	28.0	7.9	15.8	44.0	57.6	81.81	106.85	0.385237801911
ENSDART00000110621	ncoa3	185	34.9	27.5	10.7	16.3	46.3	68.2	8.91	50.88	2.51360133376
ENSDART00000033858	akt2l	94	24.3	20.3	7.8	13.0	33.0	49.3	20.34	2.44	-3.05936662629
ENSDART00000099819	bcl7ba	145	53.2	52.3	12.9	28.5	73.8	95.8	53.46	191.86	1.8435222194
ENSDART00000085505	ctdspl2b	92	64.8	64.5	10.3	32.6	93.8	129.5	22.54	82.97	1.88010227065
ENSDART00000112746	zgc:171459	6	15.7	13.5	NA	NA	NA	NA	NA	NA	NA
ENSDART00000111669	zgc:112175	4	25.2	15.4	NA	NA	NA	NA	NA	NA	NA
ENSDART00000074786	ctso	63	43.8	41.1	8.3	26.4	59.5	77.7	NA	NA	NA
ENSDART00000111912	RBM12B	80	82.4	80.1	33.4	49.2	107.6	125.1	20.41	90.94	2.15563882171
ENSDART00000058706	CU638738.1	1	57.3	57.3	NA	NA	NA	NA	NA	NA	NA
ENSDART00000111666	npdc1	87	35.6	30.8	8.5	18.1	41.1	60.5	NA	NA	NA
ENSDART00000151137	oxr1b	58	25.1	22.9	5.2	12.9	34.0	44.4	NA	NA	NA
ENSDART00000079091	cyp2r1	72	46.2	39.2	14.9	28.2	62.2	73.7	NA	NA	NA
ENSDART00000014049	wdr36	181	48.4	46.0	19.0	32.4	63.0	77.7	29.98	90.29	1.59056582868
ENSDART00000093250	pou3f2b	1	16.5	16.5	NA	NA	NA	NA	NA	NA	NA
ENSDART00000123972	smarca5	622	60.3	56.2	23.1	38.6	79.0	100.8	74.9	310.09	2.04964937786
ENSDART00000020834	CABZ01111496.1	21	46.0	34.9	19.1	25.9	67.8	96.2	NA	NA	NA
ENSDART00000037140	ing3	348	38.9	32.2	11.3	20.1	49.7	69.8	78.13	58.49	-0.417686625112
ENSDART00000014046	specc1la	29	63.9	58.2	21.6	35.9	82.2	108.2	NA	NA	NA
ENSDART00000109065	ccng1	687	104.3	111.8	34.5	76.7	134.4	153.9	404.79	180.49	-1.1652547427
ENSDART00000101765	RBM44	44	82.1	82.1	25.0	54.2	116.5	127.1	NA	NA	NA
ENSDART00000101762	stxbp5a	3	24.8	20.2	NA	NA	NA	NA	NA	NA	NA
ENSDART00000124078	CABZ01021426.1	1	38.1	38.1	NA	NA	NA	NA	NA	NA	NA
ENSDART00000006221	NBEAL1	153	36.2	30.0	10.0	17.1	46.7	73.0	7.29	3.98	-0.873150383783
ENSDART00000108928	pnpla8	52	21.9	14.7	6.4	11.2	23.1	43.8	NA	NA	NA
ENSDART00000031823	triobp	356	51.6	50.3	19.4	30.9	67.6	86.1	76.47	36.38	-1.07174833109
ENSDART00000136294	atp9b	57	30.2	24.9	-0.8	10.9	35.3	72.9	NA	NA	NA
ENSDART00000123971	BX936443.2	2	34.0	34.0	NA	NA	NA	NA	NA	NA	NA
ENSDART00000076030	fbl	127	79.2	78.7	13.7	41.4	111.3	134.8	127.65	765.75	2.58467992408
ENSDART00000138204	myo1b	86	56.6	47.3	9.7	22.7	74.3	108.7	8.54	28.44	1.73561349
ENSDART00000140330	si:ch211-198m1.1	26	42.7	39.3	16.4	29.7	55.4	67.8	NA	NA	NA
ENSDART00000121431	WDSUB1	6	28.7	27.0	NA	NA	NA	NA	NA	NA	NA
ENSDART00000066933	itih2	1	65.6	65.6	NA	NA	NA	NA	NA	NA	NA
ENSDART00000066930	atp5c1	311	27.1	22.6	8.3	14.0	36.5	53.9	96.35	15.24	-2.66042176369
ENSDART00000066935	tmem110l	44	41.2	42.0	14.6	23.5	56.5	69.3	17.47	6.55	-1.41531279649
ENSDART00000092977	si:ch211-248g20.5	32	30.1	21.8	8.0	13.7	45.2	60.5	NA	NA	NA
ENSDART00000055566	xpa	1	21.5	21.5	NA	NA	NA	NA	NA	NA	NA
ENSDART00000073419	ccnd2a	21	44.1	41.2	22.3	26.6	48.2	63.2	NA	NA	NA
ENSDART00000124510	prkcbp1l	44	45.1	45.2	14.1	23.2	57.5	79.5	7.71	28.45	1.88362588728
ENSDART00000124514	usp44	226	35.3	30.7	8.4	17.8	48.1	69.9	36.33	57.9	0.672401982461
ENSDART00000081411	pole	26	25.4	23.4	6.3	14.3	35.5	49.7	5.64	3.21	-0.813121865276
ENSDART00000041468	CABZ01003022.1	10	61.0	56.7	32.0	40.0	71.9	93.2	NA	NA	NA
ENSDART00000041466	SLC35E2B	61	53.0	53.8	10.0	18.2	73.2	99.6	NA	NA	NA
ENSDART00000142256	si:dkey-32e6.3	3	29.5	36.9	NA	NA	NA	NA	NA	NA	NA
ENSDART00000041397	flvcr1	3	27.6	33.2	NA	NA	NA	NA	NA	NA	NA
ENSDART00000148893	cdadc1	3	72.3	77.8	NA	NA	NA	NA	NA	NA	NA
ENSDART00000148892	extl3	49	62.9	61.9	15.1	38.3	86.1	109.5	7.32	10.37	0.502500340529
ENSDART00000142251	wdr47a	5	29.9	38.5	NA	NA	NA	NA	8.91	27.23	1.61169964552
ENSDART00000125690	ints12	15	42.2	35.9	21.9	28.3	49.8	73.1	NA	NA	NA
ENSDART00000081915	cdcp1a	55	45.2	44.6	18.7	29.8	55.9	71.9	23.04	16.51	-0.480800596529
ENSDART00000073650	dok1b	67	26.5	19.5	9.5	12.7	31.7	46.4	NA	NA	NA
ENSDART00000073651	ergic2	26	43.6	42.2	17.3	27.0	51.9	67.8	14.39	4.56	-1.65796086258
ENSDART00000125691	sntb1	19	30.4	28.5	8.9	20.8	42.1	51.8	NA	NA	NA
ENSDART00000001755	RGL3	1	42.8	42.8	NA	NA	NA	NA	NA	NA	NA
ENSDART00000004504	dag1	290	71.8	74.0	28.1	52.1	91.5	107.7	14.13	67.27	2.2512017925
ENSDART00000122653	CABZ01113414.1	1	18.8	18.8	NA	NA	NA	NA	NA	NA	NA
ENSDART00000051774	zgc:110697	67	45.8	47.3	20.2	32.0	60.8	68.2	27.58	57.44	1.05843329231
ENSDART00000017881	eif4e1b	72	55.7	54.2	11.3	35.7	76.4	94.8	39.8	106.66	1.42217889725
ENSDART00000074158	B4GALT1	73	70.0	53.7	16.3	29.6	89.3	147.1	40.52	13.51	-1.58460649948
ENSDART00000083351	capn2l	9	60.6	60.5	NA	NA	NA	NA	NA	NA	NA
ENSDART00000058036	emx2	6	16.2	13.1	NA	NA	NA	NA	NA	NA	NA
ENSDART00000057742	ssx2ip	35	40.2	34.0	9.0	15.8	65.1	80.9	NA	NA	NA
ENSDART00000074155	BX322787.1	6	22.3	20.7	NA	NA	NA	NA	NA	NA	NA
ENSDART00000074153	tlr5b	2	73.3	73.3	NA	NA	NA	NA	NA	NA	NA
ENSDART00000074150	disp1	15	39.9	37.6	21.7	31.8	42.7	64.9	NA	NA	NA
ENSDART00000083359	si:ch211-89f7.1	2	56.1	56.1	NA	NA	NA	NA	NA	NA	NA
ENSDART00000123886	uggt1	200	57.3	55.5	13.4	31.2	78.2	104.2	9.5	85.78	3.17464189742
ENSDART00000003888	snapc1b	97	41.6	39.1	12.1	21.4	52.7	71.8	29.78	62.97	1.08032091343
ENSDART00000123884	zgc:109889	139	30.3	22.5	7.7	11.8	39.1	64.7	NA	NA	NA
ENSDART00000123882	mecp2	11	31.6	30.9	12.5	20.7	38.2	47.1	NA	NA	NA
ENSDART00000114929	ZFYVE1	20	46.2	33.7	7.8	17.2	79.2	91.7	NA	NA	NA
ENSDART00000051770	fam203a	59	32.6	31.1	10.5	19.9	41.8	52.1	NA	NA	NA
ENSDART00000005453	chd4a	243	63.9	62.6	23.5	38.4	82.7	103.7	50.0	121.82	1.28475100953
ENSDART00000003884	mynn	182	43.4	39.2	13.1	24.4	58.4	73.6	43.19	43.42	0.00766240940812
ENSDART00000033494	klf6a	35	30.3	22.5	8.5	13.1	39.8	56.6	NA	NA	NA
ENSDART00000105864	zgc:171500	3	113.7	127.1	NA	NA	NA	NA	NA	NA	NA
ENSDART00000020631	hnrpdl	164	75.9	73.8	26.5	48.2	101.5	128.2	55.26	242.87	2.13587682788
ENSDART00000020638	rcan1a	22	79.1	82.3	24.6	44.4	102.8	136.8	NA	NA	NA
ENSDART00000020299	rpl5b	1143	38.3	36.3	17.5	25.4	48.0	58.2	861.53	18.08	-5.57443445165
ENSDART00000137969	zgc:112994	7	94.2	110.9	NA	NA	NA	NA	NA	NA	NA
ENSDART00000077178	tnw	6	68.3	84.1	NA	NA	NA	NA	NA	NA	NA
ENSDART00000056830	pacsin1b	32	74.0	79.6	39.6	51.6	95.3	106.5	NA	NA	NA
ENSDART00000053841	ddhd1b	1	66.3	66.3	NA	NA	NA	NA	NA	NA	NA
ENSDART00000127963	CABZ01031170.1	14	19.4	17.3	4.2	12.0	28.2	37.9	NA	NA	NA
ENSDART00000127964	zgc:194578	5	61.8	44.1	NA	NA	NA	NA	NA	NA	NA
ENSDART00000127965	tp63	3	13.2	12.0	NA	NA	NA	NA	NA	NA	NA
ENSDART00000152237	FBXO48	12	22.9	18.5	2.1	7.6	27.5	43.0	NA	NA	NA
ENSDART00000102072	BX119963.1	3	16.9	16.4	NA	NA	NA	NA	NA	NA	NA
ENSDART00000102070	ATF6B	52	45.2	38.9	21.9	32.0	54.0	68.1	16.21	5.19	-1.64307764716
ENSDART00000028406	dlg1	27	37.5	36.6	7.3	16.9	53.1	60.0	NA	NA	NA
ENSDART00000091955	nrxn2b	9	31.7	22.9	NA	NA	NA	NA	NA	NA	NA
ENSDART00000037541	rmnd1	103	62.3	61.8	33.5	43.3	78.2	97.9	29.13	30.47	0.0648837985461
ENSDART00000129133	BX000701.2	2	86.1	86.1	NA	NA	NA	NA	NA	NA	NA
ENSDART00000053880	tmem242	56	40.8	39.3	9.1	29.4	54.0	69.9	NA	NA	NA
ENSDART00000129643	aplnrb	622	82.1	77.8	17.8	42.5	117.6	146.3	NA	NA	NA
ENSDART00000129134	pard3	7	76.4	83.9	NA	NA	NA	NA	23.4	39.94	0.771325802973
ENSDART00000141548	hibch	18	76.0	73.7	41.6	57.8	96.1	127.1	NA	NA	NA
ENSDART00000129395	uvrag	100	27.7	24.8	6.5	13.2	33.5	47.2	NA	NA	NA
ENSDART00000052351	cnep1r1	409	54.4	53.6	18.2	32.7	75.2	90.1	NA	NA	NA
ENSDART00000145617	sec23a	212	71.0	72.3	15.1	35.5	103.1	126.4	NA	NA	NA
ENSDART00000005901	plod2	1	80.6	80.6	NA	NA	NA	NA	NA	NA	NA
ENSDART00000005903	atp5g3b	864	23.5	21.0	5.3	10.9	33.4	45.5	213.68	31.39	-2.76707494705
ENSDART00000020183	fam102bb	11	23.0	23.0	7.0	16.1	29.5	37.5	NA	NA	NA
ENSDART00000076082	fetub	2	52.8	52.8	NA	NA	NA	NA	NA	NA	NA
ENSDART00000076083	cdc42ep2	110	35.5	32.4	6.8	18.8	45.0	62.5	NA	NA	NA
ENSDART00000005906	stk38a	105	76.5	75.3	33.8	45.6	97.2	127.7	NA	NA	NA
ENSDART00000092023	PTDSS2	195	30.2	28.1	10.5	19.7	39.8	52.5	NA	NA	NA
ENSDART00000092752	wash	50	28.9	24.8	13.6	18.4	40.6	48.9	NA	NA	NA
ENSDART00000098701	slc7a4	25	42.1	38.0	11.7	20.0	57.6	69.1	NA	NA	NA
ENSDART00000100060	dsc2l	3	99.2	50.1	NA	NA	NA	NA	NA	NA	NA
ENSDART00000013313	itfg2	63	33.4	34.5	14.8	20.2	46.5	53.9	NA	NA	NA
ENSDART00000128931	igf2bp2a	12	20.5	20.4	12.0	13.2	30.4	33.5	NA	NA	NA
ENSDART00000131515	tmc1	1	22.3	22.3	NA	NA	NA	NA	NA	NA	NA
ENSDART00000006908	itgb3b	1	151.2	151.2	NA	NA	NA	NA	NA	NA	NA
ENSDART00000129393	trmt1	17	48.9	50.6	14.0	22.6	73.4	92.4	9.6	64.15	2.74034295437
ENSDART00000131510	b3gnt2l	24	41.1	45.0	11.5	34.3	50.4	52.7	NA	NA	NA
ENSDART00000150989	march7	259	25.0	21.2	6.7	12.4	34.6	47.4	30.77	11.47	-1.42365905232
ENSDART00000134597	usp42	231	40.9	28.5	11.3	16.9	49.1	79.3	39.31	24.06	-0.708259721248
ENSDART00000136544	aars	109	59.1	62.7	19.2	40.1	76.0	93.2	47.83	62.23	0.379694454901
ENSDART00000074728	zfyve21	17	76.8	86.6	0.9	14.3	127.5	137.7	NA	NA	NA
ENSDART00000131518	si:dkey-284p5.3	1	12.8	12.8	NA	NA	NA	NA	NA	NA	NA
ENSDART00000134592	lmbrd2b	20	36.6	34.7	13.5	23.1	48.8	59.2	NA	NA	NA
ENSDART00000151081	SEPT12	8	77.7	71.9	NA	NA	NA	NA	NA	NA	NA
ENSDART00000045391	srgap2a	1	26.5	26.5	NA	NA	NA	NA	NA	NA	NA
ENSDART00000139746	si:dkey-261l7.2	6	32.1	30.9	NA	NA	NA	NA	NA	NA	NA
ENSDART00000139744	scai	15	30.1	24.3	11.4	14.1	53.8	55.4	NA	NA	NA
ENSDART00000047707	znf740	78	41.4	36.8	12.0	19.7	54.0	79.8	30.27	54.89	0.858654664147
ENSDART00000032277	ddx51	27	31.3	25.8	8.3	13.5	38.3	69.1	32.68	9.04	-1.85401330573
ENSDART00000013063	CT573103.1	28	56.6	55.9	12.7	32.2	73.3	108.6	5.53	14.62	1.40259192572
ENSDART00000130601	CABZ01020840.1	63	28.7	17.3	4.5	10.5	26.9	62.0	NA	NA	NA
ENSDART00000135236	si:ch211-216l23.2	36	80.1	87.7	42.2	57.8	101.2	116.5	7.45	62.29	3.06368824174
ENSDART00000130603	sept2	272	117.0	123.5	53.1	91.4	148.1	162.9	20.16	337.02	4.0632666648
ENSDART00000025691	dbnla	3	55.0	42.8	NA	NA	NA	NA	NA	NA	NA
ENSDART00000130609	runx2b	12	29.6	21.6	-1.0	13.6	50.6	56.2	NA	NA	NA
ENSDART00000129399	C3H19orf43	115	48.0	44.7	12.3	26.8	67.2	83.3	87.41	57.89	-0.594484181799
ENSDART00000135239	brd3a	229	83.2	81.4	17.5	52.0	117.8	143.5	329.25	391.79	0.250897134422
ENSDART00000138431	zgc:152951	56	24.7	20.6	9.7	13.6	36.4	46.5	NA	NA	NA
ENSDART00000076554	wu:fd14a06	27	41.2	36.8	17.9	27.0	51.0	68.9	NA	NA	NA
ENSDART00000132044	trmt44	79	42.0	38.2	16.4	24.9	56.0	71.4	24.17	50.73	1.06962168737
ENSDART00000076229	irs1	47	49.2	44.3	13.4	24.6	72.2	90.3	5.0	29.2	2.54596836911
ENSDART00000023721	cpsf5	156	68.4	60.9	28.1	43.7	89.9	115.6	47.99	143.64	1.58165183995
ENSDART00000110701	si:dkey-266m15.5	1	91.8	91.8	NA	NA	NA	NA	NA	NA	NA
ENSDART00000138369	CDCA4	165	35.0	26.0	6.7	15.6	42.5	72.6	28.55	29.63	0.0535678807111
ENSDART00000090530	FAM110D	6	96.9	88.5	NA	NA	NA	NA	NA	NA	NA
ENSDART00000049224	taf1b	71	30.9	29.4	13.6	19.4	37.8	51.9	NA	NA	NA
ENSDART00000146859	cables2a	220	41.6	35.8	12.4	22.7	52.8	76.9	NA	NA	NA
ENSDART00000125836	CR376785.2	88	47.5	43.7	24.7	33.9	59.9	73.8	NA	NA	NA
ENSDART00000108960	FAM131A	6	32.7	25.7	NA	NA	NA	NA	NA	NA	NA
ENSDART00000146858	si:dkeyp-27e10.3	2	208.0	208.0	NA	NA	NA	NA	NA	NA	NA
ENSDART00000109344	BX005272.1	26	36.2	32.6	16.1	21.3	46.5	53.0	NA	NA	NA
ENSDART00000109346	FUZ	69	33.1	26.9	3.5	16.8	43.6	62.9	NA	NA	NA
ENSDART00000011583	mkks	29	38.3	34.5	13.1	25.9	42.5	59.3	NA	NA	NA
ENSDART00000007638	bcap29	25	58.3	58.4	18.3	30.3	80.7	102.8	NA	NA	NA
ENSDART00000040275	kcnj11l	2	47.4	47.4	NA	NA	NA	NA	NA	NA	NA
ENSDART00000091229	crym	1	57.1	57.1	NA	NA	NA	NA	NA	NA	NA
ENSDART00000015076	C5H9orf78	138	32.8	27.3	9.6	16.7	40.5	58.5	91.38	42.83	-1.09325676532
ENSDART00000046783	zgc:113294	1	22.2	22.2	NA	NA	NA	NA	NA	NA	NA
ENSDART00000055872	dnajc15	70	41.9	43.4	18.5	30.0	55.7	65.7	NA	NA	NA
ENSDART00000114177	mutyh	36	28.4	25.5	8.5	14.8	39.7	50.8	NA	NA	NA
ENSDART00000055878	rcl1	84	63.3	65.3	29.6	46.3	80.3	93.3	48.46	81.26	0.74575095978
ENSDART00000039054	mecr	8	38.5	33.4	NA	NA	NA	NA	NA	NA	NA
ENSDART00000090280	FTCDNL1	29	53.7	47.1	18.5	25.2	56.2	82.6	NA	NA	NA
ENSDART00000090286	HECW2	2	12.7	12.7	NA	NA	NA	NA	NA	NA	NA
ENSDART00000149202	pou3f3b	1	66.5	66.5	NA	NA	NA	NA	NA	NA	NA
ENSDART00000128773	DOC2B	3	19.1	17.8	NA	NA	NA	NA	NA	NA	NA
ENSDART00000099031	zgc:136254	4	36.9	37.8	NA	NA	NA	NA	NA	NA	NA
ENSDART00000103858	B4GALNT2	9	29.5	25.7	NA	NA	NA	NA	NA	NA	NA
ENSDART00000115370	mettl22	32	37.5	32.8	7.2	18.6	50.3	69.4	NA	NA	NA
ENSDART00000053418	dnmt4	39	72.1	71.0	14.9	33.6	99.0	138.5	9.79	37.34	1.93134116262
ENSDART00000115373	FAM196A	4	53.1	31.7	NA	NA	NA	NA	NA	NA	NA
ENSDART00000115375	zgc:171901	33	22.7	22.1	6.2	12.3	29.8	39.4	NA	NA	NA
ENSDART00000080079	slc44a5b	21	29.3	22.4	9.1	15.9	45.3	56.6	NA	NA	NA
ENSDART00000003310	sox21b	3	35.5	14.7	NA	NA	NA	NA	NA	NA	NA
ENSDART00000097312	SCO1	27	38.6	32.5	13.4	22.0	45.2	61.7	NA	NA	NA
ENSDART00000006765	tm9sf4	199	72.9	73.3	28.2	51.8	96.5	115.6	19.93	159.37	2.99936646495
ENSDART00000003314	nusap1	337	26.7	19.8	5.8	11.0	33.4	53.8	45.45	61.09	0.426655945999
ENSDART00000104612	hmx3	4	23.3	14.4	NA	NA	NA	NA	NA	NA	NA
ENSDART00000088270	yjefn3	8	50.7	42.4	NA	NA	NA	NA	NA	NA	NA
ENSDART00000078049	pdzd3b	1	17.0	17.0	NA	NA	NA	NA	NA	NA	NA
ENSDART00000010824	CU896698.1	1	20.3	20.3	NA	NA	NA	NA	NA	NA	NA
ENSDART00000148251	si:ch211-89o9.4	6	46.1	42.5	NA	NA	NA	NA	NA	NA	NA
ENSDART00000145966	mapkapk5	54	39.3	38.1	10.8	21.4	53.1	70.1	NA	NA	NA
ENSDART00000130317	arhgap20	1	8.8	8.8	NA	NA	NA	NA	NA	NA	NA
ENSDART00000141782	si:dkey-226k3.4	71	37.9	32.8	11.1	23.6	53.0	61.9	NA	NA	NA
ENSDART00000148709	brd2b	218	33.8	29.9	8.8	19.4	45.6	60.5	18.15	30.47	0.747419951803
ENSDART00000054274	macf1	16	31.2	22.9	7.8	14.3	35.3	63.0	2.64	2.13	-0.309684499133
ENSDART00000006612	tbr1b	4	18.0	13.9	NA	NA	NA	NA	NA	NA	NA
ENSDART00000136761	prkx	2	35.2	35.2	NA	NA	NA	NA	NA	NA	NA
ENSDART00000136763	vav3a	4	34.4	39.8	NA	NA	NA	NA	NA	NA	NA
ENSDART00000041677	serpine2	99	83.8	83.4	26.1	53.1	118.9	138.6	17.86	132.38	2.88988119035
ENSDART00000080290	ST3GAL1	163	46.5	47.1	15.6	29.8	63.4	73.5	82.82	10.2	-3.02141005051
ENSDART00000042867	DEDD	275	38.0	34.5	12.7	21.9	50.6	65.9	99.66	61.09	-0.706078333603
ENSDART00000021209	uxt	35	35.7	34.7	16.6	25.4	45.3	60.3	NA	NA	NA
ENSDART00000123062	insig1	51	70.9	54.0	18.5	29.3	105.3	136.9	NA	NA	NA
ENSDART00000044429	rnf123	22	21.8	17.6	4.1	9.6	31.6	47.2	NA	NA	NA
ENSDART00000054652	MARVELD3	337	35.9	30.6	9.9	16.1	49.5	72.0	NA	NA	NA
ENSDART00000078306	arhgef2	1	6.3	6.3	NA	NA	NA	NA	NA	NA	NA
ENSDART00000027756	arhgef39	63	84.2	84.5	48.0	62.0	107.2	121.9	11.46	102.61	3.16249238844
ENSDART00000018908	slc27a1a	69	63.6	62.4	24.8	37.4	88.1	101.2	24.35	48.15	0.983614025761
ENSDART00000054659	fam58a	190	44.8	41.2	16.4	27.3	60.2	79.2	NA	NA	NA
ENSDART00000133801	mylk2	1	202.7	202.7	NA	NA	NA	NA	NA	NA	NA
ENSDART00000054809	trappc11	67	58.1	60.5	18.3	35.8	78.4	93.4	14.51	52.34	1.85086640498
ENSDART00000011337	surf1	10	22.0	20.0	9.9	11.7	30.9	35.7	NA	NA	NA
ENSDART00000108585	SOWAHA	1	26.8	26.8	NA	NA	NA	NA	NA	NA	NA
ENSDART00000065318	C21HXorf40B	39	29.6	20.7	4.9	9.5	49.4	65.8	NA	NA	NA
ENSDART00000108587	sec31a	7	93.8	94.0	NA	NA	NA	NA	4.63	26.21	2.50103325507
ENSDART00000081215	krt8	38	108.7	113.6	51.9	99.2	137.9	156.0	NA	NA	NA
ENSDART00000122449	ccnb3	59	27.1	19.6	4.3	10.9	31.5	55.4	12.54	12.79	0.0284789160796
ENSDART00000124875	u2af2a	117	108.2	113.2	42.5	79.3	141.8	163.1	40.84	313.27	2.93935184669
ENSDART00000147702	zdhhc5a	129	59.1	58.3	27.0	41.7	78.4	92.5	NA	NA	NA
ENSDART00000105694	adprm	31	40.0	40.9	12.1	24.9	54.1	69.0	NA	NA	NA
ENSDART00000081212	polr2l	189	52.4	50.8	18.8	30.0	67.9	88.7	86.07	220.05	1.35424899779
ENSDART00000122445	AKT3	10	73.2	72.3	41.1	49.4	89.1	118.6	NA	NA	NA
ENSDART00000056248	wdr48	106	34.2	29.5	9.3	17.3	46.3	62.7	16.75	38.66	1.20668054198
ENSDART00000138360	myo10l3	1	11.8	11.8	NA	NA	NA	NA	NA	NA	NA
ENSDART00000029974	clcnk	3	58.3	59.8	NA	NA	NA	NA	NA	NA	NA
ENSDART00000126589	CU695232.1	64	35.6	29.2	12.0	16.6	47.1	70.0	NA	NA	NA
ENSDART00000080925	impad1	60	42.0	39.0	19.5	29.1	52.6	69.4	NA	NA	NA
ENSDART00000144616	DHRS4	5	95.7	36.6	NA	NA	NA	NA	NA	NA	NA
ENSDART00000110482	zdhhc12a	2	48.8	48.8	NA	NA	NA	NA	NA	NA	NA
ENSDART00000126587	samd7	13	27.1	14.4	-1.9	2.1	36.9	79.1	NA	NA	NA
ENSDART00000126586	si:ch211-197l9.5	12	20.1	16.8	2.6	4.9	26.6	51.9	NA	NA	NA
ENSDART00000027532	mapkapk2a	243	55.4	51.0	8.4	26.9	86.0	105.7	33.45	256.21	2.93724866988
ENSDART00000135977	s1pr3a	1	29.8	29.8	NA	NA	NA	NA	NA	NA	NA
ENSDART00000050379	JHDM1D	65	48.0	47.3	11.2	19.4	68.2	87.4	13.37	30.92	1.20954085383
ENSDART00000124724	dpydb	60	43.4	43.6	11.7	28.1	58.0	73.8	NA	NA	NA
ENSDART00000084598	vimp	280	27.7	24.2	8.4	15.7	36.5	53.5	NA	NA	NA
ENSDART00000105526	nub1	14	48.6	47.3	23.3	33.8	65.7	68.3	NA	NA	NA
ENSDART00000061016	fam192a	52	60.1	58.3	23.7	41.2	73.5	103.8	26.81	46.74	0.8018865148
ENSDART00000105520	pias4a	171	57.8	51.7	3.5	16.9	84.7	123.4	34.12	161.34	2.24141460928
ENSDART00000061013	sncb	10	48.7	55.7	11.4	48.4	61.9	63.4	NA	NA	NA
ENSDART00000105523	timm23	283	37.8	35.2	9.6	20.2	51.9	64.1	34.61	61.4	0.827049714092
ENSDART00000050311	RLTPR	158	76.7	75.4	23.5	47.6	107.7	128.1	NA	NA	NA
ENSDART00000084597	d2hgdh	17	52.3	39.9	20.1	31.6	59.7	65.4	NA	NA	NA
ENSDART00000123086	pitpnb	44	30.1	28.4	3.4	12.7	42.3	67.3	NA	NA	NA
ENSDART00000102518	wu:fc28f08	21	32.7	27.8	6.7	16.4	57.3	58.7	NA	NA	NA
ENSDART00000098283	fgf4	1	116.0	116.0	NA	NA	NA	NA	NA	NA	NA
ENSDART00000098285	atf5a	84	34.0	26.4	8.2	14.1	44.1	67.1	NA	NA	NA
ENSDART00000102510	zgc:77056	25	101.7	122.2	8.6	80.5	138.1	152.4	43.53	109.27	1.32781543925
ENSDART00000102511	ccdc104	60	38.4	29.8	14.3	23.1	49.7	78.3	19.91	0.92	-4.43571554966
ENSDART00000127194	ghra	4	33.3	37.3	NA	NA	NA	NA	NA	NA	NA
ENSDART00000040701	ing5a	1	12.6	12.6	NA	NA	NA	NA	NA	NA	NA
ENSDART00000015051	gdf5	1	7.7	7.7	NA	NA	NA	NA	NA	NA	NA
ENSDART00000060723	CU862021.1	143	71.7	78.5	22.7	43.0	99.1	111.9	NA	NA	NA
ENSDART00000040708	caprin2	568	31.7	26.4	9.2	16.1	42.7	59.2	93.64	25.03	-1.90346664342
ENSDART00000058992	gli3	1	22.0	22.0	NA	NA	NA	NA	NA	NA	NA
ENSDART00000058993	psph	65	37.3	27.3	7.0	11.6	51.3	96.2	24.37	28.32	0.21671501436
ENSDART00000060729	YRDC	53	48.0	44.3	12.8	20.9	66.0	92.7	NA	NA	NA
ENSDART00000075278	atp1b4	2	78.7	78.7	NA	NA	NA	NA	NA	NA	NA
ENSDART00000066894	dcp1b	19	38.6	46.3	15.7	23.2	51.1	56.5	NA	NA	NA
ENSDART00000146619	dram2b	10	39.6	36.5	30.2	33.9	45.4	59.4	NA	NA	NA
ENSDART00000005609	kifap3a	14	28.7	22.5	11.9	16.9	39.9	52.0	NA	NA	NA
ENSDART00000066891	gsap	27	29.9	20.8	7.8	10.6	45.6	64.0	NA	NA	NA
ENSDART00000082296	ptger4a	1	85.5	85.5	NA	NA	NA	NA	NA	NA	NA
ENSDART00000066898	rps16	382	47.9	44.1	25.3	35.1	55.5	70.0	414.0	33.09	-3.64516357096
ENSDART00000146616	si:dkey-189h5.6	1	21.5	21.5	NA	NA	NA	NA	NA	NA	NA
ENSDART00000112252	CABZ01079241.1	0	NA	NA	NA	NA	NA	NA	12.17	2.18	-2.48092912794
ENSDART00000135950	smg6	43	58.4	53.6	8.9	25.9	77.9	129.0	NA	NA	NA
ENSDART00000135951	SLC46A3	2	21.5	21.5	NA	NA	NA	NA	NA	NA	NA
ENSDART00000031752	rfx4	1	81.2	81.2	NA	NA	NA	NA	NA	NA	NA
ENSDART00000135959	thumpd3	78	28.8	25.9	6.0	13.1	41.6	57.2	35.5	40.3	0.182960814136
ENSDART00000079852	ikbkg	78	32.6	24.5	9.5	18.4	44.3	56.9	40.89	11.03	-1.89031527193
ENSDART00000125584	im:7136729	10	42.8	44.4	21.5	30.4	54.2	60.5	NA	NA	NA
ENSDART00000132294	fut8	2	54.0	54.0	NA	NA	NA	NA	NA	NA	NA
ENSDART00000132295	rnf17	107	28.9	26.9	9.6	16.7	37.8	53.4	17.92	4.16	-2.10691520392
ENSDART00000132297	adam9	32	39.9	41.7	11.7	22.7	51.7	61.7	NA	NA	NA
ENSDART00000093160	ch1073-291c23.1	61	48.3	40.4	9.6	23.8	68.5	88.0	NA	NA	NA
ENSDART00000134606	otpb	24	24.1	16.9	5.1	11.2	30.9	42.7	NA	NA	NA
ENSDART00000134601	prpf8	227	102.1	108.8	33.6	71.2	135.3	154.9	19.07	125.94	2.7233598237
ENSDART00000079855	FAM98C	21	26.8	28.7	12.0	18.4	37.9	41.0	NA	NA	NA
ENSDART00000143395	sh3kbp1	74	38.8	39.7	7.7	24.7	51.9	66.7	NA	NA	NA
ENSDART00000057689	bag3	4	47.2	51.8	NA	NA	NA	NA	NA	NA	NA
ENSDART00000143390	vps41	26	29.2	22.2	13.7	17.2	41.2	52.5	NA	NA	NA
ENSDART00000023867	lsg1	185	55.8	53.8	24.5	36.3	70.3	86.3	45.85	121.55	1.40655625443
ENSDART00000134661	gstcd	46	65.6	58.1	28.8	37.4	91.7	113.7	NA	NA	NA
ENSDART00000013278	sirt2	5	53.8	43.2	NA	NA	NA	NA	NA	NA	NA
ENSDART00000074814	ppib	454	42.0	36.6	9.6	20.8	58.6	80.7	314.63	129.18	-1.28427351308
ENSDART00000037986	zgc:91844	21	47.6	45.9	13.0	18.2	65.1	89.4	11.5	42.2	1.87560913776
ENSDART00000018017	gmcl1	21	28.7	26.6	20.7	25.2	33.1	46.1	20.91	24.65	0.237394584676
ENSDART00000136976	pam	68	41.3	36.3	11.9	18.7	62.6	77.0	NA	NA	NA
ENSDART00000129560	dusp7	2	32.7	32.7	NA	NA	NA	NA	NA	NA	NA
ENSDART00000066767	CABZ01090951.1	22	93.0	98.8	51.4	65.6	120.3	128.9	NA	NA	NA
ENSDART00000066764	commd3	54	36.2	31.5	14.7	22.9	45.4	60.1	NA	NA	NA
ENSDART00000066097	pygo1	2	38.8	38.8	NA	NA	NA	NA	NA	NA	NA
ENSDART00000047954	ugcg	152	46.5	38.1	7.8	17.6	64.3	105.0	14.65	111.36	2.92625854654
ENSDART00000066760	cct5	137	45.0	42.9	13.0	27.4	57.9	72.4	53.26	44.57	-0.256979467598
ENSDART00000113867	SLC41A2	61	23.5	20.9	5.6	11.7	30.9	44.8	NA	NA	NA
ENSDART00000038133	trim63	1	131.5	131.5	NA	NA	NA	NA	NA	NA	NA
ENSDART00000111497	ITCH	2	18.2	18.2	NA	NA	NA	NA	NA	NA	NA
ENSDART00000123082	crygn1	5	46.2	55.0	NA	NA	NA	NA	NA	NA	NA
ENSDART00000055264	CA10	1	60.0	60.0	NA	NA	NA	NA	NA	NA	NA
ENSDART00000055266	rbbp6	11	95.3	114.1	21.9	36.8	143.7	154.7	NA	NA	NA
ENSDART00000061396	chmp5b	79	53.1	53.1	23.9	36.1	67.4	81.6	38.92	60.31	0.631885525079
ENSDART00000055263	itga3a	13	37.5	43.3	10.6	22.9	47.8	61.0	NA	NA	NA
ENSDART00000059028	hvcn1	55	51.9	51.5	16.9	25.4	68.8	87.3	NA	NA	NA
ENSDART00000152413	txndc11	42	46.3	44.3	13.1	26.1	62.0	71.4	16.29	2.98	-2.45060236806
ENSDART00000152482	pagr1	39	31.5	27.2	8.6	15.3	42.1	60.4	23.81	5.99	-1.99093971248
ENSDART00000125058	nipsnap3	55	50.2	44.4	18.4	31.3	65.2	85.7	NA	NA	NA
ENSDART00000037385	appa	12	76.6	74.3	37.8	42.6	106.9	129.2	NA	NA	NA
ENSDART00000125054	slc23a3	2	22.8	22.8	NA	NA	NA	NA	NA	NA	NA
ENSDART00000037389	zgc:55413	0	NA	NA	NA	NA	NA	NA	223.36	14.92	-3.90405140595
ENSDART00000051973	sirt3	39	53.9	43.8	20.0	27.9	76.2	106.1	NA	NA	NA
ENSDART00000125136	CT573476.2	324	60.5	58.9	24.7	41.0	77.1	94.8	59.03	121.2	1.03786945191
ENSDART00000125130	CABZ01033205.2	2	94.1	94.1	NA	NA	NA	NA	NA	NA	NA
ENSDART00000049503	peli2	190	50.7	49.8	13.6	26.6	69.3	94.2	NA	NA	NA
ENSDART00000020813	sytl4	9	46.9	39.6	NA	NA	NA	NA	NA	NA	NA
ENSDART00000076373	st8sia7.1	317	35.6	33.9	9.9	21.2	48.5	64.6	NA	NA	NA
ENSDART00000020542	PLEKHO2	4	54.1	53.8	NA	NA	NA	NA	NA	NA	NA
ENSDART00000088876	satb2	3	18.3	15.0	NA	NA	NA	NA	NA	NA	NA
ENSDART00000109577	CABP7	26	25.2	27.3	11.5	19.9	32.2	37.7	NA	NA	NA
ENSDART00000125850	CABZ01055500.1	18	23.6	22.5	9.6	13.8	31.7	47.4	NA	NA	NA
ENSDART00000083499	kdm6al	237	36.1	31.6	10.6	19.1	49.4	71.3	43.79	3.49	-3.64930250824
ENSDART00000109578	FAM117A	5	26.8	28.7	NA	NA	NA	NA	NA	NA	NA
ENSDART00000140518	rpl27	439	32.4	30.5	9.4	17.3	41.3	53.1	355.89	13.65	-4.70445853949
ENSDART00000005027	si:ch211-212o1.2	122	40.3	33.7	11.9	20.6	57.4	77.6	NA	NA	NA
ENSDART00000005025	hdr	49	39.3	29.4	11.6	16.3	56.7	79.4	NA	NA	NA
ENSDART00000047418	notum1a	13	136.4	126.4	68.9	112.1	192.4	223.7	NA	NA	NA
ENSDART00000151608	pax6l	2	99.9	99.9	NA	NA	NA	NA	NA	NA	NA
ENSDART00000111160	ptmab	428	101.2	105.7	42.4	78.0	126.1	147.9	270.62	268.29	-0.0124751828354
ENSDART00000044282	hif1aa	1	22.9	22.9	NA	NA	NA	NA	NA	NA	NA
ENSDART00000097267	MATR3	53	71.9	76.9	17.1	45.1	96.2	108.0	17.7	118.77	2.74634920778
ENSDART00000140621	adck4	114	72.3	64.0	22.1	42.6	92.0	118.1	NA	NA	NA
ENSDART00000086534	cyb5d2	8	56.0	57.2	NA	NA	NA	NA	NA	NA	NA
ENSDART00000086537	ankfy1	46	65.2	62.4	17.5	33.1	89.6	107.3	5.58	12.58	1.17279489505
ENSDART00000086531	cox11	39	49.6	39.6	20.6	30.8	64.3	86.7	NA	NA	NA
ENSDART00000086533	atp10a	204	40.1	36.1	10.8	18.8	54.4	78.7	9.61	16.34	0.765799647372
ENSDART00000101511	npas3b	1	52.1	52.1	NA	NA	NA	NA	NA	NA	NA
ENSDART00000023531	hey2	28	39.1	31.4	9.4	16.6	49.8	77.5	NA	NA	NA
ENSDART00000112607	wu:fe36b12	5	52.1	55.0	NA	NA	NA	NA	NA	NA	NA
ENSDART00000001253	si:busm1-57f23.1	19	32.2	29.5	12.3	20.4	44.2	51.6	NA	NA	NA
ENSDART00000039388	pcyox1	19	19.7	13.8	4.6	6.4	24.7	48.7	NA	NA	NA
ENSDART00000134665	cenph	6	52.1	47.5	NA	NA	NA	NA	NA	NA	NA
ENSDART00000039386	zgc:66427	136	35.4	23.1	4.8	12.3	46.5	77.1	NA	NA	NA
ENSDART00000039381	cops7a	130	38.5	34.6	12.7	19.9	45.0	66.6	20.82	25.92	0.316095649585
ENSDART00000128181	ripk4	175	57.4	39.3	10.4	19.2	76.4	141.9	NA	NA	NA
ENSDART00000109605	si:dkey-219c3.2	196	46.2	40.0	8.6	19.1	70.5	94.4	13.68	143.72	3.39312070512
ENSDART00000143930	tmem238	11	44.2	36.9	8.6	28.8	69.1	70.2	NA	NA	NA
ENSDART00000143933	chchd6a	171	31.2	31.5	10.0	17.4	42.1	54.1	NA	NA	NA
ENSDART00000104581	ccnk	86	104.3	104.9	52.4	74.8	132.4	143.4	NA	NA	NA
ENSDART00000109752	serpinh1a	14	28.2	24.2	15.1	19.5	33.5	42.8	NA	NA	NA
ENSDART00000009464	slc30a7	0	NA	NA	NA	NA	NA	NA	11.74	45.91	1.9673760236
ENSDART00000109750	CABZ01067868.1	56	35.7	33.7	15.7	21.5	49.0	59.0	NA	NA	NA
ENSDART00000135606	si:dkey-205h13.1	2	14.9	14.9	NA	NA	NA	NA	NA	NA	NA
ENSDART00000079498	si:ch211-237l4.6	2	59.2	59.2	NA	NA	NA	NA	NA	NA	NA
ENSDART00000133659	ncapg	448	68.2	66.2	24.0	46.2	90.8	109.8	58.89	180.77	1.61806069401
ENSDART00000129583	fbxo8	91	50.1	36.1	8.7	20.5	73.5	112.1	NA	NA	NA
ENSDART00000002691	tspan7b	46	45.7	43.5	16.0	23.2	63.5	76.7	NA	NA	NA
ENSDART00000002693	stx16	37	43.1	28.2	13.0	20.3	42.8	61.3	NA	NA	NA
ENSDART00000076946	si:ch211-242b18.1	4	28.6	28.0	NA	NA	NA	NA	NA	NA	NA
ENSDART00000101504	tmem160	10	27.1	26.2	15.6	19.0	30.3	35.6	NA	NA	NA
ENSDART00000138606	las1l	64	40.7	39.2	11.4	22.5	52.9	76.7	32.25	68.42	1.08511894357
ENSDART00000101282	bcr	10	40.0	22.2	6.8	15.0	64.8	77.9	NA	NA	NA
ENSDART00000062736	coasy	76	50.9	50.7	15.4	31.7	72.3	83.6	13.46	67.15	2.3187089897
ENSDART00000061665	mrps7	19	23.0	19.9	6.3	12.2	30.3	42.9	NA	NA	NA
ENSDART00000053095	rhbdf1	44	36.5	33.1	14.9	21.1	49.5	58.0	NA	NA	NA
ENSDART00000129713	rnf139	56	42.5	39.6	9.9	19.9	66.6	75.2	20.35	6.18	-1.71935005125
ENSDART00000129009	mettl21d	8	63.0	56.1	NA	NA	NA	NA	NA	NA	NA
ENSDART00000053304	si:ch211-114n24.6	0	NA	NA	NA	NA	NA	NA	10.28	20.05	0.963761972148
ENSDART00000018868	pdia4	477	29.0	25.1	7.1	15.6	38.1	56.3	113.52	39.35	-1.52851095367
ENSDART00000105514	ZNF576	106	59.7	55.3	15.3	26.8	83.9	113.4	53.06	238.49	2.16823219393
ENSDART00000129240	si:dkey-253d23.4	3	48.8	34.3	NA	NA	NA	NA	NA	NA	NA
ENSDART00000055619	phactr4a	99	31.6	24.4	7.5	14.2	39.9	70.0	NA	NA	NA
ENSDART00000078385	ppat	81	50.4	49.1	14.7	30.5	72.2	84.4	25.01	59.65	1.2540170804
ENSDART00000076154	hoxb8b	1	40.0	40.0	NA	NA	NA	NA	NA	NA	NA
ENSDART00000025308	tbc1d19	26	47.5	47.3	20.1	33.1	56.1	77.9	NA	NA	NA
ENSDART00000128986	si:dkey-21o19.2	1	-1.0	-1.0	NA	NA	NA	NA	NA	NA	NA
ENSDART00000042674	helz	57	51.3	51.5	14.3	29.8	68.4	89.3	48.77	4.62	-3.40002921562
ENSDART00000042672	guf1	13	36.5	38.8	7.6	24.4	52.0	57.9	NA	NA	NA
ENSDART00000113692	CABZ01066734.1	523	28.7	26.2	9.7	16.2	38.4	50.3	135.48	17.97	-2.91441757798
ENSDART00000008752	pck1	1	6.2	6.2	NA	NA	NA	NA	NA	NA	NA
ENSDART00000042678	vps4a	2	21.0	21.0	NA	NA	NA	NA	NA	NA	NA
ENSDART00000087918	CT573152.3	1	305.0	305.0	NA	NA	NA	NA	NA	NA	NA
ENSDART00000129365	kcnb2	1	11.0	11.0	NA	NA	NA	NA	NA	NA	NA
ENSDART00000028612	pde4ba	60	20.1	19.8	3.5	9.0	28.5	38.6	NA	NA	NA
ENSDART00000126807	zgc:113100	5	40.8	30.6	NA	NA	NA	NA	NA	NA	NA
ENSDART00000114769	SBSPON	2	42.3	42.3	NA	NA	NA	NA	NA	NA	NA
ENSDART00000129362	eef1a1l1	16	125.1	127.3	81.7	115.0	153.1	155.8	138.58	193.5	0.481614505019
ENSDART00000114642	ibtk	36	43.0	28.7	3.6	11.3	59.5	101.5	2.96	2.7	-0.132637768578
ENSDART00000087662	phf14	19	77.7	79.7	25.4	60.4	106.1	117.2	13.46	53.65	1.99489976103
ENSDART00000087663	sema5b	5	49.8	65.4	NA	NA	NA	NA	NA	NA	NA
ENSDART00000114766	grik5	11	31.2	26.8	17.3	19.3	40.0	45.4	NA	NA	NA
ENSDART00000114762	nanog	1658	81.6	81.1	16.4	43.6	117.2	145.1	253.33	2453.16	3.27555149243
ENSDART00000050969	TMEM150A	42	37.3	30.4	13.0	18.0	53.8	72.8	NA	NA	NA
ENSDART00000105323	C22H6orf89	17	32.1	27.4	14.1	16.4	50.5	57.4	NA	NA	NA
ENSDART00000044963	loxl4	1	47.8	47.8	NA	NA	NA	NA	NA	NA	NA
ENSDART00000105326	TONSL	69	23.8	20.5	3.3	10.0	34.2	45.6	8.64	9.68	0.163975735111
ENSDART00000140917	prkra	18	37.1	32.0	3.6	12.9	47.6	77.8	NA	NA	NA
ENSDART00000144633	si:ch73-387e10.3	39	36.0	30.3	12.4	21.3	54.7	68.7	NA	NA	NA
ENSDART00000063786	cab39	76	76.0	83.8	9.0	46.9	109.1	123.2	NA	NA	NA
ENSDART00000123104	notch2	20	45.3	32.6	18.0	23.5	59.8	97.3	NA	NA	NA
ENSDART00000124264	GTF3C1	45	59.5	58.4	29.9	46.1	77.4	84.2	17.01	10.57	-0.686407764281
ENSDART00000050966	slc25a46	53	28.9	26.9	8.7	15.2	41.8	49.9	NA	NA	NA
ENSDART00000043774	sde2	44	77.9	82.0	16.3	51.4	105.6	122.4	36.04	301.96	3.06668653519
ENSDART00000149398	si:ch73-132k15.2	26	50.6	48.2	22.2	32.4	60.2	87.3	40.33	2.07	-4.28415073291
ENSDART00000110923	cnksr2b	2	26.1	26.1	NA	NA	NA	NA	NA	NA	NA
ENSDART00000007170	prpsap2	277	31.5	25.1	9.4	15.5	40.0	61.2	NA	NA	NA
ENSDART00000146211	h3f3a	3869	106.9	107.5	50.5	79.0	134.1	158.4	777.86	4885.66	2.65097104188
ENSDART00000131627	kcnn3	2	41.1	41.1	NA	NA	NA	NA	NA	NA	NA
ENSDART00000026213	MARK3	115	44.1	39.6	10.6	22.3	60.4	77.3	NA	NA	NA
ENSDART00000144379	ndufaf1	13	58.4	56.6	26.4	39.6	77.8	92.1	NA	NA	NA
ENSDART00000112845	CR391995.1	1	27.0	27.0	NA	NA	NA	NA	NA	NA	NA
ENSDART00000035150	spast	185	32.5	26.2	10.1	17.7	39.8	57.3	18.28	8.89	-1.04001074623
ENSDART00000042492	sepsecs	83	23.2	16.8	7.3	12.3	26.7	46.5	NA	NA	NA
ENSDART00000144373	zgc:153499	293	48.6	42.5	11.8	25.5	64.3	90.3	126.31	152.52	0.272029573937
ENSDART00000049462	rab15	50	27.9	25.7	9.0	14.3	36.8	46.9	NA	NA	NA
ENSDART00000042496	tango6	122	51.2	51.3	23.6	34.3	64.4	83.2	14.6	36.5	1.32192809489
ENSDART00000123271	rcan1b	34	35.9	38.4	10.2	17.8	48.0	61.2	NA	NA	NA
ENSDART00000042495	sat1b	3	27.8	15.0	NA	NA	NA	NA	NA	NA	NA
ENSDART00000067764	stk17a	26	35.4	26.0	13.4	14.9	30.0	53.8	NA	NA	NA
ENSDART00000067762	si:ch211-94l19.4	54	65.3	61.6	21.4	33.0	89.6	120.9	NA	NA	NA
ENSDART00000145571	epb41l4b	46	42.8	37.0	15.5	21.8	61.2	74.6	NA	NA	NA
ENSDART00000087002	plekho1a	3	32.0	21.6	NA	NA	NA	NA	NA	NA	NA
ENSDART00000124800	fam212aa	867	53.6	41.4	8.5	17.7	83.8	114.6	NA	NA	NA
ENSDART00000087001	cnnm2a	47	54.5	47.6	5.4	30.4	82.2	102.4	NA	NA	NA
ENSDART00000114544	cdk13	90	82.9	81.4	38.7	55.8	106.2	130.1	23.82	30.57	0.359943139023
ENSDART00000121699	wee2	1173	41.4	36.5	10.8	20.9	56.4	79.0	202.96	272.67	0.425960554682
ENSDART00000114546	dusp12	35	27.9	26.8	4.0	11.6	39.0	55.6	NA	NA	NA
ENSDART00000020370	zgc:123107	2	52.6	52.6	NA	NA	NA	NA	NA	NA	NA
ENSDART00000140706	chrna9	1	6.0	6.0	NA	NA	NA	NA	NA	NA	NA
ENSDART00000121691	slc35c1	6	43.8	45.3	NA	NA	NA	NA	NA	NA	NA
ENSDART00000140877	si:ch1073-15f19.2	2	42.6	42.6	NA	NA	NA	NA	NA	NA	NA
ENSDART00000035152	KIF26A	1	128.7	128.7	NA	NA	NA	NA	NA	NA	NA
ENSDART00000050847	GLDC	339	24.8	20.9	5.1	10.4	33.7	49.0	46.14	13.23	-1.8022049424
ENSDART00000017593	tmem237a	4	21.2	16.5	NA	NA	NA	NA	NA	NA	NA
ENSDART00000076084	NPM2	442	42.5	40.2	16.9	26.5	54.0	69.7	273.76	48.16	-2.50700436773
ENSDART00000017599	rem1	42	19.7	18.8	2.6	11.0	24.1	44.0	NA	NA	NA
ENSDART00000149646	slc31a1	190	38.6	35.4	6.3	19.0	52.2	73.2	NA	NA	NA
ENSDART00000149640	egln3	9	39.5	18.5	NA	NA	NA	NA	NA	NA	NA
ENSDART00000007310	zgc:171731	45	67.6	64.4	22.8	41.7	91.4	121.1	NA	NA	NA
ENSDART00000149642	h6pd	4	44.5	39.7	NA	NA	NA	NA	NA	NA	NA
ENSDART00000064586	cyp2x7	31	38.7	30.8	9.9	21.7	43.3	63.7	NA	NA	NA
ENSDART00000144116	si:ch211-274p24.2	1	1.9	1.9	NA	NA	NA	NA	NA	NA	NA
ENSDART00000064233	efcab11	114	44.5	39.7	12.6	23.9	65.6	81.8	NA	NA	NA
ENSDART00000131951	clpp	194	33.9	30.8	6.5	14.4	49.2	66.7	49.89	121.83	1.28804685864
ENSDART00000144113	si:ch211-149a19.3	8	65.9	58.2	NA	NA	NA	NA	NA	NA	NA
ENSDART00000060266	ceacam1	1	152.7	152.7	NA	NA	NA	NA	NA	NA	NA
ENSDART00000030566	galk1	24	29.8	28.7	15.9	22.5	37.4	46.2	NA	NA	NA
ENSDART00000010813	foxa3	23	79.0	84.8	15.6	27.1	104.6	127.2	NA	NA	NA
ENSDART00000045615	qrsl1	74	30.7	27.8	10.1	15.7	41.0	56.7	NA	NA	NA
ENSDART00000021394	mettl13	22	57.0	56.8	28.6	41.1	75.2	90.8	NA	NA	NA
ENSDART00000139267	ZMAT1	48	33.0	29.4	5.1	15.9	45.0	61.0	NA	NA	NA
ENSDART00000016422	mknk2b	90	65.5	50.0	13.0	24.7	95.6	136.6	16.42	57.9	1.8181092211
ENSDART00000011432	reep3l	4	41.4	27.9	NA	NA	NA	NA	NA	NA	NA
ENSDART00000149299	cers2b	8	139.2	142.0	NA	NA	NA	NA	NA	NA	NA
ENSDART00000016103	nxnl2	54	41.6	36.9	15.1	23.3	48.6	64.3	NA	NA	NA
ENSDART00000011435	cox5ab	126	37.1	32.5	7.1	14.1	55.9	69.6	54.84	33.39	-0.715812477716
ENSDART00000028960	ndufa2	61	19.5	14.0	1.3	6.7	21.8	41.4	NA	NA	NA
ENSDART00000019620	ddx23	181	113.7	116.4	57.3	88.1	141.2	163.0	23.08	167.27	2.85746359104
ENSDART00000019991	slc7a6os	31	31.6	27.3	5.2	13.0	49.5	60.0	NA	NA	NA
ENSDART00000065728	nrsn1	2	46.0	46.0	NA	NA	NA	NA	NA	NA	NA
ENSDART00000052307	arrdc3b	10	62.1	37.2	19.3	25.6	91.6	128.6	NA	NA	NA
ENSDART00000055242	nde1	110	48.9	49.1	7.4	20.2	74.4	95.8	NA	NA	NA
ENSDART00000112995	wu:fi34b01	173	35.0	30.8	8.3	18.3	49.4	69.2	23.23	11.93	-0.961395111114
ENSDART00000122589	rnf113a	85	51.5	45.8	16.5	24.2	65.0	93.6	36.46	35.31	-0.0462377402795
ENSDART00000002842	cyp2y3	11	84.1	81.6	0.3	52.6	130.6	141.5	NA	NA	NA
ENSDART00000122584	tmem176l.2	1	22.9	22.9	NA	NA	NA	NA	NA	NA	NA
ENSDART00000043727	slc7a3a	23	83.7	78.6	14.8	34.2	127.2	163.5	NA	NA	NA
ENSDART00000023889	barx1	1	19.5	19.5	NA	NA	NA	NA	NA	NA	NA
ENSDART00000122582	gbas	408	43.0	38.7	13.6	23.6	60.9	78.3	47.29	31.91	-0.567526533178
ENSDART00000122053	map2k6	71	38.9	40.3	9.7	24.5	52.0	68.3	24.59	19.22	-0.355463398822
ENSDART00000137024	ska3	208	22.1	18.9	5.4	12.3	28.7	41.0	47.56	16.92	-1.49101914663
ENSDART00000109608	LPIN1	5	25.6	15.8	NA	NA	NA	NA	NA	NA	NA
ENSDART00000031658	tpgs2	4	20.5	21.1	NA	NA	NA	NA	NA	NA	NA
ENSDART00000060005	rpl32	748	38.9	35.9	18.2	26.7	46.5	59.4	1002.57	67.12	-3.90081644397
ENSDART00000015991	il1b	4	7.1	-3.9	NA	NA	NA	NA	NA	NA	NA
ENSDART00000015333	gbx2	3	34.5	23.2	NA	NA	NA	NA	NA	NA	NA
ENSDART00000040346	efr3ba	3	50.9	51.3	NA	NA	NA	NA	NA	NA	NA
ENSDART00000010210	lect1	3	69.3	72.8	NA	NA	NA	NA	NA	NA	NA
ENSDART00000054337	gpr157	15	21.3	18.4	4.5	8.1	27.4	43.1	NA	NA	NA
ENSDART00000123182	mgat1a	174	34.1	29.6	10.6	16.8	47.3	63.5	NA	NA	NA
ENSDART00000123181	rbp2b	4	23.4	22.5	NA	NA	NA	NA	NA	NA	NA
ENSDART00000103158	rarga	20	36.2	29.4	1.9	8.9	45.3	95.9	NA	NA	NA
ENSDART00000088591	egfra	2	26.8	26.8	NA	NA	NA	NA	NA	NA	NA
ENSDART00000123851	FUT8	5	34.4	26.1	NA	NA	NA	NA	NA	NA	NA
ENSDART00000111702	CABZ01055652.1	3	45.7	46.1	NA	NA	NA	NA	NA	NA	NA
ENSDART00000097865	ints9	70	43.9	46.8	12.5	24.8	57.7	74.8	8.35	33.25	1.99350623791
ENSDART00000097864	ankrd12	166	20.5	18.7	7.5	11.4	28.5	35.9	43.48	1.09	-5.31795190025
ENSDART00000111706	CU302436.3	3	-1.4	-1.6	NA	NA	NA	NA	NA	NA	NA
ENSDART00000075331	insm1b	1	11.8	11.8	NA	NA	NA	NA	NA	NA	NA
ENSDART00000019196	lft1	56	56.0	32.1	11.8	18.8	97.8	120.0	NA	NA	NA
ENSDART00000075333	map3k4	76	33.4	28.3	5.1	10.9	42.9	65.3	45.73	23.3	-0.972810964265
ENSDART00000085748	NDST1	152	52.1	47.5	12.3	25.2	73.3	99.3	14.84	14.31	-0.0524674198941
ENSDART00000115307	CR847496.2	79	38.5	31.8	5.9	14.1	62.3	76.6	NA	NA	NA
ENSDART00000141039	polk	8	38.4	36.4	NA	NA	NA	NA	NA	NA	NA
ENSDART00000129166	CU855931.2	47	31.8	26.4	8.5	14.3	43.5	59.6	NA	NA	NA
ENSDART00000089234	slc12a7a	47	44.3	41.1	10.6	19.1	60.8	80.8	NA	NA	NA
ENSDART00000025877	cldn12	50	43.4	37.0	9.5	18.8	63.6	86.0	NA	NA	NA
ENSDART00000023089	acadvl	84	55.4	56.6	12.3	30.9	84.7	98.6	28.02	70.39	1.32891353027
ENSDART00000108938	BX324131.3	6	112.0	100.7	NA	NA	NA	NA	NA	NA	NA
ENSDART00000033132	fam126a	12	32.5	27.7	10.2	16.1	52.6	54.3	NA	NA	NA
ENSDART00000081156	timm13	133	65.8	66.1	32.3	49.4	80.7	100.8	NA	NA	NA
ENSDART00000057268	greb1l	3	46.7	43.2	NA	NA	NA	NA	NA	NA	NA
ENSDART00000029133	nhp2l1b	183	58.2	57.4	22.8	38.5	75.6	97.9	577.36	1261.55	1.12765432192
ENSDART00000080343	ppp1r42	5	20.4	18.8	NA	NA	NA	NA	NA	NA	NA
ENSDART00000081158	SH3BGRL	1	130.8	130.8	NA	NA	NA	NA	NA	NA	NA
ENSDART00000051763	rps3a	233	47.3	43.3	16.6	29.6	56.0	73.7	494.77	17.98	-4.78229310029
ENSDART00000122639	vipr2	1	53.4	53.4	NA	NA	NA	NA	NA	NA	NA
ENSDART00000103980	crip2	73	54.9	55.7	13.3	31.5	80.7	95.8	NA	NA	NA
ENSDART00000103981	si:dkey-269d20.3	5	94.3	89.8	NA	NA	NA	NA	NA	NA	NA
ENSDART00000018570	wars2	8	8.6	8.0	NA	NA	NA	NA	NA	NA	NA
ENSDART00000129161	wrap53	130	29.4	24.9	3.0	13.7	44.5	60.5	24.77	33.28	0.426061564895
ENSDART00000033871	ap2s1	97	44.2	41.3	10.9	20.5	62.2	85.3	NA	NA	NA
ENSDART00000099832	TSC22D4	38	35.2	31.8	14.4	21.8	46.3	60.1	NA	NA	NA
ENSDART00000103054	lysmd1	123	44.9	44.7	14.6	24.9	59.1	76.8	NA	NA	NA
ENSDART00000085522	hspb6	1	44.9	44.9	NA	NA	NA	NA	NA	NA	NA
ENSDART00000088041	UFSP1	27	31.5	23.7	12.8	14.9	34.6	55.9	NA	NA	NA
ENSDART00000125116	tnfaip8l3	2	25.8	25.8	NA	NA	NA	NA	NA	NA	NA
ENSDART00000062080	chrac1	117	35.9	32.9	7.7	16.7	50.8	66.7	NA	NA	NA
ENSDART00000111646	suds3	209	41.6	34.4	12.0	22.3	53.1	72.6	24.94	70.65	1.50222809539
ENSDART00000059907	gas8	40	29.0	27.6	7.4	15.9	42.1	54.0	39.5	7.82	-2.33661214064
ENSDART00000111641	morn4	15	36.3	26.3	16.5	23.1	45.7	63.9	NA	NA	NA
ENSDART00000111643	cetn2	1	43.0	43.0	NA	NA	NA	NA	NA	NA	NA
ENSDART00000060695	zc3h14	104	58.1	55.8	29.0	38.5	74.9	88.7	31.83	171.96	2.43361395335
ENSDART00000103986	fam3a	52	36.1	30.8	10.5	21.7	50.9	68.9	18.22	28.4	0.64036797059
ENSDART00000077829	pelo	135	51.9	50.6	22.9	33.9	64.3	80.8	42.11	55.61	0.401181461636
ENSDART00000067409	lmod2b	2	20.5	20.5	NA	NA	NA	NA	NA	NA	NA
ENSDART00000113714	mtx1a	253	39.5	37.3	13.3	20.9	54.2	69.2	NA	NA	NA
ENSDART00000103987	psmd6	358	50.0	48.8	21.3	33.1	62.9	76.3	141.25	103.43	-0.449596165687
ENSDART00000141898	ZNF281	181	77.0	72.8	14.5	38.6	114.1	144.8	33.51	286.53	3.09602260696
ENSDART00000000595	CR936437.1	27	58.7	59.7	9.0	12.9	84.9	127.5	NA	NA	NA
ENSDART00000086437	TMCC1	158	35.3	29.8	9.8	16.8	49.6	73.1	NA	NA	NA
ENSDART00000065984	zgc:113307	1	43.3	43.3	NA	NA	NA	NA	NA	NA	NA
ENSDART00000141895	plcd4b	1	34.7	34.7	NA	NA	NA	NA	NA	NA	NA
ENSDART00000015193	chmp4b	94	65.1	55.1	13.5	37.0	88.2	125.2	39.87	119.29	1.5810975975
ENSDART00000015190	ptrhd1	23	25.3	23.6	7.8	14.4	35.3	41.1	NA	NA	NA
ENSDART00000040397	prdx2	1326	26.5	22.8	8.1	14.5	34.4	49.1	175.1	43.04	-2.02442910076
ENSDART00000015199	rpl36	285	45.4	38.8	19.8	28.6	51.1	66.7	231.45	37.93	-2.60928928589
ENSDART00000074317	GSK3B	1	21.3	21.3	NA	NA	NA	NA	NA	NA	NA
ENSDART00000041351	hapln4	43	56.7	59.7	14.5	35.8	75.0	93.9	22.73	62.68	1.46340749565
ENSDART00000009889	zgc:110540	71	43.2	27.9	12.3	17.1	55.1	102.3	NA	NA	NA
ENSDART00000140159	myo10	41	35.1	31.4	12.5	17.2	47.8	61.7	7.37	3.2	-1.20359271421
ENSDART00000008038	sulf2	1	5.6	5.6	NA	NA	NA	NA	NA	NA	NA
ENSDART00000066951	si:ch211-244b2.4	3	63.6	46.8	NA	NA	NA	NA	NA	NA	NA
ENSDART00000004601	laptm4a	118	46.0	42.5	8.2	18.7	66.5	90.1	NA	NA	NA
ENSDART00000126248	tmem120b	123	44.0	38.9	12.0	22.4	59.5	84.6	NA	NA	NA
ENSDART00000008035	trabd	51	46.7	41.6	20.4	26.9	58.8	84.8	NA	NA	NA
ENSDART00000111576	EIF4G3	60	82.1	75.7	22.8	54.6	102.8	126.6	7.97	53.96	2.75923871896
ENSDART00000146260	msrb1b	90	44.6	41.1	11.9	25.5	62.8	75.2	NA	NA	NA
ENSDART00000146261	ranbp10	98	30.6	27.7	9.3	15.7	39.5	50.9	NA	NA	NA
ENSDART00000102134	SGOL1	131	36.7	30.5	9.7	18.6	51.1	71.1	26.69	23.43	-0.187942351279
ENSDART00000001803	tomm34	116	50.2	46.8	12.5	22.5	67.4	100.9	NA	NA	NA
ENSDART00000028085	ttc14	19	60.2	55.2	33.0	38.9	74.1	89.9	NA	NA	NA
ENSDART00000149835	mtm1	38	45.2	43.6	7.2	21.8	71.0	80.7	NA	NA	NA
ENSDART00000004034	hpca	29	34.5	28.5	9.4	18.7	48.2	72.3	NA	NA	NA
ENSDART00000073635	nsmaf	54	93.1	98.6	32.9	53.8	133.5	149.9	9.21	125.82	3.77201630073
ENSDART00000004521	arih2	132	46.2	43.1	10.9	23.1	69.2	82.0	38.58	86.45	1.16401282048
ENSDART00000004031	hacl1	32	68.8	70.4	39.4	51.5	86.0	100.0	NA	NA	NA
ENSDART00000102891	fbxl5	160	37.1	31.1	9.1	17.4	53.4	71.3	22.14	45.42	1.03667248393
ENSDART00000102893	ALDH1L2	8	63.8	57.8	NA	NA	NA	NA	NA	NA	NA
ENSDART00000099041	DNAH3	1	38.6	38.6	NA	NA	NA	NA	NA	NA	NA
ENSDART00000083807	cbfa2t2	7	109.7	96.3	NA	NA	NA	NA	NA	NA	NA
ENSDART00000074170	zgc:173573	7	25.3	14.8	NA	NA	NA	NA	NA	NA	NA
ENSDART00000123868	CU672227.1	1	18.3	18.3	NA	NA	NA	NA	NA	NA	NA
ENSDART00000074172	sgcb	1	42.3	42.3	NA	NA	NA	NA	NA	NA	NA
ENSDART00000074174	tbl3	150	51.3	43.0	15.1	25.4	70.0	99.6	32.65	20.95	-0.640132747847
ENSDART00000027258	AOC2	17	68.7	41.4	15.6	19.9	88.4	168.0	NA	NA	NA
ENSDART00000113468	CABZ01112215.1	33	55.7	46.1	20.3	32.6	79.0	106.5	NA	NA	NA
ENSDART00000113469	ccrn4la	75	45.5	23.9	6.6	13.0	64.8	106.8	NA	NA	NA
ENSDART00000020575	axin2	37	27.4	17.9	7.6	14.3	37.8	62.0	8.58	3.61	-1.24897881061
ENSDART00000113465	BX005256.1	78	39.9	38.4	3.4	15.8	58.3	82.8	NA	NA	NA
ENSDART00000113166	FP325123.1	2	12.3	12.3	NA	NA	NA	NA	NA	NA	NA
ENSDART00000113460	BX510926.2	2	52.4	52.4	NA	NA	NA	NA	NA	NA	NA
ENSDART00000113461	PCDH11Y	12	26.1	22.5	5.9	13.7	31.9	41.3	NA	NA	NA
ENSDART00000148508	tert	8	39.4	35.5	NA	NA	NA	NA	NA	NA	NA
ENSDART00000066373	vdac1	254	42.8	37.6	9.9	20.2	57.1	88.2	28.2	60.69	1.10576365799
ENSDART00000033127	scrt1a	2	18.5	18.5	NA	NA	NA	NA	NA	NA	NA
ENSDART00000126635	sirt6	109	47.5	44.3	15.0	27.0	62.0	78.8	34.13	63.74	0.901158604679
ENSDART00000036448	lias	50	39.8	37.6	13.6	23.6	55.2	66.3	NA	NA	NA
ENSDART00000020616	zgc:194189	4	104.3	130.6	NA	NA	NA	NA	NA	NA	NA
ENSDART00000097690	PRKAB2	126	40.4	37.4	17.0	24.1	52.6	65.8	NA	NA	NA
ENSDART00000035432	entpd6	130	44.0	39.1	9.7	18.3	62.5	85.6	27.5	13.01	-1.07981065658
ENSDART00000097695	CNTNAP3	11	69.4	74.2	35.5	49.7	96.3	101.3	NA	NA	NA
ENSDART00000146867	aldoaa	340	43.0	39.5	11.6	22.0	57.4	79.9	60.37	162.44	1.42800322611
ENSDART00000151808	zgc:73075	1	9.7	9.7	NA	NA	NA	NA	NA	NA	NA
ENSDART00000098875	tpm2	1	15.5	15.5	NA	NA	NA	NA	NA	NA	NA
ENSDART00000099702	mfsd12a	33	19.3	18.1	4.1	10.3	23.4	36.2	NA	NA	NA
ENSDART00000032389	plekhf2	219	36.1	31.8	7.1	17.9	47.1	72.5	NA	NA	NA
ENSDART00000143721	adpgk	63	67.4	68.2	14.4	44.2	98.5	119.5	NA	NA	NA
ENSDART00000098879	CABZ01101003.1	125	59.9	58.0	31.4	43.1	76.8	92.2	42.8	20.95	-1.0306605527
ENSDART00000102096	ppp5c	208	64.6	66.3	21.9	41.9	87.1	102.2	NA	NA	NA
ENSDART00000091932	GUSB	1	-8.3	-8.3	NA	NA	NA	NA	NA	NA	NA
ENSDART00000013591	tfg	638	57.2	55.4	22.9	39.0	72.2	92.0	23.7	137.97	2.54139563932
ENSDART00000013590	wnt11	144	38.9	19.4	3.9	8.4	60.8	98.6	NA	NA	NA
ENSDART00000077549	ncs1a	2	22.6	22.6	NA	NA	NA	NA	NA	NA	NA
ENSDART00000145767	celsr2	4	117.5	99.5	NA	NA	NA	NA	NA	NA	NA
ENSDART00000145762	dnaaf1	4	44.2	46.5	NA	NA	NA	NA	NA	NA	NA
ENSDART00000106573	BX005085.1	6	43.0	41.6	NA	NA	NA	NA	NA	NA	NA
ENSDART00000113099	tm2d1	51	22.9	17.4	2.7	6.5	32.4	43.7	NA	NA	NA
ENSDART00000113096	PUSL1	14	43.8	37.4	14.2	18.3	55.3	91.8	NA	NA	NA
ENSDART00000113093	gba	34	65.6	67.5	33.5	50.6	75.2	89.0	NA	NA	NA
ENSDART00000113092	abhd10b	454	62.4	59.7	23.6	38.8	84.8	101.3	52.15	209.64	2.00717485623
ENSDART00000145769	RABGAP1L	105	44.9	43.6	12.9	28.4	59.5	78.1	NA	NA	NA
ENSDART00000079003	si:ch211-234p6.10	1	71.8	71.8	NA	NA	NA	NA	NA	NA	NA
ENSDART00000097525	snx18a	107	56.1	51.5	14.0	29.7	83.2	99.4	NA	NA	NA
ENSDART00000079001	FRG1	10	58.9	59.0	38.7	43.5	64.9	87.0	16.49	52.35	1.66659813838
ENSDART00000092000	RAB35	1	172.4	172.4	NA	NA	NA	NA	NA	NA	NA
ENSDART00000092002	pomt1	59	50.2	52.8	10.0	21.7	74.8	94.1	NA	NA	NA
ENSDART00000110288	ZBTB11	49	26.0	22.3	6.8	13.6	34.4	53.5	20.17	5.45	-1.88788294895
ENSDART00000110287	il12rb2l	3	42.3	45.5	NA	NA	NA	NA	NA	NA	NA
ENSDART00000110283	iqgap1	151	66.3	62.8	13.6	29.9	90.7	119.0	9.56	118.46	3.63124556281
ENSDART00000007412	zmat2	67	78.5	80.1	18.0	42.5	106.1	139.6	112.43	194.87	0.793484961405
ENSDART00000131538	celf4	1	97.6	97.6	NA	NA	NA	NA	NA	NA	NA
ENSDART00000137944	asb16	5	34.8	28.3	NA	NA	NA	NA	NA	NA	NA
ENSDART00000031625	aldh3a2a	149	34.3	31.1	8.8	15.9	47.1	58.3	NA	NA	NA
ENSDART00000092579	ZNF462	14	50.7	42.4	11.9	33.5	75.1	84.4	NA	NA	NA
ENSDART00000084528	atp2c1	173	43.3	38.4	9.6	19.4	62.7	84.0	14.69	39.32	1.42042892578
ENSDART00000009076	pik3cg	18	31.1	18.8	3.5	8.2	53.3	62.1	NA	NA	NA
ENSDART00000144200	si:dkeyp-87d1.1	1	127.4	127.4	NA	NA	NA	NA	NA	NA	NA
ENSDART00000139727	si:dkey-14o18.2	1	19.4	19.4	NA	NA	NA	NA	NA	NA	NA
ENSDART00000101700	pold3	76	57.3	57.9	12.7	30.7	83.0	96.6	105.44	122.86	0.220593012956
ENSDART00000145664	kidins220a	3	99.0	86.9	NA	NA	NA	NA	NA	NA	NA
ENSDART00000006960	POLR3D	105	32.4	31.4	14.3	21.4	41.2	54.7	NA	NA	NA
ENSDART00000139890	clk4b	17	89.0	52.6	22.2	35.9	150.6	188.4	9.79	1.99	-2.29854042906
ENSDART00000021628	reep3	310	52.2	51.2	19.2	33.4	68.9	85.0	40.44	85.88	1.08653919396
ENSDART00000009788	ddx19	1105	87.6	89.6	40.9	64.2	111.9	128.6	81.99	839.03	3.35520253028
ENSDART00000139899	mybpc3	1	73.7	73.7	NA	NA	NA	NA	NA	NA	NA
ENSDART00000147767	si:dkey-3h3.3	76	47.8	41.5	16.1	29.4	67.9	86.8	NA	NA	NA
ENSDART00000063476	sox4b	51	52.1	45.9	14.6	24.3	68.3	89.7	10.29	1.89	-2.44478484267
ENSDART00000105610	WDR48	22	44.7	30.7	10.6	17.1	50.7	81.1	NA	NA	NA
ENSDART00000130623	dus4l	42	65.4	65.2	37.7	49.1	78.6	90.6	18.4	11.28	-0.705938698546
ENSDART00000130625	BX511121.1	1	12.9	12.9	NA	NA	NA	NA	NA	NA	NA
ENSDART00000138416	tfcp2	108	93.9	96.9	28.0	62.4	124.2	148.8	NA	NA	NA
ENSDART00000125838	BX539313.4	180	48.5	44.1	11.8	21.5	69.6	87.9	43.2	90.84	1.07229639366
ENSDART00000017299	tdg	1	86.9	86.9	NA	NA	NA	NA	NA	NA	NA
ENSDART00000076209	ddx42	52	87.1	85.0	18.3	56.7	125.0	141.4	26.61	118.61	2.15618523305
ENSDART00000144869	zgc:165604	1	21.3	21.3	NA	NA	NA	NA	NA	NA	NA
ENSDART00000112415	lcmt2	37	35.2	25.6	7.6	13.2	51.6	66.3	NA	NA	NA
ENSDART00000128894	dchs1b	1	14.8	14.8	NA	NA	NA	NA	NA	NA	NA
ENSDART00000112417	timeless	229	45.3	44.0	12.1	24.8	61.3	78.0	39.95	69.07	0.789863720496
ENSDART00000089956	cacna1da	10	79.1	81.4	19.3	47.2	97.3	138.7	NA	NA	NA
ENSDART00000122801	mtor	19	59.0	49.3	14.1	25.2	63.2	96.0	NA	NA	NA
ENSDART00000099586	zgc:162945	1	27.4	27.4	NA	NA	NA	NA	NA	NA	NA
ENSDART00000122803	usp9	90	60.0	51.6	15.1	22.9	87.7	136.3	18.0	24.57	0.448900951145
ENSDART00000122804	CABZ01022575.2	23	39.7	39.4	13.7	27.5	54.7	66.5	NA	NA	NA
ENSDART00000049240	tob1a	410	61.4	57.7	9.1	28.0	93.6	116.3	64.8	198.45	1.61470984412
ENSDART00000088605	ift46	14	58.1	44.4	10.5	19.5	59.6	76.9	NA	NA	NA
ENSDART00000122809	CABZ01054405.2	7	65.6	67.0	NA	NA	NA	NA	NA	NA	NA
ENSDART00000088607	tmem194a	214	40.3	39.0	9.2	21.2	54.6	72.1	NA	NA	NA
ENSDART00000139091	greb1	4	9.0	9.6	NA	NA	NA	NA	NA	NA	NA
ENSDART00000103872	rca2.1	161	33.7	30.0	9.2	17.2	47.2	60.4	NA	NA	NA
ENSDART00000153457	si:dkeyp-67e6.4	48	44.5	22.5	8.5	14.3	62.3	129.7	3.81	6.48	0.766202815391
ENSDART00000140290	kat8	284	31.9	27.2	8.5	16.2	40.4	54.8	62.38	16.26	-1.9397562953
ENSDART00000106564	znf185	3	61.0	52.9	NA	NA	NA	NA	NA	NA	NA
ENSDART00000103878	vhl	26	19.5	17.3	4.9	9.3	25.6	31.3	NA	NA	NA
ENSDART00000091205	sdk1b	12	63.1	65.9	15.8	26.2	91.9	120.2	NA	NA	NA
ENSDART00000075918	pcmtd2	11	59.2	62.8	15.8	26.0	88.0	98.4	NA	NA	NA
ENSDART00000055446	zgc:66014	67	30.4	23.1	5.0	14.7	39.7	64.3	NA	NA	NA
ENSDART00000145187	ERAP1	120	45.9	42.6	13.8	26.1	65.5	84.2	26.2	28.38	0.115307777636
ENSDART00000030873	parn	828	25.5	22.0	7.2	12.7	34.4	47.6	157.8	47.97	-1.7178928607
ENSDART00000058796	fstl5	18	49.1	49.8	19.5	36.1	57.7	76.5	NA	NA	NA
ENSDART00000114151	mccc1	5	51.4	41.3	NA	NA	NA	NA	9.06	57.15	2.65717054306
ENSDART00000011332	zmynd19	239	38.6	33.9	9.0	19.6	52.7	75.1	NA	NA	NA
ENSDART00000062073	BCR	1	40.8	40.8	NA	NA	NA	NA	NA	NA	NA
ENSDART00000090608	rspry1	27	32.5	20.3	6.8	9.8	36.0	85.1	6.26	2.0	-1.64616265716
ENSDART00000149092	glyctk	8	35.1	34.8	NA	NA	NA	NA	NA	NA	NA
ENSDART00000130781	eif4a2	4	44.3	51.7	NA	NA	NA	NA	NA	NA	NA
ENSDART00000078378	cflara	28	38.5	30.3	10.9	23.6	49.8	66.5	NA	NA	NA
ENSDART00000131390	fignl1	115	38.7	33.0	13.2	18.4	52.9	72.6	23.73	14.0	-0.761285273362
ENSDART00000141643	si:dkey-91f15.1	2	25.2	25.2	NA	NA	NA	NA	NA	NA	NA
ENSDART00000128793	sp7	8	25.7	17.8	NA	NA	NA	NA	NA	NA	NA
ENSDART00000128790	cdr2l	63	39.8	34.8	7.5	22.7	52.6	77.4	NA	NA	NA
ENSDART00000080053	tspan5b	1	20.7	20.7	NA	NA	NA	NA	NA	NA	NA
ENSDART00000128797	zgc:173556	30	37.0	30.3	9.3	18.4	53.8	68.0	53.06	18.01	-1.55882649432
ENSDART00000039657	tpma	1	50.2	50.2	NA	NA	NA	NA	NA	NA	NA
ENSDART00000007204	ddx49	69	27.9	25.4	5.0	12.6	35.2	44.7	32.17	9.08	-1.82495173336
ENSDART00000006783	snrnp25	28	49.0	52.1	17.2	28.5	69.3	79.7	NA	NA	NA
ENSDART00000137315	rdh12	12	65.0	68.1	46.9	52.1	78.2	81.7	NA	NA	NA
ENSDART00000003338	UNKL	23	65.9	32.5	9.9	17.6	102.1	156.5	NA	NA	NA
ENSDART00000103911	CABZ01077217.1	2	72.7	72.7	NA	NA	NA	NA	NA	NA	NA
ENSDART00000149266	anapc10	47	46.0	38.3	18.3	23.5	70.8	85.9	34.09	24.86	-0.455522303087
ENSDART00000130434	col18a1	9	91.7	83.2	NA	NA	NA	NA	NA	NA	NA
ENSDART00000134115	C8H22orf39	40	40.9	39.8	13.3	27.8	52.4	63.3	NA	NA	NA
ENSDART00000124948	srp68	217	68.4	67.2	17.7	36.2	95.1	119.8	45.36	361.18	2.99322546177
ENSDART00000088193	hcn2	2	112.1	112.1	NA	NA	NA	NA	NA	NA	NA
ENSDART00000017122	asah1a	115	45.8	41.6	12.2	23.0	62.5	89.7	NA	NA	NA
ENSDART00000124092	tbcela	36	35.8	32.1	8.1	20.2	50.5	64.3	NA	NA	NA
ENSDART00000124097	PLCE1	18	19.1	15.7	2.5	6.7	19.0	38.7	NA	NA	NA
ENSDART00000017017	zdhhc3	43	67.3	63.9	24.1	52.8	86.9	108.2	NA	NA	NA
ENSDART00000077903	AVL9	1	50.7	50.7	NA	NA	NA	NA	NA	NA	NA
ENSDART00000136707	mical1	1	14.1	14.1	NA	NA	NA	NA	NA	NA	NA
ENSDART00000136702	dnajb5	2	103.7	103.7	NA	NA	NA	NA	NA	NA	NA
ENSDART00000136701	tmem234	71	23.9	21.5	4.0	10.0	29.9	49.1	NA	NA	NA
ENSDART00000135003	si:ch211-222e20.4	1	23.7	23.7	NA	NA	NA	NA	NA	NA	NA
ENSDART00000126038	tcp1	169	47.1	41.7	13.8	25.5	60.6	83.5	96.45	123.46	0.356190553087
ENSDART00000063721	slc8a2b	2	52.2	52.2	NA	NA	NA	NA	NA	NA	NA
ENSDART00000123041	CABZ01092286.1	2	85.7	85.7	NA	NA	NA	NA	NA	NA	NA
ENSDART00000126032	st3gal2	21	66.0	63.4	12.6	39.9	86.3	108.3	NA	NA	NA
ENSDART00000123047	ehmt1b	36	79.5	82.1	29.7	52.3	101.1	129.0	20.87	114.47	2.45546704448
ENSDART00000126037	sf1	144	79.3	76.0	18.3	40.5	111.9	138.9	20.16	329.76	4.03184886604
ENSDART00000052805	ftsjd1	70	32.4	25.6	11.6	17.8	46.1	61.5	NA	NA	NA
ENSDART00000016658	chpt1	1	21.9	21.9	NA	NA	NA	NA	NA	NA	NA
ENSDART00000000069	slc9a3r1	63	33.9	29.0	9.8	14.4	42.4	69.1	NA	NA	NA
ENSDART00000097531	tomm7	270	32.8	30.4	8.8	17.9	45.0	60.9	NA	NA	NA
ENSDART00000133398	si:ch211-197h24.6	233	129.7	134.6	71.2	103.3	157.2	171.7	35.47	349.11	3.29901044704
ENSDART00000147728	si:dkey-286j15.3	94	24.7	21.8	9.4	12.7	31.8	43.2	NA	NA	NA
ENSDART00000081234	ropn1l	8	26.6	26.9	NA	NA	NA	NA	NA	NA	NA
ENSDART00000100246	xrn2	268	87.4	90.0	21.0	52.0	121.2	147.6	82.35	564.71	2.77766962402
ENSDART00000028883	gna13b	242	78.2	77.6	26.5	52.1	99.6	127.3	15.16	182.17	3.58694373512
ENSDART00000124896	C17H15orf52	7	22.2	20.9	NA	NA	NA	NA	NA	NA	NA
ENSDART00000127209	pttg1ipa	1	15.0	15.0	NA	NA	NA	NA	NA	NA	NA
ENSDART00000127208	CU468142.1	2	6.2	6.2	NA	NA	NA	NA	NA	NA	NA
ENSDART00000150182	hepacam	1	81.8	81.8	NA	NA	NA	NA	NA	NA	NA
ENSDART00000056032	SBNO2	16	41.9	24.9	4.9	14.1	41.4	114.0	NA	NA	NA
ENSDART00000150184	gpatch4	55	61.4	57.1	30.0	42.4	78.5	107.8	256.64	85.35	-1.58828298854
ENSDART00000092015	dcaf12	45	41.4	39.7	11.6	23.0	53.1	77.9	NA	NA	NA
ENSDART00000150186	AIMP1	2	52.4	52.4	NA	NA	NA	NA	NA	NA	NA
ENSDART00000007789	idh1	74	25.7	21.3	6.6	13.1	33.5	49.7	14.54	9.69	-0.585458698505
ENSDART00000149878	otud4	307	58.9	56.3	15.4	31.7	84.8	104.1	28.43	84.47	1.57102495201
ENSDART00000074789	zfr	97	93.9	90.3	20.1	54.7	135.9	164.0	15.25	176.31	3.53123315637
ENSDART00000106375	med24	36	73.9	66.2	13.8	29.2	117.8	132.1	10.78	114.7	3.41143630815
ENSDART00000136374	mier2	114	58.7	58.7	10.7	27.3	84.8	107.3	NA	NA	NA
ENSDART00000080943	hcfc2	44	95.4	93.2	35.7	68.5	125.6	155.4	NA	NA	NA
ENSDART00000132727	aftpha	64	31.2	25.1	5.8	13.9	41.6	63.2	NA	NA	NA
ENSDART00000053518	rhcgb	1	27.7	27.7	NA	NA	NA	NA	NA	NA	NA
ENSDART00000146451	sqrdl	3	46.6	43.4	NA	NA	NA	NA	NA	NA	NA
ENSDART00000098983	agpat2	14	71.9	78.2	23.5	35.5	97.5	120.3	NA	NA	NA
ENSDART00000100798	BX322601.2	52	87.0	95.6	21.6	61.8	119.3	136.8	10.84	94.66	3.12639016538
ENSDART00000075785	cldn17	6	57.3	49.8	NA	NA	NA	NA	NA	NA	NA
ENSDART00000105546	cks2	3	5.9	6.4	NA	NA	NA	NA	NA	NA	NA
ENSDART00000105545	arl3	120	76.4	74.8	27.8	48.6	104.5	124.4	NA	NA	NA
ENSDART00000147580	GLS2	1	12.4	12.4	NA	NA	NA	NA	NA	NA	NA
ENSDART00000100063	nphp4	6	75.7	84.1	NA	NA	NA	NA	NA	NA	NA
ENSDART00000147582	agmo	65	42.8	44.2	13.4	23.8	60.5	67.3	NA	NA	NA
ENSDART00000100061	prdx4	33	33.1	22.3	10.4	14.3	48.5	68.5	NA	NA	NA
ENSDART00000081092	si:dkeyp-77h1.4	1	8.4	8.4	NA	NA	NA	NA	NA	NA	NA
ENSDART00000103940	mgat1b	28	51.0	29.2	18.2	23.8	63.3	99.4	NA	NA	NA
ENSDART00000081094	glmna	41	74.8	64.0	16.6	41.8	90.6	107.7	NA	NA	NA
ENSDART00000098263	KCTD9	59	18.9	19.2	-8.5	8.3	28.6	41.0	NA	NA	NA
ENSDART00000134626	dok1a	6	26.2	25.9	NA	NA	NA	NA	NA	NA	NA
ENSDART00000141476	sgms2	5	30.4	33.7	NA	NA	NA	NA	NA	NA	NA
ENSDART00000102795	dctn1a	27	77.5	85.0	16.7	74.3	99.4	111.0	20.48	30.83	0.590119174107
ENSDART00000010550	pigc	51	41.7	37.5	13.3	19.9	53.7	78.7	NA	NA	NA
ENSDART00000060745	uba52	178	57.1	43.8	18.8	30.6	67.6	123.8	94.39	34.74	-1.44203626958
ENSDART00000040278	efna2	6	36.1	32.8	NA	NA	NA	NA	NA	NA	NA
ENSDART00000102798	si:ch211-225p5.3	27	23.3	25.4	11.8	15.0	30.1	33.9	NA	NA	NA
ENSDART00000106085	ASIC1	1	39.2	39.2	NA	NA	NA	NA	NA	NA	NA
ENSDART00000106081	BX511034.2	1	65.8	65.8	NA	NA	NA	NA	NA	NA	NA
ENSDART00000103265	MAL	1	16.3	16.3	NA	NA	NA	NA	NA	NA	NA
ENSDART00000036630	RHOXF1	11	40.0	23.5	13.1	13.8	47.5	69.4	NA	NA	NA
ENSDART00000103267	fam212ab	209	14.8	11.4	1.4	5.4	20.0	34.7	47.59	4.9	-3.27980480016
ENSDART00000103266	wdyhv1	9	57.8	41.6	NA	NA	NA	NA	NA	NA	NA
ENSDART00000036635	fynb	5	50.5	50.6	NA	NA	NA	NA	NA	NA	NA
ENSDART00000033865	serp1	1197	45.3	42.9	15.9	26.5	60.6	75.4	280.88	567.18	1.01385275958
ENSDART00000033716	socs3a	1	69.1	69.1	NA	NA	NA	NA	NA	NA	NA
ENSDART00000059227	ndufs8a	300	28.9	24.5	7.6	14.5	39.4	52.8	NA	NA	NA
ENSDART00000059226	BX088718.1	6	27.3	31.6	NA	NA	NA	NA	NA	NA	NA
ENSDART00000124300	rhoab	47	121.5	125.7	76.2	108.3	141.7	152.3	NA	NA	NA
ENSDART00000087096	tinagl1	1	116.2	116.2	NA	NA	NA	NA	NA	NA	NA
ENSDART00000059228	vil1	6	16.3	15.5	NA	NA	NA	NA	NA	NA	NA
ENSDART00000061293	neb	8	13.0	5.4	NA	NA	NA	NA	NA	NA	NA
ENSDART00000152723	si:zfos-2269b6.1	24	77.5	68.9	21.4	38.9	103.1	140.2	NA	NA	NA
ENSDART00000132278	rnf144ab	37	20.4	17.1	5.9	11.9	29.5	41.9	NA	NA	NA
ENSDART00000004200	sarm1	3	75.1	78.0	NA	NA	NA	NA	NA	NA	NA
ENSDART00000112254	NHS	7	113.6	120.0	NA	NA	NA	NA	NA	NA	NA
ENSDART00000073402	si:ch211-113a14.16	12	2.1	-2.2	-6.2	-4.7	1.9	16.3	NA	NA	NA
ENSDART00000080602	map7d2b	5	41.6	47.3	NA	NA	NA	NA	NA	NA	NA
ENSDART00000038290	crhb	3	56.6	37.5	NA	NA	NA	NA	NA	NA	NA
ENSDART00000061299	tsn	66	61.2	55.7	12.3	29.7	89.2	120.5	NA	NA	NA
ENSDART00000004209	mdn1	43	75.5	68.4	25.4	54.8	93.7	119.1	5.73	7.01	0.290879305254
ENSDART00000038294	tp53inp1	77	69.7	56.9	10.3	19.4	109.9	138.0	NA	NA	NA
ENSDART00000038642	slc26a5	55	46.0	37.3	6.8	12.6	76.7	107.2	NA	NA	NA
ENSDART00000051403	sh3glb2a	15	52.0	47.7	14.0	29.1	71.2	88.6	NA	NA	NA
ENSDART00000125074	KCNAB2	5	49.9	35.3	NA	NA	NA	NA	NA	NA	NA
ENSDART00000147793	gcdh	83	29.2	25.4	8.4	13.7	38.4	58.5	NA	NA	NA
ENSDART00000125077	jam3a	14	63.1	63.8	24.5	44.5	74.6	88.7	NA	NA	NA
ENSDART00000021813	glulb	1358	64.3	57.8	13.3	29.7	90.9	120.7	302.36	719.61	1.25094794076
ENSDART00000021814	gltscr2	109	47.8	36.0	14.0	25.1	52.2	106.2	85.96	16.06	-2.42019358991
ENSDART00000124991	LMCD1	19	33.0	30.2	13.8	19.4	41.8	54.4	NA	NA	NA
ENSDART00000102583	SYTL1	15	66.8	68.8	28.3	44.8	82.3	107.5	NA	NA	NA
ENSDART00000092665	srebf1	106	28.2	23.3	8.5	13.5	37.4	53.8	NA	NA	NA
ENSDART00000058171	gucy2c	1	49.9	49.9	NA	NA	NA	NA	NA	NA	NA
ENSDART00000018037	CT955984.1	1	9.9	9.9	NA	NA	NA	NA	NA	NA	NA
ENSDART00000018036	zgc:55621	20	50.4	35.6	19.1	21.1	69.0	92.6	NA	NA	NA
ENSDART00000058174	toporsb	22	48.2	38.0	19.5	30.1	58.8	92.6	13.59	17.35	0.352390206698
ENSDART00000052639	hibadha	80	49.9	44.1	15.6	31.3	64.9	85.1	NA	NA	NA
ENSDART00000085263	EPT1	66	40.1	35.1	4.7	18.6	55.9	77.8	NA	NA	NA
ENSDART00000126303	lzic	75	28.2	22.5	5.3	13.5	44.4	55.0	NA	NA	NA
ENSDART00000146186	si:dkey-104n9.1	10	19.6	20.8	10.2	16.9	24.2	28.6	NA	NA	NA
ENSDART00000137203	ponzr6	2	5.4	5.4	NA	NA	NA	NA	NA	NA	NA
ENSDART00000039822	ptbp1b	354	64.5	53.1	14.5	27.5	93.8	125.2	13.11	342.91	4.70909038633
ENSDART00000023379	mgme1	26	44.9	44.3	19.0	33.6	59.7	70.8	NA	NA	NA
ENSDART00000137029	prpf31	144	103.0	109.5	46.5	74.3	129.1	144.3	63.65	360.01	2.49980456162
ENSDART00000055241	ppl	17	42.6	46.4	11.0	18.9	68.9	77.0	8.44	19.02	1.17220234215
ENSDART00000101685	sh3bp4	1	127.4	127.4	NA	NA	NA	NA	NA	NA	NA
ENSDART00000137025	PAMR1	1	22.4	22.4	NA	NA	NA	NA	NA	NA	NA
ENSDART00000013376	cant1a	61	50.0	44.2	14.8	22.0	69.9	96.1	17.29	11.11	-0.638079052253
ENSDART00000137020	bop1	114	63.7	54.4	19.9	31.4	90.4	117.9	47.93	173.79	1.85834422577
ENSDART00000055248	alkbh7	23	29.6	28.1	10.9	15.4	37.3	48.9	NA	NA	NA
ENSDART00000101537	mex3b	147	74.9	64.5	18.8	31.8	112.0	148.7	NA	NA	NA
ENSDART00000111971	WDR1	517	56.7	57.2	25.8	40.7	72.5	87.6	126.53	94.46	-0.421704044871
ENSDART00000101533	calm1b	79	40.5	36.7	11.4	14.3	51.9	82.6	35.34	50.83	0.524378190897
ENSDART00000023550	hsp90aa1.2	7	44.6	47.2	NA	NA	NA	NA	NA	NA	NA
ENSDART00000125117	tmem51b	91	41.6	33.6	10.2	17.6	55.4	78.2	NA	NA	NA
ENSDART00000125114	OFCC1	1	128.9	128.9	NA	NA	NA	NA	NA	NA	NA
ENSDART00000125111	cnot10	143	34.6	30.0	12.9	17.6	47.1	63.4	22.04	12.76	-0.788495894806
ENSDART00000125110	CABZ01072037.1	11	45.5	52.7	24.7	39.7	56.2	66.8	17.53	9.46	-0.88991390742
ENSDART00000104835	hps5	44	28.8	23.0	6.1	12.7	43.9	54.2	NA	NA	NA
ENSDART00000083633	exosc1	175	38.8	34.7	12.3	20.7	48.0	70.4	NA	NA	NA
ENSDART00000104831	naa10	416	62.5	62.0	29.8	46.1	77.3	94.3	220.26	302.16	0.456105168619
ENSDART00000132927	snx33	6	49.3	48.9	NA	NA	NA	NA	NA	NA	NA
ENSDART00000075624	usp11	155	46.8	38.1	7.6	20.1	67.7	99.2	NA	NA	NA
ENSDART00000104838	psmb8	3	34.7	46.5	NA	NA	NA	NA	NA	NA	NA
ENSDART00000058311	rictorb	80	37.5	32.7	9.6	22.1	51.2	65.9	NA	NA	NA
ENSDART00000078721	ldb3a	1	27.3	27.3	NA	NA	NA	NA	NA	NA	NA
ENSDART00000018640	snx3	218	64.2	66.2	24.1	37.9	88.3	102.4	NA	NA	NA
ENSDART00000003922	erlin1	162	45.8	38.2	8.9	23.3	63.0	95.5	18.41	49.41	1.4243134291
ENSDART00000078724	atpaf2	177	29.3	26.2	9.0	17.1	40.5	50.8	49.42	12.68	-1.96254026519
ENSDART00000003929	midn	140	46.0	33.4	9.0	15.3	63.4	108.9	13.97	22.9	0.713015577575
ENSDART00000097201	si:ch73-44m9.1	4	13.5	10.5	NA	NA	NA	NA	NA	NA	NA
ENSDART00000015891	fzr1	261	40.3	33.1	10.4	18.8	54.3	75.4	46.95	66.63	0.505046735727
ENSDART00000089725	ino80db	77	37.4	35.8	12.5	19.4	50.8	69.7	NA	NA	NA
ENSDART00000086512	FBXW7	127	38.5	29.4	9.3	17.8	51.3	73.8	38.22	46.36	0.278552788029
ENSDART00000086511	RPUSD2	97	47.6	41.7	15.9	24.5	60.0	88.6	19.35	32.27	0.737860011455
ENSDART00000131806	hlx1	5	58.6	66.2	NA	NA	NA	NA	NA	NA	NA
ENSDART00000076320	MRPS17	99	29.7	27.8	10.5	18.0	38.5	53.0	NA	NA	NA
ENSDART00000137918	bbc3	28	71.1	45.8	23.2	31.8	104.5	171.2	NA	NA	NA
ENSDART00000009440	sele	3	28.6	23.3	NA	NA	NA	NA	NA	NA	NA
ENSDART00000056822	pik3r2	25	78.9	73.1	5.1	52.6	118.4	137.3	13.97	15.51	0.150866665627
ENSDART00000009443	csnk1a1	0	NA	NA	NA	NA	NA	NA	12.31	63.2	2.36009379658
ENSDART00000143912	fbxo36b	2	50.1	50.1	NA	NA	NA	NA	NA	NA	NA
ENSDART00000054115	tsc22d3	111	104.4	106.0	63.4	83.7	125.1	138.3	NA	NA	NA
ENSDART00000076929	prkg2	1	97.1	97.1	NA	NA	NA	NA	NA	NA	NA
ENSDART00000126792	si:dkey-163m14.7	5	107.3	127.9	NA	NA	NA	NA	NA	NA	NA
ENSDART00000048383	creld2	14	45.5	45.0	19.1	29.3	62.2	67.4	NA	NA	NA
ENSDART00000076925	ITPRIPL2	1	34.0	34.0	NA	NA	NA	NA	NA	NA	NA
ENSDART00000048921	rgp1	179	28.2	25.1	8.5	16.9	38.9	49.6	NA	NA	NA
ENSDART00000048430	zgc:194845	1	22.4	22.4	NA	NA	NA	NA	NA	NA	NA
ENSDART00000026800	kifap3b	89	67.0	61.6	26.0	38.9	94.5	111.0	NA	NA	NA
ENSDART00000048927	cox10	1	27.0	27.0	NA	NA	NA	NA	NA	NA	NA
ENSDART00000053596	scamp1	75	30.0	29.1	8.0	18.8	38.9	53.3	NA	NA	NA
ENSDART00000138622	C1H4orf33	181	49.2	47.0	18.5	31.4	64.1	84.2	53.6	90.61	0.757437278664
ENSDART00000138625	eya4	7	29.9	28.8	NA	NA	NA	NA	NA	NA	NA
ENSDART00000124309	nsmce1	70	41.7	39.0	12.0	20.7	59.2	79.0	NA	NA	NA
ENSDART00000052140	tmem106bb	9	104.2	99.6	NA	NA	NA	NA	NA	NA	NA
ENSDART00000123973	lace1b	25	33.0	31.0	6.7	19.9	47.4	57.0	NA	NA	NA
ENSDART00000053369	prmt10	70	47.0	40.3	21.9	30.0	56.0	88.7	14.67	24.72	0.752809872231
ENSDART00000053494	anks4b	2	31.8	31.8	NA	NA	NA	NA	NA	NA	NA
ENSDART00000050949	btg4	1649	17.4	14.5	3.4	7.5	23.6	35.0	NA	NA	NA
ENSDART00000110583	eif3ha	386	23.5	20.5	8.1	13.0	30.8	40.8	101.09	30.23	-1.7415874063
ENSDART00000053362	CABZ01059234.1	74	44.9	46.6	7.7	22.0	58.4	76.8	NA	NA	NA
ENSDART00000128968	nr2c1	19	52.8	31.2	10.5	22.4	56.3	105.0	NA	NA	NA
ENSDART00000131257	wdr19	23	36.2	32.4	10.9	17.0	50.8	70.8	NA	NA	NA
ENSDART00000114873	C5H12orf49	30	32.6	24.9	7.2	13.0	35.9	52.4	NA	NA	NA
ENSDART00000136570	slc25a15b	1	83.7	83.7	NA	NA	NA	NA	NA	NA	NA
ENSDART00000136573	ddah2	45	21.1	17.9	3.1	5.3	29.0	43.4	NA	NA	NA
ENSDART00000128960	CR548626.3	4	52.0	36.5	NA	NA	NA	NA	NA	NA	NA
ENSDART00000113171	nlgn1	12	51.6	35.8	21.6	27.5	47.7	80.9	NA	NA	NA
ENSDART00000136578	syn1	1	53.3	53.3	NA	NA	NA	NA	NA	NA	NA
ENSDART00000153179	zdhhc6	64	41.2	37.5	13.6	23.8	56.7	71.9	NA	NA	NA
ENSDART00000149117	si:ch1073-296i8.2	56	32.6	25.8	5.1	17.5	45.7	62.2	NA	NA	NA
ENSDART00000111064	shmt2	376	33.0	28.8	11.1	18.9	42.2	60.1	NA	NA	NA
ENSDART00000091052	CPNE7	1	37.9	37.9	NA	NA	NA	NA	NA	NA	NA
ENSDART00000129302	emc3	62	54.7	50.9	12.5	24.5	78.3	106.3	NA	NA	NA
ENSDART00000087643	tesk2	83	23.1	21.7	4.2	8.8	33.4	45.2	NA	NA	NA
ENSDART00000114705	gprc5bb	1	9.5	9.5	NA	NA	NA	NA	NA	NA	NA
ENSDART00000140932	CR387997.1	34	101.8	104.2	41.4	80.3	124.9	149.9	NA	NA	NA
ENSDART00000124244	rtn3	2	-10.9	-10.9	NA	NA	NA	NA	NA	NA	NA
ENSDART00000055609	atf4b2	24	85.9	87.8	22.2	60.2	121.7	135.4	NA	NA	NA
ENSDART00000124246	mtdha	71	84.4	92.5	18.0	47.7	124.2	140.3	34.85	80.43	1.20657506395
ENSDART00000105308	si:ch211-226h8.4	30	52.8	56.9	10.9	33.5	77.0	79.4	NA	NA	NA
ENSDART00000124242	lamp2	1282	43.4	36.9	8.8	17.7	62.7	90.0	146.17	1297.36	3.1498597163
ENSDART00000105040	zgc:109868	9	102.1	95.1	NA	NA	NA	NA	NA	NA	NA
ENSDART00000140856	ccdc120	86	34.4	24.4	10.7	15.4	40.9	57.1	NA	NA	NA
ENSDART00000106537	zgc:171599	11	46.2	25.9	1.0	12.9	60.7	121.1	NA	NA	NA
ENSDART00000110497	tmem63a	32	37.6	37.3	9.1	21.8	47.6	62.0	NA	NA	NA
ENSDART00000110495	akap9	52	37.4	26.1	13.4	19.1	50.0	65.8	8.38	0.51	-4.03838109173
ENSDART00000152576	mapta	1	40.8	40.8	NA	NA	NA	NA	NA	NA	NA
ENSDART00000029549	mapk6	332	102.5	105.5	33.9	71.6	135.6	158.0	85.06	130.57	0.618270698653
ENSDART00000020655	psma5	164	56.0	52.9	18.7	35.4	73.7	90.5	60.91	140.36	1.20438084332
ENSDART00000022045	plcg1	257	67.4	63.2	18.7	36.1	91.6	124.5	23.49	53.39	1.18452283565
ENSDART00000149408	THEM4	37	22.2	20.9	6.9	13.7	28.7	40.6	NA	NA	NA
ENSDART00000022042	scn8aa	2	71.3	71.3	NA	NA	NA	NA	NA	NA	NA
ENSDART00000067039	CABZ01003826.1	10	28.9	15.1	2.9	6.1	33.0	50.2	NA	NA	NA
ENSDART00000045583	MTA1	50	76.7	71.2	17.0	32.7	99.3	133.1	14.64	91.84	2.64920708839
ENSDART00000075277	zgc:113090	2	31.6	31.6	NA	NA	NA	NA	NA	NA	NA
ENSDART00000125440	si:ch211-113a14.10	4	24.9	22.0	NA	NA	NA	NA	NA	NA	NA
ENSDART00000151338	ndfip1l	47	76.0	77.7	12.7	40.2	110.6	130.0	NA	NA	NA
ENSDART00000063047	ptk6a	5	69.2	69.7	NA	NA	NA	NA	NA	NA	NA
ENSDART00000063592	prkcz	15	59.3	55.5	20.7	31.6	79.1	108.1	NA	NA	NA
ENSDART00000067037	syt8	3	31.7	18.4	NA	NA	NA	NA	NA	NA	NA
ENSDART00000067036	si:dkey-14k9.3	3	10.7	10.9	NA	NA	NA	NA	NA	NA	NA
ENSDART00000087023	ttc7b	66	53.0	42.1	13.9	22.0	72.9	100.4	NA	NA	NA
ENSDART00000135376	si:dkey-200l5.4	2	50.2	50.2	NA	NA	NA	NA	NA	NA	NA
ENSDART00000019818	ric8b	41	33.2	29.4	7.0	15.6	42.0	58.6	NA	NA	NA
ENSDART00000113281	ABCA7	15	28.2	19.1	8.1	10.8	46.2	58.4	NA	NA	NA
ENSDART00000113286	phf19	5	25.3	13.7	NA	NA	NA	NA	NA	NA	NA
ENSDART00000083367	prcp	2	56.7	56.7	NA	NA	NA	NA	NA	NA	NA
ENSDART00000079701	rnf180	239	48.4	44.6	13.8	26.3	64.9	80.9	33.29	107.02	1.68471965846
ENSDART00000113285	TAPT1	5	32.9	31.1	NA	NA	NA	NA	NA	NA	NA
ENSDART00000043298	fos	31	46.9	27.5	4.4	10.6	80.2	90.4	NA	NA	NA
ENSDART00000140581	si:ch211-165b19.9	1	42.4	42.4	NA	NA	NA	NA	NA	NA	NA
ENSDART00000126862	FUT9	14	38.1	32.1	16.8	28.4	43.9	69.3	NA	NA	NA
ENSDART00000012091	rrm1	463	36.2	33.4	11.1	21.0	48.7	64.6	124.27	122.17	-0.0245879964312
ENSDART00000043522	tmem198b	129	30.7	27.4	5.8	14.5	40.2	67.0	NA	NA	NA
ENSDART00000137624	eef2a.2	2	76.7	76.7	NA	NA	NA	NA	NA	NA	NA
ENSDART00000090464	CU571162.1	1	8.6	8.6	NA	NA	NA	NA	NA	NA	NA
ENSDART00000149666	dock3	1	36.3	36.3	NA	NA	NA	NA	NA	NA	NA
ENSDART00000007333	slc25a36a	31	32.1	27.3	4.9	16.8	49.6	59.8	NA	NA	NA
ENSDART00000007335	ndc80	229	29.8	26.0	7.9	16.1	40.5	55.8	83.53	116.3	0.477484753656
ENSDART00000064215	cops4	143	39.9	36.2	11.8	20.7	54.6	70.5	NA	NA	NA
ENSDART00000112404	cgnb	100	37.0	36.1	11.3	16.6	50.3	65.0	16.57	39.29	1.24558856524
ENSDART00000064210	cwc27	70	41.7	38.5	17.0	28.6	53.1	70.6	29.69	37.52	0.337682734529
ENSDART00000064212	srek1ip1	100	38.3	32.4	8.7	18.0	52.8	73.5	103.47	28.14	-1.87851830095
ENSDART00000026378	slc25a6	1	35.7	35.7	NA	NA	NA	NA	NA	NA	NA
ENSDART00000049707	gsk3aa	2	17.2	17.2	NA	NA	NA	NA	NA	NA	NA
ENSDART00000045639	rint1	71	34.8	35.2	9.1	19.1	47.4	59.0	NA	NA	NA
ENSDART00000123210	med22	62	67.9	67.0	30.0	45.9	85.3	107.5	NA	NA	NA
ENSDART00000123211	pkp3	3	85.8	80.6	NA	NA	NA	NA	NA	NA	NA
ENSDART00000134276	synj1	19	26.5	29.0	8.9	18.0	33.6	41.8	NA	NA	NA
ENSDART00000016407	arf2	334	51.4	43.4	12.6	24.1	68.6	103.7	60.21	219.25	1.86450182014
ENSDART00000015951	bsg	1052	112.5	114.0	57.5	85.5	139.6	161.7	94.5	521.21	2.46347852945
ENSDART00000139285	B3GNT3	1	19.3	19.3	NA	NA	NA	NA	NA	NA	NA
ENSDART00000028945	zfpl1	70	37.3	29.5	9.3	15.4	48.6	75.2	NA	NA	NA
ENSDART00000052365	cebpg	224	37.9	34.5	11.5	20.1	50.3	67.9	NA	NA	NA
ENSDART00000134098	efemp2a	1	37.9	37.9	NA	NA	NA	NA	NA	NA	NA
ENSDART00000047452	UBE2S	519	26.3	22.4	7.4	13.9	35.9	48.4	NA	NA	NA
ENSDART00000019976	rhbdd1	46	26.4	16.8	1.0	8.7	41.7	53.6	NA	NA	NA
ENSDART00000144700	si:dkeyp-7a3.1	1	45.1	45.1	NA	NA	NA	NA	NA	NA	NA
ENSDART00000135706	LDLRAD4	8	31.2	21.7	NA	NA	NA	NA	NA	NA	NA
ENSDART00000108487	phb	204	45.0	43.0	12.9	23.1	64.0	80.1	36.75	228.95	2.63921640995
ENSDART00000002867	rfng	15	41.4	36.9	16.6	22.9	53.5	82.7	NA	NA	NA
ENSDART00000026635	nr2e1	1	25.4	25.4	NA	NA	NA	NA	NA	NA	NA
ENSDART00000114701	SZT2	4	30.9	23.7	NA	NA	NA	NA	2.14	3.18	0.571415968883
ENSDART00000043743	HSPA8	2	8.1	8.1	NA	NA	NA	NA	NA	NA	NA
ENSDART00000081393	iqcb1	12	42.1	42.5	10.9	25.2	56.9	69.3	NA	NA	NA
ENSDART00000022870	fam110a	597	46.1	41.7	15.3	27.9	59.9	80.7	NA	NA	NA
ENSDART00000124938	CU929307.1	6	64.5	62.7	NA	NA	NA	NA	NA	NA	NA
ENSDART00000141326	stom	32	52.4	43.8	12.8	23.1	82.9	96.1	NA	NA	NA
ENSDART00000141455	ggt1a	1	23.8	23.8	NA	NA	NA	NA	NA	NA	NA
ENSDART00000060245	ctsh	1	62.9	62.9	NA	NA	NA	NA	NA	NA	NA
ENSDART00000124240	CU929119.2	167	45.5	39.5	12.4	18.8	63.5	78.6	NA	NA	NA
ENSDART00000111806	cenpe	190	22.9	19.7	4.6	11.2	32.4	41.6	45.68	1.11	-5.36293106901
ENSDART00000115000	boc	27	30.5	25.0	10.9	13.4	40.3	49.2	4.12	0.71	-2.53675340768
ENSDART00000104790	znf292b	90	44.5	37.1	8.5	15.5	61.4	95.8	25.13	76.42	1.60453958648
ENSDART00000085724	NID1	5	50.4	43.5	NA	NA	NA	NA	NA	NA	NA
ENSDART00000085727	CHD1	0	NA	NA	NA	NA	NA	NA	28.48	96.79	1.76490885475
ENSDART00000014292	larp6	189	34.8	30.8	6.2	16.0	51.3	67.1	62.94	65.79	0.0638911340963
ENSDART00000111720	haus7	286	48.7	48.3	19.7	31.6	64.4	78.6	48.3	103.43	1.09855960767
ENSDART00000085728	KLF8	58	50.9	48.9	13.9	21.3	67.7	99.6	NA	NA	NA
ENSDART00000111724	si:ch211-113a14.9	101	-6.1	-7.8	-12.7	-10.3	-4.4	0.9	NA	NA	NA
ENSDART00000111626	RNF111	198	40.8	33.4	6.9	15.6	53.4	79.9	19.13	52.09	1.4451695634
ENSDART00000059967	polr3c	86	34.8	31.8	11.0	17.6	49.9	66.6	15.08	23.74	0.654683506373
ENSDART00000111622	FP236812.4	21	66.1	41.0	16.6	25.8	67.0	105.3	37.6	12.59	-1.57845437885
ENSDART00000111623	cluap1	29	44.9	45.5	12.3	22.3	62.3	68.3	NA	NA	NA
ENSDART00000020017	aldh3b1	95	44.1	39.1	17.0	28.1	58.5	72.3	22.67	40.42	0.834284930639
ENSDART00000148138	lrrc8a	111	61.6	63.6	-8.8	18.2	99.5	126.8	17.23	47.3	1.456917482
ENSDART00000090427	si:dkey-6n6.1	2	80.4	80.4	NA	NA	NA	NA	NA	NA	NA
ENSDART00000111629	CINP	54	50.1	40.9	12.4	21.0	63.4	97.9	NA	NA	NA
ENSDART00000112392	si:ch73-389b16.2	15	18.5	12.9	6.0	8.4	24.4	40.0	NA	NA	NA
ENSDART00000081170	cux1a	26	24.8	25.2	7.4	12.2	33.8	40.9	NA	NA	NA
ENSDART00000055237	ramp2	2	43.3	43.3	NA	NA	NA	NA	NA	NA	NA
ENSDART00000061196	ccdc92	15	45.7	37.7	16.1	27.7	57.9	72.2	NA	NA	NA
ENSDART00000112394	ywhabb	399	63.5	59.9	22.7	39.6	85.2	105.6	42.94	465.51	3.43841806352
ENSDART00000147449	FAM222A	20	22.2	18.6	6.3	11.8	27.4	39.2	NA	NA	NA
ENSDART00000125686	arfip1	141	45.8	38.1	6.4	18.0	64.8	101.7	NA	NA	NA
ENSDART00000130680	pdzd11	139	48.8	43.5	15.7	25.3	67.0	91.6	NA	NA	NA
ENSDART00000097163	zgc:158482	2	30.6	30.6	NA	NA	NA	NA	NA	NA	NA
ENSDART00000125682	chmp2bb	565	74.5	74.7	38.0	55.3	93.2	109.3	80.74	239.57	1.56909176694
ENSDART00000103862	mrpl36	276	31.9	27.0	9.6	17.9	37.6	52.7	89.83	5.12	-4.13298161853
ENSDART00000034287	herpud1	342	29.1	25.6	7.4	15.8	40.2	53.5	NA	NA	NA
ENSDART00000060024	rabl3	80	34.4	29.3	7.5	20.2	44.7	65.3	NA	NA	NA
ENSDART00000031676	nrbf2	114	65.7	62.0	13.5	27.5	88.7	133.5	NA	NA	NA
ENSDART00000064078	tom1	157	32.7	27.3	7.6	14.2	42.4	68.2	NA	NA	NA
ENSDART00000039466	rnf25	82	50.0	48.7	19.3	31.0	65.0	81.5	66.45	25.19	-1.39941807743
ENSDART00000063832	rbbp8	44	23.6	20.7	8.6	11.3	30.4	45.5	NA	NA	NA
ENSDART00000018553	rpa3	503	52.7	48.8	20.1	33.9	64.7	83.5	234.32	500.13	1.09382304851
ENSDART00000033817	scyl3	288	37.7	31.8	13.2	20.9	47.4	62.9	74.54	38.08	-0.968981340421
ENSDART00000011652	eya2	1	16.5	16.5	NA	NA	NA	NA	NA	NA	NA
ENSDART00000103070	cdk16	56	65.2	59.3	27.5	44.0	83.9	104.3	NA	NA	NA
ENSDART00000146861	mmp16b	1	44.1	44.1	NA	NA	NA	NA	NA	NA	NA
ENSDART00000145835	tmx3	15	43.1	32.9	16.4	25.2	54.2	71.2	NA	NA	NA
ENSDART00000147034	gpr155a	12	80.5	73.9	61.1	66.3	100.6	106.8	4.8	5.27	0.134768556029
ENSDART00000123665	arpc4l	45	31.6	28.1	3.5	13.7	45.6	59.6	NA	NA	NA
ENSDART00000033819	prkcda	32	33.9	37.0	6.7	19.2	50.2	64.0	NA	NA	NA
ENSDART00000044214	wbp1lb	14	50.9	56.4	17.8	22.0	67.3	90.4	NA	NA	NA
ENSDART00000011018	sipa1l1	143	25.0	19.0	3.7	10.2	36.3	51.0	10.27	11.43	0.154389221896
ENSDART00000060949	zfpm1	54	27.6	23.4	7.0	11.8	33.5	53.0	NA	NA	NA
ENSDART00000014007	gys2	28	60.0	57.0	26.9	36.2	82.5	94.6	NA	NA	NA
ENSDART00000061376	STARD10	59	62.3	58.3	11.7	30.5	87.1	115.2	29.41	23.89	-0.299899930431
ENSDART00000046922	rab13	127	38.5	36.5	14.1	23.3	49.2	65.6	59.44	100.28	0.754527880295
ENSDART00000041609	tm9sf3	123	55.9	57.1	12.4	34.1	74.5	98.2	19.83	94.71	2.25583208381
ENSDART00000010494	fgfr1op	30	23.2	14.7	4.5	7.8	25.3	39.0	9.04	0.83	-3.44513953107
ENSDART00000056458	fggy	56	65.7	60.4	26.0	37.7	94.0	113.5	27.9	8.55	-1.70626879694
ENSDART00000056453	igfbp1b	4	10.3	13.1	NA	NA	NA	NA	NA	NA	NA
ENSDART00000127018	si:dkey-222b8.4	1	70.8	70.8	NA	NA	NA	NA	NA	NA	NA
ENSDART00000018743	phf20a	28	29.6	33.2	7.7	18.2	40.8	49.6	7.87	9.88	0.328147406077
ENSDART00000067828	BRPF1	1	34.4	34.4	NA	NA	NA	NA	37.43	1.83	-4.35427949462
ENSDART00000018735	dnaja2l	61	65.3	76.2	1.2	31.1	97.6	119.0	10.67	122.51	3.52126743417
ENSDART00000066979	cbll1	209	33.0	29.0	7.2	14.6	44.1	62.4	15.03	72.01	2.2603522577
ENSDART00000018737	qkib	1	147.8	147.8	NA	NA	NA	NA	NA	NA	NA
ENSDART00000025024	slc38a5b	35	62.3	64.3	23.5	45.2	82.0	99.2	NA	NA	NA
ENSDART00000055385	crls1	107	53.6	52.0	19.6	38.1	65.1	86.8	25.81	21.08	-0.292055274457
ENSDART00000066973	impdh1b	7	136.1	133.3	NA	NA	NA	NA	NA	NA	NA
ENSDART00000060822	zgc:161979	2	185.7	185.7	NA	NA	NA	NA	NA	NA	NA
ENSDART00000125133	mysm1	160	42.4	40.6	8.2	22.4	59.5	72.7	37.4	30.31	-0.303244417991
ENSDART00000027274	efna3a	1	22.2	22.2	NA	NA	NA	NA	NA	NA	NA
ENSDART00000123847	si:ch211-226h8.14	1	79.4	79.4	NA	NA	NA	NA	NA	NA	NA
ENSDART00000036285	HID1	5	96.7	90.3	NA	NA	NA	NA	NA	NA	NA
ENSDART00000020806	wwox	9	49.1	41.1	NA	NA	NA	NA	NA	NA	NA
ENSDART00000050125	nupl2	43	53.7	42.3	15.6	30.1	73.1	109.7	20.11	6.96	-1.53075387046
ENSDART00000020808	paqr3a	180	66.2	63.1	25.4	48.4	87.7	104.8	23.66	102.92	2.12100138339
ENSDART00000146248	znf532	4	44.8	48.2	NA	NA	NA	NA	NA	NA	NA
ENSDART00000082154	trim35-39	1	34.7	34.7	NA	NA	NA	NA	NA	NA	NA
ENSDART00000112946	DOCK10	6	16.3	16.8	NA	NA	NA	NA	NA	NA	NA
ENSDART00000048191	map2k7	46	62.2	60.0	25.8	36.6	87.1	105.9	20.92	83.64	1.99931021034
ENSDART00000110257	TRAPPC10	68	41.0	40.3	8.9	23.8	54.0	68.5	25.14	5.57	-2.17423541708
ENSDART00000105471	COX18	83	47.2	44.0	13.8	28.7	59.0	69.8	NA	NA	NA
ENSDART00000126980	MUC2	1	21.8	21.8	NA	NA	NA	NA	NA	NA	NA
ENSDART00000057999	alg14	6	30.8	31.5	NA	NA	NA	NA	NA	NA	NA
ENSDART00000038330	khsrp	942	120.4	125.2	66.3	99.8	148.4	163.6	78.35	1041.7	3.73286276963
ENSDART00000138244	rhbdl2	12	29.7	32.9	9.7	20.7	39.7	44.2	NA	NA	NA
ENSDART00000149984	irf2a	92	64.1	55.5	19.4	34.9	90.0	111.8	51.92	300.13	2.53122524471
ENSDART00000083820	VPS16	85	71.4	65.6	25.2	42.6	89.5	118.7	10.86	70.44	2.69737080603
ENSDART00000102304	lman1	415	49.2	47.3	19.4	32.1	64.2	78.7	63.06	88.02	0.481106201711
ENSDART00000045948	ncoa1	29	30.5	26.7	4.4	10.2	39.0	47.6	NA	NA	NA
ENSDART00000106143	lonp1	87	18.1	13.8	4.9	8.8	21.2	39.3	15.06	2.49	-2.5965041226
ENSDART00000106142	zgc:171566	277	54.3	51.0	25.5	37.5	66.8	86.2	39.69	135.62	1.77272248221
ENSDART00000106141	tma7	306	54.2	49.9	18.8	32.0	72.2	92.3	218.16	176.35	-0.306945029602
ENSDART00000034829	rrp12	132	59.3	54.8	22.5	33.7	80.1	104.4	39.0	64.5	0.725825036561
ENSDART00000106147	slc43a1a	90	68.4	59.5	14.4	31.9	89.9	139.9	18.0	113.09	2.65140255278
ENSDART00000114915	aplnra	24	82.5	75.8	10.7	37.3	123.6	161.4	NA	NA	NA
ENSDART00000127259	setd3	58	66.0	64.2	14.0	38.8	99.1	109.1	NA	NA	NA
ENSDART00000129175	nubpl	10	42.4	42.8	18.7	28.3	56.4	66.9	NA	NA	NA
ENSDART00000129174	PRKAG2	71	24.0	21.1	5.3	11.5	39.3	49.1	NA	NA	NA
ENSDART00000036461	arhgap1	185	27.5	24.3	7.2	14.0	34.0	51.3	NA	NA	NA
ENSDART00000036462	dctn4	101	50.2	49.2	16.0	26.9	67.8	84.4	18.27	53.92	1.56134386255
ENSDART00000036463	dnd	123	23.8	20.1	5.1	11.3	32.0	47.5	NA	NA	NA
ENSDART00000113707	fbln2	7	47.1	52.3	NA	NA	NA	NA	NA	NA	NA
ENSDART00000113706	trnt1	9	76.1	64.9	NA	NA	NA	NA	NA	NA	NA
ENSDART00000008174	pfkma	12	9.6	8.4	-4.6	-0.3	16.9	28.5	NA	NA	NA
ENSDART00000126659	CR391924.1	1	94.7	94.7	NA	NA	NA	NA	NA	NA	NA
ENSDART00000105823	insrb	98	35.7	30.1	9.2	17.4	50.6	73.3	NA	NA	NA
ENSDART00000041070	mest	3	11.4	9.9	NA	NA	NA	NA	NA	NA	NA
ENSDART00000100813	rps24	501	37.3	33.7	14.9	23.6	46.7	56.4	474.97	30.01	-3.98432116894
ENSDART00000100817	msmo1	5	13.5	9.6	NA	NA	NA	NA	NA	NA	NA
ENSDART00000024076	scamp2l	515	47.5	46.0	14.6	27.4	65.1	82.7	NA	NA	NA
ENSDART00000139636	zgc:152968	52	37.2	31.3	13.6	19.4	54.3	73.8	12.97	10.14	-0.355120827248
ENSDART00000004546	pabpc1l	252	36.9	35.9	9.1	17.0	51.2	68.5	106.93	59.98	-0.834113241261
ENSDART00000097966	sh3gl1a	113	35.3	32.3	8.2	20.8	47.1	68.4	50.93	83.49	0.713087692155
ENSDART00000149089	anxa11b	30	55.7	53.0	15.2	29.0	75.3	99.0	NA	NA	NA
ENSDART00000132486	rasa1b	1	68.2	68.2	NA	NA	NA	NA	NA	NA	NA
ENSDART00000132489	si:dkey-4c15.19	1	26.8	26.8	NA	NA	NA	NA	NA	NA	NA
ENSDART00000062066	si:dkey-177p2.6	85	47.3	31.0	9.2	18.7	54.3	100.2	NA	NA	NA
ENSDART00000153284	tbkbp1	2	64.7	64.7	NA	NA	NA	NA	NA	NA	NA
ENSDART00000015710	snrkb	2	25.8	25.8	NA	NA	NA	NA	NA	NA	NA
ENSDART00000143744	mgat4c	1	30.5	30.5	NA	NA	NA	NA	NA	NA	NA
ENSDART00000015712	znf710a	126	56.3	45.6	9.9	20.3	77.9	113.9	NA	NA	NA
ENSDART00000009277	TUBA1A	4	76.4	74.8	NA	NA	NA	NA	NA	NA	NA
ENSDART00000022899	pigo	104	38.9	33.3	11.4	18.1	52.8	73.0	11.98	22.9	0.934719690196
ENSDART00000045036	NFKBIB	49	36.9	28.8	9.8	20.6	51.9	68.3	NA	NA	NA
ENSDART00000045038	fnbp1l	267	105.1	115.4	30.8	61.1	142.3	168.7	60.53	200.62	1.72874318061
ENSDART00000139918	GPN1	45	34.8	20.8	6.4	11.8	50.8	72.2	NA	NA	NA
ENSDART00000091700	C6H2orf62	1	48.4	48.4	NA	NA	NA	NA	NA	NA	NA
ENSDART00000100756	tmem199	101	22.8	20.5	5.8	11.5	30.7	39.9	NA	NA	NA
ENSDART00000145748	TMEM87A	59	44.4	38.1	11.0	18.3	66.3	89.6	NA	NA	NA
ENSDART00000145749	si:dkeyp-113d7.1	5	24.7	24.7	NA	NA	NA	NA	NA	NA	NA
ENSDART00000109667	trip11	83	59.7	53.1	16.4	35.2	79.2	113.9	30.05	24.36	-0.302850857692
ENSDART00000057471	GPR180	12	45.1	45.9	25.7	35.6	53.3	62.3	NA	NA	NA
ENSDART00000058785	fam210a	31	35.8	37.1	8.1	17.1	48.0	62.4	NA	NA	NA
ENSDART00000050898	ncf1	3	40.4	44.6	NA	NA	NA	NA	NA	NA	NA
ENSDART00000058789	qdpra	26	78.6	99.5	16.2	43.9	110.7	130.2	NA	NA	NA
ENSDART00000106552	ghrhr2	1	22.4	22.4	NA	NA	NA	NA	NA	NA	NA
ENSDART00000135142	si:ch73-334d15.1	2	11.1	11.1	NA	NA	NA	NA	NA	NA	NA
ENSDART00000015418	irf2bpl	123	54.9	45.7	6.0	17.2	83.4	115.4	8.49	26.42	1.63779400769
ENSDART00000087250	crebbpa	25	23.0	23.6	10.9	15.0	28.0	34.2	22.95	6.21	-1.88582898008
ENSDART00000079065	ccz1	91	38.9	32.6	10.3	16.7	44.1	66.4	NA	NA	NA
ENSDART00000005944	rpl5a	126	54.6	54.2	24.4	39.5	67.9	82.4	107.2	4.75	-4.49623358213
ENSDART00000008906	znf503	112	32.4	27.6	8.4	14.1	40.0	55.7	17.44	8.82	-0.983549479219
ENSDART00000008904	im:7162965	32	23.1	21.7	5.4	7.6	34.0	43.2	NA	NA	NA
ENSDART00000097546	ARID3C	2	23.2	23.2	NA	NA	NA	NA	NA	NA	NA
ENSDART00000097547	trpc6b	3	112.6	124.3	NA	NA	NA	NA	NA	NA	NA
ENSDART00000076040	srfa	17	55.8	51.6	11.8	19.2	80.4	102.3	NA	NA	NA
ENSDART00000097540	MRPL51	34	39.4	29.3	14.1	19.0	50.2	80.8	50.03	13.27	-1.91462508162
ENSDART00000065045	prrc1	85	59.9	45.5	9.4	27.1	100.8	127.0	15.59	219.91	3.81822037642
ENSDART00000017451	CDS1	14	45.6	44.9	9.4	26.9	67.0	83.8	NA	NA	NA
ENSDART00000053763	dctd	148	53.9	51.9	19.2	30.9	74.6	92.8	NA	NA	NA
ENSDART00000132736	lca5	31	39.3	36.3	11.7	14.4	55.7	66.0	15.64	4.73	-1.72532842397
ENSDART00000089035	ppfibp2b	0	NA	NA	NA	NA	NA	NA	33.21	20.32	-0.708717320731
ENSDART00000021604	gins4	52	59.8	57.0	19.2	35.0	84.7	101.5	NA	NA	NA
ENSDART00000153080	capg	10	58.7	48.4	24.5	31.0	90.5	97.9	10.36	29.0	1.48502889722
ENSDART00000056963	stk25b	102	50.3	48.6	25.9	38.0	62.0	76.4	37.51	33.95	-0.143863688529
ENSDART00000153082	si:dkey-11e23.5	32	25.0	19.3	6.1	10.8	33.2	51.0	NA	NA	NA
ENSDART00000139871	socs6b	237	33.9	28.1	8.2	15.0	44.8	67.4	17.46	25.66	0.55546761146
ENSDART00000134550	ormdl2	121	54.6	53.8	22.7	36.0	70.4	86.5	NA	NA	NA
ENSDART00000006942	TXNDC15	38	54.3	50.8	28.0	36.1	66.2	77.5	22.01	4.18	-2.39658429781
ENSDART00000139703	RC3H1	89	55.3	53.8	2.2	28.4	84.4	113.4	10.45	42.98	2.04016254046
ENSDART00000021609	gad2	2	73.4	73.4	NA	NA	NA	NA	NA	NA	NA
ENSDART00000139701	zfand5a	86	45.9	32.5	7.7	16.8	54.9	115.8	NA	NA	NA
ENSDART00000134556	taf11	68	50.4	43.7	18.1	28.3	59.0	94.6	23.52	28.6	0.282127086829
ENSDART00000077445	pim3	99	41.6	38.4	13.4	23.4	56.6	73.6	36.97	171.41	2.2130243296
ENSDART00000088624	rpgrb	8	32.2	11.8	NA	NA	NA	NA	NA	NA	NA
ENSDART00000151778	si:ch1073-263o8.2	87	64.2	62.0	22.7	32.8	90.1	107.9	11.3	18.92	0.743589316037
ENSDART00000135374	ptpn21	31	41.2	36.1	17.4	22.5	60.0	73.8	8.79	4.46	-0.978819455223
ENSDART00000109306	zgc:173770	1	47.1	47.1	NA	NA	NA	NA	NA	NA	NA
ENSDART00000130641	bcl3	14	29.8	29.1	9.7	13.2	43.3	54.0	NA	NA	NA
ENSDART00000130642	STRADB	45	32.0	31.2	7.2	19.0	39.6	58.6	NA	NA	NA
ENSDART00000129794	birc7	1	37.3	37.3	NA	NA	NA	NA	NA	NA	NA
ENSDART00000121805	bbox1	4	33.1	30.2	NA	NA	NA	NA	NA	NA	NA
ENSDART00000042080	si:dkey-14d8.6	4	148.8	142.3	NA	NA	NA	NA	NA	NA	NA
ENSDART00000079283	tmeff1b	4	74.6	75.6	NA	NA	NA	NA	NA	NA	NA
ENSDART00000076265	TMEM30B	219	38.5	34.5	8.7	18.2	50.2	74.7	34.04	75.44	1.14809863899
ENSDART00000138473	SPEG	1	132.1	132.1	NA	NA	NA	NA	NA	NA	NA
ENSDART00000024386	frmd6	89	35.5	33.3	9.8	17.3	46.3	59.2	14.42	20.36	0.497666396835
ENSDART00000086250	znf592	25	23.7	23.3	4.8	11.5	35.1	43.6	NA	NA	NA
ENSDART00000142167	st6gal2	120	50.4	49.1	14.0	27.0	68.9	87.7	30.97	10.1	-1.61651609004
ENSDART00000152149	si:dkey-121j17.6	15	41.2	31.0	13.3	21.9	51.0	86.3	NA	NA	NA
ENSDART00000112474	arl6ip5a	19	48.5	48.3	24.8	32.0	62.8	76.7	NA	NA	NA
ENSDART00000023766	vldlr	320	26.8	22.6	6.6	13.0	36.2	52.0	69.69	20.41	-1.7716754725
ENSDART00000152143	peli1a	11	39.6	43.0	15.0	26.8	51.8	66.3	NA	NA	NA
ENSDART00000023763	C20H2orf44	18	42.2	33.7	9.0	23.6	66.2	77.6	NA	NA	NA
ENSDART00000125309	rnf20	139	53.3	46.8	19.6	30.2	72.3	95.5	52.45	30.17	-0.797828076318
ENSDART00000128222	snrpc	633	103.1	105.5	54.3	84.2	125.7	146.0	115.78	951.72	3.03915112737
ENSDART00000128223	CHCHD5	43	26.9	23.2	10.1	17.5	34.6	51.5	NA	NA	NA
ENSDART00000125872	disp2	1	19.4	19.4	NA	NA	NA	NA	NA	NA	NA
ENSDART00000039267	ptgdsb	12	72.3	57.4	23.5	28.5	99.1	123.1	NA	NA	NA
ENSDART00000128227	gle1	63	65.6	67.5	27.6	42.0	86.9	99.8	46.95	187.57	1.99823203825
ENSDART00000039265	naa40	473	80.1	76.8	36.6	53.8	104.3	131.3	60.95	277.45	2.18652967703
ENSDART00000078885	onecut3	3	55.5	70.2	NA	NA	NA	NA	NA	NA	NA
ENSDART00000078886	si:dkey-46g23.5	22	56.2	55.0	24.4	33.4	71.4	92.3	NA	NA	NA
ENSDART00000078887	tmem222a	2	27.3	27.3	NA	NA	NA	NA	NA	NA	NA
ENSDART00000099074	CU928854.1	1	10.0	10.0	NA	NA	NA	NA	NA	NA	NA
ENSDART00000100622	slc15a2	29	70.1	61.6	31.7	54.0	87.9	101.4	NA	NA	NA
ENSDART00000099078	jph1b	11	54.4	28.6	12.6	15.9	93.5	122.4	NA	NA	NA
ENSDART00000003133	yipf2	36	45.4	40.3	16.2	29.3	60.8	76.4	NA	NA	NA
ENSDART00000078888	dusp22a	57	35.5	31.5	11.9	21.0	42.0	65.0	NA	NA	NA
ENSDART00000103894	cacng8b	3	87.6	84.8	NA	NA	NA	NA	NA	NA	NA
ENSDART00000025036	gap43	1	108.1	108.1	NA	NA	NA	NA	NA	NA	NA
ENSDART00000012098	hs3st1	70	28.4	25.9	7.2	16.1	37.0	55.6	NA	NA	NA
ENSDART00000025033	gpx1a	42	62.0	60.1	30.8	41.0	82.2	86.6	NA	NA	NA
ENSDART00000025031	pou4f1	3	19.0	21.7	NA	NA	NA	NA	NA	NA	NA
ENSDART00000078791	ints2	81	49.9	46.0	14.5	30.5	73.8	86.1	7.79	33.53	2.10575724973
ENSDART00000028009	gkap1	364	71.6	71.1	39.4	50.9	88.2	110.1	127.0	528.33	2.05661083533
ENSDART00000114134	wrb	7	4.6	10.8	NA	NA	NA	NA	NA	NA	NA
ENSDART00000114137	sh3yl1	238	57.7	41.1	5.5	17.4	98.9	124.8	NA	NA	NA
ENSDART00000114136	WDR89	38	35.8	32.0	10.4	23.7	45.5	61.2	NA	NA	NA
ENSDART00000017726	etnk1	1	103.3	103.3	NA	NA	NA	NA	NA	NA	NA
ENSDART00000138011	ZNF646	197	53.4	49.2	13.6	29.9	69.8	98.2	11.03	62.26	2.49687278588
ENSDART00000148727	si:dkey-32e10.4-001	1	182.5	182.5	NA	NA	NA	NA	NA	NA	NA
ENSDART00000146701	si:dkey-184p9.7	1	33.7	33.7	NA	NA	NA	NA	NA	NA	NA
ENSDART00000062507	CABZ01078431.1	67	30.1	26.1	11.0	16.3	39.0	60.8	NA	NA	NA
ENSDART00000017728	pgd	38	77.0	73.4	49.5	61.6	94.7	103.0	8.56	72.77	3.08766110897
ENSDART00000137012	myom1a	3	67.9	59.0	NA	NA	NA	NA	NA	NA	NA
ENSDART00000127652	lypd6	3	26.7	16.6	NA	NA	NA	NA	NA	NA	NA
ENSDART00000053773	lsm6	21	35.1	33.0	8.1	15.2	42.3	81.7	NA	NA	NA
ENSDART00000053775	arf3b	1	24.8	24.8	NA	NA	NA	NA	NA	NA	NA
ENSDART00000127657	mrps34	23	29.5	22.8	5.7	12.9	38.0	50.7	83.6	34.17	-1.29077269454
ENSDART00000127654	tagapb	1	45.9	45.9	NA	NA	NA	NA	NA	NA	NA
ENSDART00000053776	fkbp11	2	27.9	27.9	NA	NA	NA	NA	NA	NA	NA
ENSDART00000143324	spsb3a	13	45.5	34.0	20.5	28.4	48.8	80.0	NA	NA	NA
ENSDART00000101023	oep	436	72.4	63.6	16.2	29.0	109.0	145.8	67.92	126.65	0.898938713047
ENSDART00000127659	stk19	14	32.7	31.7	12.4	16.7	40.6	58.7	NA	NA	NA
ENSDART00000136492	si:ch211-158d24.4	5	17.7	17.4	NA	NA	NA	NA	NA	NA	NA
ENSDART00000144837	hectd3	72	31.7	30.1	13.6	18.2	44.0	53.8	29.93	6.49	-2.2053018955
ENSDART00000101026	mical3a	42	36.4	29.2	6.6	15.5	51.3	80.2	8.65	4.74	-0.867813073626
ENSDART00000131113	LPHN3	1	23.7	23.7	NA	NA	NA	NA	NA	NA	NA
ENSDART00000136722	cdkn1a	99	47.3	25.6	4.6	10.3	70.8	115.8	NA	NA	NA
ENSDART00000131116	ttyh3b	3	58.5	45.5	NA	NA	NA	NA	NA	NA	NA
ENSDART00000104303	actl6a	217	83.4	83.0	42.7	63.9	103.6	123.3	29.79	272.05	3.1909717997
ENSDART00000121698	senp3b	1502	58.4	52.5	8.5	24.8	86.7	115.7	42.84	158.69	1.88918083305
ENSDART00000049849	col4a3	3	37.8	31.0	NA	NA	NA	NA	NA	NA	NA
ENSDART00000016096	dnajc11	203	77.9	78.9	30.6	51.1	101.4	119.3	52.09	69.8	0.422220599346
ENSDART00000015095	uts1	2	69.8	69.8	NA	NA	NA	NA	NA	NA	NA
ENSDART00000067261	tmtc2	18	37.8	39.2	12.2	17.4	51.6	62.6	NA	NA	NA
ENSDART00000067262	mettl25	19	21.3	18.0	6.0	9.1	25.3	43.7	NA	NA	NA
ENSDART00000016090	pla2g7	29	44.4	38.2	17.1	27.4	59.2	83.9	NA	NA	NA
ENSDART00000121867	eif3c	139	57.8	56.8	18.6	36.0	78.1	95.2	46.05	102.1	1.14870980479
ENSDART00000127374	DDHD1	10	25.8	24.3	11.7	19.6	30.9	42.6	NA	NA	NA
ENSDART00000020233	zdhhc7	38	42.7	35.4	8.6	20.2	63.4	82.6	NA	NA	NA
ENSDART00000121558	atg4b	87	16.3	13.0	1.6	5.9	21.0	30.6	NA	NA	NA
ENSDART00000020234	fam175b	1	29.2	29.2	NA	NA	NA	NA	NA	NA	NA
ENSDART00000043190	lsm12a	381	44.0	40.6	10.9	24.2	61.3	79.0	129.03	218.1	0.757283232862
ENSDART00000121552	slc44a1b	14	32.6	29.7	7.8	13.1	53.1	63.4	NA	NA	NA
ENSDART00000043193	si:ch211-161h7.6	16	41.8	43.3	23.7	32.3	53.4	58.8	NA	NA	NA
ENSDART00000012396	ik	93	84.4	88.6	19.9	53.2	115.0	129.9	27.11	96.65	1.83394461926
ENSDART00000121554	CABZ01069022.1	2	63.5	63.5	NA	NA	NA	NA	NA	NA	NA
ENSDART00000024922	jag2	32	30.7	21.8	1.9	11.1	38.9	73.7	NA	NA	NA
ENSDART00000046115	mfsd2aa	81	31.0	19.9	6.3	11.6	31.8	57.5	NA	NA	NA
ENSDART00000024925	gcc1	103	37.2	32.8	10.3	17.6	45.2	71.4	28.24	18.68	-0.596245633562
ENSDART00000078358	pip5k1aa	96	83.5	78.2	18.3	39.3	121.6	162.7	26.56	76.36	1.52356195606
ENSDART00000009863	DGKA	20	19.3	16.1	2.9	6.6	30.5	46.8	NA	NA	NA
ENSDART00000013294	anxa13	30	51.9	51.5	19.3	36.2	68.0	82.4	NA	NA	NA
ENSDART00000056205	satb1a	2	40.9	40.9	NA	NA	NA	NA	NA	NA	NA
ENSDART00000018948	socs8	1	8.7	8.7	NA	NA	NA	NA	NA	NA	NA
ENSDART00000123026	si:dkey-241l7.5	11	48.1	42.7	28.7	33.7	54.6	63.7	NA	NA	NA
ENSDART00000056208	snap29	165	61.9	61.1	16.2	29.4	87.4	110.6	15.14	230.4	3.92770360634
ENSDART00000027718	fxr2	1	18.0	18.0	NA	NA	NA	NA	33.27	109.48	1.71837356848
ENSDART00000123532	pkp1a	6	21.1	22.4	NA	NA	NA	NA	NA	NA	NA
ENSDART00000115260	si:ch211-113g11.6	16	39.5	39.7	8.5	16.4	50.3	80.3	NA	NA	NA
ENSDART00000057541	APOOL	135	45.7	44.4	15.6	25.1	61.3	77.8	NA	NA	NA
ENSDART00000126017	si:rp71-1c10.10	1	80.9	80.9	NA	NA	NA	NA	NA	NA	NA
ENSDART00000126015	etv5a	379	42.1	34.1	11.4	20.0	55.5	83.2	NA	NA	NA
ENSDART00000123534	cacna1g	8	26.3	30.3	NA	NA	NA	NA	NA	NA	NA
ENSDART00000016677	C11H6orf120	142	30.6	27.3	6.9	16.8	41.2	58.6	NA	NA	NA
ENSDART00000016891	hsd17b10	243	72.6	74.4	33.8	51.3	95.1	110.1	63.17	263.1	2.05829977117
ENSDART00000016890	eif6	586	45.1	43.3	14.6	27.4	60.4	78.0	146.15	212.7	0.541370204155
ENSDART00000138116	surf6	79	32.3	25.2	9.0	12.8	43.8	58.6	84.7	15.72	-2.42976075196
ENSDART00000074561	litaf	29	41.9	40.5	13.7	19.4	59.8	70.0	NA	NA	NA
ENSDART00000100265	tmem194b	178	67.6	73.4	20.2	40.7	90.2	108.9	NA	NA	NA
ENSDART00000140136	soga3b	1	73.9	73.9	NA	NA	NA	NA	NA	NA	NA
ENSDART00000112896	BX294110.1	65	35.7	29.7	12.1	22.5	45.0	58.7	31.98	6.05	-2.40216289132
ENSDART00000098307	ZNF800	37	71.2	67.1	16.8	30.6	98.9	141.0	18.21	31.09	0.771719694364
ENSDART00000090096	PAXBP1	46	46.4	37.1	17.8	23.1	58.1	92.5	11.03	27.38	1.31168965567
ENSDART00000051186	nccrp1	62	35.4	33.4	12.2	18.7	48.3	62.2	37.26	38.97	0.0647362572274
ENSDART00000045677	atoh1b	1	7.1	7.1	NA	NA	NA	NA	NA	NA	NA
ENSDART00000144659	CABZ01112215.2	4	50.1	43.1	NA	NA	NA	NA	NA	NA	NA
ENSDART00000131683	sytl5	5	42.0	36.3	NA	NA	NA	NA	NA	NA	NA
ENSDART00000110030	lmtk2	58	70.7	72.8	14.5	31.8	106.8	127.5	8.11	13.86	0.77315343792
ENSDART00000063467	nfia	5	41.8	44.9	NA	NA	NA	NA	NA	NA	NA
ENSDART00000139288	si:dkey-121h17.7	40	16.6	14.9	-0.3	7.3	22.5	30.6	NA	NA	NA
ENSDART00000130514	EML4	180	102.9	104.5	48.2	79.1	131.8	148.9	NA	NA	NA
ENSDART00000103795	ggact.1	3	27.9	39.1	NA	NA	NA	NA	NA	NA	NA
ENSDART00000080969	trim55b	10	55.3	54.1	15.5	44.4	72.3	82.3	NA	NA	NA
ENSDART00000103548	sc:d0661	6	48.2	50.7	NA	NA	NA	NA	NA	NA	NA
ENSDART00000004092	brox	25	57.9	43.5	28.8	36.1	83.1	92.6	NA	NA	NA
ENSDART00000110987	TXNRD2	29	33.4	28.4	11.4	17.9	43.6	64.1	NA	NA	NA
ENSDART00000036421	chek2	181	27.4	22.4	4.9	10.8	39.8	52.9	42.06	34.35	-0.292138751026
ENSDART00000098889	caprin1b	671	66.0	64.8	27.4	44.9	85.6	105.7	161.89	242.77	0.584576280735
ENSDART00000019017	CT485993.2	109	29.8	22.7	5.4	11.8	39.2	58.9	NA	NA	NA
ENSDART00000105561	si:dkey-42p8.3	1	134.3	134.3	NA	NA	NA	NA	NA	NA	NA
ENSDART00000147319	scml4	20	47.6	32.3	17.7	23.1	60.9	98.8	NA	NA	NA
ENSDART00000007458	ppp6c	206	37.0	31.3	10.6	19.0	48.3	72.6	60.26	204.79	1.76487269148
ENSDART00000100046	C8H1orf174	426	43.7	39.7	12.8	23.3	58.5	78.4	NA	NA	NA
ENSDART00000147878	ankrd39	9	34.2	26.1	NA	NA	NA	NA	NA	NA	NA
ENSDART00000007454	bty	2	24.3	24.3	NA	NA	NA	NA	NA	NA	NA
ENSDART00000045675	slc52a2	1	40.8	40.8	NA	NA	NA	NA	NA	NA	NA
ENSDART00000122773	nr6a1b	7	42.5	41.9	NA	NA	NA	NA	NA	NA	NA
ENSDART00000122774	ERCC6L2	4	82.4	96.0	NA	NA	NA	NA	NA	NA	NA
ENSDART00000060764	spred1	1	11.8	11.8	NA	NA	NA	NA	NA	NA	NA
ENSDART00000060765	BX323876.3	1	-8.8	-8.8	NA	NA	NA	NA	NA	NA	NA
ENSDART00000060766	rab11a	398	52.3	43.6	10.9	21.9	76.0	106.1	36.64	245.74	2.74564130102
ENSDART00000133121	bub1	196	53.1	48.8	12.1	24.5	69.9	98.8	30.98	121.1	1.96678981579
ENSDART00000146471	si:dkey-169i5.4	1	157.3	157.3	NA	NA	NA	NA	NA	NA	NA
ENSDART00000146470	arpc4	213	54.0	49.9	16.7	28.7	77.1	96.2	NA	NA	NA
ENSDART00000082702	mlxip	148	56.7	51.7	16.0	27.6	79.9	103.1	7.4	49.62	2.74532455938
ENSDART00000059209	wdfy2	64	42.0	37.8	13.2	23.8	55.7	71.2	NA	NA	NA
ENSDART00000135919	amd1	42	63.0	66.4	5.2	17.8	94.1	127.5	NA	NA	NA
ENSDART00000059207	pemt	25	42.6	35.8	5.5	28.7	57.3	77.6	NA	NA	NA
ENSDART00000050332	gna12a	3	79.2	52.8	NA	NA	NA	NA	NA	NA	NA
ENSDART00000152705	api5	128	98.2	107.7	27.7	61.3	129.4	158.4	31.44	548.93	4.12594906461
ENSDART00000026409	cct4	37	57.1	46.1	20.6	29.3	69.6	116.6	40.42	18.86	-1.0997396457
ENSDART00000097949	surf4	58	39.9	38.8	16.6	27.2	52.1	65.4	NA	NA	NA
ENSDART00000125729	dnmt3b	35	79.3	85.3	15.7	36.1	118.0	136.8	4.13	31.62	2.93662368094
ENSDART00000023162	FANCA	18	34.5	30.2	7.9	11.8	58.8	66.0	7.79	1.84	-2.081917562
ENSDART00000112279	kmt2cb	10	48.0	37.9	19.3	27.1	53.6	71.4	0.88	0.91	0.0483630215614
ENSDART00000004220	rab34a	8	123.4	123.3	NA	NA	NA	NA	NA	NA	NA
ENSDART00000125099	tbck	34	59.5	61.1	22.2	42.7	80.1	97.4	5.17	17.56	1.76405665922
ENSDART00000010257	fam73a	44	42.8	37.3	15.8	23.3	59.0	73.8	10.57	16.13	0.609771061773
ENSDART00000053936	pfdn6	60	39.8	26.5	6.8	14.6	54.5	94.0	NA	NA	NA
ENSDART00000152449	si:ch211-113a14.29	6	66.2	51.9	NA	NA	NA	NA	NA	NA	NA
ENSDART00000089232	SLC12A7	53	44.5	36.0	11.3	22.2	61.3	76.3	NA	NA	NA
ENSDART00000127325	wu:fc75a09	2	77.3	77.3	NA	NA	NA	NA	NA	NA	NA
ENSDART00000057641	tspan15	57	55.2	50.4	17.3	31.4	72.0	97.4	NA	NA	NA
ENSDART00000018054	trh	1	20.4	20.4	NA	NA	NA	NA	NA	NA	NA
ENSDART00000057315	cep78	29	40.3	38.8	12.9	23.6	54.6	72.9	NA	NA	NA
ENSDART00000057642	acbd6	16	41.4	41.3	14.5	19.4	57.5	75.2	NA	NA	NA
ENSDART00000057645	qsox1	115	51.7	49.9	24.2	36.2	66.1	81.8	22.41	37.18	0.730384121409
ENSDART00000057644	lhx4	3	65.8	49.6	NA	NA	NA	NA	NA	NA	NA
ENSDART00000053932	cbsa	16	28.5	22.5	6.4	15.4	36.9	46.1	NA	NA	NA
ENSDART00000014851	tpm1	414	27.4	23.1	6.6	13.3	34.7	56.1	NA	NA	NA
ENSDART00000078652	CAMK2G	3	51.8	48.2	NA	NA	NA	NA	NA	NA	NA
ENSDART00000052366	cebpa	3	115.3	146.7	NA	NA	NA	NA	NA	NA	NA
ENSDART00000082830	BX255936.1	10	24.7	19.2	7.7	8.9	40.3	44.0	NA	NA	NA
ENSDART00000104219	rcor1	509	50.3	45.3	12.3	24.5	68.6	92.4	94.82	271.62	1.51832641424
ENSDART00000064694	TATDN3	3	36.2	28.3	NA	NA	NA	NA	NA	NA	NA
ENSDART00000085281	EPB41L2	1	47.5	47.5	NA	NA	NA	NA	NA	NA	NA
ENSDART00000139983	si:dkey-57k2.6	1	21.6	21.6	NA	NA	NA	NA	NA	NA	NA
ENSDART00000004959	det1	128	28.5	21.0	2.6	10.2	33.3	54.1	NA	NA	NA
ENSDART00000086060	mrpl22	39	21.1	15.9	5.5	9.1	25.0	43.6	33.82	2.12	-3.99574048985
ENSDART00000061417	si:ch211-245h14.1	3	73.6	70.1	NA	NA	NA	NA	NA	NA	NA
ENSDART00000004483	zgc:162969	379	23.3	19.7	6.0	11.5	29.9	44.8	128.59	23.23	-2.46871739436
ENSDART00000023571	u2af2b	122	97.5	102.7	17.7	51.8	142.9	168.6	91.44	338.26	1.88723527664
ENSDART00000129624	tbrg1	94	45.1	40.8	13.9	27.4	59.1	75.3	33.45	35.26	0.0760262637914
ENSDART00000102727	zgc:162971	4	48.6	39.2	NA	NA	NA	NA	NA	NA	NA
ENSDART00000036354	mkln1	172	33.6	24.9	7.9	12.7	48.2	78.3	NA	NA	NA
ENSDART00000109538	CU855953.1	4	20.8	23.0	NA	NA	NA	NA	NA	NA	NA
ENSDART00000109537	snphb	8	48.1	42.8	NA	NA	NA	NA	NA	NA	NA
ENSDART00000109535	gmps	142	74.5	76.5	17.2	41.0	108.6	128.8	18.73	206.5	3.46271897695
ENSDART00000102118	gtf2f2a	89	50.5	43.6	15.3	25.7	62.6	89.7	51.98	137.56	1.40403248205
ENSDART00000104812	cbx6a	17	27.2	26.5	2.8	16.6	37.8	50.7	NA	NA	NA
ENSDART00000055848	zgc:103559	3	21.4	14.3	NA	NA	NA	NA	NA	NA	NA
ENSDART00000078708	zgc:162952	4	14.3	14.1	NA	NA	NA	NA	NA	NA	NA
ENSDART00000084855	stk40	172	78.0	74.8	25.8	45.9	105.5	136.3	17.34	140.2	3.01531054568
ENSDART00000005573	tmem237b	85	40.6	38.5	12.8	24.8	55.5	70.9	21.79	20.42	-0.0936833302381
ENSDART00000026634	ccdc127b	2	49.3	49.3	NA	NA	NA	NA	NA	NA	NA
ENSDART00000050597	XPR1	84	56.3	60.6	14.4	33.2	76.4	93.0	NA	NA	NA
ENSDART00000138234	tomm20b	313	33.1	31.0	11.7	18.3	44.1	58.5	84.13	17.54	-2.2619715965
ENSDART00000122164	b3gat3	0	NA	NA	NA	NA	NA	NA	20.73	8.16	-1.34507905914
ENSDART00000122503	BX000690.1	5	22.4	18.3	NA	NA	NA	NA	NA	NA	NA
ENSDART00000137603	si:ch211-225b11.4	19	45.2	49.5	10.5	24.0	64.8	66.7	NA	NA	NA
ENSDART00000123526	BX664622.1	1	4.1	4.1	NA	NA	NA	NA	NA	NA	NA
ENSDART00000148932	si:ch73-109d9.1	2	96.3	96.3	NA	NA	NA	NA	NA	NA	NA
ENSDART00000014632	katnb1	74	33.1	28.5	18.3	22.3	37.8	58.2	18.58	8.48	-1.13161433182
ENSDART00000062263	zfand6	418	36.5	31.9	11.8	19.8	48.3	66.4	79.24	46.52	-0.768377783416
ENSDART00000124518	C7H19orf12	7	88.4	67.5	NA	NA	NA	NA	NA	NA	NA
ENSDART00000142080	kpna1	17	61.2	45.0	10.0	23.1	103.9	121.6	NA	NA	NA
ENSDART00000062264	sdhb	131	59.1	55.2	18.9	35.0	79.3	106.1	39.22	77.7	0.986325063103
ENSDART00000062269	sos1	27	59.9	61.7	19.2	34.1	79.8	105.6	15.21	4.71	-1.69122118811
ENSDART00000142088	si:ch211-218c6.8	29	40.0	39.8	13.3	22.4	51.9	69.2	NA	NA	NA
ENSDART00000077053	plcxd3	3	32.8	33.2	NA	NA	NA	NA	NA	NA	NA
ENSDART00000129698	rps9	508	39.1	35.9	17.0	25.9	47.7	62.7	675.83	38.01	-4.15220946264
ENSDART00000061996	tmem231	33	43.1	38.0	23.6	30.9	46.8	53.5	NA	NA	NA
ENSDART00000032788	rdh8a	1	57.1	57.1	NA	NA	NA	NA	NA	NA	NA
ENSDART00000077059	anp32e	837	105.2	111.7	32.8	79.3	136.9	153.6	105.58	658.22	2.64023329226
ENSDART00000006881	ZBTB39	61	32.9	29.0	7.5	15.2	47.7	59.7	NA	NA	NA
ENSDART00000006883	hnf1ba	1	7.9	7.9	NA	NA	NA	NA	NA	NA	NA
ENSDART00000143972	rif1	1394	68.5	66.3	28.4	44.8	88.4	111.7	75.85	336.68	2.15015693686
ENSDART00000058843	krcp	475	42.8	31.8	8.5	15.3	55.1	92.0	22.94	47.87	1.0612564147
ENSDART00000113502	si:dkey-84j12.1	4	68.8	63.3	NA	NA	NA	NA	NA	NA	NA
ENSDART00000058336	arpp19b	714	23.8	20.7	6.4	13.3	31.1	44.3	74.15	29.08	-1.35041942342
ENSDART00000111254	nadka	17	44.6	44.9	25.2	31.2	51.8	68.2	NA	NA	NA
ENSDART00000058339	ap3s2	30	21.4	19.4	6.9	12.0	26.6	40.6	NA	NA	NA
ENSDART00000056649	tmem53	66	25.5	20.0	6.4	12.6	31.9	51.5	NA	NA	NA
ENSDART00000130095	tmem179	27	57.7	43.3	9.9	28.1	80.8	113.6	NA	NA	NA
ENSDART00000129542	crispld1b	2	25.0	25.0	NA	NA	NA	NA	NA	NA	NA
ENSDART00000129543	asmtl	75	32.9	30.4	6.2	16.6	44.4	64.5	NA	NA	NA
ENSDART00000082438	DLGAP2	3	19.3	21.0	NA	NA	NA	NA	NA	NA	NA
ENSDART00000124328	LPL	1	89.3	89.3	NA	NA	NA	NA	NA	NA	NA
ENSDART00000005682	actn3a	1	8.2	8.2	NA	NA	NA	NA	NA	NA	NA
ENSDART00000090528	rhoae	93	50.2	50.1	16.4	28.0	69.6	87.1	45.18	99.02	1.13203567857
ENSDART00000055504	cyc1	416	42.5	39.9	12.4	25.5	55.7	74.6	71.98	115.97	0.688083638936
ENSDART00000076399	nat10	132	72.3	69.2	34.8	51.8	95.9	116.3	32.97	104.9	1.66978888579
ENSDART00000124225	zgc:91909	6	29.2	21.3	NA	NA	NA	NA	NA	NA	NA
ENSDART00000062190	smarcb1b	18	65.0	59.2	25.7	55.4	85.4	106.7	17.04	146.05	3.09946511749
ENSDART00000150736	si:dkeyp-109b10.4	1	141.5	141.5	NA	NA	NA	NA	NA	NA	NA
ENSDART00000092479	C2H1orf123	40	34.3	32.0	13.7	19.3	45.4	58.6	NA	NA	NA
ENSDART00000110126	cacng3b	7	38.7	37.1	NA	NA	NA	NA	NA	NA	NA
ENSDART00000056640	abcf2a	1028	68.7	57.3	19.8	35.0	87.4	145.3	235.89	257.53	0.12662624326
ENSDART00000131274	tbcelb	2	50.7	50.7	NA	NA	NA	NA	NA	NA	NA
ENSDART00000058530	neurod6a	8	22.5	22.3	NA	NA	NA	NA	NA	NA	NA
ENSDART00000109791	zgc:92066	0	NA	NA	NA	NA	NA	NA	168.32	16.11	-3.38517821059
ENSDART00000057774	mrps6	12	23.1	22.6	-1.0	3.6	39.6	43.0	33.39	19.07	-0.80811124975
ENSDART00000063789	rps5	777	39.9	36.6	18.1	26.7	47.5	61.5	369.39	32.72	-3.49690015731
ENSDART00000091070	zgc:158403	8	40.2	40.0	NA	NA	NA	NA	NA	NA	NA
ENSDART00000008468	msxb	18	17.3	14.4	4.8	6.6	18.5	38.4	NA	NA	NA
ENSDART00000145681	atp6v1h	71	40.2	33.9	13.3	25.4	51.9	62.8	NA	NA	NA
ENSDART00000008310	sf3b3	39	95.7	100.2	45.9	75.5	120.1	139.8	4.32	55.99	3.69606596255
ENSDART00000126840	supt16h	166	96.4	106.2	29.9	65.7	126.5	145.8	56.06	178.13	1.66788686082
ENSDART00000126844	CABZ01050100.1	2	90.3	90.3	NA	NA	NA	NA	NA	NA	NA
ENSDART00000048675	mrps33	56	37.6	33.8	7.4	18.1	51.3	69.3	NA	NA	NA
ENSDART00000048676	prkar2aa	57	55.4	56.5	12.1	29.2	81.2	100.0	45.88	51.7	0.172298889186
ENSDART00000126849	senp6a	80	37.1	30.6	10.4	22.8	53.2	63.7	20.69	17.33	-0.2556619907
ENSDART00000114722	dennd4c	128	36.3	29.5	12.6	18.0	51.0	71.9	10.12	20.68	1.03102689562
ENSDART00000114723	RAPGEFL1	2	30.3	30.3	NA	NA	NA	NA	NA	NA	NA
ENSDART00000113116	polg2	2	32.7	32.7	NA	NA	NA	NA	NA	NA	NA
ENSDART00000114725	oscp1a	3	35.8	30.5	NA	NA	NA	NA	NA	NA	NA
ENSDART00000129898	ctsf	12	51.9	53.6	26.1	37.3	63.0	69.2	NA	NA	NA
ENSDART00000113508	FP085405.1	54	76.8	85.3	11.8	30.0	125.1	147.8	19.13	171.48	3.16413154347
ENSDART00000038929	zgc:153924	79	44.4	41.0	13.9	21.6	62.3	81.1	NA	NA	NA
ENSDART00000002741	itprip	109	36.8	30.9	8.7	15.5	46.7	63.7	NA	NA	NA
ENSDART00000073689	btr01	2	21.4	21.4	NA	NA	NA	NA	NA	NA	NA
ENSDART00000079549	tpte	55	34.4	35.2	12.3	19.4	46.3	58.0	NA	NA	NA
ENSDART00000004087	kif21a	2	87.9	87.9	NA	NA	NA	NA	NA	NA	NA
ENSDART00000086935	MARCH4	15	38.6	41.6	8.4	20.3	58.7	67.2	NA	NA	NA
ENSDART00000140012	ca8	1	30.4	30.4	NA	NA	NA	NA	NA	NA	NA
ENSDART00000076097	sfi1	42	24.8	23.1	9.3	16.0	33.1	40.9	21.86	0.68	-5.00661484442
ENSDART00000029521	asrgl1	45	33.2	28.2	10.5	22.2	48.3	60.0	NA	NA	NA
ENSDART00000090306	xpr1	11	32.6	31.1	0.7	12.5	43.9	54.6	NA	NA	NA
ENSDART00000006085	cbl	99	37.3	25.6	6.6	15.2	53.5	86.3	NA	NA	NA
ENSDART00000128940	mlpha	1	31.6	31.6	NA	NA	NA	NA	NA	NA	NA
ENSDART00000134340	GRIK5	2	58.5	58.5	NA	NA	NA	NA	NA	NA	NA
ENSDART00000104444	slmapa	167	42.7	41.0	10.2	21.9	59.7	78.8	45.38	20.73	-1.13033649256
ENSDART00000025501	zgc:56072	39	29.3	26.0	0.8	15.7	36.0	62.9	53.46	46.08	-0.214319120801
ENSDART00000061886	sema3ab	4	25.5	20.5	NA	NA	NA	NA	NA	NA	NA
ENSDART00000002217	CABZ01071407.1	1	35.5	35.5	NA	NA	NA	NA	NA	NA	NA
ENSDART00000135353	C8H1orf222	1	54.9	54.9	NA	NA	NA	NA	NA	NA	NA
ENSDART00000064112	glrx5	278	32.0	27.3	7.7	15.4	42.0	65.3	83.71	126.77	0.598741490867
ENSDART00000135359	macc1	79	35.5	18.3	6.2	11.1	33.7	80.4	NA	NA	NA
ENSDART00000114582	BX511086.1	12	15.4	11.4	2.7	6.1	22.9	28.4	NA	NA	NA
ENSDART00000145538	zgc:193505	1	94.1	94.1	NA	NA	NA	NA	NA	NA	NA
ENSDART00000052346	gnao1b	1	104.4	104.4	NA	NA	NA	NA	NA	NA	NA
ENSDART00000052345	tradd	126	23.9	22.1	7.1	13.6	33.5	42.6	NA	NA	NA
ENSDART00000052342	thap11	142	25.8	20.7	5.6	11.8	29.9	50.7	20.99	11.91	-0.817528753428
ENSDART00000101406	rab39b	1	75.9	75.9	NA	NA	NA	NA	NA	NA	NA
ENSDART00000052439	CU929089.1	23	45.1	33.6	15.3	21.3	61.1	91.1	NA	NA	NA
ENSDART00000124167	vcl	4	123.9	132.1	NA	NA	NA	NA	NA	NA	NA
ENSDART00000052349	ogfod1	92	21.8	21.5	5.0	12.0	32.6	38.6	NA	NA	NA
ENSDART00000100254	atp6v0d1	83	22.5	19.5	5.3	11.1	28.7	40.7	NA	NA	NA
ENSDART00000104420	samm50	179	26.8	22.8	6.5	14.1	37.0	53.4	NA	NA	NA
ENSDART00000043507	C19H1orf51	243	36.1	32.7	8.0	18.1	48.8	69.7	NA	NA	NA
ENSDART00000149685	gnao1a	57	24.0	22.8	6.8	11.5	33.4	46.2	NA	NA	NA
ENSDART00000027982	col14a1a	2	83.8	83.8	NA	NA	NA	NA	NA	NA	NA
ENSDART00000149687	si:dkey-16n15.6	2	87.6	87.6	NA	NA	NA	NA	NA	NA	NA
ENSDART00000080396	foxj2	18	28.5	20.9	6.5	13.5	34.2	60.4	NA	NA	NA
ENSDART00000080395	golga7	487	48.5	45.2	7.0	22.0	72.0	94.2	59.68	315.33	2.40154299158
ENSDART00000144335	cyp27c1	1	50.8	50.8	NA	NA	NA	NA	NA	NA	NA
ENSDART00000045659	tcp11l1	118	67.7	66.9	28.7	44.4	92.2	108.1	NA	NA	NA
ENSDART00000080391	sprn2	1	38.8	38.8	NA	NA	NA	NA	NA	NA	NA
ENSDART00000104791	zgc:153722	15	62.4	32.6	15.5	23.5	82.4	94.3	NA	NA	NA
ENSDART00000049109	seta	333	95.6	99.3	32.2	65.9	124.9	148.9	143.93	659.52	2.19604907892
ENSDART00000013497	mylipa	799	27.5	23.5	7.4	13.9	35.8	51.9	77.06	24.3	-1.66502587217
ENSDART00000123237	fam8a1	52	28.3	27.1	10.6	16.4	35.8	51.3	NA	NA	NA
ENSDART00000022051	gins1	87	39.1	36.5	10.6	22.6	53.1	68.6	NA	NA	NA
ENSDART00000085913	btbd2	36	28.2	27.6	11.9	14.6	34.4	48.7	NA	NA	NA
ENSDART00000016464	dcps	287	49.1	43.4	16.2	27.1	67.6	89.0	31.15	282.26	3.17972062582
ENSDART00000085917	BTBD2	117	31.7	27.1	10.2	18.3	43.2	56.8	NA	NA	NA
ENSDART00000111290	CZv9_NA429H14orf28	17	43.2	33.6	11.3	17.3	52.5	89.9	NA	NA	NA
ENSDART00000111294	zgc:174315	25	46.7	37.4	10.3	13.1	74.7	102.8	NA	NA	NA
ENSDART00000148486	scaf11	125	93.9	101.7	30.6	63.8	127.9	145.3	26.97	107.57	1.99584835673
ENSDART00000108469	spata2l	32	38.3	32.4	6.7	16.4	54.3	76.3	NA	NA	NA
ENSDART00000135762	btr22	73	29.5	24.9	11.0	17.5	37.4	53.5	NA	NA	NA
ENSDART00000148333	nle1	50	57.6	56.0	17.2	34.7	70.6	96.2	8.96	45.29	2.33762190199
ENSDART00000089144	vps51	159	40.3	35.4	12.0	21.9	53.6	67.2	NA	NA	NA
ENSDART00000152935	mkl1b	6	15.2	17.1	NA	NA	NA	NA	NA	NA	NA
ENSDART00000122540	aldh7a1	121	23.9	19.0	6.5	10.9	28.6	48.7	44.52	12.9	-1.78708252703
ENSDART00000026879	CABZ01068208.1	7	75.0	65.3	NA	NA	NA	NA	NA	NA	NA
ENSDART00000021218	rpe	57	32.3	26.3	11.0	17.8	43.2	64.7	NA	NA	NA
ENSDART00000122546	CT583700.1	2	36.1	36.1	NA	NA	NA	NA	NA	NA	NA
ENSDART00000067288	adal	10	20.6	14.0	6.2	9.3	30.9	42.2	NA	NA	NA
ENSDART00000031470	pafah1b1b	198	29.6	25.3	5.6	13.0	37.7	59.8	35.55	21.88	-0.700236821714
ENSDART00000021060	eaf2	326	81.2	77.8	34.6	55.4	106.3	126.7	NA	NA	NA
ENSDART00000078140	vps26a	190	27.2	22.5	5.2	11.9	39.0	48.4	NA	NA	NA
ENSDART00000021062	slc9a8	100	30.2	22.2	7.5	12.5	41.5	63.8	NA	NA	NA
ENSDART00000006622	kat6a	36	41.2	34.6	1.7	12.9	68.2	88.7	14.18	27.53	0.957147077356
ENSDART00000115187	LRRC29	17	26.9	21.8	8.9	16.5	35.9	51.9	NA	NA	NA
ENSDART00000021069	rpl38	1390	40.9	36.8	16.9	27.4	47.7	63.5	924.8	43.47	-4.41104939711
ENSDART00000097827	AL929007.2	3	47.1	27.4	NA	NA	NA	NA	NA	NA	NA
ENSDART00000111740	CU459094.3	40	23.8	21.9	5.7	14.0	36.1	39.4	NA	NA	NA
ENSDART00000104774	tmbim1	145	89.7	94.6	38.8	66.7	115.9	134.5	NA	NA	NA
ENSDART00000039415	nup153	346	33.2	26.9	6.8	13.8	47.1	67.1	23.72	55.6	1.22898087306
ENSDART00000025183	CABZ01064447.1	26	35.2	25.3	7.5	18.0	43.4	65.8	25.68	10.48	-1.29300648558
ENSDART00000148154	stx2a	1	19.9	19.9	NA	NA	NA	NA	NA	NA	NA
ENSDART00000111603	zgc:174697	53	72.2	62.1	20.7	37.4	97.4	137.8	NA	NA	NA
ENSDART00000111604	atr	26	45.6	32.0	12.6	23.8	54.0	78.5	NA	NA	NA
ENSDART00000111605	STAC	5	32.1	21.5	NA	NA	NA	NA	NA	NA	NA
ENSDART00000064111	faub	638	50.5	49.1	17.8	33.0	66.8	81.1	249.52	403.47	0.693305948119
ENSDART00000147468	bdh1	3	54.3	60.8	NA	NA	NA	NA	NA	NA	NA
ENSDART00000111325	CU179656.1	7	58.0	60.7	NA	NA	NA	NA	1.92	1.4	-0.455679483776
ENSDART00000140303	NYNRIN	2	41.1	41.1	NA	NA	NA	NA	NA	NA	NA
ENSDART00000061173	hsdl1	19	59.5	55.7	21.7	46.0	73.9	97.9	NA	NA	NA
ENSDART00000147467	tmem243a	49	29.4	25.7	11.9	14.4	45.4	57.7	NA	NA	NA
ENSDART00000102268	pcsk7	0	NA	NA	NA	NA	NA	NA	22.51	6.67	-1.75480739027
ENSDART00000080958	zgc:113279	1	56.5	56.5	NA	NA	NA	NA	NA	NA	NA
ENSDART00000129993	CR450793.1	12	54.9	37.1	11.1	26.0	63.7	122.2	NA	NA	NA
ENSDART00000058737	cdc42l	198	98.5	93.1	33.8	63.8	139.7	166.8	73.91	379.53	2.36037244929
ENSDART00000045901	rps10	389	49.9	47.2	28.5	37.6	59.1	74.4	356.18	84.7	-2.07217263472
ENSDART00000098864	si:ch211-288d18.1	2	85.2	85.2	NA	NA	NA	NA	NA	NA	NA
ENSDART00000060597	sox32	9	35.1	28.3	NA	NA	NA	NA	NA	NA	NA
ENSDART00000064097	ntm	39	35.6	30.0	12.0	17.5	54.6	65.0	NA	NA	NA
ENSDART00000137030	apba1a	22	40.2	32.9	13.8	19.0	61.2	72.0	NA	NA	NA
ENSDART00000123495	cacnb2b	13	46.3	52.3	17.1	21.0	58.4	77.5	NA	NA	NA
ENSDART00000123496	rhobtb2b	5	29.4	33.5	NA	NA	NA	NA	NA	NA	NA
ENSDART00000123497	cry3	165	32.2	29.0	6.2	16.5	42.3	57.8	NA	NA	NA
ENSDART00000138496	rad54b	140	27.5	21.5	5.3	13.0	39.9	55.9	NA	NA	NA
ENSDART00000078557	polr2gl	57	69.4	50.3	7.1	20.0	101.2	156.5	35.42	527.47	3.89645292528
ENSDART00000121892	smad2	499	39.6	35.5	12.0	21.5	54.8	73.4	NA	NA	NA
ENSDART00000014028	ppm1db	123	29.2	25.6	7.0	11.8	39.5	56.4	NA	NA	NA
ENSDART00000082664	sbf2	51	26.9	26.4	4.1	10.7	37.7	46.3	NA	NA	NA
ENSDART00000014021	slc25a39	131	24.8	19.3	7.4	11.4	32.6	46.4	24.02	4.49	-2.41944880096
ENSDART00000046902	pdcd10a	106	46.4	40.6	19.6	28.0	58.2	79.8	64.26	75.04	0.223738847044
ENSDART00000046903	mylka	1	30.2	30.2	NA	NA	NA	NA	NA	NA	NA
ENSDART00000030125	znhit3	53	27.4	23.3	8.0	14.1	37.4	47.5	NA	NA	NA
ENSDART00000012493	rap2ip	30	54.3	58.5	23.1	31.2	65.5	79.7	NA	NA	NA
ENSDART00000028617	mpc2	76	52.4	50.9	19.7	33.7	68.4	91.3	NA	NA	NA
ENSDART00000056432	zswim8	90	22.6	18.9	2.8	10.1	31.0	51.7	12.92	1.19	-3.44057259139
ENSDART00000074428	fgfrl1b	1	83.9	83.9	NA	NA	NA	NA	NA	NA	NA
ENSDART00000064896	gnat1	1	75.1	75.1	NA	NA	NA	NA	NA	NA	NA
ENSDART00000074422	CDIP1	41	36.3	29.4	14.8	18.8	46.0	61.0	NA	NA	NA
ENSDART00000146468	ccdc132	81	40.0	35.4	9.7	17.8	62.2	74.4	NA	NA	NA
ENSDART00000126205	st6gal1	12	43.5	40.9	19.0	30.5	45.2	85.4	NA	NA	NA
ENSDART00000074426	lig3	19	67.9	67.8	27.1	46.8	91.4	108.9	6.0	61.64	3.36083245602
ENSDART00000136234	UBAP2	663	61.6	59.3	22.5	38.0	80.0	98.9	94.33	78.44	-0.266127132169
ENSDART00000074425	nkx2.2b	1	4.6	4.6	NA	NA	NA	NA	NA	NA	NA
ENSDART00000123825	fbxw10	61	33.8	34.2	14.2	20.3	41.9	57.1	NA	NA	NA
ENSDART00000113936	SAMD8	101	23.4	21.1	3.7	12.2	28.8	43.0	NA	NA	NA
ENSDART00000113937	hsd17b3	1	43.3	43.3	NA	NA	NA	NA	NA	NA	NA
ENSDART00000123820	tmem135	47	42.1	38.1	6.3	19.9	57.6	81.2	NA	NA	NA
ENSDART00000149600	tpp1	249	46.7	43.1	14.0	26.6	62.6	82.0	19.14	74.16	1.95405041414
ENSDART00000113938	spag9a	12	38.6	34.1	11.0	16.8	52.4	71.4	NA	NA	NA
ENSDART00000100479	slc7a9	2	29.9	29.9	NA	NA	NA	NA	NA	NA	NA
ENSDART00000050457	zgc:65895	2	21.1	21.1	NA	NA	NA	NA	NA	NA	NA
ENSDART00000124369	PHTF1	81	37.0	28.6	12.0	18.6	48.8	67.1	11.96	5.65	-1.0818946169
ENSDART00000123266	CABZ01076817.1	1	22.4	22.4	NA	NA	NA	NA	NA	NA	NA
ENSDART00000105103	bcmo1a	40	29.3	26.7	9.1	18.9	35.5	44.8	NA	NA	NA
ENSDART00000038315	nvl	9	47.1	47.5	NA	NA	NA	NA	44.92	29.87	-0.58866069009
ENSDART00000038310	ormdl3	77	38.2	32.0	8.3	17.4	57.6	77.8	NA	NA	NA
ENSDART00000093021	si:ch1073-219n12.1	22	61.7	69.9	22.7	32.0	83.1	96.0	5.3	16.73	1.65837318059
ENSDART00000110964	bag6	94	65.8	67.3	27.3	39.6	86.2	106.1	14.32	43.54	1.60430991492
ENSDART00000134987	si:ch211-156j16.1	1	38.4	38.4	NA	NA	NA	NA	NA	NA	NA
ENSDART00000034802	APOLD1	7	43.2	32.0	NA	NA	NA	NA	NA	NA	NA
ENSDART00000138492	irf4b	1	94.1	94.1	NA	NA	NA	NA	NA	NA	NA
ENSDART00000085943	taok3a	121	44.6	38.2	11.2	18.6	63.1	88.7	26.82	21.06	-0.348803800879
ENSDART00000102328	pfkfb2a	50	26.2	23.9	13.1	16.4	33.3	45.9	NA	NA	NA
ENSDART00000106120	ywhag2	1	155.9	155.9	NA	NA	NA	NA	NA	NA	NA
ENSDART00000083848	HYAL1	1	34.3	34.3	NA	NA	NA	NA	NA	NA	NA
ENSDART00000003001	rpl23a	625	51.9	46.0	26.2	34.8	58.5	70.7	498.45	19.16	-4.70127932756
ENSDART00000020824	pank1b	173	30.4	23.2	6.7	15.2	42.5	62.3	NA	NA	NA
ENSDART00000040434	asah1b	3	29.7	32.5	NA	NA	NA	NA	NA	NA	NA
ENSDART00000129156	adcy7	2	67.9	67.9	NA	NA	NA	NA	NA	NA	NA
ENSDART00000013553	zgc:100868	3	10.7	13.4	NA	NA	NA	NA	NA	NA	NA
ENSDART00000126674	trip4	81	56.3	53.3	27.2	37.3	71.2	88.6	30.83	61.43	0.994608493857
ENSDART00000066331	svila	195	20.9	18.7	4.3	9.6	29.7	42.7	NA	NA	NA
ENSDART00000129150	CABZ01066957.1	22	22.7	18.1	-0.3	9.5	28.0	53.5	NA	NA	NA
ENSDART00000100877	C13H10orf53	2	48.0	48.0	NA	NA	NA	NA	NA	NA	NA
ENSDART00000092264	rev3l	24	52.3	41.3	6.9	30.6	86.1	105.7	11.67	7.27	-0.682777291788
ENSDART00000151847	arid4a	93	27.1	20.6	4.7	12.4	34.2	58.8	83.42	15.29	-2.44780490553
ENSDART00000043802	uspl1	163	27.3	19.3	6.6	12.1	36.0	57.3	15.99	3.29	-2.28101044975
ENSDART00000149546	myo15aa	4	21.3	22.3	NA	NA	NA	NA	NA	NA	NA
ENSDART00000055161	cox6b2	115	30.8	23.5	5.2	15.4	37.5	66.6	60.3	55.48	-0.120190214464
ENSDART00000093248	CABZ01088930.1	4	20.2	15.0	NA	NA	NA	NA	NA	NA	NA
ENSDART00000077336	nkrf	145	47.8	42.1	12.8	26.7	64.1	91.3	38.46	94.6	1.29848142089
ENSDART00000093240	zgc:162913	22	28.3	25.4	11.8	18.2	38.9	47.9	NA	NA	NA
ENSDART00000057565	C13H6orf57	24	39.0	26.4	9.5	16.5	47.0	108.8	NA	NA	NA
ENSDART00000043881	zgc:77880	78	26.1	21.8	8.9	14.1	31.2	44.8	NA	NA	NA
ENSDART00000009214	grb2a	39	33.4	27.1	9.8	16.0	37.9	60.5	NA	NA	NA
ENSDART00000009217	ddx11	48	36.2	29.9	10.4	18.0	45.3	65.4	NA	NA	NA
ENSDART00000040538	add3a	89	51.7	47.2	14.1	26.5	69.9	96.5	11.76	63.21	2.4262647547
ENSDART00000148278	klf11a	1	33.8	33.8	NA	NA	NA	NA	NA	NA	NA
ENSDART00000054690	st3gal5	96	30.6	25.0	6.1	12.2	49.0	63.8	74.24	36.56	-1.02193064007
ENSDART00000143765	gorab	123	37.2	33.1	10.1	18.6	48.3	63.1	36.78	55.26	0.587314082401
ENSDART00000045015	gnb4b	15	49.3	34.3	8.3	17.9	79.0	85.3	NA	NA	NA
ENSDART00000040534	rgs12a	6	52.5	47.5	NA	NA	NA	NA	NA	NA	NA
ENSDART00000139852	foxq1b	14	12.5	11.0	4.8	6.6	15.8	22.1	NA	NA	NA
ENSDART00000066590	rdh12l	8	33.4	30.7	NA	NA	NA	NA	NA	NA	NA
ENSDART00000109493	TSHZ2	27	32.0	28.0	5.5	8.8	47.9	69.6	NA	NA	NA
ENSDART00000109494	C12H10orf2	24	17.3	12.2	5.3	7.6	20.6	39.9	11.91	1.2	-3.31106710226
ENSDART00000134576	GSG2	144	26.9	20.3	7.7	11.9	34.8	54.3	33.77	9.06	-1.89815922396
ENSDART00000139855	g3bp1	1128	60.6	57.6	20.9	36.8	79.6	102.1	133.69	472.13	1.82029260132
ENSDART00000139859	itga10	1	56.5	56.5	NA	NA	NA	NA	NA	NA	NA
ENSDART00000057458	CABZ01088149.1	1	135.7	135.7	NA	NA	NA	NA	NA	NA	NA
ENSDART00000057459	trim35-24	2	16.5	16.5	NA	NA	NA	NA	NA	NA	NA
ENSDART00000013082	st8sia2	54	37.0	34.3	10.0	15.9	55.8	70.1	NA	NA	NA
ENSDART00000130407	snrpd3l	426	87.7	88.3	49.5	69.2	107.2	124.8	162.69	577.8	1.82844462772
ENSDART00000138186	trpv4	34	45.7	30.7	8.5	19.4	68.2	103.8	NA	NA	NA
ENSDART00000076066	lin37	108	38.0	36.4	11.6	23.4	46.9	62.1	121.91	116.98	-0.0595545776134
ENSDART00000138182	araf	12	62.5	67.6	34.1	41.7	80.7	93.9	NA	NA	NA
ENSDART00000079042	copb1	321	62.7	62.0	24.6	41.5	77.8	98.2	37.52	175.4	2.22491701482
ENSDART00000005217	alas1	266	51.2	48.1	16.5	27.9	70.1	90.2	146.54	60.69	-1.27176379506
ENSDART00000114524	nop56	506	84.4	83.2	33.0	54.4	109.0	135.2	300.66	369.23	0.296386833361
ENSDART00000090494	golga3	85	39.5	39.4	8.1	19.9	59.6	70.3	12.27	15.0	0.28982725172
ENSDART00000110719	foxred2	2	119.8	119.8	NA	NA	NA	NA	NA	NA	NA
ENSDART00000112182	fam20a	1	9.2	9.2	NA	NA	NA	NA	NA	NA	NA
ENSDART00000112183	CABZ01060331.1	211	30.5	27.1	6.8	14.1	44.7	59.0	26.66	31.2	0.226869248661
ENSDART00000023293	kcnk5b	18	46.6	49.5	10.4	21.3	72.1	86.0	NA	NA	NA
ENSDART00000077191	arl2	76	35.1	29.0	8.9	17.8	46.4	62.5	NA	NA	NA
ENSDART00000137980	med19b	13	36.1	24.7	6.1	18.5	38.8	81.1	NA	NA	NA
ENSDART00000077197	tmsb	5	77.8	62.3	NA	NA	NA	NA	NA	NA	NA
ENSDART00000148011	cby1	22	51.8	49.7	-2.0	30.3	65.9	104.7	NA	NA	NA
ENSDART00000101474	rbm38	235	53.9	51.3	17.1	31.8	74.7	92.9	NA	NA	NA
ENSDART00000021666	rtca	25	15.5	11.5	-7.6	-5.3	24.2	51.9	22.9	92.24	2.01004491467
ENSDART00000021664	cldnb	51	30.5	18.5	5.1	8.6	35.5	80.6	NA	NA	NA
ENSDART00000101479	ddx43	85	87.8	94.4	30.8	63.7	115.3	135.9	30.74	92.57	1.59042755693
ENSDART00000045488	ck2a2b	142	27.8	23.1	9.3	15.6	35.9	51.7	38.76	10.14	-1.93451091841
ENSDART00000043316	katna1	172	28.4	22.6	10.9	16.7	36.6	50.1	NA	NA	NA
ENSDART00000058459	rspo1	6	22.8	14.5	NA	NA	NA	NA	NA	NA	NA
ENSDART00000109672	mical2b	3	10.9	9.8	NA	NA	NA	NA	NA	NA	NA
ENSDART00000109673	tirap	6	13.5	13.0	NA	NA	NA	NA	NA	NA	NA
ENSDART00000058457	ST7	180	37.5	35.8	10.9	17.7	54.1	66.3	41.5	6.46	-2.68350526643
ENSDART00000109678	USP38	112	55.0	45.9	12.8	30.5	69.6	106.7	9.91	56.01	2.49872746576
ENSDART00000085942	CU915738.1	211	60.7	58.8	14.5	35.2	79.8	108.6	NA	NA	NA
ENSDART00000105322	C17H10orf137	93	51.5	42.5	14.5	27.7	67.5	83.8	20.4	42.12	1.04593628417
ENSDART00000130665	ttll3	3	41.4	33.1	NA	NA	NA	NA	NA	NA	NA
ENSDART00000054078	rpa2	47	23.4	22.4	6.2	10.2	31.6	49.4	36.22	72.39	0.999003869987
ENSDART00000135299	tmem11	228	49.2	48.1	19.9	30.5	66.4	85.2	98.35	107.83	0.132761656744
ENSDART00000132916	SCFD2	16	85.1	96.4	28.4	43.5	122.4	125.7	NA	NA	NA
ENSDART00000142418	sgms1	61	23.8	20.3	8.9	12.9	29.0	44.4	NA	NA	NA
ENSDART00000100788	commd1	21	40.4	39.7	22.1	32.3	49.7	59.3	NA	NA	NA
ENSDART00000035693	ppp4r2a	172	73.0	72.3	18.4	44.7	103.4	117.2	39.43	359.12	3.18710038581
ENSDART00000097566	itpkcb	126	52.3	48.3	8.9	27.8	72.2	101.3	NA	NA	NA
ENSDART00000092047	ppwd1	15	48.7	46.4	28.4	32.6	61.6	74.1	5.73	10.16	0.826293358015
ENSDART00000089916	edaradd	7	36.0	8.9	NA	NA	NA	NA	NA	NA	NA
ENSDART00000110715	cmbl	3	50.2	63.1	NA	NA	NA	NA	NA	NA	NA
ENSDART00000142147	dnal4b	51	53.0	48.1	17.5	24.5	76.3	91.8	NA	NA	NA
ENSDART00000023747	thrap3b	157	80.5	71.9	18.1	38.3	121.4	145.9	52.48	114.18	1.12147034238
ENSDART00000112453	pikfyve	18	26.6	19.2	11.4	15.3	28.5	48.8	NA	NA	NA
ENSDART00000150991	uqcrb	207	37.2	29.1	12.1	17.6	43.5	64.1	105.66	25.85	-2.03119312935
ENSDART00000077850	galnt12	52	38.0	37.1	5.5	20.4	54.0	66.1	NA	NA	NA
ENSDART00000039204	trim25l	6	39.8	36.2	NA	NA	NA	NA	NA	NA	NA
ENSDART00000125326	si:ch211-107o23.1	76	52.4	50.8	17.1	31.5	73.2	85.3	NA	NA	NA
ENSDART00000144813	march8	53	32.0	26.2	6.5	14.1	45.4	68.7	NA	NA	NA
ENSDART00000144812	tubgcp5	105	25.7	23.1	6.3	12.6	35.1	51.2	NA	NA	NA
ENSDART00000101000	zgc:172049	65	37.3	33.2	9.6	17.7	42.6	61.1	NA	NA	NA
ENSDART00000080762	CU928061.2	4	75.3	67.4	NA	NA	NA	NA	59.47	95.98	0.69057173734
ENSDART00000006439	ext1a	33	63.8	69.0	22.9	36.0	81.8	105.3	NA	NA	NA
ENSDART00000021299	nmd3	157	35.5	31.5	15.2	22.8	44.3	62.6	30.46	45.54	0.580218349649
ENSDART00000021298	asb3	77	35.4	36.8	13.4	20.5	48.5	57.1	25.63	12.65	-1.01869609371
ENSDART00000006436	pink1	75	28.8	20.5	8.9	13.7	36.3	62.1	NA	NA	NA
ENSDART00000111198	CCDC88A	15	64.5	75.3	22.3	42.6	88.7	96.0	8.51	1.18	-2.85037227232
ENSDART00000091533	clk2a	9	35.9	18.0	NA	NA	NA	NA	NA	NA	NA
ENSDART00000091241	si:ch73-22o12.1	20	30.4	33.2	-1.8	5.8	50.5	67.4	NA	NA	NA
ENSDART00000111193	CNTNAP5	6	41.1	31.0	NA	NA	NA	NA	NA	NA	NA
ENSDART00000111194	nms	3	39.7	42.2	NA	NA	NA	NA	NA	NA	NA
ENSDART00000111836	pan2	151	60.8	57.9	17.7	33.1	80.5	103.5	9.14	39.64	2.11669089213
ENSDART00000091249	CU928061.1	2	32.2	32.2	NA	NA	NA	NA	NA	NA	NA
ENSDART00000017709	ccdc82	200	30.5	27.2	8.9	17.4	40.8	52.5	78.69	74.56	-0.0777784483319
ENSDART00000133405	ripply1	1	21.1	21.1	NA	NA	NA	NA	NA	NA	NA
ENSDART00000062525	acbd3	134	51.1	49.9	10.5	24.0	75.2	93.7	41.57	112.14	1.43168632184
ENSDART00000132808	nanp	3	56.0	53.9	NA	NA	NA	NA	NA	NA	NA
ENSDART00000127675	LURAP1	1	49.7	49.7	NA	NA	NA	NA	NA	NA	NA
ENSDART00000127671	CABZ01063077.1	1	52.9	52.9	NA	NA	NA	NA	NA	NA	NA
ENSDART00000060304	dhrs13a.3	6	69.2	41.6	NA	NA	NA	NA	NA	NA	NA
ENSDART00000053756	CABZ01076234.1	1	30.8	30.8	NA	NA	NA	NA	NA	NA	NA
ENSDART00000046689	tmed3	15	34.4	34.2	9.0	11.8	45.6	63.2	NA	NA	NA
ENSDART00000053754	has2	146	94.9	96.1	21.2	44.2	143.4	169.4	NA	NA	NA
ENSDART00000131137	arhgef16	27	63.8	58.9	30.7	44.0	83.2	94.1	12.4	14.78	0.253306148872
ENSDART00000112956	slc9a6b	12	30.1	27.4	13.2	19.1	34.6	53.2	NA	NA	NA
ENSDART00000131132	scfd2	16	85.1	96.4	28.4	43.5	122.4	125.7	NA	NA	NA
ENSDART00000148743	hhat	19	36.5	31.5	-3.6	20.1	52.5	72.9	NA	NA	NA
ENSDART00000024615	RNPEPL1	111	33.2	23.7	7.5	15.0	44.8	72.6	NA	NA	NA
ENSDART00000042376	snapc1a	32	39.6	36.7	16.9	23.4	49.5	69.7	NA	NA	NA
ENSDART00000139323	znrd1	91	32.5	20.8	7.8	11.9	33.2	63.7	53.92	9.31	-2.53396742362
ENSDART00000004664	tram1	188	57.1	55.4	16.2	38.7	76.8	94.7	65.85	314.47	2.25566704698
ENSDART00000139329	cry-dash	272	52.0	48.9	17.4	32.5	68.0	87.0	NA	NA	NA
ENSDART00000054909	gss	31	49.5	50.1	21.3	29.0	63.6	87.6	NA	NA	NA
ENSDART00000045754	grtp1b	7	44.4	59.6	NA	NA	NA	NA	NA	NA	NA
ENSDART00000127728	PEBP4	6	19.7	13.1	NA	NA	NA	NA	NA	NA	NA
ENSDART00000008589	chp2	58	49.5	41.3	12.9	21.1	70.2	108.8	NA	NA	NA
ENSDART00000113325	ube2j2	190	25.4	20.3	7.6	11.9	32.1	53.0	31.95	46.0	0.525817929997
ENSDART00000114111	PHF13	26	34.1	32.5	10.2	16.4	43.0	77.7	NA	NA	NA
ENSDART00000114449	si:ch211-89o9.6	44	30.4	26.3	13.6	18.6	38.2	51.9	20.28	13.96	-0.538758710794
ENSDART00000121537	AL935272.2	8	30.5	30.2	NA	NA	NA	NA	NA	NA	NA
ENSDART00000054243	dpf2l	104	71.1	59.8	24.0	34.5	96.9	139.8	15.43	113.15	2.87442661758
ENSDART00000121531	mat2aa	1251	46.7	40.8	12.4	21.9	64.9	89.1	44.41	702.23	3.98298715456
ENSDART00000110351	CABZ01079192.1	4	34.9	29.1	NA	NA	NA	NA	NA	NA	NA
ENSDART00000035031	sgk1	75	21.8	20.0	5.4	11.2	30.8	42.3	NA	NA	NA
ENSDART00000024900	zgc:165453	5	60.7	62.1	NA	NA	NA	NA	NA	NA	NA
ENSDART00000110356	TTC9	1	47.0	47.0	NA	NA	NA	NA	NA	NA	NA
ENSDART00000110359	vps13a	75	64.2	60.7	15.4	36.4	90.8	114.7	11.93	10.3	-0.211949705625
ENSDART00000110358	wu:fb11h05	5	38.8	38.7	NA	NA	NA	NA	NA	NA	NA
ENSDART00000103982	nfe2l1a	5	99.5	100.3	NA	NA	NA	NA	NA	NA	NA
ENSDART00000127241	EXD1	98	38.0	37.1	11.5	20.3	52.9	64.7	37.56	21.83	-0.782884932663
ENSDART00000144804	mxra7	42	54.2	47.8	19.5	26.8	78.1	94.6	NA	NA	NA
ENSDART00000149149	zfx	110	33.1	21.1	7.3	13.7	43.7	69.7	23.86	3.55	-2.7487031133
ENSDART00000123007	CU929143.1	164	73.2	67.5	27.7	45.4	101.5	126.5	8.99	4.4	-1.03081759199
ENSDART00000123550	PTP4A2	70	69.1	62.8	13.9	39.6	97.1	124.1	121.42	16.18	-2.90772256542
ENSDART00000123001	ergic1	106	39.2	30.3	8.1	14.9	57.5	84.7	NA	NA	NA
ENSDART00000126072	CABZ01100267.1	5	35.6	39.6	NA	NA	NA	NA	NA	NA	NA
ENSDART00000016614	dlst	244	59.1	57.5	25.6	39.1	78.6	93.0	46.61	90.08	0.950567314541
ENSDART00000016616	arl5c	112	51.8	34.3	12.6	21.7	78.8	104.7	30.29	57.84	0.933225974156
ENSDART00000126079	chtopa	193	78.9	84.4	17.6	48.5	111.2	131.1	206.78	684.51	1.72697496468
ENSDART00000115249	ABCC10	48	61.1	62.4	25.8	37.2	74.7	97.4	19.99	9.85	-1.0210828424
ENSDART00000123009	si:dkeyp-72e1.9	1	42.1	42.1	NA	NA	NA	NA	NA	NA	NA
ENSDART00000016612	spop	11	24.2	23.4	8.2	11.2	28.6	50.4	NA	NA	NA
ENSDART00000000876	nr4a1	91	46.3	42.1	11.4	25.2	67.2	79.8	NA	NA	NA
ENSDART00000100204	slc8a3	1	8.9	8.9	NA	NA	NA	NA	NA	NA	NA
ENSDART00000138170	plscr3a	1	90.7	90.7	NA	NA	NA	NA	NA	NA	NA
ENSDART00000150148	slc7a6	92	55.8	50.7	17.0	26.9	77.3	108.3	NA	NA	NA
ENSDART00000150149	tdp1	16	34.5	28.9	6.0	11.0	50.2	65.2	NA	NA	NA
ENSDART00000110167	rpap1	68	34.8	32.3	14.3	19.0	47.7	60.6	NA	NA	NA
ENSDART00000017536	cnot1	99	97.2	98.5	28.1	46.7	133.8	166.3	15.58	74.43	2.25618900255
ENSDART00000110746	blm	52	22.3	19.1	7.4	14.4	29.3	37.1	14.68	3.44	-2.09337149814
ENSDART00000066477	dkk1b	24	31.0	24.2	8.5	10.4	34.9	72.2	NA	NA	NA
ENSDART00000038120	CACUL1	99	84.5	88.2	25.3	65.4	111.4	125.0	NA	NA	NA
ENSDART00000038128	mcts1	149	42.3	40.3	10.4	23.3	58.4	73.4	43.82	57.14	0.382911551946
ENSDART00000110748	si:dkey-25o1.3	1	5.5	5.5	NA	NA	NA	NA	NA	NA	NA
ENSDART00000098229	psmd7	164	73.1	71.8	31.6	50.6	88.1	112.7	41.44	120.39	1.53861965381
ENSDART00000144672	paxip1	330	44.0	39.0	8.0	17.1	63.4	85.8	42.28	81.03	0.938480763847
ENSDART00000101918	PROCA1	2	196.6	196.6	NA	NA	NA	NA	NA	NA	NA
ENSDART00000034639	ugt2a4	28	39.6	33.9	13.0	19.2	52.7	68.8	NA	NA	NA
ENSDART00000106336	CPEB2	1	22.6	22.6	NA	NA	NA	NA	NA	NA	NA
ENSDART00000075299	zgc:153911	51	68.7	55.9	17.2	38.0	96.9	133.5	NA	NA	NA
ENSDART00000075744	aldob	133	122.1	122.0	75.4	94.5	142.9	172.0	NA	NA	NA
ENSDART00000130987	rps17	1885	38.7	37.3	19.0	26.6	49.1	58.4	1127.03	19.96	-5.81927038769
ENSDART00000130980	TMEM240	3	82.0	59.2	NA	NA	NA	NA	NA	NA	NA
ENSDART00000075743	eprs	259	54.1	49.6	19.0	30.2	67.4	88.8	37.24	70.09	0.912355551374
ENSDART00000105588	pcdh1b	1	22.2	22.2	NA	NA	NA	NA	NA	NA	NA
ENSDART00000130955	ppp1cb	206	26.7	23.9	7.7	13.0	34.1	49.6	17.21	12.26	-0.489288118349
ENSDART00000012918	psmd9	32	47.8	47.5	20.0	30.9	59.2	73.2	NA	NA	NA
ENSDART00000012919	ift57	22	23.8	19.2	6.1	13.8	36.6	40.8	16.11	4.46	-1.85284087879
ENSDART00000105583	nat9	12	67.1	36.9	10.0	17.3	73.2	108.5	NA	NA	NA
ENSDART00000105580	ap3d1	130	39.1	34.4	9.3	18.6	53.7	81.5	31.24	12.93	-1.27267217833
ENSDART00000132117	rab9b	10	36.7	23.8	11.0	16.5	62.3	74.4	NA	NA	NA
ENSDART00000152899	ddit4	1353	48.4	36.0	12.5	22.3	66.2	103.7	280.22	797.07	1.50814650145
ENSDART00000132115	AEBP1	1	56.0	56.0	NA	NA	NA	NA	NA	NA	NA
ENSDART00000132237	zgc:175136	25	61.0	62.4	22.9	39.0	78.4	95.6	NA	NA	NA
ENSDART00000122756	CR790368.1	1	73.6	73.6	NA	NA	NA	NA	NA	NA	NA
ENSDART00000051198	mis18a	24	35.2	26.3	9.4	14.3	46.4	52.1	NA	NA	NA
ENSDART00000051621	pgam5	123	47.3	41.7	13.0	20.7	63.3	95.8	NA	NA	NA
ENSDART00000032821	cyth1b	4	59.3	56.4	NA	NA	NA	NA	NA	NA	NA
ENSDART00000051623	zgc:113208	50	44.1	38.6	17.5	25.5	55.1	82.3	NA	NA	NA
ENSDART00000122758	CREB3L4	42	30.7	17.9	6.9	10.9	31.3	45.1	NA	NA	NA
ENSDART00000111580	tmem65	13	43.2	39.3	27.0	29.3	54.5	63.8	NA	NA	NA
ENSDART00000123023	si:ch211-251f6.7	13	53.4	61.1	11.7	36.4	66.5	86.3	NA	NA	NA
ENSDART00000010046	rhpn2	117	28.1	22.5	3.9	9.4	35.3	54.7	16.33	12.93	-0.336802515751
ENSDART00000010512	zgc:92907	24	35.1	31.3	9.2	14.0	47.0	72.7	NA	NA	NA
ENSDART00000040235	zmynd8	9	33.3	25.5	NA	NA	NA	NA	NA	NA	NA
ENSDART00000010040	hspbp1	59	25.8	22.5	7.3	15.2	34.8	47.0	NA	NA	NA
ENSDART00000055139	col9a3	2	36.4	36.4	NA	NA	NA	NA	NA	NA	NA
ENSDART00000015038	zap70	1	158.1	158.1	NA	NA	NA	NA	NA	NA	NA
ENSDART00000122625	elp2	112	41.0	38.2	17.2	26.2	53.6	67.2	NA	NA	NA
ENSDART00000060786	pip5k1ca	2	33.4	33.4	NA	NA	NA	NA	NA	NA	NA
ENSDART00000010048	map2k2a	72	47.1	43.6	8.1	19.4	73.1	87.4	NA	NA	NA
ENSDART00000104180	zranb2	50	60.7	52.3	16.5	33.2	77.4	107.0	31.59	83.3	1.39884855851
ENSDART00000088346	MAST3	278	81.9	83.4	31.7	57.0	109.7	128.4	13.19	66.8	2.34040353811
ENSDART00000146410	zgc:195282	6	83.2	51.3	NA	NA	NA	NA	NA	NA	NA
ENSDART00000059886	ldha	89	27.8	21.5	7.6	13.0	35.7	53.8	NA	NA	NA
ENSDART00000146418	shda	7	36.5	31.4	NA	NA	NA	NA	NA	NA	NA
ENSDART00000027598	tpm3	0	NA	NA	NA	NA	NA	NA	61.69	284.73	2.20648595635
ENSDART00000108693	mpzl3	232	28.7	25.2	6.9	15.2	39.0	54.9	NA	NA	NA
ENSDART00000089357	pkn2	112	42.0	34.7	9.2	19.4	62.3	89.9	NA	NA	NA
ENSDART00000152768	syne2a	37	26.6	27.1	4.9	7.3	34.3	46.5	2.64	3.12	0.241008099504
ENSDART00000025997	si:dkey-7l6.7	61	23.3	20.8	5.9	9.9	29.5	43.8	NA	NA	NA
ENSDART00000023105	fign	10	35.5	27.6	13.5	18.9	44.1	70.4	NA	NA	NA
ENSDART00000112217	pask	400	25.1	20.7	5.1	11.1	35.2	49.3	45.39	45.79	0.0126580767357
ENSDART00000152762	ERBB4	7	33.8	37.7	NA	NA	NA	NA	NA	NA	NA
ENSDART00000055754	BX571712.1	10	57.7	33.7	15.1	27.0	39.6	147.9	NA	NA	NA
ENSDART00000055757	tnpo2	338	74.1	80.0	7.0	30.9	110.8	137.2	38.72	460.46	3.57192497762
ENSDART00000055756	tbc1d12a	27	38.3	33.1	13.1	22.3	54.2	62.5	NA	NA	NA
ENSDART00000132589	mef2d	29	33.8	26.2	5.5	12.3	45.8	73.8	NA	NA	NA
ENSDART00000037670	orc5	35	49.1	46.5	24.8	40.2	59.2	73.6	NA	NA	NA
ENSDART00000130105	psma3	235	41.7	40.6	13.2	23.5	53.0	70.5	88.61	178.92	1.01377323635
ENSDART00000061786	ncs1b	1	23.4	23.4	NA	NA	NA	NA	NA	NA	NA
ENSDART00000101641	prmt6	382	35.3	32.4	11.7	21.1	45.6	62.4	76.87	65.0	-0.241980950323
ENSDART00000137061	klc1a	64	45.5	41.8	19.7	27.5	61.8	76.3	NA	NA	NA
ENSDART00000128847	C13H10orf71	5	51.2	18.5	NA	NA	NA	NA	NA	NA	NA
ENSDART00000081636	chmp1a	174	63.5	61.1	18.1	36.8	84.1	105.2	38.77	145.87	1.91167056518
ENSDART00000132586	nit2	38	35.0	30.2	11.3	20.7	53.5	65.6	NA	NA	NA
ENSDART00000132587	mpg	9	35.7	24.6	NA	NA	NA	NA	NA	NA	NA
ENSDART00000051998	gata6	5	69.8	49.3	NA	NA	NA	NA	NA	NA	NA
ENSDART00000103519	wasla	183	27.4	22.9	8.3	13.0	39.9	50.7	NA	NA	NA
ENSDART00000103513	cpne1	58	70.4	70.1	20.0	36.1	99.5	127.1	NA	NA	NA
ENSDART00000066835	fzd8a	84	67.9	51.6	11.8	24.4	107.1	138.3	NA	NA	NA
ENSDART00000136406	PRIM2	108	27.8	20.6	9.6	14.0	32.2	60.4	67.12	71.96	0.100452470812
ENSDART00000102701	CR788231.1	7	27.6	23.2	NA	NA	NA	NA	NA	NA	NA
ENSDART00000130648	SCARB2	8	97.6	109.5	NA	NA	NA	NA	NA	NA	NA
ENSDART00000008013	sec11a	187	53.9	47.5	14.8	25.5	75.7	104.6	111.08	162.21	0.546263679984
ENSDART00000086001	arl10	3	44.8	42.4	NA	NA	NA	NA	NA	NA	NA
ENSDART00000142313	si:dkeyp-46h3.8	287	35.3	32.6	12.6	21.2	48.1	62.5	NA	NA	NA
ENSDART00000113441	im:7148400	6	58.5	61.1	NA	NA	NA	NA	14.44	27.62	0.935642577371
ENSDART00000112665	WDPCP	8	30.1	36.0	NA	NA	NA	NA	NA	NA	NA
ENSDART00000061435	hsbp1b	194	98.4	99.1	52.2	71.0	124.9	144.4	142.55	228.08	0.678071905113
ENSDART00000098914	yap1	86	82.5	84.3	22.0	57.2	104.6	133.4	12.57	143.56	3.5135972734
ENSDART00000083679	ube2c	188	33.3	19.9	5.7	11.7	38.3	74.8	34.65	26.71	-0.375475376389
ENSDART00000078518	nrbp1	216	35.8	26.1	8.8	15.3	45.8	73.2	NA	NA	NA
ENSDART00000098912	znf131	162	39.4	31.5	11.3	20.4	50.9	69.2	105.47	45.44	-1.2147979556
ENSDART00000042501	htr1bd	1	60.9	60.9	NA	NA	NA	NA	NA	NA	NA
ENSDART00000081606	BIN1	3	49.6	57.6	NA	NA	NA	NA	NA	NA	NA
ENSDART00000147670	npepps	157	54.9	54.7	16.2	30.7	79.7	98.5	13.86	91.02	2.71525632883
ENSDART00000098758	setd8b	484	68.1	67.4	22.6	39.5	93.1	111.6	119.85	534.15	2.15601502744
ENSDART00000146241	atp2a2a	237	39.0	32.4	8.4	16.4	56.4	73.5	NA	NA	NA
ENSDART00000074653	grina	28	29.5	25.9	12.5	19.7	37.3	41.7	NA	NA	NA
ENSDART00000066788	epdr1	17	61.7	62.2	30.5	40.8	79.0	83.4	NA	NA	NA
ENSDART00000136911	acer1	21	39.8	32.2	14.4	20.8	60.7	74.1	NA	NA	NA
ENSDART00000136910	armc1l	186	26.8	22.8	8.3	14.2	36.6	51.1	33.42	25.94	-0.365533253809
ENSDART00000145642	si:rp71-1g18.1	154	36.4	31.4	10.4	20.9	47.2	65.1	NA	NA	NA
ENSDART00000066782	gnal	16	29.9	16.4	7.1	14.1	46.3	72.5	NA	NA	NA
ENSDART00000003962	wdr55	20	54.0	52.4	28.0	35.3	75.4	89.9	NA	NA	NA
ENSDART00000005516	abl1	22	73.6	82.5	30.9	40.9	107.9	124.8	8.6	4.65	-0.887105943594
ENSDART00000091156	tacc1	4	39.6	40.6	NA	NA	NA	NA	NA	NA	NA
ENSDART00000027331	mrpl46	42	20.2	20.2	7.6	13.2	25.3	31.7	NA	NA	NA
ENSDART00000020456	MMP15	1	22.3	22.3	NA	NA	NA	NA	NA	NA	NA
ENSDART00000020297	brf2	7	27.6	25.1	NA	NA	NA	NA	NA	NA	NA
ENSDART00000124691	smpd5	31	53.9	54.3	31.1	36.3	66.5	75.4	7.79	4.85	-0.683638580987
ENSDART00000067164	irf5	158	21.6	16.5	5.4	9.8	28.9	45.2	NA	NA	NA
ENSDART00000097792	tnikb	84	81.0	93.0	13.4	41.5	119.7	138.7	17.96	96.63	2.42768381136
ENSDART00000059623	plekha8	10	68.8	74.2	23.8	41.9	91.4	110.1	NA	NA	NA
ENSDART00000133023	tmem106a	228	49.7	45.8	18.3	30.8	67.3	88.1	29.16	55.22	0.921200168261
ENSDART00000111080	bai3	24	43.5	45.0	16.3	26.2	55.9	71.1	NA	NA	NA
ENSDART00000059628	nab1b	6	35.8	16.7	NA	NA	NA	NA	NA	NA	NA
ENSDART00000053106	s1pr2	2	24.0	24.0	NA	NA	NA	NA	NA	NA	NA
ENSDART00000053102	pdxkb	16	48.5	38.3	18.3	26.2	70.7	104.4	NA	NA	NA
ENSDART00000004604	si:dkey-153k10.9	1	101.0	101.0	NA	NA	NA	NA	NA	NA	NA
ENSDART00000127805	pom121	275	44.9	35.3	11.3	18.5	61.0	103.4	16.65	51.37	1.62540389639
ENSDART00000076519	DCTPP1	743	52.9	50.7	20.9	32.4	69.5	86.9	176.32	586.18	1.73314761623
ENSDART00000043069	march5	29	34.4	29.8	3.4	14.5	56.3	66.4	NA	NA	NA
ENSDART00000044859	znf207a	285	103.0	106.1	57.0	86.4	125.8	136.7	23.49	169.88	2.85439739534
ENSDART00000015833	npy8br	1	88.9	88.9	NA	NA	NA	NA	NA	NA	NA
ENSDART00000109807	EMILIN3	1	51.8	51.8	NA	NA	NA	NA	NA	NA	NA
ENSDART00000057590	dmrta2	3	14.5	14.9	NA	NA	NA	NA	NA	NA	NA
ENSDART00000113567	RLIM	170	48.3	46.7	14.1	26.2	61.4	91.7	14.11	221.01	3.96932175541
ENSDART00000058680	psma2	144	44.2	36.5	8.6	20.5	60.2	78.7	46.41	66.79	0.525196416713
ENSDART00000057599	fuom	8	41.8	50.1	NA	NA	NA	NA	NA	NA	NA
ENSDART00000058685	zfpm2a	10	40.4	33.5	20.0	21.4	60.0	67.6	NA	NA	NA
ENSDART00000129526	zgc:56630	91	67.0	68.2	30.3	45.5	89.5	109.4	NA	NA	NA
ENSDART00000036090	pdlim5b	92	39.8	36.5	14.8	24.3	49.7	65.2	21.84	35.89	0.716609066896
ENSDART00000129525	apoa4	1	109.7	109.7	NA	NA	NA	NA	NA	NA	NA
ENSDART00000124349	pof1b	1	148.2	148.2	NA	NA	NA	NA	NA	NA	NA
ENSDART00000126917	tollip	195	33.1	25.4	9.8	15.4	43.0	62.8	29.64	25.64	-0.209149185687
ENSDART00000124345	vamp4	188	41.7	37.3	14.1	23.1	55.5	75.8	NA	NA	NA
ENSDART00000124346	fn1	92	37.8	35.7	10.8	19.6	52.4	59.7	5.69	12.75	1.16399668944
ENSDART00000042895	cdh17	2	44.8	44.8	NA	NA	NA	NA	NA	NA	NA
ENSDART00000040753	nudt1	14	78.6	81.1	26.8	55.2	97.1	122.2	NA	NA	NA
ENSDART00000081426	odf2	2	31.9	31.9	NA	NA	NA	NA	NA	NA	NA
ENSDART00000079385	HNRNPUL2	23	60.1	63.4	29.5	38.9	78.2	94.7	NA	NA	NA
ENSDART00000105346	anxa6	9	57.0	54.4	NA	NA	NA	NA	NA	NA	NA
ENSDART00000124201	bcl2l1	112	33.5	24.8	7.9	13.3	41.9	67.4	NA	NA	NA
ENSDART00000110100	hint3	11	66.2	69.1	20.9	38.2	99.9	115.6	NA	NA	NA
ENSDART00000124205	CU856359.2	1	22.8	22.8	NA	NA	NA	NA	NA	NA	NA
ENSDART00000058160	ss18l2	21	41.0	31.1	5.4	20.7	58.5	66.3	NA	NA	NA
ENSDART00000112754	CCNJL	402	60.3	55.9	15.5	34.0	81.8	108.3	17.31	182.9	3.40137744527
ENSDART00000008077	spint1b	38	40.1	35.0	12.8	18.2	56.5	79.8	18.4	42.07	1.19308605182
ENSDART00000145907	gc3	2	49.3	49.3	NA	NA	NA	NA	NA	NA	NA
ENSDART00000128547	HIST1H4I	2	107.7	107.7	NA	NA	NA	NA	NA	NA	NA
ENSDART00000009151	SIM2	3	33.4	21.4	NA	NA	NA	NA	NA	NA	NA
ENSDART00000099776	tspan13a	95	34.4	34.3	11.3	20.4	47.4	56.4	NA	NA	NA
ENSDART00000145336	her5	438	59.5	50.1	15.8	31.3	83.8	116.0	NA	NA	NA
ENSDART00000145330	apoc1l	22	102.6	98.1	66.8	82.7	121.2	128.1	NA	NA	NA
ENSDART00000145332	adcy6b	22	52.7	45.7	20.9	31.0	62.4	87.2	NA	NA	NA
ENSDART00000087604	inpp5f	131	28.5	20.3	5.0	10.8	37.1	61.6	NA	NA	NA
ENSDART00000113131	INTU	51	27.3	21.6	7.0	13.2	36.6	46.7	NA	NA	NA
ENSDART00000113132	gnpat	72	67.8	62.9	18.0	42.2	87.2	123.6	NA	NA	NA
ENSDART00000002764	polb	98	41.3	34.8	9.2	18.2	55.1	75.1	42.27	73.37	0.795556172791
ENSDART00000055604	si:dkeyp-94b4.1	1	25.8	25.8	NA	NA	NA	NA	NA	NA	NA
ENSDART00000055993	pdgfab	2	36.8	36.8	NA	NA	NA	NA	NA	NA	NA
ENSDART00000138351	cth	13	54.3	49.0	9.8	20.7	78.0	88.2	NA	NA	NA
ENSDART00000079563	fas	1	186.5	186.5	NA	NA	NA	NA	NA	NA	NA
ENSDART00000105273	polr3a	103	27.5	22.8	6.8	14.7	36.7	49.7	7.8	11.73	0.588656984279
ENSDART00000140811	snx12	21	38.7	41.6	9.4	17.3	48.0	62.0	NA	NA	NA
ENSDART00000038942	adnp2b	213	37.2	30.2	8.3	15.2	50.9	81.5	16.7	42.67	1.35337400784
ENSDART00000007119	mfsd6l	30	41.9	42.0	14.3	26.9	52.9	68.5	NA	NA	NA
ENSDART00000038495	ctnnb1	373	123.3	129.6	58.0	99.6	153.2	174.2	37.3	492.68	3.72340337205
ENSDART00000027459	GRK6	35	41.8	34.6	17.4	22.9	54.0	88.2	NA	NA	NA
ENSDART00000005355	C17H14orf166	84	37.1	36.2	8.9	19.2	49.2	62.0	25.25	31.76	0.330927524616
ENSDART00000122358	tank	54	59.4	61.8	21.9	34.1	79.2	94.4	NA	NA	NA
ENSDART00000128927	cep97	122	40.9	38.5	11.8	18.0	54.7	79.8	61.21	33.67	-0.862303646979
ENSDART00000128694	si:dkey-77p23.3	4	30.8	29.7	NA	NA	NA	NA	NA	NA	NA
ENSDART00000134326	si:dkey-65b12.6	2	91.6	91.6	NA	NA	NA	NA	NA	NA	NA
ENSDART00000103257	alg2	76	52.3	47.1	21.3	31.2	65.3	86.2	NA	NA	NA
ENSDART00000128698	rnf34b	1	108.0	108.0	NA	NA	NA	NA	NA	NA	NA
ENSDART00000067072	nfybb	10	68.2	60.6	21.2	35.2	94.4	109.4	NA	NA	NA
ENSDART00000135330	uhrf1bp1l	34	43.3	44.3	4.5	20.4	64.2	76.1	NA	NA	NA
ENSDART00000019937	gadd45g	16	55.1	34.3	15.0	22.5	61.1	134.7	NA	NA	NA
ENSDART00000019936	prkacab	8	83.6	80.4	NA	NA	NA	NA	NA	NA	NA
ENSDART00000028906	pigk	9	35.0	29.7	NA	NA	NA	NA	NA	NA	NA
ENSDART00000035046	fbxl3b	32	51.7	41.0	20.0	25.5	59.0	88.1	NA	NA	NA
ENSDART00000019939	bin2b	105	38.8	36.0	12.4	20.2	53.1	72.1	NA	NA	NA
ENSDART00000092613	grin2bb	3	29.1	23.0	NA	NA	NA	NA	NA	NA	NA
ENSDART00000084689	slc16a6b	5	35.8	6.7	NA	NA	NA	NA	NA	NA	NA
ENSDART00000137665	frs2b	127	39.6	35.2	14.0	21.1	49.3	62.9	21.66	33.58	0.632568987329
ENSDART00000122351	cyp2ad3	6	57.6	57.2	NA	NA	NA	NA	NA	NA	NA
ENSDART00000124042	smyd5	45	31.8	26.5	11.3	15.2	44.4	49.4	20.88	35.22	0.754273197261
ENSDART00000130129	CT573389.2	232	33.9	29.1	7.2	14.9	47.5	67.2	NA	NA	NA
ENSDART00000115228	magixb	6	61.8	64.4	NA	NA	NA	NA	NA	NA	NA
ENSDART00000051515	zgc:110329	219	37.6	32.0	5.9	17.4	52.5	78.5	NA	NA	NA
ENSDART00000042766	adh8b	16	65.7	69.9	23.4	47.2	79.6	100.9	12.91	23.37	0.856168733476
ENSDART00000029051	zgc:173961	1	28.9	28.9	NA	NA	NA	NA	NA	NA	NA
ENSDART00000035737	slc11a2	133	42.7	26.2	7.8	15.0	65.0	101.3	NA	NA	NA
ENSDART00000141142	mvp	36	61.7	62.0	13.3	34.8	88.6	96.9	15.38	28.49	0.889400118362
ENSDART00000090329	rnf115	78	27.2	20.2	7.0	11.7	32.2	53.4	NA	NA	NA
ENSDART00000128070	gnai2a	75	35.9	30.5	5.6	16.2	43.6	75.5	25.87	42.37	0.711763074679
ENSDART00000074833	rx3	5	30.7	35.0	NA	NA	NA	NA	NA	NA	NA
ENSDART00000080377	aldoca	1	88.4	88.4	NA	NA	NA	NA	NA	NA	NA
ENSDART00000098622	lrch4	1	53.2	53.2	NA	NA	NA	NA	NA	NA	NA
ENSDART00000109113	si:ch211-113j14.1	1	-4.0	-4.0	NA	NA	NA	NA	NA	NA	NA
ENSDART00000085931	acap2	51	94.7	101.8	32.0	58.1	124.0	145.8	6.74	54.46	3.01437648586
ENSDART00000104437	si:ch211-262h13.5	1	43.2	43.2	NA	NA	NA	NA	NA	NA	NA
ENSDART00000045679	gro2	120	49.4	44.9	8.0	23.1	70.6	99.3	33.78	60.1	0.831195662797
ENSDART00000088573	si:ch211-194e15.5	1	65.1	65.1	NA	NA	NA	NA	NA	NA	NA
ENSDART00000126230	zgc:113411	26	37.4	39.2	10.7	20.5	49.3	61.1	NA	NA	NA
ENSDART00000111763	six6a	2	52.3	52.3	NA	NA	NA	NA	NA	NA	NA
ENSDART00000111762	usp10	101	76.9	82.9	14.5	46.5	109.1	122.5	42.4	212.39	2.32457967115
ENSDART00000085855	DNAJC16	62	34.9	23.3	6.5	13.6	40.0	81.6	NA	NA	NA
ENSDART00000148314	ddx31	20	46.4	36.8	6.1	15.7	63.0	78.5	8.47	11.22	0.405638801277
ENSDART00000148317	pcbp3	3	25.2	14.8	NA	NA	NA	NA	NA	NA	NA
ENSDART00000034011	fmo5	24	11.3	8.6	-4.9	-1.1	17.7	32.7	NA	NA	NA
ENSDART00000098627	pros1	236	73.9	76.0	36.3	59.2	90.8	103.6	25.99	32.03	0.301467164302
ENSDART00000114301	si:ch211-152p11.4	37	51.0	50.1	26.2	37.4	61.9	78.8	NA	NA	NA
ENSDART00000152951	cdc42ep4b	111	64.2	53.8	15.1	28.7	94.2	132.4	NA	NA	NA
ENSDART00000081359	zgc:110425	6	3.9	2.0	NA	NA	NA	NA	NA	NA	NA
ENSDART00000124978	DPYD	4	48.1	37.4	NA	NA	NA	NA	NA	NA	NA
ENSDART00000124979	CU694442.1	1	118.0	118.0	NA	NA	NA	NA	NA	NA	NA
ENSDART00000023823	CASS4	4	44.4	24.0	NA	NA	NA	NA	NA	NA	NA
ENSDART00000124974	LRRC47	5	38.6	35.2	NA	NA	NA	NA	NA	NA	NA
ENSDART00000081350	slc9a3.1	1	27.0	27.0	NA	NA	NA	NA	NA	NA	NA
ENSDART00000124971	BX088562.1	5	29.4	9.5	NA	NA	NA	NA	NA	NA	NA
ENSDART00000064335	st6galnac1.2	143	39.3	38.8	12.8	22.7	51.4	70.5	NA	NA	NA
ENSDART00000046094	arl6	61	59.2	55.9	20.1	37.9	73.7	104.3	NA	NA	NA
ENSDART00000055432	rbx1	398	49.0	48.0	21.4	32.5	60.8	76.8	223.93	180.17	-0.313689010772
ENSDART00000031322	ca9	8	103.2	87.0	NA	NA	NA	NA	NA	NA	NA
ENSDART00000064523	etfa	16	25.5	19.6	8.3	13.3	36.9	53.6	NA	NA	NA
ENSDART00000060205	tufm	195	36.1	35.0	6.9	18.7	50.9	73.5	37.33	40.14	0.10470510806
ENSDART00000140519	zgc:153284	24	32.1	24.2	13.4	17.5	37.5	66.6	NA	NA	NA
ENSDART00000060203	rtn1b	1	16.7	16.7	NA	NA	NA	NA	NA	NA	NA
ENSDART00000080510	ndufb4	85	33.4	31.5	11.5	17.7	43.0	53.9	32.97	11.68	-1.49711361279
ENSDART00000141361	glipr2	29	38.6	26.8	14.9	18.2	58.6	80.4	NA	NA	NA
ENSDART00000019698	anxa5b	175	62.4	63.1	25.7	44.4	80.9	97.2	41.05	358.51	3.12655923379
ENSDART00000019699	mettl3	20	72.3	67.2	32.8	39.6	87.7	110.8	23.11	114.92	2.31404073306
ENSDART00000078163	tmem115	207	65.0	53.7	19.3	37.0	85.0	130.6	46.4	49.66	0.0979594561619
ENSDART00000021083	calm2b	85	98.2	101.2	49.8	71.0	126.3	146.0	120.17	1189.93	3.30772802404
ENSDART00000104757	casp8	73	53.3	48.1	19.3	33.2	69.9	90.4	NA	NA	NA
ENSDART00000078167	dffa	25	47.2	45.5	24.3	32.0	60.0	71.7	NA	NA	NA
ENSDART00000104751	mxi1	243	39.3	31.4	9.7	19.2	48.4	81.3	NA	NA	NA
ENSDART00000044784	RBM25	23	56.6	50.9	19.7	26.8	78.7	87.9	NA	NA	NA
ENSDART00000112656	NFATC2	1	67.0	67.0	NA	NA	NA	NA	NA	NA	NA
ENSDART00000016916	gria4b	10	43.8	43.0	16.3	21.5	54.2	77.3	NA	NA	NA
ENSDART00000108997	ADAD2	49	27.4	22.6	6.6	10.2	29.9	60.7	NA	NA	NA
ENSDART00000148175	LONRF2	11	40.2	38.9	20.6	27.1	45.9	78.6	NA	NA	NA
ENSDART00000037119	slc46a1	41	38.5	31.2	7.9	15.3	59.0	84.1	NA	NA	NA
ENSDART00000061156	raph1	47	35.7	33.2	14.4	25.4	43.0	53.1	NA	NA	NA
ENSDART00000108588	inpp5ja	2	34.3	34.3	NA	NA	NA	NA	NA	NA	NA
ENSDART00000015938	larp1	195	68.0	70.1	23.1	48.9	88.1	102.7	68.59	125.7	0.873914488977
ENSDART00000125936	naga	56	53.9	51.7	18.3	33.6	70.6	83.1	NA	NA	NA
ENSDART00000122564	TRMT10A	86	34.8	33.8	8.8	18.5	46.6	61.4	NA	NA	NA
ENSDART00000015932	TCEB3C	266	58.8	54.6	15.9	31.9	85.3	103.3	61.11	119.06	0.962208413341
ENSDART00000127583	pank1a	53	41.9	34.6	3.8	22.3	52.4	86.1	NA	NA	NA
ENSDART00000127580	CPEB4	126	39.7	33.1	9.2	16.8	57.8	77.6	NA	NA	NA
ENSDART00000127581	trim23	86	48.7	43.6	8.5	20.8	73.4	96.6	17.24	79.17	2.19919407696
ENSDART00000018519	zgc:153896	10	20.3	16.2	8.4	11.1	24.9	28.6	NA	NA	NA
ENSDART00000029695	pnp4a	6	53.0	22.9	NA	NA	NA	NA	NA	NA	NA
ENSDART00000018512	pofut1	14	41.9	31.5	15.7	24.2	47.5	91.5	14.13	71.74	2.34401627962
ENSDART00000099327	rab8b	5	35.2	35.4	NA	NA	NA	NA	NA	NA	NA
ENSDART00000099320	dhrs13a.1	1	1.8	1.8	NA	NA	NA	NA	NA	NA	NA
ENSDART00000018515	dohh	105	34.7	31.8	12.2	20.2	41.9	57.1	74.31	21.65	-1.77918934435
ENSDART00000054710	polr1d	89	34.9	28.7	10.0	19.0	45.6	67.6	65.43	102.34	0.645345962648
ENSDART00000126220	BX324132.5	1	50.3	50.3	NA	NA	NA	NA	NA	NA	NA
ENSDART00000123617	celsr1a	1	51.7	51.7	NA	NA	NA	NA	NA	NA	NA
ENSDART00000091835	gtf3c5	62	31.5	27.4	13.1	18.6	40.2	57.0	37.18	12.0	-1.63149236442
ENSDART00000017755	ubxn6	61	30.2	23.8	8.7	16.3	33.6	49.9	NA	NA	NA
ENSDART00000008053	mcm3ap	129	64.3	58.9	14.7	31.8	87.3	112.8	16.64	66.24	1.99304723936
ENSDART00000011052	eif3d	164	53.7	47.6	18.6	29.5	69.8	92.7	53.49	36.57	-0.548608577005
ENSDART00000062917	cx35.4	4	51.2	51.1	NA	NA	NA	NA	NA	NA	NA
ENSDART00000078576	coq10b	108	47.7	33.2	9.5	19.6	68.1	93.7	28.88	142.26	2.30038742132
ENSDART00000105820	mbtps2	27	47.0	40.4	5.5	21.7	78.9	90.4	NA	NA	NA
ENSDART00000150232	fyna	59	36.4	36.3	5.6	15.4	54.6	68.0	NA	NA	NA
ENSDART00000141693	si:dkey-200l5.2	1	6.0	6.0	NA	NA	NA	NA	NA	NA	NA
ENSDART00000144948	ponzr1	41	77.5	78.4	39.2	56.6	99.5	117.5	NA	NA	NA
ENSDART00000030141	pdcd4a	33	87.6	91.4	20.9	69.4	117.2	129.0	11.35	146.76	3.69269460707
ENSDART00000019206	ngly1	87	50.1	41.4	14.6	24.8	72.3	97.0	14.44	32.69	1.17877863488
ENSDART00000122696	hnrnpub	535	108.5	109.9	43.1	79.7	136.3	164.8	215.45	986.73	2.19530227403
ENSDART00000084327	btaf1	352	30.2	25.1	5.7	13.5	43.2	59.4	36.3	61.49	0.760382258597
ENSDART00000122693	NDUFC2	249	54.0	50.9	26.7	37.9	67.6	84.8	129.19	95.61	-0.434260977058
ENSDART00000083605	tbc1d25	64	34.9	26.7	8.4	13.2	46.0	78.3	NA	NA	NA
ENSDART00000051291	hexa	8	43.7	38.6	NA	NA	NA	NA	NA	NA	NA
ENSDART00000131705	lamp1	607	38.0	34.8	10.7	19.9	51.0	69.3	NA	NA	NA
ENSDART00000127050	nrxn3b	1	-2.7	-2.7	NA	NA	NA	NA	NA	NA	NA
ENSDART00000127053	kdm5c	100	43.2	36.5	12.3	20.2	57.0	84.3	20.55	29.18	0.505841489349
ENSDART00000034790	pcp4l1	1	111.8	111.8	NA	NA	NA	NA	NA	NA	NA
ENSDART00000127055	CABZ01057951.1	33	29.1	23.8	7.7	15.6	41.4	57.2	60.31	35.81	-0.75203471654
ENSDART00000127059	CABZ01080590.2	15	54.0	41.4	16.4	18.0	78.7	98.9	NA	NA	NA
ENSDART00000074406	ubxn10	1	128.5	128.5	NA	NA	NA	NA	NA	NA	NA
ENSDART00000131937	orai2	3	71.2	28.6	NA	NA	NA	NA	NA	NA	NA
ENSDART00000074400	tia1	569	84.9	86.1	40.1	61.7	107.5	126.9	81.12	709.32	3.12830706897
ENSDART00000136213	bzw2	78	64.1	64.7	21.1	46.3	82.2	100.5	17.0	32.68	0.942873237121
ENSDART00000149354	sar1b	125	69.4	69.5	22.3	35.3	98.1	124.2	40.38	248.37	2.62077810872
ENSDART00000116357	prnprs3	7	28.8	36.0	NA	NA	NA	NA	NA	NA	NA
ENSDART00000033369	axin1	200	58.3	53.5	21.5	33.7	80.7	100.3	42.06	68.06	0.694358301233
ENSDART00000106100	zgc:171490	5	44.0	53.9	NA	NA	NA	NA	NA	NA	NA
ENSDART00000113956	SYDE2	22	39.6	31.4	11.8	23.2	46.5	75.7	NA	NA	NA
ENSDART00000036797	uchl1	1422	31.6	29.1	9.5	17.8	40.9	57.2	342.09	151.25	-1.17744078937
ENSDART00000111567	sgpl1	142	25.5	21.7	4.1	11.9	34.5	51.0	NA	NA	NA
ENSDART00000113483	trim71	153	84.5	86.8	26.5	59.1	112.1	129.1	32.5	57.68	0.827631446438
ENSDART00000146752	lrrc9	2	13.4	13.4	NA	NA	NA	NA	NA	NA	NA
ENSDART00000146202	aktip	784	60.8	58.5	23.3	39.3	79.7	100.3	94.1	292.89	1.63809230876
ENSDART00000111566	tmem184c	12	81.3	62.6	39.0	44.6	99.1	163.2	NA	NA	NA
ENSDART00000082445	prr11	626	31.8	27.0	7.3	14.1	44.1	61.9	163.47	71.33	-1.19644501807
ENSDART00000050478	mpped2	29	25.3	21.7	4.2	10.5	43.6	48.2	NA	NA	NA
ENSDART00000082449	CU183952.1	6	48.9	45.8	NA	NA	NA	NA	NA	NA	NA
ENSDART00000146758	fam105bb	150	30.6	25.6	10.4	15.8	39.6	61.3	54.96	11.23	-2.29102407642
ENSDART00000026963	pmpcb	17	45.1	40.7	23.8	34.7	46.9	66.6	17.37	6.78	-1.35724057557
ENSDART00000111880	PDE2A	4	47.1	50.2	NA	NA	NA	NA	NA	NA	NA
ENSDART00000130582	foxn2b	75	45.4	35.0	5.3	21.8	65.8	96.4	NA	NA	NA
ENSDART00000061334	ift172	37	35.0	32.0	12.6	20.3	46.7	60.8	6.06	4.51	-0.426190360218
ENSDART00000087111	itsn2b	70	49.1	40.8	7.7	17.2	82.7	97.3	37.86	26.84	-0.496289739504
ENSDART00000109836	acd	48	18.1	15.7	5.2	12.0	23.5	29.7	NA	NA	NA
ENSDART00000038373	zgc:109949	1	105.8	105.8	NA	NA	NA	NA	NA	NA	NA
ENSDART00000093003	SYT7	2	27.7	27.7	NA	NA	NA	NA	NA	NA	NA
ENSDART00000023470	pgrmc2	261	78.8	76.5	21.6	38.8	112.3	140.6	60.07	283.69	2.2395987279
ENSDART00000010189	igf1ra	16	67.1	64.3	26.7	42.7	92.9	113.5	NA	NA	NA
ENSDART00000087445	tsen34	3	46.5	49.1	NA	NA	NA	NA	NA	NA	NA
ENSDART00000093005	DGKI	2	30.7	30.7	NA	NA	NA	NA	NA	NA	NA
ENSDART00000145137	zgc:194007	1	23.1	23.1	NA	NA	NA	NA	NA	NA	NA
ENSDART00000093009	dgkza	65	36.8	28.2	2.1	12.7	58.5	81.5	NA	NA	NA
ENSDART00000102348	CEP250	1	18.0	18.0	NA	NA	NA	NA	19.13	1.3	-3.87925334532
ENSDART00000047624	tmem165	35	62.8	63.8	13.0	39.7	91.8	105.5	NA	NA	NA
ENSDART00000005829	gde1	38	50.9	49.8	13.1	26.7	72.5	98.7	NA	NA	NA
ENSDART00000111568	polr2k	29	55.1	38.2	4.5	19.1	72.5	130.9	NA	NA	NA
ENSDART00000066645	eif1axa	230	28.6	23.9	5.2	13.0	39.8	59.0	105.57	188.85	0.839040863857
ENSDART00000013575	bzw1a	1452	106.7	110.6	63.3	91.5	127.3	140.8	407.19	1606.82	1.9804342873
ENSDART00000124169	si:ch211-207j7.2	7	39.5	43.8	NA	NA	NA	NA	NA	NA	NA
ENSDART00000055148	zgc:101663	78	35.2	29.9	12.1	20.5	47.5	64.1	NA	NA	NA
ENSDART00000059208	fam214a	57	26.1	22.5	5.5	9.6	32.4	44.5	5.63	2.33	-1.27280496743
ENSDART00000093266	C19H18orf21	1	6.3	6.3	NA	NA	NA	NA	NA	NA	NA
ENSDART00000113780	FOXD4L1	2	76.7	76.7	NA	NA	NA	NA	NA	NA	NA
ENSDART00000112670	usp12a	54	31.8	29.1	10.3	16.8	42.3	50.0	NA	NA	NA
ENSDART00000032893	otud6b	45	47.0	45.8	13.4	24.7	63.7	76.6	13.38	6.67	-1.00431944946
ENSDART00000015755	rasl11b	44	64.6	60.2	14.2	26.9	103.3	122.1	NA	NA	NA
ENSDART00000040557	CRIP2	1	27.4	27.4	NA	NA	NA	NA	NA	NA	NA
ENSDART00000009234	rbm14a	85	73.6	71.5	21.5	40.5	94.2	132.5	11.38	156.07	3.77762078429
ENSDART00000032899	clpxa	68	86.5	87.7	17.9	45.9	128.6	141.5	NA	NA	NA
ENSDART00000139835	nme4	11	53.7	67.7	-4.0	21.5	85.2	94.2	NA	NA	NA
ENSDART00000009092	fam208ab	101	50.3	43.7	13.9	23.4	66.8	96.8	30.08	35.38	0.234129481013
ENSDART00000134516	btf3	224	49.8	41.8	17.8	27.3	54.8	97.5	108.29	60.35	-0.843474347864
ENSDART00000021644	taldo1	80	47.2	42.5	15.5	27.2	62.1	86.9	26.03	42.82	0.718109483981
ENSDART00000083241	slc29a4	1	62.1	62.1	NA	NA	NA	NA	NA	NA	NA
ENSDART00000057439	parla	10	40.1	40.5	11.6	35.8	49.7	57.0	NA	NA	NA
ENSDART00000045311	syngr2b	1	72.4	72.4	NA	NA	NA	NA	NA	NA	NA
ENSDART00000057432	six1a	1	98.5	98.5	NA	NA	NA	NA	NA	NA	NA
ENSDART00000109477	socs9	28	43.4	34.9	18.7	25.1	59.5	76.8	NA	NA	NA
ENSDART00000138475	sorbs2a	5	29.4	20.4	NA	NA	NA	NA	NA	NA	NA
ENSDART00000048869	mrgbp	117	62.8	65.0	8.1	25.4	94.5	104.9	66.71	89.77	0.428330353746
ENSDART00000130467	chp1	33	60.0	42.8	9.9	16.1	61.7	148.2	NA	NA	NA
ENSDART00000051614	tchp	38	23.9	18.5	6.8	13.0	31.6	48.2	15.6	1.27	-3.61864562698
ENSDART00000066759	mtrr	25	61.9	64.8	27.2	42.6	78.5	101.4	NA	NA	NA
ENSDART00000027957	hmgcl	48	37.5	28.8	11.1	17.1	47.3	63.5	NA	NA	NA
ENSDART00000039880	AL929434.1	14	32.8	32.5	15.4	17.9	42.4	56.7	NA	NA	NA
ENSDART00000005720	stat1a	20	35.6	28.0	9.8	15.1	41.4	76.0	NA	NA	NA
ENSDART00000048866	ipmkb	149	54.8	53.5	22.8	36.1	68.2	90.5	56.54	81.27	0.523451011092
ENSDART00000151865	NLRC5	3	20.1	17.7	NA	NA	NA	NA	NA	NA	NA
ENSDART00000135070	ELOVL4	2	36.2	36.2	NA	NA	NA	NA	NA	NA	NA
ENSDART00000103524	myclb	207	24.7	21.0	4.9	11.2	35.1	48.8	NA	NA	NA
ENSDART00000024031	dnm2a	1	58.3	58.3	NA	NA	NA	NA	NA	NA	NA
ENSDART00000092209	BAZ1A	133	29.9	24.0	8.2	12.3	37.7	58.7	40.61	17.16	-1.24278547442
ENSDART00000143745	trmt2b	12	28.9	23.1	15.1	20.6	38.2	42.3	NA	NA	NA
ENSDART00000037279	plekhj1	48	43.8	38.5	14.0	27.7	56.4	72.4	NA	NA	NA
ENSDART00000125347	cry2b	136	35.8	31.3	8.7	15.6	47.7	68.4	NA	NA	NA
ENSDART00000099528	spry4	39	45.2	29.6	10.3	16.1	51.1	126.6	NA	NA	NA
ENSDART00000110789	ESYT2	14	50.0	48.9	12.4	30.9	58.3	86.3	NA	NA	NA
ENSDART00000032540	usp14	90	46.8	44.1	17.3	26.6	60.6	75.3	62.85	79.84	0.345198976029
ENSDART00000109615	TMEM255A	3	29.6	35.5	NA	NA	NA	NA	NA	NA	NA
ENSDART00000019476	eif5	224	75.9	66.7	29.2	47.7	93.3	122.7	127.27	49.69	-1.35686494119
ENSDART00000125349	BAD	7	59.8	48.4	NA	NA	NA	NA	NA	NA	NA
ENSDART00000151730	ptpn23b	110	27.6	19.0	4.5	10.5	34.9	52.4	NA	NA	NA
ENSDART00000028592	pdcd6ip	203	30.1	23.3	6.8	13.8	41.4	64.3	NA	NA	NA
ENSDART00000130682	MED8	103	46.0	39.9	12.6	26.7	60.6	83.5	125.73	70.63	-0.831975925688
ENSDART00000130685	TIAM2	19	26.0	20.5	8.6	15.0	36.5	44.1	NA	NA	NA
ENSDART00000007972	DLGAP4	6	64.7	71.3	NA	NA	NA	NA	NA	NA	NA
ENSDART00000076004	tmem62	30	58.9	44.7	6.8	27.5	87.8	106.4	NA	NA	NA
ENSDART00000005237	lppr2a	4	20.1	22.4	NA	NA	NA	NA	NA	NA	NA
ENSDART00000079716	C1H4orf27	561	36.8	30.3	11.0	18.6	48.4	67.3	80.47	125.76	0.644150184903
ENSDART00000076000	cpdb	3	37.2	32.0	NA	NA	NA	NA	NA	NA	NA
ENSDART00000142124	nol9	224	43.1	32.9	10.4	19.7	53.1	87.7	20.53	40.79	0.990481879684
ENSDART00000097580	pigl	38	42.3	35.5	12.7	18.0	60.0	78.7	NA	NA	NA
ENSDART00000145606	lyrm1	12	19.5	18.1	8.0	15.5	21.8	33.9	NA	NA	NA
ENSDART00000142123	ap5m1	35	32.8	32.2	9.0	18.7	44.5	62.7	NA	NA	NA
ENSDART00000076009	hadhab	209	35.6	28.7	8.1	15.3	47.1	72.6	51.23	35.73	-0.519852977869
ENSDART00000086746	nars	170	53.3	50.9	12.4	30.7	72.9	97.5	29.49	87.77	1.57350208493
ENSDART00000086211	pcgf5b	38	49.6	46.0	11.7	27.1	66.2	100.8	NA	NA	NA
ENSDART00000089934	adam23a	2	29.0	29.0	NA	NA	NA	NA	NA	NA	NA
ENSDART00000148907	mcph1	39	22.2	21.2	7.1	12.3	30.9	39.6	NA	NA	NA
ENSDART00000099265	ddx46	186	82.8	78.5	39.0	60.2	97.8	128.2	35.42	91.17	1.36399496349
ENSDART00000144500	si:ch211-235f1.3	10	42.6	26.3	4.2	17.6	48.5	68.5	NA	NA	NA
ENSDART00000130027	BX005085.3	13	27.7	30.3	10.4	19.4	33.6	40.4	NA	NA	NA
ENSDART00000152184	ZNF507	59	32.9	31.4	10.1	17.3	42.8	55.1	NA	NA	NA
ENSDART00000101067	zgc:171570	20	38.4	28.8	9.1	20.2	57.7	76.4	NA	NA	NA
ENSDART00000131339	capns1a	216	76.3	79.8	24.5	56.7	99.3	113.2	66.75	402.39	2.59175471052
ENSDART00000077715	si:dkey-25e12.3	1	53.9	53.9	NA	NA	NA	NA	NA	NA	NA
ENSDART00000080741	plcd4a	1	186.0	186.0	NA	NA	NA	NA	NA	NA	NA
ENSDART00000144879	mtif3	2	42.0	42.0	NA	NA	NA	NA	NA	NA	NA
ENSDART00000136455	si:dkeyp-2e4.2	114	35.1	31.5	9.6	20.0	50.5	62.0	NA	NA	NA
ENSDART00000067448	acat1	305	30.2	26.3	7.5	15.7	38.8	55.2	NA	NA	NA
ENSDART00000028048	necap1	73	49.9	43.0	9.3	26.1	70.1	91.9	NA	NA	NA
ENSDART00000003170	mid1ip1l	1313	26.6	21.6	6.3	12.5	35.5	52.0	445.18	555.23	0.318696741108
ENSDART00000091513	prkar1b	31	55.1	53.0	17.0	26.3	78.1	99.2	12.93	17.48	0.43498290969
ENSDART00000091512	cmip	44	47.5	47.3	6.8	20.0	72.4	87.7	NA	NA	NA
ENSDART00000090611	sh3gl2	23	36.7	34.4	11.6	14.2	47.1	62.0	NA	NA	NA
ENSDART00000138304	si:dkey-85k15.4	24	42.8	39.8	21.7	27.4	55.8	68.8	NA	NA	NA
ENSDART00000133426	si:dkey-261j4.5	283	67.3	63.3	10.8	31.2	98.0	140.5	NA	NA	NA
ENSDART00000132829	inadl	65	73.8	73.4	17.1	39.6	102.9	129.5	11.45	38.81	1.7610808348
ENSDART00000054237	ptges3a	86	60.9	59.3	13.8	27.1	87.3	114.4	NA	NA	NA
ENSDART00000138308	GPR3	1	9.0	9.0	NA	NA	NA	NA	NA	NA	NA
ENSDART00000114689	pus10	31	38.9	32.6	16.7	24.2	47.2	58.2	12.64	11.02	-0.197872239606
ENSDART00000132820	bend3	8	34.2	32.2	NA	NA	NA	NA	NA	NA	NA
ENSDART00000062010	CCDC88C	86	19.6	18.2	6.2	11.4	25.6	35.3	NA	NA	NA
ENSDART00000024695	dazap2	158	55.0	45.2	12.3	24.8	76.1	116.8	NA	NA	NA
ENSDART00000127616	slc35f3a	3	38.9	46.8	NA	NA	NA	NA	NA	NA	NA
ENSDART00000046663	CR847998.1	7	25.8	19.5	NA	NA	NA	NA	NA	NA	NA
ENSDART00000127612	rgs5a	1	99.5	99.5	NA	NA	NA	NA	NA	NA	NA
ENSDART00000130423	cbx3a	838	54.0	47.8	10.4	23.5	77.0	105.4	253.03	1329.05	2.39301503061
ENSDART00000127610	dnajc12	2	20.8	20.8	NA	NA	NA	NA	NA	NA	NA
ENSDART00000100351	MAP4K2	12	44.6	39.3	15.4	21.8	65.5	86.4	NA	NA	NA
ENSDART00000149782	CHST6	35	41.8	38.1	8.1	22.8	58.1	83.2	NA	NA	NA
ENSDART00000149787	col4a3bpa	95	43.0	34.4	8.1	18.4	56.4	89.0	9.84	42.82	2.12155457505
ENSDART00000131157	CABZ01005649.2	17	49.0	41.4	16.4	29.5	59.8	97.7	NA	NA	NA
ENSDART00000131154	CU929415.1	2	17.8	17.8	NA	NA	NA	NA	NA	NA	NA
ENSDART00000132992	sox18	2	11.8	11.8	NA	NA	NA	NA	NA	NA	NA
ENSDART00000042311	fut10	2	80.8	80.8	NA	NA	NA	NA	NA	NA	NA
ENSDART00000060946	SGSM1	1	25.6	25.6	NA	NA	NA	NA	NA	NA	NA
ENSDART00000054967	rangrf	52	24.5	22.9	9.4	18.3	30.4	39.7	NA	NA	NA
ENSDART00000003390	sb:cb54	15	54.6	50.6	30.7	44.2	59.6	88.7	NA	NA	NA
ENSDART00000125969	ube2ka	88	32.9	30.4	9.7	21.6	42.6	58.4	NA	NA	NA
ENSDART00000123574	CABZ01044943.1	44	58.1	57.4	26.2	38.7	72.8	91.0	22.91	31.76	0.471233453838
ENSDART00000137915	znf395	1	40.2	40.2	NA	NA	NA	NA	NA	NA	NA
ENSDART00000112328	HAP1	15	43.4	38.0	18.0	21.3	52.6	75.2	NA	NA	NA
ENSDART00000145477	zgc:158409	163	72.6	63.6	11.0	29.1	104.8	142.8	52.89	109.06	1.04405518008
ENSDART00000079064	tango2	135	33.8	32.0	11.9	19.6	43.4	55.2	NA	NA	NA
ENSDART00000020270	osr1	14	82.0	93.3	15.5	31.9	118.1	140.1	NA	NA	NA
ENSDART00000114464	tpst1	31	109.5	112.7	66.5	85.1	136.8	154.3	NA	NA	NA
ENSDART00000038574	trappc5	46	31.3	22.7	8.3	15.3	32.0	69.0	NA	NA	NA
ENSDART00000150029	atp11a	1	47.0	47.0	NA	NA	NA	NA	NA	NA	NA
ENSDART00000098698	sec22bb	1	84.3	84.3	NA	NA	NA	NA	NA	NA	NA
ENSDART00000150023	SLC16A1	62	29.8	23.9	10.9	15.9	40.1	54.9	NA	NA	NA
ENSDART00000098692	eps15	38	30.2	20.4	2.2	14.2	40.0	75.0	7.83	6.42	-0.286439010169
ENSDART00000098691	rnf11b	89	23.5	19.2	6.1	12.4	27.8	43.5	NA	NA	NA
ENSDART00000114987	SUSD3	36	31.7	28.7	15.6	21.0	38.5	53.9	NA	NA	NA
ENSDART00000152178	zgc:174890	93	31.2	30.4	7.3	14.9	41.5	56.1	NA	NA	NA
ENSDART00000017188	ncl	286	71.1	72.8	8.2	27.2	107.2	136.4	323.87	1449.5	2.16206859046
ENSDART00000008133	CR318593.1	3	47.5	24.3	NA	NA	NA	NA	NA	NA	NA
ENSDART00000110943	ift88	28	30.0	28.0	7.6	10.7	39.4	43.7	NA	NA	NA
ENSDART00000124748	b2ml	31	43.9	26.1	9.2	17.7	67.4	100.4	NA	NA	NA
ENSDART00000127266	CABZ01088149.2	75	47.5	45.5	24.9	34.9	56.8	76.0	NA	NA	NA
ENSDART00000090174	dock9b	6	47.4	46.4	NA	NA	NA	NA	NA	NA	NA
ENSDART00000149168	abhd5b	2	57.8	57.8	NA	NA	NA	NA	NA	NA	NA
ENSDART00000149169	ssr2	947	37.3	34.5	12.6	23.1	49.7	62.0	317.47	205.58	-0.626920350082
ENSDART00000127261	apaf1	29	42.8	38.4	11.2	25.6	59.1	71.0	5.43	10.12	0.89818518689
ENSDART00000141771	gnptg	159	46.2	46.1	16.8	33.2	60.4	72.7	46.84	12.15	-1.94678476201
ENSDART00000029313	cdkal1	271	61.1	56.3	20.6	41.3	78.8	100.7	35.83	51.7	0.528996236992
ENSDART00000017553	serinc1	59	57.6	44.4	8.8	22.9	92.2	117.0	13.69	78.29	2.51570559691
ENSDART00000022526	gtpbp3	34	52.7	47.8	19.5	31.0	71.8	89.3	17.27	6.78	-1.34891090439
ENSDART00000109785	CABIN1	14	50.5	36.4	12.5	27.9	84.8	88.5	3.64	25.04	2.78222420673
ENSDART00000126053	cry4	60	26.0	23.2	3.4	14.6	39.0	46.6	NA	NA	NA
ENSDART00000126052	map3k1	156	57.0	41.3	17.0	26.0	81.8	122.2	12.96	30.39	1.22953095664
ENSDART00000043946	ccdc65	2	20.5	20.5	NA	NA	NA	NA	NA	NA	NA
ENSDART00000063761	BX682552.2	32	41.1	40.3	11.2	25.8	59.3	69.5	NA	NA	NA
ENSDART00000016057	ctnnal1	78	45.4	48.9	3.4	20.3	67.8	84.6	NA	NA	NA
ENSDART00000148789	wfs1b	43	36.6	31.7	8.5	16.5	53.3	88.0	NA	NA	NA
ENSDART00000148788	per2	60	24.9	15.9	2.1	6.8	36.6	53.3	NA	NA	NA
ENSDART00000148787	s100a1	520	43.1	41.7	11.9	26.0	56.3	74.7	435.57	818.12	0.909407878478
ENSDART00000148780	mtmr1a	1	23.2	23.2	NA	NA	NA	NA	NA	NA	NA
ENSDART00000140179	si:dkeyp-4c7.3	17	21.1	19.6	3.2	5.5	25.6	40.5	NA	NA	NA
ENSDART00000052061	cnn2	47	122.5	124.1	72.0	99.5	142.8	172.5	NA	NA	NA
ENSDART00000052067	insl3	1	46.5	46.5	NA	NA	NA	NA	NA	NA	NA
ENSDART00000077496	hp1bp3	43	88.4	88.8	21.4	57.8	124.0	143.6	16.27	151.2	3.21617198344
ENSDART00000146795	lzts2a	4	45.4	45.5	NA	NA	NA	NA	NA	NA	NA
ENSDART00000131488	MAP4K4	152	71.7	72.8	24.0	44.7	94.0	123.1	10.93	20.02	0.873148573164
ENSDART00000105613	C22H1orf53	44	50.6	46.7	12.3	25.9	76.2	94.2	NA	NA	NA
ENSDART00000100222	cry2a	243	53.3	43.7	14.1	24.8	70.3	97.6	10.35	41.66	2.00903207165
ENSDART00000037601	rpp30	119	35.6	31.6	9.6	17.6	47.8	65.0	53.87	61.37	0.188051518298
ENSDART00000121991	aspscr1	79	50.9	49.8	19.5	34.9	67.2	78.5	38.63	28.6	-0.433706530566
ENSDART00000100226	ctdsp1	73	24.5	19.8	6.1	11.6	35.3	52.8	NA	NA	NA
ENSDART00000098209	sirt1	99	27.3	24.9	7.2	14.7	38.3	49.7	26.98	8.43	-1.67828581201
ENSDART00000122601	pgam1b	153	29.6	24.3	9.8	15.9	37.4	52.9	NA	NA	NA
ENSDART00000012241	kif23	230	34.2	23.5	6.0	12.2	48.4	79.2	122.68	299.27	1.28654759295
ENSDART00000012938	phgdh	184	42.4	41.8	13.9	27.5	56.3	67.6	45.76	105.03	1.19864251037
ENSDART00000041549	zc3h10	24	35.0	28.1	10.5	19.0	38.5	67.7	8.41	7.43	-0.178743589717
ENSDART00000038149	fntb	177	59.5	55.6	19.9	31.9	82.5	107.4	35.05	87.58	1.32118700555
ENSDART00000110767	nav3	16	30.1	26.4	10.5	19.7	47.3	55.7	NA	NA	NA
ENSDART00000144699	pter	27	52.8	50.1	11.7	17.1	79.8	105.3	NA	NA	NA
ENSDART00000031153	ccdc174	140	50.3	47.8	20.0	33.1	59.8	76.4	90.02	40.68	-1.14592588553
ENSDART00000040033	nup107	234	56.8	52.4	23.5	37.4	71.1	100.1	35.6	87.99	1.30546233062
ENSDART00000015230	gchfr	5	32.7	34.6	NA	NA	NA	NA	NA	NA	NA
ENSDART00000034652	TMEM254	66	64.4	63.1	24.9	41.8	86.2	105.7	NA	NA	NA
ENSDART00000101937	pgm2l1	53	34.7	30.7	12.6	18.7	47.2	60.1	NA	NA	NA
ENSDART00000060417	cetn4	93	41.3	34.8	12.2	20.1	52.3	85.1	40.96	38.34	-0.0953653783318
ENSDART00000113639	zgc:174931	3	77.5	50.1	NA	NA	NA	NA	NA	NA	NA
ENSDART00000144696	pdxdc1	255	45.6	41.5	11.3	23.9	61.0	89.1	21.2	106.61	2.33020659909
ENSDART00000016635	bccip	25	32.6	27.6	11.7	17.4	34.3	46.5	31.17	7.2	-2.1140893433
ENSDART00000104414	rlbp1b	3	95.6	96.5	NA	NA	NA	NA	NA	NA	NA
ENSDART00000133882	rock2a	34	26.6	19.0	1.1	8.1	36.6	64.2	29.16	13.82	-1.07723310394
ENSDART00000135540	nrip1a	30	40.7	28.5	14.5	18.4	50.8	85.7	5.59	4.15	-0.429736946609
ENSDART00000020497	snx13	214	33.8	27.0	6.4	14.5	44.7	71.5	NA	NA	NA
ENSDART00000133888	CABZ01079009.1	2	48.0	48.0	NA	NA	NA	NA	NA	NA	NA
ENSDART00000064545	fgf18b	1	26.1	26.1	NA	NA	NA	NA	NA	NA	NA
ENSDART00000109235	BICD2	1	38.9	38.9	NA	NA	NA	NA	NA	NA	NA
ENSDART00000047201	atp2a2b	92	63.7	62.0	18.5	40.3	85.1	108.3	27.45	149.0	2.44043427634
ENSDART00000041146	nrbp2	155	40.5	33.5	7.7	17.6	57.2	82.1	NA	NA	NA
ENSDART00000064546	si:ch211-241j12.3	69	18.5	14.2	-9.7	4.1	30.1	46.9	46.51	2.79	-4.0592039127
ENSDART00000019050	rps6kb1a	5	57.4	62.8	NA	NA	NA	NA	NA	NA	NA
ENSDART00000075721	foxb1b	8	38.3	28.3	NA	NA	NA	NA	NA	NA	NA
ENSDART00000065590	map1lc3c	996	29.4	25.0	9.0	16.6	38.6	54.2	519.15	501.88	-0.0488089866147
ENSDART00000137416	si:ch211-269e2.1	7	24.4	23.4	NA	NA	NA	NA	NA	NA	NA
ENSDART00000137411	dpf1	21	32.9	29.2	9.2	11.9	45.7	60.5	NA	NA	NA
ENSDART00000048391	braf	48	32.8	20.7	5.3	15.2	44.2	79.4	NA	NA	NA
ENSDART00000019059	lmx1a	48	27.1	19.7	6.1	10.8	37.0	53.6	NA	NA	NA
ENSDART00000130973	pomgnt1	84	57.7	52.4	23.2	34.5	76.8	102.5	32.33	22.26	-0.538419914784
ENSDART00000112232	TBC1D13	86	50.4	42.9	15.0	27.3	64.2	93.8	15.16	17.04	0.168655582055
ENSDART00000126780	rnaset2	60	72.9	72.7	28.8	45.1	99.4	124.3	NA	NA	NA
ENSDART00000122228	prr14	161	29.7	24.6	9.5	14.2	37.4	54.9	NA	NA	NA
ENSDART00000112944	TRIM65	2	46.8	46.8	NA	NA	NA	NA	NA	NA	NA
ENSDART00000148081	cratb	54	38.8	29.0	14.1	21.8	54.3	72.8	17.62	47.37	1.42675974766
ENSDART00000152748	tom1l2	155	43.0	37.6	12.5	22.4	59.5	80.5	NA	NA	NA
ENSDART00000055779	ggact.2	1	51.8	51.8	NA	NA	NA	NA	NA	NA	NA
ENSDART00000122732	foxc1a	1	-4.7	-4.7	NA	NA	NA	NA	NA	NA	NA
ENSDART00000122222	suclg2	21	71.3	95.9	-8.2	35.6	101.9	114.1	NA	NA	NA
ENSDART00000122223	ITGA2	7	110.7	67.0	NA	NA	NA	NA	NA	NA	NA
ENSDART00000134685	zgc:113691	62	36.1	36.9	10.2	19.5	48.4	60.4	NA	NA	NA
ENSDART00000134684	FDXACB1	126	51.7	43.4	17.6	29.2	69.6	95.6	NA	NA	NA
ENSDART00000051607	ISCU	191	51.8	49.1	14.0	27.0	70.0	87.5	34.71	128.59	1.88935518334
ENSDART00000126785	pds5a	139	90.7	88.6	36.1	64.0	121.0	145.9	33.94	197.07	2.53764970139
ENSDART00000134682	slc31a2	68	47.9	46.9	13.2	29.8	69.1	79.5	NA	NA	NA
ENSDART00000086734	phldb1a	3	61.3	73.0	NA	NA	NA	NA	NA	NA	NA
ENSDART00000004286	anxa3a	1	21.5	21.5	NA	NA	NA	NA	NA	NA	NA
ENSDART00000149363	stk25a	2	56.0	56.0	NA	NA	NA	NA	NA	NA	NA
ENSDART00000124335	SMIM4	70	29.8	28.2	8.8	15.6	40.6	54.9	NA	NA	NA
ENSDART00000085135	tbl1x	113	51.0	40.6	7.1	18.4	72.5	105.6	17.99	51.1	1.50612810457
ENSDART00000085136	im:6903943	8	40.8	36.3	NA	NA	NA	NA	NA	NA	NA
ENSDART00000146924	trmt1l	84	46.9	45.7	18.9	26.4	60.3	79.1	9.64	35.42	1.87745916052
ENSDART00000103757	slc6a11a	2	50.8	50.8	NA	NA	NA	NA	NA	NA	NA
ENSDART00000073441	SNTB2	14	32.4	30.2	9.2	18.3	48.1	56.4	NA	NA	NA
ENSDART00000151293	znrf2a	23	42.0	46.5	14.2	24.5	59.5	70.0	NA	NA	NA
ENSDART00000089339	dph7	55	28.1	24.8	10.0	16.5	38.0	50.9	NA	NA	NA
ENSDART00000062278	ndufa12	44	33.0	29.5	11.2	22.7	39.6	63.7	NA	NA	NA
ENSDART00000123166	zgc:152891	2	24.9	24.9	NA	NA	NA	NA	NA	NA	NA
ENSDART00000151299	scn8ab	4	26.1	20.3	NA	NA	NA	NA	NA	NA	NA
ENSDART00000041787	trim35-28	138	46.2	42.2	12.6	24.0	60.3	89.9	25.67	67.45	1.39373514726
ENSDART00000014183	colgalt2	1	11.6	11.6	NA	NA	NA	NA	NA	NA	NA
ENSDART00000014182	ern1	13	41.9	18.1	6.1	9.5	71.4	107.6	NA	NA	NA
ENSDART00000152409	MPP3	1	159.2	159.2	NA	NA	NA	NA	NA	NA	NA
ENSDART00000147343	dnase2	106	70.3	69.3	17.3	47.5	92.4	112.6	NA	NA	NA
ENSDART00000073440	DNAJA4	6	72.9	53.0	NA	NA	NA	NA	NA	NA	NA
ENSDART00000101661	C10H11orf30	107	62.3	61.7	17.4	34.8	84.9	100.5	8.21	25.72	1.64743651555
ENSDART00000110781	NFATC4	12	26.7	23.4	8.0	12.1	39.1	49.9	NA	NA	NA
ENSDART00000101667	MAP4K3	94	41.6	32.7	5.7	16.3	53.8	88.3	NA	NA	NA
ENSDART00000045292	spred2b	9	43.7	34.4	NA	NA	NA	NA	NA	NA	NA
ENSDART00000102484	fam49bb	43	36.2	27.5	7.9	15.2	52.8	75.2	NA	NA	NA
ENSDART00000012212	commd2	65	29.2	26.9	8.7	17.3	37.3	45.2	20.24	16.24	-0.317657657509
ENSDART00000102482	eny2	783	65.5	63.4	31.0	46.7	82.7	102.8	230.92	412.92	0.83846916745
ENSDART00000102483	rgs4	14	40.6	24.9	3.6	11.6	57.4	99.4	NA	NA	NA
ENSDART00000018895	srrt	171	109.0	114.9	43.4	76.6	143.7	161.2	72.07	263.4	1.86978459514
ENSDART00000132405	lef1	163	72.4	66.3	31.1	47.3	88.8	116.7	NA	NA	NA
ENSDART00000103570	BRPF3	8	23.2	24.5	NA	NA	NA	NA	NA	NA	NA
ENSDART00000133225	SPP2	1	23.5	23.5	NA	NA	NA	NA	NA	NA	NA
ENSDART00000138948	ccs	7	57.3	57.3	NA	NA	NA	NA	NA	NA	NA
ENSDART00000111414	alkbh6	23	47.9	38.6	18.4	28.2	55.1	98.0	NA	NA	NA
ENSDART00000111417	meaf6	226	52.3	46.2	20.8	31.2	69.6	86.6	NA	NA	NA
ENSDART00000054175	smad5	575	78.9	77.5	31.1	55.4	103.8	124.6	36.53	425.81	3.54305617257
ENSDART00000025885	pcbp2	419	84.4	89.6	25.9	57.3	113.7	131.9	85.15	858.67	3.33402535312
ENSDART00000089747	nfs1	362	31.6	24.6	9.0	15.0	41.0	60.3	NA	NA	NA
ENSDART00000142334	hnrnpl2	939	121.6	122.7	71.1	100.3	144.6	164.8	31.76	526.3	4.05060257724
ENSDART00000086021	foxred1	3	55.3	23.1	NA	NA	NA	NA	NA	NA	NA
ENSDART00000041564	cacna1f	2	49.2	49.2	NA	NA	NA	NA	NA	NA	NA
ENSDART00000077278	zgc:66475	220	71.4	69.1	34.4	51.8	90.3	110.3	11.54	108.99	3.23948064249
ENSDART00000098976	wu:fb17g07	25	94.0	96.9	55.4	83.0	111.4	121.8	NA	NA	NA
ENSDART00000109304	C23H20orf24	331	38.2	33.9	10.3	20.2	51.1	68.5	69.84	50.73	-0.461214398498
ENSDART00000077908	appb	15	47.0	46.9	15.4	23.8	58.7	74.7	NA	NA	NA
ENSDART00000109305	tbc1d12b	11	67.3	56.0	8.5	33.9	68.7	96.3	NA	NA	NA
ENSDART00000057605	adka	34	89.4	91.2	24.3	59.6	125.0	153.7	NA	NA	NA
ENSDART00000057601	snrpb2	447	75.9	77.1	28.4	51.0	101.7	118.4	394.95	798.08	1.01486334818
ENSDART00000018091	mroh1	53	40.5	30.1	10.4	18.8	54.0	93.6	5.8	7.28	0.327885550184
ENSDART00000058111	grin3b	4	37.4	33.1	NA	NA	NA	NA	NA	NA	NA
ENSDART00000074895	irx3a	9	65.3	55.9	NA	NA	NA	NA	NA	NA	NA
ENSDART00000018095	SH3GLB1	120	63.0	59.4	17.8	36.2	87.9	109.7	38.15	143.75	1.91380699388
ENSDART00000113546	BX855614.1	6	72.4	64.2	NA	NA	NA	NA	NA	NA	NA
ENSDART00000003947	flot2a	3	104.5	124.3	NA	NA	NA	NA	NA	NA	NA
ENSDART00000133168	atxn2l	395	37.7	34.8	14.6	23.0	47.7	62.4	63.95	212.59	1.73305747146
ENSDART00000027316	cnot3b	78	60.8	61.4	17.8	39.0	83.4	99.4	29.18	69.67	1.25555768004
ENSDART00000074256	ppp1r12c	104	58.8	49.2	11.1	25.5	87.5	116.3	NA	NA	NA
ENSDART00000143240	inpp5e	12	65.5	64.2	16.1	46.7	81.2	94.3	NA	NA	NA
ENSDART00000027313	ndufv2	32	25.7	22.4	12.4	16.6	29.6	43.0	NA	NA	NA
ENSDART00000074703	zgc:113098	8	42.6	44.2	NA	NA	NA	NA	NA	NA	NA
ENSDART00000133165	jam2a	149	58.2	54.2	32.9	41.6	73.8	87.4	NA	NA	NA
ENSDART00000062229	p2rx7	25	45.0	41.9	18.2	29.7	60.9	70.1	NA	NA	NA
ENSDART00000005373	spo11	21	50.7	45.4	23.9	37.7	70.6	73.5	NA	NA	NA
ENSDART00000062220	gstt1a	25	49.2	49.6	20.3	28.1	62.3	75.7	NA	NA	NA
ENSDART00000053129	snrpf	107	36.5	22.1	7.9	13.7	39.0	88.9	59.45	21.3	-1.48082337952
ENSDART00000104613	pex6	30	31.9	27.2	12.0	17.2	40.7	59.8	NA	NA	NA
ENSDART00000141704	si:rp71-45k5.2	506	40.5	29.5	7.5	15.0	53.3	93.2	NA	NA	NA
ENSDART00000056951	dcp2	6	39.4	40.6	NA	NA	NA	NA	NA	NA	NA
ENSDART00000053125	sema3e	18	54.7	53.5	9.4	28.1	72.7	99.0	NA	NA	NA
ENSDART00000053126	aanat1	28	40.6	36.7	18.3	27.9	45.0	79.1	NA	NA	NA
ENSDART00000083656	atxn2	68	37.4	30.1	12.8	20.4	49.4	69.0	NA	NA	NA
ENSDART00000102620	six7	4	47.4	37.6	NA	NA	NA	NA	NA	NA	NA
ENSDART00000053482	tsen54	14	50.8	54.3	17.2	37.8	72.3	74.8	NA	NA	NA
ENSDART00000102629	nit1	36	22.8	16.4	6.5	12.3	25.2	37.8	NA	NA	NA
ENSDART00000083659	ABCC1	60	22.4	16.9	4.9	7.9	26.0	42.7	NA	NA	NA
ENSDART00000129509	emc8	274	42.2	35.4	7.4	20.2	61.5	85.8	55.32	179.66	1.69939617738
ENSDART00000129058	rheb	106	21.2	16.5	5.4	9.6	30.8	47.0	NA	NA	NA
ENSDART00000054552	CDH8	8	26.8	20.0	NA	NA	NA	NA	NA	NA	NA
ENSDART00000123091	mthfsd	1	19.7	19.7	NA	NA	NA	NA	NA	NA	NA
ENSDART00000048322	ftr67	158	26.4	24.2	5.9	14.7	34.7	48.6	51.36	23.89	-1.10423834867
ENSDART00000057073	zgc:123010	272	61.4	57.3	17.2	33.9	84.5	112.9	NA	NA	NA
ENSDART00000126524	tbc1d23	130	49.3	46.6	12.1	21.9	64.8	96.8	19.86	53.17	1.42074684355
ENSDART00000113157	hemk1	48	22.2	20.3	6.7	12.5	32.7	41.6	NA	NA	NA
ENSDART00000140998	tceb2	18	44.1	46.0	17.4	22.9	59.9	66.9	12.09	6.86	-0.817533763076
ENSDART00000066101	neurl1b	16	34.7	35.2	9.6	13.0	45.4	64.5	NA	NA	NA
ENSDART00000066107	bcap31	78	45.5	40.3	11.5	18.8	63.3	90.9	32.85	62.15	0.91986102073
ENSDART00000092435	mgat4a	61	54.5	52.3	12.5	27.2	82.4	95.0	NA	NA	NA
ENSDART00000147975	rad54l2	37	56.3	40.7	10.6	17.3	81.9	117.4	9.91	22.98	1.21342183546
ENSDART00000077631	rab18a	59	40.1	34.1	6.3	19.9	44.2	77.5	NA	NA	NA
ENSDART00000002166	ccna1	3582	39.6	30.7	8.1	15.9	54.6	85.3	675.81	1323.13	0.969265212655
ENSDART00000020048	gsna	5	30.6	15.9	NA	NA	NA	NA	NA	NA	NA
ENSDART00000002164	unc45b	7	49.4	51.6	NA	NA	NA	NA	NA	NA	NA
ENSDART00000121743	CU571169.5	132	36.8	35.0	10.8	21.5	46.9	63.2	63.39	22.71	-1.48092756195
ENSDART00000024207	tbx2a	2	30.8	30.8	NA	NA	NA	NA	NA	NA	NA
ENSDART00000024206	celf3b	1	63.1	63.1	NA	NA	NA	NA	NA	NA	NA
ENSDART00000024750	hmgb3b	530	56.3	53.8	13.4	27.9	81.8	99.7	192.55	602.63	1.64603937153
ENSDART00000142846	cux2b	18	26.2	19.5	3.5	10.4	35.4	58.1	NA	NA	NA
ENSDART00000076596	spata17	1	136.9	136.9	NA	NA	NA	NA	NA	NA	NA
ENSDART00000009172	ttyh2	12	36.0	27.2	17.6	19.0	44.4	73.4	NA	NA	NA
ENSDART00000006840	dnm1l	162	32.1	27.7	11.6	16.3	42.8	60.2	NA	NA	NA
ENSDART00000009178	impdh2	134	36.4	30.9	10.4	19.6	44.7	62.3	36.88	63.47	0.783236186853
ENSDART00000129325	EXT1	14	39.4	39.3	18.2	29.5	49.4	59.9	NA	NA	NA
ENSDART00000143424	zgc:100832	2	165.4	165.4	NA	NA	NA	NA	NA	NA	NA
ENSDART00000113423	bin3	144	74.7	79.4	29.8	50.8	100.2	116.4	NA	NA	NA
ENSDART00000126889	CCNA2	478	87.6	90.1	19.0	45.0	124.3	148.1	480.01	2462.09	2.35874713273
ENSDART00000082163	FP102888.1	55	25.7	20.6	9.5	14.5	31.1	46.0	NA	NA	NA
ENSDART00000145316	gstm3	3	115.4	152.0	NA	NA	NA	NA	NA	NA	NA
ENSDART00000106672	arl9	75	69.3	69.3	22.7	47.7	89.4	113.3	16.99	47.4	1.4802012066
ENSDART00000028694	gnsa	27	30.2	25.6	6.8	14.3	39.9	58.7	NA	NA	NA
ENSDART00000130142	ube2w	18	36.1	29.8	11.2	14.9	41.8	90.4	NA	NA	NA
ENSDART00000055978	PARL	55	44.1	40.2	13.5	23.8	62.9	73.0	34.65	15.66	-1.14577113973
ENSDART00000087084	GRID1	2	59.3	59.3	NA	NA	NA	NA	NA	NA	NA
ENSDART00000079506	tfip11	181	35.6	33.6	9.9	19.7	48.4	57.7	30.16	34.22	0.182203331221
ENSDART00000076636	fzd2	1	1.1	1.1	NA	NA	NA	NA	NA	NA	NA
ENSDART00000079502	dbr1	115	51.2	48.6	9.0	31.2	70.2	94.7	52.37	213.25	2.02573323164
ENSDART00000052656	rras2	9	68.2	69.4	NA	NA	NA	NA	NA	NA	NA
ENSDART00000053924	IRS2	17	44.5	31.3	6.9	28.3	58.2	72.6	NA	NA	NA
ENSDART00000015956	efna1b	40	59.5	46.2	2.6	15.4	103.2	140.3	NA	NA	NA
ENSDART00000098590	cyb561a3a	55	36.5	25.1	4.0	9.9	49.0	65.4	NA	NA	NA
ENSDART00000101269	epb41l5	102	93.1	100.6	8.0	56.9	137.9	161.4	9.76	260.4	4.73770449049
ENSDART00000062957	paip1	163	32.4	28.7	7.7	14.4	43.0	66.0	NA	NA	NA
ENSDART00000128229	CR524823.3	6	29.6	27.7	NA	NA	NA	NA	NA	NA	NA
ENSDART00000053847	rad51b	91	39.0	32.7	13.3	20.3	56.5	72.1	NA	NA	NA
ENSDART00000023463	uap1l1	20	35.6	34.2	10.5	18.7	47.9	70.4	NA	NA	NA
ENSDART00000111070	ccrl1a	2	145.0	145.0	NA	NA	NA	NA	NA	NA	NA
ENSDART00000112478	MYO9B	6	58.6	61.4	NA	NA	NA	NA	14.27	15.83	0.149675920661
ENSDART00000128907	ACTN4	103	87.5	88.3	28.8	63.3	114.8	146.7	NA	NA	NA
ENSDART00000128670	dusp1	217	41.9	27.0	4.4	13.0	53.6	103.2	13.42	35.34	1.39691736835
ENSDART00000128672	CABZ01012857.1	60	27.3	22.2	10.5	15.6	36.2	49.4	NA	NA	NA
ENSDART00000128902	PROSER1	20	30.3	25.0	9.0	17.2	43.4	61.7	NA	NA	NA
ENSDART00000128677	mapk8b	13	61.8	65.3	20.4	39.9	83.0	98.2	NA	NA	NA
ENSDART00000128676	NCR3LG1	4	31.9	27.8	NA	NA	NA	NA	NA	NA	NA
ENSDART00000053925	mtmr7a	49	24.7	20.1	5.6	10.5	34.3	46.3	NA	NA	NA
ENSDART00000109282	swi5	35	24.2	22.4	7.2	14.3	27.0	42.9	NA	NA	NA
ENSDART00000063578	srd5a3	8	28.0	23.2	NA	NA	NA	NA	NA	NA	NA
ENSDART00000109284	ap4e1	70	21.0	19.0	3.8	10.1	26.8	39.7	NA	NA	NA
ENSDART00000067059	CR854923.1	3	27.4	17.1	NA	NA	NA	NA	NA	NA	NA
ENSDART00000025256	igfbp2b	21	40.0	44.5	7.1	13.2	58.3	79.4	NA	NA	NA
ENSDART00000067057	alkbh3	44	32.9	30.0	11.7	17.3	38.4	59.6	NA	NA	NA
ENSDART00000063575	si:dkeyp-53d3.6	3	17.9	17.6	NA	NA	NA	NA	NA	NA	NA
ENSDART00000063570	polm	88	80.0	80.1	24.7	42.8	110.6	127.6	23.67	31.12	0.394782354252
ENSDART00000063571	zgc:112958	6	33.2	39.2	NA	NA	NA	NA	NA	NA	NA
ENSDART00000063572	gtf3c6	19	46.8	34.1	18.2	27.9	50.9	58.8	20.42	7.36	-1.47220519482
ENSDART00000151226	zgc:136851	14	35.9	27.3	6.3	15.3	50.0	69.2	NA	NA	NA
ENSDART00000151502	si:ch1073-127d16.1	6	28.2	17.9	NA	NA	NA	NA	NA	NA	NA
ENSDART00000130286	CR762484.3	3	19.7	20.7	NA	NA	NA	NA	NA	NA	NA
ENSDART00000025153	gata3	94	77.2	64.7	20.6	33.6	116.7	148.6	NA	NA	NA
ENSDART00000052474	tipin	425	51.1	50.0	16.2	29.1	68.6	88.3	64.3	263.38	2.03425515473
ENSDART00000091169	abcb7	83	65.9	65.0	26.9	39.1	86.5	104.2	15.55	63.96	2.04025535846
ENSDART00000019910	dlx1a	4	17.4	11.5	NA	NA	NA	NA	NA	NA	NA
ENSDART00000043239	glulc	2	64.0	64.0	NA	NA	NA	NA	NA	NA	NA
ENSDART00000114096	arrdc1b	7	41.1	30.5	NA	NA	NA	NA	NA	NA	NA
ENSDART00000126873	myhz2	1	211.6	211.6	NA	NA	NA	NA	NA	NA	NA
ENSDART00000052385	tph1b	18	72.2	58.4	15.2	33.8	113.7	134.6	NA	NA	NA
ENSDART00000083898	ppap2b	34	30.7	24.8	6.9	15.8	36.2	65.6	NA	NA	NA
ENSDART00000012747	slain1a	5	27.5	28.4	NA	NA	NA	NA	NA	NA	NA
ENSDART00000148660	arntl1a	167	28.9	27.7	3.6	12.7	41.4	56.6	NA	NA	NA
ENSDART00000114098	dkk2	1	58.6	58.6	NA	NA	NA	NA	NA	NA	NA
ENSDART00000086576	DNER	2	20.2	20.2	NA	NA	NA	NA	NA	NA	NA
ENSDART00000058066	CPXM1	7	29.8	30.9	NA	NA	NA	NA	NA	NA	NA
ENSDART00000112918	fbxo11a	11	38.0	24.9	14.4	19.6	43.4	89.0	13.29	6.75	-0.977381697338
ENSDART00000149311	gpr63	119	50.7	43.0	16.8	27.4	68.7	94.8	23.03	5.25	-2.13312508324
ENSDART00000062459	rbm19	7	74.4	80.8	NA	NA	NA	NA	11.18	21.18	0.921782401149
ENSDART00000129329	rpain	3	8.3	7.6	NA	NA	NA	NA	NA	NA	NA
ENSDART00000049147	rbm48	12	50.2	44.0	24.3	32.9	50.9	57.4	29.26	6.78	-2.109572591
ENSDART00000004288	ift81	19	41.2	32.8	11.1	23.3	49.4	80.6	NA	NA	NA
ENSDART00000127982	SUOX	2	154.1	154.1	NA	NA	NA	NA	NA	NA	NA
ENSDART00000128012	wu:fb12e11	253	25.2	23.1	5.1	11.1	36.2	49.6	NA	NA	NA
ENSDART00000099751	fance	3	46.1	18.3	NA	NA	NA	NA	NA	NA	NA
ENSDART00000080351	dhx57	71	34.2	31.6	13.6	19.8	45.0	57.6	NA	NA	NA
ENSDART00000099754	CCDC97	26	44.5	28.3	10.3	13.4	61.3	73.9	NA	NA	NA
ENSDART00000085956	RPRD1A	64	40.3	34.9	12.3	25.5	49.6	75.2	NA	NA	NA
ENSDART00000109130	RECQL4	173	39.7	37.2	12.4	19.6	55.3	70.8	30.0	43.54	0.537378906805
ENSDART00000109137	TBC1D4	17	44.8	38.4	9.4	13.0	59.6	105.8	NA	NA	NA
ENSDART00000021317	ctr9	64	66.2	64.2	30.9	44.5	81.8	108.2	20.59	72.24	1.81085406285
ENSDART00000045697	zgc:56493	507	42.4	41.8	14.8	24.1	57.9	70.7	291.56	598.35	1.03719681861
ENSDART00000109134	plekhm2	258	39.2	33.7	9.5	17.2	53.5	79.7	NA	NA	NA
ENSDART00000145868	pold2	93	40.2	31.8	9.6	17.9	51.7	73.9	21.8	31.17	0.515830019961
ENSDART00000088513	gnl1	43	48.2	44.6	17.9	28.4	62.9	80.6	NA	NA	NA
ENSDART00000145864	psd3l	7	27.7	27.1	NA	NA	NA	NA	NA	NA	NA
ENSDART00000145867	znf451	65	30.9	30.5	9.1	15.7	42.0	54.8	10.47	1.37	-2.93401364397
ENSDART00000111784	rin1a	1	22.5	22.5	NA	NA	NA	NA	NA	NA	NA
ENSDART00000148669	GLTPD2	12	58.7	66.6	29.5	34.8	77.0	78.0	NA	NA	NA
ENSDART00000128550	palb2	53	44.4	38.6	11.0	24.4	65.1	87.2	11.11	12.69	0.191833252452
ENSDART00000114326	si:dkey-228b2.5	48	53.1	47.4	17.0	29.9	73.3	93.5	NA	NA	NA
ENSDART00000114327	wu:fe11b02	1	101.3	101.3	NA	NA	NA	NA	NA	NA	NA
ENSDART00000114322	rusc1	3	25.6	13.8	NA	NA	NA	NA	NA	NA	NA
ENSDART00000048107	ltbp3	4	69.3	58.6	NA	NA	NA	NA	NA	NA	NA
ENSDART00000140695	cdca7a	2222	87.6	87.7	39.0	60.8	113.0	135.1	126.72	1765.47	3.80033616046
ENSDART00000023806	zgc:110319	58	55.6	51.9	28.9	41.4	75.7	86.5	17.16	78.62	2.19584681092
ENSDART00000114328	wdr11	5	48.2	26.8	NA	NA	NA	NA	NA	NA	NA
ENSDART00000089108	fndc3ba	19	36.5	36.9	8.1	13.4	50.2	74.8	NA	NA	NA
ENSDART00000004756	hsp90aa1.1	1	1.8	1.8	NA	NA	NA	NA	NA	NA	NA
ENSDART00000115011	CABZ01009712.1	3	47.4	34.8	NA	NA	NA	NA	NA	NA	NA
ENSDART00000067709	SLC27A6	11	73.5	79.1	31.2	51.1	97.2	103.0	NA	NA	NA
ENSDART00000007392	arl5a	89	30.4	26.7	10.1	17.5	37.8	53.6	42.92	23.26	-0.883798979283
ENSDART00000007827	spra	4	75.5	83.4	NA	NA	NA	NA	NA	NA	NA
ENSDART00000031304	derl1	101	62.1	61.2	24.0	40.9	83.1	97.4	18.01	89.58	2.31437848495
ENSDART00000060880	ppih	156	101.5	102.2	55.0	85.6	123.0	139.9	52.54	235.22	2.16252262752
ENSDART00000007398	gcat	187	50.4	49.6	16.5	31.8	67.4	82.8	46.34	110.28	1.25084122315
ENSDART00000140926	zmym4	69	57.8	54.4	24.0	34.5	78.2	100.9	20.01	72.62	1.85964576289
ENSDART00000144195	casp8ap2	99	36.1	23.8	7.1	13.1	38.4	88.0	24.91	23.87	-0.0615264551591
ENSDART00000006669	SCML2	1	43.5	43.5	NA	NA	NA	NA	NA	NA	NA
ENSDART00000141345	si:ch211-133l5.7	3	19.6	23.6	NA	NA	NA	NA	NA	NA	NA
ENSDART00000030213	mapk1	145	28.3	21.8	4.7	13.2	39.5	55.8	NA	NA	NA
ENSDART00000141349	gpat2	39	92.0	99.5	37.0	61.4	123.3	152.6	9.36	78.7	3.07178320081
ENSDART00000029719	si:ch211-114c12.2	41	104.7	104.8	17.8	78.6	131.2	174.5	16.07	100.74	2.64819480198
ENSDART00000008421	spata6l	22	48.5	35.9	-6.1	5.3	70.2	128.9	NA	NA	NA
ENSDART00000054735	SYNPR	1	56.9	56.9	NA	NA	NA	NA	NA	NA	NA
ENSDART00000039485	gabarapl2	145	32.3	32.0	7.3	14.9	45.8	61.1	NA	NA	NA
ENSDART00000063320	cldne	170	81.5	78.8	26.0	49.9	111.8	134.6	NA	NA	NA
ENSDART00000103898	srd5a1	2	71.8	71.8	NA	NA	NA	NA	NA	NA	NA
ENSDART00000062666	il15l	23	28.6	24.0	13.7	14.9	36.7	40.7	NA	NA	NA
ENSDART00000081513	col4a2	7	37.2	31.1	NA	NA	NA	NA	NA	NA	NA
ENSDART00000111367	si:dkey-56e3.3	101	26.2	23.7	6.4	13.4	39.7	47.1	28.65	15.97	-0.843170826233
ENSDART00000000552	ofd1	87	51.8	47.0	25.6	36.2	63.9	79.7	33.3	20.39	-0.707660401942
ENSDART00000122275	ATG16L2	2	41.3	41.3	NA	NA	NA	NA	NA	NA	NA
ENSDART00000126348	BX601644.1	2	81.3	81.3	NA	NA	NA	NA	NA	NA	NA
ENSDART00000047461	mfsd2ab	179	27.6	20.6	5.9	12.9	31.1	48.6	NA	NA	NA
ENSDART00000124955	ezrb	354	44.7	39.7	11.6	21.6	62.8	89.0	56.08	170.81	1.60683418495
ENSDART00000121704	sirt5	52	55.8	54.6	22.7	35.0	74.6	86.4	NA	NA	NA
ENSDART00000124957	ankzf1	53	44.1	45.0	15.0	33.3	55.1	69.0	35.14	20.91	-0.748921129419
ENSDART00000134717	tspan18a	17	33.1	31.1	7.2	10.1	49.3	61.4	NA	NA	NA
ENSDART00000122273	FP085386.1	36	32.8	27.1	7.6	16.0	34.7	59.3	NA	NA	NA
ENSDART00000081338	slc9a5	1	5.8	5.8	NA	NA	NA	NA	NA	NA	NA
ENSDART00000125552	adprh	9	36.5	38.5	NA	NA	NA	NA	NA	NA	NA
ENSDART00000006412	pde11al	1	3.8	3.8	NA	NA	NA	NA	NA	NA	NA
ENSDART00000081515	zgc:113385	11	30.7	30.9	13.9	22.7	39.9	44.9	NA	NA	NA
ENSDART00000060089	FP236542.1	3	29.9	23.1	NA	NA	NA	NA	NA	NA	NA
ENSDART00000056388	CU896602.1	1	41.5	41.5	NA	NA	NA	NA	NA	NA	NA
ENSDART00000144732	LRRC8A	2	32.0	32.0	NA	NA	NA	NA	NA	NA	NA
ENSDART00000131957	crfb2	1	29.8	29.8	NA	NA	NA	NA	NA	NA	NA
ENSDART00000136274	si:ch211-146l10.7	249	55.1	53.8	23.7	38.6	70.3	85.9	22.24	9.6	-1.21205047711
ENSDART00000018792	spag7	266	77.7	78.1	30.1	56.4	99.7	118.5	64.04	201.71	1.65523739599
ENSDART00000080829	hspa14	166	70.2	65.5	19.5	41.3	96.9	122.7	39.69	148.04	1.8991395733
ENSDART00000123639	taf12	1	51.6	51.6	NA	NA	NA	NA	NA	NA	NA
ENSDART00000006417	pgm1	67	36.0	36.9	12.4	19.8	48.5	61.4	NA	NA	NA
ENSDART00000044270	ttc21b	32	23.4	19.0	4.0	7.9	25.6	60.2	4.87	4.17	-0.223874388638
ENSDART00000146591	GUCA1A	1	57.1	57.1	NA	NA	NA	NA	NA	NA	NA
ENSDART00000121859	fa2h	3	56.0	54.2	NA	NA	NA	NA	NA	NA	NA
ENSDART00000019269	lnpep	96	56.6	48.7	15.0	30.1	79.5	114.2	NA	NA	NA
ENSDART00000146595	zgc:193742	5	49.2	55.8	NA	NA	NA	NA	NA	NA	NA
ENSDART00000011076	cers5	102	44.7	34.7	13.4	19.0	60.8	95.1	NA	NA	NA
ENSDART00000019267	kcnj1b	9	90.2	98.1	NA	NA	NA	NA	NA	NA	NA
ENSDART00000147426	pdrg1	66	36.4	34.1	12.7	23.2	48.2	63.4	NA	NA	NA
ENSDART00000073648	kxd1	107	33.3	29.8	5.5	16.8	43.1	64.2	NA	NA	NA
ENSDART00000061135	gopc	121	50.7	44.4	12.0	19.7	78.8	94.2	24.54	72.46	1.56204955679
ENSDART00000147423	gpx4a	28	63.8	70.8	16.6	35.6	92.9	98.7	NA	NA	NA
ENSDART00000105427	mif	43	29.1	29.5	9.3	18.0	38.6	50.2	NA	NA	NA
ENSDART00000065104	TMEM185B	107	28.3	26.4	6.6	15.5	37.9	56.7	NA	NA	NA
ENSDART00000031127	snx4	109	42.1	37.2	15.5	22.1	60.0	74.9	NA	NA	NA
ENSDART00000121592	acvr2b	38	43.0	40.6	-3.4	18.5	61.7	94.0	18.76	52.71	1.49041686421
ENSDART00000028003	ankrd22	123	32.2	26.3	9.0	16.0	41.7	67.0	NA	NA	NA
ENSDART00000019957	ddx39ab	1048	81.8	83.5	32.9	56.9	105.3	125.2	324.08	2060.9	2.66885260817
ENSDART00000018514	dlc	6	99.0	104.9	NA	NA	NA	NA	NA	NA	NA
ENSDART00000060625	lgi3	1	103.4	103.4	NA	NA	NA	NA	NA	NA	NA
ENSDART00000028007	supt6h	61	111.4	117.5	47.2	86.3	139.0	155.5	27.24	122.67	2.17098386024
ENSDART00000034849	grin1b	1	43.5	43.5	NA	NA	NA	NA	NA	NA	NA
ENSDART00000018832	ZCCHC4	3	45.9	40.5	NA	NA	NA	NA	NA	NA	NA
ENSDART00000053509	plagx	60	44.7	31.3	8.0	17.3	54.3	95.3	NA	NA	NA
ENSDART00000081990	STRIP2	17	29.8	14.1	4.4	10.1	47.4	69.6	NA	NA	NA
ENSDART00000103144	dctn2	80	50.7	47.7	21.6	30.4	67.1	88.2	NA	NA	NA
ENSDART00000113971	iqsec3a	3	13.1	17.5	NA	NA	NA	NA	NA	NA	NA
ENSDART00000103147	hoxc12a	2	45.7	45.7	NA	NA	NA	NA	NA	NA	NA
ENSDART00000020861	pdk1	33	41.6	29.3	10.1	17.1	70.1	82.9	NA	NA	NA
ENSDART00000067489	si:ch211-51e12.7	680	82.0	86.2	28.6	59.3	106.9	125.3	49.43	300.19	2.60241710677
ENSDART00000133156	hnrpkl	12	37.8	35.0	4.5	15.8	60.9	70.3	NA	NA	NA
ENSDART00000011534	ipo9	117	55.3	46.5	12.4	25.9	78.8	111.4	15.31	89.06	2.54030332894
ENSDART00000082465	slc39a4	2	63.4	63.4	NA	NA	NA	NA	NA	NA	NA
ENSDART00000082464	NHSL2	3	40.5	34.9	NA	NA	NA	NA	NA	NA	NA
ENSDART00000132052	pnkp	149	48.0	42.8	15.3	25.4	60.7	84.1	36.23	68.18	0.912163793687
ENSDART00000065365	tpst1l	59	38.0	32.0	10.7	19.1	45.3	69.6	NA	NA	NA
ENSDART00000077386	PRSS16	63	72.7	71.2	31.7	49.7	87.5	115.8	11.35	48.48	2.09469740129
ENSDART00000043492	trappc6bl	186	36.5	33.3	10.3	19.8	50.2	67.3	NA	NA	NA
ENSDART00000149969	znf367	233	26.2	18.9	5.7	11.9	29.8	46.3	NA	NA	NA
ENSDART00000110951	megf8	17	53.1	55.8	15.2	22.6	78.7	111.2	2.73	2.23	-0.291857241
ENSDART00000075070	hsf2	125	51.6	44.3	21.8	29.2	68.9	93.5	50.78	70.73	0.478061866318
ENSDART00000102363	rcn1	4	49.3	25.5	NA	NA	NA	NA	NA	NA	NA
ENSDART00000093068	zgc:112425	707	114.0	124.8	24.2	81.2	149.6	173.1	343.7	1275.96	1.89236134602
ENSDART00000015777	abce1	258	52.0	46.7	16.2	29.1	63.8	98.6	53.42	79.4	0.571759031395
ENSDART00000045056	lrrc42	163	32.5	30.7	11.5	20.4	43.0	52.4	NA	NA	NA
ENSDART00000092138	ubap2l	219	22.5	15.1	2.1	7.7	27.2	50.9	32.84	31.41	-0.0642301841258
ENSDART00000043496	zgc:172121	6	33.2	22.2	NA	NA	NA	NA	NA	NA	NA
ENSDART00000013217	snrpd1	290	117.4	119.8	62.7	84.1	148.7	167.1	316.39	179.88	-0.814669212782
ENSDART00000074284	spred2a	6	55.6	49.0	NA	NA	NA	NA	NA	NA	NA
ENSDART00000074285	syngr2a	11	73.8	67.1	5.1	24.2	124.2	138.2	NA	NA	NA
ENSDART00000136898	lpp	32	58.7	49.8	18.9	32.5	82.5	112.8	NA	NA	NA
ENSDART00000077381	nxf1	153	33.0	21.7	6.1	13.5	41.7	71.7	30.1	33.12	0.137939185852
ENSDART00000104110	slc25a18	8	51.0	46.7	NA	NA	NA	NA	NA	NA	NA
ENSDART00000066665	ctnnd2a	3	28.0	30.7	NA	NA	NA	NA	NA	NA	NA
ENSDART00000142474	phc2a	731	34.6	27.9	7.9	16.0	46.9	65.8	22.87	35.19	0.621709148338
ENSDART00000055129	polr3k	32	39.1	35.5	13.0	18.6	53.0	70.5	NA	NA	NA
ENSDART00000041992	dhrs12	65	37.2	34.6	5.1	16.3	59.9	78.4	NA	NA	NA
ENSDART00000093289	xrcc6bp1	130	26.3	26.6	5.8	13.2	35.4	44.3	NA	NA	NA
ENSDART00000067004	phpt1	141	48.6	43.3	18.3	28.6	60.2	85.7	NA	NA	NA
ENSDART00000102027	kpna5	19	86.5	87.5	12.6	51.8	124.3	144.5	NA	NA	NA
ENSDART00000051818	utp6	86	56.2	56.1	24.0	40.4	75.2	89.1	52.86	153.59	1.53883595745
ENSDART00000043843	siah1	56	50.5	28.5	7.7	15.6	61.9	148.8	NA	NA	NA
ENSDART00000063587	st6galnac5b	9	30.3	33.1	NA	NA	NA	NA	NA	NA	NA
ENSDART00000056105	FER1L6	2	63.6	63.6	NA	NA	NA	NA	NA	NA	NA
ENSDART00000109459	SMG9	17	28.5	23.7	16.2	18.1	33.4	47.4	NA	NA	NA
ENSDART00000083229	mblac2	29	53.3	47.6	10.0	32.0	74.6	97.6	NA	NA	NA
ENSDART00000109455	TDRD12	12	22.2	14.6	10.1	11.2	25.6	52.7	3.94	10.16	1.36663286732
ENSDART00000035538	ptp4a3	373	50.3	46.2	18.4	30.8	65.2	90.0	NA	NA	NA
ENSDART00000109450	fam171a1	374	59.6	53.6	12.3	27.1	85.7	118.7	21.61	38.14	0.819605771453
ENSDART00000130338	pou6f1	42	26.8	23.1	9.7	14.6	31.6	50.3	NA	NA	NA
ENSDART00000135128	bag6l	70	61.5	60.3	21.0	39.1	80.9	100.4	9.47	55.37	2.54766819106
ENSDART00000135125	serp2	5	49.9	44.2	NA	NA	NA	NA	NA	NA	NA
ENSDART00000135124	acbd5a	65	40.4	36.8	4.4	13.2	58.7	88.0	NA	NA	NA
ENSDART00000092884	lrrc58b	33	34.7	26.1	7.6	15.7	47.1	74.7	NA	NA	NA
ENSDART00000097618	si:dkey-40c11.2	1	56.5	56.5	NA	NA	NA	NA	NA	NA	NA
ENSDART00000063052	hook1	50	35.7	29.4	10.3	14.8	49.6	69.3	NA	NA	NA
ENSDART00000151882	si:ch211-66k16.27	15	45.7	31.4	9.2	16.4	68.7	88.7	NA	NA	NA
ENSDART00000097615	mob1ba	152	60.4	58.3	14.0	35.0	80.6	104.3	NA	NA	NA
ENSDART00000132799	WNK3	52	49.7	47.9	12.1	27.1	66.2	92.1	12.05	13.11	0.121634539104
ENSDART00000097429	BX470189.1	64	33.5	29.9	8.1	16.9	53.2	63.8	NA	NA	NA
ENSDART00000035531	C3H16orf13	62	39.7	34.6	12.0	20.3	57.0	74.7	NA	NA	NA
ENSDART00000065817	pou5f3	780	78.0	75.5	18.4	39.7	115.6	143.1	104.69	1053.62	3.33115908888
ENSDART00000037904	socs3b	24	25.1	22.9	8.4	14.1	39.8	49.1	NA	NA	NA
ENSDART00000023255	btd	16	55.7	56.4	32.9	34.5	66.0	82.0	NA	NA	NA
ENSDART00000112147	sp8b	26	45.6	37.5	13.4	21.8	63.7	85.2	NA	NA	NA
ENSDART00000098038	dscamb	9	53.2	47.1	NA	NA	NA	NA	NA	NA	NA
ENSDART00000001376	arl14ep	113	24.5	20.6	4.6	10.9	31.6	47.5	43.83	17.25	-1.34532231697
ENSDART00000037906	hirip3	121	32.3	29.0	9.8	16.3	42.4	58.3	127.25	3.11	-5.35460726572
ENSDART00000023784	pdha1a	242	45.9	44.7	15.6	28.4	60.1	79.9	36.06	86.54	1.26296772399
ENSDART00000049793	gstm	400	37.2	29.4	9.0	17.1	50.1	77.9	69.24	109.09	0.655841229758
ENSDART00000125364	rufy3	78	30.0	27.8	9.4	16.5	39.8	55.8	41.34	34.46	-0.2626156872
ENSDART00000125365	CT027744.3	2	54.9	54.9	NA	NA	NA	NA	NA	NA	NA
ENSDART00000128246	polr1c	104	42.8	35.9	14.9	25.1	52.8	73.9	18.2	36.47	1.00277174925
ENSDART00000102858	nucks1a	561	108.0	116.9	45.3	78.4	141.2	160.1	152.9	809.58	2.40458524319
ENSDART00000073640	plag1	7	26.5	35.0	NA	NA	NA	NA	NA	NA	NA
ENSDART00000058491	ppt1	39	57.6	54.7	20.0	28.6	70.9	85.8	45.72	100.43	1.13529298041
ENSDART00000045894	rnaseh2a	168	44.7	43.7	20.7	31.8	55.6	68.2	29.12	73.67	1.33906688709
ENSDART00000133471	msrb1a	87	76.9	84.3	17.6	34.4	114.5	132.1	NA	NA	NA
ENSDART00000058496	phc1	124	42.8	35.4	7.9	20.1	54.7	86.5	12.71	33.29	1.38912484014
ENSDART00000048843	supt4h1	152	76.6	72.4	29.5	56.7	95.0	119.3	105.22	251.32	1.25611653001
ENSDART00000005258	fam184a	3	26.3	29.7	NA	NA	NA	NA	NA	NA	NA
ENSDART00000092082	manf	435	35.1	30.7	11.3	19.9	45.2	62.7	NA	NA	NA
ENSDART00000142455	sdccag3	7	32.5	20.9	NA	NA	NA	NA	NA	NA	NA
ENSDART00000142457	stau2	50	64.1	66.8	14.4	32.8	90.4	107.7	66.17	54.58	-0.277804884943
ENSDART00000142104	si:ch211-198c19.2	22	28.4	23.6	13.2	16.5	38.2	45.0	NA	NA	NA
ENSDART00000150769	si:ch211-162i8.5	1	38.2	38.2	NA	NA	NA	NA	NA	NA	NA
ENSDART00000112490	FNIP2	33	74.7	75.5	36.9	53.1	102.6	110.7	7.56	19.15	1.34088625259
ENSDART00000052422	mtx1b	20	53.8	60.1	21.4	31.2	68.4	79.7	NA	NA	NA
ENSDART00000046641	map3k5	21	23.4	21.3	6.6	12.8	32.0	44.1	NA	NA	NA
ENSDART00000131319	ctps1a	13	76.6	71.4	36.8	57.5	93.0	118.1	34.57	88.45	1.35534153932
ENSDART00000144859	pus1	219	38.3	35.9	11.9	21.2	51.5	66.5	81.3	101.05	0.313742064305
ENSDART00000143652	zgc:63972	20	36.5	27.9	13.1	16.0	54.7	65.5	NA	NA	NA
ENSDART00000127638	AMPD2	4	124.2	133.5	NA	NA	NA	NA	NA	NA	NA
ENSDART00000144856	LENG9	33	38.4	32.1	11.4	23.0	55.5	66.0	NA	NA	NA
ENSDART00000144855	tpd52l2a	57	40.3	33.1	12.2	16.7	53.1	84.8	NA	NA	NA
ENSDART00000046648	clptm1	76	54.0	45.2	13.0	27.5	77.3	103.7	15.13	73.6	2.28229377873
ENSDART00000131310	si:dkey-93n13.2	12	43.6	40.4	19.3	28.1	56.2	65.6	NA	NA	NA
ENSDART00000077734	C3H16orf72	108	47.6	35.7	10.2	16.9	56.9	104.7	25.52	46.13	0.854076963301
ENSDART00000008638	rgma	3	7.2	7.4	NA	NA	NA	NA	NA	NA	NA
ENSDART00000045881	dicer1	87	50.1	42.0	8.0	18.2	75.5	101.3	7.29	19.66	1.43127260201
ENSDART00000061713	nudt3a	18	47.7	43.9	19.7	36.0	62.0	78.2	NA	NA	NA
ENSDART00000078822	dlg2	1	21.2	21.2	NA	NA	NA	NA	NA	NA	NA
ENSDART00000003621	sinup	204	32.3	27.6	11.5	18.4	40.0	61.3	NA	NA	NA
ENSDART00000091570	fam69a	69	27.6	25.0	7.8	15.2	34.5	53.0	NA	NA	NA
ENSDART00000126941	CABZ01080590.1	68	35.2	29.4	6.2	16.1	47.7	73.9	NA	NA	NA
ENSDART00000114668	sccpdha	3	32.0	33.9	NA	NA	NA	NA	NA	NA	NA
ENSDART00000129265	SIMC1	15	21.3	12.5	4.4	10.4	21.3	42.3	NA	NA	NA
ENSDART00000078297	zgc:153215	230	48.6	39.6	12.3	21.7	66.5	102.2	44.01	59.51	0.43530074607
ENSDART00000126947	CU463857.1	3	37.8	21.3	NA	NA	NA	NA	NA	NA	NA
ENSDART00000145685	srsf3b	743	90.8	92.1	37.0	62.8	117.2	140.9	99.28	616.84	2.63532130163
ENSDART00000020786	eif2b3	14	29.0	31.3	15.8	24.2	32.9	36.3	NA	NA	NA
ENSDART00000131115	ap1s2	56	66.7	70.4	23.7	45.1	89.3	112.0	NA	NA	NA
ENSDART00000084184	aimp1	65	54.9	50.4	19.7	39.4	66.6	88.3	37.98	26.42	-0.523609438903
ENSDART00000044860	maff	23	37.1	23.8	6.2	12.7	56.0	86.9	NA	NA	NA
ENSDART00000114667	zgc:161969	111	89.8	89.4	18.8	50.4	122.1	165.2	10.92	31.77	1.54069223379
ENSDART00000133441	pcnxl3	34	34.9	27.7	5.8	18.7	44.8	66.0	6.56	3.01	-1.12393232786
ENSDART00000062569	acad8	60	31.9	24.2	7.2	15.0	44.5	69.0	NA	NA	NA
ENSDART00000052359	gtf2h4	44	56.7	56.3	22.1	38.7	70.6	93.8	14.0	28.5	1.02553509211
ENSDART00000062563	rreb1b	30	37.4	35.1	13.6	20.8	49.4	58.9	NA	NA	NA
ENSDART00000014568	urod	18	47.1	39.1	8.2	25.0	60.6	90.9	16.0	40.69	1.3466023753
ENSDART00000090486	PARP9	19	63.9	63.0	22.5	42.4	83.0	104.4	NA	NA	NA
ENSDART00000090484	tecpr1a	45	34.3	29.2	9.3	17.3	47.9	69.9	NA	NA	NA
ENSDART00000149761	aurkaip1	638	34.3	30.4	11.3	19.6	42.3	58.4	154.78	44.09	-1.81169568267
ENSDART00000115166	zgc:152863	180	25.1	19.2	6.0	11.5	31.8	39.5	NA	NA	NA
ENSDART00000136784	samd10a	11	43.0	30.2	13.3	16.1	68.0	76.9	NA	NA	NA
ENSDART00000131176	ORC2	111	53.1	45.7	26.1	36.0	67.9	86.0	NA	NA	NA
ENSDART00000106101	si:dkey-19a16.7	22	32.0	18.2	-3.0	8.0	43.8	84.2	NA	NA	NA
ENSDART00000125949	cep68	72	43.3	39.3	12.7	23.0	56.1	77.3	NA	NA	NA
ENSDART00000067426	nisch	21	36.3	30.3	12.1	17.0	42.3	76.8	NA	NA	NA
ENSDART00000067427	yeats4	34	94.9	94.6	34.8	55.4	125.9	147.8	24.65	56.15	1.18769837602
ENSDART00000145109	slco2b1	2	55.7	55.7	NA	NA	NA	NA	NA	NA	NA
ENSDART00000028062	smyd2b	1	78.6	78.6	NA	NA	NA	NA	NA	NA	NA
ENSDART00000145103	cntfr	4	26.0	27.6	NA	NA	NA	NA	NA	NA	NA
ENSDART00000114401	ppp2r2d	184	26.7	23.3	5.5	12.9	35.7	50.7	37.88	8.79	-2.10750126032
ENSDART00000113360	arid2	99	64.8	60.4	17.3	36.0	91.5	119.1	36.01	85.39	1.24566952658
ENSDART00000113362	IP6K1	20	31.0	26.9	12.4	16.4	42.7	54.5	NA	NA	NA
ENSDART00000020251	srsf6a	550	96.4	102.6	48.2	78.6	117.3	131.6	91.12	981.31	3.42886930978
ENSDART00000020252	pdip5	321	41.6	37.7	9.6	20.0	59.8	79.0	112.58	159.97	0.506850821111
ENSDART00000049720	CR392006.2	1	21.0	21.0	NA	NA	NA	NA	NA	NA	NA
ENSDART00000020256	lgsn	5	45.0	45.6	NA	NA	NA	NA	NA	NA	NA
ENSDART00000005879	atp5o	297	20.4	17.5	4.0	9.6	27.4	39.9	122.79	2.66	-5.52862301666
ENSDART00000020259	zgc:77158	47	19.7	15.3	5.1	7.0	27.8	42.5	NA	NA	NA
ENSDART00000110316	fasn	78	65.9	61.6	20.3	37.9	88.8	109.1	NA	NA	NA
ENSDART00000131077	sp3a	73	71.4	73.1	13.0	32.0	100.6	123.6	8.29	111.61	3.75095038318
ENSDART00000150040	si:ch211-274k16.2	1	19.8	19.8	NA	NA	NA	NA	NA	NA	NA
ENSDART00000101404	KIF13A	54	40.8	37.5	5.8	18.8	56.8	80.2	NA	NA	NA
ENSDART00000024598	zp2.5	25	76.5	86.2	25.4	56.6	98.9	107.7	18.19	1.0	-4.18507363788
ENSDART00000098364	ehmt1a	132	77.0	77.8	32.0	56.3	95.7	118.0	32.75	79.92	1.28706167648
ENSDART00000098363	tprg1l	5	55.8	75.9	NA	NA	NA	NA	NA	NA	NA
ENSDART00000007857	mettl2a	216	81.4	82.6	50.7	62.9	96.7	112.2	59.55	98.02	0.718974638658
ENSDART00000098360	arrdc1a	160	30.1	27.2	6.0	15.9	39.9	55.5	NA	NA	NA
ENSDART00000081819	endog	29	56.2	57.2	20.7	39.9	74.2	88.5	NA	NA	NA
ENSDART00000009945	prkag2	1	18.4	18.4	NA	NA	NA	NA	NA	NA	NA
ENSDART00000098368	si:dkey-77f17.1	104	21.2	17.6	2.6	8.9	29.7	43.8	NA	NA	NA
ENSDART00000064194	asf1bb	71	26.0	20.2	7.6	11.0	29.0	41.9	NA	NA	NA
ENSDART00000031793	GRIK1	1	113.5	113.5	NA	NA	NA	NA	NA	NA	NA
ENSDART00000090624	lpar6a	12	62.4	45.1	17.8	18.1	114.4	129.5	NA	NA	NA
ENSDART00000031828	spon1b	8	42.0	54.2	NA	NA	NA	NA	NA	NA	NA
ENSDART00000144506	ptpn13	49	70.1	69.4	21.1	44.9	100.2	116.5	13.99	45.81	1.71126660035
ENSDART00000010932	snx15	100	30.5	27.5	9.4	16.3	41.3	55.8	NA	NA	NA
ENSDART00000136180	dis3l2	121	97.6	106.5	35.8	67.8	126.8	151.7	16.9	240.75	3.83244064645
ENSDART00000149691	ep300a	0	NA	NA	NA	NA	NA	NA	3.21	4.51	0.490554136133
ENSDART00000100658	esrra	17	52.3	65.4	4.1	28.9	80.9	88.2	NA	NA	NA
ENSDART00000063214	VDR	16	36.7	32.5	14.8	25.6	39.1	70.5	NA	NA	NA
ENSDART00000145487	klf11b	60	25.5	16.2	5.1	9.3	33.3	52.9	NA	NA	NA
ENSDART00000100800	TTC37	52	55.1	48.0	27.9	37.2	64.5	83.3	NA	NA	NA
ENSDART00000030448	vsx2	1	106.4	106.4	NA	NA	NA	NA	NA	NA	NA
ENSDART00000137784	SPAG17	3	43.3	54.0	NA	NA	NA	NA	NA	NA	NA
ENSDART00000078634	eif5a2	732	46.8	36.7	12.3	20.8	64.1	99.1	189.83	557.19	1.55346135751
ENSDART00000105485	C22H19orf70	31	28.2	25.3	9.8	13.7	37.4	45.7	NA	NA	NA
ENSDART00000132153	cryba1a	7	29.8	42.7	NA	NA	NA	NA	NA	NA	NA
ENSDART00000012399	armc1	136	53.9	49.5	16.5	27.6	75.9	101.2	NA	NA	NA
ENSDART00000038163	rad18	305	49.3	47.3	23.6	33.7	63.4	80.5	63.45	90.34	0.509744749709
ENSDART00000123207	TDG	7	18.1	14.1	NA	NA	NA	NA	NA	NA	NA
ENSDART00000130033	CABZ01055170.1	74	50.9	53.6	18.9	27.4	64.3	83.4	19.08	24.94	0.386400293824
ENSDART00000130045	pbx2	150	45.3	38.2	12.6	23.5	63.6	84.1	NA	NA	NA
ENSDART00000138914	si:ch73-314g15.3	51	40.7	36.1	13.5	24.2	50.2	76.2	NA	NA	NA
ENSDART00000031173	rps27.1	656	46.0	42.4	22.2	32.7	57.4	68.5	377.58	21.04	-4.165575739
ENSDART00000064772	cyb561d2	27	42.3	40.8	17.6	26.2	55.4	65.3	NA	NA	NA
ENSDART00000064995	sumo1	269	57.0	53.1	20.6	37.8	75.0	92.4	NA	NA	NA
ENSDART00000015214	pptc7a	3	74.6	87.5	NA	NA	NA	NA	NA	NA	NA
ENSDART00000078266	RSL1D1	57	50.8	36.6	14.5	24.4	59.8	95.7	65.61	32.76	-1.00198036413
ENSDART00000060432	cdc40	386	43.5	39.0	14.9	23.6	57.0	77.7	68.51	87.66	0.355604093746
ENSDART00000123200	traf3	30	31.4	27.9	8.2	20.6	41.3	57.9	NA	NA	NA
ENSDART00000115200	alg12	3	35.2	19.3	NA	NA	NA	NA	NA	NA	NA
ENSDART00000021120	athl1	17	44.4	42.0	14.4	21.8	60.4	81.5	NA	NA	NA
ENSDART00000115202	CU467854.2	2	26.4	26.4	NA	NA	NA	NA	NA	NA	NA
ENSDART00000047175	ssr4	595	54.6	52.5	27.5	39.2	68.4	85.2	160.48	293.24	0.86968839959
ENSDART00000115208	FBXO33	383	41.8	36.2	10.2	20.4	57.7	84.6	NA	NA	NA
ENSDART00000122102	wee1	211	59.1	41.6	7.4	16.6	99.4	136.7	NA	NA	NA
ENSDART00000038391	pkz	13	63.3	30.2	1.1	22.4	66.9	174.0	NA	NA	NA
ENSDART00000111043	fyco1a	47	37.1	19.6	3.6	12.4	48.0	102.2	7.16	15.67	1.12997368721
ENSDART00000151311	GPR161	4	71.5	72.0	NA	NA	NA	NA	NA	NA	NA
ENSDART00000151314	srpk3	2	13.2	13.2	NA	NA	NA	NA	NA	NA	NA
ENSDART00000135464	srrd	9	60.4	34.2	NA	NA	NA	NA	NA	NA	NA
ENSDART00000122101	tbx2b	2	64.5	64.5	NA	NA	NA	NA	NA	NA	NA
ENSDART00000112967	RILP	1	10.9	10.9	NA	NA	NA	NA	NA	NA	NA
ENSDART00000112960	POLD4	4	66.4	76.7	NA	NA	NA	NA	NA	NA	NA
ENSDART00000055710	aldh4a1	11	51.6	41.7	31.8	36.9	56.7	90.6	NA	NA	NA
ENSDART00000055491	smurf2	34	71.3	62.8	27.1	39.0	91.1	131.5	9.43	59.48	2.65707497138
ENSDART00000026313	tmx1	136	22.6	20.0	7.4	13.6	28.1	44.4	NA	NA	NA
ENSDART00000112969	GPR125	83	53.9	51.9	22.9	31.9	72.1	87.5	35.02	15.83	-1.1455178283
ENSDART00000026314	phf8	55	37.8	33.4	5.7	17.5	52.4	73.5	10.49	24.55	1.22670834662
ENSDART00000051664	ypel1	120	29.7	22.5	6.1	12.4	36.9	60.1	NA	NA	NA
ENSDART00000126676	foxj1b	2	139.0	139.0	NA	NA	NA	NA	NA	NA	NA
ENSDART00000122245	trrap	35	73.5	75.4	14.3	31.8	103.5	137.9	7.6	66.73	3.13426418018
ENSDART00000125561	atp6ap2	84	25.1	21.9	5.4	8.7	38.2	54.7	NA	NA	NA
ENSDART00000051668	zgc:194112	3	158.2	195.0	NA	NA	NA	NA	NA	NA	NA
ENSDART00000040900	baxb	12	18.6	19.1	6.5	15.2	25.5	27.6	NA	NA	NA
ENSDART00000039746	epb41b	1	28.8	28.8	NA	NA	NA	NA	NA	NA	NA
ENSDART00000103220	KRTCAP2	310	30.5	26.6	6.5	15.5	43.7	54.6	NA	NA	NA
ENSDART00000099283	DALRD3	100	41.7	43.3	13.2	22.8	58.6	72.9	NA	NA	NA
ENSDART00000005884	mmp14a	1	35.8	35.8	NA	NA	NA	NA	NA	NA	NA
ENSDART00000111286	znrf2b	5	39.5	37.9	NA	NA	NA	NA	NA	NA	NA
ENSDART00000099285	atmin	13	31.8	25.7	15.0	19.1	39.1	59.4	NA	NA	NA
ENSDART00000099284	slc22a5	1	20.1	20.1	NA	NA	NA	NA	NA	NA	NA
ENSDART00000057972	SLC36A4	40	42.1	41.0	15.5	32.0	51.2	59.9	NA	NA	NA
ENSDART00000059841	KIFC2	1	21.7	21.7	NA	NA	NA	NA	NA	NA	NA
ENSDART00000085158	tmem259	109	62.6	58.3	22.1	34.2	80.2	98.5	27.53	68.43	1.31362433744
ENSDART00000000160	thraa	58	23.9	20.6	4.8	10.9	32.2	43.9	NA	NA	NA
ENSDART00000014168	zfp36l1b	3	106.7	100.1	NA	NA	NA	NA	NA	NA	NA
ENSDART00000111435	HDAC5	18	50.8	44.8	17.8	28.8	57.6	107.0	NA	NA	NA
ENSDART00000111434	INPP5K	26	34.9	31.2	7.3	13.6	50.3	70.3	NA	NA	NA
ENSDART00000014163	fndc1	6	43.6	35.6	NA	NA	NA	NA	NA	NA	NA
ENSDART00000111438	mgea5	55	65.6	55.7	11.8	24.4	85.4	140.2	4.95	32.65	2.72158256147
ENSDART00000091982	r3hdm1	189	50.8	46.9	19.5	29.3	67.6	88.2	10.94	56.81	2.37653216485
ENSDART00000081676	ubap1	137	38.7	33.8	12.1	21.9	51.9	72.3	29.84	66.67	1.15979019152
ENSDART00000100606	C18H15orf61	8	35.7	30.1	NA	NA	NA	NA	NA	NA	NA
ENSDART00000100605	ttc32	144	31.8	28.0	11.2	17.8	42.0	58.0	NA	NA	NA
ENSDART00000147368	osbp2	4	30.8	28.8	NA	NA	NA	NA	NA	NA	NA
ENSDART00000051483	TM2D2	141	26.9	21.6	7.1	12.7	31.1	53.2	NA	NA	NA
ENSDART00000102519	kif3b	266	46.7	38.1	10.3	18.8	71.0	90.7	17.22	43.41	1.33394227986
ENSDART00000147317	si:dkey-117m1.3	28	48.0	28.5	12.2	19.0	54.1	100.8	NA	NA	NA
ENSDART00000126630	cx52.9	6	167.4	166.3	NA	NA	NA	NA	NA	NA	NA
ENSDART00000018301	itga5	57	61.0	65.0	23.0	35.1	82.3	106.5	4.88	51.48	3.39905900066
ENSDART00000074070	aff2	1	23.0	23.0	NA	NA	NA	NA	NA	NA	NA
ENSDART00000074073	alkbh4	7	13.5	10.3	NA	NA	NA	NA	NA	NA	NA
ENSDART00000074077	trim35-3	1	14.6	14.6	NA	NA	NA	NA	NA	NA	NA
ENSDART00000019941	CU694256.1	7	26.2	19.2	NA	NA	NA	NA	NA	NA	NA
ENSDART00000142688	si:dkey-192g7.3	1	154.2	154.2	NA	NA	NA	NA	NA	NA	NA
ENSDART00000104271	csk	14	41.3	28.1	11.6	16.9	39.0	77.6	NA	NA	NA
ENSDART00000082893	PXMP4	6	53.7	47.3	NA	NA	NA	NA	NA	NA	NA
ENSDART00000133143	gpd1b	39	67.1	53.5	8.3	19.7	111.0	138.7	NA	NA	NA
ENSDART00000127222	aes	49	24.3	22.0	11.6	14.5	31.6	39.6	NA	NA	NA
ENSDART00000050533	ccni2	103	32.1	23.9	-0.7	12.7	42.5	70.8	NA	NA	NA
ENSDART00000014306	mpp5a	74	34.0	26.5	9.8	17.8	47.9	64.5	NA	NA	NA
ENSDART00000020096	fgf13b	4	54.9	47.1	NA	NA	NA	NA	NA	NA	NA
ENSDART00000041503	slc4a4a	2	45.4	45.4	NA	NA	NA	NA	NA	NA	NA
ENSDART00000035062	nf2b	23	42.8	34.8	15.6	27.0	51.6	81.2	NA	NA	NA
ENSDART00000053863	kmt2d	107	48.6	43.2	10.1	19.7	69.9	94.7	9.46	37.73	1.99580001147
ENSDART00000001148	znf384l	12	36.5	36.9	26.7	30.3	48.4	56.6	NA	NA	NA
ENSDART00000004398	cope	272	38.6	36.0	16.4	24.5	51.8	62.2	97.44	131.08	0.427861539636
ENSDART00000077259	ebna1bp2	256	40.7	38.4	15.2	25.1	50.2	65.1	140.85	121.89	-0.20857979331
ENSDART00000050671	rap1a	218	117.2	125.6	51.0	93.4	150.3	167.3	31.31	237.12	2.92092193917
ENSDART00000061470	mtss1l	6	45.3	50.6	NA	NA	NA	NA	NA	NA	NA
ENSDART00000004423	iars	24	32.7	30.5	11.6	14.8	44.7	66.1	11.13	2.87	-1.95533095067
ENSDART00000073597	dhodh	78	45.7	40.8	15.0	22.5	60.8	86.3	26.79	16.53	-0.69660785655
ENSDART00000077251	kifc3	216	26.6	21.6	6.3	12.5	37.3	55.4	35.87	17.05	-1.07300600605
ENSDART00000073594	ANKRD11	84	57.8	42.5	15.1	24.3	80.4	135.5	84.4	12.67	-2.73582647445
ENSDART00000133547	pik3c2a	159	43.4	39.2	11.4	21.0	63.8	84.1	18.71	23.37	0.320848175542
ENSDART00000056627	cstf2	2	93.0	93.0	NA	NA	NA	NA	8.48	58.27	2.78061714078
ENSDART00000056622	hgs	125	50.2	43.5	18.0	31.9	62.9	87.7	11.43	84.48	2.88578443114
ENSDART00000057622	FAIM2	3	60.6	41.4	NA	NA	NA	NA	NA	NA	NA
ENSDART00000021977	dnmt1	682	25.0	18.7	5.2	10.1	31.6	49.3	135.05	122.32	-0.142833328036
ENSDART00000054442	med28	145	64.1	62.8	25.8	43.3	88.9	100.9	76.46	292.36	1.9349688334
ENSDART00000054440	tmem144a	17	37.0	25.0	10.4	13.3	44.4	91.2	NA	NA	NA
ENSDART00000054441	zgc:111991	62	55.7	56.9	14.3	32.5	79.9	95.7	38.08	19.01	-1.00227494666
ENSDART00000020412	pkd2	1	49.9	49.9	NA	NA	NA	NA	NA	NA	NA
ENSDART00000139355	arhgef1b	257	53.4	48.8	16.6	29.4	72.7	95.1	44.18	146.04	1.72489825008
ENSDART00000011878	eif4a1b	143	39.9	36.5	12.7	23.1	55.3	66.3	52.22	68.67	0.395077505964
ENSDART00000082325	aamp	33	56.6	57.2	21.1	34.2	73.8	83.5	10.59	2.31	-2.19673783258
ENSDART00000097684	nova1	40	44.4	30.4	9.0	17.6	48.8	112.5	NA	NA	NA
ENSDART00000066294	cdk5r1b	2	77.2	77.2	NA	NA	NA	NA	NA	NA	NA
ENSDART00000110840	SYNDIG1	6	40.1	38.1	NA	NA	NA	NA	NA	NA	NA
ENSDART00000146018	mthfr	16	28.0	25.6	7.9	17.9	37.1	50.3	NA	NA	NA
ENSDART00000059667	wdr75	146	55.4	48.6	15.2	29.2	75.0	97.9	59.46	95.1	0.67752587784
ENSDART00000020680	nup133	71	55.2	53.1	24.5	32.0	71.1	96.7	9.04	27.5	1.60503694088
ENSDART00000082329	evx2	1	16.9	16.9	NA	NA	NA	NA	NA	NA	NA
ENSDART00000049589	col11a1b	3	29.4	13.1	NA	NA	NA	NA	NA	NA	NA
ENSDART00000039438	jkamp	112	36.1	30.2	6.2	14.7	47.5	67.4	NA	NA	NA
ENSDART00000127848	CU469311.1	1	16.7	16.7	NA	NA	NA	NA	NA	NA	NA
ENSDART00000127846	nfasca	4	25.3	29.6	NA	NA	NA	NA	NA	NA	NA
ENSDART00000127845	ssh2a	266	26.2	20.6	7.4	13.3	34.9	49.2	17.07	2.04	-3.06482200106
ENSDART00000127842	ZNF768	89	50.0	41.3	16.6	26.8	67.9	88.5	NA	NA	NA
ENSDART00000127841	atl2	156	34.3	31.3	13.5	18.6	44.6	58.5	NA	NA	NA
ENSDART00000146735	tubd1	10	28.6	23.7	9.2	13.3	32.5	44.8	NA	NA	NA
ENSDART00000098953	pargl	43	50.3	50.8	12.1	29.6	71.2	82.5	9.33	11.77	0.335165334187
ENSDART00000085341	zer1	90	44.2	41.6	15.9	24.8	58.8	79.1	15.38	22.89	0.573661959594
ENSDART00000109849	kif2c	284	23.9	18.7	6.3	11.2	32.3	50.8	44.93	12.61	-1.8331107862
ENSDART00000109846	zgc:171673	1	20.5	20.5	NA	NA	NA	NA	NA	NA	NA
ENSDART00000143191	lcor	22	33.4	21.1	10.6	16.1	42.2	80.3	NA	NA	NA
ENSDART00000109843	osbpl5	13	34.4	30.5	7.7	19.6	40.6	70.6	NA	NA	NA
ENSDART00000054691	uba1	272	46.3	40.4	11.3	24.6	63.5	91.4	75.73	196.94	1.37881932943
ENSDART00000124922	CLIP3	3	36.0	36.8	NA	NA	NA	NA	NA	NA	NA
ENSDART00000026768	bmpr1aa	267	34.4	26.1	7.1	15.0	42.7	68.9	15.78	18.88	0.258761559348
ENSDART00000067803	rps3	239	29.4	23.9	-5.1	11.6	42.8	58.1	290.51	15.67	-4.21251074033
ENSDART00000129076	acrc	129	22.3	17.8	3.9	8.0	31.6	48.3	NA	NA	NA
ENSDART00000126717	CABZ01079302.1	2	33.1	33.1	NA	NA	NA	NA	NA	NA	NA
ENSDART00000102981	col8a1a	4	35.9	26.3	NA	NA	NA	NA	NA	NA	NA
ENSDART00000113179	sas	202	64.5	61.8	25.4	40.8	83.0	105.7	NA	NA	NA
ENSDART00000043776	prrc2a	98	41.2	26.7	6.8	13.0	58.5	89.8	9.86	57.14	2.53484148456
ENSDART00000145665	ccnh	198	32.6	26.9	11.1	18.6	38.2	57.6	66.8	66.35	-0.00975163710386
ENSDART00000066123	KPNA6	182	53.7	50.0	13.1	29.8	74.3	98.2	NA	NA	NA
ENSDART00000114443	si:ch211-74m13.3	16	24.5	20.0	8.4	9.2	31.4	55.4	NA	NA	NA
ENSDART00000106658	zdhhc15b	50	37.3	26.6	11.3	14.3	48.6	75.9	NA	NA	NA
ENSDART00000079692	ndr1	52	35.9	14.4	3.4	7.2	43.7	105.2	NA	NA	NA
ENSDART00000079342	si:dkeyp-87a6.1	1	25.5	25.5	NA	NA	NA	NA	NA	NA	NA
ENSDART00000079343	jazf1b	4	52.1	55.8	NA	NA	NA	NA	NA	NA	NA
ENSDART00000092416	rabl2	68	38.9	31.9	7.8	19.0	49.4	80.0	23.47	26.26	0.16204907437
ENSDART00000097424	kcmf1	158	28.7	26.8	11.7	16.2	37.5	48.0	44.26	6.15	-2.84734513557
ENSDART00000092411	galnt10	34	60.5	64.5	20.7	37.9	80.9	94.1	22.57	2.93	-2.94543384877
ENSDART00000024777	C19H1orf109	39	47.8	39.2	11.9	20.1	58.4	105.7	NA	NA	NA
ENSDART00000150692	zgc:172139	7	45.9	41.1	NA	NA	NA	NA	NA	NA	NA
ENSDART00000142867	si:dkey-58f10.7	8	56.7	49.1	NA	NA	NA	NA	NA	NA	NA
ENSDART00000142862	TTF1	5	28.0	37.8	NA	NA	NA	NA	81.85	77.38	-0.0810216879183
ENSDART00000150697	ZNF48	24	36.3	26.4	12.0	18.5	50.3	69.6	9.74	18.04	0.889205661173
ENSDART00000102879	scube3	2	77.1	77.1	NA	NA	NA	NA	NA	NA	NA
ENSDART00000077039	faah2b	43	46.1	47.2	11.2	27.7	61.9	78.0	18.58	5.03	-1.88512019658
ENSDART00000122557	kcnma1a	22	54.0	49.1	16.0	23.2	80.3	103.6	NA	NA	NA
ENSDART00000134491	med13a	192	34.2	29.9	7.9	17.0	45.5	64.7	22.7	15.03	-0.594847288262
ENSDART00000134492	alkbh2	20	14.5	12.4	3.1	6.8	21.5	28.4	NA	NA	NA
ENSDART00000006867	ddx3	129	78.2	80.3	17.0	46.4	112.3	134.6	24.64	285.86	3.5362345986
ENSDART00000027864	hnrnpr	566	126.2	131.6	75.8	104.4	151.5	170.0	25.84	266.13	3.36445317487
ENSDART00000006868	uqcrfs1	28	76.1	73.6	32.3	54.4	96.6	125.3	24.49	15.56	-0.654350713578
ENSDART00000091567	CT030046.1	29	44.5	39.1	21.3	28.1	54.2	67.4	NA	NA	NA
ENSDART00000141447	si:ch211-284o19.8	1	14.0	14.0	NA	NA	NA	NA	NA	NA	NA
ENSDART00000019898	mrpl11	55	28.0	24.3	7.5	13.8	38.8	46.4	NA	NA	NA
ENSDART00000130161	peli1b	82	39.1	29.7	10.0	17.1	46.0	66.3	NA	NA	NA
ENSDART00000130162	TCF24	38	-0.3	-7.4	-13.7	-10.0	-1.0	28.1	NA	NA	NA
ENSDART00000089506	larp4b	87	38.8	24.2	8.0	13.8	46.7	90.4	10.49	13.65	0.37988627323
ENSDART00000064201	cdc45	24	17.2	13.9	-0.9	3.4	24.1	37.7	NA	NA	NA
ENSDART00000079521	kera	1	7.3	7.3	NA	NA	NA	NA	NA	NA	NA
ENSDART00000076345	CR352249.1	17	33.5	29.8	15.5	25.1	44.8	55.6	NA	NA	NA
ENSDART00000076344	hectd1	101	49.0	43.0	15.4	26.4	70.2	91.1	26.25	29.72	0.179116693098
ENSDART00000079528	ilk	62	61.9	61.0	7.0	25.2	95.5	121.3	NA	NA	NA
ENSDART00000005118	gpx8	165	52.6	51.6	20.4	32.2	69.0	92.2	NA	NA	NA
ENSDART00000006288	dhx16	53	67.8	61.0	23.1	37.5	92.3	135.3	35.12	52.81	0.588518296536
ENSDART00000052904	SLC16A13	10	34.2	31.1	14.7	17.2	40.9	58.8	NA	NA	NA
ENSDART00000112771	ap5s1	4	65.6	67.5	NA	NA	NA	NA	NA	NA	NA
ENSDART00000112774	mrps30	315	37.9	35.8	14.3	24.5	49.6	62.2	49.83	37.33	-0.41667906538
ENSDART00000112777	si:dkey-197c15.6	52	40.1	26.7	9.4	19.9	53.5	77.4	NA	NA	NA
ENSDART00000152026	slco5a1	2	58.8	58.8	NA	NA	NA	NA	NA	NA	NA
ENSDART00000128384	CABZ01041493.1	12	63.7	57.8	12.6	36.1	93.7	119.8	NA	NA	NA
ENSDART00000086053	prdm16	4	26.2	20.4	NA	NA	NA	NA	NA	NA	NA
ENSDART00000131782	sh2d5	136	18.6	14.6	2.9	8.7	23.4	33.8	NA	NA	NA
ENSDART00000139178	slc25a14	102	51.1	45.7	18.1	30.4	66.8	94.7	NA	NA	NA
ENSDART00000128652	CABZ01088509.1	7	47.7	49.2	NA	NA	NA	NA	NA	NA	NA
ENSDART00000153254	cdca9	323	12.2	10.3	-0.9	5.0	18.1	25.9	NA	NA	NA
ENSDART00000128655	wipi2	112	56.1	50.3	12.9	30.5	81.1	101.6	23.4	117.94	2.33347266435
ENSDART00000141338	enc1	3	23.9	5.7	NA	NA	NA	NA	NA	NA	NA
ENSDART00000139174	fam46c	93	36.8	33.6	1.9	14.6	52.9	80.3	123.99	266.21	1.10234099659
ENSDART00000045504	trit1	110	42.7	34.9	13.0	20.1	61.5	81.7	NA	NA	NA
ENSDART00000111238	mocs1	2	10.0	10.0	NA	NA	NA	NA	NA	NA	NA
ENSDART00000091140	snx21	37	33.1	36.5	4.5	15.8	49.0	56.2	NA	NA	NA
ENSDART00000100611	si:ch211-244b2.3	10	42.2	39.0	18.1	24.3	50.4	66.3	NA	NA	NA
ENSDART00000085976	smg7	168	79.1	76.3	21.8	38.6	111.7	136.0	18.03	39.9	1.14598934968
ENSDART00000152257	PPP1R16A	28	27.1	20.1	7.8	10.6	43.9	56.5	NA	NA	NA
ENSDART00000111231	CABZ01039859.1	1	62.5	62.5	NA	NA	NA	NA	NA	NA	NA
ENSDART00000129873	ZNF365	1	15.7	15.7	NA	NA	NA	NA	NA	NA	NA
ENSDART00000002250	hs6st2	88	41.0	31.7	11.3	18.7	49.6	86.1	22.66	8.85	-1.35639850085
ENSDART00000111234	gdpd5a	56	25.4	22.1	9.7	12.9	33.0	43.2	NA	NA	NA
ENSDART00000025131	wdr33	40	26.5	18.4	6.6	11.4	33.8	51.9	14.31	2.86	-2.32293661995
ENSDART00000138555	casd1	220	25.3	23.1	6.7	14.4	34.2	43.9	NA	NA	NA
ENSDART00000055487	chmp3	211	33.9	28.9	10.9	18.2	45.2	64.9	NA	NA	NA
ENSDART00000129926	si:dkey-100n23.5	85	22.0	19.3	3.5	8.6	30.4	43.9	NA	NA	NA
ENSDART00000052907	acy3.1	36	31.8	28.6	4.9	17.9	45.3	58.0	NA	NA	NA
ENSDART00000052906	CR376787.1	7	53.8	56.5	NA	NA	NA	NA	NA	NA	NA
ENSDART00000023210	trim13	106	35.2	35.1	8.6	18.4	49.3	68.0	NA	NA	NA
ENSDART00000086954	sesn3	11	143.7	150.1	95.4	129.3	158.5	179.1	NA	NA	NA
ENSDART00000086405	rnf217	23	35.5	32.1	5.7	20.9	45.5	67.4	NA	NA	NA
ENSDART00000033072	epc1	32	26.8	25.7	8.7	15.9	36.0	44.4	10.42	1.71	-2.60728704739
ENSDART00000149373	aass	73	47.8	44.6	8.1	23.9	69.8	89.7	NA	NA	NA
ENSDART00000086409	dync1i1	1	184.0	184.0	NA	NA	NA	NA	NA	NA	NA
ENSDART00000090810	kcnh8	7	34.8	30.9	NA	NA	NA	NA	NA	NA	NA
ENSDART00000129081	tmem145	6	64.3	58.1	NA	NA	NA	NA	NA	NA	NA
ENSDART00000141106	gps1	228	31.0	29.0	9.5	18.4	41.4	54.1	123.19	52.39	-1.23352178229
ENSDART00000099779	tmem101	35	78.7	84.7	34.6	56.0	102.2	118.4	NA	NA	NA
ENSDART00000080333	ppapdc2	96	45.9	37.1	16.2	23.6	63.7	94.2	NA	NA	NA
ENSDART00000128030	zgc:171759	27	92.9	99.2	11.5	68.5	130.2	156.8	NA	NA	NA
ENSDART00000104475	TMSB10	110	92.1	95.2	24.9	52.7	125.3	148.9	NA	NA	NA
ENSDART00000078156	srm	144	70.2	72.9	19.3	46.0	95.5	108.8	NA	NA	NA
ENSDART00000021336	dnaja1l	71	72.1	67.4	26.0	46.9	93.5	124.8	9.55	81.65	3.09588024753
ENSDART00000104476	snx9a	24	42.4	30.2	10.7	13.1	72.1	91.6	NA	NA	NA
ENSDART00000099777	si:dkey-103i16.6	115	20.8	18.6	4.8	8.9	28.5	39.2	NA	NA	NA
ENSDART00000080338	dusp14	19	55.5	34.3	21.9	25.7	52.7	128.2	NA	NA	NA
ENSDART00000104718	KIF20B	144	39.2	30.8	8.9	16.2	57.0	83.4	39.85	51.18	0.361000423162
ENSDART00000078124	trim35-29	112	32.9	30.6	9.9	21.5	42.2	59.1	NA	NA	NA
ENSDART00000104712	hmg20a	101	100.6	104.9	49.0	77.6	128.3	145.1	39.58	51.84	0.389294105837
ENSDART00000088531	BX908793.1	4	81.7	86.3	NA	NA	NA	NA	NA	NA	NA
ENSDART00000104717	rsl24d1	415	45.5	40.1	17.8	28.3	57.6	74.1	174.69	72.07	-1.27732627415
ENSDART00000148358	gpr133	11	38.8	35.0	20.9	23.9	51.2	56.0	NA	NA	NA
ENSDART00000088542	si:dkey-110c1.10	2	7.9	7.9	NA	NA	NA	NA	NA	NA	NA
ENSDART00000111957	fam208b	94	46.4	47.4	9.4	21.5	62.9	87.9	9.74	15.34	0.655304805421
ENSDART00000148352	gdf10a	6	23.5	21.6	NA	NA	NA	NA	NA	NA	NA
ENSDART00000089333	dak	28	27.0	21.2	4.5	13.6	32.7	57.9	NA	NA	NA
ENSDART00000089121	CU019652.1	55	85.3	81.4	40.0	51.0	104.4	146.1	NA	NA	NA
ENSDART00000089120	adnpa	520	44.4	42.4	13.0	23.8	58.8	76.0	78.29	116.98	0.579361945569
ENSDART00000121497	wdr47b	31	40.6	38.2	6.7	19.4	63.2	76.0	NA	NA	NA
ENSDART00000139318	si:dkey-1d7.3	17	31.1	27.8	9.1	14.8	47.0	51.9	NA	NA	NA
ENSDART00000022495	ndel1a	6	20.1	18.1	NA	NA	NA	NA	NA	NA	NA
ENSDART00000121498	narg2	43	24.1	16.7	7.4	12.6	26.5	47.6	NA	NA	NA
ENSDART00000043218	ube2j1	231	30.5	26.7	7.6	15.2	39.3	57.2	NA	NA	NA
ENSDART00000129450	slc18b1	7	45.7	44.1	NA	NA	NA	NA	NA	NA	NA
ENSDART00000053502	DOM3Z	118	33.1	28.2	4.7	13.6	49.3	62.3	40.46	42.44	0.0689283363565
ENSDART00000136649	si:dkey-92i17.2	5	91.2	95.5	NA	NA	NA	NA	8.27	9.46	0.193952854168
ENSDART00000053505	PITPNC1	60	65.2	64.6	34.5	46.9	81.1	101.8	16.03	33.06	1.04431229914
ENSDART00000131743	C22H19orf60	47	24.3	18.4	7.0	14.0	31.0	44.6	NA	NA	NA
ENSDART00000085865	stim1a	83	58.8	56.8	10.4	30.7	81.8	108.9	29.74	46.17	0.634551084997
ENSDART00000084675	WDR44	82	27.1	20.7	5.5	12.7	36.0	55.8	14.19	3.7	-1.93927741354
ENSDART00000136646	gpatch2	101	73.6	71.1	15.3	47.4	107.2	127.8	NA	NA	NA
ENSDART00000123384	FP326665.1	77	50.1	48.8	23.4	31.6	62.9	81.2	NA	NA	NA
ENSDART00000123386	rnf126	2	4.1	4.1	NA	NA	NA	NA	NA	NA	NA
ENSDART00000123381	AL929286.1	18	27.5	26.4	5.6	9.8	32.8	61.4	NA	NA	NA
ENSDART00000099360	zp2.1	82	68.1	71.6	22.0	42.9	93.3	105.8	14.75	1.73	-3.0918710115
ENSDART00000133927	sptlc1	109	28.8	25.0	4.6	10.8	43.4	58.5	NA	NA	NA
ENSDART00000099364	taf10	209	60.0	56.3	23.7	39.7	75.0	103.2	88.36	197.52	1.16053341779
ENSDART00000099366	GAB3	1	167.1	167.1	NA	NA	NA	NA	NA	NA	NA
ENSDART00000142069	ndufb7	96	42.0	30.4	6.1	13.4	53.0	76.1	53.07	3.94	-3.75162901396
ENSDART00000059976	nr2f2	5	13.0	13.3	NA	NA	NA	NA	NA	NA	NA
ENSDART00000132452	SYMPK	17	48.1	48.3	19.3	24.6	65.1	77.6	13.95	37.94	1.44345455669
ENSDART00000112553	rims1a	10	43.4	41.1	9.7	20.3	56.0	91.3	NA	NA	NA
ENSDART00000122760	SH3D21	35	19.8	15.9	6.1	8.7	27.0	41.6	NA	NA	NA
ENSDART00000121724	lrp5	16	90.6	69.8	8.5	27.7	96.8	217.8	4.46	10.92	1.291857241
ENSDART00000121725	zcchc10	308	44.9	36.2	12.3	21.1	61.9	84.2	63.38	251.73	1.98977759554
ENSDART00000147627	jarid2b	60	62.2	68.0	21.7	37.0	83.2	101.2	9.74	43.92	2.17288437692
ENSDART00000147620	si:ch211-102c2.8	1	11.4	11.4	NA	NA	NA	NA	NA	NA	NA
ENSDART00000026816	COX20	18	23.7	20.5	2.9	14.0	32.6	42.6	NA	NA	NA
ENSDART00000013033	etv4	21	85.8	53.7	23.9	43.4	137.4	155.3	NA	NA	NA
ENSDART00000085685	sirt7	42	49.7	47.3	17.7	25.5	56.8	71.1	NA	NA	NA
ENSDART00000122525	CABZ01080568.2	101	43.2	39.6	12.2	22.6	55.0	79.7	71.61	44.94	-0.672160942623
ENSDART00000121728	rpl19	517	33.6	29.8	9.2	17.3	42.6	60.0	427.92	34.74	-3.62267144964
ENSDART00000147998	si:dkey-164k14.1	10	63.1	63.9	21.6	33.6	68.2	120.0	NA	NA	NA
ENSDART00000025820	hoga1	1	5.3	5.3	NA	NA	NA	NA	NA	NA	NA
ENSDART00000127548	etv5b	245	57.0	43.4	14.2	24.5	70.6	127.8	36.13	114.09	1.65890318492
ENSDART00000061794	nr1h4	5	44.7	48.6	NA	NA	NA	NA	NA	NA	NA
ENSDART00000015979	farsb	100	46.1	43.8	19.4	28.8	59.6	74.7	22.15	30.04	0.439578114072
ENSDART00000136259	kctd10	195	49.0	43.3	15.4	24.5	66.6	86.9	NA	NA	NA
ENSDART00000064380	lama2	1	108.2	108.2	NA	NA	NA	NA	NA	NA	NA
ENSDART00000080808	six3a	5	16.4	13.5	NA	NA	NA	NA	NA	NA	NA
ENSDART00000123656	ATP6AP1L	9	50.8	36.4	NA	NA	NA	NA	NA	NA	NA
ENSDART00000000678	opn1mw4	1	59.0	59.0	NA	NA	NA	NA	NA	NA	NA
ENSDART00000131972	bckdhbl	9	50.4	53.3	NA	NA	NA	NA	NA	NA	NA
ENSDART00000123655	psip1	70	59.3	52.9	31.1	40.5	77.5	97.4	NA	NA	NA
ENSDART00000123652	si:dkeyp-86f7.3	41	151.8	141.5	87.4	109.8	172.7	202.6	NA	NA	NA
ENSDART00000131975	telo2	30	33.6	34.7	5.7	17.2	49.2	53.7	7.16	6.24	-0.198413558402
ENSDART00000080805	six2a	1	30.3	30.3	NA	NA	NA	NA	NA	NA	NA
ENSDART00000131977	ppp2r3a	4	34.8	27.3	NA	NA	NA	NA	NA	NA	NA
ENSDART00000152975	MSL1	31	57.6	52.9	12.7	33.7	63.4	103.6	8.22	14.12	0.780529789589
ENSDART00000147778	usp19	7	48.9	52.1	NA	NA	NA	NA	10.55	47.61	2.17402162996
ENSDART00000079541	tmem56a	62	52.0	47.9	19.3	32.4	72.1	89.3	NA	NA	NA
ENSDART00000078447	tprg1	43	33.6	31.3	15.3	20.2	40.2	59.5	NA	NA	NA
ENSDART00000121878	znf277	34	33.0	29.2	12.9	19.0	49.1	61.6	NA	NA	NA
ENSDART00000121875	xirp2b	5	25.0	27.2	NA	NA	NA	NA	NA	NA	NA
ENSDART00000121872	BX004890.2	67	33.1	28.9	11.5	19.1	44.6	65.3	NA	NA	NA
ENSDART00000144986	otud5a	5	20.7	24.5	NA	NA	NA	NA	18.61	25.66	0.463443115031
ENSDART00000036801	slc17a9a	1	52.5	52.5	NA	NA	NA	NA	NA	NA	NA
ENSDART00000037401	herpud2	26	38.5	34.6	9.2	24.1	47.7	54.8	NA	NA	NA
ENSDART00000105403	CU138503.3	4	19.0	21.8	NA	NA	NA	NA	NA	NA	NA
ENSDART00000100160	chtf8	41	38.2	35.2	13.4	22.7	48.7	65.9	NA	NA	NA
ENSDART00000105405	cirbp	2285	136.3	142.5	64.4	109.9	167.8	191.1	455.84	2015.58	2.14459561417
ENSDART00000061117	rrbp1b	250	28.8	25.7	10.6	15.6	38.4	51.3	138.34	10.88	-3.66846789983
ENSDART00000007512	pole3	30	48.2	47.8	12.8	28.6	64.5	82.5	125.08	324.37	1.37478927085
ENSDART00000128122	KLHL9	201	47.4	46.0	18.3	29.2	61.2	79.9	16.61	72.14	2.11874734983
ENSDART00000103798	nme6	24	32.9	27.0	8.9	16.7	44.4	65.5	NA	NA	NA
ENSDART00000113159	prickle3	30	35.1	27.9	10.7	17.7	40.5	61.9	NA	NA	NA
ENSDART00000034536	rab5c	245	48.3	45.1	11.7	23.2	70.9	92.7	54.22	207.05	1.93308218442
ENSDART00000149905	mrpl17	76	35.4	30.0	11.9	19.1	46.9	64.9	NA	NA	NA
ENSDART00000149902	ddr2a	10	31.1	18.1	8.7	12.4	48.7	63.1	NA	NA	NA
ENSDART00000105114	btr16	74	33.7	30.5	13.7	19.9	41.7	63.7	NA	NA	NA
ENSDART00000134554	cmpk	489	36.3	28.8	10.5	17.3	47.8	72.4	92.58	143.74	0.634689123429
ENSDART00000152973	RNF157	1	95.7	95.7	NA	NA	NA	NA	NA	NA	NA
ENSDART00000105117	sptssa	67	56.7	52.3	17.9	33.7	77.2	100.9	NA	NA	NA
ENSDART00000045539	MYO5C	2	84.7	84.7	NA	NA	NA	NA	NA	NA	NA
ENSDART00000099945	pdlim5a	3	24.0	32.9	NA	NA	NA	NA	NA	NA	NA
ENSDART00000113998	CR376738.1	4	30.3	31.3	NA	NA	NA	NA	NA	NA	NA
ENSDART00000042755	ampd1	5	24.9	23.2	NA	NA	NA	NA	NA	NA	NA
ENSDART00000033980	lims1	32	55.7	52.9	21.5	32.2	69.3	84.5	NA	NA	NA
ENSDART00000142244	dnajb1b	208	83.7	86.7	27.9	52.2	110.9	134.4	42.68	470.18	3.46158109125
ENSDART00000099943	PSMB10	11	45.9	42.5	28.2	30.7	56.0	62.9	NA	NA	NA
ENSDART00000146717	clica	9	39.5	34.3	NA	NA	NA	NA	NA	NA	NA
ENSDART00000085367	antxr2a	1	4.0	4.0	NA	NA	NA	NA	NA	NA	NA
ENSDART00000036204	cdv3	63	40.8	38.2	4.8	16.9	56.5	81.8	43.85	46.14	0.0734411613509
ENSDART00000103123	anapc11	177	42.8	34.8	13.1	23.7	56.0	82.0	96.1	66.73	-0.526200927148
ENSDART00000050535	rrnad1	17	51.1	47.2	19.6	25.4	61.7	88.3	NA	NA	NA
ENSDART00000047013	srprb	638	50.4	44.9	21.9	30.8	61.3	80.1	82.36	127.99	0.636015360189
ENSDART00000047015	CCDC115	22	28.6	27.7	13.1	18.6	35.4	43.8	NA	NA	NA
ENSDART00000134723	prr15la	12	54.1	47.0	18.7	28.4	58.5	115.5	NA	NA	NA
ENSDART00000065385	nr4a2b	14	27.4	28.8	12.0	14.5	34.7	39.5	NA	NA	NA
ENSDART00000002930	phf20l1	97	44.0	44.6	9.8	23.5	64.2	80.1	25.64	29.21	0.18806609621
ENSDART00000002932	marcksb	1270	130.0	136.4	77.1	112.3	155.1	170.0	160.0	1373.21	3.10140845823
ENSDART00000026766	aldocb	49	25.0	20.7	5.9	13.2	38.6	46.4	NA	NA	NA
ENSDART00000026767	akt2	104	29.5	24.3	4.9	12.4	38.4	61.1	21.61	32.14	0.572670856816
ENSDART00000098010	ptger4b	15	64.8	63.3	9.6	16.3	94.4	125.4	NA	NA	NA
ENSDART00000126414	eml1	12	91.2	83.4	18.6	46.8	123.5	189.5	NA	NA	NA
ENSDART00000051833	gsx1	1	66.8	66.8	NA	NA	NA	NA	NA	NA	NA
ENSDART00000126759	cnih4	136	51.4	34.9	8.2	21.3	70.4	112.0	NA	NA	NA
ENSDART00000143290	urp1	1	77.0	77.0	NA	NA	NA	NA	NA	NA	NA
ENSDART00000010322	SENP8	13	30.1	29.3	16.9	19.4	33.4	38.3	NA	NA	NA
ENSDART00000143295	hnmt	2	70.5	70.5	NA	NA	NA	NA	NA	NA	NA
ENSDART00000018114	usp33	269	34.2	29.8	10.4	18.8	45.2	66.3	NA	NA	NA
ENSDART00000130190	uros	116	32.7	24.6	7.2	13.9	46.7	70.8	NA	NA	NA
ENSDART00000074919	ubqln4	131	58.7	49.1	11.8	20.4	90.0	128.6	17.37	78.87	2.18287888863
ENSDART00000033188	btg1	143	65.3	58.7	16.6	35.9	89.9	117.0	NA	NA	NA
ENSDART00000008737	efhc2	1	17.0	17.0	NA	NA	NA	NA	NA	NA	NA
ENSDART00000013538	cideb	1	114.2	114.2	NA	NA	NA	NA	NA	NA	NA
ENSDART00000066604	gpr137c	241	24.4	19.7	3.4	9.9	31.5	54.2	NA	NA	NA
ENSDART00000018119	e2f4	69	61.1	55.2	10.3	29.7	88.2	115.8	10.15	37.01	1.86643540823
ENSDART00000100941	chchd1	101	39.0	38.2	12.8	26.9	49.6	68.2	NA	NA	NA
ENSDART00000080916	fgfr2	1	19.5	19.5	NA	NA	NA	NA	NA	NA	NA
ENSDART00000111590	vps35	224	50.6	44.5	10.7	21.0	67.0	103.2	18.34	78.27	2.09346580594
ENSDART00000111842	sall1a	13	45.7	28.8	9.2	18.7	62.2	91.5	NA	NA	NA
ENSDART00000111841	AL840638.1	3	30.0	10.9	NA	NA	NA	NA	NA	NA	NA
ENSDART00000059476	psmg1	43	41.1	46.3	8.8	18.8	52.9	63.4	28.63	58.94	1.04171939012
ENSDART00000137128	ap1b1	171	31.9	28.1	9.4	16.9	39.5	60.4	NA	NA	NA
ENSDART00000121550	ktn1	125	59.8	59.7	20.3	37.2	80.9	102.8	72.31	15.0	-2.26923267554
ENSDART00000030984	wdr73	60	23.6	22.0	6.7	13.6	30.9	41.7	NA	NA	NA
ENSDART00000043866	plk4	69	40.9	20.2	6.4	11.8	41.7	138.8	8.47	1.0	-3.08236196956
ENSDART00000073694	SMU1	25	82.9	86.0	50.5	59.4	98.7	108.3	NA	NA	NA
ENSDART00000077936	lcmt1	54	55.8	56.1	18.6	42.1	73.5	86.2	NA	NA	NA
ENSDART00000141921	arhgap29b	1	42.8	42.8	NA	NA	NA	NA	NA	NA	NA
ENSDART00000101413	si:ch211-214c7.4	208	43.8	26.9	9.1	15.6	56.6	111.2	20.14	34.65	0.782791669018
ENSDART00000101414	hnrnpd	1	159.0	159.0	NA	NA	NA	NA	18.56	38.55	1.05453414967
ENSDART00000004896	kat7	252	62.2	58.6	16.5	35.4	81.7	109.2	42.34	283.9	2.7452896746
ENSDART00000004899	ccnl1b	385	51.0	38.6	11.6	23.2	63.7	105.8	100.02	117.52	0.232617790849
ENSDART00000023278	fads2	4	48.7	32.5	NA	NA	NA	NA	NA	NA	NA
ENSDART00000114961	si:ch211-131k2.3	1	37.6	37.6	NA	NA	NA	NA	NA	NA	NA
ENSDART00000129248	clstn1	172	39.0	28.9	7.0	16.2	51.0	85.0	7.83	18.92	1.27282787605
ENSDART00000109434	AIFM2	52	30.9	25.0	7.8	14.5	42.0	61.0	NA	NA	NA
ENSDART00000109432	cercam	2	85.1	85.1	NA	NA	NA	NA	NA	NA	NA
ENSDART00000142575	tceb1b	74	65.0	59.6	25.6	35.8	89.2	107.4	NA	NA	NA
ENSDART00000057164	cox16	20	68.6	64.0	28.9	49.2	88.0	124.1	NA	NA	NA
ENSDART00000058707	CU694315.1	4	19.5	21.4	NA	NA	NA	NA	NA	NA	NA
ENSDART00000078460	si:dkey-191g9.5	4	31.7	32.5	NA	NA	NA	NA	NA	NA	NA
ENSDART00000078464	CABZ01065506.1	1	77.1	77.1	NA	NA	NA	NA	NA	NA	NA
ENSDART00000097631	SLC9A1	47	55.1	55.4	24.5	41.6	71.7	80.8	25.12	7.91	-1.66708686442
ENSDART00000112169	rbm4.2	124	100.9	110.6	27.6	78.0	132.5	145.0	40.14	427.96	3.4143634372
ENSDART00000080103	mxd3	159	18.5	14.2	3.2	7.6	21.7	37.8	NA	NA	NA
ENSDART00000112165	pi4kb	75	59.8	57.0	12.5	26.9	89.4	101.9	12.0	55.26	2.20320115632
ENSDART00000112167	srfbp1	109	44.1	42.0	17.0	28.2	61.1	72.5	78.27	47.39	-0.723876783906
ENSDART00000053883	si:dkey-60a16.1	87	38.2	37.9	12.7	21.4	50.0	64.6	NA	NA	NA
ENSDART00000122321	slc33a1	10	23.6	25.4	9.5	13.7	28.7	40.6	NA	NA	NA
ENSDART00000032275	atp6v1c1a	60	21.8	17.3	6.7	12.7	30.0	39.1	NA	NA	NA
ENSDART00000103068	exoc1	39	70.9	75.1	27.1	46.9	99.1	105.3	9.68	39.49	2.02840841519
ENSDART00000039911	PKD1	3	7.7	4.2	NA	NA	NA	NA	NA	NA	NA
ENSDART00000001359	psmb11	8	46.1	42.4	NA	NA	NA	NA	NA	NA	NA
ENSDART00000039913	hspbap1	17	35.3	29.7	10.8	16.0	54.3	60.9	NA	NA	NA
ENSDART00000099566	CDCA2	357	75.0	69.2	23.4	44.4	103.4	136.3	41.69	119.78	1.52261376017
ENSDART00000089274	tab3	350	41.1	36.0	15.0	23.5	53.4	77.7	24.94	19.72	-0.338801913452
ENSDART00000009586	CAMTA2	32	44.1	40.1	8.3	24.5	61.7	87.2	NA	NA	NA
ENSDART00000128002	adrm1	96	47.0	39.5	11.3	22.1	59.4	91.4	33.18	20.17	-0.718102802343
ENSDART00000062359	unga	178	29.8	25.9	13.7	17.5	35.8	53.5	49.85	84.66	0.764086984033
ENSDART00000130311	naa30	182	35.9	32.1	9.2	17.9	50.3	65.3	NA	NA	NA
ENSDART00000048821	plxnb2a	145	64.9	65.5	22.9	38.6	88.2	110.3	8.86	37.22	2.0706994515
ENSDART00000003493	nfyal	48	82.8	90.3	23.6	50.8	118.9	128.7	NA	NA	NA
ENSDART00000079758	eif4g2b	346	75.7	72.0	29.3	51.1	99.3	120.8	63.69	200.65	1.65554237904
ENSDART00000002556	mrto4	10	80.6	83.7	38.8	49.2	101.1	126.3	NA	NA	NA
ENSDART00000008980	babam1	56	38.3	34.5	9.8	20.6	50.7	66.5	NA	NA	NA
ENSDART00000008986	si:ch211-266k8.3	8	30.3	27.9	NA	NA	NA	NA	NA	NA	NA
ENSDART00000048828	atp1a1a.4	5	64.3	77.7	NA	NA	NA	NA	NA	NA	NA
ENSDART00000138162	arhgap35	150	28.3	20.7	5.9	12.1	35.9	63.0	7.57	10.26	0.438665525621
ENSDART00000124440	CABZ01029822.1	1	43.6	43.6	NA	NA	NA	NA	NA	NA	NA
ENSDART00000041249	CHORDC1	181	37.3	34.1	15.0	23.4	46.3	64.0	NA	NA	NA
ENSDART00000124448	metap2b	28	49.4	46.3	17.9	36.4	63.1	75.5	51.06	63.8	0.321362886245
ENSDART00000146870	CEBPZ	154	55.1	54.5	20.3	33.8	74.1	93.1	245.07	68.08	-1.8478909468
ENSDART00000125638	tbx5b	1	17.8	17.8	NA	NA	NA	NA	NA	NA	NA
ENSDART00000098711	eif3k	19	40.8	40.7	10.2	23.2	50.7	72.3	66.92	14.14	-2.24265532523
ENSDART00000110166	zmiz2	108	36.7	30.4	13.7	20.9	49.0	71.1	7.56	15.66	1.05062607307
ENSDART00000032393	ginm1	32	67.1	55.1	17.5	35.9	91.4	110.9	NA	NA	NA
ENSDART00000065325	cdc23	45	29.5	29.2	9.2	17.7	38.8	49.0	16.0	11.67	-0.455267344067
ENSDART00000097478	lsmd1	156	27.9	24.9	8.9	14.5	37.6	53.0	67.53	17.6	-1.93995312865
ENSDART00000000698	psmb9a	2	42.7	42.7	NA	NA	NA	NA	NA	NA	NA
ENSDART00000129772	gck	2	34.8	34.8	NA	NA	NA	NA	NA	NA	NA
ENSDART00000053267	hnrnpa1	2377	106.4	108.8	62.3	87.6	127.7	143.0	568.49	2002.48	1.81658095684
ENSDART00000136416	abhd4	14	44.6	41.2	13.9	25.0	62.3	77.7	NA	NA	NA
ENSDART00000092116	extl2	70	24.1	22.3	6.1	13.1	34.0	43.5	NA	NA	NA
ENSDART00000136412	tex30	32	29.9	27.5	13.5	18.9	40.0	46.9	NA	NA	NA
ENSDART00000139690	si:dkey-224e22.2	4	39.1	34.2	NA	NA	NA	NA	NA	NA	NA
ENSDART00000022903	b4galt4	12	36.8	37.4	22.0	28.4	48.3	54.1	NA	NA	NA
ENSDART00000097475	plcl1	4	58.8	54.0	NA	NA	NA	NA	NA	NA	NA
ENSDART00000091777	bap1	39	36.5	34.4	12.3	20.3	52.8	63.7	16.73	9.86	-0.76277789366
ENSDART00000113698	LIMA1	73	64.7	63.9	24.7	43.9	84.3	111.0	5.45	17.0	1.64120661136
ENSDART00000127730	chd2	27	34.8	31.1	10.1	18.9	43.8	66.3	12.49	2.34	-2.41619304202
ENSDART00000129241	ERICH2	8	25.2	23.7	NA	NA	NA	NA	NA	NA	NA
ENSDART00000126960	samd1a	40	27.0	21.8	4.8	13.8	34.4	63.4	NA	NA	NA
ENSDART00000126967	strn3	125	35.4	27.5	10.8	14.0	49.6	74.6	31.49	11.68	-1.43085348326
ENSDART00000129714	spcs3	247	48.8	46.8	16.9	31.7	62.3	82.5	61.3	43.74	-0.48693385353
ENSDART00000092113	zranb1b	59	36.8	34.5	7.0	19.0	51.2	69.9	32.22	10.56	-1.60934665935
ENSDART00000133461	camk2b1	6	33.8	19.8	NA	NA	NA	NA	NA	NA	NA
ENSDART00000114646	NIPBL	103	32.7	29.1	9.6	14.8	46.1	61.5	39.69	8.14	-2.28567486273
ENSDART00000110084	CT573494.2	2	68.8	68.8	NA	NA	NA	NA	NA	NA	NA
ENSDART00000035581	OTOP1	5	51.9	36.9	NA	NA	NA	NA	NA	NA	NA
ENSDART00000110337	KCNT2	1	41.6	41.6	NA	NA	NA	NA	NA	NA	NA
ENSDART00000124032	SERBP1	449	68.2	64.7	12.0	29.4	101.1	127.2	64.18	272.75	2.08738350182
ENSDART00000150064	cdc14b	372	40.0	36.1	15.0	26.0	51.2	71.4	93.93	154.37	0.716734494665
ENSDART00000150062	ap1g1	248	49.6	43.5	14.2	24.8	69.2	92.0	21.01	89.59	2.09226154621
ENSDART00000149744	mllt10	63	46.3	30.6	6.0	15.2	65.5	110.7	12.18	21.87	0.844439087142
ENSDART00000149297	slc20a2	60	63.7	60.5	21.9	42.0	78.9	106.6	10.03	45.28	2.17455235222
ENSDART00000092609	pvrl2l	5	44.9	39.3	NA	NA	NA	NA	NA	NA	NA
ENSDART00000149740	GPRIN3	1	140.0	140.0	NA	NA	NA	NA	NA	NA	NA
ENSDART00000150068	sox6	2	37.0	37.0	NA	NA	NA	NA	NA	NA	NA
ENSDART00000101124	rnaseka	25	31.9	27.0	11.5	15.3	47.2	62.8	NA	NA	NA
ENSDART00000061679	dmap1	40	46.5	44.9	9.9	23.0	66.1	83.3	28.38	107.42	1.92031613209
ENSDART00000088668	nfic	2	75.6	75.6	NA	NA	NA	NA	NA	NA	NA
ENSDART00000131193	C25H11orf74	35	46.6	46.7	16.7	33.9	63.3	75.9	NA	NA	NA
ENSDART00000125925	tead1a	36	25.2	20.7	7.3	12.4	40.5	45.7	NA	NA	NA
ENSDART00000125923	cxcl14	4	26.9	24.8	NA	NA	NA	NA	NA	NA	NA
ENSDART00000125920	pdlim2	37	33.1	26.9	6.9	12.9	48.2	65.6	NA	NA	NA
ENSDART00000022307	atic	131	36.9	26.7	4.5	11.8	55.5	76.7	26.26	54.53	1.05418323923
ENSDART00000067159	tph1a	12	47.1	45.9	31.9	35.1	56.3	61.7	NA	NA	NA
ENSDART00000091550	LPHN2	14	40.1	36.1	22.9	28.4	53.2	61.4	2.78	0.65	-2.0965732597
ENSDART00000145124	si:ch211-242f23.7	1	8.8	8.8	NA	NA	NA	NA	NA	NA	NA
ENSDART00000101120	zgc:92664	38	62.6	56.0	22.5	36.2	84.4	100.7	NA	NA	NA
ENSDART00000145120	PARP14	5	33.1	14.4	NA	NA	NA	NA	6.7	12.82	0.936163261274
ENSDART00000028087	cds2	104	28.4	23.5	6.3	13.7	39.3	49.0	NA	NA	NA
ENSDART00000114427	MRVI1	1	14.7	14.7	NA	NA	NA	NA	NA	NA	NA
ENSDART00000113345	LENG8	100	53.5	38.5	11.2	23.1	72.5	105.4	4.94	45.03	3.18830353076
ENSDART00000113344	kiss2	1	17.1	17.1	NA	NA	NA	NA	NA	NA	NA
ENSDART00000114423	rapgef3	2	14.4	14.4	NA	NA	NA	NA	NA	NA	NA
ENSDART00000113342	tox3	50	30.2	20.6	5.6	10.2	39.0	78.7	NA	NA	NA
ENSDART00000005853	otub1b	40	52.5	43.9	15.9	30.4	63.6	97.1	NA	NA	NA
ENSDART00000087438	cog7	171	38.3	32.9	10.1	18.9	51.0	73.2	9.48	12.51	0.400122825268
ENSDART00000005857	PRICKLE2	38	35.8	32.6	12.4	22.7	43.4	59.9	NA	NA	NA
ENSDART00000114429	CR381676.2	70	44.6	37.0	10.4	22.9	57.1	88.3	NA	NA	NA
ENSDART00000081875	nnr	727	113.3	110.5	69.9	89.3	133.4	158.0	NA	NA	NA
ENSDART00000048775	mbd3b	31	82.6	77.1	16.2	45.2	116.7	144.6	NA	NA	NA
ENSDART00000043660	copg2	309	39.0	35.6	11.5	20.4	52.2	69.2	48.51	131.16	1.4349737222
ENSDART00000019235	atp5d	124	31.7	27.6	8.3	17.0	41.7	54.9	50.96	14.33	-1.83032666799
ENSDART00000043666	HS1BP3	1	196.6	196.6	NA	NA	NA	NA	NA	NA	NA
ENSDART00000133747	CU302436.4	9	6.7	0.5	NA	NA	NA	NA	NA	NA	NA
ENSDART00000124943	aldh16a1	89	33.8	27.9	9.2	18.0	40.6	67.6	NA	NA	NA
ENSDART00000103776	hdhd3	27	24.7	21.9	5.7	10.1	30.3	43.3	NA	NA	NA
ENSDART00000149124	ttc1	53	37.6	33.1	12.0	20.5	48.1	66.0	18.37	22.87	0.3161047393
ENSDART00000007726	ccdc101	117	29.9	29.1	11.4	18.8	40.0	48.4	46.73	4.07	-3.5212483376
ENSDART00000151218	tpd52	84	32.1	28.8	8.5	17.7	45.9	56.9	NA	NA	NA
ENSDART00000064172	gpd1a	1	31.2	31.2	NA	NA	NA	NA	NA	NA	NA
ENSDART00000031775	zgc:73226	4	47.7	48.9	NA	NA	NA	NA	NA	NA	NA
ENSDART00000141730	rabif	82	37.6	32.4	10.2	17.9	53.9	62.0	NA	NA	NA
ENSDART00000064176	mob3c	1	14.6	14.6	NA	NA	NA	NA	NA	NA	NA
ENSDART00000124464	sox9b	38	38.5	31.0	10.3	21.4	47.6	74.2	NA	NA	NA
ENSDART00000139432	gtdc2	32	41.2	29.6	13.1	19.9	49.2	81.5	NA	NA	NA
ENSDART00000138107	rps2	364	43.3	41.1	8.4	25.2	55.1	74.3	181.18	10.49	-4.1103371257
ENSDART00000063725	xkr6	1	32.9	32.9	NA	NA	NA	NA	NA	NA	NA
ENSDART00000113427	TMEM260	5	78.3	81.5	NA	NA	NA	NA	NA	NA	NA
ENSDART00000028885	hmga1a	3390	117.3	120.7	60.9	92.5	144.6	164.0	234.71	2359.89	3.32976839834
ENSDART00000028887	tmem9b	120	29.6	23.7	6.8	15.6	37.8	49.6	NA	NA	NA
ENSDART00000135508	josd2	80	25.7	21.8	5.7	14.9	32.4	40.5	NA	NA	NA
ENSDART00000099885	XAF1	40	48.6	48.5	13.8	23.2	66.3	80.7	NA	NA	NA
ENSDART00000088363	setdb1b	110	51.0	48.8	9.1	22.3	76.0	92.7	23.64	80.3	1.76416995223
ENSDART00000026152	asap2a	63	43.0	34.5	9.9	19.9	58.5	92.1	NA	NA	NA
ENSDART00000043002	rab1a	34	45.2	41.4	15.1	23.7	59.6	84.4	NA	NA	NA
ENSDART00000057913	si:dkey-27m7.4	1	44.2	44.2	NA	NA	NA	NA	NA	NA	NA
ENSDART00000134461	zgc:193690	55	23.9	18.3	3.9	9.1	32.0	51.1	NA	NA	NA
ENSDART00000054823	aurkb	236	28.6	17.7	3.9	8.5	32.2	56.9	56.91	8.77	-2.69803343169
ENSDART00000088367	KDM5A	47	41.7	36.4	11.2	25.3	60.3	73.9	28.62	6.36	-2.16992500144
ENSDART00000080472	fut11	35	54.6	57.3	14.7	30.7	75.3	89.4	13.36	24.83	0.894164253703
ENSDART00000080477	EPHB6	19	36.6	37.6	13.3	18.4	54.4	60.6	NA	NA	NA
ENSDART00000144525	EPG5	57	35.4	33.1	9.9	21.4	46.1	64.0	NA	NA	NA
ENSDART00000080479	SHC3	11	46.5	38.5	10.9	16.2	68.2	85.0	NA	NA	NA
ENSDART00000128239	TCERG1	1	-0.9	-0.9	NA	NA	NA	NA	NA	NA	NA
ENSDART00000088490	neurlb	104	81.7	80.3	24.2	43.5	107.9	148.9	NA	NA	NA
ENSDART00000151336	si:ch73-367f21.5	7	19.4	25.1	NA	NA	NA	NA	NA	NA	NA
ENSDART00000130968	rcbtb2	43	27.6	28.8	5.0	11.7	38.6	48.8	NA	NA	NA
ENSDART00000111063	kctd1	6	42.6	42.1	NA	NA	NA	NA	NA	NA	NA
ENSDART00000075275	CABZ01066502.1	1	42.2	42.2	NA	NA	NA	NA	NA	NA	NA
ENSDART00000075270	zgc:153733	42	31.5	31.3	15.9	23.4	40.7	53.2	NA	NA	NA
ENSDART00000130961	hsf4	2	59.0	59.0	NA	NA	NA	NA	NA	NA	NA
ENSDART00000135443	kdm5ba	97	46.8	44.3	8.5	23.9	66.1	87.2	18.58	49.19	1.40461455334
ENSDART00000075186	GALNT16	2	95.8	95.8	NA	NA	NA	NA	NA	NA	NA
ENSDART00000059861	rp42-pen	55	34.3	29.0	7.0	15.5	42.8	71.7	NA	NA	NA
ENSDART00000152788	MKI67	284	78.5	71.7	18.5	41.1	115.1	141.6	65.27	217.17	1.73433287769
ENSDART00000152789	etaa1	91	21.9	18.9	4.8	11.3	29.7	40.6	NA	NA	NA
ENSDART00000112908	PELP1	134	92.8	91.4	46.4	67.6	113.6	149.3	28.5	50.78	0.833298475708
ENSDART00000148659	clip2	29	80.1	76.9	26.3	43.7	98.4	127.7	4.71	10.12	1.10341032508
ENSDART00000152787	ATP8B2	2	99.7	99.7	NA	NA	NA	NA	NA	NA	NA
ENSDART00000152780	si:dkey-7e14.7	2	12.1	12.1	NA	NA	NA	NA	NA	NA	NA
ENSDART00000075188	zgc:112399	66	49.9	38.5	14.8	24.5	60.3	95.2	NA	NA	NA
ENSDART00000135999	TARBP1	1	55.3	55.3	NA	NA	NA	NA	NA	NA	NA
ENSDART00000051139	ncor2	72	32.9	27.3	2.7	14.6	46.4	75.8	14.72	23.39	0.668114190295
ENSDART00000140061	sqstm1	93	45.9	33.3	12.5	22.8	64.8	96.5	NA	NA	NA
ENSDART00000051649	xbp1	738	27.8	24.1	9.7	16.1	33.9	44.6	128.77	27.12	-2.24736743927
ENSDART00000122260	heatr5a	158	49.3	44.7	13.6	27.3	66.7	86.7	28.11	32.97	0.23007043329
ENSDART00000051644	COQ5	45	46.1	35.7	11.8	22.3	60.4	95.2	NA	NA	NA
ENSDART00000051135	emc6	563	39.4	33.9	10.9	20.2	53.6	70.4	128.01	172.0	0.426152048555
ENSDART00000030103	zgc:153629	1	72.1	72.1	NA	NA	NA	NA	NA	NA	NA
ENSDART00000101977	kctd12.1	4	18.4	14.0	NA	NA	NA	NA	NA	NA	NA
ENSDART00000101974	erh	387	99.9	102.5	46.9	75.2	126.0	149.8	161.38	1014.9	2.65280388293
ENSDART00000060453	mfsd11	81	68.2	64.2	11.2	23.9	96.7	118.6	NA	NA	NA
ENSDART00000011456	TSG101	59	27.3	22.1	5.7	10.8	34.3	65.1	NA	NA	NA
ENSDART00000152706	nlrx1	16	59.1	49.5	11.8	19.1	99.3	120.8	NA	NA	NA
ENSDART00000146965	dnttip2	205	77.1	77.6	21.5	48.3	97.8	120.9	94.96	159.43	0.747531287221
ENSDART00000146966	si:ch211-28e16.5	2	48.9	48.9	NA	NA	NA	NA	NA	NA	NA
ENSDART00000008215	pip5k1bb	41	26.8	22.7	10.6	13.4	39.5	53.1	NA	NA	NA
ENSDART00000112270	tanc2	84	27.4	22.8	6.0	13.5	38.9	54.1	NA	NA	NA
ENSDART00000091894	MAN2A2	38	58.5	50.0	17.4	22.2	81.1	119.2	NA	NA	NA
ENSDART00000111454	UBA6	21	37.7	30.8	8.2	12.9	55.7	74.0	NA	NA	NA
ENSDART00000111453	CU655870.1	109	43.9	36.7	10.8	21.6	57.7	87.7	NA	NA	NA
ENSDART00000075989	zgc:123248	1	54.5	54.5	NA	NA	NA	NA	NA	NA	NA
ENSDART00000057238	olfm3b	1	18.4	18.4	NA	NA	NA	NA	NA	NA	NA
ENSDART00000075985	COMP	1	122.0	122.0	NA	NA	NA	NA	NA	NA	NA
ENSDART00000075982	ankrd55	4	42.7	48.5	NA	NA	NA	NA	NA	NA	NA
ENSDART00000111458	FRMD1	1	48.9	48.9	NA	NA	NA	NA	NA	NA	NA
ENSDART00000030643	irf10	8	44.3	44.9	NA	NA	NA	NA	NA	NA	NA
ENSDART00000014140	rundc3b	6	23.1	32.5	NA	NA	NA	NA	16.41	58.16	1.82545203041
ENSDART00000100620	si:dkeyp-50f7.2	0	NA	NA	NA	NA	NA	NA	16.81	3.72	-2.17594519813
ENSDART00000101629	efhb	7	20.6	16.4	NA	NA	NA	NA	NA	NA	NA
ENSDART00000101627	IGLON5	26	38.6	37.3	7.2	18.9	58.3	64.1	NA	NA	NA
ENSDART00000144203	sec61g	870	46.7	33.6	9.0	17.4	60.7	108.1	338.81	190.34	-0.831897680332
ENSDART00000127370	mtmr7b	5	91.0	51.2	NA	NA	NA	NA	NA	NA	NA
ENSDART00000040292	cpsf3	229	40.2	37.6	11.5	21.4	52.9	68.1	43.85	55.13	0.330260758759
ENSDART00000040926	eif4ebp2	377	36.4	24.4	7.9	14.1	44.9	85.7	NA	NA	NA
ENSDART00000126361	arhgap27	2	29.5	29.5	NA	NA	NA	NA	NA	NA	NA
ENSDART00000126362	anapc16	104	53.7	47.1	12.6	20.9	80.4	109.4	46.51	74.24	0.674655770603
ENSDART00000139076	hbs1l	133	47.0	46.5	19.8	27.8	61.5	77.3	9.99	20.5	1.0370673266
ENSDART00000140760	e2f7	25	106.0	123.4	21.2	57.5	153.7	180.8	NA	NA	NA
ENSDART00000078250	nr4a3	9	49.2	32.4	NA	NA	NA	NA	NA	NA	NA
ENSDART00000008373	fosl1a	1	4.2	4.2	NA	NA	NA	NA	NA	NA	NA
ENSDART00000137959	il7r	3	26.3	26.2	NA	NA	NA	NA	NA	NA	NA
ENSDART00000078256	dopey2	75	28.9	22.2	8.0	15.1	34.6	67.7	NA	NA	NA
ENSDART00000124638	stat5.2	18	84.2	77.6	34.9	61.1	124.2	130.9	NA	NA	NA
ENSDART00000133126	fibpa	77	48.1	47.2	22.5	35.3	59.7	71.0	NA	NA	NA
ENSDART00000134053	usp2a	12	49.3	22.8	12.8	15.7	46.8	66.9	NA	NA	NA
ENSDART00000027424	sars2	54	46.6	41.5	21.0	28.5	64.0	80.1	NA	NA	NA
ENSDART00000124633	nkain2	3	56.0	52.2	NA	NA	NA	NA	NA	NA	NA
ENSDART00000135086	abch1	1	71.5	71.5	NA	NA	NA	NA	NA	NA	NA
ENSDART00000124635	zgc:162472	119	39.1	34.4	7.2	16.5	56.3	77.0	10.67	17.97	0.752030232686
ENSDART00000124634	BX511013.1	3	67.8	67.3	NA	NA	NA	NA	NA	NA	NA
ENSDART00000124637	dmrt1	4	94.0	83.7	NA	NA	NA	NA	NA	NA	NA
ENSDART00000017684	KCNN2	1	77.9	77.9	NA	NA	NA	NA	NA	NA	NA
ENSDART00000061499	cxcr4b	445	45.0	31.2	5.6	13.3	69.2	107.3	NA	NA	NA
ENSDART00000048599	rps19	491	42.1	39.5	22.4	29.7	50.0	62.1	505.3	21.27	-4.57024824154
ENSDART00000146258	zgc:85910	151	26.8	24.0	6.9	13.0	38.0	50.6	NA	NA	NA
ENSDART00000123346	CCNB1	303	25.0	22.3	5.3	11.4	34.4	50.5	90.47	37.44	-1.27285903654
ENSDART00000136431	rtkn2	344	32.9	26.1	6.2	13.5	43.2	66.1	NA	NA	NA
ENSDART00000140766	gbgt1l2	2	56.3	56.3	NA	NA	NA	NA	NA	NA	NA
ENSDART00000113904	STARD5	3	73.3	84.1	NA	NA	NA	NA	NA	NA	NA
ENSDART00000083929	ZPLXDC2	1	85.7	85.7	NA	NA	NA	NA	NA	NA	NA
ENSDART00000093383	vps72	213	65.9	63.3	29.8	46.2	86.2	102.6	NA	NA	NA
ENSDART00000110854	elk1	7	49.6	54.5	NA	NA	NA	NA	NA	NA	NA
ENSDART00000102993	mettl14	190	40.6	34.6	12.9	22.4	51.0	65.4	46.12	117.11	1.34439985444
ENSDART00000145156	glsa	3	40.2	40.3	NA	NA	NA	NA	NA	NA	NA
ENSDART00000144107	lenep	1	62.0	62.0	NA	NA	NA	NA	NA	NA	NA
ENSDART00000056645	puf60a	165	64.6	62.0	21.7	40.6	84.9	106.1	61.12	164.56	1.42889725049
ENSDART00000056642	tmub1	345	26.9	23.2	8.1	14.9	34.9	53.0	NA	NA	NA
ENSDART00000083431	cpt1a	2	58.9	58.9	NA	NA	NA	NA	NA	NA	NA
ENSDART00000102445	clasp1a	95	66.7	59.9	22.4	44.1	95.2	118.6	10.13	61.07	2.59182967104
ENSDART00000020550	ube2e3	88	54.1	51.0	6.7	27.0	77.6	97.0	28.03	78.61	1.48774110543
ENSDART00000106285	CT030204.3	8	27.2	23.7	NA	NA	NA	NA	NA	NA	NA
ENSDART00000110411	cerkl	4	25.9	31.7	NA	NA	NA	NA	NA	NA	NA
ENSDART00000054469	s100a10a	1	21.7	21.7	NA	NA	NA	NA	NA	NA	NA
ENSDART00000074630	C5HXorf56	123	43.2	38.7	12.1	22.9	59.2	83.0	52.59	83.3	0.663527998772
ENSDART00000113505	myl9b	3	93.1	91.3	NA	NA	NA	NA	NA	NA	NA
ENSDART00000054462	SMIM19	243	81.6	80.8	37.1	56.8	109.5	124.7	63.35	169.73	1.42182506118
ENSDART00000129016	CABZ01068263.1	173	39.4	36.8	8.9	19.9	52.9	71.1	35.91	5.59	-2.68346546482
ENSDART00000126777	kctd8	2	34.9	34.9	NA	NA	NA	NA	NA	NA	NA
ENSDART00000079130	atad1b	42	64.0	58.4	13.1	30.9	72.9	103.5	NA	NA	NA
ENSDART00000048365	SYT6	2	34.5	34.5	NA	NA	NA	NA	NA	NA	NA
ENSDART00000129400	alcama	1	43.4	43.4	NA	NA	NA	NA	NA	NA	NA
ENSDART00000127073	BX005006.2	1	19.3	19.3	NA	NA	NA	NA	NA	NA	NA
ENSDART00000076986	pax5	5	25.5	16.6	NA	NA	NA	NA	NA	NA	NA
ENSDART00000082344	hoxd11a	2	33.1	33.1	NA	NA	NA	NA	NA	NA	NA
ENSDART00000082340	ppie	2	32.2	32.2	NA	NA	NA	NA	40.82	7.81	-2.38588172889
ENSDART00000149483	si:dkey-229b18.3	192	29.5	25.8	5.7	11.5	42.2	60.8	NA	NA	NA
ENSDART00000151925	si:dkey-225n22.4	1	50.6	50.6	NA	NA	NA	NA	NA	NA	NA
ENSDART00000123838	fbxo30a	89	38.2	37.5	13.8	22.0	52.3	64.5	NA	NA	NA
ENSDART00000016219	ppme1	211	27.6	24.2	9.1	14.2	37.0	53.2	NA	NA	NA
ENSDART00000092389	nup210	9	58.1	63.0	NA	NA	NA	NA	6.58	6.65	0.0152667566533
ENSDART00000077235	alg1	156	25.6	23.9	4.3	12.9	37.2	46.7	NA	NA	NA
ENSDART00000126658	ppm1aa	33	39.2	35.9	5.4	23.6	50.1	79.3	18.73	35.66	0.928955803382
ENSDART00000009356	ppp2r5ea	236	28.9	22.1	6.2	11.5	37.2	61.0	NA	NA	NA
ENSDART00000102197	fam129ba	207	24.3	20.8	8.8	13.8	31.3	44.7	NA	NA	NA
ENSDART00000102662	rpp25l	158	33.7	30.9	6.9	15.3	47.6	64.6	59.66	158.23	1.40718727422
ENSDART00000077238	zgc:113381	50	49.8	46.1	16.0	31.3	60.7	69.5	NA	NA	NA
ENSDART00000102661	barhl2	10	48.1	51.3	24.9	28.7	62.0	72.6	NA	NA	NA
ENSDART00000015632	nkain1	73	76.8	80.3	29.5	53.4	96.8	111.2	32.63	16.1	-1.01913829909
ENSDART00000083690	blvra	14	30.6	26.4	9.4	12.5	38.7	53.9	NA	NA	NA
ENSDART00000015636	hnrnph1l	195	100.3	98.2	45.8	75.2	126.8	150.4	49.22	259.79	2.40002933582
ENSDART00000015634	NUDT8	56	42.6	38.0	18.6	23.4	60.6	74.4	NA	NA	NA
ENSDART00000129227	CR407701.1	5	108.5	108.4	NA	NA	NA	NA	NA	NA	NA
ENSDART00000046599	zar1l	364	16.1	13.2	3.6	8.1	19.7	30.7	73.55	2.43	-4.91969712254
ENSDART00000087339	cdon	3	23.7	21.7	NA	NA	NA	NA	NA	NA	NA
ENSDART00000106631	si:dkeyp-53d3.3	51	23.6	22.7	7.6	11.6	31.1	38.9	NA	NA	NA
ENSDART00000056544	tox4	163	48.3	45.1	19.1	27.7	61.6	86.4	25.08	66.13	1.39876755343
ENSDART00000130761	map2k4a	64	36.7	37.2	9.6	22.9	49.1	58.5	NA	NA	NA
ENSDART00000130767	si:dkey-241l7.4	3	21.3	22.3	NA	NA	NA	NA	NA	NA	NA
ENSDART00000130764	MAP4	7	54.7	57.2	NA	NA	NA	NA	NA	NA	NA
ENSDART00000091718	CABZ01039235.1	5	50.8	39.5	NA	NA	NA	NA	NA	NA	NA
ENSDART00000129223	CABZ01111990.1	1	80.6	80.6	NA	NA	NA	NA	NA	NA	NA
ENSDART00000063996	gadd45aa	55	65.3	51.2	6.7	19.1	107.2	136.7	NA	NA	NA
ENSDART00000112721	BX548000.1	130	45.5	41.9	15.6	27.1	61.0	76.3	37.21	41.88	0.170571051805
ENSDART00000076189	zgc:171779	102	47.8	44.6	13.6	24.1	64.2	88.6	72.84	20.47	-1.83121981995
ENSDART00000092164	prmt2	10	33.5	34.0	12.5	17.4	46.6	49.8	NA	NA	NA
ENSDART00000129733	c1galt1b	94	50.2	48.1	17.6	30.2	64.2	84.4	NA	NA	NA
ENSDART00000136936	trak1	43	32.6	22.4	4.8	11.3	51.7	66.8	NA	NA	NA
ENSDART00000057423	terfa	92	41.3	40.5	9.7	24.2	55.5	74.6	57.71	18.58	-1.63507082929
ENSDART00000077582	pitpnm3	13	30.7	25.1	14.3	16.8	29.0	57.0	NA	NA	NA
ENSDART00000090016	nudt14	75	52.3	50.0	18.4	24.9	71.3	93.5	NA	NA	NA
ENSDART00000132619	mafk	16	46.0	29.8	13.9	19.9	50.4	119.9	NA	NA	NA
ENSDART00000006802	cct7	480	58.5	57.8	22.9	39.8	76.9	94.4	95.23	253.96	1.41511324522
ENSDART00000134472	taok3b	5	43.6	49.3	NA	NA	NA	NA	NA	NA	NA
ENSDART00000063539	PRRG1	2	124.8	124.8	NA	NA	NA	NA	NA	NA	NA
ENSDART00000112826	TMEM186	3	11.2	11.9	NA	NA	NA	NA	NA	NA	NA
ENSDART00000125839	bmpr1ab	25	35.0	33.0	6.1	14.7	46.9	54.3	NA	NA	NA
ENSDART00000114623	B4GALNT1	1	41.2	41.2	NA	NA	NA	NA	NA	NA	NA
ENSDART00000058513	xkr8.3	99	24.0	22.3	8.2	12.1	32.3	43.2	NA	NA	NA
ENSDART00000052080	laptm4b	132	30.9	27.9	9.1	16.5	41.0	56.7	NA	NA	NA
ENSDART00000130107	nfkbiaa	12	56.6	21.1	7.1	11.7	100.3	138.0	NA	NA	NA
ENSDART00000130104	gnb1a	30	57.5	62.1	-6.0	31.1	93.5	103.3	34.69	116.52	1.74798586085
ENSDART00000089034	CABZ01041769.2	95	57.1	58.3	20.6	34.2	72.9	97.3	43.45	6.45	-2.75198511139
ENSDART00000125232	nr2c2	31	23.8	20.2	7.5	14.6	29.6	40.4	NA	NA	NA
ENSDART00000103659	msgn1	1	93.4	93.4	NA	NA	NA	NA	NA	NA	NA
ENSDART00000055932	pigh	45	27.9	23.6	8.1	13.5	40.6	54.5	NA	NA	NA
ENSDART00000076362	phkg2	152	32.5	22.8	7.5	12.8	44.5	75.6	NA	NA	NA
ENSDART00000138750	adora2aa	36	74.4	54.2	22.2	29.3	108.5	140.1	NA	NA	NA
ENSDART00000128350	rad51d	13	32.0	35.3	8.7	14.5	42.5	60.5	NA	NA	NA
ENSDART00000138754	col6a3	1	-13.4	-13.4	NA	NA	NA	NA	NA	NA	NA
ENSDART00000124824	sun1	118	45.5	40.3	8.5	20.4	62.3	89.1	14.8	44.83	1.59886732353
ENSDART00000142804	arhgap12a	1	23.1	23.1	NA	NA	NA	NA	NA	NA	NA
ENSDART00000089694	TIAM1	1	95.5	95.5	NA	NA	NA	NA	NA	NA	NA
ENSDART00000087112	pfdn4	73	44.4	40.2	11.6	23.1	55.7	75.0	NA	NA	NA
ENSDART00000112750	dhx32a	83	29.4	25.6	10.2	17.5	36.0	50.9	23.35	7.65	-1.60989089702
ENSDART00000112757	FAM149A	15	35.7	25.3	9.3	14.3	41.8	53.9	NA	NA	NA
ENSDART00000023421	hif1al	25	118.0	113.5	53.5	89.7	153.9	195.0	NA	NA	NA
ENSDART00000128635	ubl3a	1	29.1	29.1	NA	NA	NA	NA	NA	NA	NA
ENSDART00000085282	mrpl32	24	43.6	43.3	11.6	30.7	59.8	70.5	21.21	7.78	-1.44690256054
ENSDART00000049425	sec61al2	404	36.0	31.1	8.6	16.2	51.5	70.1	45.56	164.63	1.85338760527
ENSDART00000147185	rpl35a	161	39.9	31.4	12.4	19.6	50.7	70.0	189.83	22.86	-3.05381069966
ENSDART00000003296	sars	247	43.3	39.1	14.3	25.2	57.5	75.6	23.71	43.8	0.885435207007
ENSDART00000093031	nhp2l1a	127	65.2	65.6	21.5	37.0	85.4	107.4	NA	NA	NA
ENSDART00000003293	mid2	27	35.1	29.2	8.5	19.3	45.9	57.6	NA	NA	NA
ENSDART00000122349	hiat1b	142	58.6	56.5	17.0	27.3	81.7	104.4	NA	NA	NA
ENSDART00000109171	rce1a	13	49.3	35.9	16.1	23.9	62.4	115.2	NA	NA	NA
ENSDART00000085993	PXN	6	53.3	44.2	NA	NA	NA	NA	NA	NA	NA
ENSDART00000091124	AIFM3	1	100.5	100.5	NA	NA	NA	NA	NA	NA	NA
ENSDART00000003299	HABP4	538	43.1	40.7	12.2	21.0	60.3	77.6	201.43	186.27	-0.112883229767
ENSDART00000129906	tax1bp1b	60	88.2	82.5	36.2	55.9	119.2	138.7	10.73	35.87	1.7411276692
ENSDART00000111216	trim32	65	48.4	48.6	22.9	33.7	59.5	77.0	NA	NA	NA
ENSDART00000129902	ephx1l	83	64.4	50.7	21.2	32.8	86.5	123.6	27.8	46.42	0.739661639734
ENSDART00000129903	mfsd10	5	62.8	50.9	NA	NA	NA	NA	NA	NA	NA
ENSDART00000108742	NFX1	209	50.7	49.0	21.0	33.5	64.2	78.3	47.96	45.6	-0.0727978343621
ENSDART00000125425	snap47	5	72.9	57.1	NA	NA	NA	NA	NA	NA	NA
ENSDART00000104299	cnp	3	31.8	-2.2	NA	NA	NA	NA	NA	NA	NA
ENSDART00000114408	METTL12	16	36.2	31.4	15.1	18.1	39.9	73.7	NA	NA	NA
ENSDART00000113803	her3	31	52.6	39.9	20.2	23.7	56.7	97.5	NA	NA	NA
ENSDART00000149357	rabggta	111	69.5	68.2	16.2	35.5	100.3	127.6	14.93	94.81	2.66682506865
ENSDART00000124828	srl	2	59.4	59.4	NA	NA	NA	NA	NA	NA	NA
ENSDART00000149355	si:ch73-361h17.1	1	12.7	12.7	NA	NA	NA	NA	NA	NA	NA
ENSDART00000149351	scd	7	30.2	34.9	NA	NA	NA	NA	NA	NA	NA
ENSDART00000149350	fkbp4	334	63.6	55.1	18.0	34.1	85.2	117.7	94.53	167.63	0.826436204708
ENSDART00000001830	echs1	104	66.5	70.7	17.3	38.9	92.4	107.5	28.24	100.33	1.82894106168
ENSDART00000083830	sdc4	352	75.5	72.8	20.6	44.5	103.5	130.7	40.64	243.13	2.58075561239
ENSDART00000090837	zc3hc1	240	63.3	60.5	18.9	38.7	86.1	108.3	37.1	358.09	3.27083113865
ENSDART00000085980	ankib1a	57	28.3	22.5	9.7	17.1	37.3	50.8	NA	NA	NA
ENSDART00000099242	si:dkey-217f16.1	40	7.7	4.7	-1.0	1.6	7.7	12.2	NA	NA	NA
ENSDART00000125420	CU570781.1	4	22.4	21.1	NA	NA	NA	NA	NA	NA	NA
ENSDART00000141124	si:dkey-25o1.5	5	30.4	32.7	NA	NA	NA	NA	NA	NA	NA
ENSDART00000031047	cd63	4	106.5	120.4	NA	NA	NA	NA	NA	NA	NA
ENSDART00000083389	BX511065.1	3	180.7	189.6	NA	NA	NA	NA	NA	NA	NA
ENSDART00000144955	mzt2b	74	57.9	50.1	16.6	27.9	82.8	103.3	NA	NA	NA
ENSDART00000042271	irx3b	50	58.3	45.0	15.9	23.3	80.8	131.5	NA	NA	NA
ENSDART00000135417	bmi1b	193	35.4	28.6	6.9	14.8	45.1	69.3	NA	NA	NA
ENSDART00000098635	vamp5	15	55.2	44.4	11.0	15.3	80.5	131.4	NA	NA	NA
ENSDART00000003475	ppef1	5	55.6	39.0	NA	NA	NA	NA	NA	NA	NA
ENSDART00000063396	bag4	248	45.2	41.7	10.5	24.6	60.7	86.4	NA	NA	NA
ENSDART00000127198	rps26	462	34.4	32.1	14.9	21.9	44.0	54.1	387.24	7.24	-5.74109447612
ENSDART00000063392	lsm1	110	24.9	22.2	6.8	15.7	32.3	44.7	NA	NA	NA
ENSDART00000060311	paqr5a	25	25.9	19.4	4.3	10.2	35.7	54.9	NA	NA	NA
ENSDART00000098636	csf1b	1	60.3	60.3	NA	NA	NA	NA	NA	NA	NA
ENSDART00000148403	ahi1	3	42.9	42.4	NA	NA	NA	NA	3.65	0.61	-2.5810153162
ENSDART00000062629	zbtb37	3	8.8	11.9	NA	NA	NA	NA	NA	NA	NA
ENSDART00000062628	bora	286	31.5	26.0	8.1	13.3	43.8	63.4	22.78	175.33	2.94423321871
ENSDART00000124192	CR855307.2	14	28.8	29.9	3.6	16.1	32.2	53.4	NA	NA	NA
ENSDART00000056005	ascl1a	16	23.1	19.3	14.7	17.6	23.0	38.4	NA	NA	NA
ENSDART00000053521	rhcga	1	11.9	11.9	NA	NA	NA	NA	NA	NA	NA
ENSDART00000064542	rpf2	182	45.1	41.7	14.8	25.6	58.8	85.5	87.25	147.89	0.761297467401
ENSDART00000060844	CR382327.1	1	-2.0	-2.0	NA	NA	NA	NA	NA	NA	NA
ENSDART00000136623	zgc:174906	313	33.9	28.4	10.7	16.7	45.4	60.3	NA	NA	NA
ENSDART00000003748	C18H15orf26	5	37.5	21.3	NA	NA	NA	NA	NA	NA	NA
ENSDART00000135415	dysf	1	89.8	89.8	NA	NA	NA	NA	NA	NA	NA
ENSDART00000103276	fam206a	22	43.5	38.8	16.6	26.0	54.4	72.6	NA	NA	NA
ENSDART00000123417	znf668	40	52.1	44.8	10.7	21.6	66.0	83.6	16.06	37.81	1.23529595647
ENSDART00000011258	npl	1	3.4	3.4	NA	NA	NA	NA	NA	NA	NA
ENSDART00000133905	pcca	86	66.9	65.3	24.9	43.2	86.8	104.3	14.87	74.14	2.31784746777
ENSDART00000011250	tfe3b	1	54.6	54.6	NA	NA	NA	NA	NA	NA	NA
ENSDART00000011251	rpl3	173	38.5	34.9	11.0	21.2	51.9	69.1	724.22	20.68	-5.13011992795
ENSDART00000011520	flh	405	48.9	25.9	5.3	12.6	75.5	131.2	NA	NA	NA
ENSDART00000016973	gipc1	21	56.2	56.7	13.9	28.0	80.7	105.8	NA	NA	NA
ENSDART00000016758	ftr82	97	105.8	107.6	31.8	69.3	140.5	159.4	NA	NA	NA
ENSDART00000016976	nucks1b	53	78.3	76.7	24.3	47.3	98.9	132.6	22.58	38.64	0.775049608063
ENSDART00000147978	zgc:114037	10	30.6	28.2	-10.6	13.3	50.2	63.5	NA	NA	NA
ENSDART00000114362	trim45	8	44.3	49.1	NA	NA	NA	NA	NA	NA	NA
ENSDART00000023842	ppm1da	244	50.1	46.7	12.7	27.8	68.7	84.6	31.76	69.21	1.12376959226
ENSDART00000121745	disc1	2	24.3	24.3	NA	NA	NA	NA	NA	NA	NA
ENSDART00000081993	cdx1b	2	98.3	98.3	NA	NA	NA	NA	NA	NA	NA
ENSDART00000129916	tmem69	24	30.4	31.1	11.4	18.5	42.4	48.8	NA	NA	NA
ENSDART00000091298	arhgap21b	86	50.4	43.9	13.2	22.6	71.2	89.1	16.54	41.77	1.33650790899
ENSDART00000127568	ankha	205	47.7	45.7	12.3	22.2	69.7	86.7	NA	NA	NA
ENSDART00000046382	C5H9orf41	46	40.6	35.0	11.2	23.3	54.5	72.1	NA	NA	NA
ENSDART00000078035	cpda	146	72.0	75.8	23.8	41.9	95.5	123.9	2.56	28.24	3.46352437327
ENSDART00000132551	zgc:162144	1	27.3	27.3	NA	NA	NA	NA	NA	NA	NA
ENSDART00000013540	zgc:73324	26	43.9	11.5	2.1	5.0	73.5	143.2	NA	NA	NA
ENSDART00000046384	trmt2a	96	59.2	57.1	27.2	39.1	80.3	91.1	19.14	89.02	2.21753867097
ENSDART00000030444	tesca	2	104.7	104.7	NA	NA	NA	NA	NA	NA	NA
ENSDART00000126663	lck	3	17.1	18.2	NA	NA	NA	NA	NA	NA	NA
ENSDART00000126431	pik3r3a	2	33.6	33.6	NA	NA	NA	NA	NA	NA	NA
ENSDART00000080864	magt1	49	29.8	24.7	4.7	12.5	47.0	56.8	NA	NA	NA
ENSDART00000034730	sec61a1	549	63.6	58.1	20.8	35.8	85.4	114.0	61.42	376.11	2.61437424779
ENSDART00000115419	faf1	115	56.0	53.7	14.6	35.2	75.7	93.9	34.96	116.34	1.73457011933
ENSDART00000088545	KLHL2	40	20.4	14.3	2.9	7.3	28.3	42.7	NA	NA	NA
ENSDART00000126286	nt5c2b	1	148.4	148.4	NA	NA	NA	NA	NA	NA	NA
ENSDART00000115010	prep	146	49.2	50.7	12.1	26.4	68.9	82.7	NA	NA	NA
ENSDART00000146554	tmem79a	43	34.1	29.6	9.6	16.8	45.6	69.1	NA	NA	NA
ENSDART00000115018	BX324134.1	1	81.1	81.1	NA	NA	NA	NA	NA	NA	NA
ENSDART00000125406	fam102ba	3	70.5	91.8	NA	NA	NA	NA	NA	NA	NA
ENSDART00000074068	dhps	13	48.7	54.0	23.9	31.2	64.8	74.9	NA	NA	NA
ENSDART00000098932	wbp2	13	39.8	40.9	22.5	29.6	51.7	60.7	NA	NA	NA
ENSDART00000100108	cuedc1b	36	59.0	61.2	11.9	36.5	88.7	96.0	NA	NA	NA
ENSDART00000100867	fam3c	126	81.0	75.7	19.7	49.4	108.2	146.1	32.89	115.65	1.81404435269
ENSDART00000100105	swap70b	192	51.5	48.3	16.7	32.6	70.1	88.2	22.64	38.4	0.762232352777
ENSDART00000065143	unc119b	101	33.7	26.0	7.7	16.2	46.1	68.4	NA	NA	NA
ENSDART00000105460	si:ch211-197g15.5	6	47.0	48.9	NA	NA	NA	NA	NA	NA	NA
ENSDART00000100102	BX511006.2	4	48.9	28.7	NA	NA	NA	NA	NA	NA	NA
ENSDART00000137572	mpc1	40	40.7	37.1	17.8	26.1	54.7	65.5	NA	NA	NA
ENSDART00000132050	hltf	11	83.2	75.1	25.2	41.1	103.1	139.0	NA	NA	NA
ENSDART00000137575	dock11	80	51.2	40.2	10.3	23.6	75.8	105.5	NA	NA	NA
ENSDART00000150226	mst1ra	4	22.9	23.0	NA	NA	NA	NA	NA	NA	NA
ENSDART00000050205	myl10	1	22.8	22.8	NA	NA	NA	NA	NA	NA	NA
ENSDART00000062430	MIS18BP1	131	34.2	30.8	8.3	16.3	48.8	61.8	30.83	42.61	0.466857162071
ENSDART00000102855	pdhx	60	32.3	29.6	8.4	11.7	46.0	57.6	12.02	3.63	-1.72739544272
ENSDART00000010699	sf3a2	247	64.6	63.6	29.6	46.6	83.3	98.7	98.35	410.24	2.06047120945
ENSDART00000098036	gpr107	11	33.2	29.4	12.9	26.5	38.1	43.7	19.21	108.86	2.50254451706
ENSDART00000051586	hs3st1l2	6	24.3	25.6	NA	NA	NA	NA	NA	NA	NA
ENSDART00000110994	sqlea	4	45.2	39.3	NA	NA	NA	NA	NA	NA	NA
ENSDART00000015401	ercc6l	117	54.7	51.3	18.0	31.3	74.0	89.6	30.7	67.18	1.12979313998
ENSDART00000034555	ddx56	201	45.4	40.0	14.9	24.3	62.5	81.5	48.97	67.34	0.459565525119
ENSDART00000010124	slc7a8a	8	74.2	94.5	NA	NA	NA	NA	NA	NA	NA
ENSDART00000034550	llgl2	32	75.6	80.4	-6.3	23.7	130.3	145.3	15.54	194.07	3.64251870973
ENSDART00000034883	mcf2a	4	20.8	24.2	NA	NA	NA	NA	NA	NA	NA
ENSDART00000079390	exo1	210	35.4	27.9	7.3	14.7	47.7	65.1	53.59	54.96	0.0364181881068
ENSDART00000109495	nudt19	10	41.6	37.2	29.0	30.9	50.5	60.0	NA	NA	NA
ENSDART00000032978	nsl1	70	27.3	25.3	10.2	16.7	36.3	43.7	NA	NA	NA
ENSDART00000099921	si:ch211-264e16.1	2	72.1	72.1	NA	NA	NA	NA	NA	NA	NA
ENSDART00000053681	rnf24	3	25.4	32.1	NA	NA	NA	NA	NA	NA	NA
ENSDART00000075049	GIPC3	3	52.6	61.5	NA	NA	NA	NA	NA	NA	NA
ENSDART00000075048	gnas	140	46.8	41.8	12.0	27.5	59.1	85.0	NA	NA	NA
ENSDART00000082647	acp1	216	32.0	28.0	7.3	14.4	41.6	61.4	43.46	26.69	-0.703388869039
ENSDART00000121813	wdr41	139	41.8	37.8	11.0	20.6	55.7	78.2	NA	NA	NA
ENSDART00000085054	MTFR2	167	35.7	29.0	7.1	14.3	48.4	72.9	57.01	182.09	1.67536478813
ENSDART00000075517	gdf6a	23	20.2	20.6	5.6	11.5	28.5	40.6	NA	NA	NA
ENSDART00000109532	GANC	3	63.3	63.1	NA	NA	NA	NA	NA	NA	NA
ENSDART00000152641	dnm3	3	38.1	34.9	NA	NA	NA	NA	NA	NA	NA
ENSDART00000016808	aldh2.1	17	69.6	68.9	39.9	56.0	80.9	105.7	NA	NA	NA
ENSDART00000026747	dgcr6	17	16.9	12.1	-4.2	8.5	24.8	35.9	NA	NA	NA
ENSDART00000100869	ppp3r1b	42	62.4	50.5	18.1	29.1	95.6	117.1	NA	NA	NA
ENSDART00000026749	nipsnap1	22	37.4	24.7	10.8	15.2	52.7	74.2	NA	NA	NA
ENSDART00000125737	mpp1	1	60.1	60.1	NA	NA	NA	NA	NA	NA	NA
ENSDART00000098108	viml	2	77.4	77.4	NA	NA	NA	NA	NA	NA	NA
ENSDART00000125731	CR548630.1	46	102.0	95.1	34.8	46.4	140.4	173.6	NA	NA	NA
ENSDART00000077914	mpp7	71	43.8	32.9	11.3	18.4	68.1	91.7	NA	NA	NA
ENSDART00000122108	PDZD8	65	39.4	34.4	4.1	15.1	54.0	78.9	NA	NA	NA
ENSDART00000104293	pex5la	1	41.9	41.9	NA	NA	NA	NA	NA	NA	NA
ENSDART00000125739	minos1	156	46.3	41.7	17.2	27.3	61.6	79.6	NA	NA	NA
ENSDART00000045093	arhgef7a	145	30.0	23.1	6.9	14.1	42.6	64.9	10.8	18.71	0.79277824619
ENSDART00000045099	yipf4	207	60.0	57.7	21.0	36.1	80.4	101.8	44.98	94.19	1.06629023825
ENSDART00000103100	cbx8b	135	23.9	19.1	7.0	10.6	35.1	45.7	NA	NA	NA
ENSDART00000088110	stag1a	8	65.3	71.0	NA	NA	NA	NA	NA	NA	NA
ENSDART00000082425	gata2a	86	56.7	45.0	14.6	24.2	87.0	117.5	NA	NA	NA
ENSDART00000082422	si:ch211-285f17.1	1	2.4	2.4	NA	NA	NA	NA	NA	NA	NA
ENSDART00000104334	taf13	420	85.7	86.9	40.5	66.5	107.4	125.3	231.1	287.22	0.313638952086
ENSDART00000103455	tarbp2	173	97.8	102.5	31.4	68.8	128.3	148.3	49.4	161.34	1.70752121412
ENSDART00000104338	pitpnbl	125	75.6	78.8	38.7	57.1	94.7	108.1	37.98	137.28	1.85380964735
ENSDART00000111860	syvn1	629	53.2	49.2	17.1	30.2	70.5	91.1	52.1	135.38	1.37765934437
ENSDART00000111862	ldlrad3	7	15.7	12.4	NA	NA	NA	NA	NA	NA	NA
ENSDART00000111863	C5H9orf142	223	28.3	24.4	7.7	15.7	37.6	52.5	NA	NA	NA
ENSDART00000108822	CABZ01093445.1	11	44.9	49.0	15.4	36.3	58.4	68.3	NA	NA	NA
ENSDART00000123513	CU570684.5	1	50.2	50.2	NA	NA	NA	NA	NA	NA	NA
ENSDART00000108825	adh5	157	52.4	49.5	20.8	33.9	66.7	91.2	52.97	35.05	-0.595761064399
ENSDART00000037282	ccdc25	25	49.5	51.7	10.3	30.4	68.5	78.8	27.4	16.1	-0.767115204846
ENSDART00000037287	CABZ01072585.1	111	46.3	39.3	12.7	17.7	67.1	92.2	NA	NA	NA
ENSDART00000029157	mfsd4a	182	32.4	27.9	11.7	17.7	45.1	54.2	42.27	30.08	-0.490829545353
ENSDART00000141393	ptpn3	43	25.8	17.8	6.4	10.0	37.0	49.5	NA	NA	NA
ENSDART00000004879	hsp90b1	345	52.1	49.6	18.6	30.8	67.1	91.1	159.9	139.77	-0.194115202538
ENSDART00000112103	gnsb	290	38.9	27.7	9.2	16.1	52.5	82.9	16.66	18.18	0.125963798829
ENSDART00000061535	irf6	353	39.5	38.1	12.1	22.1	52.4	68.0	12.86	54.11	2.07300459865
ENSDART00000139151	si:ch211-193k19.1	90	33.3	26.9	4.6	13.4	44.6	78.6	NA	NA	NA
ENSDART00000004871	lrrc23	1	121.4	121.4	NA	NA	NA	NA	NA	NA	NA
ENSDART00000023218	stat6	14	71.7	67.7	27.2	46.1	85.5	106.9	NA	NA	NA
ENSDART00000109418	spoplb	108	52.4	49.6	13.4	29.2	70.1	91.6	15.65	19.1	0.287409981103
ENSDART00000083777	CABZ01034602.1	38	36.7	29.4	14.1	21.8	49.8	69.4	NA	NA	NA
ENSDART00000102275	zgc:153258	78	39.4	37.4	9.9	17.9	52.0	71.0	24.77	35.12	0.503698976289
ENSDART00000153063	sec22ba	39	38.5	35.0	14.1	19.0	47.9	69.4	NA	NA	NA
ENSDART00000131646	slc29a2	49	24.0	17.9	4.2	7.8	29.7	53.5	NA	NA	NA
ENSDART00000109412	helq	45	34.5	28.5	11.6	15.1	47.0	60.2	NA	NA	NA
ENSDART00000083778	eral1	98	31.1	26.6	8.3	15.1	42.6	61.6	NA	NA	NA
ENSDART00000100701	gabpa	48	123.7	133.0	59.9	110.6	151.2	165.9	18.1	140.48	2.95630314756
ENSDART00000109416	smc2	335	42.2	35.6	10.2	20.1	60.2	84.0	50.13	110.99	1.14668355896
ENSDART00000081797	SASH1	70	45.7	39.8	12.6	17.5	67.4	85.9	NA	NA	NA
ENSDART00000078441	rhoac	422	50.5	44.6	15.3	27.4	66.5	94.0	45.1	189.85	2.07366066036
ENSDART00000066621	si:ch1073-473i7.3	2	43.9	43.9	NA	NA	NA	NA	NA	NA	NA
ENSDART00000066620	si:dkeyp-113d7.4	3	49.4	45.5	NA	NA	NA	NA	NA	NA	NA
ENSDART00000105887	dlx4b	2	94.5	94.5	NA	NA	NA	NA	NA	NA	NA
ENSDART00000066629	sumo2b	177	70.7	71.5	32.8	52.8	90.2	111.9	NA	NA	NA
ENSDART00000097656	ppapdc1a	2	33.3	33.3	NA	NA	NA	NA	NA	NA	NA
ENSDART00000065859	cdk9	206	52.1	47.3	11.8	24.4	74.5	98.0	60.73	295.55	2.28292094629
ENSDART00000043397	ZBTB26	8	35.6	30.6	NA	NA	NA	NA	NA	NA	NA
ENSDART00000089445	AGAP9	111	34.2	31.7	4.8	11.2	46.7	78.0	NA	NA	NA
ENSDART00000012194	gata5	2	75.7	75.7	NA	NA	NA	NA	NA	NA	NA
ENSDART00000065853	dhrs3b	2	59.0	59.0	NA	NA	NA	NA	NA	NA	NA
ENSDART00000046542	igf1rb	45	38.1	26.9	4.8	11.4	57.2	90.7	NA	NA	NA
ENSDART00000041265	rad23aa	20	49.2	42.1	19.3	30.8	59.3	87.6	NA	NA	NA
ENSDART00000089999	BX323050.1	22	37.9	35.9	10.1	21.7	55.1	71.4	NA	NA	NA
ENSDART00000039280	fzd7b	157	60.3	54.7	13.3	26.0	84.7	119.6	20.13	81.19	2.01195487241
ENSDART00000079016	thoc3	360	30.5	26.0	8.7	15.7	39.6	57.4	94.99	125.04	0.396542135523
ENSDART00000114777	nckipsd	189	90.8	92.0	49.4	72.7	112.6	126.4	33.67	37.52	0.156196106688
ENSDART00000137746	slc7a14a	9	49.8	42.3	NA	NA	NA	NA	NA	NA	NA
ENSDART00000114010	SLITRK3	23	26.3	19.8	5.7	14.6	30.1	63.1	NA	NA	NA
ENSDART00000130374	si:ch211-151o1.2	1	139.4	139.4	NA	NA	NA	NA	NA	NA	NA
ENSDART00000130377	gb:bc139653	10	26.0	19.6	10.0	15.5	36.7	48.0	NA	NA	NA
ENSDART00000130371	kif19	21	29.1	26.4	7.7	17.2	37.5	51.5	NA	NA	NA
ENSDART00000130370	smtnl	317	45.5	44.1	17.8	29.8	58.9	74.1	24.49	23.54	-0.0570784535255
ENSDART00000058725	atg10	24	26.3	22.0	12.4	15.7	32.5	45.5	NA	NA	NA
ENSDART00000058728	nek4	97	40.8	37.9	18.7	25.1	52.9	68.5	25.16	11.95	-1.07412130401
ENSDART00000130379	psap	1260	76.7	76.5	29.7	49.3	102.4	121.6	167.86	1031.52	2.61944140268
ENSDART00000108965	gra	125	48.7	46.1	15.5	26.5	65.2	89.7	47.0	109.79	1.22401399347
ENSDART00000138106	phip	1	17.4	17.4	NA	NA	NA	NA	NA	NA	NA
ENSDART00000124465	junbb	2	7.6	7.6	NA	NA	NA	NA	NA	NA	NA
ENSDART00000074740	alad	32	34.8	27.7	13.5	19.1	48.6	62.9	NA	NA	NA
ENSDART00000024185	zgc:56231	468	27.8	24.4	7.9	14.8	36.5	51.1	143.05	17.19	-3.05687804773
ENSDART00000024639	tshz1	101	23.9	21.7	7.7	12.8	30.4	40.7	NA	NA	NA
ENSDART00000092596	akt3a	22	26.3	16.6	6.0	11.6	39.6	54.3	NA	NA	NA
ENSDART00000053208	rps14	2044	49.1	48.0	26.9	37.9	58.8	69.7	1413.33	114.58	-3.62467121349
ENSDART00000038888	hsdl2	216	55.0	53.3	24.5	36.6	68.3	87.5	55.61	104.41	0.908843652215
ENSDART00000053201	polr2f	148	46.5	34.9	15.9	24.6	53.4	76.5	68.78	99.62	0.534446295146
ENSDART00000053203	plp2	6	61.3	61.9	NA	NA	NA	NA	NA	NA	NA
ENSDART00000042049	hif1an	17	32.9	26.5	-7.5	13.4	47.5	76.1	56.87	150.13	1.40047258552
ENSDART00000136439	bcl7a	89	44.3	39.8	12.4	23.6	56.6	72.9	NA	NA	NA
ENSDART00000077775	kat6b	122	33.0	29.5	9.4	15.6	45.1	65.8	NA	NA	NA
ENSDART00000042514	atrnl1b	59	66.0	62.0	12.9	35.7	93.0	111.0	NA	NA	NA
ENSDART00000131357	parp12b	41	42.1	42.2	18.3	30.2	52.2	68.3	NA	NA	NA
ENSDART00000099988	glceb	210	74.6	78.8	23.7	54.5	101.5	113.7	NA	NA	NA
ENSDART00000022920	foxa1	1	18.3	18.3	NA	NA	NA	NA	NA	NA	NA
ENSDART00000046464	TPO	1	13.4	13.4	NA	NA	NA	NA	NA	NA	NA
ENSDART00000054605	aasdhppt	2	32.9	32.9	NA	NA	NA	NA	NA	NA	NA
ENSDART00000028247	gdap2	197	38.6	32.7	11.6	21.3	51.6	70.8	NA	NA	NA
ENSDART00000025326	csnk1da	211	37.6	27.9	6.1	12.3	53.4	84.0	41.21	129.38	1.65054824913
ENSDART00000126907	cog6	17	76.1	76.6	37.7	46.5	97.3	125.4	8.46	83.71	3.30667040902
ENSDART00000126110	ace2	3	46.2	51.0	NA	NA	NA	NA	NA	NA	NA
ENSDART00000125630	pcdh17	2	32.6	32.6	NA	NA	NA	NA	NA	NA	NA
ENSDART00000114996	SYDE1	15	38.2	39.0	-7.5	12.5	64.1	76.0	NA	NA	NA
ENSDART00000033701	sema3ga	2	36.1	36.1	NA	NA	NA	NA	NA	NA	NA
ENSDART00000114993	CABZ01024201.1	5	48.1	35.8	NA	NA	NA	NA	NA	NA	NA
ENSDART00000129736	HDAC11	27	42.8	42.4	13.4	24.8	53.6	68.9	NA	NA	NA
ENSDART00000129735	PDZRN4	12	36.3	22.3	4.7	10.6	37.5	85.0	NA	NA	NA
ENSDART00000020743	cmss1	157	46.5	43.3	12.5	28.0	61.6	73.6	87.83	51.28	-0.776317541798
ENSDART00000032331	gmppab	48	47.1	42.6	14.8	27.7	62.5	78.3	NA	NA	NA
ENSDART00000133487	fosb	2	25.9	25.9	NA	NA	NA	NA	NA	NA	NA
ENSDART00000039572	znf326	158	53.8	49.7	23.9	35.9	70.9	87.6	86.2	95.3	0.144788344821
ENSDART00000098639	cntn5	5	85.7	93.1	NA	NA	NA	NA	NA	NA	NA
ENSDART00000076796	smg1	8	102.0	122.4	NA	NA	NA	NA	7.53	1.84	-2.03294409861
ENSDART00000076794	gltpd2	6	45.9	43.8	NA	NA	NA	NA	NA	NA	NA
ENSDART00000018401	ORAI1	44	65.7	69.8	19.9	37.2	83.7	110.3	NA	NA	NA
ENSDART00000124059	dapk1	66	28.9	20.9	4.7	11.5	42.5	64.8	NA	NA	NA
ENSDART00000024453	usp7	257	70.5	68.0	24.8	39.8	96.1	121.4	45.0	171.63	1.93130484365
ENSDART00000024450	zfand5b	1744	37.9	32.6	9.8	19.0	50.0	71.4	226.83	787.71	1.79605313055
ENSDART00000150086	C2H1orf27	47	38.4	34.2	13.9	27.4	47.3	60.9	24.9	36.09	0.535453400942
ENSDART00000104394	smx5	527	35.0	26.3	8.0	14.9	41.3	74.5	NA	NA	NA
ENSDART00000090991	unc5da	1	139.7	139.7	NA	NA	NA	NA	NA	NA	NA
ENSDART00000149720	znf236	40	25.8	19.3	7.3	9.9	44.9	50.2	5.47	8.18	0.580560010149
ENSDART00000022676	asns	23	33.9	36.2	-0.6	16.1	49.0	60.6	NA	NA	NA
ENSDART00000115359	FP016199.1	1	3.3	3.3	NA	NA	NA	NA	NA	NA	NA
ENSDART00000078866	ifi30	124	40.1	35.8	15.3	22.4	51.0	73.6	73.59	46.77	-0.65392630586
ENSDART00000134283	sorbs3	62	39.4	35.9	13.8	24.2	47.6	59.4	NA	NA	NA
ENSDART00000091828	syne1b	1	71.1	71.1	NA	NA	NA	NA	NA	NA	NA
ENSDART00000067179	mrpl23	39	40.8	37.7	16.3	22.8	57.9	71.3	NA	NA	NA
ENSDART00000078860	noxo1b	10	37.0	29.1	13.8	21.7	40.3	78.7	NA	NA	NA
ENSDART00000067174	zcrb1	125	48.5	46.9	15.9	32.6	61.8	73.5	99.86	63.44	-0.654514135626
ENSDART00000067175	pphln1	60	81.2	82.5	12.8	53.1	109.2	130.0	14.46	159.23	3.46097271751
ENSDART00000067177	prickle1b	113	92.9	87.4	19.0	53.1	135.0	164.4	NA	NA	NA
ENSDART00000062573	nrn1b	1	14.5	14.5	NA	NA	NA	NA	NA	NA	NA
ENSDART00000133300	zbtb34	44	48.7	45.6	11.1	18.4	64.1	99.6	NA	NA	NA
ENSDART00000087107	zgc:158450	147	34.3	26.3	11.3	16.7	40.5	65.4	54.37	20.98	-1.37379615022
ENSDART00000087454	grhl1	18	132.3	136.6	28.1	90.3	189.0	213.6	NA	NA	NA
ENSDART00000145413	si:ch211-253p2.2	9	63.7	46.8	NA	NA	NA	NA	NA	NA	NA
ENSDART00000114194	FAM188B	9	78.4	78.5	NA	NA	NA	NA	NA	NA	NA
ENSDART00000151236	si:dkey-260c8.4	6	85.3	93.5	NA	NA	NA	NA	NA	NA	NA
ENSDART00000050884	sepw1	90	80.1	85.0	20.3	56.0	108.4	121.5	NA	NA	NA
ENSDART00000114190	AL929222.1	5	53.0	56.3	NA	NA	NA	NA	NA	NA	NA
ENSDART00000079359	PDE5A	9	26.4	13.9	NA	NA	NA	NA	NA	NA	NA
ENSDART00000076425	cog4	62	35.3	34.9	13.3	20.3	46.8	56.4	30.17	23.35	-0.36969214655
ENSDART00000017968	SIRT4	3	40.0	44.0	NA	NA	NA	NA	NA	NA	NA
ENSDART00000052005	ostc	91	46.6	42.2	11.2	20.1	65.9	90.8	36.67	109.37	1.5765448925
ENSDART00000017965	slkb	1	138.7	138.7	NA	NA	NA	NA	NA	NA	NA
ENSDART00000105672	mybpc2b	1	16.2	16.2	NA	NA	NA	NA	NA	NA	NA
ENSDART00000105675	ttc39c	69	44.5	44.7	16.8	29.0	58.1	69.8	NA	NA	NA
ENSDART00000132995	ak3	31	128.9	130.4	46.5	98.4	167.3	175.3	NA	NA	NA
ENSDART00000012191	hiat1a	158	32.7	28.9	10.4	15.3	44.1	59.0	NA	NA	NA
ENSDART00000007961	nt5c2l1	1	84.2	84.2	NA	NA	NA	NA	NA	NA	NA
ENSDART00000007744	slc30a1a	63	55.6	36.6	11.9	24.1	86.4	127.1	NA	NA	NA
ENSDART00000027014	rab7	139	44.8	35.7	9.6	20.4	66.2	85.1	NA	NA	NA
ENSDART00000007741	HPS6	35	30.1	25.9	9.3	15.0	37.2	52.6	NA	NA	NA
ENSDART00000090196	slc35a4	4	52.2	37.2	NA	NA	NA	NA	NA	NA	NA
ENSDART00000124184	CABZ01054405.1	11	31.6	20.8	14.8	17.6	37.3	65.1	NA	NA	NA
ENSDART00000090191	flcn	73	22.8	18.0	5.8	10.6	30.0	41.9	NA	NA	NA
ENSDART00000064483	mei4	12	18.7	17.9	7.2	14.0	21.7	33.3	NA	NA	NA
ENSDART00000125900	hs3st3b1b	3	19.0	20.0	NA	NA	NA	NA	NA	NA	NA
ENSDART00000125901	tnnt3a	3	47.2	50.8	NA	NA	NA	NA	NA	NA	NA
ENSDART00000122657	nrarpa	81	59.3	41.1	9.5	21.0	90.5	127.7	NA	NA	NA
ENSDART00000128174	foxp1b	13	44.1	36.7	15.1	21.5	50.1	66.3	NA	NA	NA
ENSDART00000091876	CT573393.1	2	17.7	17.7	NA	NA	NA	NA	NA	NA	NA
ENSDART00000007672	dmgdh	2	38.1	38.1	NA	NA	NA	NA	NA	NA	NA
ENSDART00000092071	UBN1	29	18.0	15.7	1.9	6.1	25.1	31.8	NA	NA	NA
ENSDART00000139411	ppap2c	134	51.4	44.3	15.5	27.4	67.0	92.5	NA	NA	NA
ENSDART00000010975	tmem206	5	45.1	22.6	NA	NA	NA	NA	NA	NA	NA
ENSDART00000063706	fndc4a	2	26.5	26.5	NA	NA	NA	NA	NA	NA	NA
ENSDART00000025583	fgf8a	14	63.4	22.7	9.0	12.9	93.8	146.2	NA	NA	NA
ENSDART00000063251	ctsz	47	32.9	29.5	12.0	24.8	41.9	57.3	NA	NA	NA
ENSDART00000076056	dhx38	25	112.4	101.3	6.6	28.6	138.4	170.2	9.96	95.22	3.25704698149
ENSDART00000020745	wu:fb30e12	16	60.9	51.7	15.5	23.1	78.8	118.3	NA	NA	NA
ENSDART00000130906	zgc:136763	16	31.0	29.3	15.8	26.2	36.6	45.1	NA	NA	NA
ENSDART00000153403	dnajb12b	108	28.6	25.9	5.5	14.8	39.4	59.3	NA	NA	NA
ENSDART00000077868	CD68	236	31.1	28.7	11.8	18.6	39.9	54.1	NA	NA	NA
ENSDART00000023985	zgc:153952	404	33.2	18.7	5.0	10.8	33.9	95.5	NA	NA	NA
ENSDART00000023983	psat1	77	70.9	77.0	31.5	50.6	95.6	106.2	30.76	68.2	1.14871623595
ENSDART00000130909	edc3	55	45.8	39.3	15.5	26.0	67.9	83.6	7.09	52.36	2.88460756471
ENSDART00000132193	wnt8a	56	22.5	20.4	5.1	11.4	29.6	41.8	NA	NA	NA
ENSDART00000132192	CR936975.4	4	25.8	24.8	NA	NA	NA	NA	NA	NA	NA
ENSDART00000132190	cdc27	622	66.3	64.2	29.7	46.2	82.7	100.9	36.11	217.23	2.58875303125
ENSDART00000125609	CABZ01088039.1	58	49.8	44.9	9.5	22.4	62.2	90.2	10.18	16.95	0.735547711948
ENSDART00000026174	dgkh	1	19.4	19.4	NA	NA	NA	NA	NA	NA	NA
ENSDART00000026178	KIF4A	664	22.4	19.1	5.1	10.1	31.7	45.0	26.39	10.0	-1.39999135066
ENSDART00000053531	slc2a12	13	65.5	52.9	24.9	32.8	80.1	127.6	NA	NA	NA
ENSDART00000144545	rc3h1	22	75.1	73.7	6.8	40.8	83.6	148.9	NA	NA	NA
ENSDART00000029371	dspa	5	99.8	116.4	NA	NA	NA	NA	NA	NA	NA
ENSDART00000064157	vstm2l	18	40.1	40.6	10.5	16.2	53.6	75.6	NA	NA	NA
ENSDART00000021168	rxrga	13	41.9	39.9	16.5	18.6	57.3	75.9	NA	NA	NA
ENSDART00000022581	rab22a	61	42.2	37.3	15.1	22.3	51.0	64.8	NA	NA	NA
ENSDART00000101198	recql	13	44.5	47.9	22.5	30.0	60.2	68.3	NA	NA	NA
ENSDART00000024064	galnt6	258	32.7	26.6	7.7	14.3	49.0	67.3	NA	NA	NA
ENSDART00000080458	nsdhl	79	22.1	19.0	7.9	13.5	30.4	39.4	NA	NA	NA
ENSDART00000080107	si:dkey-228d14.5	1	28.5	28.5	NA	NA	NA	NA	NA	NA	NA
ENSDART00000123081	si:ch211-113a14.14	39	13.2	2.0	-8.1	-4.8	15.0	60.7	NA	NA	NA
ENSDART00000124267	si:ch211-67e16.4	26	24.7	21.8	9.3	11.2	31.7	51.5	NA	NA	NA
ENSDART00000059196	polr2i	244	56.0	54.9	19.8	36.9	75.7	93.3	111.58	417.9	1.90507930216
ENSDART00000088478	SH3PXD2A	1	125.0	125.0	NA	NA	NA	NA	NA	NA	NA
ENSDART00000016696	rhoad	194	46.8	42.8	19.3	28.7	62.6	80.8	57.14	92.65	0.697289939978
ENSDART00000016690	tmpoa	138	49.6	47.0	15.5	31.9	69.8	80.2	25.26	144.22	2.51334470287
ENSDART00000151358	rgl3a	31	6.5	8.5	-12.1	-6.9	14.8	24.1	NA	NA	NA
ENSDART00000111007	CHDH	3	152.2	170.0	NA	NA	NA	NA	NA	NA	NA
ENSDART00000088146	ensab	6	51.8	55.8	NA	NA	NA	NA	NA	NA	NA
ENSDART00000111002	C7H20orf27	143	88.1	96.1	16.3	59.4	119.3	140.4	NA	NA	NA
ENSDART00000151351	prrg4	279	67.1	63.7	23.5	44.5	90.3	109.6	52.44	111.5	1.08830411947
ENSDART00000067822	dynlt3	134	31.5	27.3	9.2	14.1	44.3	57.6	NA	NA	NA
ENSDART00000063870	rpl11	1101	34.9	34.3	11.1	23.0	44.7	55.2	874.17	38.59	-4.50161491919
ENSDART00000137997	sept6	208	74.1	70.6	14.6	34.1	112.7	137.8	49.66	498.25	3.32671363844
ENSDART00000059800	lactb	12	26.2	29.3	7.4	11.2	37.1	42.2	39.62	18.16	-1.1254646776
ENSDART00000067824	b3galnt2	4	40.1	31.8	NA	NA	NA	NA	NA	NA	NA
ENSDART00000025910	apmap	63	67.8	72.6	26.1	39.0	99.9	111.0	14.31	54.52	1.92976189008
ENSDART00000046098	plcd1b	792	68.8	69.9	28.2	47.0	88.2	104.8	96.55	296.45	1.61844063244
ENSDART00000148675	ddx21	406	32.8	27.5	6.7	15.8	44.2	66.9	223.45	48.88	-2.19263585446
ENSDART00000147019	TMEM71	1	145.8	145.8	NA	NA	NA	NA	NA	NA	NA
ENSDART00000112291	CU683901.1	1	23.5	23.5	NA	NA	NA	NA	NA	NA	NA
ENSDART00000065288	pcyt1ba	5	27.9	21.6	NA	NA	NA	NA	NA	NA	NA
ENSDART00000129091	ubr3	194	53.7	52.9	12.2	29.6	74.4	89.6	32.02	23.97	-0.417743398867
ENSDART00000081505	pggt1b	31	47.0	30.9	8.3	17.6	53.0	78.7	14.06	7.87	-0.837161053565
ENSDART00000112298	map2	10	55.1	47.9	38.7	43.8	64.9	85.2	NA	NA	NA
ENSDART00000101992	lipt2	4	18.2	17.6	NA	NA	NA	NA	NA	NA	NA
ENSDART00000101994	pnisr	140	43.2	31.0	10.3	17.3	54.4	81.2	118.42	73.1	-0.695969447583
ENSDART00000031139	slc24a4b	1	34.7	34.7	NA	NA	NA	NA	NA	NA	NA
ENSDART00000064738	atpif1b	35	51.6	46.0	27.0	36.2	60.1	76.3	NA	NA	NA
ENSDART00000039700	itgb1a	13	45.3	27.7	9.7	16.6	70.0	99.1	NA	NA	NA
ENSDART00000128284	nudt9	138	48.2	46.7	17.3	27.5	64.5	72.5	28.04	39.55	0.49619134535
ENSDART00000103733	atad5a	234	52.0	44.4	16.8	25.8	69.7	94.6	52.34	47.2	-0.149127064799
ENSDART00000103592	FAM83F	54	38.1	39.8	12.5	21.9	47.7	63.6	NA	NA	NA
ENSDART00000103596	npc1	275	36.5	32.1	13.1	20.6	46.7	66.0	21.73	25.1	0.207999189657
ENSDART00000133246	hsf2bp	1	33.9	33.9	NA	NA	NA	NA	NA	NA	NA
ENSDART00000133247	rusc2	1	48.6	48.6	NA	NA	NA	NA	NA	NA	NA
ENSDART00000111477	METTL18	24	33.0	27.3	13.6	17.6	39.3	51.8	NA	NA	NA
ENSDART00000111472	brca2	103	32.2	22.0	5.9	10.6	36.9	75.1	11.97	4.2	-1.51096191928
ENSDART00000041725	sfmbt1	41	30.8	24.8	5.6	13.5	47.4	61.2	NA	NA	NA
ENSDART00000041895	ssu72	67	59.8	57.2	22.2	37.0	82.5	95.0	28.41	92.71	1.70632612946
ENSDART00000030667	szl	4	132.7	139.2	NA	NA	NA	NA	NA	NA	NA
ENSDART00000049151	gli1	11	53.5	49.3	23.6	34.9	64.2	73.2	NA	NA	NA
ENSDART00000135428	si:ch211-284e13.5	96	34.4	30.2	10.1	17.0	43.5	63.0	NA	NA	NA
ENSDART00000100642	ell	481	45.7	39.1	11.5	21.5	65.5	89.3	NA	NA	NA
ENSDART00000030885	uckl1a	1	84.5	84.5	NA	NA	NA	NA	NA	NA	NA
ENSDART00000061706	inpp5b	45	32.6	26.9	6.7	14.5	45.1	61.5	15.66	3.23	-2.2774781426
ENSDART00000065563	ccdc90b	8	64.9	67.7	NA	NA	NA	NA	NA	NA	NA
ENSDART00000146350	far1	69	43.3	40.0	15.0	20.7	59.5	83.4	NA	NA	NA
ENSDART00000127353	nr1d2b	10	48.0	45.7	23.0	32.2	65.0	77.1	NA	NA	NA
ENSDART00000127350	enpp1	33	48.3	40.7	15.5	27.9	67.0	91.4	NA	NA	NA
ENSDART00000127355	IER2	36	84.9	88.4	39.4	57.7	107.4	129.3	NA	NA	NA
ENSDART00000027090	yes1	111	64.4	64.0	20.3	36.4	89.7	107.0	13.0	157.81	3.60160509963
ENSDART00000074034	vps54	314	25.7	24.0	8.0	14.9	32.6	45.6	NA	NA	NA
ENSDART00000018347	cab39l1	177	52.3	45.2	11.3	22.0	79.8	102.9	NA	NA	NA
ENSDART00000126341	CCPG1	14	30.5	26.9	11.9	20.0	39.9	53.0	NA	NA	NA
ENSDART00000109030	HERC1	13	44.1	39.3	13.7	16.7	67.9	82.3	4.19	1.15	-1.86531638275
ENSDART00000111956	gramd1a	20	26.8	23.7	7.9	18.6	37.0	42.0	NA	NA	NA
ENSDART00000136199	dtd2	33	38.2	35.4	11.0	18.2	51.0	62.8	NA	NA	NA
ENSDART00000113526	optn	10	24.2	17.1	6.1	11.8	30.0	40.4	NA	NA	NA
ENSDART00000065562	pcf11	61	63.5	30.8	8.4	14.6	109.6	164.0	14.3	7.41	-0.94846969936
ENSDART00000102562	ankrd10b	2	61.3	61.3	NA	NA	NA	NA	NA	NA	NA
ENSDART00000123404	il17rd	141	35.9	32.6	7.2	15.6	48.6	73.9	14.82	43.34	1.54815370579
ENSDART00000016960	prkg1a	12	62.4	62.5	20.5	46.5	72.9	106.2	NA	NA	NA
ENSDART00000128551	ttll9	2	47.9	47.9	NA	NA	NA	NA	NA	NA	NA
ENSDART00000124615	rad23b	306	76.8	74.9	22.9	50.9	103.5	131.3	80.46	286.15	1.83042796381
ENSDART00000129940	MTMR4	181	33.1	29.5	8.5	18.0	44.6	65.6	12.47	53.07	2.08943508358
ENSDART00000014696	pdx1	17	28.8	23.2	14.5	17.2	36.2	40.2	NA	NA	NA
ENSDART00000014871	akr7a3	84	42.4	41.8	10.5	26.1	60.3	73.8	NA	NA	NA
ENSDART00000123409	PARP10	31	46.8	41.4	20.4	28.3	56.7	78.7	NA	NA	NA
ENSDART00000014691	eif4e2rs1	298	48.6	45.2	23.4	32.0	59.1	75.4	40.78	113.65	1.47866400369
ENSDART00000109312	HMGXB4	2	90.0	90.0	NA	NA	NA	NA	NA	NA	NA
ENSDART00000098194	raf1a	41	55.3	59.1	19.0	37.0	75.5	98.3	NA	NA	NA
ENSDART00000147912	si:dkey-20d21.12	62	32.9	31.1	9.5	17.6	44.0	54.9	NA	NA	NA
ENSDART00000008898	foxm1	262	31.4	28.0	15.2	20.3	39.8	52.6	NA	NA	NA
ENSDART00000044043	rbm17	131	64.2	61.3	28.4	42.2	82.4	103.3	43.92	151.1	1.78255370105
ENSDART00000102463	zgc:162344	295	32.5	29.1	7.9	15.1	45.3	63.9	47.66	51.5	0.111793480768
ENSDART00000056666	klhl20	204	60.7	56.6	18.8	36.8	82.2	102.0	30.31	108.7	1.84248618313
ENSDART00000056667	cenpl	231	24.8	17.0	5.2	10.6	30.0	47.0	NA	NA	NA
ENSDART00000014232	znf330	103	38.8	36.7	12.0	21.0	48.7	64.6	30.58	44.88	0.553484269248
ENSDART00000136990	si:dkey-117m1.4	13	42.6	36.9	12.9	20.7	49.0	75.8	NA	NA	NA
ENSDART00000033069	bxdc2	172	34.1	27.4	9.6	16.0	43.6	66.6	113.86	33.27	-1.77496723351
ENSDART00000137801	rasgef1ba	279	42.9	27.9	8.0	15.0	48.9	118.5	52.13	25.96	-1.0058234766
ENSDART00000129031	nsmfb	10	59.8	56.3	35.7	42.4	63.3	102.7	NA	NA	NA
ENSDART00000129033	SB:CB827	11	30.7	32.9	5.4	9.9	44.0	56.2	NA	NA	NA
ENSDART00000036015	ryr1b	1	92.6	92.6	NA	NA	NA	NA	NA	NA	NA
ENSDART00000129035	prdx5	11	50.4	51.5	21.1	24.7	67.1	80.8	NA	NA	NA
ENSDART00000082362	mak	70	54.8	54.7	25.0	37.1	65.9	82.0	NA	NA	NA
ENSDART00000064150	SAYSD1	59	25.6	22.0	11.9	18.7	30.7	42.6	NA	NA	NA
ENSDART00000109319	arf1	293	74.4	72.7	21.5	43.2	106.6	133.2	NA	NA	NA
ENSDART00000078795	ahcyl1	1	12.1	12.1	NA	NA	NA	NA	NA	NA	NA
ENSDART00000059117	mmd	26	39.3	41.6	2.1	21.5	49.9	75.7	NA	NA	NA
ENSDART00000064156	tbccd1	66	37.3	27.7	7.0	16.0	50.2	72.7	NA	NA	NA
ENSDART00000079902	slc25a16	1	27.8	27.8	NA	NA	NA	NA	NA	NA	NA
ENSDART00000077219	badb	132	32.1	25.4	7.6	15.5	40.4	67.7	NA	NA	NA
ENSDART00000098999	zgc:114119	90	50.0	46.9	17.8	26.3	68.5	87.1	53.36	87.68	0.716489131776
ENSDART00000127955	lysmd2	120	22.5	17.1	4.9	9.9	26.4	45.4	NA	NA	NA
ENSDART00000136306	SYCE3	40	30.4	29.5	8.1	17.2	39.3	50.9	NA	NA	NA
ENSDART00000077216	astn1	41	69.1	69.2	25.7	42.7	93.3	117.5	NA	NA	NA
ENSDART00000077217	zgc:101765	118	30.9	28.4	10.9	16.0	39.0	56.9	NA	NA	NA
ENSDART00000009337	eno1a	30	32.0	28.7	7.4	14.1	48.1	59.9	NA	NA	NA
ENSDART00000045177	cdk10	13	73.8	68.2	55.8	56.3	89.9	97.7	NA	NA	NA
ENSDART00000102645	stk11ip	29	32.5	27.4	9.3	13.8	53.5	62.0	NA	NA	NA
ENSDART00000056138	IGSF8	34	37.6	33.0	12.5	22.5	44.7	66.2	NA	NA	NA
ENSDART00000046954	kcnip1a	1	51.4	51.4	NA	NA	NA	NA	NA	NA	NA
ENSDART00000130675	pi4k2a	203	54.6	47.5	12.8	26.8	75.4	105.6	NA	NA	NA
ENSDART00000146106	nfil3-5	17	49.6	48.1	5.8	20.8	75.6	90.4	NA	NA	NA
ENSDART00000148418	si:dkey-42i9.16	2	130.6	130.6	NA	NA	NA	NA	NA	NA	NA
ENSDART00000025620	ppiaa	2458	51.8	48.8	21.9	32.9	65.7	87.4	620.31	596.07	-0.0575076179571
ENSDART00000130299	DEAF1	19	34.6	25.7	10.6	17.8	42.5	58.6	NA	NA	NA
ENSDART00000130296	CABZ01088071.1	1140	69.4	67.6	14.4	31.2	101.5	125.7	133.16	119.22	-0.159534497169
ENSDART00000130746	zgc:112962	70	55.0	56.5	20.6	35.0	69.9	89.5	10.24	19.42	0.923327485419
ENSDART00000130292	si:dkey-102c8.3	1	23.0	23.0	NA	NA	NA	NA	NA	NA	NA
ENSDART00000130741	fam20c	2	17.8	17.8	NA	NA	NA	NA	NA	NA	NA
ENSDART00000147941	me1	56	32.8	29.4	10.9	18.8	44.0	57.5	NA	NA	NA
ENSDART00000048206	C18H12orf23	191	35.9	28.5	10.0	16.7	49.2	73.0	NA	NA	NA
ENSDART00000097469	fdx1l	91	54.4	55.2	24.0	34.9	69.7	83.5	32.7	31.1	-0.0723760553675
ENSDART00000081983	SLC35A2	5	25.6	27.7	NA	NA	NA	NA	NA	NA	NA
ENSDART00000131276	si:ch211-150o23.2	127	40.7	33.7	11.9	21.3	55.1	76.5	NA	NA	NA
ENSDART00000097465	CEP57	65	31.4	34.0	11.1	17.6	40.3	56.8	28.1	23.67	-0.247510424374
ENSDART00000048201	SMAD4	2	39.6	39.6	NA	NA	NA	NA	NA	NA	NA
ENSDART00000076163	hoxb1b	3	13.1	10.2	NA	NA	NA	NA	NA	NA	NA
ENSDART00000005331	klhl15	155	32.2	27.9	11.2	17.1	41.8	60.1	NA	NA	NA
ENSDART00000002104	sema3c	2	31.6	31.6	NA	NA	NA	NA	NA	NA	NA
ENSDART00000005337	rimkla	619	86.9	88.9	42.0	68.8	108.4	125.7	40.7	384.56	3.24010800898
ENSDART00000055312	nosip	90	66.8	61.9	27.8	45.3	83.8	106.0	31.05	136.41	2.13528423636
ENSDART00000112030	CABZ01084950.1	43	34.5	30.4	8.4	16.4	46.9	67.1	NA	NA	NA
ENSDART00000042100	homez	201	51.2	40.1	9.4	19.8	73.7	109.1	42.35	105.88	1.32199622528
ENSDART00000115339	scmh1	12	25.3	17.8	7.2	8.0	28.7	46.8	NA	NA	NA
ENSDART00000004686	limk1b	1	171.9	171.9	NA	NA	NA	NA	NA	NA	NA
ENSDART00000134455	zgc:100906	2	32.1	32.1	NA	NA	NA	NA	NA	NA	NA
ENSDART00000143483	nr2c2ap	29	35.4	31.1	7.1	20.6	44.0	70.2	NA	NA	NA
ENSDART00000143482	fsd1l	2	50.9	50.9	NA	NA	NA	NA	NA	NA	NA
ENSDART00000134450	ebpl	8	29.2	28.1	NA	NA	NA	NA	NA	NA	NA
ENSDART00000109990	ABHD15	117	33.8	31.1	10.6	19.2	46.1	59.3	NA	NA	NA
ENSDART00000088908	srgap1	50	57.9	59.2	14.4	31.7	78.3	110.6	NA	NA	NA
ENSDART00000146175	CEP350	294	38.0	32.4	7.7	17.4	55.1	72.8	48.13	26.82	-0.84362718606
ENSDART00000058578	rspo3	11	101.3	110.1	43.6	57.8	139.0	145.0	NA	NA	NA
ENSDART00000057223	rhebl1	54	110.3	102.9	65.5	84.3	133.1	163.0	NA	NA	NA
ENSDART00000109152	CABZ01062452.1	25	39.1	33.6	10.0	21.7	56.2	75.8	NA	NA	NA
ENSDART00000017966	nudt17	142	38.4	34.7	13.3	20.2	50.8	71.0	NA	NA	NA
ENSDART00000088904	gltpa	3	46.9	45.6	NA	NA	NA	NA	NA	NA	NA
ENSDART00000058571	snai2	494	70.8	65.9	19.9	38.9	99.9	125.6	NA	NA	NA
ENSDART00000130122	CDHR5	6	30.9	32.7	NA	NA	NA	NA	NA	NA	NA
ENSDART00000092780	DST	1	16.8	16.8	NA	NA	NA	NA	NA	NA	NA
ENSDART00000130126	CABZ01054394.3	44	39.1	37.2	14.2	23.1	51.8	67.3	NA	NA	NA
ENSDART00000052638	slc27a2a	1	112.2	112.2	NA	NA	NA	NA	NA	NA	NA
ENSDART00000052636	evx1	21	31.4	31.4	12.1	21.5	39.7	43.5	NA	NA	NA
ENSDART00000055913	hist2h2l	45	43.4	35.9	8.8	16.4	57.4	100.6	NA	NA	NA
ENSDART00000075146	alg3	83	62.0	62.5	20.2	38.9	82.5	99.3	NA	NA	NA
ENSDART00000142284	meig1	11	33.3	25.1	5.3	10.9	49.0	71.0	NA	NA	NA
ENSDART00000050037	chrnb3b	2	29.8	29.8	NA	NA	NA	NA	NA	NA	NA
ENSDART00000112738	zbtb46	6	36.3	35.7	NA	NA	NA	NA	NA	NA	NA
ENSDART00000124487	hinfp	192	26.3	21.0	5.5	12.6	31.4	55.9	NA	NA	NA
ENSDART00000035939	panx1a	13	49.4	32.4	16.8	24.6	75.0	99.6	30.68	26.1	-0.233248676046
ENSDART00000142825	SMIM13	2	5.1	5.1	NA	NA	NA	NA	NA	NA	NA
ENSDART00000112733	ppp1r3db	1	16.2	16.2	NA	NA	NA	NA	NA	NA	NA
ENSDART00000125228	BX571715.2	9	50.7	51.2	NA	NA	NA	NA	NA	NA	NA
ENSDART00000073883	dtymk	179	17.6	13.9	3.1	6.9	24.8	34.7	72.61	8.89	-3.02991292869
ENSDART00000099795	sdad1	98	40.6	37.6	10.1	26.7	53.3	70.4	111.21	40.99	-1.43994262591
ENSDART00000101204	alcamb	3	153.4	155.6	NA	NA	NA	NA	NA	NA	NA
ENSDART00000128619	PRODH2	1	10.8	10.8	NA	NA	NA	NA	NA	NA	NA
ENSDART00000128618	and1	2	87.1	87.1	NA	NA	NA	NA	NA	NA	NA
ENSDART00000101209	fbxo43	164	25.0	20.2	5.2	10.3	37.1	50.0	56.26	7.02	-3.00256661701
ENSDART00000125223	dcun1d1	288	31.7	28.2	11.1	17.1	41.5	58.4	NA	NA	NA
ENSDART00000128613	rps15a	271	50.6	44.2	24.9	33.2	57.8	79.8	335.41	23.35	-3.84443124738
ENSDART00000128612	ubxn2a	184	24.3	21.4	5.1	10.8	34.4	46.5	NA	NA	NA
ENSDART00000049437	cdc42bpb	133	64.2	61.6	16.9	39.3	89.1	115.3	22.38	37.01	0.725705099324
ENSDART00000153212	GPR123	15	34.4	30.1	5.7	16.0	50.6	66.6	NA	NA	NA
ENSDART00000108619	farp1	46	48.4	47.3	14.4	23.9	64.1	92.5	NA	NA	NA
ENSDART00000099735	MLLT1	6	38.1	33.2	NA	NA	NA	NA	NA	NA	NA
ENSDART00000109798	dna2	60	25.8	20.9	5.5	10.2	36.7	53.2	31.56	30.08	-0.0692926383358
ENSDART00000099733	f2rl1.1	220	47.1	42.5	14.8	26.0	62.4	81.4	NA	NA	NA
ENSDART00000103150	calcoco1	14	32.8	29.3	7.0	14.7	43.8	64.3	NA	NA	NA
ENSDART00000108618	AP5Z1	52	26.2	23.7	9.5	14.4	34.9	49.5	NA	NA	NA
ENSDART00000142406	si:ch73-160h15.3	180	97.1	99.5	34.5	70.1	128.3	151.6	NA	NA	NA
ENSDART00000003273	rchy1	58	39.3	34.2	15.9	23.1	45.2	77.1	27.99	14.89	-0.910567732991
ENSDART00000104926	EPS8L2	5	44.0	41.6	NA	NA	NA	NA	NA	NA	NA
ENSDART00000091103	CABZ01073054.1	2	55.8	55.8	NA	NA	NA	NA	NA	NA	NA
ENSDART00000111271	SHROOM2	3	71.5	43.7	NA	NA	NA	NA	NA	NA	NA
ENSDART00000091105	MFAP3L	7	71.3	62.6	NA	NA	NA	NA	NA	NA	NA
ENSDART00000145083	brd1a	9	35.6	39.6	NA	NA	NA	NA	NA	NA	NA
ENSDART00000091109	naif1	18	49.4	43.6	17.2	19.5	61.0	99.0	NA	NA	NA
ENSDART00000129965	CABZ01079490.1	162	31.6	28.0	11.0	17.3	40.7	54.0	39.0	31.91	-0.289465515358
ENSDART00000145087	lmna	13	74.0	79.2	-4.8	5.9	117.5	166.3	NA	NA	NA
ENSDART00000129963	rbp1b	71	50.9	49.7	25.8	37.6	64.0	79.9	NA	NA	NA
ENSDART00000087862	SAMD14	4	45.2	27.2	NA	NA	NA	NA	NA	NA	NA
ENSDART00000145084	lsm10	2	252.8	252.8	NA	NA	NA	NA	NA	NA	NA
ENSDART00000129320	celf2	14	36.5	26.2	9.6	15.4	51.4	59.6	NA	NA	NA
ENSDART00000063877	prdx6	84	58.4	54.7	18.2	33.5	76.4	104.2	35.67	141.46	1.9876110455
ENSDART00000114729	OSCP1	4	28.5	28.9	NA	NA	NA	NA	NA	NA	NA
ENSDART00000062422	zgc:63691	49	29.6	23.3	2.8	14.3	41.3	56.2	NA	NA	NA
ENSDART00000013360	ppp1r3cb	5	66.0	51.1	NA	NA	NA	NA	NA	NA	NA
ENSDART00000082448	zgc:66127	663	101.3	104.6	48.8	78.7	126.2	146.4	197.43	973.84	2.30234353211
ENSDART00000062930	phlda2	5	64.0	49.5	NA	NA	NA	NA	NA	NA	NA
ENSDART00000127990	BCKDHB	235	48.8	47.5	18.2	28.0	65.9	83.9	86.99	49.48	-0.8140040641
ENSDART00000127993	dnajb6b	75	48.4	42.7	14.5	28.9	58.5	92.4	NA	NA	NA
ENSDART00000090851	ydjc	5	33.7	37.7	NA	NA	NA	NA	NA	NA	NA
ENSDART00000083314	ptprfb	12	73.1	57.5	45.7	47.8	105.2	110.3	NA	NA	NA
ENSDART00000086994	nat15	75	44.7	39.5	11.4	23.6	64.4	85.6	NA	NA	NA
ENSDART00000029586	dnaja2	576	51.4	40.8	11.3	20.6	76.1	104.6	259.21	499.03	0.945005171448
ENSDART00000145356	si:ch211-13c6.2	138	55.2	53.2	19.1	35.6	68.0	97.3	29.33	92.68	1.65988097311
ENSDART00000131651	si:ch211-160j14.2	163	27.3	24.2	6.7	12.6	36.3	52.5	NA	NA	NA
ENSDART00000017962	eci1	179	37.0	33.3	10.3	20.5	49.5	66.5	NA	NA	NA
ENSDART00000131652	gpr146	5	33.6	31.3	NA	NA	NA	NA	NA	NA	NA
ENSDART00000060866	ACVR2B	265	56.8	50.9	11.8	27.0	82.7	111.6	20.36	30.2	0.568810988137
ENSDART00000004727	rhcgl1	2	67.3	67.3	NA	NA	NA	NA	NA	NA	NA
ENSDART00000064805	cenpp	22	30.6	25.3	7.8	14.6	45.8	51.2	NA	NA	NA
ENSDART00000042701	pip5k2	51	66.4	70.1	3.6	49.4	90.5	108.8	17.91	163.5	3.19045339329
ENSDART00000103388	wu:fi42e03	115	74.7	81.7	33.1	53.7	96.1	107.6	64.23	10.03	-2.67892569049
ENSDART00000006173	cldn7b	663	67.0	61.3	15.7	34.3	94.7	126.0	36.94	616.66	4.06121949669
ENSDART00000139064	pfn2l	92	57.3	58.4	10.5	25.0	82.9	104.5	76.42	710.23	3.21626413804
ENSDART00000139068	zgc:114130	1068	60.3	51.3	12.0	24.7	91.2	122.5	56.52	730.96	3.69295908959
ENSDART00000139069	decr1	56	31.1	30.9	8.4	13.9	44.2	55.3	NA	NA	NA
ENSDART00000140954	asb13a.2	8	42.7	46.9	NA	NA	NA	NA	NA	NA	NA
ENSDART00000101246	vps29	143	38.0	35.6	14.7	26.1	51.8	61.9	54.54	93.84	0.782888313113
ENSDART00000115337	fastkd3	36	37.3	29.0	11.5	19.8	46.6	82.4	NA	NA	NA
ENSDART00000113060	dnph1	1	39.3	39.3	NA	NA	NA	NA	NA	NA	NA
ENSDART00000113061	bbs1	1	27.5	27.5	NA	NA	NA	NA	NA	NA	NA
ENSDART00000113066	amer1	67	66.3	61.0	16.3	29.9	91.2	140.3	6.28	24.76	1.97917485032
ENSDART00000020174	dynll2b	94	73.5	75.9	24.6	45.6	98.2	118.1	61.05	275.87	2.17592537632
ENSDART00000012055	rpl28	415	37.7	32.7	18.4	24.5	46.3	59.6	439.15	7.55	-5.86209334909
ENSDART00000017572	asun	178	59.4	57.0	24.6	36.3	77.1	94.3	40.74	103.09	1.33938650888
ENSDART00000043251	derl3	1	54.0	54.0	NA	NA	NA	NA	NA	NA	NA
ENSDART00000049375	ube2e2	2	16.0	16.0	NA	NA	NA	NA	NA	NA	NA
ENSDART00000110270	pwp2h	50	59.6	64.7	-5.6	14.3	95.4	109.0	24.87	173.21	2.80004381147
ENSDART00000007883	ccne1	708	103.1	105.3	60.1	82.5	127.4	144.2	269.34	1181.25	2.13281392213
ENSDART00000024847	TMEM196	1	75.9	75.9	NA	NA	NA	NA	NA	NA	NA
ENSDART00000024846	ubr4	97	58.2	55.0	18.6	28.7	80.0	106.9	7.32	18.91	1.36923380967
ENSDART00000053546	sh3bgrl2	3	14.1	14.4	NA	NA	NA	NA	NA	NA	NA
ENSDART00000110278	rassf9	40	28.0	23.2	9.5	15.4	33.1	57.3	NA	NA	NA
ENSDART00000023977	fbxw2	323	49.8	46.3	15.0	26.0	67.6	91.7	NA	NA	NA
ENSDART00000127502	cdkl5	2	37.3	37.3	NA	NA	NA	NA	NA	NA	NA
ENSDART00000144288	pcmt	31	46.7	43.1	6.8	19.2	62.8	96.9	24.71	38.56	0.642010040901
ENSDART00000022110	slc24a3	3	48.2	23.4	NA	NA	NA	NA	NA	NA	NA
ENSDART00000022441	dbx1a	5	33.9	23.9	NA	NA	NA	NA	NA	NA	NA
ENSDART00000022112	zgc:56628	49	36.8	38.9	10.6	23.0	53.5	58.4	NA	NA	NA
ENSDART00000056328	elovl4b	98	76.8	79.3	38.3	58.9	93.8	106.0	NA	NA	NA
ENSDART00000008099	b9d2	19	30.0	27.9	15.5	20.2	35.7	48.0	NA	NA	NA
ENSDART00000064860	rbms1a	2	124.0	124.0	NA	NA	NA	NA	NA	NA	NA
ENSDART00000123478	CU570791.5	99	44.7	42.6	10.6	27.6	57.8	79.5	NA	NA	NA
ENSDART00000114382	stard13b	4	24.6	23.5	NA	NA	NA	NA	NA	NA	NA
ENSDART00000114384	znf654	41	60.2	47.3	14.8	22.2	92.4	141.5	6.71	8.35	0.315463431161
ENSDART00000114385	CEP152	108	33.1	32.5	9.5	19.3	43.6	58.3	29.18	5.05	-2.53062459028
ENSDART00000140673	galnt1	7	32.9	35.4	NA	NA	NA	NA	NA	NA	NA
ENSDART00000121762	CR354382.1	17	31.6	27.8	12.8	17.5	37.4	59.9	NA	NA	NA
ENSDART00000010092	gas6	20	38.7	35.5	17.9	26.0	48.5	71.8	NA	NA	NA
ENSDART00000084102	HHIPL2	2	79.0	79.0	NA	NA	NA	NA	NA	NA	NA
ENSDART00000098461	ptk7a	95	98.3	101.1	33.3	61.9	137.7	158.9	13.36	176.63	3.72473848768
ENSDART00000121769	REXO4	104	46.9	38.4	13.8	24.2	55.1	85.7	82.28	49.52	-0.732530479311
ENSDART00000103882	grin2db	12	43.6	31.4	14.2	21.5	54.6	98.6	9.73	0.37	-4.71684262915
ENSDART00000060399	drap1	256	125.6	133.7	60.2	108.9	151.0	168.3	60.31	345.93	2.5200109933
ENSDART00000150336	tmem243b	23	38.3	34.9	11.5	19.1	52.1	69.4	NA	NA	NA
ENSDART00000110605	plekha7b	2	53.5	53.5	NA	NA	NA	NA	NA	NA	NA
ENSDART00000110608	col6a1	3	71.1	62.0	NA	NA	NA	NA	NA	NA	NA
ENSDART00000141502	htr2a	1	79.1	79.1	NA	NA	NA	NA	NA	NA	NA
ENSDART00000080843	ndufa8	108	29.2	21.5	5.4	11.7	37.9	55.2	52.0	36.78	-0.499590143504
ENSDART00000141504	si:dkey-105h11.2	6	36.2	40.1	NA	NA	NA	NA	NA	NA	NA
ENSDART00000115031	MRPL47	68	26.5	25.3	9.0	17.0	35.2	45.5	42.16	3.96	-3.41230253156
ENSDART00000115037	FOXJ3	18	58.4	63.9	11.6	29.9	87.2	93.2	NA	NA	NA
ENSDART00000115034	brwd1	109	46.4	39.2	11.2	20.0	67.1	93.8	21.32	25.93	0.282414768094
ENSDART00000019759	aven	165	41.2	39.9	15.9	24.8	52.3	69.3	NA	NA	NA
ENSDART00000019750	wdr5	216	75.5	71.4	20.3	40.4	108.1	133.1	28.5	409.04	3.84320810675
ENSDART00000100126	AKIP1	630	32.2	29.4	8.9	17.7	44.2	57.3	NA	NA	NA
ENSDART00000137556	fam102ab	52	43.6	41.6	8.8	23.7	56.1	73.4	NA	NA	NA
ENSDART00000140454	CR388099.1	2	8.1	8.1	NA	NA	NA	NA	NA	NA	NA
ENSDART00000132073	eif4e1c	171	63.8	59.3	19.9	35.0	89.6	119.8	54.69	302.8	2.46901623811
ENSDART00000099340	pccb	187	46.0	43.4	14.3	28.8	59.9	77.7	45.4	84.45	0.89540512551
ENSDART00000029528	mospd2	62	27.7	26.1	4.9	13.0	41.4	51.8	12.35	8.65	-0.513739003948
ENSDART00000086166	NCKAP1L	4	16.9	19.4	NA	NA	NA	NA	NA	NA	NA
ENSDART00000134928	nfatc3b	3	68.8	44.6	NA	NA	NA	NA	NA	NA	NA
ENSDART00000046431	hsd17b4	11	35.4	37.2	10.2	19.9	52.4	61.0	NA	NA	NA
ENSDART00000102876	cybrd1	13	31.5	28.9	10.0	12.9	45.2	54.0	NA	NA	NA
ENSDART00000051566	C5H9orf85	258	45.7	41.5	10.2	21.9	67.6	85.2	124.74	222.34	0.833843355232
ENSDART00000014552	arl8ba	145	31.0	26.2	10.2	17.6	36.6	51.2	NA	NA	NA
ENSDART00000134922	kctd7	10	61.9	49.0	24.2	36.7	90.4	107.0	NA	NA	NA
ENSDART00000051565	cyp1d1	4	44.4	40.2	NA	NA	NA	NA	NA	NA	NA
ENSDART00000090301	HECW1	3	47.3	29.2	NA	NA	NA	NA	NA	NA	NA
ENSDART00000010101	aacs	64	37.8	37.1	7.1	21.4	51.7	70.7	NA	NA	NA
ENSDART00000060134	piga	89	28.9	27.8	9.3	15.2	42.0	50.1	NA	NA	NA
ENSDART00000142217	magi1a	14	28.2	20.7	11.1	12.9	35.4	60.0	NA	NA	NA
ENSDART00000083505	dad1	207	43.6	40.2	12.1	23.6	57.2	79.6	65.36	161.42	1.30433945156
ENSDART00000057810	emx1	1	156.7	156.7	NA	NA	NA	NA	NA	NA	NA
ENSDART00000075028	rps11	755	33.3	26.4	10.1	16.2	41.3	56.0	384.26	42.99	-3.16000978973
ENSDART00000146530	epha6	1	37.9	37.9	NA	NA	NA	NA	NA	NA	NA
ENSDART00000047055	trim55a	1	47.9	47.9	NA	NA	NA	NA	NA	NA	NA
ENSDART00000057819	ptk2bb	4	49.8	38.7	NA	NA	NA	NA	NA	NA	NA
ENSDART00000019573	zgc:65894	2	29.7	29.7	NA	NA	NA	NA	NA	NA	NA
ENSDART00000121837	CR388231.3	6	58.8	58.2	NA	NA	NA	NA	NA	NA	NA
ENSDART00000075533	tmem209	323	77.5	78.8	32.1	56.1	99.1	116.9	18.62	75.24	2.01464677596
ENSDART00000148280	prr18	5	57.9	29.3	NA	NA	NA	NA	NA	NA	NA
ENSDART00000084354	cpeb3	1	26.6	26.6	NA	NA	NA	NA	NA	NA	NA
ENSDART00000148287	yrk	1	95.7	95.7	NA	NA	NA	NA	NA	NA	NA
ENSDART00000077394	fam184b	3	40.9	31.3	NA	NA	NA	NA	NA	NA	NA
ENSDART00000026726	diexf	121	57.3	49.5	16.6	29.0	80.3	105.6	22.69	41.5	0.871054727449
ENSDART00000055676	RDM1	34	34.6	31.9	8.8	16.4	46.7	70.1	NA	NA	NA
ENSDART00000132445	rbfa	121	35.7	33.6	14.0	23.1	47.2	59.7	NA	NA	NA
ENSDART00000088325	mast4	11	25.0	24.5	5.6	12.5	29.5	31.0	NA	NA	NA
ENSDART00000081183	enc1l	25	30.2	25.3	5.4	12.1	37.2	62.2	NA	NA	NA
ENSDART00000062518	zgc:162356	40	63.8	56.8	14.4	27.7	94.7	119.1	NA	NA	NA
ENSDART00000043823	osbpl10	8	47.4	37.5	NA	NA	NA	NA	NA	NA	NA
ENSDART00000137169	C2H7orf25	90	20.6	18.5	5.6	10.0	27.7	36.4	NA	NA	NA
ENSDART00000077978	s100t	6	63.4	60.3	NA	NA	NA	NA	NA	NA	NA
ENSDART00000089646	zgc:77415	1	28.1	28.1	NA	NA	NA	NA	NA	NA	NA
ENSDART00000021976	nsa2	86	46.3	30.8	12.5	18.4	51.8	121.1	40.02	18.91	-1.08157180396
ENSDART00000038651	znf804a	7	37.4	29.5	NA	NA	NA	NA	NA	NA	NA
ENSDART00000134347	zgc:113162	96	46.8	45.5	8.8	24.6	68.7	82.0	NA	NA	NA
ENSDART00000126543	CR848746.2	75	19.2	18.2	6.6	10.9	25.2	33.6	NA	NA	NA
ENSDART00000010362	supt7l	44	49.3	48.4	17.7	33.3	65.4	84.2	NA	NA	NA
ENSDART00000083572	C1H19orf53	21	36.4	26.3	5.1	15.6	45.4	86.8	64.39	36.17	-0.832043051982
ENSDART00000083571	MYOM3	1	111.2	111.2	NA	NA	NA	NA	NA	NA	NA
ENSDART00000076586	si:ch211-198n5.11	23	22.7	26.7	9.0	14.7	30.6	33.2	NA	NA	NA
ENSDART00000066424	pofut2	7	88.9	81.0	NA	NA	NA	NA	NA	NA	NA
ENSDART00000085419	LGR4	1	42.8	42.8	NA	NA	NA	NA	NA	NA	NA
ENSDART00000099903	uckl1b	125	25.2	20.1	4.9	12.6	33.2	51.7	NA	NA	NA
ENSDART00000103470	arid3b	191	105.3	116.3	42.8	78.4	134.6	151.1	8.47	170.39	4.33033488809
ENSDART00000103471	khdrbs1b	169	95.2	101.4	29.1	65.6	125.4	144.7	42.21	319.37	2.91957206524
ENSDART00000105284	ncoa6	99	47.8	42.1	11.7	27.8	66.0	93.6	20.14	29.94	0.572010538052
ENSDART00000146280	bbip1	25	21.7	16.6	7.6	10.1	28.6	41.8	NA	NA	NA
ENSDART00000146281	FAM65C	326	22.9	20.0	6.3	11.5	30.4	41.6	62.67	4.19	-3.90275284409
ENSDART00000082193	zmpste24	87	62.5	60.7	14.1	27.4	83.2	116.7	NA	NA	NA
ENSDART00000085416	atad2b	145	65.6	62.3	17.2	35.1	91.0	115.5	24.13	55.63	1.20503519004
ENSDART00000089528	atrn	138	34.8	29.3	6.3	15.9	47.7	69.6	NA	NA	NA
ENSDART00000104107	zgc:173544	13	40.7	41.3	23.6	29.8	44.7	63.2	NA	NA	NA
ENSDART00000103730	pmpca	190	37.1	33.8	11.0	18.5	53.1	66.9	NA	NA	NA
ENSDART00000101675	capn5a	139	67.4	65.0	19.3	33.8	96.0	116.0	NA	NA	NA
ENSDART00000056457	mitfa	2	35.2	35.2	NA	NA	NA	NA	NA	NA	NA
ENSDART00000089425	papd7	741	50.1	44.1	14.9	26.3	68.6	92.9	51.78	122.87	1.24666583922
ENSDART00000131436	CR854963.2	1	22.2	22.2	NA	NA	NA	NA	NA	NA	NA
ENSDART00000105931	rpz5	1	79.8	79.8	NA	NA	NA	NA	NA	NA	NA
ENSDART00000037007	tpi1a	225	22.4	19.7	6.3	12.4	30.7	40.2	NA	NA	NA
ENSDART00000023238	emc2	128	71.5	71.6	28.3	53.7	93.3	106.8	18.01	80.3	2.1566018065
ENSDART00000152272	si:dkey-94l16.4	1	10.1	10.1	NA	NA	NA	NA	NA	NA	NA
ENSDART00000097729	zgc:162967	14	47.6	48.6	27.8	38.4	60.0	68.1	12.49	6.8	-0.87716682547
ENSDART00000103591	fbxo7	94	53.5	52.0	21.1	31.8	72.9	87.5	11.19	12.4	0.148130084298
ENSDART00000089428	ctdspla	90	47.3	47.2	17.6	28.4	63.9	77.5	NA	NA	NA
ENSDART00000112127	DNASE2B	1	9.6	9.6	NA	NA	NA	NA	NA	NA	NA
ENSDART00000086651	TMEM106C	207	29.0	26.2	10.1	16.9	35.9	52.4	NA	NA	NA
ENSDART00000083719	shrprbck1r	50	36.0	28.1	6.5	13.1	46.0	58.1	NA	NA	NA
ENSDART00000102251	spna2	118	57.7	57.5	17.8	32.8	79.2	96.4	28.64	40.0	0.481968507398
ENSDART00000052918	EMP3	5	26.1	26.5	NA	NA	NA	NA	NA	NA	NA
ENSDART00000102257	zgc:110251	63	80.4	70.5	26.0	40.2	119.8	144.2	10.17	32.97	1.69683420781
ENSDART00000083713	clk2b	109	28.6	23.7	5.1	12.3	44.4	59.4	49.71	8.94	-2.47518936676
ENSDART00000083710	cactin	101	69.4	71.8	28.9	48.2	91.1	110.7	24.66	73.45	1.57458969104
ENSDART00000013865	seh1l	171	53.0	47.9	15.4	29.7	68.5	102.2	42.28	155.07	1.87487232628
ENSDART00000136383	cd99	41	67.5	62.1	20.5	39.6	92.2	118.5	NA	NA	NA
ENSDART00000131861	si:ch211-11c15.3	2	63.8	63.8	NA	NA	NA	NA	NA	NA	NA
ENSDART00000018626	pdap1b	140	43.3	40.6	13.6	20.9	58.3	78.1	174.18	68.32	-1.35019909773
ENSDART00000074777	htt	131	46.0	45.3	10.6	22.7	66.4	80.8	8.38	26.22	1.64564553652
ENSDART00000074774	fgfr1a	168	68.3	66.7	19.8	39.7	95.6	114.7	7.34	42.92	2.54779810791
ENSDART00000018625	napa	69	74.7	72.8	13.7	47.3	106.7	136.2	21.72	249.99	3.52477437768
ENSDART00000066397	phf5a	295	42.4	36.8	15.0	23.5	57.1	74.2	164.23	124.1	-0.404214573754
ENSDART00000018159	FOXK2	228	48.0	45.7	15.6	29.2	63.3	85.0	20.37	63.59	1.64235392853
ENSDART00000078425	eve1	1	46.4	46.4	NA	NA	NA	NA	NA	NA	NA
ENSDART00000066393	pdap1a	433	33.9	27.9	9.7	17.0	46.1	63.3	169.68	130.59	-0.377772100021
ENSDART00000078423	atp5g1	1347	44.3	41.9	17.1	26.4	59.6	72.7	205.13	466.73	1.18604970283
ENSDART00000066391	csnk1e	11	43.2	39.2	13.3	25.3	55.6	88.7	NA	NA	NA
ENSDART00000078421	cyb5d1	10	46.5	38.8	20.4	34.1	63.6	83.7	NA	NA	NA
ENSDART00000097679	zgc:171844	12	52.5	45.3	7.9	18.1	88.2	108.0	NA	NA	NA
ENSDART00000097671	zgc:158432	4	34.0	29.4	NA	NA	NA	NA	NA	NA	NA
ENSDART00000010862	mrpl24	31	28.8	25.3	9.1	15.5	40.2	48.3	NA	NA	NA
ENSDART00000097677	micu2	3	73.1	63.1	NA	NA	NA	NA	NA	NA	NA
ENSDART00000059560	kiaa0907	55	52.6	51.4	14.7	30.2	78.9	86.5	23.7	38.53	0.701095126874
ENSDART00000149934	kl	1	82.1	82.1	NA	NA	NA	NA	NA	NA	NA
ENSDART00000134915	rev1	204	16.1	11.0	3.0	6.4	20.2	36.4	NA	NA	NA
ENSDART00000086295	anln	285	44.1	34.1	11.5	18.7	56.0	92.9	42.12	258.03	2.61496146966
ENSDART00000086296	trim62	11	20.7	16.7	7.1	8.3	29.6	43.2	NA	NA	NA
ENSDART00000078341	foxi3a	1	28.5	28.5	NA	NA	NA	NA	NA	NA	NA
ENSDART00000073740	znf207b	61	56.2	45.7	21.6	32.8	67.4	97.2	NA	NA	NA
ENSDART00000053045	ccnt2b	480	71.9	67.2	23.5	43.1	91.9	116.7	40.03	172.6	2.10827894368
ENSDART00000105455	si:ch211-197g15.9	10	68.7	69.0	52.7	62.8	82.8	88.2	NA	NA	NA
ENSDART00000039443	tuba8l4	576	45.7	35.8	8.1	19.0	64.2	100.2	71.75	116.33	0.697172460254
ENSDART00000001649	actn3b	5	49.5	42.6	NA	NA	NA	NA	NA	NA	NA
ENSDART00000106198	zgc:66433	89	43.5	41.2	12.8	21.6	58.4	83.2	11.57	16.41	0.504186374406
ENSDART00000114587	si:dkeyp-2e4.6	24	29.3	22.3	5.7	11.6	34.3	58.7	NA	NA	NA
ENSDART00000058965	apoeb	298	113.1	115.6	64.9	91.3	140.3	157.5	NA	NA	NA
ENSDART00000123998	zgc:162946	13	55.7	53.0	13.4	26.7	84.1	99.3	NA	NA	NA
ENSDART00000130359	BX323016.2	11	23.6	19.9	9.2	13.1	33.4	40.3	NA	NA	NA
ENSDART00000058742	zgc:92287	300	25.6	19.2	5.6	10.7	34.0	56.5	NA	NA	NA
ENSDART00000058969	ndr2	18	65.1	60.4	6.7	28.4	104.9	123.8	NA	NA	NA
ENSDART00000123997	AL929192.2	19	28.6	25.0	11.2	13.0	34.3	62.1	NA	NA	NA
ENSDART00000130354	ric8a	3	12.4	10.7	NA	NA	NA	NA	NA	NA	NA
ENSDART00000048281	cyp2u1	2	36.3	36.3	NA	NA	NA	NA	NA	NA	NA
ENSDART00000123992	CABZ01071530.2	1	39.5	39.5	NA	NA	NA	NA	NA	NA	NA
ENSDART00000048753	ddx18	242	66.7	63.1	29.1	42.3	84.7	110.5	67.47	142.6	1.07965591483
ENSDART00000138129	WWC1	6	26.9	18.5	NA	NA	NA	NA	NA	NA	NA
ENSDART00000114810	SYCP2L	43	31.2	27.6	11.5	14.5	40.3	55.8	NA	NA	NA
ENSDART00000065467	dedd1	44	40.1	35.3	15.1	21.0	55.3	73.6	NA	NA	NA
ENSDART00000078647	si:dkey-98p3.7	14	52.8	55.7	20.4	29.5	70.6	76.5	NA	NA	NA
ENSDART00000138120	pbdc1	49	60.8	64.5	31.1	43.4	78.2	93.5	44.18	98.56	1.15760883734
ENSDART00000138123	tpcn1	15	53.8	52.9	19.6	29.4	74.8	88.3	NA	NA	NA
ENSDART00000146195	lamtor3	18	14.9	15.7	5.3	8.9	21.3	27.7	NA	NA	NA
ENSDART00000052430	PTDSS1	21	26.0	22.6	10.1	15.8	32.7	48.6	NA	NA	NA
ENSDART00000110040	sox11a	478	92.9	94.0	34.2	64.1	119.6	146.2	NA	NA	NA
ENSDART00000024616	fam219aa	53	37.2	35.0	14.5	22.8	51.1	61.3	NA	NA	NA
ENSDART00000110042	si:ch211-241b2.4	42	23.6	21.6	6.2	11.9	26.9	46.0	NA	NA	NA
ENSDART00000062094	tmem251	381	47.0	37.8	11.5	21.5	65.4	99.6	NA	NA	NA
ENSDART00000047471	cluh	116	51.6	46.4	8.8	26.3	74.3	100.6	14.94	56.75	1.92544024428
ENSDART00000062096	si:dkeyp-55f12.3	28	36.5	36.5	15.1	25.1	46.4	57.8	NA	NA	NA
ENSDART00000098980	znf296	20	26.8	22.5	6.1	16.1	35.2	38.5	NA	NA	NA
ENSDART00000127697	abi1a	20	28.7	25.9	6.1	14.1	43.2	48.9	NA	NA	NA
ENSDART00000137838	aldh9a1a.1	172	63.1	63.9	23.7	42.1	83.2	99.5	67.0	100.54	0.585536593463
ENSDART00000127692	CU929408.1	55	41.3	32.5	13.3	17.0	54.5	84.7	NA	NA	NA
ENSDART00000053222	rcbtb1	54	30.0	23.8	5.5	10.5	45.0	66.1	NA	NA	NA
ENSDART00000053958	c1galt1a	62	43.4	41.0	17.1	26.4	61.5	71.3	NA	NA	NA
ENSDART00000109694	ca5	50	47.9	39.6	13.1	26.5	67.4	96.4	NA	NA	NA
ENSDART00000022949	parp3	9	23.2	12.4	NA	NA	NA	NA	NA	NA	NA
ENSDART00000091735	dok6	19	23.1	23.5	4.6	13.2	29.8	39.6	NA	NA	NA
ENSDART00000143349	zgc:66455	22	40.3	31.9	15.0	23.2	55.4	68.7	NA	NA	NA
ENSDART00000109698	NACC1	4	93.6	98.3	NA	NA	NA	NA	NA	NA	NA
ENSDART00000041728	cyp26a1	247	51.5	28.5	7.4	15.1	72.4	133.8	57.75	39.67	-0.541772549046
ENSDART00000033724	fabp3	197	27.9	22.1	6.1	12.5	38.7	54.7	141.58	85.77	-0.72307245474
ENSDART00000129754	CABZ01021433.1	20	25.0	26.0	9.9	15.0	29.0	37.9	NA	NA	NA
ENSDART00000129205	rfx1a	1	34.5	34.5	NA	NA	NA	NA	NA	NA	NA
ENSDART00000129202	DDX17	9	112.7	122.3	NA	NA	NA	NA	NA	NA	NA
ENSDART00000020765	sdr42e1	4	41.4	41.1	NA	NA	NA	NA	NA	NA	NA
ENSDART00000114973	cdx4	1	80.8	80.8	NA	NA	NA	NA	NA	NA	NA
ENSDART00000114601	sema4aa	2	39.2	39.2	NA	NA	NA	NA	NA	NA	NA
ENSDART00000113381	AL929192.3	147	23.8	21.2	5.7	10.6	33.1	49.7	NA	NA	NA
ENSDART00000113387	tmed1b	91	53.7	48.0	13.6	26.5	73.3	108.2	NA	NA	NA
ENSDART00000145118	commd5	24	24.2	24.1	7.1	16.7	29.9	45.0	NA	NA	NA
ENSDART00000092648	tmem5	25	58.7	55.2	23.7	35.2	76.9	86.4	NA	NA	NA
ENSDART00000113384	lyrm4	8	25.3	21.4	NA	NA	NA	NA	NA	NA	NA
ENSDART00000113388	dlx5a	1	48.8	48.8	NA	NA	NA	NA	NA	NA	NA
ENSDART00000035762	ube2d1b	99	44.7	39.8	13.1	21.8	56.5	85.1	47.1	216.59	2.20116767004
ENSDART00000057823	pa2g4a	359	48.3	47.6	15.6	31.4	64.6	80.1	58.07	190.19	1.71157645358
ENSDART00000124071	FP067396.1	286	133.9	132.2	76.5	106.7	158.4	186.6	NA	NA	NA
ENSDART00000098610	RELL1	240	44.2	37.8	11.5	20.7	63.5	84.9	NA	NA	NA
ENSDART00000086871	gfod2	111	23.9	18.3	7.7	12.9	29.6	54.4	NA	NA	NA
ENSDART00000098615	nanos3	218	16.8	13.2	3.5	7.1	22.1	34.3	NA	NA	NA
ENSDART00000062898	ephx1	44	45.3	42.8	24.1	34.0	56.2	61.1	NA	NA	NA
ENSDART00000149702	bscl2	25	37.7	32.3	14.8	24.7	44.6	62.6	NA	NA	NA
ENSDART00000086879	zfp64	154	36.7	34.5	14.1	22.6	48.0	62.2	NA	NA	NA
ENSDART00000146546	mrpl37	41	51.5	41.1	16.7	24.9	64.2	97.2	18.48	9.17	-1.01097111782
ENSDART00000003648	wdr3	28	43.4	51.6	8.8	24.6	58.4	73.8	12.01	13.36	0.153683856768
ENSDART00000007688	SLC22A16	6	32.0	32.9	NA	NA	NA	NA	NA	NA	NA
ENSDART00000042060	phf17	220	20.1	15.7	4.0	9.3	25.3	36.1	26.22	1.14	-4.52356195606
ENSDART00000105721	lnx2b	458	36.7	32.5	9.4	17.7	48.6	72.2	42.78	108.53	1.34308550177
ENSDART00000042064	tubgcp3	149	34.1	31.8	5.0	17.5	48.8	63.2	NA	NA	NA
ENSDART00000127796	gaa	1	40.4	40.4	NA	NA	NA	NA	NA	NA	NA
ENSDART00000067117	ube2v1	82	41.8	36.2	15.4	22.2	56.8	81.4	39.92	57.08	0.515873614139
ENSDART00000128049	hunk	4	91.1	107.6	NA	NA	NA	NA	NA	NA	NA
ENSDART00000091595	fam45a	92	27.8	24.4	8.1	13.2	37.2	52.0	NA	NA	NA
ENSDART00000087478	HUS1B	5	13.9	12.8	NA	NA	NA	NA	NA	NA	NA
ENSDART00000087477	smg8	72	38.9	35.3	9.3	21.2	55.0	67.5	15.57	28.74	0.884291117378
ENSDART00000087474	efcab1	4	48.5	47.4	NA	NA	NA	NA	NA	NA	NA
ENSDART00000008532	mbip	65	30.7	20.3	5.8	13.3	30.6	48.3	NA	NA	NA
ENSDART00000019290	mef2aa	3	45.0	45.6	NA	NA	NA	NA	NA	NA	NA
ENSDART00000093163	galnt11	153	47.0	47.8	12.6	28.3	59.6	82.0	18.56	2.86	-2.69810965835
ENSDART00000012421	minpp1b	37	29.7	24.1	11.6	15.1	40.1	54.0	NA	NA	NA
ENSDART00000007767	got2b	276	25.5	23.9	8.6	14.0	34.3	45.3	59.57	8.22	-2.85737566006
ENSDART00000007766	agla	11	29.0	18.8	4.3	10.5	35.6	75.6	NA	NA	NA
ENSDART00000137768	zzz3	137	49.3	46.2	17.4	31.6	66.2	82.1	22.31	26.05	0.223592858922
ENSDART00000009920	lmo7a	3	75.5	50.9	NA	NA	NA	NA	NA	NA	NA
ENSDART00000098163	slc25a25b	29	27.9	20.1	6.5	8.5	41.1	62.6	NA	NA	NA
ENSDART00000139479	slc12a9	81	32.0	30.2	9.9	18.5	43.9	54.0	NA	NA	NA
ENSDART00000127986	CABZ01072607.1	4	54.9	55.7	NA	NA	NA	NA	NA	NA	NA
ENSDART00000139475	samd10b	4	24.3	22.0	NA	NA	NA	NA	NA	NA	NA
ENSDART00000080763	GOLPH3	277	54.7	50.5	14.5	28.8	73.4	102.6	NA	NA	NA
ENSDART00000134157	il1rapl1a	22	47.6	49.0	12.6	18.5	65.6	79.3	NA	NA	NA
ENSDART00000128401	hk2	102	29.1	22.4	3.8	11.9	41.5	61.9	NA	NA	NA
ENSDART00000021491	csnk1db	516	31.5	26.0	9.3	15.7	38.7	57.9	26.36	72.32	1.45604430741
ENSDART00000139382	fbxo3	15	43.1	37.5	10.4	20.0	58.1	91.2	NA	NA	NA
ENSDART00000045752	tbc1d20	19	18.7	19.7	3.2	7.8	27.8	34.3	NA	NA	NA
ENSDART00000139385	si:ch211-288g17.3	163	89.8	100.5	1.7	39.3	129.1	158.5	62.59	881.71	3.81630014088
ENSDART00000016502	dlat	33	94.8	99.3	32.7	71.7	121.4	140.4	7.68	84.08	3.45258445324
ENSDART00000111397	GDPD2	5	48.1	36.1	NA	NA	NA	NA	NA	NA	NA
ENSDART00000063274	kctd6a	10	30.3	27.1	6.2	14.3	45.2	53.2	NA	NA	NA
ENSDART00000009093	esyt2a	54	27.2	18.7	8.0	10.8	32.0	53.5	NA	NA	NA
ENSDART00000063272	MPEG1	1	20.2	20.2	NA	NA	NA	NA	NA	NA	NA
ENSDART00000061832	C8H5orf51	113	20.2	18.4	4.6	10.6	25.8	41.0	NA	NA	NA
ENSDART00000114113	sox19a	500	61.0	51.8	11.2	23.1	91.0	124.7	NA	NA	NA
ENSDART00000111026	CCRN4L	32	33.4	26.1	3.9	13.8	41.0	56.7	NA	NA	NA
ENSDART00000111027	dcaf6	22	53.2	54.4	23.8	33.4	65.4	81.5	NA	NA	NA
ENSDART00000130920	arfip2b	47	46.1	42.2	14.5	22.7	67.8	78.1	NA	NA	NA
ENSDART00000135403	nuak2	27	76.8	65.0	17.4	30.8	102.2	151.8	8.31	10.91	0.392730719553
ENSDART00000148075	si:ch73-341p18.7	1	85.5	85.5	NA	NA	NA	NA	NA	NA	NA
ENSDART00000152876	bahcc1	4	12.9	15.2	NA	NA	NA	NA	NA	NA	NA
ENSDART00000077897	otub1a	102	81.6	76.6	42.4	62.3	97.6	125.0	18.28	64.56	1.82037450822
ENSDART00000152879	ablim2	2	40.1	40.1	NA	NA	NA	NA	NA	NA	NA
ENSDART00000113335	map2k4b	154	50.1	43.8	16.6	29.7	61.4	78.3	50.93	10.75	-2.24417905742
ENSDART00000141267	si:ch211-199o1.2	1	6.3	6.3	NA	NA	NA	NA	NA	NA	NA
ENSDART00000080430	gfra2b	2	28.6	28.6	NA	NA	NA	NA	NA	NA	NA
ENSDART00000128059	HIST1H4C	16	-0.4	-6.2	-10.5	-9.4	5.0	15.6	NA	NA	NA
ENSDART00000021145	slc25a40	33	37.6	26.9	6.3	15.9	64.3	73.4	NA	NA	NA
ENSDART00000006547	acoxl	1	73.0	73.0	NA	NA	NA	NA	NA	NA	NA
ENSDART00000010896	isl1	7	58.4	52.6	NA	NA	NA	NA	NA	NA	NA
ENSDART00000006549	pif1	698	29.7	22.2	6.6	13.0	40.5	59.5	148.65	115.65	-0.362154197271
ENSDART00000076739	NHSL1	3	42.0	17.4	NA	NA	NA	NA	NA	NA	NA
ENSDART00000077966	MIB1	5	108.7	119.1	NA	NA	NA	NA	NA	NA	NA
ENSDART00000030946	prdm8	5	56.1	37.0	NA	NA	NA	NA	NA	NA	NA
ENSDART00000053300	znf865	109	45.0	39.8	10.2	20.5	62.2	89.2	53.44	60.57	0.180683403579
ENSDART00000148614	PLEKHA1	3	20.0	7.2	NA	NA	NA	NA	NA	NA	NA
ENSDART00000063857	scrn2	2	38.6	38.6	NA	NA	NA	NA	NA	NA	NA
ENSDART00000147230	zgc:158868	8	43.5	50.3	NA	NA	NA	NA	NA	NA	NA
ENSDART00000059820	ncf4	1	35.8	35.8	NA	NA	NA	NA	NA	NA	NA
ENSDART00000108633	RFX7	30	38.9	30.3	4.9	18.7	55.7	93.5	NA	NA	NA
ENSDART00000131000	WDR77	43	23.2	21.3	4.6	10.7	30.9	44.4	17.7	6.67	-1.40799069379
ENSDART00000108631	CR848664.2	15	26.4	26.4	-3.0	7.2	41.1	58.9	5.55	3.56	-0.640610530271
ENSDART00000137153	tmod4	6	61.4	60.5	NA	NA	NA	NA	NA	NA	NA
ENSDART00000076735	LRP10	211	51.0	44.4	14.3	23.4	71.1	96.1	NA	NA	NA
ENSDART00000065262	rps6ka4	59	36.1	30.1	9.2	15.0	57.0	67.1	NA	NA	NA
ENSDART00000108639	GMIP	11	25.5	19.6	2.0	5.4	49.9	58.2	NA	NA	NA
ENSDART00000065266	sap130b	123	40.5	39.2	9.4	19.8	55.6	74.6	11.95	64.07	2.4226383723
ENSDART00000084730	zgc:162160	29	49.0	44.4	15.0	33.6	76.2	86.3	NA	NA	NA
ENSDART00000065264	cdca5	215	40.4	36.9	10.7	21.8	52.8	74.6	37.52	124.5	1.73041400933
ENSDART00000079174	htatsf1	114	60.9	50.8	17.7	33.0	78.1	118.6	83.55	51.78	-0.690244863048
ENSDART00000137170	dars2	9	47.2	41.9	NA	NA	NA	NA	NA	NA	NA
ENSDART00000122133	C11H3orf83	4	35.6	29.0	NA	NA	NA	NA	NA	NA	NA
ENSDART00000005676	sox9a	1	8.1	8.1	NA	NA	NA	NA	NA	NA	NA
ENSDART00000022325	parp16	2	22.8	22.8	NA	NA	NA	NA	NA	NA	NA
ENSDART00000136018	nsun4	43	31.1	26.6	9.6	18.3	45.0	54.7	NA	NA	NA
ENSDART00000079170	rltpr	85	63.7	60.5	23.3	41.8	78.1	112.1	110.19	157.99	0.519839943797
ENSDART00000099224	dld	10	37.4	30.6	17.8	20.7	52.0	58.4	NA	NA	NA
ENSDART00000008337	zgc:153845	1	42.6	42.6	NA	NA	NA	NA	NA	NA	NA
ENSDART00000020969	gtf3c2	84	31.3	24.0	7.8	15.6	40.8	63.6	NA	NA	NA
ENSDART00000113893	tmco4	8	18.4	18.9	NA	NA	NA	NA	NA	NA	NA
ENSDART00000078213	BX682558.1	1	56.4	56.4	NA	NA	NA	NA	NA	NA	NA
ENSDART00000064028	tmem205	124	34.8	28.1	10.9	18.7	44.7	65.5	NA	NA	NA
ENSDART00000113899	zgc:193801	10	36.2	35.6	11.7	29.1	50.6	55.3	NA	NA	NA
ENSDART00000044574	adarb1a	7	83.4	71.0	NA	NA	NA	NA	NA	NA	NA
ENSDART00000019145	lbr	123	70.9	71.1	18.1	37.3	102.4	120.2	22.55	306.2	3.76327494424
ENSDART00000075497	rybpb	38	32.0	26.9	3.2	11.7	45.4	64.3	NA	NA	NA
ENSDART00000075491	pop5	83	32.7	29.3	6.5	13.5	48.9	64.0	NA	NA	NA
ENSDART00000075493	ccdc103	4	126.8	108.6	NA	NA	NA	NA	NA	NA	NA
ENSDART00000041707	unc119a	12	23.6	20.8	11.5	18.7	24.3	26.2	NA	NA	NA
ENSDART00000075943	ei24	200	98.7	105.8	42.1	78.9	127.3	146.5	11.01	89.68	3.02597180924
ENSDART00000075941	plekhh1	15	40.7	34.9	12.4	20.7	47.6	89.1	NA	NA	NA
ENSDART00000014103	zgc:112148	48	23.8	21.7	5.6	12.3	32.1	43.3	NA	NA	NA
ENSDART00000075499	si:dkey-283b1.7	1	23.1	23.1	NA	NA	NA	NA	NA	NA	NA
ENSDART00000041877	csrnp1a	11	29.9	28.4	9.5	13.2	34.9	68.3	NA	NA	NA
ENSDART00000065401	zgc:110782	5	56.5	40.2	NA	NA	NA	NA	NA	NA	NA
ENSDART00000127339	NRG3	9	25.3	28.4	NA	NA	NA	NA	NA	NA	NA
ENSDART00000127331	cdc37l1	210	27.1	22.7	7.9	13.0	37.7	50.4	NA	NA	NA
ENSDART00000048438	asb4	1	7.8	7.8	NA	NA	NA	NA	NA	NA	NA
ENSDART00000074549	thrab	4	24.8	19.6	NA	NA	NA	NA	NA	NA	NA
ENSDART00000018818	mul1a	12	27.9	22.1	10.4	16.1	38.7	56.6	NA	NA	NA
ENSDART00000004964	nqo1	65	43.0	35.5	12.8	20.1	66.4	80.5	NA	NA	NA
ENSDART00000126328	CR382327.4	2	47.2	47.2	NA	NA	NA	NA	NA	NA	NA
ENSDART00000029823	ifnphi1	3	61.2	56.5	NA	NA	NA	NA	NA	NA	NA
ENSDART00000074540	ca10a	46	34.0	22.8	11.8	16.4	37.7	58.2	NA	NA	NA
ENSDART00000074543	hs3st4	2	25.3	25.3	NA	NA	NA	NA	NA	NA	NA
ENSDART00000126326	rpgrip1l	24	47.0	41.4	9.8	14.4	72.3	98.0	10.02	7.29	-0.458891788868
ENSDART00000018817	rnf11a	51	62.7	57.6	17.6	30.4	86.2	120.0	NA	NA	NA
ENSDART00000074010	ubald1b	82	33.4	27.0	8.7	17.5	48.0	65.0	NA	NA	NA
ENSDART00000054428	zgc:112083	181	33.1	26.2	10.8	17.3	45.0	59.5	NA	NA	NA
ENSDART00000054420	rad9a	66	36.7	30.7	10.2	21.0	43.4	61.3	NA	NA	NA
ENSDART00000033263	ankrd49	53	57.6	56.2	30.5	37.0	72.9	88.7	NA	NA	NA
ENSDART00000027463	hmx4	1	6.5	6.5	NA	NA	NA	NA	NA	NA	NA
ENSDART00000027392	mef2ca	1	33.8	33.8	NA	NA	NA	NA	NA	NA	NA
ENSDART00000050559	sh3rf1	202	42.3	36.8	11.7	20.6	58.0	83.2	18.61	63.09	1.76133329539
ENSDART00000085061	rft1	10	58.0	61.3	32.4	42.4	75.7	78.1	NA	NA	NA
ENSDART00000059351	ift20	8	88.2	51.5	NA	NA	NA	NA	NA	NA	NA
ENSDART00000050221	atp6v1e1b	87	38.1	35.5	11.0	19.7	52.7	70.2	NA	NA	NA
ENSDART00000059354	rad1	97	25.8	21.5	6.9	10.4	35.5	50.9	NA	NA	NA
ENSDART00000002892	ZNF710	30	37.0	32.7	11.2	22.3	49.7	69.2	NA	NA	NA
ENSDART00000075538	fbxo22	189	38.7	35.3	12.5	22.3	51.5	66.0	NA	NA	NA
ENSDART00000100663	wdr35	9	37.9	39.0	NA	NA	NA	NA	NA	NA	NA
ENSDART00000100664	CABZ01044023.1	1	14.6	14.6	NA	NA	NA	NA	NA	NA	NA
ENSDART00000061726	trim35-40	31	52.3	50.7	18.8	35.5	69.1	85.4	NA	NA	NA
ENSDART00000110818	CC2D1A	34	42.6	42.5	14.8	21.3	59.6	73.3	8.56	39.44	2.20397684998
ENSDART00000100668	kbtbd4	24	43.0	29.3	4.4	12.6	49.5	96.0	NA	NA	NA
ENSDART00000061729	C20H1orf112	76	34.0	31.4	9.3	13.7	46.1	61.0	NA	NA	NA
ENSDART00000083967	chpf2	52	39.9	39.0	17.9	26.7	49.2	67.9	9.26	5.2	-0.832500570232
ENSDART00000034968	ufd1l	49	47.6	45.6	19.9	33.6	58.6	73.1	18.14	69.2	1.931597582
ENSDART00000022572	ptchd4	1	20.5	20.5	NA	NA	NA	NA	NA	NA	NA
ENSDART00000048537	cep57l1	122	25.6	20.0	6.5	11.8	37.2	54.8	34.61	5.8	-2.57706413615
ENSDART00000102408	ell2	160	56.4	52.7	16.7	31.8	74.9	105.9	42.66	75.65	0.826456116764
ENSDART00000129605	CR855379.1	19	59.2	48.0	30.1	40.3	81.4	96.6	NA	NA	NA
ENSDART00000013454	prtfdc1	82	92.8	102.0	33.8	68.7	125.1	136.4	50.65	211.92	2.06488557468
ENSDART00000129604	KANSL1L	384	38.2	34.6	10.5	20.2	53.0	72.6	NA	NA	NA
ENSDART00000146725	b3gnt9	2	26.6	26.6	NA	NA	NA	NA	NA	NA	NA
ENSDART00000013453	fam20b	71	34.4	32.2	9.1	19.6	43.1	69.2	NA	NA	NA
ENSDART00000066980	atxn10	3	56.1	67.6	NA	NA	NA	NA	NA	NA	NA
ENSDART00000059179	NPTXR	1	59.7	59.7	NA	NA	NA	NA	NA	NA	NA
ENSDART00000066987	mphosph6	119	70.6	68.4	28.3	44.2	94.7	113.0	134.57	338.41	1.33041537819
ENSDART00000066985	hsd17b2	1	30.3	30.3	NA	NA	NA	NA	NA	NA	NA
ENSDART00000100931	gtpbpl	14	38.3	30.3	11.2	17.1	39.2	92.1	NA	NA	NA
ENSDART00000082380	hmgcrb	89	45.3	44.1	11.9	18.7	61.9	94.0	16.69	12.88	-0.373851361248
ENSDART00000151966	ECI2	50	26.7	22.8	9.6	12.8	39.8	50.2	NA	NA	NA
ENSDART00000059170	CSMD1	1	41.6	41.6	NA	NA	NA	NA	NA	NA	NA
ENSDART00000097192	SLC37A3	142	34.3	29.4	7.9	15.5	44.7	70.3	NA	NA	NA
ENSDART00000125150	KDELR3	2	43.4	43.4	NA	NA	NA	NA	NA	NA	NA
ENSDART00000004338	epha4l	6	21.6	20.7	NA	NA	NA	NA	NA	NA	NA
ENSDART00000066430	acta2	1	121.3	121.3	NA	NA	NA	NA	NA	NA	NA
ENSDART00000055087	phlda3	15	70.0	73.2	28.7	44.6	91.3	113.3	NA	NA	NA
ENSDART00000132389	GPR141	2	26.5	26.5	NA	NA	NA	NA	NA	NA	NA
ENSDART00000004333	tbx15	1	27.7	27.7	NA	NA	NA	NA	NA	NA	NA
ENSDART00000077895	rnf7	81	17.0	12.3	4.0	7.9	19.0	32.5	NA	NA	NA
ENSDART00000079928	galnt7	41	34.9	22.9	5.7	11.7	54.0	74.7	16.76	4.68	-1.84044171412
ENSDART00000125672	COBLL1	97	24.3	20.3	7.2	12.4	30.8	42.1	NA	NA	NA
ENSDART00000051792	sema3aa	13	33.8	35.2	12.0	16.7	43.4	56.4	NA	NA	NA
ENSDART00000125677	SERINC3	2	42.5	42.5	NA	NA	NA	NA	NA	NA	NA
ENSDART00000051799	hdac1	715	135.3	141.9	72.3	107.6	167.3	184.0	108.09	846.15	2.96868038007
ENSDART00000134710	birc5b	365	20.5	16.7	5.4	9.8	25.3	35.3	NA	NA	NA
ENSDART00000144074	tm7sf3	168	35.5	26.7	9.2	14.2	46.3	80.5	NA	NA	NA
ENSDART00000143642	LAMTOR4	125	77.3	78.1	40.3	58.7	98.9	114.7	67.78	407.25	2.58698315682
ENSDART00000015670	med7	281	42.6	36.7	13.9	23.8	54.5	81.3	83.65	116.67	0.47999619523
ENSDART00000134432	oclnb	262	37.4	28.9	6.8	13.6	50.8	74.4	42.05	62.25	0.5659680367
ENSDART00000099202	igsf11	2	36.2	36.2	NA	NA	NA	NA	NA	NA	NA
ENSDART00000058084	fah	1	119.5	119.5	NA	NA	NA	NA	NA	NA	NA
ENSDART00000035676	bnip3la	88	46.6	34.3	9.2	18.5	73.8	104.5	NA	NA	NA
ENSDART00000134439	znf770	144	52.3	45.2	18.2	31.4	70.2	94.9	14.29	39.22	1.4565836191
ENSDART00000008808	hmbox1b	2	35.7	35.7	NA	NA	NA	NA	NA	NA	NA
ENSDART00000079678	ftsj1	188	51.1	48.7	21.1	35.5	67.0	82.2	NA	NA	NA
ENSDART00000047843	si:ch1073-210b3.1	3	18.2	18.8	NA	NA	NA	NA	NA	NA	NA
ENSDART00000130720	usp37	11	35.3	32.2	5.2	9.6	42.4	99.3	81.11	33.51	-1.27528810781
ENSDART00000123019	nubp2	41	21.4	15.5	4.5	9.5	27.1	46.3	NA	NA	NA
ENSDART00000079674	dnajc21	141	56.4	59.2	17.3	33.5	79.2	93.2	52.42	55.48	0.0818504339952
ENSDART00000082187	rragcb	30	67.2	70.2	29.5	42.4	80.5	94.8	NA	NA	NA
ENSDART00000008807	rpl12	2809	62.9	60.9	35.8	47.8	76.1	90.9	1642.55	66.7	-4.6221067159
ENSDART00000005313	FAM184A	2	52.0	52.0	NA	NA	NA	NA	NA	NA	NA
ENSDART00000092343	tjp2a	226	32.9	28.3	9.5	17.4	46.7	61.5	13.15	15.03	0.192782209737
ENSDART00000055339	BX571714.2	161	25.7	21.4	3.7	12.5	34.8	48.9	66.42	0.53	-6.96948155294
ENSDART00000122014	krit1	34	30.9	27.8	8.1	15.6	44.5	61.0	9.18	9.2	0.00313970753057
ENSDART00000092347	zgc:153440	6	79.2	82.9	NA	NA	NA	NA	NA	NA	NA
ENSDART00000092344	CABZ01046283.1	2	55.7	55.7	NA	NA	NA	NA	NA	NA	NA
ENSDART00000092348	SEC16A	161	96.6	100.2	53.3	79.0	117.1	133.7	15.74	86.8	2.46325950182
ENSDART00000055336	DENND1A	90	30.9	28.6	10.2	15.3	41.2	55.9	NA	NA	NA
ENSDART00000132651	u2surp	66	61.0	51.3	20.9	36.5	74.8	114.9	43.24	36.67	-0.237766257023
ENSDART00000077095	TRAPPC8	120	29.5	23.6	7.2	14.2	42.5	59.8	11.12	16.64	0.581498645418
ENSDART00000138881	rgl1	94	23.0	19.3	4.3	12.3	28.2	41.3	NA	NA	NA
ENSDART00000140193	arsa	6	31.3	25.3	NA	NA	NA	NA	NA	NA	NA
ENSDART00000125203	hopx	78	38.4	27.9	12.5	19.2	49.4	93.1	NA	NA	NA
ENSDART00000083038	nprl2	21	48.8	47.4	31.0	38.0	56.9	71.8	NA	NA	NA
ENSDART00000088928	FAM168B	238	27.1	20.6	4.3	10.2	36.7	54.6	NA	NA	NA
ENSDART00000125205	bnip3	1	30.1	30.1	NA	NA	NA	NA	NA	NA	NA
ENSDART00000122924	PPHLN1	28	60.4	59.5	20.9	40.6	82.9	100.0	NA	NA	NA
ENSDART00000083033	SIK1	2	50.7	50.7	NA	NA	NA	NA	NA	NA	NA
ENSDART00000134381	mms22l	93	65.3	65.2	29.5	47.8	84.3	98.6	12.89	31.54	1.29093039643
ENSDART00000122929	bbs4	18	53.0	43.6	21.9	30.8	80.3	93.1	NA	NA	NA
ENSDART00000074038	SCYL1	1	59.8	59.8	NA	NA	NA	NA	NA	NA	NA
ENSDART00000134386	arhgap31	1	23.3	23.3	NA	NA	NA	NA	NA	NA	NA
ENSDART00000058221	dcaf7	214	46.1	42.3	13.6	22.8	60.4	80.1	42.06	129.33	1.62053621317
ENSDART00000058555	tardbp	138	69.2	63.9	20.6	35.3	96.8	125.0	20.21	252.88	3.64531171352
ENSDART00000135392	si:dkey-7n6.2	35	33.5	32.3	12.4	20.2	42.8	55.3	NA	NA	NA
ENSDART00000097333	ube2q1	30	33.0	25.4	11.9	17.1	38.7	62.0	22.48	3.75	-2.58367953484
ENSDART00000148826	ssfa2	35	27.3	23.4	4.9	12.9	36.1	53.4	NA	NA	NA
ENSDART00000097338	NAPA	12	39.5	29.5	11.6	18.1	40.4	47.2	NA	NA	NA
ENSDART00000142516	si:ch211-135f11.1	4	38.1	32.1	NA	NA	NA	NA	NA	NA	NA
ENSDART00000024283	sp5l	31	39.8	33.8	11.5	20.0	53.2	76.9	NA	NA	NA
ENSDART00000024282	ewsr1a	40	129.8	139.4	47.1	105.2	165.7	179.9	12.16	45.43	1.90150207661
ENSDART00000114258	erbb2	3	56.3	34.4	NA	NA	NA	NA	NA	NA	NA
ENSDART00000112710	AGAP3	11	48.9	35.4	20.2	24.6	69.7	103.6	NA	NA	NA
ENSDART00000086608	ranbp9	114	35.2	30.8	10.7	18.8	46.5	62.9	72.76	64.48	-0.174293799124
ENSDART00000113658	CAPN1	184	56.2	46.5	14.1	23.9	79.7	115.2	NA	NA	NA
ENSDART00000112719	CABZ01019905.2	1	196.5	196.5	NA	NA	NA	NA	NA	NA	NA
ENSDART00000131097	BX957322.2	2	44.3	44.3	NA	NA	NA	NA	NA	NA	NA
ENSDART00000080604	sap18	231	73.6	74.8	17.7	45.3	101.1	121.0	128.68	672.23	2.38516708697
ENSDART00000131094	rsu1	9	75.5	76.4	NA	NA	NA	NA	NA	NA	NA
ENSDART00000003789	pdpk1b	218	32.2	25.9	6.6	14.0	48.5	64.4	22.49	26.99	0.263141315689
ENSDART00000131090	si:ch73-132f6.4	263	47.1	33.3	8.0	16.8	67.8	107.4	NA	NA	NA
ENSDART00000078984	cpvl	397	65.6	64.7	25.2	44.2	85.8	104.4	46.25	151.93	1.71588150086
ENSDART00000028842	si:ch211-133l5.8	52	31.0	27.7	7.6	16.1	50.5	55.7	NA	NA	NA
ENSDART00000078980	rab1bb	61	52.3	44.8	13.3	23.2	69.4	92.9	32.1	17.18	-0.901843260871
ENSDART00000078982	vat1	176	27.2	21.5	6.1	12.1	35.5	54.8	NA	NA	NA
ENSDART00000006373	ndfip1	128	42.5	39.1	13.1	25.6	56.4	76.2	NA	NA	NA
ENSDART00000104492	si:ch211-93f2.1	6	43.3	42.0	NA	NA	NA	NA	NA	NA	NA
ENSDART00000104491	ints8	37	30.8	25.8	6.5	11.9	42.9	54.9	NA	NA	NA
ENSDART00000091470	furina	71	47.3	39.9	8.9	19.7	62.3	101.0	8.72	16.11	0.88555645393
ENSDART00000104496	dusp6	125	40.7	26.9	3.9	10.1	67.0	97.9	NA	NA	NA
ENSDART00000111255	capn2a	43	44.7	47.2	9.3	22.4	55.3	79.2	NA	NA	NA
ENSDART00000104498	rcor3	155	21.6	20.6	6.9	13.1	31.0	38.6	NA	NA	NA
ENSDART00000028703	slc35d1b	5	28.9	28.3	NA	NA	NA	NA	NA	NA	NA
ENSDART00000018676	cyp3c1	44	32.4	24.1	8.0	16.4	48.9	67.0	NA	NA	NA
ENSDART00000002787	pycrl	30	23.5	17.7	8.4	12.0	30.6	41.1	NA	NA	NA
ENSDART00000011946	GABRR1	1	12.9	12.9	NA	NA	NA	NA	NA	NA	NA
ENSDART00000138242	cldn5b	2	20.1	20.1	NA	NA	NA	NA	NA	NA	NA
ENSDART00000138713	si:dkey-90l23.2	115	35.3	32.6	10.8	20.6	45.5	58.8	NA	NA	NA
ENSDART00000104257	lpin1	9	40.1	25.2	NA	NA	NA	NA	NA	NA	NA
ENSDART00000060527	lrrc48	1	33.6	33.6	NA	NA	NA	NA	NA	NA	NA
ENSDART00000138249	rwdd2b	53	29.7	27.2	9.8	18.1	38.7	55.9	NA	NA	NA
ENSDART00000151484	sp3b	145	51.2	49.3	12.8	28.0	67.9	86.5	18.23	80.1	2.13548768126
ENSDART00000062403	tmem9	42	26.5	25.0	6.9	11.5	34.8	51.8	NA	NA	NA
ENSDART00000037808	itgb1b.2	4	48.4	45.7	NA	NA	NA	NA	NA	NA	NA
ENSDART00000062406	cacna1sb	1	44.8	44.8	NA	NA	NA	NA	NA	NA	NA
ENSDART00000062405	mboat2b	100	49.4	42.8	17.6	31.8	61.9	83.3	NA	NA	NA
ENSDART00000090875	tnfaip6	5	17.9	16.0	NA	NA	NA	NA	NA	NA	NA
ENSDART00000073910	CR382298.3	1	25.1	25.1	NA	NA	NA	NA	NA	NA	NA
ENSDART00000128899	ERMP1	54	36.6	26.4	3.8	12.3	42.9	75.2	NA	NA	NA
ENSDART00000060809	smg5	28	84.9	82.0	32.2	52.9	111.5	149.4	12.83	14.79	0.205100882009
ENSDART00000079461	dennd5b	55	81.3	84.1	20.9	46.9	110.6	129.1	5.08	66.67	3.714137325
ENSDART00000125158	znf574	120	60.5	58.9	17.1	35.9	87.7	106.6	6.29	96.14	3.93400488126
ENSDART00000003435	smfn	220	46.0	45.0	14.7	27.9	59.9	78.0	29.05	121.54	2.06482112825
ENSDART00000078186	PRSS23	13	56.7	45.2	19.9	22.3	89.4	110.5	NA	NA	NA
ENSDART00000139040	si:dkey-222b8.1	2	56.9	56.9	NA	NA	NA	NA	NA	NA	NA
ENSDART00000139042	si:ch211-132b12.7	2	33.0	33.0	NA	NA	NA	NA	NA	NA	NA
ENSDART00000067324	mfge8b	2	119.4	119.4	NA	NA	NA	NA	NA	NA	NA
ENSDART00000146052	man1a1	2	51.3	51.3	NA	NA	NA	NA	NA	NA	NA
ENSDART00000067320	C25H12orf73	3	12.2	13.0	NA	NA	NA	NA	NA	NA	NA
ENSDART00000080042	RAB33A	28	47.9	43.6	12.9	22.2	72.2	98.6	NA	NA	NA
ENSDART00000067322	fbxl14b	33	54.0	38.1	3.3	14.4	87.5	126.2	NA	NA	NA
ENSDART00000113184	arv1	155	37.5	36.9	14.1	20.2	49.5	64.8	NA	NA	NA
ENSDART00000020153	adck3	181	48.2	42.0	10.0	23.2	69.5	92.5	41.2	137.7	1.74081231695
ENSDART00000129418	BAHD1	96	42.1	42.4	10.1	25.2	59.0	67.9	NA	NA	NA
ENSDART00000020156	pax1a	1	9.7	9.7	NA	NA	NA	NA	NA	NA	NA
ENSDART00000024869	tex9	4	43.2	40.9	NA	NA	NA	NA	NA	NA	NA
ENSDART00000085701	senp5	97	31.8	27.6	5.5	15.1	44.8	59.3	NA	NA	NA
ENSDART00000110252	ppp2r5cb	168	24.4	21.2	5.4	11.4	31.5	46.4	NA	NA	NA
ENSDART00000024866	cyp11a1	280	25.8	20.6	4.7	11.5	35.1	50.0	43.22	34.97	-0.305581276162
ENSDART00000062669	cx30.3	11	31.7	24.5	4.0	12.5	47.1	71.7	NA	NA	NA
ENSDART00000149061	si:ch73-211l13.2	192	38.3	31.7	12.1	20.3	51.4	68.8	NA	NA	NA
ENSDART00000108476	LRRC61	13	47.5	49.5	17.3	30.8	60.6	74.6	NA	NA	NA
ENSDART00000127520	acvr1l	169	87.9	92.4	35.8	67.8	111.1	125.8	27.99	80.42	1.52264284923
ENSDART00000056305	fzd8b	23	45.0	26.8	6.7	10.7	66.4	103.1	NA	NA	NA
ENSDART00000022132	haus4	92	34.0	31.4	15.1	20.3	40.2	53.6	49.63	27.48	-0.852830450479
ENSDART00000141691	si:ch211-37p17.5	21	24.9	22.8	9.3	10.3	32.8	44.7	NA	NA	NA
ENSDART00000022135	rhot1a	168	36.4	33.5	7.4	17.3	49.2	66.7	NA	NA	NA
ENSDART00000126132	mtmr3	3	38.6	43.2	NA	NA	NA	NA	NA	NA	NA
ENSDART00000141699	mepce	397	45.3	43.0	10.4	23.8	65.2	82.9	92.06	131.11	0.510131379077
ENSDART00000093188	limk1a	12	43.4	40.0	23.6	29.9	54.7	76.8	NA	NA	NA
ENSDART00000123324	sap130a	70	35.4	30.2	7.6	18.1	44.3	66.6	9.37	69.22	2.88506798851
ENSDART00000123457	TMEM102	49	56.4	57.5	-6.4	26.2	88.7	106.6	NA	NA	NA
ENSDART00000067633	necap2	169	49.3	48.6	15.3	28.2	65.8	85.4	NA	NA	NA
ENSDART00000112560	STARD7	129	21.5	18.9	4.8	11.1	28.3	41.0	NA	NA	NA
ENSDART00000015801	dcbld1	95	66.4	69.5	11.9	29.1	96.3	124.0	6.6	43.33	2.71482830703
ENSDART00000067635	capzb	172	46.5	43.1	17.0	26.1	63.4	82.4	25.64	31.53	0.298328908065
ENSDART00000092896	CR626962.1	2	53.0	53.0	NA	NA	NA	NA	NA	NA	NA
ENSDART00000067638	med20	77	27.8	25.8	11.2	17.8	35.7	43.6	21.9	10.98	-0.996052815483
ENSDART00000148447	hnrnpab	1133	123.7	129.3	73.3	102.7	150.0	167.2	301.43	2305.57	2.93522855417
ENSDART00000100324	ppp2r5eb	199	30.9	25.7	6.5	14.4	46.0	64.4	28.45	30.03	0.0779758223632
ENSDART00000145075	stub1	114	72.3	68.9	31.0	46.9	94.3	118.3	NA	NA	NA
ENSDART00000100321	timm10	223	40.0	34.4	10.2	18.5	52.4	74.7	65.15	103.64	0.669743836725
ENSDART00000100329	f9b	1	6.2	6.2	NA	NA	NA	NA	NA	NA	NA
ENSDART00000151152	si:dkey-19e4.5	26	59.3	55.3	-3.8	18.7	90.0	112.6	NA	NA	NA
ENSDART00000098400	shc1	11	35.4	20.3	13.0	15.4	49.9	69.3	NA	NA	NA
ENSDART00000013024	fgf20a	13	45.1	42.4	10.9	24.4	54.9	83.7	NA	NA	NA
ENSDART00000110665	SPA17	1	138.3	138.3	NA	NA	NA	NA	NA	NA	NA
ENSDART00000041412	smarca2	64	51.4	43.5	18.7	25.4	66.4	94.8	18.33	48.09	1.39153014034
ENSDART00000038602	slc37a2	78	79.4	87.8	18.7	45.9	115.0	129.7	224.75	28.12	-2.99865261622
ENSDART00000129461	rpl22l1	262	38.5	30.4	9.5	17.2	47.3	70.2	62.19	4.15	-3.9054993756
ENSDART00000139907	si:dkeyp-77c8.1	1	55.5	55.5	NA	NA	NA	NA	NA	NA	NA
ENSDART00000108699	coa3	31	43.3	33.9	18.6	23.6	54.1	74.6	71.39	140.48	0.976570842899
ENSDART00000036491	spint1a	77	78.6	74.1	20.1	48.5	110.3	154.3	12.98	119.69	3.2049403329
ENSDART00000115057	tjp2b	0	NA	NA	NA	NA	NA	NA	25.48	37.16	0.544385224126
ENSDART00000016710	scrn3	11	25.2	15.1	10.1	10.3	16.6	80.6	NA	NA	NA
ENSDART00000063135	pcyt2	115	33.3	27.8	5.6	17.4	42.3	62.3	NA	NA	NA
ENSDART00000063137	si:dkeyp-117h8.4	161	27.1	20.9	6.0	12.7	38.6	52.8	16.55	18.49	0.15991400771
ENSDART00000063131	azi2	124	49.0	41.6	10.5	21.7	70.4	91.4	15.52	63.99	2.04371790887
ENSDART00000011568	syngr3a	1	64.1	64.1	NA	NA	NA	NA	NA	NA	NA
ENSDART00000114062	immp1l	14	16.1	14.0	4.3	8.5	19.9	24.1	NA	NA	NA
ENSDART00000100458	C18H15orf39	90	29.7	23.1	9.0	17.0	41.5	53.7	NA	NA	NA
ENSDART00000065671	eri1	127	40.9	42.4	13.8	21.5	57.3	71.6	NA	NA	NA
ENSDART00000065670	ppp1r3b	804	46.0	36.5	10.2	18.2	63.7	100.0	96.22	320.66	1.73663569477
ENSDART00000055537	socs1a	6	16.5	12.9	NA	NA	NA	NA	NA	NA	NA
ENSDART00000019774	tmem50a	102	63.4	60.1	14.6	38.3	89.3	110.3	25.02	198.0	2.98434673569
ENSDART00000100497	zgc:172339	2	133.8	133.8	NA	NA	NA	NA	NA	NA	NA
ENSDART00000137537	gnav1	49	29.9	27.5	9.7	17.3	38.6	52.9	NA	NA	NA
ENSDART00000125439	cyth1a	68	44.6	40.0	12.1	24.6	58.8	88.2	NA	NA	NA
ENSDART00000100491	sh3gl1b	45	49.0	41.1	15.1	21.4	76.7	90.0	NA	NA	NA
ENSDART00000026701	tubg1	106	71.8	71.4	23.8	46.8	95.6	123.2	NA	NA	NA
ENSDART00000078513	mob4	217	45.8	44.6	12.8	26.8	61.3	80.5	22.51	69.17	1.61958039963
ENSDART00000051547	gabarapa	139	80.1	79.0	27.8	49.3	108.6	131.7	NA	NA	NA
ENSDART00000051092	riok2	55	38.5	29.8	12.5	19.4	52.8	72.4	30.03	16.35	-0.877113839172
ENSDART00000125446	BX469912.1	1	21.2	21.2	NA	NA	NA	NA	NA	NA	NA
ENSDART00000040645	rhoaa	16	127.1	135.4	76.6	108.2	147.8	160.2	NA	NA	NA
ENSDART00000134947	cul1b	46	39.5	37.5	8.3	17.9	54.9	67.6	23.66	37.19	0.652464674272
ENSDART00000134944	grid2ipb	4	50.9	27.4	NA	NA	NA	NA	NA	NA	NA
ENSDART00000040865	pdss1	36	31.6	28.7	13.1	19.8	39.3	57.4	NA	NA	NA
ENSDART00000134941	prc1b	1	10.9	10.9	NA	NA	NA	NA	NA	NA	NA
ENSDART00000060111	or111-11	3	17.6	14.9	NA	NA	NA	NA	NA	NA	NA
ENSDART00000060116	NPTN	56	18.9	15.2	2.6	7.0	23.8	45.4	NA	NA	NA
ENSDART00000006018	mespaa	2	30.1	30.1	NA	NA	NA	NA	NA	NA	NA
ENSDART00000057879	as3mt	7	71.6	70.9	NA	NA	NA	NA	NA	NA	NA
ENSDART00000101134	khdrbs2	1	49.7	49.7	NA	NA	NA	NA	NA	NA	NA
ENSDART00000082603	fktn	11	54.0	53.9	27.0	28.9	72.8	90.5	12.68	3.26	-1.95961087591
ENSDART00000019518	aebp2	66	101.2	98.6	55.5	73.9	129.0	156.0	32.45	139.38	2.10273317664
ENSDART00000129924	hmgb3a	22	85.7	92.7	25.7	43.9	124.1	135.1	NA	NA	NA
ENSDART00000022586	lrrc40	184	34.1	32.9	10.9	16.8	46.1	64.9	55.75	47.72	-0.224377762
ENSDART00000105956	neto1l	2	37.2	37.2	NA	NA	NA	NA	NA	NA	NA
ENSDART00000047073	oxsr1a	165	67.4	66.1	11.7	38.2	98.7	116.7	18.05	176.04	3.28583253462
ENSDART00000108791	mmp17b	1	26.7	26.7	NA	NA	NA	NA	NA	NA	NA
ENSDART00000047071	tmed1a	165	51.0	51.9	19.4	32.8	68.5	80.5	46.21	31.25	-0.56434889973
ENSDART00000134735	sly1	89	40.0	39.7	16.9	25.1	50.9	64.7	26.09	25.99	-0.00554031034525
ENSDART00000010982	fgf13a	4	72.0	44.3	NA	NA	NA	NA	NA	NA	NA
ENSDART00000147464	ryr3	5	64.9	67.1	NA	NA	NA	NA	NA	NA	NA
ENSDART00000152603	egln2	1	83.4	83.4	NA	NA	NA	NA	NA	NA	NA
ENSDART00000065091	sumf1	7	50.0	37.0	NA	NA	NA	NA	NA	NA	NA
ENSDART00000065092	itpr1a	2	35.3	35.3	NA	NA	NA	NA	NA	NA	NA
ENSDART00000113655	CU638868.1	4	29.6	29.7	NA	NA	NA	NA	NA	NA	NA
ENSDART00000108775	ubp1	79	35.1	27.5	7.4	16.4	52.7	67.5	NA	NA	NA
ENSDART00000081774	ccdc51	46	41.7	35.2	15.4	25.6	48.6	79.5	21.8	3.04	-2.84218490622
ENSDART00000137144	gga3	38	21.4	19.0	6.3	13.7	27.1	38.6	NA	NA	NA
ENSDART00000081773	baz2a	513	94.3	95.2	39.9	70.3	119.8	143.1	21.11	72.0	1.77007032787
ENSDART00000077951	pcolce2b	1	4.9	4.9	NA	NA	NA	NA	NA	NA	NA
ENSDART00000132460	zgc:172051	5	44.0	40.1	NA	NA	NA	NA	NA	NA	NA
ENSDART00000023779	vcp	367	56.6	50.8	14.6	27.8	79.1	106.9	93.24	308.98	1.72849254721
ENSDART00000051890	mcm7	1222	95.7	96.4	38.3	68.2	120.5	143.8	143.06	429.5	1.58603778473
ENSDART00000126934	CABZ01064069.1	1	51.3	51.3	NA	NA	NA	NA	NA	NA	NA
ENSDART00000083554	CASK	9	21.3	17.4	NA	NA	NA	NA	NA	NA	NA
ENSDART00000083555	sin3ab	235	45.3	37.0	9.9	20.8	61.2	99.7	19.72	87.53	2.15011801875
ENSDART00000021953	cog5	30	42.8	41.2	12.3	21.1	63.1	68.9	5.64	25.37	2.16935645167
ENSDART00000149821	ecsit	64	41.7	38.4	12.2	28.1	52.9	73.9	28.22	12.71	-1.15075395759
ENSDART00000111385	si:ch211-11n16.2	149	39.7	37.6	10.8	17.4	54.7	74.4	NA	NA	NA
ENSDART00000103475	agr2	5	158.2	169.2	NA	NA	NA	NA	NA	NA	NA
ENSDART00000104376	tax1bp1a	68	56.2	55.7	17.4	31.8	78.1	95.4	11.25	33.29	1.56516386904
ENSDART00000033923	MIS12	78	43.8	40.5	15.3	21.8	63.6	73.8	NA	NA	NA
ENSDART00000005670	dhrs7	7	22.7	16.9	NA	NA	NA	NA	NA	NA	NA
ENSDART00000103410	zbtb8b	15	40.1	33.9	14.8	22.1	56.4	73.3	NA	NA	NA
ENSDART00000111828	LIMD2	510	36.5	27.7	9.5	16.2	49.1	77.3	NA	NA	NA
ENSDART00000016860	ppp2r1b	394	74.5	71.1	25.6	47.4	99.1	125.0	20.86	180.01	3.10926599108
ENSDART00000087565	eva1a	1	-6.8	-6.8	NA	NA	NA	NA	NA	NA	NA
ENSDART00000089549	fam65a	21	33.7	28.8	9.8	20.9	47.2	62.6	12.6	30.14	1.25825568321
ENSDART00000016864	slc35f6	140	72.6	77.1	18.2	42.9	95.0	118.3	34.36	114.92	1.74182795639
ENSDART00000089545	pwwp2b	147	30.0	25.0	6.2	14.9	40.8	56.2	NA	NA	NA
ENSDART00000089547	fam133b	77	74.5	74.4	39.0	56.5	90.2	108.4	224.41	21.52	-3.38238698273
ENSDART00000111536	RMDN2	19	38.8	35.6	12.8	19.5	50.0	78.5	NA	NA	NA
ENSDART00000089540	si:ch211-222e23.8	29	25.9	19.7	9.7	12.5	35.6	41.8	NA	NA	NA
ENSDART00000000004	slc35a5	57	31.9	25.2	9.6	14.5	42.7	55.8	NA	NA	NA
ENSDART00000089408	shdb	143	31.0	27.4	9.6	15.3	40.8	59.6	NA	NA	NA
ENSDART00000052497	GAS2	3	44.4	36.4	NA	NA	NA	NA	NA	NA	NA
ENSDART00000112550	mapk9	29	43.3	47.6	14.9	26.0	60.0	66.2	NA	NA	NA
ENSDART00000061577	fhl2a	4	28.7	27.0	NA	NA	NA	NA	NA	NA	NA
ENSDART00000089403	klf5b	2	21.8	21.8	NA	NA	NA	NA	NA	NA	NA
ENSDART00000041114	psmb2	275	43.7	41.4	9.0	14.6	61.6	86.0	40.16	43.69	0.121543836493
ENSDART00000060592	mrpl15	105	44.9	43.1	19.5	28.8	58.1	70.1	34.88	23.08	-0.595756816131
ENSDART00000004780	man2b1	66	56.8	57.1	27.2	40.3	72.9	90.5	20.91	25.82	0.304295938718
ENSDART00000004782	mphosph10	183	54.3	48.4	21.4	33.5	68.6	97.7	93.04	60.77	-0.614491804928
ENSDART00000113276	BX928744.1	2	20.2	20.2	NA	NA	NA	NA	NA	NA	NA
ENSDART00000102232	kcnq5a	5	50.2	63.6	NA	NA	NA	NA	NA	NA	NA
ENSDART00000074979	rnft2	1	72.3	72.3	NA	NA	NA	NA	NA	NA	NA
ENSDART00000074750	runx3	5	41.3	16.7	NA	NA	NA	NA	NA	NA	NA
ENSDART00000131841	tcerg1a	1	93.8	93.8	NA	NA	NA	NA	26.39	32.4	0.296002462446
ENSDART00000018602	klhdc4	15	29.1	28.5	11.4	18.1	45.0	47.2	NA	NA	NA
ENSDART00000074971	ubxn8	25	39.8	28.0	15.9	20.8	49.4	72.4	NA	NA	NA
ENSDART00000074200	gtf2ird1	1	182.5	182.5	NA	NA	NA	NA	NA	NA	NA
ENSDART00000078401	tmem161b	140	28.5	22.6	6.6	12.9	36.2	58.1	NA	NA	NA
ENSDART00000078403	BRD8	2	63.5	63.5	NA	NA	NA	NA	NA	NA	NA
ENSDART00000092809	abcg1	2	37.8	37.8	NA	NA	NA	NA	NA	NA	NA
ENSDART00000124799	PATL2	282	18.3	16.2	2.1	7.6	27.7	38.4	NA	NA	NA
ENSDART00000018532	triap1	183	30.3	25.0	11.0	17.2	41.2	59.5	NA	NA	NA
ENSDART00000130294	FP102192.1	1	40.2	40.2	NA	NA	NA	NA	NA	NA	NA
ENSDART00000124421	strada	74	60.2	56.9	20.5	40.2	80.4	108.4	NA	NA	NA
ENSDART00000111694	tnks	122	62.5	61.5	17.7	39.2	81.5	104.4	13.56	44.67	1.71994907617
ENSDART00000046587	ap2m1a	114	43.3	40.2	8.0	23.4	57.6	80.1	31.39	35.42	0.17425918317
ENSDART00000059549	mki67ip	77	52.5	39.7	13.6	23.9	62.5	123.0	30.69	46.62	0.603180358662
ENSDART00000099870	cyp1b1	16	45.0	45.3	15.0	22.0	68.6	82.8	NA	NA	NA
ENSDART00000053026	fam122b	285	34.5	28.5	7.8	16.6	44.7	64.0	NA	NA	NA
ENSDART00000073981	eif2s1b	67	38.4	34.8	8.1	17.3	55.3	74.1	30.7	14.07	-1.12561632702
ENSDART00000077405	mab21l1	2	19.2	19.2	NA	NA	NA	NA	NA	NA	NA
ENSDART00000073985	rbfox2	154	106.3	114.5	36.0	79.4	140.2	159.0	33.72	243.82	2.85414003041
ENSDART00000058943	FAM84B	118	28.6	24.6	8.4	14.2	38.9	54.3	NA	NA	NA
ENSDART00000058763	sec24d	19	89.6	93.8	55.0	68.4	113.2	123.3	NA	NA	NA
ENSDART00000057496	capsla	1	5.1	5.1	NA	NA	NA	NA	NA	NA	NA
ENSDART00000134795	ankra2	51	30.2	24.9	7.3	12.7	38.1	56.0	NA	NA	NA
ENSDART00000126490	FNBP4	161	90.8	91.3	39.8	71.3	114.6	135.2	22.86	103.51	2.17887284315
ENSDART00000129818	PACS1	20	39.1	32.4	4.0	18.6	60.3	79.6	NA	NA	NA
ENSDART00000066164	vsg1	2	100.8	100.8	NA	NA	NA	NA	NA	NA	NA
ENSDART00000005784	itgb1bp1	23	44.2	40.9	16.4	26.2	64.3	78.3	NA	NA	NA
ENSDART00000048739	trim9	3	76.7	72.2	NA	NA	NA	NA	NA	NA	NA
ENSDART00000114839	sez6l	9	72.0	57.5	NA	NA	NA	NA	NA	NA	NA
ENSDART00000127818	CR848025.2	5	52.8	47.1	NA	NA	NA	NA	NA	NA	NA
ENSDART00000097468	zglp1	127	18.5	16.2	5.4	10.4	24.5	36.3	NA	NA	NA
ENSDART00000051184	hnrpl	98	117.6	109.5	51.1	77.8	159.0	190.5	44.26	225.78	2.35084233899
ENSDART00000113676	ATP10B	1	40.6	40.6	NA	NA	NA	NA	NA	NA	NA
ENSDART00000114955	sowahaa	2	12.7	12.7	NA	NA	NA	NA	NA	NA	NA
ENSDART00000114954	rapgef5b	45	37.5	35.1	7.0	19.6	49.8	70.7	NA	NA	NA
ENSDART00000085164	elp6	5	23.9	22.7	NA	NA	NA	NA	NA	NA	NA
ENSDART00000035560	tmem38a	1	62.8	62.8	NA	NA	NA	NA	NA	NA	NA
ENSDART00000024677	C2H3orf58	101	34.3	33.7	10.5	19.7	45.2	55.4	NA	NA	NA
ENSDART00000076160	CR847954.1	1	114.2	114.2	NA	NA	NA	NA	NA	NA	NA
ENSDART00000053797	slc3a2b	6	110.1	113.6	NA	NA	NA	NA	NA	NA	NA
ENSDART00000053794	banf1	648	68.9	67.0	24.2	43.6	92.6	115.8	103.81	830.28	2.99965252173
ENSDART00000143364	sdf2l1	248	42.5	37.8	11.8	23.2	57.2	77.5	31.15	65.98	1.08279661465
ENSDART00000143365	thap7	87	35.9	31.5	9.2	17.7	50.8	71.7	NA	NA	NA
ENSDART00000032290	esyt1a	3	112.7	116.9	NA	NA	NA	NA	NA	NA	NA
ENSDART00000053009	MAF1	261	80.4	75.2	17.8	42.1	120.2	143.1	104.79	272.82	1.38044836135
ENSDART00000079656	tvp23b	1	43.1	43.1	NA	NA	NA	NA	NA	NA	NA
ENSDART00000051183	diabloa	9	35.6	27.1	NA	NA	NA	NA	NA	NA	NA
ENSDART00000115251	esama	1	40.9	40.9	NA	NA	NA	NA	NA	NA	NA
ENSDART00000127706	lrit1b	29	44.9	41.7	15.8	31.9	61.4	71.8	NA	NA	NA
ENSDART00000097460	hmgcra	1	79.9	79.9	NA	NA	NA	NA	NA	NA	NA
ENSDART00000132645	chmp5a	1	86.7	86.7	NA	NA	NA	NA	NA	NA	NA
ENSDART00000022967	amdhd2	89	46.9	42.8	17.8	29.0	60.2	80.4	18.35	38.87	1.08287704461
ENSDART00000129777	lrp11	3	59.0	23.3	NA	NA	NA	NA	NA	NA	NA
ENSDART00000052537	C12H16orf62	68	43.0	41.0	3.1	25.1	60.8	74.7	10.63	11.6	0.125983208484
ENSDART00000015007	taf5	72	48.0	45.6	20.3	32.9	63.8	79.6	24.98	45.5	0.865093068365
ENSDART00000002318	srsf6b	121	64.9	55.9	14.5	27.0	95.0	126.5	NA	NA	NA
ENSDART00000079449	and3	1	83.8	83.8	NA	NA	NA	NA	NA	NA	NA
ENSDART00000079448	rgs2	1	4.9	4.9	NA	NA	NA	NA	NA	NA	NA
ENSDART00000114481	WDFY3	13	49.1	50.3	7.6	20.3	81.4	87.3	3.93	9.52	1.27643226105
ENSDART00000114483	apba1b	3	30.9	29.7	NA	NA	NA	NA	NA	NA	NA
ENSDART00000002641	kif26aa	1	15.4	15.4	NA	NA	NA	NA	NA	NA	NA
ENSDART00000079114	irx1b	19	53.7	23.9	15.1	18.7	82.1	113.5	NA	NA	NA
ENSDART00000079117	plekha3	39	36.9	33.6	9.0	19.2	51.9	68.3	NA	NA	NA
ENSDART00000110395	LIMD1	1	76.0	76.0	NA	NA	NA	NA	NA	NA	NA
ENSDART00000110396	zgc:194125	0	NA	NA	NA	NA	NA	NA	181.9	1.29	-7.13963066712
ENSDART00000110390	F8A2	261	31.7	26.6	8.5	17.7	40.7	57.1	NA	NA	NA
ENSDART00000149275	zgc:174935	12	21.5	18.7	8.0	11.9	27.2	31.5	NA	NA	NA
ENSDART00000088026	prmt5	152	62.7	60.0	19.7	41.1	82.2	99.7	37.53	147.36	1.9732287712
ENSDART00000049063	ankrd6b	2	64.9	64.9	NA	NA	NA	NA	NA	NA	NA
ENSDART00000049061	cdkn1ba	2	84.3	84.3	NA	NA	NA	NA	NA	NA	NA
ENSDART00000067138	hic1l	62	29.4	23.2	2.6	11.6	42.3	58.6	19.62	13.12	-0.580557321601
ENSDART00000123986	anxa1a	16	65.3	57.6	20.7	32.9	76.6	122.3	NA	NA	NA
ENSDART00000139677	si:ch211-274p24.4	1	12.7	12.7	NA	NA	NA	NA	NA	NA	NA
ENSDART00000067131	irak3	2	28.3	28.3	NA	NA	NA	NA	NA	NA	NA
ENSDART00000013150	cog8	42	29.0	24.4	11.3	16.3	42.9	54.2	NA	NA	NA
ENSDART00000130403	cdc42se1	164	59.3	58.0	6.1	26.6	84.4	117.1	NA	NA	NA
ENSDART00000105098	usp40	5	74.9	65.4	NA	NA	NA	NA	3.78	10.29	1.44478484267
ENSDART00000047515	rnf145b	230	79.4	78.9	21.0	45.0	110.7	136.4	21.3	72.57	1.76851983959
ENSDART00000135569	gale	107	43.8	46.2	14.6	23.6	60.9	73.9	41.76	82.93	0.989772380426
ENSDART00000150219	tfap2c	21	78.6	57.6	10.0	33.5	103.0	178.2	NA	NA	NA
ENSDART00000137705	lztr1	612	43.5	40.1	13.6	23.7	60.9	78.3	39.32	75.0	0.93162727393
ENSDART00000115117	brd4	319	65.3	63.6	12.5	32.2	96.9	116.4	62.48	146.02	1.22469962644
ENSDART00000138505	DHPS	1	45.0	45.0	NA	NA	NA	NA	NA	NA	NA
ENSDART00000076469	AP2A1	166	39.2	33.0	9.5	18.7	51.9	81.5	22.03	48.77	1.14652447733
ENSDART00000007927	rbmx	481	96.3	96.0	61.8	79.3	113.8	129.2	41.34	288.29	2.80191050064
ENSDART00000026275	cbsb	269	107.3	106.2	52.7	75.8	136.0	155.6	13.48	155.45	3.52755821505
ENSDART00000137172	jag1a	3	17.2	17.3	NA	NA	NA	NA	NA	NA	NA
ENSDART00000141068	sox11b	1934	69.9	60.2	20.1	33.1	98.5	137.0	66.71	472.46	2.82421724483
ENSDART00000061315	tsc22d2	262	42.9	32.3	10.6	18.9	54.2	95.3	NA	NA	NA
ENSDART00000090401	fam19a4b	1	33.3	33.3	NA	NA	NA	NA	NA	NA	NA
ENSDART00000078137	ankrd54	187	43.7	40.1	14.8	28.9	55.8	69.7	23.22	33.62	0.533951752371
ENSDART00000128137	zgc:92594	100	20.3	17.4	5.1	9.8	25.8	39.3	NA	NA	NA
ENSDART00000123573	sdcbp	2	66.6	66.6	NA	NA	NA	NA	NA	NA	NA
ENSDART00000109014	GJC1	1	39.1	39.1	NA	NA	NA	NA	NA	NA	NA
ENSDART00000109015	DHX32	1	17.6	17.6	NA	NA	NA	NA	NA	NA	NA
ENSDART00000109017	USP31	48	23.3	18.3	5.0	10.2	32.5	47.0	NA	NA	NA
ENSDART00000104570	ZNF740	165	52.7	49.7	10.6	26.3	78.5	96.9	20.37	326.83	4.00402253033
ENSDART00000139451	aim1a	5	10.4	6.8	NA	NA	NA	NA	NA	NA	NA
ENSDART00000041627	ssb	357	113.5	118.8	64.4	96.9	137.8	153.5	55.95	570.58	3.35021914207
ENSDART00000109018	taok2b	1	48.9	48.9	NA	NA	NA	NA	NA	NA	NA
ENSDART00000060990	eif4ebp3l	11	50.1	38.7	21.6	27.3	63.6	86.3	110.68	528.74	2.2561639239
ENSDART00000009858	tmx2b	95	43.2	39.6	11.2	23.6	62.4	74.1	36.8	61.69	0.745330879986
ENSDART00000114759	lpcat3	26	53.3	51.0	18.5	33.2	78.3	91.5	NA	NA	NA
ENSDART00000067793	ints3	326	44.2	39.9	11.7	25.1	61.8	77.6	22.41	73.94	1.72221239468
ENSDART00000148587	trmt13	162	47.9	43.4	16.4	27.1	59.9	80.5	25.83	77.65	1.58793828116
ENSDART00000148582	smpd1	94	34.3	29.8	10.0	14.4	46.2	68.8	NA	NA	NA
ENSDART00000084348	trappc12	44	32.8	25.9	9.9	16.8	48.7	63.5	NA	NA	NA
ENSDART00000114222	TANC1	1	57.0	57.0	NA	NA	NA	NA	NA	NA	NA
ENSDART00000114227	morn3	1	49.1	49.1	NA	NA	NA	NA	NA	NA	NA
ENSDART00000152850	si:ch73-111m19.2	1	25.7	25.7	NA	NA	NA	NA	NA	NA	NA
ENSDART00000114228	frem3	2	55.0	55.0	NA	NA	NA	NA	NA	NA	NA
ENSDART00000026135	ly75	108	50.3	39.5	8.9	20.1	72.2	117.1	NA	NA	NA
ENSDART00000023944	lmnl3	560	46.0	40.2	11.9	21.2	63.9	89.9	121.37	82.03	-0.565188329537
ENSDART00000152857	fmn2b	20	24.7	18.2	6.1	10.6	28.6	55.8	30.76	4.78	-2.68597297998
ENSDART00000149180	aco2	237	93.1	95.5	41.2	67.1	117.1	142.3	35.75	191.1	2.41831263131
ENSDART00000064114	CLMN	2	41.8	41.8	NA	NA	NA	NA	NA	NA	NA
ENSDART00000064113	abt1	48	39.7	33.1	10.7	20.7	51.9	72.7	43.57	51.11	0.230270478085
ENSDART00000031712	dnmt3aa	2	53.0	53.0	NA	NA	NA	NA	NA	NA	NA
ENSDART00000127810	fam110b	90	38.5	36.2	10.7	19.7	49.3	62.8	NA	NA	NA
ENSDART00000080412	ppp3cca	82	36.0	28.6	7.1	13.0	54.6	75.6	NA	NA	NA
ENSDART00000080413	srsf1a	1184	101.0	105.2	53.8	82.1	124.1	140.3	182.58	2293.53	3.65096913359
ENSDART00000131286	erlin2	69	40.1	39.7	9.2	21.5	51.4	69.5	NA	NA	NA
ENSDART00000144303	zgc:86811	168	25.3	19.6	7.2	12.3	30.5	46.0	70.32	15.57	-2.17516612606
ENSDART00000115280	CR361563.1	66	81.6	82.7	31.3	48.8	111.3	132.6	12.14	27.12	1.15958875688
ENSDART00000039074	mapk15	2	30.7	30.7	NA	NA	NA	NA	NA	NA	NA
ENSDART00000115287	esd	170	48.5	46.7	16.4	30.1	67.6	80.2	24.43	28.71	0.23289946694
ENSDART00000044378	rps6ka1	62	28.3	20.3	8.5	11.5	33.2	45.8	NA	NA	NA
ENSDART00000008273	rab4b	83	29.3	20.9	2.2	12.0	36.0	65.5	NA	NA	NA
ENSDART00000104143	txlng	240	44.7	41.2	12.7	25.4	59.0	82.5	23.89	95.46	1.9984894826
ENSDART00000083010	acad9	55	44.0	36.0	14.2	24.4	57.5	80.7	NA	NA	NA
ENSDART00000067866	RPS17	229	48.7	43.3	20.7	30.6	58.1	77.4	173.24	11.28	-3.94093310467
ENSDART00000063837	CABZ01014055.1	525	74.9	75.5	24.6	52.4	99.0	116.2	77.71	467.63	2.58919531963
ENSDART00000088383	CNOT2	286	50.7	49.4	19.4	33.0	67.3	84.6	35.62	175.93	2.30424209401
ENSDART00000016386	tg	6	89.2	80.5	NA	NA	NA	NA	NA	NA	NA
ENSDART00000108656	si:dkey-34m19.3	83	35.3	32.0	11.5	21.4	42.5	60.5	36.81	37.28	0.0183041102702
ENSDART00000121946	crcp	66	34.1	23.9	6.3	16.7	39.4	61.0	28.0	21.61	-0.373727754973
ENSDART00000083015	CCDC84	18	46.9	38.4	12.2	25.9	44.9	62.9	NA	NA	NA
ENSDART00000108658	eva1c	4	39.1	38.0	NA	NA	NA	NA	NA	NA	NA
ENSDART00000065243	snrnp35	140	35.2	32.7	12.0	19.9	46.7	64.2	206.12	104.12	-0.985237280749
ENSDART00000015872	zcchc9	144	39.1	39.7	13.3	24.2	51.2	62.1	31.13	39.74	0.35228629578
ENSDART00000015873	sf3b2	252	91.0	89.7	43.1	65.0	112.5	128.9	156.29	366.37	1.22907590157
ENSDART00000011447	sae1	179	69.1	63.0	31.5	47.2	83.3	109.9	48.39	262.34	2.43865695337
ENSDART00000136152	calua	34	62.2	57.6	22.0	39.5	88.9	95.7	NA	NA	NA
ENSDART00000136151	C15H11orf57	189	41.2	38.4	13.3	23.2	52.0	68.4	120.11	32.61	-1.88096992433
ENSDART00000074567	tmem57b	66	70.6	75.1	19.8	49.0	91.4	114.1	19.22	39.67	1.04544006137
ENSDART00000126301	prkab1b	138	22.1	17.5	2.9	7.1	31.8	47.5	NA	NA	NA
ENSDART00000020946	fancl	19	23.3	23.5	7.9	15.4	32.9	41.2	NA	NA	NA
ENSDART00000027667	rragd	3	51.6	49.5	NA	NA	NA	NA	NA	NA	NA
ENSDART00000114679	arf6a	318	36.8	32.2	12.6	20.1	49.1	69.0	43.26	16.76	-1.36801151626
ENSDART00000008312	fam53b	71	64.8	56.7	20.3	35.4	80.0	98.3	83.17	29.68	-1.48657214006
ENSDART00000078230	mettl16	230	32.1	29.7	9.5	17.7	44.2	58.7	49.42	47.59	-0.0544365561683
ENSDART00000114532	malt1b	4	56.3	50.1	NA	NA	NA	NA	NA	NA	NA
ENSDART00000114172	pde6d	137	28.3	22.1	5.6	13.6	36.1	54.6	NA	NA	NA
ENSDART00000024194	kif11	243	25.3	17.0	5.4	10.8	31.7	48.8	39.35	11.19	-1.81415359942
ENSDART00000075960	rab11fip4a	1	96.4	96.4	NA	NA	NA	NA	NA	NA	NA
ENSDART00000080781	arl15b	41	70.9	66.4	23.2	48.2	102.5	111.3	NA	NA	NA
ENSDART00000105762	ahr2	8	70.6	65.9	NA	NA	NA	NA	NA	NA	NA
ENSDART00000113957	arl8a	115	30.1	28.8	10.0	16.6	40.3	54.6	NA	NA	NA
ENSDART00000084714	CABZ01057907.1	358	25.2	21.5	5.5	12.5	35.7	50.1	35.33	6.47	-2.4490561319
ENSDART00000148565	ntn1a	1	124.3	124.3	NA	NA	NA	NA	NA	NA	NA
ENSDART00000047391	rpl13	744	39.8	37.1	15.3	26.6	48.8	63.1	256.33	18.4	-3.80022466529
ENSDART00000084249	cylda	95	38.2	34.2	9.3	20.1	47.8	76.8	NA	NA	NA
ENSDART00000136236	si:dkey-66g10.2	1	12.0	12.0	NA	NA	NA	NA	NA	NA	NA
ENSDART00000105768	zmynd11	241	52.2	50.4	15.1	30.2	72.1	95.5	23.49	113.99	2.27878864818
ENSDART00000133135	si:ch211-167j6.3	76	24.4	22.8	10.5	15.6	30.2	41.3	NA	NA	NA
ENSDART00000122797	pdia5	58	59.1	51.8	19.5	33.5	77.2	103.6	21.98	52.58	1.25832275567
ENSDART00000127317	FP103059.1	22	52.5	50.3	8.6	33.1	78.0	92.0	92.89	28.36	-1.71166576019
ENSDART00000113219	TNRC6A	254	50.5	41.4	10.5	23.3	66.0	101.0	53.84	14.15	-1.92787635689
ENSDART00000127313	CABZ01038329.1	1	145.6	145.6	NA	NA	NA	NA	NA	NA	NA
ENSDART00000115335	CR391986.1	43	40.7	34.9	16.5	23.6	53.7	75.5	NA	NA	NA
ENSDART00000137820	si:ch211-163l21.8	7	59.0	29.8	NA	NA	NA	NA	NA	NA	NA
ENSDART00000055745	sepw2a	457	111.9	116.2	65.3	99.1	134.5	147.9	NA	NA	NA
ENSDART00000087441	GFOD1	4	53.7	52.7	NA	NA	NA	NA	NA	NA	NA
ENSDART00000113221	tfap4	41	48.0	40.1	8.7	20.7	66.4	108.2	NA	NA	NA
ENSDART00000113934	hsf5	1	53.7	53.7	NA	NA	NA	NA	NA	NA	NA
ENSDART00000060561	csdc2a	1	29.0	29.0	NA	NA	NA	NA	NA	NA	NA
ENSDART00000005158	ccnt1	83	31.5	24.6	2.9	12.6	40.0	60.7	13.87	16.69	0.267016167039
ENSDART00000106220	si:dkey-20i20.2	2	40.9	40.9	NA	NA	NA	NA	NA	NA	NA
ENSDART00000129575	arnt2	33	75.7	79.8	24.0	35.4	111.6	122.7	NA	NA	NA
ENSDART00000085046	MUM1	95	46.7	40.5	14.2	22.6	64.1	80.4	30.65	21.1	-0.538644074984
ENSDART00000027443	esyt3	7	39.8	38.3	NA	NA	NA	NA	NA	NA	NA
ENSDART00000085042	SH3RF3	16	40.8	39.6	20.0	30.0	50.1	63.7	NA	NA	NA
ENSDART00000076304	pcna	883	74.0	70.7	32.2	50.2	91.4	118.7	187.09	933.89	2.31952018109
ENSDART00000124656	efnb1	1	75.6	75.6	NA	NA	NA	NA	NA	NA	NA
ENSDART00000061744	zp3a.1	54	46.4	43.7	10.6	30.2	64.5	84.6	49.33	9.88	-2.31988234041
ENSDART00000038038	shfm1	325	47.4	43.0	12.4	24.2	62.2	88.2	238.52	224.91	-0.0847624338952
ENSDART00000114026	LINGO2	6	56.5	57.0	NA	NA	NA	NA	NA	NA	NA
ENSDART00000041858	mtx2	49	53.3	41.1	24.2	32.0	58.6	97.3	NA	NA	NA
ENSDART00000125081	flt4	1	17.3	17.3	NA	NA	NA	NA	NA	NA	NA
ENSDART00000020792	cnpy1	274	44.2	43.3	12.7	27.4	60.2	76.4	NA	NA	NA
ENSDART00000083946	pld6	12	29.6	25.1	5.7	8.7	36.1	68.4	NA	NA	NA
ENSDART00000040184	tenm1	2	40.1	40.1	NA	NA	NA	NA	NA	NA	NA
ENSDART00000143113	sfswap	41	73.0	74.6	17.2	49.7	95.4	117.9	7.0	46.53	2.73273435992
ENSDART00000143117	zgc:162972	4	46.0	38.8	NA	NA	NA	NA	NA	NA	NA
ENSDART00000015127	C13H9orf72	13	19.4	15.8	1.1	9.4	23.9	37.2	NA	NA	NA
ENSDART00000134932	zgc:66472	134	53.0	49.7	13.5	26.7	71.6	94.5	56.89	130.42	1.1969181387
ENSDART00000143114	si:dkeyp-20e4.8	136	60.1	62.9	23.3	44.4	78.0	87.0	NA	NA	NA
ENSDART00000040328	h2afx	100	58.3	58.7	-9.9	-0.7	104.1	137.7	50.36	3337.6	6.05038896969
ENSDART00000142538	pias2	249	43.0	37.2	11.1	19.1	58.1	83.4	44.81	51.06	0.188372811255
ENSDART00000146099	cerk	65	36.2	31.7	14.9	21.9	48.3	66.9	NA	NA	NA
ENSDART00000013434	oxct1a	109	71.3	73.0	33.3	53.6	87.9	106.1	17.12	86.09	2.33016296575
ENSDART00000013432	dnajc28	14	31.1	25.4	14.6	18.6	38.0	64.3	NA	NA	NA
ENSDART00000013431	hmbsa	68	38.7	36.1	11.7	18.4	53.3	75.3	NA	NA	NA
ENSDART00000146093	sort1a	26	73.7	73.4	42.6	57.0	83.8	103.7	NA	NA	NA
ENSDART00000103330	chac1	271	56.2	56.8	18.9	32.6	74.8	89.5	101.59	3.42	-4.89261826224
ENSDART00000103336	ino80	32	34.6	28.0	8.1	13.5	46.7	76.0	9.83	11.61	0.240104650525
ENSDART00000075612	rfc4	1	21.7	21.7	NA	NA	NA	NA	NA	NA	NA
ENSDART00000135821	mfsd6b	39	28.5	24.7	7.5	14.5	37.8	50.9	NA	NA	NA
ENSDART00000059376	ube4a	29	52.7	52.5	21.5	42.2	71.5	79.7	NA	NA	NA
ENSDART00000079945	tut1	31	75.4	76.7	31.8	44.1	104.4	121.0	9.5	48.63	2.35584717302
ENSDART00000106541	zgc:174623	8	33.4	25.6	NA	NA	NA	NA	NA	NA	NA
ENSDART00000142820	si:dkey-9i23.11	6	105.2	94.2	NA	NA	NA	NA	NA	NA	NA
ENSDART00000073511	hyal6	4	33.7	34.6	NA	NA	NA	NA	NA	NA	NA
ENSDART00000109117	si:dkey-192l18.9	1	7.8	7.8	NA	NA	NA	NA	NA	NA	NA
ENSDART00000084353	tbc1d10a	11	34.9	37.8	17.0	24.1	44.4	49.9	NA	NA	NA
ENSDART00000134778	tmem222b	49	66.6	69.8	23.3	48.9	85.1	101.2	NA	NA	NA
ENSDART00000137287	pebp1	61	45.0	44.7	14.4	24.2	57.3	81.4	NA	NA	NA
ENSDART00000073518	GRAMD2	3	12.1	17.5	NA	NA	NA	NA	NA	NA	NA
ENSDART00000125658	CLINT1	8	59.2	62.5	NA	NA	NA	NA	NA	NA	NA
ENSDART00000102681	pnp5a	13	11.0	12.0	-1.8	5.8	18.3	23.4	NA	NA	NA
ENSDART00000032996	ppdpfa	23	87.5	97.4	19.4	41.7	117.8	149.2	NA	NA	NA
ENSDART00000134772	LANCL2	16	49.4	52.4	14.7	26.9	65.4	82.0	NA	NA	NA
ENSDART00000009196	ufl1	26	35.2	33.5	14.6	26.9	44.4	52.8	NA	NA	NA
ENSDART00000009197	pcif1	27	40.1	33.7	9.6	19.2	59.4	75.4	NA	NA	NA
ENSDART00000111587	rhobtb2a	8	32.3	23.4	NA	NA	NA	NA	NA	NA	NA
ENSDART00000110187	zgc:172128	8	30.9	29.5	NA	NA	NA	NA	NA	NA	NA
ENSDART00000051693	irx4a	5	18.8	17.9	NA	NA	NA	NA	NA	NA	NA
ENSDART00000134416	im:7140055	152	81.4	83.7	24.0	56.4	109.1	130.3	20.69	160.25	2.95331880653
ENSDART00000047865	si:dkey-46g23.2	39	58.8	54.9	20.1	30.7	86.1	98.5	NA	NA	NA
ENSDART00000057886	cenpk	90	32.7	18.8	4.0	11.8	35.6	75.7	18.67	6.01	-1.63528503152
ENSDART00000134937	srek1	41	35.9	31.9	7.9	17.6	49.8	59.3	NA	NA	NA
ENSDART00000075009	eif2s2	387	37.9	30.7	10.3	17.6	53.6	74.1	272.46	45.52	-2.58147197984
ENSDART00000101200	si:ch211-101n13.1	26	97.1	107.2	62.5	81.0	116.3	127.7	NA	NA	NA
ENSDART00000055350	DTX2	80	49.1	50.2	20.0	31.6	67.5	84.1	NA	NA	NA
ENSDART00000083999	raly	11	20.7	13.1	5.5	8.5	24.7	45.3	NA	NA	NA
ENSDART00000065933	itgb6	22	26.4	23.8	7.0	18.5	32.8	46.5	NA	NA	NA
ENSDART00000112085	csde1	12	110.3	114.8	76.6	98.1	129.1	138.6	41.68	18.33	-1.18514849174
ENSDART00000112084	si:dkey-71p21.13	8	51.5	43.8	NA	NA	NA	NA	NA	NA	NA
ENSDART00000112082	RUFY1	131	43.2	40.8	10.1	20.0	63.8	77.9	52.74	86.66	0.716468665407
ENSDART00000099448	FNIP1	7	41.7	42.1	NA	NA	NA	NA	NA	NA	NA
ENSDART00000031952	marveld3	116	35.5	29.3	8.4	19.7	45.7	69.9	NA	NA	NA
ENSDART00000122943	rfx2	128	53.0	50.0	17.5	34.0	73.7	96.2	9.38	60.28	2.68401958908
ENSDART00000093028	KLHL35	105	30.1	25.7	9.8	16.0	41.6	56.5	NA	NA	NA
ENSDART00000099440	VGLL3	10	30.3	30.2	12.7	15.9	36.9	48.5	NA	NA	NA
ENSDART00000035382	scaper	9	32.5	34.6	NA	NA	NA	NA	NA	NA	NA
ENSDART00000129741	CU929378.1	75	25.2	21.9	7.2	15.3	32.0	49.2	NA	NA	NA
ENSDART00000128308	eif4bb	91	35.7	33.0	-7.9	16.8	54.6	73.0	153.5	45.99	-1.73884655276
ENSDART00000109223	dlec1	12	58.3	61.0	11.4	42.9	71.6	105.5	3.98	4.45	0.16103690531
ENSDART00000125221	TEX264	41	30.8	24.0	6.0	16.9	42.2	63.3	NA	NA	NA
ENSDART00000109221	wdr90	180	58.2	53.5	10.9	24.0	85.8	111.4	NA	NA	NA
ENSDART00000057263	zgc:63863	12	39.6	39.8	8.1	11.1	58.1	72.1	NA	NA	NA
ENSDART00000057262	C19H16orf80	50	45.7	39.4	13.6	32.4	54.2	75.3	NA	NA	NA
ENSDART00000020750	krt18	110	132.0	123.0	75.0	95.4	158.5	186.7	NA	NA	NA
ENSDART00000111066	epo	16	34.4	26.0	14.2	21.6	40.9	69.3	NA	NA	NA
ENSDART00000109228	CU469532.1	1	26.2	26.2	NA	NA	NA	NA	NA	NA	NA
ENSDART00000088949	fbxo10	81	38.6	35.2	7.5	21.0	50.0	69.6	19.28	64.62	1.74487569904
ENSDART00000140062	ptk2.2	1	89.3	89.3	NA	NA	NA	NA	NA	NA	NA
ENSDART00000138081	bcl6ab	6	26.5	23.5	NA	NA	NA	NA	NA	NA	NA
ENSDART00000122905	rac3b	5	4.3	-8.9	NA	NA	NA	NA	NA	NA	NA
ENSDART00000079618	rexo1	21	60.4	31.0	13.9	19.5	87.4	155.2	9.89	8.79	-0.170107355616
ENSDART00000086666	STPG2	17	70.2	55.7	32.1	42.5	62.2	78.2	NA	NA	NA
ENSDART00000086661	dpagt1	15	48.0	44.2	30.5	39.6	55.7	59.8	NA	NA	NA
ENSDART00000113358	wdtc1	73	33.7	29.9	9.8	19.6	38.2	53.7	NA	NA	NA
ENSDART00000128610	pex16	64	36.3	28.3	3.8	15.8	49.0	70.4	NA	NA	NA
ENSDART00000101240	ROBO3	12	17.0	12.0	5.8	6.9	20.2	34.6	NA	NA	NA
ENSDART00000127916	hspe1	48	20.8	15.8	4.8	8.9	25.2	36.7	NA	NA	NA
ENSDART00000144939	C3H16orf58	29	52.2	47.4	16.1	30.4	60.2	77.6	NA	NA	NA
ENSDART00000077611	BX571853.2	2	130.2	130.2	NA	NA	NA	NA	NA	NA	NA
ENSDART00000077612	rel	23	58.3	52.4	18.9	29.7	73.7	97.0	NA	NA	NA
ENSDART00000101301	tmprss4a	199	45.2	39.3	8.7	19.7	64.3	90.0	NA	NA	NA
ENSDART00000131072	rpz2	13	35.2	31.9	8.0	15.4	51.8	69.0	NA	NA	NA
ENSDART00000101304	atg12	16	15.3	14.1	4.2	9.1	23.7	26.5	NA	NA	NA
ENSDART00000101306	ctnna2	33	66.9	65.8	22.4	43.8	95.2	107.2	7.7	29.26	1.92599941856
ENSDART00000131076	RFWD3	187	41.2	35.5	13.3	21.6	52.7	69.2	54.0	44.15	-0.290545969402
ENSDART00000115205	cers2a	131	25.3	23.1	5.8	12.9	35.4	47.3	NA	NA	NA
ENSDART00000091416	CNTN3	6	54.3	38.8	NA	NA	NA	NA	NA	NA	NA
ENSDART00000122406	CU571336.2	31	78.6	80.1	18.8	46.6	107.1	135.2	11.28	25.09	1.15334540301
ENSDART00000124830	zgc:162816	197	43.6	39.7	10.9	21.6	58.9	80.0	NA	NA	NA
ENSDART00000126687	sf3a1	573	55.4	50.0	18.8	32.0	74.6	95.3	63.12	293.29	2.21615877142
ENSDART00000026339	gtpbp4	113	44.0	38.8	11.0	20.7	56.8	79.2	40.69	27.7	-0.554788304137
ENSDART00000040680	rngtt	98	36.6	28.7	10.9	15.8	47.4	66.7	NA	NA	NA
ENSDART00000133501	si:ch1073-75o15.4	15	57.7	57.2	9.3	23.1	77.2	106.3	NA	NA	NA
ENSDART00000076693	stambpa	123	30.5	28.8	11.2	17.8	39.3	53.0	NA	NA	NA
ENSDART00000133504	dab2ipb	12	36.3	35.9	17.4	25.9	45.9	48.9	NA	NA	NA
ENSDART00000123139	brd8	350	81.7	82.5	41.4	60.0	104.1	118.6	35.56	131.98	1.89199209358
ENSDART00000049331	gtf3aa	97	32.0	32.1	7.3	16.7	46.1	54.2	NA	NA	NA
ENSDART00000021372	chrna5	1	24.4	24.4	NA	NA	NA	NA	NA	NA	NA
ENSDART00000142794	bet1l	202	27.0	23.9	6.5	13.9	36.6	48.1	NA	NA	NA
ENSDART00000055299	prl	2	17.0	17.0	NA	NA	NA	NA	NA	NA	NA
ENSDART00000053588	irak1bp1	74	47.1	32.4	10.4	22.6	63.8	82.5	17.42	10.56	-0.72213478924
ENSDART00000046050	pcbd1	137	70.1	72.0	24.2	45.7	93.7	109.7	NA	NA	NA
ENSDART00000065239	dnajc19	6	45.9	33.8	NA	NA	NA	NA	NA	NA	NA
ENSDART00000131610	serbp1a	4	76.1	73.8	NA	NA	NA	NA	51.03	56.76	0.153528947676
ENSDART00000131613	C2H1orf21	131	35.0	30.7	10.3	17.7	44.5	65.6	NA	NA	NA
ENSDART00000024440	foxi3b	1	9.4	9.4	NA	NA	NA	NA	NA	NA	NA
ENSDART00000055294	zgc:112484	18	36.0	39.2	8.0	23.4	53.4	57.7	NA	NA	NA
ENSDART00000026180	fabp7a	1	93.5	93.5	NA	NA	NA	NA	NA	NA	NA
ENSDART00000139020	gbgt1l1	67	24.8	21.5	9.4	13.3	34.1	43.3	NA	NA	NA
ENSDART00000052989	ache	1	119.3	119.3	NA	NA	NA	NA	NA	NA	NA
ENSDART00000106126	si:rp71-36a1.3	2	21.1	21.1	NA	NA	NA	NA	NA	NA	NA
ENSDART00000129432	pcgf1	30	33.1	31.8	10.5	20.9	46.6	54.0	NA	NA	NA
ENSDART00000020135	pex19	133	58.1	55.5	21.1	38.2	77.4	94.8	NA	NA	NA
ENSDART00000020136	ivns1abpb	795	54.8	49.0	15.4	30.2	71.7	95.8	85.77	302.32	1.81753139791
ENSDART00000129439	UIMC1	72	25.8	21.5	5.3	12.9	31.6	42.5	13.84	1.6	-3.11270013275
ENSDART00000113021	DHX30	174	23.3	18.8	5.5	11.0	28.5	42.2	14.81	6.39	-1.21268380434
ENSDART00000062688	tmem68	104	43.1	37.4	16.8	25.3	61.2	78.9	NA	NA	NA
ENSDART00000121418	CABZ01036951.1	8	24.4	14.3	NA	NA	NA	NA	NA	NA	NA
ENSDART00000035358	socs2	1	76.8	76.8	NA	NA	NA	NA	NA	NA	NA
ENSDART00000050850	tor2a	121	37.3	29.7	9.4	16.3	56.4	80.0	NA	NA	NA
ENSDART00000110234	appbp2	190	60.6	56.3	20.7	33.8	83.0	102.1	15.29	95.25	2.63913068591
ENSDART00000098795	mmab	17	33.7	33.9	16.6	19.2	45.3	56.7	NA	NA	NA
ENSDART00000124135	TMEM74	7	25.6	27.3	NA	NA	NA	NA	NA	NA	NA
ENSDART00000098421	uqcc	149	59.6	53.2	23.9	35.1	75.2	97.6	28.98	64.2	1.14751570245
ENSDART00000098424	trib2	31	80.7	82.6	21.0	47.9	109.2	131.9	NA	NA	NA
ENSDART00000149045	klf2b	326	34.3	19.2	4.5	10.6	43.2	97.2	NA	NA	NA
ENSDART00000029451	prkcbb	52	33.7	24.3	5.2	16.1	48.8	59.8	NA	NA	NA
ENSDART00000022154	lrrfip2	151	38.5	33.5	14.8	21.4	49.9	70.1	NA	NA	NA
ENSDART00000144248	MAN1A2	87	59.7	57.4	22.7	39.1	81.9	94.6	11.79	23.82	1.01460969488
ENSDART00000123308	znf609	70	59.9	62.2	16.9	43.1	78.8	96.6	12.81	30.63	1.25767489126
ENSDART00000029457	sh2d3ca	5	39.8	32.7	NA	NA	NA	NA	NA	NA	NA
ENSDART00000028981	tgfb1b	1	35.7	35.7	NA	NA	NA	NA	NA	NA	NA
ENSDART00000123304	psmf1	76	28.9	26.3	6.1	11.4	40.9	54.7	NA	NA	NA
ENSDART00000123300	NGRN	10	25.3	16.6	7.7	9.9	45.1	54.3	NA	NA	NA
ENSDART00000128678	METTL4	65	70.4	72.3	17.0	44.2	100.5	122.5	NA	NA	NA
ENSDART00000104659	sergef	42	36.3	26.8	13.2	17.7	52.2	67.7	NA	NA	NA
ENSDART00000067305	C25H12orf29	50	38.5	31.4	12.7	18.8	54.1	71.6	NA	NA	NA
ENSDART00000028983	PPP2R2A	31	50.5	51.0	16.1	36.4	66.0	78.0	NA	NA	NA
ENSDART00000101702	unc13c	1	40.6	40.6	NA	NA	NA	NA	NA	NA	NA
ENSDART00000063333	pomca	2	160.2	160.2	NA	NA	NA	NA	NA	NA	NA
ENSDART00000145221	rnf40	35	78.6	77.0	25.7	56.6	106.5	123.9	20.5	45.41	1.14738612703
ENSDART00000145226	si:ch211-233h19.2	39	16.3	15.1	1.3	9.5	20.0	30.3	NA	NA	NA
ENSDART00000052183	C19H6orf62	68	90.8	92.8	19.1	48.6	137.0	153.3	NA	NA	NA
ENSDART00000052185	gmnn	1908	49.8	45.4	16.3	28.4	66.3	88.6	805.44	1542.19	0.937131491558
ENSDART00000025466	slc18a2	6	52.1	58.8	NA	NA	NA	NA	NA	NA	NA
ENSDART00000100309	crybb1l2	1	40.5	40.5	NA	NA	NA	NA	NA	NA	NA
ENSDART00000147918	zfyve16	39	79.0	81.9	20.2	59.2	105.3	128.0	7.66	27.02	1.8186113774
ENSDART00000147917	gpr176	6	37.1	39.0	NA	NA	NA	NA	NA	NA	NA
ENSDART00000084223	EPC1	87	46.1	35.5	17.0	24.4	54.0	80.8	21.49	5.13	-2.06663475182
ENSDART00000081976	rock1	80	72.3	72.6	14.7	42.8	99.2	126.6	17.94	26.37	0.555717680945
ENSDART00000052942	zgc:113025	8	24.4	16.5	NA	NA	NA	NA	NA	NA	NA
ENSDART00000140632	bcl2l13	138	42.2	39.3	9.0	17.8	56.3	83.0	NA	NA	NA
ENSDART00000100301	sssca1	178	24.4	21.0	7.7	11.8	30.3	39.8	38.58	2.35	-4.03712048148
ENSDART00000012791	sp8a	2	20.5	20.5	NA	NA	NA	NA	NA	NA	NA
ENSDART00000043161	btr29	1	32.9	32.9	NA	NA	NA	NA	NA	NA	NA
ENSDART00000043162	reep2	258	71.1	68.0	17.0	33.4	103.4	134.2	NA	NA	NA
ENSDART00000140496	nfkbiz	7	35.9	20.7	NA	NA	NA	NA	NA	NA	NA
ENSDART00000137516	vamp3	252	75.0	76.2	23.9	47.3	107.3	123.6	78.47	654.21	3.05954070675
ENSDART00000112470	ccdc88b	1	68.4	68.4	NA	NA	NA	NA	NA	NA	NA
ENSDART00000006787	epha3l	1	79.1	79.1	NA	NA	NA	NA	NA	NA	NA
ENSDART00000140537	dhrs11a	10	73.4	84.4	35.1	51.1	95.3	102.6	NA	NA	NA
ENSDART00000007260	si:ch211-210c8.6	54	54.8	54.4	19.5	35.3	76.2	85.5	NA	NA	NA
ENSDART00000112675	SCAF8	296	64.9	62.4	23.3	42.4	88.3	105.6	30.14	77.28	1.35841567724
ENSDART00000064878	gxylt2	14	23.6	11.0	-1.5	10.1	34.5	56.2	NA	NA	NA
ENSDART00000064655	zbtb2a	108	25.0	20.7	6.3	11.5	34.1	48.9	NA	NA	NA
ENSDART00000031508	lbx2	4	27.7	19.1	NA	NA	NA	NA	NA	NA	NA
ENSDART00000064657	stx11a	141	23.1	19.1	7.5	11.5	29.6	43.0	NA	NA	NA
ENSDART00000086018	pcnxl4	46	46.2	36.6	11.4	23.3	75.7	82.6	9.84	4.42	-1.15461194595
ENSDART00000144068	C9H2orf76	160	58.7	55.2	14.8	37.2	83.0	99.9	NA	NA	NA
ENSDART00000144069	paqr7b	3	25.2	17.9	NA	NA	NA	NA	NA	NA	NA
ENSDART00000101208	abhd11	8	37.1	22.0	NA	NA	NA	NA	NA	NA	NA
ENSDART00000034027	ZC3H11A	276	43.7	31.9	11.0	18.7	49.0	90.3	47.91	45.91	-0.06151838142
ENSDART00000144060	rpl37	20	59.3	53.6	31.4	43.7	71.1	92.9	NA	NA	NA
ENSDART00000021266	tra2b	95	88.0	83.6	23.9	56.8	116.9	142.7	28.97	274.41	3.24370146718
ENSDART00000063158	NUDT12	17	49.1	46.7	17.2	27.8	67.7	85.9	NA	NA	NA
ENSDART00000011540	bzw1b	552	69.7	67.9	25.4	45.4	90.2	111.0	362.23	1625.36	2.16578135439
ENSDART00000063157	slc26a11	50	31.6	24.4	6.7	15.1	44.0	62.7	NA	NA	NA
ENSDART00000016263	BX664752.1	5	29.1	29.4	NA	NA	NA	NA	NA	NA	NA
ENSDART00000063152	chst14	41	32.4	32.3	7.4	17.5	46.1	54.7	NA	NA	NA
ENSDART00000016265	LRP3	7	57.5	64.1	NA	NA	NA	NA	NA	NA	NA
ENSDART00000063150	fam43a	1	8.7	8.7	NA	NA	NA	NA	NA	NA	NA
ENSDART00000063151	napgl	3	69.0	28.8	NA	NA	NA	NA	NA	NA	NA
ENSDART00000052239	ptpn2b	39	80.3	76.1	25.4	49.4	112.4	129.3	25.76	97.16	1.91522989652
ENSDART00000038767	mybbp1a	13	57.1	58.5	35.7	45.2	71.5	87.9	23.19	22.9	-0.0181552216617
ENSDART00000130880	C21H5orf15	36	44.5	37.1	9.2	22.3	56.1	77.3	NA	NA	NA
ENSDART00000098925	vgll4l	277	78.3	74.8	21.5	42.7	106.9	141.3	NA	NA	NA
ENSDART00000055511	ergic3	57	63.4	38.9	13.5	19.8	96.8	158.7	11.07	7.45	-0.571342891432
ENSDART00000055510	ROMO1	223	57.6	56.5	19.9	35.6	77.4	96.2	125.44	129.3	0.0437248105824
ENSDART00000030453	dynlrb1	245	39.6	33.0	10.0	17.9	55.6	73.0	NA	NA	NA
ENSDART00000026276	cks1b	133	45.0	44.0	16.5	27.4	57.1	75.4	NA	NA	NA
ENSDART00000112867	nomo	16	71.7	60.1	40.9	52.0	106.7	117.2	8.73	18.55	1.08736562788
ENSDART00000026273	cd164	71	69.4	64.2	19.1	40.6	105.3	123.0	NA	NA	NA
ENSDART00000011663	snrpb	1329	86.9	89.5	41.9	68.5	107.3	123.1	446.02	1648.42	1.88590356416
ENSDART00000061001	gnb2l1	339	41.8	40.0	19.2	30.4	51.6	63.7	621.06	23.17	-4.74440270322
ENSDART00000122303	GEMIN6	249	33.4	27.8	9.4	17.0	44.7	64.4	NA	NA	NA
ENSDART00000153390	gpam	63	26.3	25.3	8.2	16.6	35.6	43.7	NA	NA	NA
ENSDART00000044462	max	398	37.1	31.4	9.1	20.2	50.6	72.3	103.35	402.97	1.96313404934
ENSDART00000091850	atrip	119	34.4	32.2	9.8	18.4	49.0	60.2	37.89	5.41	-2.80811664068
ENSDART00000040669	sphkap	1	42.9	42.9	NA	NA	NA	NA	NA	NA	NA
ENSDART00000092265	prcc	248	85.9	88.7	42.2	63.9	106.8	123.5	NA	NA	NA
ENSDART00000060174	jagn1a	4	29.6	23.5	NA	NA	NA	NA	NA	NA	NA
ENSDART00000010143	SYS1	241	44.0	41.4	14.0	25.7	60.2	75.2	57.93	117.81	1.02407943372
ENSDART00000010140	igf2bp3	273	65.4	64.8	9.0	32.3	98.2	120.6	40.05	528.93	3.72320265713
ENSDART00000115077	zgc:174573	1	60.8	60.8	NA	NA	NA	NA	NA	NA	NA
ENSDART00000115072	tnip1	24	42.9	40.4	9.0	26.2	49.6	81.2	14.6	1.61	-3.18083577565
ENSDART00000104686	AMBRA1	269	40.2	33.1	8.8	18.5	56.8	80.2	8.76	37.35	2.09210546808
ENSDART00000104687	pfn2	1361	43.3	40.0	11.9	22.2	59.7	81.6	119.87	1388.4	3.53388072615
ENSDART00000080888	snf8	37	56.1	39.5	27.3	32.5	70.7	113.6	42.05	50.0	0.249822294407
ENSDART00000103650	mafbb	8	26.2	28.0	NA	NA	NA	NA	NA	NA	NA
ENSDART00000104683	pbx4	96	64.9	67.9	2.1	34.0	97.1	125.1	13.14	132.39	3.33275697237
ENSDART00000103652	grin2ab	53	40.7	31.7	10.0	16.5	63.9	82.4	NA	NA	NA
ENSDART00000082952	wbscr16	13	45.5	43.6	13.2	30.8	61.4	71.8	NA	NA	NA
ENSDART00000110266	pik3ap1	1	48.6	48.6	NA	NA	NA	NA	NA	NA	NA
ENSDART00000085675	clstn2	3	58.3	77.9	NA	NA	NA	NA	NA	NA	NA
ENSDART00000134820	foxp2	19	51.4	41.1	15.2	29.8	68.8	101.5	NA	NA	NA
ENSDART00000047094	GRIN2B	4	45.8	42.8	NA	NA	NA	NA	NA	NA	NA
ENSDART00000135616	dnajb2	1	33.3	33.3	NA	NA	NA	NA	NA	NA	NA
ENSDART00000108841	ZBTB41	3	15.5	14.6	NA	NA	NA	NA	NA	NA	NA
ENSDART00000135082	C10H5orf28	18	34.6	32.6	13.4	20.6	49.6	60.8	NA	NA	NA
ENSDART00000108514	ASXL2	10	28.1	21.2	9.2	12.8	36.0	53.1	NA	NA	NA
ENSDART00000108518	rnf10	72	68.3	57.4	9.3	23.9	94.1	133.3	8.11	9.43	0.217555856458
ENSDART00000127996	degs2	96	29.9	25.4	9.7	15.8	39.2	55.0	NA	NA	NA
ENSDART00000136902	txndc9	71	53.0	51.1	13.2	30.8	74.9	96.1	NA	NA	NA
ENSDART00000055186	ATP5J2	82	39.8	28.2	5.9	13.8	51.0	91.1	NA	NA	NA
ENSDART00000108540	TDRD7B	1	48.8	48.8	NA	NA	NA	NA	NA	NA	NA
ENSDART00000125795	FSD2	5	77.0	74.0	NA	NA	NA	NA	NA	NA	NA
ENSDART00000084503	TRMT10B	11	44.5	21.5	3.2	4.8	43.6	101.6	NA	NA	NA
ENSDART00000125790	NCBP1	297	71.4	68.0	27.3	45.2	97.8	117.7	30.23	107.64	1.83216141201
ENSDART00000125799	tex15	3	16.5	12.2	NA	NA	NA	NA	NA	NA	NA
ENSDART00000088364	KIF1A	5	31.1	26.9	NA	NA	NA	NA	NA	NA	NA
ENSDART00000060685	tmed10	89	67.4	65.2	21.1	41.4	92.6	111.9	44.79	86.05	0.941998526072
ENSDART00000033904	med29	66	23.1	21.4	6.1	13.8	30.3	43.2	24.89	6.29	-1.9844343081
ENSDART00000060689	eif2b2	27	26.2	20.4	8.5	10.3	41.0	55.0	NA	NA	NA
ENSDART00000039536	mrrf	3	48.8	50.5	NA	NA	NA	NA	NA	NA	NA
ENSDART00000033902	phf11	16	59.8	57.6	41.8	44.6	67.2	92.1	NA	NA	NA
ENSDART00000065032	pip5k1ba	1	10.2	10.2	NA	NA	NA	NA	NA	NA	NA
ENSDART00000103434	C17H15orf41	41	22.1	22.0	6.6	8.8	31.4	37.3	NA	NA	NA
ENSDART00000078396	hmbsb	48	59.8	58.8	16.8	29.5	90.9	107.4	NA	NA	NA
ENSDART00000151026	SHF	7	31.8	23.4	NA	NA	NA	NA	NA	NA	NA
ENSDART00000111517	ctdp1	217	45.6	35.3	10.5	19.3	66.6	93.4	18.2	118.68	2.70506647639
ENSDART00000093247	GTF2A1L	0	NA	NA	NA	NA	NA	NA	8.3	5.92	-0.487514160605
ENSDART00000134819	SLC5A6	9	49.2	42.5	NA	NA	NA	NA	NA	NA	NA
ENSDART00000037042	PDPR	36	85.2	78.6	47.1	64.0	105.1	124.7	8.13	17.48	1.10437792743
ENSDART00000004769	tmem180	54	67.1	69.4	32.0	51.6	85.7	105.0	12.42	12.62	0.0230467367621
ENSDART00000061555	si:ch211-63o20.7	84	39.4	32.6	6.9	16.9	48.2	78.8	17.43	56.26	1.69053698319
ENSDART00000061557	elp3	77	42.6	35.0	15.8	23.0	57.7	77.6	NA	NA	NA
ENSDART00000030200	abhd14b	13	54.7	54.1	19.7	28.3	83.1	89.2	NA	NA	NA
ENSDART00000004816	SSBP4	24	49.2	44.7	8.1	11.2	79.6	96.8	NA	NA	NA
ENSDART00000003418	brms1la	60	41.1	37.9	18.6	24.1	54.0	76.3	35.46	47.78	0.430214317558
ENSDART00000056721	ldhd	7	63.7	74.2	NA	NA	NA	NA	NA	NA	NA
ENSDART00000083534	GPATCH3	38	34.3	28.4	14.7	21.0	45.7	52.2	45.8	17.6	-1.37977216946
ENSDART00000083532	slc25a38a	2	47.1	47.1	NA	NA	NA	NA	NA	NA	NA
ENSDART00000018190	CCDC34	63	44.2	38.8	11.7	21.9	60.5	79.3	89.36	55.09	-0.697838722918
ENSDART00000018663	adra2b	1	119.0	119.0	NA	NA	NA	NA	NA	NA	NA
ENSDART00000131820	kazald2	27	48.4	29.5	6.1	15.5	71.2	120.7	NA	NA	NA
ENSDART00000083539	sin3aa	137	30.6	23.4	4.4	9.8	43.6	61.1	14.21	25.26	0.829948084545
ENSDART00000021997	med15	273	42.3	36.8	13.2	23.4	55.8	76.8	37.76	48.58	0.363503725274
ENSDART00000126516	cars	39	66.1	71.8	20.9	37.9	91.9	101.2	19.77	64.91	1.71512788511
ENSDART00000002763	cnn3a	126	40.8	37.3	11.7	23.1	56.3	68.9	13.54	74.07	2.45166159829
ENSDART00000126519	SHISA2	1	26.3	26.3	NA	NA	NA	NA	NA	NA	NA
ENSDART00000131897	nf1b	4	62.1	56.8	NA	NA	NA	NA	NA	NA	NA
ENSDART00000082223	tax1bp3	54	96.0	104.7	35.7	63.8	130.7	152.3	NA	NA	NA
ENSDART00000146136	ube2l3b	260	57.8	53.5	14.9	29.9	81.1	107.3	NA	NA	NA
ENSDART00000050070	pigf	1	82.5	82.5	NA	NA	NA	NA	NA	NA	NA
ENSDART00000050074	mfsd8	281	86.8	87.0	50.4	68.5	107.2	122.3	10.01	40.8	2.02712717802
ENSDART00000004109	gng3	1	133.6	133.6	NA	NA	NA	NA	NA	NA	NA
ENSDART00000073707	stx3a	40	15.6	12.3	-1.5	5.2	24.2	32.2	NA	NA	NA
ENSDART00000073704	C19H6orf136	164	51.9	48.5	22.2	31.0	70.4	90.0	NA	NA	NA
ENSDART00000053003	hexim1	194	42.8	40.8	11.5	22.8	57.9	80.0	47.19	71.09	0.591165463404
ENSDART00000053001	tcn2l	28	48.6	43.6	18.9	27.2	63.8	87.0	NA	NA	NA
ENSDART00000083289	vwa5b1	1	73.5	73.5	NA	NA	NA	NA	NA	NA	NA
ENSDART00000102746	rbm14b	129	92.0	104.4	14.2	57.4	124.3	143.9	10.47	172.95	4.04602166633
ENSDART00000083281	mul1b	79	35.8	31.9	10.9	16.5	51.0	65.0	NA	NA	NA
ENSDART00000060184	chka	1	99.9	99.9	NA	NA	NA	NA	NA	NA	NA
ENSDART00000012450	dvl2	67	64.5	72.6	7.2	26.8	99.2	117.8	11.6	135.92	3.55056104717
ENSDART00000126470	zgc:85777	3	39.2	31.1	NA	NA	NA	NA	NA	NA	NA
ENSDART00000123957	dclk1a	3	41.3	51.0	NA	NA	NA	NA	NA	NA	NA
ENSDART00000114851	ccdc85cb	22	26.9	27.2	8.2	10.9	34.9	52.3	NA	NA	NA
ENSDART00000113617	zmiz1a	47	28.2	23.7	8.2	15.4	38.6	56.1	NA	NA	NA
ENSDART00000113616	zgc:171426	40	79.2	79.0	33.8	64.0	102.9	114.8	42.09	3.71	-3.50398641772
ENSDART00000083263	flii	97	56.4	53.4	11.6	23.6	80.3	106.3	16.33	65.03	1.99358063288
ENSDART00000036318	cbln13	4	59.4	58.3	NA	NA	NA	NA	NA	NA	NA
ENSDART00000020725	SMARCA1	6	26.7	22.5	NA	NA	NA	NA	NA	NA	NA
ENSDART00000019413	ndufa9	326	47.8	45.4	18.8	31.3	60.6	76.6	53.52	31.0	-0.78780990048
ENSDART00000145399	tpd52l2b	165	99.8	112.7	23.7	51.2	142.6	158.2	NA	NA	NA
ENSDART00000110001	acbd4	6	41.6	40.4	NA	NA	NA	NA	NA	NA	NA
ENSDART00000097767	pmt	1	3.4	3.4	NA	NA	NA	NA	NA	NA	NA
ENSDART00000059636	CHCHD4	117	31.2	28.7	10.1	18.3	42.0	54.9	NA	NA	NA
ENSDART00000142964	zgc:91849	1	2.1	2.1	NA	NA	NA	NA	NA	NA	NA
ENSDART00000038828	pax3a	1	46.5	46.5	NA	NA	NA	NA	NA	NA	NA
ENSDART00000024657	adarb1b	50	67.5	68.8	18.7	28.2	101.3	113.5	NA	NA	NA
ENSDART00000077420	dtnbp1a	140	37.0	31.5	11.9	19.3	48.6	70.7	NA	NA	NA
ENSDART00000126479	plekhn1	35	104.9	118.7	14.2	36.7	160.4	196.3	NA	NA	NA
ENSDART00000017359	sfpq	180	108.2	108.0	45.9	73.6	143.1	169.2	57.36	265.67	2.2115183958
ENSDART00000009500	aif1l	190	64.6	47.6	2.9	18.7	104.6	151.0	146.45	1409.22	3.26641675685
ENSDART00000054619	prps1b	104	48.0	45.3	17.4	30.4	65.3	82.5	17.93	91.03	2.34396659247
ENSDART00000143300	brd7	243	56.4	51.9	19.8	34.6	75.7	96.4	95.72	84.52	-0.179527629604
ENSDART00000113031	wasf2	644	44.4	42.8	13.3	25.0	60.1	76.7	33.19	172.7	2.37944754834
ENSDART00000140093	rims2b	2	45.9	45.9	NA	NA	NA	NA	NA	NA	NA
ENSDART00000065544	BUD13	34	53.6	46.8	15.9	24.7	68.4	92.1	17.0	23.3	0.454795208517
ENSDART00000042386	CABZ01038514.1	2	71.7	71.7	NA	NA	NA	NA	NA	NA	NA
ENSDART00000106445	zgc:174268	54	36.6	34.5	9.1	17.8	49.9	60.6	NA	NA	NA
ENSDART00000130067	USP2	2	152.8	152.8	NA	NA	NA	NA	NA	NA	NA
ENSDART00000013170	KIF26B	4	30.6	28.3	NA	NA	NA	NA	NA	NA	NA
ENSDART00000079424	GATC	26	53.7	24.3	7.9	16.8	83.4	111.4	NA	NA	NA
ENSDART00000052750	ADAMTSL3	4	27.1	23.6	NA	NA	NA	NA	NA	NA	NA
ENSDART00000002622	oclna	702	48.2	43.4	9.5	22.3	68.0	95.6	58.99	251.47	2.09184398463
ENSDART00000079131	cdyl	87	28.9	21.9	6.4	14.6	39.5	50.9	NA	NA	NA
ENSDART00000062858	adoa	6	23.6	16.3	NA	NA	NA	NA	NA	NA	NA
ENSDART00000062854	nfe2l2a	9	53.9	42.0	NA	NA	NA	NA	NA	NA	NA
ENSDART00000062856	RNF169	50	55.5	34.4	9.9	17.2	69.9	132.8	NA	NA	NA
ENSDART00000079138	ptenb	111	37.3	33.3	11.5	19.7	45.8	67.5	NA	NA	NA
ENSDART00000062850	agps	139	40.2	36.5	12.2	20.3	55.9	73.6	64.06	21.93	-1.5465179861
ENSDART00000062852	spcs2	124	43.0	35.5	6.5	16.8	69.9	86.1	44.65	215.98	2.27416564287
ENSDART00000112692	TMEM116	6	56.4	36.3	NA	NA	NA	NA	NA	NA	NA
ENSDART00000152363	rhoga	1	26.3	26.3	NA	NA	NA	NA	NA	NA	NA
ENSDART00000105362	snx11	38	37.4	33.8	5.6	16.3	52.9	80.4	NA	NA	NA
ENSDART00000112695	tfe3a	12	36.4	18.7	13.9	14.9	50.6	59.2	NA	NA	NA
ENSDART00000139491	prdm1c	8	29.8	26.8	NA	NA	NA	NA	NA	NA	NA
ENSDART00000131443	dpm2	25	28.0	22.5	13.6	16.8	37.9	47.9	NA	NA	NA
ENSDART00000139617	vps33a	4	62.1	63.7	NA	NA	NA	NA	NA	NA	NA
ENSDART00000065488	tex261	232	31.4	25.7	7.5	14.5	41.1	67.9	25.81	17.08	-0.595622166473
ENSDART00000017576	fahd2a	4	68.6	51.7	NA	NA	NA	NA	NA	NA	NA
ENSDART00000112965	pdzrn3a	1	36.8	36.8	NA	NA	NA	NA	NA	NA	NA
ENSDART00000008920	rab11al	103	29.4	23.5	8.4	14.1	39.9	60.2	NA	NA	NA
ENSDART00000088881	git2a	10	34.5	38.8	12.6	22.6	44.8	49.9	NA	NA	NA
ENSDART00000102030	zgc:113265	1	-5.2	-5.2	NA	NA	NA	NA	NA	NA	NA
ENSDART00000088884	fbxl22	3	54.9	43.4	NA	NA	NA	NA	NA	NA	NA
ENSDART00000111358	C8H9orf3	9	49.6	51.1	NA	NA	NA	NA	NA	NA	NA
ENSDART00000111359	fbxo21	73	30.5	27.9	8.4	14.9	42.7	62.4	NA	NA	NA
ENSDART00000077047	btr09	9	27.4	26.8	NA	NA	NA	NA	NA	NA	NA
ENSDART00000122665	mta3	2	45.6	45.6	NA	NA	NA	NA	36.96	23.99	-0.623531599123
ENSDART00000113032	ADCK2	52	35.5	31.0	4.7	19.9	53.6	68.3	NA	NA	NA
ENSDART00000151625	si:ch211-157c3.4	62	57.2	50.3	20.4	27.8	69.2	97.9	NA	NA	NA
ENSDART00000138524	r3hcc1	1	116.4	116.4	NA	NA	NA	NA	NA	NA	NA
ENSDART00000138527	rab20	88	25.0	22.3	6.0	15.5	33.8	46.9	NA	NA	NA
ENSDART00000115132	RIC3	1	45.6	45.6	NA	NA	NA	NA	NA	NA	NA
ENSDART00000101316	ZNF618	43	40.4	37.9	13.9	24.8	53.1	74.6	NA	NA	NA
ENSDART00000138523	btr04	9	52.6	50.2	NA	NA	NA	NA	48.45	38.96	-0.31450298822
ENSDART00000052539	myo1ea	1	9.9	9.9	NA	NA	NA	NA	NA	NA	NA
ENSDART00000050892	adora2b	6	57.1	70.1	NA	NA	NA	NA	NA	NA	NA
ENSDART00000130409	jhdm1da	10	45.7	33.6	15.2	17.8	60.6	89.6	NA	NA	NA
ENSDART00000023639	nkx2.7	1	5.1	5.1	NA	NA	NA	NA	NA	NA	NA
ENSDART00000002244	sf3b5	328	82.0	80.2	47.1	60.5	102.3	123.6	164.16	486.2	1.56644725731
ENSDART00000133703	cdk5rap3	31	45.5	49.0	22.1	32.7	57.6	63.0	27.46	20.06	-0.453010019535
ENSDART00000112846	dnajc6	64	58.7	51.8	18.9	31.4	80.1	107.3	NA	NA	NA
ENSDART00000062706	tmem189	96	59.9	56.9	23.2	38.0	78.5	98.3	NA	NA	NA
ENSDART00000090930	nkain4	30	41.7	46.4	14.0	20.1	56.9	70.9	NA	NA	NA
ENSDART00000122663	sppl3	382	68.4	67.3	22.1	40.4	94.7	116.6	15.12	105.12	2.7975071361
ENSDART00000090936	ankmy1	2	94.4	94.4	NA	NA	NA	NA	NA	NA	NA
ENSDART00000112529	AL929115.2	102	40.3	33.3	11.2	19.1	55.3	81.5	NA	NA	NA
ENSDART00000149218	elk3	2	61.2	61.2	NA	NA	NA	NA	NA	NA	NA
ENSDART00000079734	hadhaa	128	40.9	39.0	7.7	17.8	59.0	77.9	NA	NA	NA
ENSDART00000128110	caprin1a	19	47.1	42.5	14.6	23.5	65.6	83.9	14.49	88.51	2.61078286748
ENSDART00000016515	dnajc5ab	179	42.3	36.6	8.3	22.3	58.4	89.3	NA	NA	NA
ENSDART00000002241	chico	29	49.1	42.2	18.2	33.2	67.1	82.8	NA	NA	NA
ENSDART00000049626	mcm2	255	51.3	39.4	13.0	22.0	61.7	111.3	45.26	62.56	0.46700392804
ENSDART00000128117	mea1	38	70.2	74.8	18.3	28.9	104.2	120.9	NA	NA	NA
ENSDART00000134190	sort1b	7	45.6	48.0	NA	NA	NA	NA	NA	NA	NA
ENSDART00000088777	atp13a2	108	60.2	57.9	27.8	44.6	76.0	89.2	10.61	9.96	-0.0912070088467
ENSDART00000109073	FP236168.1	1	151.8	151.8	NA	NA	NA	NA	NA	NA	NA
ENSDART00000010992	nudc	415	48.1	45.8	18.9	30.0	63.2	79.5	198.81	134.01	-0.569049664773
ENSDART00000010993	slc20a1a	1	77.8	77.8	NA	NA	NA	NA	NA	NA	NA
ENSDART00000088419	march2	79	25.9	20.4	3.3	10.7	31.9	43.8	NA	NA	NA
ENSDART00000025749	ttc9c	134	26.2	23.7	10.8	16.2	34.7	41.6	NA	NA	NA
ENSDART00000006505	mxtx2	199	39.3	21.6	5.3	11.1	49.2	112.8	NA	NA	NA
ENSDART00000006058	eif2s1a	192	60.5	61.7	22.9	41.5	79.5	94.8	152.12	349.24	1.19900896259
ENSDART00000058325	lamtor2	79	32.7	29.3	13.3	18.5	41.9	51.9	45.26	94.86	1.06756328381
ENSDART00000086961	vps45	22	32.7	24.3	4.5	9.1	32.3	66.7	NA	NA	NA
ENSDART00000114209	gdf10b	2	16.7	16.7	NA	NA	NA	NA	NA	NA	NA
ENSDART00000082780	CR848706.1	70	29.0	24.4	9.9	14.8	39.5	57.1	NA	NA	NA
ENSDART00000114203	MAN2B2	77	27.1	24.5	6.6	15.5	35.3	48.1	18.2	1.24	-3.8755264247
ENSDART00000114204	CU633999.1	4	33.8	25.3	NA	NA	NA	NA	NA	NA	NA
ENSDART00000062143	ARF4	247	46.4	44.1	12.0	23.3	65.5	82.8	NA	NA	NA
ENSDART00000056065	cnpy2	59	28.2	26.4	10.7	14.6	38.3	45.5	NA	NA	NA
ENSDART00000062146	ppp2cb	316	37.1	28.5	9.7	18.7	47.7	66.4	115.07	67.22	-0.775549308452
ENSDART00000090689	brat1	34	40.5	39.9	6.1	23.7	59.0	72.3	NA	NA	NA
ENSDART00000090684	kremen1	1	19.7	19.7	NA	NA	NA	NA	NA	NA	NA
ENSDART00000063264	zgc:136911	1	12.3	12.3	NA	NA	NA	NA	NA	NA	NA
ENSDART00000056858	BOLA3	133	41.5	39.6	16.3	24.8	57.6	72.0	NA	NA	NA
ENSDART00000064463	timm10b	386	36.4	34.6	9.8	20.4	49.2	64.7	NA	NA	NA
ENSDART00000136585	slc9a7	72	70.1	64.6	18.5	44.7	98.7	117.7	NA	NA	NA
ENSDART00000064461	st6galnac4	16	45.2	39.1	14.8	25.9	54.7	74.8	NA	NA	NA
ENSDART00000129593	CABZ01070579.1	182	45.8	38.5	15.4	25.8	58.0	80.3	18.09	50.78	1.48906798703
ENSDART00000039055	rnf170	35	42.3	36.0	16.6	23.3	60.3	72.9	25.88	6.97	-1.89260705612
ENSDART00000123797	pcp4b	1	32.2	32.2	NA	NA	NA	NA	NA	NA	NA
ENSDART00000061843	smek1	421	90.7	93.0	40.2	65.6	115.5	138.9	66.15	233.07	1.81695025586
ENSDART00000099262	tcf7l1a	83	48.4	42.4	13.9	26.0	65.4	89.7	9.2	63.77	2.79317211492
ENSDART00000129878	zdhhc8b	52	37.2	31.4	13.9	21.5	48.6	69.9	13.22	10.19	-0.375568125342
ENSDART00000008297	ck2a1	427	43.8	37.4	13.1	21.1	58.3	82.0	94.57	187.88	0.990356996874
ENSDART00000104160	SFT2D2	53	22.2	22.1	6.0	12.7	30.8	37.8	NA	NA	NA
ENSDART00000063817	ndufb11	147	37.4	36.4	11.0	21.6	48.5	61.9	45.61	41.28	-0.143907199435
ENSDART00000067841	zgc:112038	4	23.3	24.1	NA	NA	NA	NA	NA	NA	NA
ENSDART00000067843	C8H12orf43	177	38.3	37.2	11.2	21.0	50.3	68.2	228.32	27.03	-3.07842382294
ENSDART00000044357	cdkl1	3	16.1	6.9	NA	NA	NA	NA	NA	NA	NA
ENSDART00000067517	DEPDC7	33	7.9	8.1	-4.8	3.0	11.3	23.0	NA	NA	NA
ENSDART00000067514	rbpms2a	108	30.0	29.5	7.5	18.9	42.9	49.3	NA	NA	NA
ENSDART00000138678	si:dkey-208k4.2	354	41.7	40.1	19.5	27.7	53.6	69.0	NA	NA	NA
ENSDART00000012284	cyp2aa3	2	45.6	45.6	NA	NA	NA	NA	NA	NA	NA
ENSDART00000050906	lrwd1	135	130.5	134.8	78.0	103.6	154.9	177.8	NA	NA	NA
ENSDART00000140799	zgc:85858	60	23.9	20.7	7.2	12.0	31.7	45.0	NA	NA	NA
ENSDART00000101470	itm2bb	3	88.2	53.8	NA	NA	NA	NA	NA	NA	NA
ENSDART00000031195	coro7	4	53.1	44.6	NA	NA	NA	NA	NA	NA	NA
ENSDART00000031194	lysmd3	304	36.8	32.9	11.2	19.3	47.3	65.7	73.7	57.85	-0.349347659988
ENSDART00000129591	dennd4a	7	46.6	43.7	NA	NA	NA	NA	NA	NA	NA
ENSDART00000136059	znf395a	321	82.0	76.7	22.7	46.5	114.8	147.7	30.97	494.97	3.99839779835
ENSDART00000136057	arf1l	400	63.4	63.3	22.1	39.1	86.6	101.3	43.47	289.44	2.73517231234
ENSDART00000042970	atf4b1	50	105.2	99.4	46.0	78.0	138.5	162.5	NA	NA	NA
ENSDART00000127488	slc4a2b	290	48.8	43.1	9.1	17.8	71.9	100.9	11.96	41.37	1.79036756804
ENSDART00000023038	dacha	10	39.3	35.8	19.6	29.6	48.6	61.5	NA	NA	NA
ENSDART00000144479	gata2b	5	65.4	40.3	NA	NA	NA	NA	NA	NA	NA
ENSDART00000123172	cltcb	128	40.1	32.9	11.9	20.8	55.2	79.4	17.98	39.79	1.14601287818
ENSDART00000123170	celf1	359	49.5	35.1	9.5	19.0	69.5	114.9	20.76	187.26	3.17316441428
ENSDART00000113375	si:ch211-113a14.19	10	25.6	6.5	-8.2	-5.9	19.5	101.9	NA	NA	NA
ENSDART00000144283	myof	105	31.9	25.2	3.1	11.7	49.3	68.8	16.29	29.21	0.842475754304
ENSDART00000113852	PWWP2A	248	62.9	61.5	19.6	39.3	85.0	108.3	17.28	32.78	0.923712636936
ENSDART00000055961	thg1l	42	30.4	25.2	11.5	14.9	40.8	59.9	NA	NA	NA
ENSDART00000027605	tmem161a	160	53.3	51.7	15.1	34.3	71.0	91.8	NA	NA	NA
ENSDART00000127508	thnsl2	1	24.2	24.2	NA	NA	NA	NA	NA	NA	NA
ENSDART00000113854	zgc:92360	1	80.9	80.9	NA	NA	NA	NA	NA	NA	NA
ENSDART00000020928	mrpl3	145	29.0	27.4	7.1	15.7	40.2	51.8	74.05	28.06	-1.39998472656
ENSDART00000088011	tmem2	86	29.8	28.0	7.2	15.3	37.6	53.3	5.4	0.75	-2.84799690655
ENSDART00000105745	inppl1b	21	47.3	52.0	8.7	37.6	69.4	76.8	NA	NA	NA
ENSDART00000084268	fam98b	54	50.9	55.1	16.4	28.6	72.7	80.9	18.76	9.9	-0.922159397548
ENSDART00000112980	mrps11	83	44.4	40.9	16.0	30.2	58.3	69.1	30.85	57.13	0.888978040547
ENSDART00000081568	tcf19l	307	33.1	27.0	8.7	16.1	44.7	60.6	NA	NA	NA
ENSDART00000100516	stap2b	17	26.6	20.8	10.5	13.9	34.6	52.4	NA	NA	NA
ENSDART00000081561	ilf3a	203	98.0	103.4	51.8	73.6	123.3	135.1	16.26	161.38	3.31106263239
ENSDART00000110582	fam160a2	65	43.3	33.0	8.8	17.5	64.5	97.3	NA	NA	NA
ENSDART00000056538	zgc:55733	606	52.4	50.1	15.9	29.9	70.6	93.4	41.59	320.1	2.94421408679
ENSDART00000105835	tusc2b	77	32.3	27.8	8.6	19.9	42.6	59.2	NA	NA	NA
ENSDART00000102556	tor3a	17	111.1	121.7	24.3	83.6	143.9	182.9	NA	NA	NA
ENSDART00000031993	ITPR1	41	47.8	40.9	15.5	23.9	60.1	82.0	NA	NA	NA
ENSDART00000031992	rgs14a	73	32.7	31.7	13.9	23.3	41.9	51.1	NA	NA	NA
ENSDART00000149842	MEPCE	314	46.3	43.8	14.1	24.4	65.3	82.6	97.48	117.2	0.265794413586
ENSDART00000010282	cbr1l	89	47.9	44.4	25.2	33.2	61.2	72.4	40.12	36.15	-0.150325958774
ENSDART00000060547	stx8	114	38.2	32.2	12.0	22.6	54.1	73.1	NA	NA	NA
ENSDART00000127834	zeb2a	7	48.9	43.8	NA	NA	NA	NA	NA	NA	NA
ENSDART00000106205	ids	43	21.5	24.8	4.4	12.0	29.5	38.5	NA	NA	NA
ENSDART00000060549	wdr16	9	56.4	50.2	NA	NA	NA	NA	NA	NA	NA
ENSDART00000146309	znf593	221	39.9	35.7	14.5	23.2	51.6	66.5	83.16	28.09	-1.56583313373
ENSDART00000113581	kitlga	1	39.2	39.2	NA	NA	NA	NA	NA	NA	NA
ENSDART00000113582	git2b	60	39.2	34.2	14.8	21.9	49.2	67.3	NA	NA	NA
ENSDART00000082481	dnajc8	88	57.8	62.0	12.6	31.2	83.3	97.1	104.91	87.89	-0.255381269854
ENSDART00000113589	gpx4b	118	38.1	33.7	11.4	19.0	51.5	68.1	132.69	22.39	-2.56713321477
ENSDART00000037698	uck2b	119	50.6	47.8	13.1	25.5	73.0	93.3	28.33	314.77	3.47389554064
ENSDART00000019450	trpc4apa	309	93.1	97.2	28.9	62.0	126.2	145.3	11.96	306.31	4.67870317224
ENSDART00000075905	hnrnpc	527	29.8	24.2	6.6	13.9	42.1	59.4	138.29	301.17	1.12288123176
ENSDART00000019104	fbp2	72	41.3	39.4	15.2	25.5	50.7	66.4	NA	NA	NA
ENSDART00000075903	crlf3	79	77.0	77.9	26.3	46.4	102.7	124.8	24.62	93.02	1.91771017804
ENSDART00000041833	fitm2	35	41.8	33.6	12.4	20.3	59.0	72.7	NA	NA	NA
ENSDART00000019455	csrp1a	113	51.5	51.3	16.3	32.3	70.8	82.2	NA	NA	NA
ENSDART00000061947	FRMD4B	94	27.3	24.9	7.3	12.6	39.0	49.6	9.48	11.9	0.328002609297
ENSDART00000061762	myo6b	1	132.8	132.8	NA	NA	NA	NA	NA	NA	NA
ENSDART00000014465	hip1	97	47.5	41.3	11.0	19.8	66.6	96.6	13.52	50.33	1.89632344621
ENSDART00000075909	CR853294.1	2	73.5	73.5	NA	NA	NA	NA	NA	NA	NA
ENSDART00000012820	snupn	319	28.8	22.3	7.2	12.3	36.1	57.7	53.96	32.92	-0.712926012527
ENSDART00000012826	pex3	59	44.3	43.8	20.6	31.7	58.6	65.7	NA	NA	NA
ENSDART00000126118	trove2	34	54.6	57.5	10.1	29.6	68.8	97.3	NA	NA	NA
ENSDART00000026559	cd9b	620	43.9	40.7	14.5	22.1	59.7	79.4	99.03	139.25	0.491739783171
ENSDART00000093304	nrm	5	40.1	32.8	NA	NA	NA	NA	NA	NA	NA
ENSDART00000050912	pex12	42	35.9	29.1	12.2	19.3	38.2	54.3	NA	NA	NA
ENSDART00000040305	diaph3	3	35.5	32.1	NA	NA	NA	NA	NA	NA	NA
ENSDART00000040307	tdrd7	174	30.2	25.2	7.6	14.2	41.6	61.1	34.68	51.38	0.567102991679
ENSDART00000112368	znf687a	45	22.2	17.2	9.1	12.9	32.0	35.4	NA	NA	NA
ENSDART00000139589	polh	34	22.0	18.6	9.0	11.8	31.4	40.1	NA	NA	NA
ENSDART00000040308	ptbp3	36	58.3	54.4	17.4	32.9	75.0	117.5	NA	NA	NA
ENSDART00000126859	zgc:174651	2	36.7	36.7	NA	NA	NA	NA	NA	NA	NA
ENSDART00000135710	atad5b	12	26.8	25.8	9.5	13.8	31.2	54.1	NA	NA	NA
ENSDART00000133705	psmc3	190	72.2	75.3	25.7	44.2	97.4	112.4	53.7	308.32	2.52143448342
ENSDART00000103355	rhov	126	27.9	15.0	-1.5	4.9	34.2	79.7	NA	NA	NA
ENSDART00000103350	numb	164	74.2	75.3	32.6	57.0	95.2	116.1	NA	NA	NA
ENSDART00000103352	vps18	91	40.1	37.7	17.3	23.9	51.2	65.5	16.17	8.68	-0.897552731029
ENSDART00000061351	tnfrsf19	4	41.9	43.4	NA	NA	NA	NA	NA	NA	NA
ENSDART00000111986	cdc123	19	41.5	37.5	7.9	17.8	54.2	66.8	NA	NA	NA
ENSDART00000135800	vwa9	146	34.9	30.8	8.6	17.4	48.9	65.3	26.62	52.95	0.992120112968
ENSDART00000075632	creb1a	36	56.3	54.0	7.9	26.8	77.5	101.5	22.02	71.67	1.70255488561
ENSDART00000135294	NEK11	8	31.7	28.4	NA	NA	NA	NA	NA	NA	NA
ENSDART00000112320	fzd4	147	59.5	36.0	5.9	16.7	98.1	149.5	NA	NA	NA
ENSDART00000112321	SAMD5	3	21.0	25.0	NA	NA	NA	NA	NA	NA	NA
ENSDART00000112327	akap17a	171	58.5	53.7	22.1	35.0	80.0	99.0	42.72	42.59	-0.00439691713722
ENSDART00000026516	pxmp2	65	54.8	52.6	28.3	38.6	74.2	86.1	NA	NA	NA
ENSDART00000077853	hic1	32	59.7	54.5	17.7	31.3	73.4	95.3	NA	NA	NA
ENSDART00000132340	plcd1a	3	110.6	114.4	NA	NA	NA	NA	NA	NA	NA
ENSDART00000132341	coq4	27	26.3	23.5	9.2	17.0	34.6	44.0	NA	NA	NA
ENSDART00000004379	nol10	82	46.3	46.2	17.5	29.1	64.3	74.5	19.52	28.35	0.538395682267
ENSDART00000077854	mdm2	178	49.1	29.9	7.9	15.9	63.4	136.4	33.73	19.45	-0.794262163145
ENSDART00000026258	adipor1a	190	28.0	23.7	7.4	14.2	39.6	52.9	NA	NA	NA
ENSDART00000153140	armc2	2	7.9	7.9	NA	NA	NA	NA	NA	NA	NA
ENSDART00000057067	tyr	14	45.0	43.2	11.1	29.2	55.7	72.1	NA	NA	NA
ENSDART00000130278	AL929204.1	3	51.7	51.4	NA	NA	NA	NA	NA	NA	NA
ENSDART00000130279	PHLDB3	31	26.4	18.7	5.1	11.6	29.2	43.2	NA	NA	NA
ENSDART00000130274	RAB27B	1	74.0	74.0	NA	NA	NA	NA	NA	NA	NA
ENSDART00000130271	sox7	1	23.2	23.2	NA	NA	NA	NA	NA	NA	NA
ENSDART00000130273	CABZ01080457.1	11	20.8	22.4	6.8	9.2	29.1	35.2	NA	NA	NA
ENSDART00000024208	nutf2l	806	22.6	18.5	6.4	11.4	31.7	43.9	191.4	76.79	-1.31760047691
ENSDART00000056286	h1f0	1	84.9	84.9	NA	NA	NA	NA	NA	NA	NA
ENSDART00000147951	efna5a	13	30.6	26.8	9.5	18.2	46.5	51.2	NA	NA	NA
ENSDART00000092105	agpat5	214	62.3	58.1	17.6	36.3	84.6	111.1	NA	NA	NA
ENSDART00000141828	ano5b	97	32.7	26.6	9.3	15.0	40.3	61.3	NA	NA	NA
ENSDART00000066587	KLHL14	1	12.6	12.6	NA	NA	NA	NA	NA	NA	NA
ENSDART00000132696	nckap1	91	80.4	80.5	16.9	37.1	117.4	138.0	11.44	117.43	3.35964206555
ENSDART00000065918	si:rp71-1h20.5	2	80.5	80.5	NA	NA	NA	NA	NA	NA	NA
ENSDART00000087964	CACHD1	65	46.6	43.6	11.5	27.7	62.6	89.6	13.91	46.58	1.74358821967
ENSDART00000055379	dvr1	1022	48.9	46.4	20.1	31.2	63.1	82.5	290.43	548.66	0.917721915731
ENSDART00000101266	zgc:165409	31	28.3	30.3	4.9	8.8	46.2	53.3	NA	NA	NA
ENSDART00000101265	pik3c3	42	23.0	21.8	6.6	11.1	32.6	41.2	NA	NA	NA
ENSDART00000101263	ube2g1b	104	69.2	72.2	4.9	29.1	114.2	132.1	NA	NA	NA
ENSDART00000073399	C25H19orf40	13	23.6	22.4	9.5	15.6	29.8	37.3	NA	NA	NA
ENSDART00000073398	slc7a10b	1	69.1	69.1	NA	NA	NA	NA	NA	NA	NA
ENSDART00000122965	CABZ01069576.1	11	65.4	62.0	39.4	53.0	77.9	80.8	NA	NA	NA
ENSDART00000039832	tgfbr2	55	34.1	31.6	9.1	19.7	46.9	59.5	NA	NA	NA
ENSDART00000125241	dbnlb	211	53.5	50.2	18.9	30.8	70.4	93.5	10.49	43.72	2.05927872309
ENSDART00000099463	lysmd4	5	7.0	8.1	NA	NA	NA	NA	NA	NA	NA
ENSDART00000099462	gpr85	1	37.1	37.1	NA	NA	NA	NA	NA	NA	NA
ENSDART00000109247	anapc1	53	38.6	35.9	14.4	20.8	59.7	69.3	8.24	9.75	0.242757881454
ENSDART00000099467	ifrd1	18	39.3	23.5	10.1	16.3	42.1	75.4	NA	NA	NA
ENSDART00000065256	ppig	218	80.4	80.8	40.4	56.6	102.7	121.8	117.67	121.61	0.0475153148433
ENSDART00000109243	SEMA4B	75	83.0	59.1	12.7	29.2	136.7	174.9	12.02	9.37	-0.359315943052
ENSDART00000088963	golgb1	21	72.2	69.9	20.2	41.2	96.6	126.8	15.35	10.89	-0.495234701541
ENSDART00000109249	cenpo	7	50.7	54.2	NA	NA	NA	NA	NA	NA	NA
ENSDART00000109248	spen	38	18.2	16.2	4.0	7.9	24.8	33.7	4.92	3.92	-0.327804661224
ENSDART00000091652	hyal2	33	51.6	29.7	12.3	18.6	80.3	121.1	NA	NA	NA
ENSDART00000078610	zgc:73228	23	28.1	29.8	3.5	12.9	38.3	49.5	NA	NA	NA
ENSDART00000113697	eif4ea	30	47.8	33.6	10.5	23.1	46.7	72.6	NA	NA	NA
ENSDART00000008842	dlgap1a	2	43.1	43.1	NA	NA	NA	NA	NA	NA	NA
ENSDART00000008840	otof	15	49.1	30.7	11.0	17.5	80.0	88.8	NA	NA	NA
ENSDART00000079631	rad21l1	42	27.9	22.9	8.0	12.5	33.1	58.3	NA	NA	NA
ENSDART00000138065	TMPPE	3	31.2	25.2	NA	NA	NA	NA	NA	NA	NA
ENSDART00000051546	rps6ka3a	111	42.0	34.4	9.7	17.1	53.6	88.2	25.49	255.18	3.32351198232
ENSDART00000076101	slc15a4	2	100.0	100.0	NA	NA	NA	NA	NA	NA	NA
ENSDART00000065255	BX890577.2	9	23.6	20.2	NA	NA	NA	NA	NA	NA	NA
ENSDART00000097486	tmem141	13	50.0	47.7	25.6	29.8	66.4	76.9	NA	NA	NA
ENSDART00000142223	hivep3b	31	23.1	19.6	6.8	12.5	29.3	39.3	NA	NA	NA
ENSDART00000142226	pmp22a	3	19.4	13.0	NA	NA	NA	NA	NA	NA	NA
ENSDART00000041304	apg3l	117	28.1	28.5	7.4	16.3	37.5	48.2	NA	NA	NA
ENSDART00000056885	DPYSL2	1	37.7	37.7	NA	NA	NA	NA	NA	NA	NA
ENSDART00000037846	FOCAD	29	60.2	63.6	19.0	50.5	72.0	86.0	4.46	9.05	1.02087408205
ENSDART00000056882	cul3a	130	67.2	67.1	31.1	44.3	86.9	103.2	40.59	84.17	1.0521817773
ENSDART00000053617	TATDN1	37	21.0	17.5	1.2	10.2	28.3	48.8	NA	NA	NA
ENSDART00000077670	acss3	16	60.6	70.4	7.5	26.4	87.6	105.8	NA	NA	NA
ENSDART00000131582	cbx3b	125	37.1	32.3	11.3	18.8	50.0	71.4	NA	NA	NA
ENSDART00000131053	BFAR	3	56.5	70.0	NA	NA	NA	NA	NA	NA	NA
ENSDART00000099794	mettl5	236	43.4	43.9	16.2	29.2	54.5	67.2	109.3	56.35	-0.9558058855
ENSDART00000026106	txlnbb	62	40.2	36.5	13.0	21.5	51.2	65.1	NA	NA	NA
ENSDART00000099792	sostdc1a	5	45.7	33.1	NA	NA	NA	NA	NA	NA	NA
ENSDART00000006990	elovl5	1	55.4	55.4	NA	NA	NA	NA	NA	NA	NA
ENSDART00000054026	rcc1	520	118.1	126.5	59.2	94.9	145.5	161.1	134.11	1642.46	3.61436951413
ENSDART00000048050	ITGB1BP2	4	74.5	70.1	NA	NA	NA	NA	NA	NA	NA
ENSDART00000130083	lsm8	121	36.4	30.8	10.1	19.7	50.2	65.4	55.73	69.03	0.308769330867
ENSDART00000006648	mnat1	55	31.7	29.5	9.5	17.7	43.0	52.2	NA	NA	NA
ENSDART00000129189	slc25a38b	127	31.9	27.0	8.4	14.4	42.1	61.3	NA	NA	NA
ENSDART00000129634	npm1a	1210	73.5	71.6	29.1	50.4	92.8	117.2	154.69	635.35	2.03817162289
ENSDART00000084861	cish	121	29.0	24.5	7.3	11.9	41.3	62.7	NA	NA	NA
ENSDART00000062338	si:dkey-11e23.4	12	51.0	55.0	7.9	12.3	81.4	99.7	NA	NA	NA
ENSDART00000084863	prr16	1	40.6	40.6	NA	NA	NA	NA	NA	NA	NA
ENSDART00000073947	pbx1a	3	25.7	25.2	NA	NA	NA	NA	NA	NA	NA
ENSDART00000126186	psmd12	237	44.4	36.5	15.4	23.9	54.5	79.3	51.24	64.83	0.339391097239
ENSDART00000011906	SLC35A3	45	43.3	41.1	21.3	29.0	59.9	70.3	NA	NA	NA
ENSDART00000084868	scn4bb	4	41.5	29.0	NA	NA	NA	NA	NA	NA	NA
ENSDART00000062335	glod4	34	31.9	32.2	5.5	13.5	45.7	60.4	NA	NA	NA
ENSDART00000050871	rgs3b	22	38.3	40.1	9.9	14.0	49.7	72.7	NA	NA	NA
ENSDART00000110213	trappc9	19	30.8	28.9	12.7	15.8	44.8	51.3	NA	NA	NA
ENSDART00000058290	dhdds	74	44.3	42.2	18.2	25.9	55.8	70.1	45.19	23.15	-0.964991363523
ENSDART00000056089	si:zfos-1505d6.3	153	82.3	84.4	41.2	65.8	101.1	120.4	10.61	0.25	-5.40735275114
ENSDART00000037824	lsm4	701	35.7	28.3	9.8	17.3	47.9	71.5	145.72	74.2	-0.973707808235
ENSDART00000110219	NUFIP1	242	39.7	38.8	12.6	23.3	52.3	67.5	67.72	90.69	0.421361506453
ENSDART00000033362	GATAD2B	89	26.8	18.6	4.2	9.0	31.9	57.7	NA	NA	NA
ENSDART00000087632	CR853282.3	2	45.1	45.1	NA	NA	NA	NA	NA	NA	NA
ENSDART00000028806	lonp2	68	36.4	30.1	8.5	15.5	43.5	77.3	NA	NA	NA
ENSDART00000056081	sulf1	88	41.8	37.8	8.5	15.6	58.4	79.5	15.33	23.6	0.62242916259
ENSDART00000046076	CU929230.1	0	NA	NA	NA	NA	NA	NA	12.11	142.7	3.55871456467
ENSDART00000063849	cltca	219	38.1	28.2	9.5	16.8	52.3	79.2	28.92	56.15	0.957218470337
ENSDART00000128859	prlra	1	82.7	82.7	NA	NA	NA	NA	NA	NA	NA
ENSDART00000128588	taf7	7	90.5	90.3	NA	NA	NA	NA	36.4	105.56	1.53605290024
ENSDART00000131630	znf644a	78	49.7	48.4	24.7	34.6	65.5	77.7	11.29	31.96	1.50122192215
ENSDART00000128582	baz1b	0	NA	NA	NA	NA	NA	NA	42.74	67.72	0.663995065236
ENSDART00000025198	mettl21a	89	34.2	32.0	13.3	22.6	44.2	51.8	NA	NA	NA
ENSDART00000039206	rps23	640	35.2	30.9	14.5	21.6	43.8	56.5	508.42	25.0	-4.34602078356
ENSDART00000129459	spata5l1	26	34.6	34.3	11.5	17.5	42.7	60.0	19.63	5.19	-1.91925372911
ENSDART00000129889	ift140	37	19.5	17.8	5.6	10.4	26.6	30.8	NA	NA	NA
ENSDART00000129455	CU633849.1	73	60.0	62.1	21.5	39.8	77.3	93.8	NA	NA	NA
ENSDART00000145025	zgc:113314	34	29.0	19.0	2.8	8.8	33.9	69.5	NA	NA	NA
ENSDART00000129453	nrg1	27	39.1	37.5	5.0	17.8	62.0	75.1	NA	NA	NA
ENSDART00000129982	mpi	19	45.3	41.7	14.0	23.7	64.7	81.0	NA	NA	NA
ENSDART00000129888	azi1	5	63.5	60.8	NA	NA	NA	NA	NA	NA	NA
ENSDART00000020116	trim33	315	45.7	42.4	13.2	25.1	62.1	83.9	30.41	39.74	0.386046056219
ENSDART00000114501	polr1a	93	40.3	40.6	14.7	21.2	53.0	67.8	31.19	18.73	-0.735732653131
ENSDART00000114050	stk10	130	22.5	17.1	7.4	11.2	26.2	49.6	22.08	16.21	-0.445856081261
ENSDART00000147430	tarsl2	11	102.5	105.2	41.0	76.9	137.7	152.4	NA	NA	NA
ENSDART00000059135	bcl7bb	89	73.5	74.8	28.4	50.7	98.1	117.8	NA	NA	NA
ENSDART00000112933	ptx3b	2	66.9	66.9	NA	NA	NA	NA	NA	NA	NA
ENSDART00000121433	ypel5	19	52.7	49.1	14.8	17.7	81.7	98.3	NA	NA	NA
ENSDART00000038230	snrnp40	596	72.4	73.2	35.8	54.1	90.0	107.4	40.54	314.58	2.95600895777
ENSDART00000105176	ndufb8	104	51.4	40.2	16.7	26.7	58.8	96.7	46.15	11.32	-2.0274566897
ENSDART00000105175	LRFN5	5	47.4	43.4	NA	NA	NA	NA	NA	NA	NA
ENSDART00000105174	stm	98	172.7	184.9	71.6	121.2	221.3	260.6	NA	NA	NA
ENSDART00000059255	zgc:113176	15	32.1	34.3	9.2	14.4	42.5	62.5	NA	NA	NA
ENSDART00000149024	btbd7	101	34.5	32.1	-1.2	10.8	52.1	77.7	NA	NA	NA
ENSDART00000105179	P4HTM	3	21.7	21.3	NA	NA	NA	NA	NA	NA	NA
ENSDART00000149021	GPR156	3	34.1	28.1	NA	NA	NA	NA	NA	NA	NA
ENSDART00000081919	CSPP1	53	30.6	24.8	9.5	15.6	38.8	59.3	NA	NA	NA
ENSDART00000090217	frem1b	1	24.5	24.5	NA	NA	NA	NA	NA	NA	NA
ENSDART00000090743	abca2	2	50.1	50.1	NA	NA	NA	NA	NA	NA	NA
ENSDART00000042594	hn1b	491	48.0	45.2	15.5	26.4	65.2	84.1	392.91	279.79	-0.489854486541
ENSDART00000090213	CU468924.1	1	55.2	55.2	NA	NA	NA	NA	NA	NA	NA
ENSDART00000022179	prkag1	24	46.4	46.9	23.1	31.8	59.5	68.7	NA	NA	NA
ENSDART00000144265	ppp1r10	170	64.1	49.3	11.3	21.7	102.8	136.4	23.39	88.27	1.91603133603
ENSDART00000084724	FDFT1	208	32.7	26.8	7.8	15.2	45.3	59.0	NA	NA	NA
ENSDART00000065470	CABZ01070045.1	8	26.6	23.5	NA	NA	NA	NA	NA	NA	NA
ENSDART00000022170	LTN1	63	50.4	43.1	13.8	30.6	70.1	84.9	9.95	38.29	1.94419922942
ENSDART00000100791	si:dkey-12e7.1	84	31.9	26.4	8.4	17.2	41.7	58.7	NA	NA	NA
ENSDART00000139002	dus2l	187	42.2	37.8	17.2	23.8	57.6	73.6	61.16	28.6	-1.0965732597
ENSDART00000115030	dip2a	3	51.5	36.9	NA	NA	NA	NA	NA	NA	NA
ENSDART00000063318	blf	665	92.0	90.3	37.8	61.2	119.1	144.0	NA	NA	NA
ENSDART00000045474	ANO7	1	25.0	25.0	NA	NA	NA	NA	NA	NA	NA
ENSDART00000067678	zgc:110339	145	43.3	39.8	16.9	27.8	56.0	70.7	48.24	42.05	-0.198124106758
ENSDART00000045479	syt4	1	28.8	28.8	NA	NA	NA	NA	NA	NA	NA
ENSDART00000145247	fam222ba	68	28.4	22.8	6.9	14.8	35.7	59.1	NA	NA	NA
ENSDART00000145241	slu7	262	50.5	47.7	19.8	32.4	66.0	84.3	59.17	206.8	1.80529838545
ENSDART00000079558	letm1	10	55.6	72.1	10.9	22.8	83.1	90.3	9.77	13.85	0.503455508968
ENSDART00000052082	rpl30	543	49.5	40.3	23.1	31.8	57.3	82.8	446.45	42.56	-3.39092855435
ENSDART00000114598	zgc:112234	31	41.1	3.8	-11.5	-10.1	97.9	126.2	NA	NA	NA
ENSDART00000075495	rpl23	826	43.9	44.2	20.7	31.1	55.7	66.0	1031.42	41.3	-4.64234633398
ENSDART00000043144	ccnf	22	42.0	21.1	5.1	9.5	58.0	123.0	NA	NA	NA
ENSDART00000133183	PARP8	7	24.4	23.8	NA	NA	NA	NA	NA	NA	NA
ENSDART00000031524	utp23	38	61.3	44.0	10.1	25.1	72.8	137.2	28.8	14.89	-0.951725057748
ENSDART00000064326	zgc:113209	6	45.3	25.2	NA	NA	NA	NA	NA	NA	NA
ENSDART00000123366	dtnba	109	82.9	83.4	23.5	48.0	109.2	135.4	NA	NA	NA
ENSDART00000123365	FGL1	1	15.0	15.0	NA	NA	NA	NA	NA	NA	NA
ENSDART00000133988	zgc:101731	1	13.3	13.3	NA	NA	NA	NA	NA	NA	NA
ENSDART00000133985	kcnd1	3	43.0	18.7	NA	NA	NA	NA	NA	NA	NA
ENSDART00000133984	P2RY2	53	11.9	8.1	0.1	3.9	14.7	27.9	NA	NA	NA
ENSDART00000133982	ssbp4	33	62.7	63.6	10.0	31.9	105.1	117.5	22.17	37.81	0.77015907912
ENSDART00000133981	bco2a	1	15.6	15.6	NA	NA	NA	NA	NA	NA	NA
ENSDART00000111161	ddb1	200	47.7	44.7	18.3	31.7	61.2	79.8	99.48	91.65	-0.11827162679
ENSDART00000047308	l3mbtl3	11	31.6	40.5	4.5	17.1	42.4	49.6	NA	NA	NA
ENSDART00000063175	MCOLN3	0	NA	NA	NA	NA	NA	NA	16.51	59.08	1.83932970585
ENSDART00000052256	sumo3b	656	125.6	135.2	54.9	102.3	160.1	174.5	470.0	2440.99	2.37673372294
ENSDART00000130867	SOWAHD	3	45.5	47.3	NA	NA	NA	NA	NA	NA	NA
ENSDART00000055618	iba57	85	29.7	24.9	13.6	18.6	39.0	53.3	NA	NA	NA
ENSDART00000135632	mrps23	118	43.1	33.6	14.3	22.4	62.4	79.0	61.53	67.34	0.130173728627
ENSDART00000135631	myl6	180	38.5	33.9	16.3	24.6	49.0	66.9	25.68	47.8	0.896365415746
ENSDART00000148777	rab11fip4b	36	29.3	25.6	13.3	18.2	35.1	47.9	NA	NA	NA
ENSDART00000128937	ipo8	45	23.5	21.8	7.6	12.8	33.1	38.5	NA	NA	NA
ENSDART00000089654	pcm1	336	32.5	24.3	5.9	12.2	47.1	71.8	31.69	53.06	0.743597015846
ENSDART00000055611	ISCA2	20	20.3	17.3	6.5	12.3	31.5	36.8	NA	NA	NA
ENSDART00000002992	dcaf11	78	37.8	30.3	9.0	19.6	51.4	76.1	NA	NA	NA
ENSDART00000122366	CU928220.2	124	42.8	39.0	13.8	24.1	55.5	78.9	NA	NA	NA
ENSDART00000124807	fam169ab	62	96.3	93.4	31.0	63.4	124.9	154.5	20.14	116.21	2.52859863114
ENSDART00000092104	pxk	110	41.5	32.4	7.6	15.3	47.6	63.3	NA	NA	NA
ENSDART00000124808	CU984584.1	1	104.3	104.3	NA	NA	NA	NA	NA	NA	NA
ENSDART00000124809	acsbg2	56	42.0	30.5	11.8	16.6	65.0	86.0	5.98	20.05	1.74538484714
ENSDART00000122369	ef1	38	60.7	56.2	21.4	31.7	86.3	103.1	NA	NA	NA
ENSDART00000051505	BX323557.1	1	78.1	78.1	NA	NA	NA	NA	NA	NA	NA
ENSDART00000051055	ndufs4	24	28.6	24.5	9.9	17.5	35.7	52.0	NA	NA	NA
ENSDART00000080201	mdm4	251	29.9	25.6	9.6	16.0	37.9	56.7	NA	NA	NA
ENSDART00000078525	uxs1	54	30.0	23.8	8.1	15.8	40.1	53.6	NA	NA	NA
ENSDART00000103636	si:dkeyp-120h9.1	74	53.9	41.4	11.3	22.3	78.2	111.4	17.12	22.01	0.36247644349
ENSDART00000103985	PTGR2	6	39.7	38.3	NA	NA	NA	NA	NA	NA	NA
ENSDART00000097973	zgc:162592	284	25.8	19.5	6.8	12.4	32.1	56.5	NA	NA	NA
ENSDART00000103989	idh3g	231	41.6	34.5	10.5	22.0	56.2	78.6	29.66	114.09	1.9435818419
ENSDART00000085619	smarcc1b	188	25.6	22.0	5.9	13.5	36.5	48.0	22.06	25.85	0.228731489611
ENSDART00000103638	idh3a	126	34.3	34.8	6.8	18.9	46.5	59.7	62.22	46.45	-0.421699798264
ENSDART00000108534	TMEM74B	1	36.0	36.0	NA	NA	NA	NA	NA	NA	NA
ENSDART00000000042	mcm6l	139	45.7	44.3	19.5	29.2	60.9	76.4	148.96	112.69	-0.402565480161
ENSDART00000111570	slc26a10	2	16.8	16.8	NA	NA	NA	NA	NA	NA	NA
ENSDART00000128681	DYRK3	64	54.5	44.1	15.9	28.8	67.6	122.7	36.2	112.24	1.63252531165
ENSDART00000030921	mapk14b	227	64.8	60.7	16.9	37.9	92.1	114.3	NA	NA	NA
ENSDART00000140217	prpf4bb	68	88.5	93.7	28.9	54.4	129.3	138.0	25.47	147.38	2.53266989405
ENSDART00000021950	mthfd1b	8	57.0	60.6	NA	NA	NA	NA	35.86	139.11	1.95577873923
ENSDART00000110998	PKP4	76	34.5	29.6	7.5	14.9	52.9	69.5	13.7	9.46	-0.534263804508
ENSDART00000122184	vps53	158	52.5	50.2	18.8	31.4	69.6	88.2	NA	NA	NA
ENSDART00000066722	pabpn1	70	85.8	95.5	28.4	52.0	116.6	135.1	143.13	177.96	0.31422691147
ENSDART00000045815	evlb	5	69.2	76.6	NA	NA	NA	NA	NA	NA	NA
ENSDART00000060150	mid1ip1a	211	102.3	108.3	34.7	76.9	131.6	148.7	NA	NA	NA
ENSDART00000039554	gpc3	21	39.3	38.4	16.7	21.6	55.5	72.9	NA	NA	NA
ENSDART00000127299	ptprb	28	51.3	46.1	13.8	29.5	62.4	81.4	NA	NA	NA
ENSDART00000018461	vmp1	145	88.4	89.4	40.0	68.7	110.9	127.7	19.02	163.11	3.10025608266
ENSDART00000086943	dhx34	37	50.2	46.9	28.9	38.6	63.2	70.8	4.73	3.71	-0.350420996719
ENSDART00000054620	kctd12b	44	31.1	29.0	11.3	16.0	44.7	55.7	NA	NA	NA
ENSDART00000066721	ngdn	37	23.9	22.6	5.1	9.4	33.5	48.1	81.67	22.99	-1.82879976165
ENSDART00000054626	hdac3	68	42.7	32.7	14.6	24.2	54.4	72.3	21.57	71.98	1.73856992576
ENSDART00000078373	rfc3	103	52.2	50.9	20.0	28.4	63.4	78.8	62.31	50.39	-0.306326260596
ENSDART00000138840	fam86a	8	17.8	13.1	NA	NA	NA	NA	NA	NA	NA
ENSDART00000121984	ssbp3b	77	99.8	106.1	28.3	63.0	132.5	146.2	27.04	305.49	3.49795809848
ENSDART00000008326	pon2	16	26.2	26.1	7.2	18.5	34.0	44.5	NA	NA	NA
ENSDART00000121983	hsd3b7	204	19.0	17.8	5.1	10.3	25.0	34.8	NA	NA	NA
ENSDART00000124752	CR352328.2	1	10.4	10.4	NA	NA	NA	NA	NA	NA	NA
ENSDART00000124753	CU633764.1	26	51.1	32.6	11.9	16.0	75.5	115.1	NA	NA	NA
ENSDART00000124751	kcnip3b	16	27.9	27.0	8.7	14.1	36.1	51.4	NA	NA	NA
ENSDART00000041157	BX530409.1	25	37.7	33.0	2.7	12.7	58.3	75.9	NA	NA	NA
ENSDART00000037065	sccpdhb	55	48.6	44.8	11.8	29.3	60.1	76.1	NA	NA	NA
ENSDART00000061203	rhot2	44	67.6	72.7	19.4	37.9	97.6	114.0	NA	NA	NA
ENSDART00000086867	tapt1b	56	31.3	29.4	10.2	17.6	42.6	55.4	NA	NA	NA
ENSDART00000004295	C6H1orf74	6	48.6	39.2	NA	NA	NA	NA	NA	NA	NA
ENSDART00000037069	usp49	11	41.1	35.8	14.9	17.1	60.3	79.0	NA	NA	NA
ENSDART00000127124	rab12	62	47.9	46.2	18.0	28.2	63.4	82.3	NA	NA	NA
ENSDART00000127126	rab6ba	56	73.1	67.6	25.0	41.0	104.5	127.0	NA	NA	NA
ENSDART00000127127	CR354432.1	10	44.6	42.7	7.6	19.0	66.2	76.4	NA	NA	NA
ENSDART00000148805	nod2	1	18.5	18.5	NA	NA	NA	NA	NA	NA	NA
ENSDART00000083513	zgc:158642	0	NA	NA	NA	NA	NA	NA	7.54	9.9	0.392864001698
ENSDART00000083514	kcnq1	21	46.9	39.5	10.7	22.0	66.0	93.9	NA	NA	NA
ENSDART00000083515	pdzd2	6	41.4	22.8	NA	NA	NA	NA	NA	NA	NA
ENSDART00000023123	nup88	117	49.1	45.1	13.7	27.5	65.7	95.5	18.07	72.61	2.00657174666
ENSDART00000126536	tmem167b	41	46.5	40.8	17.4	27.4	63.0	80.5	NA	NA	NA
ENSDART00000126533	clcn7	147	42.8	33.0	9.2	18.7	62.4	90.3	NA	NA	NA
ENSDART00000027034	qki2	20	47.4	47.6	20.2	29.0	62.6	71.0	NA	NA	NA
ENSDART00000124629	nkap	241	72.6	66.7	33.9	47.6	90.7	113.4	269.15	119.98	-1.16561648874
ENSDART00000066288	spata20	15	45.0	44.2	20.1	30.3	61.2	77.7	NA	NA	NA
ENSDART00000136859	ece1	59	37.5	24.7	7.3	13.1	58.0	77.9	NA	NA	NA
ENSDART00000146116	panx3	17	47.5	38.9	18.2	26.1	61.4	96.7	NA	NA	NA
ENSDART00000123970	mntb	44	34.6	35.2	13.5	23.9	44.2	54.2	NA	NA	NA
ENSDART00000050018	cnksr1	15	58.1	39.6	16.0	21.1	88.8	101.6	NA	NA	NA
ENSDART00000133772	cnn1b	7	55.2	46.6	NA	NA	NA	NA	NA	NA	NA
ENSDART00000134855	efr3bb	41	63.5	61.2	25.8	34.6	88.0	107.4	9.42	36.83	1.96708243229
ENSDART00000059053	rpp38	155	35.6	27.0	9.6	15.4	41.1	82.0	41.11	65.9	0.680789093331
ENSDART00000059508	acpl2	9	39.8	19.8	NA	NA	NA	NA	NA	NA	NA
ENSDART00000086659	CYHR1	42	39.5	45.0	5.4	20.5	56.5	67.6	NA	NA	NA
ENSDART00000046891	cetp	1	110.6	110.6	NA	NA	NA	NA	NA	NA	NA
ENSDART00000038200	cyp1a	2	35.7	35.7	NA	NA	NA	NA	NA	NA	NA
ENSDART00000102763	fam98a	220	35.3	30.6	14.0	20.6	43.6	60.0	NA	NA	NA
ENSDART00000058001	dact1	57	52.3	26.1	5.5	13.4	103.1	134.0	NA	NA	NA
ENSDART00000102767	fbxo9	108	48.5	45.0	20.5	32.5	62.4	76.4	NA	NA	NA
ENSDART00000143090	lin52	22	33.8	23.9	3.7	16.3	38.0	59.7	NA	NA	NA
ENSDART00000058908	mpdu1b	19	89.6	109.1	13.1	47.7	122.0	136.2	NA	NA	NA
ENSDART00000019289	zgc:136439	3	40.2	47.5	NA	NA	NA	NA	NA	NA	NA
ENSDART00000105919	si:ch211-222k6.2	83	26.6	22.8	7.7	13.9	34.6	53.0	NA	NA	NA
ENSDART00000036331	atp6v1g1	189	24.6	23.4	8.2	14.7	32.8	44.5	NA	NA	NA
ENSDART00000113635	si:ch211-67f13.7	4	26.5	32.4	NA	NA	NA	NA	NA	NA	NA
ENSDART00000114911	sdccag8	67	34.3	30.4	13.8	17.4	43.6	59.8	NA	NA	NA
ENSDART00000052434	eif3hb	22	48.1	42.6	24.4	29.7	62.6	85.3	NA	NA	NA
ENSDART00000022369	adrbk2	107	74.6	76.6	24.4	53.1	100.9	117.5	22.69	62.78	1.46824841991
ENSDART00000106186	PREX2	1	-9.3	-9.3	NA	NA	NA	NA	NA	NA	NA
ENSDART00000110671	zgc:194930	1	9.7	9.7	NA	NA	NA	NA	NA	NA	NA
ENSDART00000110026	dhrsx	2	47.3	47.3	NA	NA	NA	NA	NA	NA	NA
ENSDART00000151136	brdt	94	28.8	20.8	5.5	13.1	38.4	59.0	71.46	16.01	-2.15816260607
ENSDART00000132571	manea	14	27.7	26.6	7.2	16.2	42.1	47.1	NA	NA	NA
ENSDART00000137090	id2a	101	27.9	24.9	5.2	12.2	34.6	64.7	NA	NA	NA
ENSDART00000004122	ptprea	7	38.4	39.3	NA	NA	NA	NA	NA	NA	NA
ENSDART00000137092	si:dkey-96n2.1	1	2.4	2.4	NA	NA	NA	NA	NA	NA	NA
ENSDART00000073726	cav2	1	47.1	47.1	NA	NA	NA	NA	NA	NA	NA
ENSDART00000004129	C18H19orf47	26	46.7	50.9	1.1	32.8	61.7	78.9	17.85	67.26	1.91382470461
ENSDART00000021880	ssr3	29	51.0	51.0	28.1	39.4	64.5	70.9	NA	NA	NA
ENSDART00000143895	iqcc	2	25.5	25.5	NA	NA	NA	NA	NA	NA	NA
ENSDART00000143892	si:ch211-246e12.3	20	69.9	66.1	31.8	44.6	93.8	99.5	NA	NA	NA
ENSDART00000143891	ogt.2	361	72.1	69.5	24.4	43.8	97.4	118.1	10.57	67.68	2.67875419174
ENSDART00000138021	rbp7a	13	58.2	34.8	10.6	15.0	85.5	130.6	NA	NA	NA
ENSDART00000009528	mocs3	20	35.2	34.8	17.4	18.8	51.2	54.2	NA	NA	NA
ENSDART00000130519	smpd4	124	58.9	50.9	17.1	36.7	83.2	99.8	32.29	295.62	3.19458453142
ENSDART00000145499	C13H10orf11	4	39.9	32.0	NA	NA	NA	NA	NA	NA	NA
ENSDART00000058672	vgll4b	21	63.9	57.6	13.8	34.7	97.3	109.5	NA	NA	NA
ENSDART00000087187	CU929240.1	210	66.7	62.8	12.5	29.0	99.3	128.0	13.05	142.42	3.44803004588
ENSDART00000058678	ccdc127a	2	41.0	41.0	NA	NA	NA	NA	NA	NA	NA
ENSDART00000135032	si:dkey-57a22.11	195	31.0	27.5	6.8	13.6	45.5	62.5	28.2	12.35	-1.19118412081
ENSDART00000091628	ccdc151	1	21.4	21.4	NA	NA	NA	NA	NA	NA	NA
ENSDART00000079155	hdac9b	26	26.9	26.3	9.1	16.5	39.2	50.2	NA	NA	NA
ENSDART00000079154	rpia	136	37.3	32.3	6.6	16.8	55.1	77.3	35.43	109.29	1.62511803035
ENSDART00000005653	strumpellin	102	33.9	26.6	13.7	18.9	46.4	57.0	23.73	7.76	-1.61258354301
ENSDART00000079402	usp30	51	39.7	31.6	8.7	16.6	50.1	75.6	NA	NA	NA
ENSDART00000052730	rps13	324	48.5	46.1	25.2	31.9	57.6	76.8	538.0	40.98	-3.71461428332
ENSDART00000052731	nucb2a	1	169.2	169.2	NA	NA	NA	NA	NA	NA	NA
ENSDART00000089442	klhl5	3	31.7	29.6	NA	NA	NA	NA	NA	NA	NA
ENSDART00000112295	cntnap5a	3	10.9	23.4	NA	NA	NA	NA	NA	NA	NA
ENSDART00000079158	tmem170a	33	55.1	49.3	18.1	31.0	75.8	93.1	NA	NA	NA
ENSDART00000079409	nudt22	79	29.5	27.9	7.9	14.9	42.0	52.5	NA	NA	NA
ENSDART00000076715	ublcp1	56	61.9	59.8	14.8	38.0	87.3	107.3	23.77	143.34	2.59222745124
ENSDART00000053285	ndufa7	31	31.0	27.4	12.9	16.6	37.1	46.4	NA	NA	NA
ENSDART00000053284	bcl9	128	54.3	49.8	17.6	34.0	75.1	95.7	21.79	91.26	2.06631645733
ENSDART00000152346	polr3e	367	51.8	49.3	17.0	28.8	72.0	90.1	43.73	110.94	1.34308437704
ENSDART00000053933	gemin8	213	30.4	26.1	8.0	14.7	41.0	60.1	NA	NA	NA
ENSDART00000103696	si:ch211-93g23.2	2	21.4	21.4	NA	NA	NA	NA	NA	NA	NA
ENSDART00000142945	bloc1s6	38	29.1	24.1	9.6	14.0	39.9	50.3	NA	NA	NA
ENSDART00000053282	ccnt2a	93	51.1	48.7	19.2	33.4	68.2	82.4	25.79	20.06	-0.362490167177
ENSDART00000008584	gdi2	200	60.1	59.8	12.2	35.2	83.9	105.2	30.11	173.4	2.52578928538
ENSDART00000125182	CABZ01038313.1	47	41.4	40.1	15.5	23.6	55.2	74.2	NA	NA	NA
ENSDART00000124545	sart3	263	44.9	37.9	10.3	22.2	61.3	90.3	121.74	93.76	-0.376758796056
ENSDART00000104072	kbtbd8	180	48.1	39.8	10.0	20.1	66.3	98.0	20.23	76.49	1.91877482799
ENSDART00000125188	srsf9	500	112.1	114.8	61.3	88.8	136.9	157.9	26.46	268.67	3.34395027063
ENSDART00000109587	rnf6	56	26.4	21.7	10.4	15.0	32.7	46.9	NA	NA	NA
ENSDART00000134203	vcpip1	52	32.9	29.2	8.7	12.2	48.2	68.3	NA	NA	NA
ENSDART00000109585	C11H3orf37	31	23.7	20.8	0.9	9.4	33.1	46.0	NA	NA	NA
ENSDART00000109582	spata7	26	27.4	25.1	8.7	17.3	34.7	49.0	NA	NA	NA
ENSDART00000139632	gal3st1	1	55.5	55.5	NA	NA	NA	NA	NA	NA	NA
ENSDART00000109580	xpo6	383	56.2	50.5	19.8	32.2	74.8	95.6	48.46	223.42	2.20489202815
ENSDART00000109581	ABTB1	40	25.2	23.5	9.8	14.4	28.7	41.5	NA	NA	NA
ENSDART00000006290	plekhb2	199	33.7	25.2	8.3	15.1	44.0	71.7	NA	NA	NA
ENSDART00000109721	SNCAIP	31	34.6	31.8	8.0	16.7	48.8	69.1	NA	NA	NA
ENSDART00000104534	usf2	76	56.5	54.9	11.5	29.3	79.3	104.0	24.25	122.25	2.33377781277
ENSDART00000109055	CITED1	39	39.2	30.5	10.0	16.6	42.3	78.5	NA	NA	NA
ENSDART00000104536	chsy1	102	44.2	43.2	10.5	20.2	62.4	75.5	NA	NA	NA
ENSDART00000111374	ndufs7	104	19.0	15.2	4.1	9.4	24.5	36.6	24.75	7.11	-1.79950706023
ENSDART00000109059	ttc7a	46	47.0	46.7	20.4	30.6	64.1	71.4	NA	NA	NA
ENSDART00000111377	CU855815.2	50	68.9	65.7	26.6	41.9	95.2	117.6	NA	NA	NA
ENSDART00000129843	ptp4a1	117	82.5	74.6	22.4	40.7	114.5	143.5	101.15	8.51	-3.57119337776
ENSDART00000010580	si:ch211-195b13.1	14	39.8	33.2	7.0	20.0	47.8	72.2	NA	NA	NA
ENSDART00000138542	b3galtlb	42	48.8	48.0	26.8	33.9	59.6	74.5	NA	NA	NA
ENSDART00000138541	RPGRIP1	1	108.0	108.0	NA	NA	NA	NA	NA	NA	NA
ENSDART00000142052	si:dkey-258f14.2	129	29.5	24.3	10.3	14.6	40.8	57.5	NA	NA	NA
ENSDART00000066783	mppe1	50	33.2	31.2	6.7	16.6	48.5	57.6	NA	NA	NA
ENSDART00000062787	ndufa11	197	39.1	37.6	13.5	22.2	49.6	64.0	64.67	29.26	-1.14416684091
ENSDART00000112546	pkn3	217	45.4	40.9	14.1	25.2	62.4	82.0	NA	NA	NA
ENSDART00000058629	acta1b	5	38.6	32.8	NA	NA	NA	NA	NA	NA	NA
ENSDART00000112543	phkb	32	17.3	16.7	3.4	6.8	24.7	32.0	NA	NA	NA
ENSDART00000149236	eps15l1a	1	68.3	68.3	NA	NA	NA	NA	NA	NA	NA
ENSDART00000112541	znf526	169	51.4	45.4	13.3	26.7	70.8	94.7	17.71	30.67	0.792263954515
ENSDART00000128468	nr0b1	1	14.2	14.2	NA	NA	NA	NA	NA	NA	NA
ENSDART00000104074	zgc:158846	1	79.9	79.9	NA	NA	NA	NA	NA	NA	NA
ENSDART00000039312	ipo4	72	87.6	91.1	36.1	59.0	114.5	134.5	10.58	69.43	2.71421954399
ENSDART00000125984	MUSTN1	1	50.9	50.9	NA	NA	NA	NA	NA	NA	NA
ENSDART00000141028	CCHCR1	53	41.6	43.6	18.9	29.3	53.6	64.9	NA	NA	NA
ENSDART00000024572	gtdc1	53	49.3	49.5	19.5	28.9	62.2	75.1	17.22	12.8	-0.427941332509
ENSDART00000128065	ddx27	200	51.4	50.1	25.9	37.3	64.1	75.5	90.65	69.15	-0.390577768594
ENSDART00000057577	wu:fb63a08	13	40.6	38.1	15.3	28.7	55.5	65.0	NA	NA	NA
ENSDART00000148285	ppm1k	34	35.6	20.9	6.4	11.5	50.4	72.5	NA	NA	NA
ENSDART00000108935	sft2d1	10	34.4	34.6	17.3	26.9	43.5	49.3	NA	NA	NA
ENSDART00000006079	bmp2k	217	52.4	51.9	14.4	26.8	73.2	95.0	17.78	92.36	2.37701284894
ENSDART00000148548	nhej1	233	28.9	26.4	6.8	15.4	39.3	54.9	58.44	29.76	-0.973581651695
ENSDART00000111084	rfxap	108	50.5	46.4	15.6	32.7	69.5	80.1	NA	NA	NA
ENSDART00000148019	myo7ab	2	85.9	85.9	NA	NA	NA	NA	NA	NA	NA
ENSDART00000111081	prune	31	51.1	45.7	-5.4	34.1	66.5	94.2	NA	NA	NA
ENSDART00000114265	rrn3	80	40.2	38.9	12.5	27.2	53.3	64.8	18.67	40.12	1.10359967839
ENSDART00000148540	fech	52	32.5	26.0	5.0	14.5	43.9	59.3	NA	NA	NA
ENSDART00000114267	MAP6	1	-2.6	-2.6	NA	NA	NA	NA	NA	NA	NA
ENSDART00000114260	SENP2	264	37.2	33.0	12.4	19.3	47.6	68.2	32.57	34.21	0.070874384372
ENSDART00000111088	depdc5	27	49.8	38.6	17.4	25.9	78.6	87.2	3.67	3.3	-0.153314038597
ENSDART00000111089	filip1b	1	9.7	9.7	NA	NA	NA	NA	NA	NA	NA
ENSDART00000012116	tlx2	9	23.3	17.5	NA	NA	NA	NA	NA	NA	NA
ENSDART00000043317	timm8a	33	35.2	28.9	15.3	21.3	43.8	51.1	NA	NA	NA
ENSDART00000062166	trim35-30	3	92.4	50.2	NA	NA	NA	NA	NA	NA	NA
ENSDART00000126335	zgc:77151	245	60.9	55.4	20.2	41.3	80.3	100.6	21.8	70.51	1.69349974559
ENSDART00000043312	srsf5a	672	110.0	112.7	34.8	63.6	148.1	176.5	138.47	534.28	1.94802256766
ENSDART00000128062	arfrp1	196	48.1	45.5	20.4	30.6	62.0	82.8	30.51	42.11	0.46488069559
ENSDART00000125230	exoc6	2	44.8	44.8	NA	NA	NA	NA	NA	NA	NA
ENSDART00000127931	FP236789.2	2	59.8	59.8	NA	NA	NA	NA	NA	NA	NA
ENSDART00000012119	zgc:110366	25	44.2	39.6	28.3	30.4	54.7	70.7	NA	NA	NA
ENSDART00000041417	BX571768.1	22	43.7	43.0	8.7	25.5	63.4	71.8	NA	NA	NA
ENSDART00000127720	FP236276.2	1	8.4	8.4	NA	NA	NA	NA	NA	NA	NA
ENSDART00000127930	fam160b1	80	59.0	56.9	8.9	25.4	90.5	119.5	9.02	72.17	3.00019991617
ENSDART00000153054	fbrs	115	28.6	24.0	6.0	13.3	38.3	56.4	10.85	9.96	-0.123477395264
ENSDART00000127725	MRPL21	26	32.0	29.4	7.4	21.9	41.9	53.6	NA	NA	NA
ENSDART00000141795	phox2ba	3	7.5	5.5	NA	NA	NA	NA	NA	NA	NA
ENSDART00000127729	stambpb	31	36.6	30.7	9.5	18.6	49.8	75.1	NA	NA	NA
ENSDART00000039788	uqcrq	84	33.8	26.3	7.3	14.5	39.4	66.5	NA	NA	NA
ENSDART00000136071	si:dkey-188i13.9	1	36.2	36.2	NA	NA	NA	NA	NA	NA	NA
ENSDART00000136074	b3gnt5b	14	43.1	46.8	11.9	27.3	53.9	70.5	NA	NA	NA
ENSDART00000029084	dmtf1	43	38.6	32.0	15.8	19.3	47.1	73.9	NA	NA	NA
ENSDART00000099248	rabggtb	90	61.6	55.4	19.9	33.4	79.7	122.4	16.63	120.82	2.86099921795
ENSDART00000039780	slc1a5	1	93.0	93.0	NA	NA	NA	NA	NA	NA	NA
ENSDART00000127934	LRRC16B	1	0.5	0.5	NA	NA	NA	NA	NA	NA	NA
ENSDART00000054814	gne	55	43.3	26.8	9.3	15.3	54.3	103.7	13.54	21.57	0.671798437585
ENSDART00000054817	zgc:101549	6	40.1	24.7	NA	NA	NA	NA	NA	NA	NA
ENSDART00000067535	cap2	6	39.1	26.3	NA	NA	NA	NA	NA	NA	NA
ENSDART00000067537	elovl6l	501	45.3	26.4	6.7	12.9	59.5	120.3	NA	NA	NA
ENSDART00000044331	copb2	249	59.4	56.8	23.6	39.4	76.6	95.1	49.26	195.58	1.98927031497
ENSDART00000067531	syn2a	1	26.1	26.1	NA	NA	NA	NA	NA	NA	NA
ENSDART00000023904	ppa2	3	49.7	27.2	NA	NA	NA	NA	NA	NA	NA
ENSDART00000020301	fam92a1	17	58.1	52.6	23.1	43.4	69.5	95.5	NA	NA	NA
ENSDART00000105898	TSTD1	11	50.8	40.4	2.7	28.1	77.1	104.6	NA	NA	NA
ENSDART00000084061	nedd4l	122	48.3	42.1	9.4	24.8	67.7	98.4	7.28	69.13	3.24730157011
ENSDART00000084063	wdr46	0	NA	NA	NA	NA	NA	NA	99.05	35.11	-1.4962749789
ENSDART00000121600	POLDIP3	470	61.1	59.1	24.1	38.9	79.7	103.3	42.86	160.12	1.90144976571
ENSDART00000017696	fam151b	31	16.6	13.4	1.1	6.8	26.1	35.3	NA	NA	NA
ENSDART00000017695	foxd3	118	34.5	19.6	5.5	11.8	48.9	77.4	NA	NA	NA
ENSDART00000127469	sema3d	9	46.3	42.3	NA	NA	NA	NA	NA	NA	NA
ENSDART00000127460	lmx1bb	7	33.3	21.4	NA	NA	NA	NA	NA	NA	NA
ENSDART00000127464	abca5	95	60.7	54.5	12.2	34.1	82.7	107.7	13.51	22.62	0.743571254664
ENSDART00000109107	csrnp1b	237	28.3	23.1	6.1	14.9	37.3	55.2	14.56	30.98	1.08932678859
ENSDART00000022236	emx3	8	22.1	22.3	NA	NA	NA	NA	NA	NA	NA
ENSDART00000029889	ctdnep1a	185	39.4	32.9	13.7	21.8	50.1	72.0	NA	NA	NA
ENSDART00000034492	PAQR8	1	42.7	42.7	NA	NA	NA	NA	NA	NA	NA
ENSDART00000086578	pum2	18	84.6	81.9	30.0	65.4	112.8	142.1	11.28	30.71	1.44494144458
ENSDART00000023549	zgc:86841	27	65.3	62.3	29.9	44.6	84.4	95.1	19.97	76.83	1.94383542087
ENSDART00000123114	dnajc27	11	47.2	34.3	14.5	20.1	60.9	69.4	NA	NA	NA
ENSDART00000123117	ggh	17	38.0	40.1	14.8	24.1	44.7	54.8	NA	NA	NA
ENSDART00000016472	bmp7a	13	104.2	118.8	21.9	64.2	131.9	159.5	NA	NA	NA
ENSDART00000123111	mrps16	107	51.7	44.9	13.1	28.0	64.0	84.7	58.73	105.11	0.839730388618
ENSDART00000061544	lztfl1	62	52.6	47.8	24.1	35.3	67.4	88.0	NA	NA	NA
ENSDART00000020908	zc4h2	103	37.6	33.0	9.0	17.7	52.9	80.1	20.64	61.61	1.57772156489
ENSDART00000113834	snrnp48	31	60.2	41.9	25.5	30.2	62.9	103.5	18.28	21.98	0.265925315891
ENSDART00000115130	apbb1	5	61.2	54.6	NA	NA	NA	NA	6.79	9.47	0.479952851224
ENSDART00000115136	dennd3a	87	26.4	24.2	5.2	12.9	38.8	51.7	NA	NA	NA
ENSDART00000110699	CCDC132	81	40.0	35.4	9.7	17.8	62.2	74.4	NA	NA	NA
ENSDART00000040788	ugp2b	281	38.0	34.3	13.0	20.0	49.6	69.4	NA	NA	NA
ENSDART00000115139	pot1	40	41.6	34.1	19.2	24.4	51.1	74.4	NA	NA	NA
ENSDART00000027624	obfc1	67	27.4	23.7	10.6	16.2	39.2	48.4	NA	NA	NA
ENSDART00000027625	psmd13	71	37.8	28.0	12.2	18.3	46.8	63.5	37.97	10.9	-1.80053186395
ENSDART00000065208	nop16	140	50.0	48.1	14.8	23.8	69.0	93.7	92.91	53.55	-0.794947308758
ENSDART00000111631	ELFN2	2	42.8	42.8	NA	NA	NA	NA	NA	NA	NA
ENSDART00000036927	ndufs1	189	31.7	26.6	10.0	17.1	43.8	56.6	38.29	29.14	-0.393966782786
ENSDART00000036926	vangl1	4	34.5	37.9	NA	NA	NA	NA	NA	NA	NA
ENSDART00000105726	slc25a5	4346	60.2	55.2	29.1	39.5	73.5	99.9	700.62	653.25	-0.100996952564
ENSDART00000030553	top3b	126	56.8	59.0	20.2	40.2	77.6	93.9	NA	NA	NA
ENSDART00000140515	lmo7b	250	41.0	32.6	12.0	21.4	53.8	82.6	29.51	56.99	0.94950487191
ENSDART00000065755	gpn3	81	30.6	26.9	3.8	15.0	44.5	62.7	NA	NA	NA
ENSDART00000110568	ZDHHC21	106	47.7	44.5	19.0	29.9	64.7	74.9	NA	NA	NA
ENSDART00000012018	snrpa	200	88.0	94.4	25.5	65.7	115.1	132.1	90.36	633.56	2.80972507747
ENSDART00000009893	RNF167	9	23.2	17.6	NA	NA	NA	NA	NA	NA	NA
ENSDART00000110560	si:ch211-223a10.1	5	16.3	17.2	NA	NA	NA	NA	NA	NA	NA
ENSDART00000149825	ctage5	87	44.7	43.5	18.8	31.2	54.6	68.8	13.08	11.4	-0.198328716446
ENSDART00000102972	zgc:173652	12	16.8	4.9	-8.7	-3.6	23.1	39.0	NA	NA	NA
ENSDART00000102973	eda	15	33.3	30.6	8.4	18.5	49.1	63.8	NA	NA	NA
ENSDART00000149823	myh9a	321	37.5	29.9	10.2	15.9	52.4	75.2	63.11	80.02	0.342492005293
ENSDART00000142666	nap1l4b	100	29.0	24.6	7.4	13.0	35.3	57.3	NA	NA	NA
ENSDART00000026244	skiv2l2	263	48.2	45.3	13.9	28.4	66.0	85.6	56.11	273.38	2.28457788385
ENSDART00000010261	pno1	188	46.9	45.0	13.2	26.8	64.4	79.7	89.73	25.2	-1.83216667745
ENSDART00000149828	ccnd1	638	104.3	104.7	40.3	68.9	137.4	165.9	NA	NA	NA
ENSDART00000028471	zgc:63695	24	51.0	49.9	12.1	32.2	60.2	79.7	NA	NA	NA
ENSDART00000128788	mtg2	83	26.6	22.7	9.5	15.3	33.1	45.8	31.34	9.59	-1.70840245945
ENSDART00000027959	racgap1	287	41.2	33.3	9.8	18.2	56.1	83.1	24.92	140.93	2.49960277972
ENSDART00000135794	sepn1	15	58.6	62.1	23.0	34.8	75.6	93.8	NA	NA	NA
ENSDART00000075438	cdkn2aipnl	247	68.8	63.1	15.5	31.1	106.7	126.9	55.5	163.49	1.55864271822
ENSDART00000075387	SNX2	269	50.8	47.6	21.1	32.0	67.8	84.8	41.96	52.25	0.316416359278
ENSDART00000047110	gsnb	44	67.7	67.1	19.5	47.8	92.0	103.6	9.51	40.65	2.0957381061
ENSDART00000061926	stx11b.2	3	69.8	33.6	NA	NA	NA	NA	NA	NA	NA
ENSDART00000129674	slc44a2	1	34.3	34.3	NA	NA	NA	NA	NA	NA	NA
ENSDART00000075926	scel	10	48.3	44.3	8.2	24.5	70.3	90.6	NA	NA	NA
ENSDART00000059347	bckdha	149	61.2	60.5	17.4	34.9	84.8	107.3	12.18	126.0	3.37083769537
ENSDART00000152981	tdrd1	231	37.6	32.6	11.4	21.1	50.0	67.7	NA	NA	NA
ENSDART00000102567	CR457462.1	23	44.0	41.4	23.1	33.1	52.6	63.1	NA	NA	NA
ENSDART00000098119	ddrgk1	74	40.5	34.5	15.6	23.6	54.8	78.2	NA	NA	NA
ENSDART00000054353	WIPI1	2	28.0	28.0	NA	NA	NA	NA	NA	NA	NA
ENSDART00000137309	gemin5	44	31.9	32.5	2.5	15.8	47.0	60.7	20.31	3.89	-2.38434817931
ENSDART00000137308	plxnb1a	13	30.4	20.6	9.6	10.9	44.8	56.8	NA	NA	NA
ENSDART00000059345	eed	363	50.5	50.3	19.9	31.1	66.6	82.9	72.51	91.8	0.340314179814
ENSDART00000125611	fam134c	110	86.6	87.4	13.0	54.2	125.1	144.0	NA	NA	NA
ENSDART00000051263	nr2f1a	2	19.6	19.6	NA	NA	NA	NA	NA	NA	NA
ENSDART00000067689	fgfr1b	94	27.3	19.4	6.8	11.2	36.7	52.1	6.99	3.12	-1.16374642651
ENSDART00000125615	sp2	2	49.7	49.7	NA	NA	NA	NA	NA	NA	NA
ENSDART00000104315	zgc:136858	42	51.7	42.2	11.9	26.0	77.1	94.1	NA	NA	NA
ENSDART00000015694	rab5ab	61	72.9	74.1	39.6	50.4	95.5	105.1	NA	NA	NA
ENSDART00000125619	THOP1	504	47.8	46.4	20.9	29.4	60.5	74.7	88.19	229.94	1.38257047609
ENSDART00000100194	msi2b	68	55.9	45.6	10.4	22.8	89.9	112.4	16.82	62.03	1.88278841932
ENSDART00000040362	mapk14a	191	50.8	48.8	17.8	26.5	67.7	89.8	45.37	312.24	2.78284480309
ENSDART00000113773	CDC42BPA	50	47.0	41.2	11.1	25.4	59.3	97.8	NA	NA	NA
ENSDART00000018253	rbm8a	712	70.6	66.6	27.1	44.0	91.7	116.8	196.81	462.43	1.23243146877
ENSDART00000074380	tsga10	3	46.0	30.2	NA	NA	NA	NA	NA	NA	NA
ENSDART00000133330	fam214b	61	42.1	37.4	16.9	25.4	52.9	80.0	14.84	9.51	-0.64197384576
ENSDART00000018255	ilf2	874	83.2	84.8	33.9	58.2	106.7	124.7	136.9	1202.15	3.13442256993
ENSDART00000074384	stx4	77	37.8	30.2	7.8	18.0	48.1	72.4	71.19	135.79	0.931630732557
ENSDART00000050249	mboat1	73	42.4	40.0	16.4	26.9	56.2	72.0	NA	NA	NA
ENSDART00000146321	fibcd1	2	37.6	37.6	NA	NA	NA	NA	NA	NA	NA
ENSDART00000085556	HIP1R	1	16.5	16.5	NA	NA	NA	NA	NA	NA	NA
ENSDART00000088037	myo5aa	2	55.4	55.4	NA	NA	NA	NA	NA	NA	NA
ENSDART00000075659	pddc1	39	44.4	40.3	16.0	25.2	55.4	80.0	NA	NA	NA
ENSDART00000135864	ppp2r4	382	45.0	37.3	9.2	16.8	65.5	95.7	NA	NA	NA
ENSDART00000050245	xpnpep3	6	21.5	21.6	NA	NA	NA	NA	NA	NA	NA
ENSDART00000135860	rnf41l	2	30.0	30.0	NA	NA	NA	NA	NA	NA	NA
ENSDART00000111966	arhgef10lb	1	5.8	5.8	NA	NA	NA	NA	NA	NA	NA
ENSDART00000089242	kbp	1	-10.5	-10.5	NA	NA	NA	NA	NA	NA	NA
ENSDART00000026539	enah	107	80.1	83.6	36.0	56.6	104.8	126.5	19.13	109.03	2.5108163736
ENSDART00000112301	TRHDE	8	40.8	44.0	NA	NA	NA	NA	NA	NA	NA
ENSDART00000004357	WU:FC32F04	0	NA	NA	NA	NA	NA	NA	14.83	11.6	-0.35439379244
ENSDART00000023012	acp5b	1	93.1	93.1	NA	NA	NA	NA	NA	NA	NA
ENSDART00000073555	ctu2	62	32.2	30.6	9.4	16.6	44.7	55.0	36.65	40.84	0.156169667857
ENSDART00000137241	fam60al	266	43.2	39.4	11.6	23.7	58.0	78.2	71.08	156.54	1.13901576351
ENSDART00000112043	CACNG4	1	145.0	145.0	NA	NA	NA	NA	NA	NA	NA
ENSDART00000023337	napepld	11	33.9	27.9	10.2	21.5	50.1	55.1	NA	NA	NA
ENSDART00000112046	ZNF335	5	24.6	27.3	NA	NA	NA	NA	6.06	5.47	-0.14777696068
ENSDART00000032151	cotl1	62	65.7	72.4	19.9	44.0	86.8	96.8	NA	NA	NA
ENSDART00000141808	sh2b1	29	27.3	23.5	-3.4	12.7	31.8	59.9	12.11	3.34	-1.85827885722
ENSDART00000083890	USP24	27	55.1	57.8	7.2	33.8	77.2	94.2	10.78	12.69	0.235334891089
ENSDART00000102391	dmrt2b	1	19.6	19.6	NA	NA	NA	NA	NA	NA	NA
ENSDART00000057047	hps1	34	25.4	20.1	7.6	12.3	33.3	52.0	NA	NA	NA
ENSDART00000057046	st3gal5l	12	23.0	21.3	10.2	14.1	26.7	41.1	NA	NA	NA
ENSDART00000057733	C18H19orf54	6	32.4	33.1	NA	NA	NA	NA	NA	NA	NA
ENSDART00000057732	ap1m3	13	69.7	72.8	0.7	24.6	115.9	126.6	NA	NA	NA
ENSDART00000124901	mycbp2	54	65.1	60.7	19.8	37.6	84.3	115.2	8.14	8.71	0.0976439243326
ENSDART00000066256	vti1a	131	55.2	54.0	13.7	34.2	75.6	98.5	NA	NA	NA
ENSDART00000103371	zdhhc17	53	63.7	59.4	17.4	42.0	87.3	106.2	NA	NA	NA
ENSDART00000092984	creb3l2	36	31.4	28.0	12.7	16.6	41.7	56.3	NA	NA	NA
ENSDART00000099600	mrpl44	442	54.3	51.0	23.3	36.9	67.5	85.7	46.55	82.46	0.824913293442
ENSDART00000059193	prtgb	30	86.2	105.5	12.3	40.2	130.8	153.7	NA	NA	NA
ENSDART00000049963	twsg1a	44	31.1	24.6	13.7	19.6	39.1	56.8	NA	NA	NA
ENSDART00000124905	BX548000.3	21	60.7	61.2	36.6	47.6	72.7	90.3	28.19	11.24	-1.32654144235
ENSDART00000059194	snrpd2	260	29.9	23.1	8.0	14.2	36.5	52.4	76.56	76.27	-0.00547513006615
ENSDART00000055393	med25	206	87.2	89.0	46.2	65.4	108.8	128.7	18.91	138.6	2.87370598907
ENSDART00000038338	kntc1	51	27.6	25.4	9.8	14.0	40.4	50.8	NA	NA	NA
ENSDART00000149895	epha4a	15	31.2	24.7	5.6	10.3	47.2	64.6	NA	NA	NA
ENSDART00000023488	atp6v1d	37	32.4	28.3	13.6	18.5	39.7	55.3	NA	NA	NA
ENSDART00000063923	znf259	186	39.0	34.7	10.1	17.4	53.3	72.9	52.63	54.32	0.045598084752
ENSDART00000102475	zgc:158257	41	20.9	17.2	7.3	9.7	28.0	32.3	NA	NA	NA
ENSDART00000077389	znf148	1	16.8	16.8	NA	NA	NA	NA	NA	NA	NA
ENSDART00000111801	mkxa	2	49.8	49.8	NA	NA	NA	NA	NA	NA	NA
ENSDART00000023484	SLC10A7	106	44.6	43.7	11.8	30.6	57.3	76.3	NA	NA	NA
ENSDART00000077383	C13H10orf32	165	59.8	58.3	25.2	40.5	80.3	94.8	NA	NA	NA
ENSDART00000039810	myo9al1	33	18.5	17.6	6.8	11.2	26.4	31.7	NA	NA	NA
ENSDART00000153296	nsfb	68	29.4	20.7	7.0	13.5	41.7	63.6	NA	NA	NA
ENSDART00000098806	ugt5c3	5	18.6	19.5	NA	NA	NA	NA	NA	NA	NA
ENSDART00000102021	sox1a	1	21.9	21.9	NA	NA	NA	NA	NA	NA	NA
ENSDART00000032844	PLEKHA6	7	40.6	32.8	NA	NA	NA	NA	NA	NA	NA
ENSDART00000109268	C7H7orf43	10	34.1	33.0	20.3	23.4	37.7	53.4	NA	NA	NA
ENSDART00000109911	HGSNAT	10	55.2	60.8	-7.9	31.4	89.0	95.8	NA	NA	NA
ENSDART00000109266	mertk	8	53.2	55.1	NA	NA	NA	NA	NA	NA	NA
ENSDART00000109913	C19H5orf49	3	40.8	43.0	NA	NA	NA	NA	NA	NA	NA
ENSDART00000109264	GRIK2	4	23.9	20.6	NA	NA	NA	NA	NA	NA	NA
ENSDART00000109262	brip1	61	28.8	27.3	4.4	10.1	42.8	58.2	13.69	9.92	-0.464710420871
ENSDART00000109916	GRIN3A	1	62.6	62.6	NA	NA	NA	NA	NA	NA	NA
ENSDART00000033717	cradd	23	35.6	33.5	22.5	25.7	41.7	53.9	NA	NA	NA
ENSDART00000013690	rplp2l	471	50.0	47.7	24.6	37.6	58.0	71.1	470.85	17.75	-4.72937659991
ENSDART00000078630	nme7	14	58.5	54.7	35.7	40.7	60.4	84.8	NA	NA	NA
ENSDART00000003834	ccm2	73	44.2	33.1	12.5	21.0	61.8	84.8	47.6	16.36	-1.54078882525
ENSDART00000124565	ercc3	1	50.8	50.8	NA	NA	NA	NA	6.05	14.4	1.25106176417
ENSDART00000092180	exoc8	9	42.4	35.8	NA	NA	NA	NA	9.87	44.87	2.18462919422
ENSDART00000124567	ILKAP	18	57.8	58.0	23.9	32.2	80.6	86.5	NA	NA	NA
ENSDART00000092182	ppm1la	56	90.0	90.6	41.0	72.5	113.7	133.4	22.52	44.9	0.995508617548
ENSDART00000041365	prrx1a	1	18.4	18.4	NA	NA	NA	NA	NA	NA	NA
ENSDART00000146773	acaca	44	40.6	26.0	7.3	15.1	56.4	106.2	6.72	3.69	-0.864840416718
ENSDART00000092188	xpo1b	89	66.3	51.6	17.3	31.3	90.2	129.9	6.85	44.25	2.69150156201
ENSDART00000097359	dnajc25	207	61.2	61.3	21.6	39.9	80.6	99.4	12.04	63.56	2.40028373259
ENSDART00000142203	ccdc28a	181	72.2	70.3	33.5	51.4	90.5	110.5	NA	NA	NA
ENSDART00000024595	ubr7	231	56.2	48.2	15.0	29.3	79.7	107.5	33.61	100.52	1.58052012857
ENSDART00000024593	hsf1	46	59.6	52.3	11.9	31.7	88.9	103.0	NA	NA	NA
ENSDART00000127910	crebrf	3	54.7	47.4	NA	NA	NA	NA	NA	NA	NA
ENSDART00000127912	CABZ01103862.1	7	37.2	44.1	NA	NA	NA	NA	NA	NA	NA
ENSDART00000028870	ube2l3a	181	63.7	57.2	21.1	39.1	86.2	108.7	44.09	243.7	2.46658286899
ENSDART00000137936	fbxl4	59	20.4	17.6	6.2	11.4	27.7	36.7	NA	NA	NA
ENSDART00000131030	gorasp1	20	81.0	78.8	27.6	64.5	96.1	113.8	NA	NA	NA
ENSDART00000077125	aplp2	107	41.8	28.8	5.2	13.1	58.5	107.8	12.52	89.75	2.84167737667
ENSDART00000009775	RBM7	192	56.1	49.0	10.3	23.0	78.7	112.4	134.1	672.63	2.32650388876
ENSDART00000028108	ddc	1	59.7	59.7	NA	NA	NA	NA	NA	NA	NA
ENSDART00000008454	skp1	604	91.9	94.4	44.5	73.1	115.6	133.8	88.76	389.62	2.13408616319
ENSDART00000022823	BX000430.1	1	17.0	17.0	NA	NA	NA	NA	NA	NA	NA
ENSDART00000033018	pi4k2b	257	45.0	41.0	10.3	21.3	64.6	82.6	NA	NA	NA
ENSDART00000091630	fbxo18	110	47.8	33.3	9.6	20.1	63.9	101.2	29.06	66.24	1.18866796987
ENSDART00000129617	atp6ap1b	37	17.1	13.0	4.5	7.9	20.8	34.9	NA	NA	NA
ENSDART00000028105	mfap1	88	56.3	49.2	18.5	30.8	78.8	99.3	64.45	198.88	1.6256459378
ENSDART00000091638	samd13	81	53.5	51.9	19.9	35.3	64.9	92.2	NA	NA	NA
ENSDART00000076835	mrpl1	89	34.6	25.5	6.7	14.2	42.7	62.9	30.22	11.0	-1.45800013675
ENSDART00000076386	fbxl8	9	35.4	35.2	NA	NA	NA	NA	NA	NA	NA
ENSDART00000138223	si:ch211-71m22.1	41	39.6	33.9	14.7	20.7	55.7	73.6	NA	NA	NA
ENSDART00000087952	gphnb	1	47.0	47.0	NA	NA	NA	NA	NA	NA	NA
ENSDART00000076831	CABZ01032352.1	2	120.9	120.9	NA	NA	NA	NA	NA	NA	NA
ENSDART00000076830	coro1a	14	71.3	78.2	14.2	54.6	89.4	102.7	NA	NA	NA
ENSDART00000067082	clta	253	33.6	31.9	8.8	16.9	46.0	61.9	77.62	135.78	0.806770652203
ENSDART00000056303	tsr3	68	57.1	54.0	22.8	37.9	73.4	101.1	57.16	50.37	-0.182441185438
ENSDART00000138228	srbd1	30	72.4	67.7	21.0	38.1	105.6	126.5	NA	NA	NA
ENSDART00000121456	fstl1b	21	67.4	70.2	20.5	29.2	94.0	115.8	NA	NA	NA
ENSDART00000121457	LBH	2	21.5	21.5	NA	NA	NA	NA	86.48	35.4	-1.28861716276
ENSDART00000024379	gnmt	72	43.2	40.8	9.5	21.5	57.1	76.3	NA	NA	NA
ENSDART00000098759	setd8a	437	89.3	91.5	45.7	69.6	111.2	130.3	130.79	201.11	0.620732581207
ENSDART00000124173	rxraa	4	23.3	20.6	NA	NA	NA	NA	NA	NA	NA
ENSDART00000092726	atp2b2	1	22.7	22.7	NA	NA	NA	NA	NA	NA	NA
ENSDART00000090580	si:dkey-215k6.1	18	49.6	44.8	19.6	36.3	56.6	88.9	NA	NA	NA
ENSDART00000136687	mylk4b	4	39.0	37.8	NA	NA	NA	NA	NA	NA	NA
ENSDART00000020044	shpk	4	49.7	52.4	NA	NA	NA	NA	NA	NA	NA
ENSDART00000090589	si:dkey-117i10.1	1	10.2	10.2	NA	NA	NA	NA	NA	NA	NA
ENSDART00000139792	C19H1orf172	11	22.5	22.8	9.7	18.3	28.4	38.3	NA	NA	NA
ENSDART00000028043	noc3l	25	39.8	30.6	15.2	21.9	44.2	63.9	10.06	3.14	-1.67979384091
ENSDART00000139795	syt2a	7	37.1	26.5	NA	NA	NA	NA	NA	NA	NA
ENSDART00000100904	pard6a	106	27.8	22.6	4.3	12.0	36.9	63.0	NA	NA	NA
ENSDART00000091180	baiap2a	36	92.6	96.6	24.4	57.8	126.3	148.7	NA	NA	NA
ENSDART00000007600	esrrb	4	19.3	18.0	NA	NA	NA	NA	NA	NA	NA
ENSDART00000091183	erfl3	3	25.9	28.1	NA	NA	NA	NA	NA	NA	NA
ENSDART00000087576	slx4	81	34.7	30.5	5.4	13.0	48.7	66.7	20.16	3.26	-2.62855176927
ENSDART00000114079	nab2	4	21.5	21.8	NA	NA	NA	NA	NA	NA	NA
ENSDART00000129473	BX510922.1	3	59.4	13.5	NA	NA	NA	NA	NA	NA	NA
ENSDART00000087570	CABZ01053508.1	12	15.3	14.8	4.7	10.2	20.8	25.2	NA	NA	NA
ENSDART00000114072	zgc:174863	18	19.8	18.8	2.9	8.5	30.4	37.1	NA	NA	NA
ENSDART00000145008	pigt	18	75.8	78.6	21.9	42.9	105.4	126.4	NA	NA	NA
ENSDART00000114076	dph2	33	44.9	38.9	8.2	17.0	52.5	67.0	NA	NA	NA
ENSDART00000025171	ythdf1	150	42.7	44.1	9.5	20.1	60.2	78.6	27.47	53.38	0.958442395066
ENSDART00000081777	ptges3b	7	74.2	90.0	NA	NA	NA	NA	27.03	93.51	1.79055914381
ENSDART00000062803	pitx1	1	12.9	12.9	NA	NA	NA	NA	NA	NA	NA
ENSDART00000149007	cdan1	11	51.6	42.9	-10.0	33.3	82.0	97.0	NA	NA	NA
ENSDART00000149554	rpl31	729	40.3	37.0	17.1	27.4	49.1	62.8	406.68	22.01	-4.20766299231
ENSDART00000055064	pvalb8	1	120.7	120.7	NA	NA	NA	NA	NA	NA	NA
ENSDART00000149551	emilin1b	92	44.3	40.1	10.6	21.3	65.2	85.8	NA	NA	NA
ENSDART00000010881	FOLH1	3	36.9	44.6	NA	NA	NA	NA	NA	NA	NA
ENSDART00000128876	SENP7	168	45.4	43.8	15.7	26.3	60.9	79.9	31.16	22.32	-0.481358206232
ENSDART00000134012	dnah12	1	81.7	81.7	NA	NA	NA	NA	NA	NA	NA
ENSDART00000145264	xpo7	102	60.3	60.5	24.3	41.3	77.2	89.8	5.76	25.71	2.15818889339
ENSDART00000087797	tgfbrap1	88	41.3	38.9	12.5	21.3	56.2	79.1	33.79	45.45	0.427683943918
ENSDART00000018150	neurod6b	21	37.0	36.0	7.1	22.8	49.9	56.9	NA	NA	NA
ENSDART00000055554	slc37a4a	2	14.8	14.8	NA	NA	NA	NA	NA	NA	NA
ENSDART00000130492	orc1	669	42.6	36.5	12.4	20.9	58.7	79.7	69.86	76.76	0.135888068801
ENSDART00000131863	rgs7	87	85.5	87.7	43.0	58.1	108.1	124.8	NA	NA	NA
ENSDART00000043126	ripk2	55	26.7	23.2	7.7	12.8	36.4	51.4	NA	NA	NA
ENSDART00000026050	agtpbp1	11	25.9	21.1	6.8	8.9	38.9	59.1	NA	NA	NA
ENSDART00000043431	nup188	254	53.7	53.9	19.4	38.9	69.8	86.4	20.97	46.91	1.1615686394
ENSDART00000012630	prmt1	933	87.9	92.2	26.3	55.9	120.5	141.1	80.65	1436.85	4.15509111586
ENSDART00000136386	si:ch211-210c8.7	181	72.6	71.7	28.5	46.2	95.6	122.4	NA	NA	NA
ENSDART00000144206	hmgn2	57	71.5	69.0	13.8	35.7	108.1	127.7	NA	NA	NA
ENSDART00000087553	sec23ip	90	58.5	58.0	24.8	36.9	77.9	94.2	29.11	86.1	1.56449839816
ENSDART00000128705	ndrg3a	36	41.1	37.3	12.7	16.8	57.2	76.5	NA	NA	NA
ENSDART00000128707	capn12	6	51.0	45.1	NA	NA	NA	NA	NA	NA	NA
ENSDART00000115301	zgc:198241	1	18.1	18.1	NA	NA	NA	NA	NA	NA	NA
ENSDART00000128708	zgc:171497	27	30.2	21.9	5.2	12.0	45.6	57.4	NA	NA	NA
ENSDART00000115303	CR391937.2	19	54.1	47.4	12.5	17.3	79.3	104.4	NA	NA	NA
ENSDART00000123343	neil3	160	33.8	28.5	8.2	15.5	44.0	58.2	49.22	26.53	-0.891619982229
ENSDART00000144208	lphn3.1	21	24.8	19.1	3.5	10.7	38.0	48.7	NA	NA	NA
ENSDART00000129497	HIST1H4L	22	0.7	-7.8	-12.7	-10.9	6.0	29.8	NA	NA	NA
ENSDART00000050826	C24H18orf8	29	41.3	22.2	8.6	10.8	32.4	66.2	17.45	12.65	-0.464089651515
ENSDART00000111149	pigr	3	50.4	49.1	NA	NA	NA	NA	NA	NA	NA
ENSDART00000023684	cwc22	223	60.9	56.7	19.3	33.9	84.2	109.7	52.37	114.65	1.13042384502
ENSDART00000111140	RPL29	2183	58.2	55.5	34.6	44.3	67.0	80.5	2028.02	80.74	-4.65064448299
ENSDART00000135655	C8H11orf31	179	52.8	47.1	15.7	26.9	75.5	91.6	145.5	6.46	-4.49334117799
ENSDART00000148208	sep15	165	79.1	82.5	25.0	53.5	103.7	126.1	85.36	253.49	1.57029675378
ENSDART00000112829	CCDC18	145	30.4	25.6	5.8	11.7	45.0	64.4	NA	NA	NA
ENSDART00000089031	ppfibp2a	1	32.9	32.9	NA	NA	NA	NA	NA	NA	NA
ENSDART00000089030	myo5b	17	35.5	30.0	4.0	5.5	65.5	76.7	NA	NA	NA
ENSDART00000135659	mat2b	154	32.9	31.7	11.6	19.3	41.9	56.5	54.4	46.78	-0.217714789785
ENSDART00000112820	zgc:165515	21	38.5	38.2	12.3	25.1	46.9	55.4	NA	NA	NA
ENSDART00000125381	gig2o	77	21.6	20.3	7.2	13.5	29.9	37.6	NA	NA	NA
ENSDART00000122439	CR944667.2	27	43.1	31.9	10.5	19.6	62.4	82.7	NA	NA	NA
ENSDART00000026239	eif2b4	27	39.1	37.3	15.9	22.9	52.2	63.6	26.24	31.86	0.279978546907
ENSDART00000122433	trim33l	58	28.6	20.1	4.9	12.2	38.9	57.8	11.07	6.03	-0.876425314881
ENSDART00000051070	golph3	154	49.1	44.6	16.2	27.0	70.1	88.4	51.88	158.45	1.61077727502
ENSDART00000147414	CNTLN	23	31.6	22.6	11.7	18.0	42.0	52.1	NA	NA	NA
ENSDART00000081244	syce2	11	39.7	35.4	7.4	22.2	51.8	64.6	NA	NA	NA
ENSDART00000081245	dhx15	119	95.8	94.2	50.9	68.4	120.4	133.6	17.67	163.58	3.21062242391
ENSDART00000031547	smndc1	189	80.0	80.0	28.2	49.6	105.8	126.7	63.61	186.51	1.55192749308
ENSDART00000141588	scpp8	4	28.6	25.6	NA	NA	NA	NA	NA	NA	NA
ENSDART00000064614	xkrx	4	14.9	5.4	NA	NA	NA	NA	11.93	4.92	-1.27786382236
ENSDART00000060310	ATP5B	1317	16.0	-1.2	-10.8	-8.5	36.7	61.7	122.44	96.62	-0.341681192095
ENSDART00000088208	lrp1b	55	78.8	80.2	21.1	45.4	109.8	126.4	7.34	27.82	1.9222704517
ENSDART00000078033	GPT	9	37.8	38.6	NA	NA	NA	NA	NA	NA	NA
ENSDART00000136172	TRIM14	17	77.8	78.6	32.8	60.5	94.4	123.9	NA	NA	NA
ENSDART00000097919	hnrnpk	388	103.8	109.2	45.1	76.6	130.2	148.6	32.49	367.45	3.49948030278
ENSDART00000006716	selt2	22	99.3	99.2	49.7	81.5	122.0	138.0	NA	NA	NA
ENSDART00000103612	tdp2b	317	46.0	44.1	15.2	26.4	61.4	75.8	63.34	158.79	1.32593128733
ENSDART00000103615	ZC2HC1C	1	66.6	66.6	NA	NA	NA	NA	NA	NA	NA
ENSDART00000098986	gucd1	270	82.0	82.8	30.2	53.3	107.9	127.0	NA	NA	NA
ENSDART00000111558	USP54	1	118.1	118.1	NA	NA	NA	NA	NA	NA	NA
ENSDART00000016803	grpel1	218	49.4	48.6	14.9	30.5	67.8	84.6	41.55	152.51	1.87598346042
ENSDART00000108889	OAF	8	33.3	32.0	NA	NA	NA	NA	NA	NA	NA
ENSDART00000108556	npm2a	100	40.4	37.1	12.5	21.6	55.2	66.8	NA	NA	NA
ENSDART00000111552	si:dkey-11p10.8	80	33.9	27.8	7.6	15.5	47.4	67.7	10.33	27.56	1.41573563384
ENSDART00000108553	COL4A3BP	118	67.9	66.4	23.5	42.0	88.1	113.3	14.42	26.59	0.882812612617
ENSDART00000100709	imp3	75	47.3	49.1	16.1	27.7	60.8	76.1	39.78	166.92	2.06904164443
ENSDART00000147518	fam89b	31	24.5	23.3	5.8	16.0	32.3	45.6	NA	NA	NA
ENSDART00000065565	alg8	58	38.6	34.1	5.9	20.7	62.0	71.7	NA	NA	NA
ENSDART00000065567	guca1d	1	86.9	86.9	NA	NA	NA	NA	NA	NA	NA
ENSDART00000081066	phactr4b	188	43.4	34.1	13.0	20.6	62.9	84.9	23.06	14.35	-0.684341776089
ENSDART00000065568	zgc:113227	17	62.3	49.8	20.6	30.7	70.3	141.0	NA	NA	NA
ENSDART00000140231	FP236334.1	1	13.1	13.1	NA	NA	NA	NA	NA	NA	NA
ENSDART00000140230	zgc:123068	28	82.3	76.4	27.1	50.9	112.3	146.6	NA	NA	NA
ENSDART00000081790	ZNF609	122	31.8	24.4	4.5	11.9	46.5	74.9	13.07	15.29	0.226329265565
ENSDART00000140236	asic1b	3	21.0	25.1	NA	NA	NA	NA	NA	NA	NA
ENSDART00000139192	emd	1	10.6	10.6	NA	NA	NA	NA	NA	NA	NA
ENSDART00000137010	kmt2ca	50	47.0	40.5	15.1	26.3	64.5	82.1	NA	NA	NA
ENSDART00000145981	mmachc	76	17.9	15.2	3.2	7.5	25.2	31.6	NA	NA	NA
ENSDART00000126084	BX323045.3	224	61.8	59.9	27.4	44.9	79.9	93.6	42.26	144.34	1.77210648749
ENSDART00000033949	oser1	172	42.1	32.5	12.9	22.4	53.1	75.4	68.16	22.75	-1.58305879025
ENSDART00000133309	si:ch211-133l5.4	2	8.7	8.7	NA	NA	NA	NA	NA	NA	NA
ENSDART00000133308	nid1a	5	47.2	48.5	NA	NA	NA	NA	NA	NA	NA
ENSDART00000039571	camk2a	1	35.7	35.7	NA	NA	NA	NA	NA	NA	NA
ENSDART00000064080	cenpn	212	45.1	45.7	15.5	27.9	59.7	73.9	54.73	155.91	1.51030970318
ENSDART00000133305	os9	53	35.1	29.3	9.5	15.2	46.7	62.3	30.85	7.02	-2.13572755373
ENSDART00000098482	pld3	10	51.5	39.6	19.5	25.2	54.5	86.7	NA	NA	NA
ENSDART00000033943	mamdc1	8	48.8	53.0	NA	NA	NA	NA	NA	NA	NA
ENSDART00000138821	nfil3	5	21.8	21.0	NA	NA	NA	NA	NA	NA	NA
ENSDART00000138820	lrtm2	1	44.6	44.6	NA	NA	NA	NA	NA	NA	NA
ENSDART00000018408	anxa13l	43	66.3	66.0	21.7	42.6	91.8	111.1	NA	NA	NA
ENSDART00000033947	chrna2a	2	63.7	63.7	NA	NA	NA	NA	NA	NA	NA
ENSDART00000008144	rbb4l	85	54.0	53.1	17.4	30.8	71.7	83.7	17.85	74.11	2.05374415083
ENSDART00000045933	sh3glb1	37	35.1	34.9	14.0	23.4	44.5	54.6	21.56	27.14	0.332063542666
ENSDART00000027545	erp44	103	52.1	46.2	12.6	26.0	75.4	92.5	45.04	90.04	0.999359229374
ENSDART00000124774	ncoa5	101	58.5	51.8	16.3	33.7	67.8	106.0	26.13	72.83	1.47882572049
ENSDART00000124770	UGT8	6	56.9	71.1	NA	NA	NA	NA	NA	NA	NA
ENSDART00000027019	wdfy1	116	40.5	36.8	10.2	21.1	50.7	73.3	19.57	27.34	0.482369486979
ENSDART00000124773	ppid	1	47.6	47.6	NA	NA	NA	NA	NA	NA	NA
ENSDART00000014956	polr3glb	2	117.6	117.6	NA	NA	NA	NA	NA	NA	NA
ENSDART00000059298	zgc:92313	676	29.2	21.8	2.8	10.2	40.7	64.7	77.72	56.36	-0.463614289276
ENSDART00000019318	abcd3a	107	24.7	19.7	6.9	13.6	32.0	47.9	NA	NA	NA
ENSDART00000061265	rnf141	132	39.0	32.1	9.5	17.4	49.9	64.6	NA	NA	NA
ENSDART00000014774	txnl4a	193	52.8	49.7	19.5	35.2	71.4	89.2	105.85	246.3	1.21839535849
ENSDART00000061261	cx43	6	71.8	63.4	NA	NA	NA	NA	NA	NA	NA
ENSDART00000110790	CU914772.1	179	81.5	81.3	39.1	62.5	104.0	121.3	9.77	67.71	2.79293845194
ENSDART00000110794	usp54a	22	61.5	29.6	9.3	16.6	55.0	172.2	NA	NA	NA
ENSDART00000019647	psmc2	258	47.6	43.1	19.9	29.3	59.6	80.2	48.27	45.52	-0.084626269138
ENSDART00000056765	smc4	943	61.4	58.7	28.1	43.1	77.8	95.1	100.11	305.25	1.60840520286
ENSDART00000056767	acaa2	475	92.8	92.9	43.1	70.6	116.2	141.4	15.14	198.2	3.71051985209
ENSDART00000102566	nbeaa	22	61.5	60.6	13.6	32.5	76.8	104.5	3.43	4.03	0.232571262355
ENSDART00000074268	CCDC64B	57	23.9	23.3	6.0	13.0	32.8	40.7	35.94	4.12	-3.12487416633
ENSDART00000034686	cops8	141	40.2	34.6	13.5	21.9	51.0	79.1	NA	NA	NA
ENSDART00000126558	fbxl2	172	39.9	33.5	9.9	19.0	54.7	79.8	NA	NA	NA
ENSDART00000109885	snrnp200	95	121.6	121.1	73.5	95.4	147.8	173.2	13.43	57.79	2.10536056515
ENSDART00000064968	rasgef1bb	17	102.4	109.2	23.0	45.8	144.4	174.7	NA	NA	NA
ENSDART00000126552	SLC15A5	1	36.3	36.3	NA	NA	NA	NA	NA	NA	NA
ENSDART00000123915	mapkapk3	2	105.7	105.7	NA	NA	NA	NA	NA	NA	NA
ENSDART00000123917	tmem47	45	39.1	39.4	11.9	25.0	46.7	69.3	NA	NA	NA
ENSDART00000036680	ptgr1	21	40.2	35.2	7.2	27.6	50.4	75.4	30.08	12.13	-1.31022501656
ENSDART00000123910	ppp1r14ab	5	118.4	110.2	NA	NA	NA	NA	NA	NA	NA
ENSDART00000029252	aptx	10	30.6	28.7	15.3	23.0	40.5	49.4	NA	NA	NA
ENSDART00000146174	kiaa0947l	10	22.6	10.1	4.4	7.9	27.0	38.9	NA	NA	NA
ENSDART00000033411	trappc4	93	33.1	28.5	12.3	17.2	44.8	64.3	NA	NA	NA
ENSDART00000126439	si:ch211-113a14.17	28	-5.0	-8.0	-11.6	-9.7	-4.5	1.6	NA	NA	NA
ENSDART00000082260	abhd13	3	33.1	29.8	NA	NA	NA	NA	NA	NA	NA
ENSDART00000146171	zgc:158564	57	46.3	32.1	13.9	21.2	54.4	99.8	58.76	1.96	-4.90590883644
ENSDART00000113837	mak16	39	53.4	40.8	18.6	29.2	57.1	78.5	45.61	14.55	-1.64833101706
ENSDART00000082944	CT583658.1	39	35.8	28.5	9.3	15.7	48.8	68.7	NA	NA	NA
ENSDART00000059369	PHYKPL	5	64.1	54.2	NA	NA	NA	NA	NA	NA	NA
ENSDART00000081064	fbrsl1	2	14.8	14.8	NA	NA	NA	NA	NA	NA	NA
ENSDART00000124480	CABZ01042923.1	1	73.4	73.4	NA	NA	NA	NA	NA	NA	NA
ENSDART00000123482	cuedc2	264	50.9	44.4	13.9	24.8	70.1	93.7	NA	NA	NA
ENSDART00000056540	casq1a	2	66.4	66.4	NA	NA	NA	NA	NA	NA	NA
ENSDART00000020084	hsp90ab1	835	64.0	62.1	27.9	44.8	77.8	99.2	607.23	195.01	-1.63869496195
ENSDART00000084070	CU041319.1	143	60.0	53.6	13.0	27.4	87.2	119.8	16.7	46.3	1.47116409079
ENSDART00000137477	si:ch211-241e1.5	66	42.6	41.2	20.4	29.4	54.8	70.0	NA	NA	NA
ENSDART00000038228	ap1s3b	220	45.9	43.4	16.2	23.6	61.6	82.5	81.93	91.97	0.166771525591
ENSDART00000040771	rpl34	367	47.8	47.0	23.1	34.7	61.2	71.6	366.23	66.88	-2.45310322287
ENSDART00000134651	rnf220a	59	34.6	29.5	12.0	18.8	41.1	65.3	6.51	7.32	0.169186105118
ENSDART00000105584	lrrc59	637	32.6	29.0	9.9	17.9	44.7	58.0	491.07	43.72	-3.48956338329
ENSDART00000040776	anapc4	70	37.0	36.6	13.5	19.1	49.8	56.5	31.01	28.85	-0.10416220708
ENSDART00000057382	fbln5	4	28.2	35.6	NA	NA	NA	NA	NA	NA	NA
ENSDART00000074840	C8H9orf64	2	25.8	25.8	NA	NA	NA	NA	NA	NA	NA
ENSDART00000057386	golga5	239	33.9	30.9	11.7	20.6	44.1	60.3	74.08	15.18	-2.28691230784
ENSDART00000013201	zgc:101130	9	41.0	39.3	NA	NA	NA	NA	NA	NA	NA
ENSDART00000013203	cse1l	110	20.2	15.0	1.4	6.7	27.4	40.6	12.09	15.26	0.335940717585
ENSDART00000047834	nbas	22	36.1	35.4	-9.4	9.9	60.6	75.5	NA	NA	NA
ENSDART00000105936	si:dkey-253d23.8	5	35.8	25.0	NA	NA	NA	NA	NA	NA	NA
ENSDART00000098417	pak2a	85	47.4	41.3	9.9	24.7	61.8	85.9	NA	NA	NA
ENSDART00000125529	C10H21orf91	15	38.2	25.6	15.2	18.4	59.7	73.8	NA	NA	NA
ENSDART00000105283	SAC3D1	66	26.7	23.3	4.3	10.0	40.9	51.2	NA	NA	NA
ENSDART00000105930	si:dkey-253d23.11	2	23.0	23.0	NA	NA	NA	NA	NA	NA	NA
ENSDART00000092537	GPR45	1	21.5	21.5	NA	NA	NA	NA	NA	NA	NA
ENSDART00000097722	CABZ01063402.1	33	39.5	34.3	12.7	19.5	54.8	77.4	NA	NA	NA
ENSDART00000097723	sptbn2	41	78.2	81.9	-2.4	26.3	128.6	143.7	13.83	65.79	2.25006715624
ENSDART00000035812	grik4	1	105.3	105.3	NA	NA	NA	NA	NA	NA	NA
ENSDART00000079314	zgc:172079	1	8.0	8.0	NA	NA	NA	NA	NA	NA	NA
ENSDART00000089849	CCNYL1	160	36.4	34.3	11.5	18.6	49.1	68.9	52.11	18.74	-1.47543930177
ENSDART00000055238	glyr1	484	25.4	15.3	3.1	6.8	26.9	55.6	18.78	195.86	3.38255382157
ENSDART00000077462	slc6a9	2	54.0	54.0	NA	NA	NA	NA	NA	NA	NA
ENSDART00000132555	pkn1	3	75.1	82.0	NA	NA	NA	NA	NA	NA	NA
ENSDART00000076151	atp11b	35	25.8	23.2	8.4	15.8	29.7	46.3	NA	NA	NA
ENSDART00000009545	pak4	274	61.2	62.5	-5.5	26.6	91.8	118.1	17.17	285.74	4.05674106509
ENSDART00000009343	pyroxd2	3	49.4	50.2	NA	NA	NA	NA	NA	NA	NA
ENSDART00000024795	gpr34b	1	75.6	75.6	NA	NA	NA	NA	NA	NA	NA
ENSDART00000066178	CYP27B1	1	20.9	20.9	NA	NA	NA	NA	NA	NA	NA
ENSDART00000122200	CT027778.1	10	48.3	44.4	16.1	25.6	55.1	98.8	NA	NA	NA
ENSDART00000104880	si:dkeyp-34c12.1	133	42.7	38.7	6.8	19.6	57.6	85.7	NA	NA	NA
ENSDART00000104882	actn2	3	46.5	28.7	NA	NA	NA	NA	NA	NA	NA
ENSDART00000130029	zgc:113333	4	37.0	28.2	NA	NA	NA	NA	NA	NA	NA
ENSDART00000130028	fto	45	31.0	20.4	7.2	14.0	39.4	55.2	NA	NA	NA
ENSDART00000083134	mks1	36	35.7	30.8	9.9	20.5	51.0	62.3	NA	NA	NA
ENSDART00000104888	slc35b4	23	55.1	49.1	26.1	32.9	76.7	97.0	NA	NA	NA
ENSDART00000051197	C10H21orf59	138	31.9	25.2	8.3	14.2	41.8	57.5	NA	NA	NA
ENSDART00000113392	ggcta	1	76.5	76.5	NA	NA	NA	NA	NA	NA	NA
ENSDART00000130530	fam193b	158	39.5	37.7	12.6	22.1	54.0	67.6	28.08	32.86	0.226789544646
ENSDART00000052862	rbm4.1	178	32.0	28.8	13.4	19.4	40.7	54.4	34.32	52.7	0.618753409025
ENSDART00000005869	rpp14	22	31.3	21.3	6.8	13.1	48.9	60.9	NA	NA	NA
ENSDART00000005893	ube2g1a	326	82.9	84.4	27.7	51.9	112.7	132.5	78.63	353.32	2.16782365711
ENSDART00000052864	slc39a7	80	50.1	49.0	16.4	31.2	63.6	75.9	26.95	55.86	1.05153030064
ENSDART00000142927	ptrh1	83	26.8	23.9	6.0	11.5	38.6	53.7	NA	NA	NA
ENSDART00000058967	rap2b	74	60.9	59.7	18.1	42.6	83.0	101.7	34.35	111.75	1.70189282725
ENSDART00000142922	slc17a5	39	81.8	82.9	37.1	55.5	108.4	125.4	NA	NA	NA
ENSDART00000148989	si:ch211-149b19.4	2	157.4	157.4	NA	NA	NA	NA	NA	NA	NA
ENSDART00000053472	rnf41	136	31.2	28.8	6.6	15.2	43.8	61.8	NA	NA	NA
ENSDART00000054235	plrg1	90	63.8	62.0	21.6	36.3	86.0	104.9	27.11	316.57	3.54562752556
ENSDART00000125169	jmjd6	346	27.5	21.1	6.4	13.1	35.9	56.3	NA	NA	NA
ENSDART00000153339	adam17b	4	74.6	90.2	NA	NA	NA	NA	NA	NA	NA
ENSDART00000125162	BX927349.2	349	38.0	29.1	11.7	18.7	46.3	78.8	NA	NA	NA
ENSDART00000125163	HAUS8	28	42.3	32.7	13.5	20.4	47.0	59.4	NA	NA	NA
ENSDART00000049003	atp6v1aa	70	31.0	26.4	11.8	19.6	36.6	52.7	NA	NA	NA
ENSDART00000125167	BX465186.1	713	42.9	40.7	16.6	27.7	54.3	72.4	235.88	149.66	-0.656364419044
ENSDART00000049007	chst12a	19	40.9	42.2	15.5	19.0	56.4	68.3	NA	NA	NA
ENSDART00000008275	adat3	8	45.2	43.5	NA	NA	NA	NA	NA	NA	NA
ENSDART00000099611	ccl-c5a	2	85.6	85.6	NA	NA	NA	NA	NA	NA	NA
ENSDART00000087586	C2CD4A	9	23.0	23.4	NA	NA	NA	NA	NA	NA	NA
ENSDART00000109707	neurl4	47	34.8	24.3	2.7	9.6	55.1	79.9	NA	NA	NA
ENSDART00000031091	vsnl1a	4	46.4	25.2	NA	NA	NA	NA	NA	NA	NA
ENSDART00000109703	col6a6	3	85.7	55.2	NA	NA	NA	NA	NA	NA	NA
ENSDART00000010517	eif4eb	56	49.2	40.5	15.1	23.5	63.6	93.9	NA	NA	NA
ENSDART00000132660	polr3gla	122	122.7	123.5	51.5	86.6	152.1	181.3	NA	NA	NA
ENSDART00000061274	rps25	750	28.3	25.3	8.4	14.9	36.1	46.7	651.18	6.18	-6.71930574175
ENSDART00000151665	grap2b	2	18.9	18.9	NA	NA	NA	NA	NA	NA	NA
ENSDART00000151662	fem1c	145	51.8	44.2	17.9	28.4	66.8	93.0	35.26	21.22	-0.732607818405
ENSDART00000056921	csnk1g2a	143	49.5	48.9	15.8	25.4	65.7	87.2	72.62	110.01	0.599195836633
ENSDART00000151661	wipf1	42	34.6	28.0	10.0	17.9	48.5	63.6	NA	NA	NA
ENSDART00000111318	osbpl1a	3	74.9	65.6	NA	NA	NA	NA	NA	NA	NA
ENSDART00000114792	TPC3	47	23.8	22.4	5.5	11.8	35.4	42.0	NA	NA	NA
ENSDART00000138128	si:ch73-112l6.1	9	21.1	22.4	NA	NA	NA	NA	NA	NA	NA
ENSDART00000027603	ckbb	732	40.4	36.4	15.3	23.4	54.7	69.8	447.28	186.64	-1.26092003765
ENSDART00000062811	yy1a	85	89.4	86.3	19.6	30.7	134.4	160.0	NA	NA	NA
ENSDART00000020625	FBXO38	85	19.8	14.9	-5.6	4.8	25.1	42.9	10.72	3.63	-1.56226345246
ENSDART00000086301	irge4	2	19.2	19.2	NA	NA	NA	NA	NA	NA	NA
ENSDART00000023676	bckdk	178	59.2	58.6	-0.8	16.0	94.5	122.0	29.86	280.43	3.23135462447
ENSDART00000112562	socs5a	17	28.7	29.8	7.8	12.7	40.2	44.1	NA	NA	NA
ENSDART00000033491	spryd4	47	56.6	54.7	17.5	34.5	79.7	89.7	47.45	81.23	0.775604557134
ENSDART00000104353	atp2b1b	15	40.9	31.9	16.3	22.2	52.5	74.7	NA	NA	NA
ENSDART00000141005	FAM117B	2	46.1	46.1	NA	NA	NA	NA	NA	NA	NA
ENSDART00000113332	NAV2	5	57.1	44.6	NA	NA	NA	NA	NA	NA	NA
ENSDART00000008277	pibf1	65	49.0	46.2	24.3	33.7	61.3	83.9	64.0	24.82	-1.36656878964
ENSDART00000029646	rplp1	458	41.3	32.9	6.1	16.5	47.5	99.5	399.44	56.97	-2.80970450046
ENSDART00000131774	setd1a	224	36.8	30.5	8.9	18.1	46.1	74.7	18.09	25.66	0.504328762468
ENSDART00000131775	si:dkey-51e6.1	2	56.1	56.1	NA	NA	NA	NA	NA	NA	NA
ENSDART00000125804	rbms3	2	40.4	40.4	NA	NA	NA	NA	NA	NA	NA
ENSDART00000091377	MRS2	153	27.8	23.7	7.8	14.6	37.4	49.8	NA	NA	NA
ENSDART00000067086	nans	306	42.2	36.9	17.9	25.0	54.7	75.8	143.61	90.33	-0.668879097995
ENSDART00000123591	usp48	12	22.0	15.4	3.4	8.9	27.5	35.7	NA	NA	NA
ENSDART00000067733	C21H18orf25	98	32.1	29.4	8.4	19.0	43.7	58.6	47.04	21.55	-1.12620019086
ENSDART00000025782	nup93	42	45.9	42.2	16.7	34.8	60.1	69.7	22.78	61.92	1.44263772444
ENSDART00000067736	stk11	106	24.5	19.1	4.1	11.1	28.9	49.9	27.2	2.19	-3.63460387654
ENSDART00000122683	srp14	111	76.8	79.4	25.9	43.6	106.0	124.8	112.4	255.82	1.18648702293
ENSDART00000005221	prkrirb	97	44.6	40.0	13.7	24.5	60.9	77.7	29.12	39.65	0.445310510393
ENSDART00000132976	dgcr14	54	30.4	25.1	9.9	18.2	44.6	56.4	NA	NA	NA
ENSDART00000132971	mdm1	2	8.0	8.0	NA	NA	NA	NA	NA	NA	NA
ENSDART00000138568	mgst3	46	37.4	33.8	14.7	23.4	49.9	62.9	NA	NA	NA
ENSDART00000044918	EPHA2	15	118.6	124.7	44.2	85.0	154.5	178.1	NA	NA	NA
ENSDART00000012132	cbwd	8	53.7	52.4	NA	NA	NA	NA	NA	NA	NA
ENSDART00000019003	psmd10	194	22.7	17.6	5.5	10.5	28.5	45.4	NA	NA	NA
ENSDART00000017456	vent	42	54.4	30.7	8.4	16.6	67.5	136.7	NA	NA	NA
ENSDART00000138125	hes2.2	6	70.1	80.5	NA	NA	NA	NA	NA	NA	NA
ENSDART00000127704	BX005085.2	6	74.6	66.4	NA	NA	NA	NA	NA	NA	NA
ENSDART00000127705	AKNA	2	55.7	55.7	NA	NA	NA	NA	NA	NA	NA
ENSDART00000053408	HAUS2	29	37.2	36.1	17.1	25.9	49.3	56.6	NA	NA	NA
ENSDART00000141606	commd8	56	35.9	32.8	13.5	23.8	41.2	61.6	NA	NA	NA
ENSDART00000127702	prpf6	133	109.6	115.8	57.9	92.0	133.6	149.0	47.72	126.85	1.41045757126
ENSDART00000054368	st5	3	47.5	41.2	NA	NA	NA	NA	NA	NA	NA
ENSDART00000053405	scamp2	32	52.0	50.6	17.3	33.4	61.0	86.0	NA	NA	NA
ENSDART00000053404	csrp3	1	29.4	29.4	NA	NA	NA	NA	NA	NA	NA
ENSDART00000127443	prdm5	6	46.5	60.1	NA	NA	NA	NA	NA	NA	NA
ENSDART00000127440	BEND2	22	30.1	24.3	5.8	7.8	36.6	74.0	NA	NA	NA
ENSDART00000090397	kiaa1549la	1	42.0	42.0	NA	NA	NA	NA	NA	NA	NA
ENSDART00000127444	taf1a	144	40.1	40.6	15.3	22.8	54.7	66.2	37.06	38.0	0.036136537191
ENSDART00000042421	ppp2ca	10	90.5	82.1	38.5	59.8	93.1	173.2	NA	NA	NA
ENSDART00000139214	ogdhb	7	54.1	30.4	NA	NA	NA	NA	NA	NA	NA
ENSDART00000067558	spg11	29	23.7	23.5	6.0	12.8	32.5	45.2	10.08	0.61	-4.04654258594
ENSDART00000016321	rxrab	2	37.6	37.6	NA	NA	NA	NA	NA	NA	NA
ENSDART00000123759	rapgef1b	178	48.1	45.0	12.1	26.1	65.8	90.9	22.91	81.43	1.82958294368
ENSDART00000044314	itgav	19	39.2	35.4	8.0	13.9	55.4	74.5	9.96	12.17	0.289111520646
ENSDART00000044647	PPIL3	16	71.0	71.6	12.6	25.2	116.6	125.4	NA	NA	NA
ENSDART00000114247	zgc:66449	22	49.0	44.4	24.0	36.4	55.6	77.2	NA	NA	NA
ENSDART00000135930	arid1aa	133	19.9	17.3	2.8	9.9	26.4	34.3	20.81	9.82	-1.08348203542
ENSDART00000020621	mapk4	14	31.5	26.7	6.1	13.0	39.2	58.0	NA	NA	NA
ENSDART00000020327	mrpl16	24	29.8	26.7	11.9	18.7	40.4	49.1	NA	NA	NA
ENSDART00000113215	ide	923	57.1	55.3	19.2	34.4	79.5	96.1	52.41	516.21	3.30004407545
ENSDART00000114537	zic4	1	23.5	23.5	NA	NA	NA	NA	NA	NA	NA
ENSDART00000121661	zp2.6	118	43.2	36.4	13.4	22.7	58.2	82.8	NA	NA	NA
ENSDART00000121660	acot11b	1	51.5	51.5	NA	NA	NA	NA	NA	NA	NA
ENSDART00000114248	snx29	26	51.8	54.1	22.5	32.4	67.7	83.6	NA	NA	NA
ENSDART00000098563	plcb3	73	41.9	28.9	8.0	17.6	55.2	94.1	NA	NA	NA
ENSDART00000098565	CABZ01062083.1	105	28.0	19.7	3.1	6.9	36.7	75.7	NA	NA	NA
ENSDART00000098567	CRAT	1	16.6	16.6	NA	NA	NA	NA	NA	NA	NA
ENSDART00000084929	si:dkey-157l19.2	3	77.9	92.9	NA	NA	NA	NA	NA	NA	NA
ENSDART00000110409	FRMD5	1	40.8	40.8	NA	NA	NA	NA	NA	NA	NA
ENSDART00000110408	dph1	210	37.5	30.2	7.9	16.0	48.8	74.8	NA	NA	NA
ENSDART00000062092	trmt6	123	34.6	31.0	10.5	19.8	45.6	65.8	45.59	97.8	1.10111705597
ENSDART00000090025	BX530018.3	1	60.6	60.6	NA	NA	NA	NA	NA	NA	NA
ENSDART00000144439	vwa1	1	27.6	27.6	NA	NA	NA	NA	NA	NA	NA
ENSDART00000049944	smarcb1a	205	29.4	24.5	7.1	12.4	37.5	61.8	44.18	17.24	-1.35763364427
ENSDART00000075127	b2m	12	68.5	62.4	14.2	26.2	95.6	118.9	NA	NA	NA
ENSDART00000148514	aprt	75	38.0	30.0	7.9	16.9	58.2	75.4	NA	NA	NA
ENSDART00000035899	pkp2	1	167.8	167.8	NA	NA	NA	NA	NA	NA	NA
ENSDART00000123137	st3gal3b	38	32.7	32.8	9.1	18.1	44.5	60.2	NA	NA	NA
ENSDART00000101097	acp6	2	-0.9	-0.9	NA	NA	NA	NA	NA	NA	NA
ENSDART00000123131	pmaip1	1	115.6	115.6	NA	NA	NA	NA	NA	NA	NA
ENSDART00000075129	lrrc47	0	NA	NA	NA	NA	NA	NA	15.39	10.85	-0.504298188996
ENSDART00000113816	C16H8orf76	41	44.9	41.4	22.0	32.2	65.4	69.3	15.28	5.92	-1.36797546241
ENSDART00000113811	CU570881.1	24	68.3	40.3	8.9	17.6	112.1	164.3	NA	NA	NA
ENSDART00000112212	ZSWIM2	2	39.6	39.6	NA	NA	NA	NA	NA	NA	NA
ENSDART00000036901	fbxw11a	52	37.4	27.3	9.3	16.3	53.7	67.3	8.29	5.22	-0.667322294926
ENSDART00000148698	eme1	155	33.1	29.8	10.8	18.5	44.2	61.4	65.52	62.53	-0.0673868397299
ENSDART00000065772	ddt	82	58.9	60.2	13.3	29.7	83.5	104.2	NA	NA	NA
ENSDART00000140531	dimt1l	4	61.9	60.7	NA	NA	NA	NA	NA	NA	NA
ENSDART00000140532	si:dkey-6a5.3	2	81.4	81.4	NA	NA	NA	NA	NA	NA	NA
ENSDART00000150218	treh	89	55.3	55.5	18.5	33.9	72.2	90.1	NA	NA	NA
ENSDART00000112210	plekha5	77	50.4	42.9	14.4	24.5	75.0	96.9	6.99	29.09	2.05715893572
ENSDART00000034979	mospd1	96	44.0	40.9	14.4	23.8	58.3	75.9	NA	NA	NA
ENSDART00000007636	zgc:77118	3144	25.1	20.0	4.8	11.6	33.8	53.0	311.08	18.65	-4.0600381083
ENSDART00000007630	nhlh2	3	28.5	33.1	NA	NA	NA	NA	NA	NA	NA
ENSDART00000127693	vps4b	231	45.2	42.3	14.2	23.5	59.7	83.0	NA	NA	NA
ENSDART00000122081	sybu	110	11.0	7.4	-3.3	2.1	17.9	25.9	NA	NA	NA
ENSDART00000040169	jakmip2	1	8.4	8.4	NA	NA	NA	NA	NA	NA	NA
ENSDART00000128727	DMXL1	101	34.6	32.3	6.7	17.3	49.0	73.8	23.24	6.57	-1.82264479308
ENSDART00000102952	suz12a	280	44.1	36.8	12.1	20.8	58.0	92.1	51.9	101.2	0.963402846336
ENSDART00000010942	rnf14	93	52.1	51.9	26.3	36.2	66.2	77.6	19.53	21.77	0.156649458301
ENSDART00000010792	ptdss1	212	74.3	72.5	31.0	48.8	96.6	115.6	41.03	74.73	0.865008368069
ENSDART00000106112	RRP8	77	44.6	45.0	14.2	30.3	57.5	71.9	26.76	30.57	0.192038436246
ENSDART00000045991	vrk1	5	23.8	20.7	NA	NA	NA	NA	NA	NA	NA
ENSDART00000141314	abi2a	28	89.6	89.7	46.2	76.9	107.7	127.7	11.29	23.03	1.02846892502
ENSDART00000060051	fgf14	14	42.9	47.7	8.3	23.1	63.7	77.6	NA	NA	NA
ENSDART00000060056	tpi1b	174	65.7	64.9	23.3	47.5	85.4	105.2	40.31	167.08	2.05132936031
ENSDART00000060505	mia3	518	111.9	115.0	64.2	89.7	137.7	155.9	31.22	72.45	1.21451515247
ENSDART00000149429	boka	1	63.0	63.0	NA	NA	NA	NA	NA	NA	NA
ENSDART00000060059	rbms2b	3	83.5	89.5	NA	NA	NA	NA	NA	NA	NA
ENSDART00000106244	zgc:171750	145	52.5	50.5	20.1	33.1	67.7	87.2	13.26	4.33	-1.61464184539
ENSDART00000106246	CABZ01006835.1	10	66.5	42.9	11.0	18.9	79.7	124.9	NA	NA	NA
ENSDART00000122966	hapln1a	1	43.1	43.1	NA	NA	NA	NA	NA	NA	NA
ENSDART00000038430	AKAP13	3	30.0	13.6	NA	NA	NA	NA	NA	NA	NA
ENSDART00000019416	lhfp	2	80.6	80.6	NA	NA	NA	NA	NA	NA	NA
ENSDART00000115321	ahctf1	270	28.4	20.9	5.0	10.8	36.1	59.4	49.0	11.25	-2.12285674779
ENSDART00000075413	cox7c	129	52.3	41.7	14.5	26.5	68.6	112.5	100.81	151.87	0.591198155557
ENSDART00000081633	SMC6	102	26.4	21.3	6.2	10.5	35.9	54.9	NA	NA	NA
ENSDART00000087246	pds5b	199	35.4	25.6	6.7	13.3	46.0	77.7	20.33	32.58	0.680376388681
ENSDART00000030683	tmpob	73	54.3	44.0	13.1	29.9	76.3	104.8	22.07	138.68	2.65160120692
ENSDART00000027428	chuk	261	48.8	46.1	13.5	27.8	64.9	84.9	34.6	97.67	1.49714345885
ENSDART00000067734	snx16	69	40.1	36.6	13.1	25.3	55.7	69.4	NA	NA	NA
ENSDART00000111129	ccar1	16	132.6	135.8	112.7	121.1	149.7	166.4	5.45	21.09	1.95223096013
ENSDART00000127699	CU019646.2	73	24.8	19.4	4.7	11.4	32.2	47.4	NA	NA	NA
ENSDART00000012862	isl2a	2	27.5	27.5	NA	NA	NA	NA	NA	NA	NA
ENSDART00000126297	sc5d	15	39.6	35.3	22.9	27.9	48.9	63.0	NA	NA	NA
ENSDART00000043924	mpp6b	30	36.9	35.6	10.9	18.0	52.0	68.2	NA	NA	NA
ENSDART00000077814	cdc16	137	38.6	35.1	11.0	18.0	53.9	73.6	46.8	40.2	-0.219313028404
ENSDART00000122660	hnrnpa0a	208	115.2	118.2	66.8	98.3	138.5	156.0	NA	NA	NA
ENSDART00000043920	mthfd2	19	34.3	27.6	7.4	9.9	43.4	76.0	NA	NA	NA
ENSDART00000081477	sri	58	67.7	72.0	22.4	41.0	93.7	114.6	NA	NA	NA
ENSDART00000132301	micu1	38	44.2	39.6	15.2	25.2	59.9	76.4	NA	NA	NA
ENSDART00000051712	gatad1	7	84.3	98.3	NA	NA	NA	NA	NA	NA	NA
ENSDART00000143340	cbx5	705	64.8	59.4	16.0	34.3	93.5	114.4	81.32	457.48	2.49202655309
ENSDART00000132309	gnptab	19	78.4	80.9	33.4	54.6	105.2	123.9	NA	NA	NA
ENSDART00000010420	actr1	207	49.2	43.6	15.8	26.0	64.1	82.7	NA	NA	NA
ENSDART00000018239	CU181898.1	1	72.6	72.6	NA	NA	NA	NA	NA	NA	NA
ENSDART00000018238	pdlim3a	2	36.6	36.6	NA	NA	NA	NA	NA	NA	NA
ENSDART00000045190	calb1	2	68.8	68.8	NA	NA	NA	NA	NA	NA	NA
ENSDART00000134794	spata6	14	37.6	38.8	15.4	23.2	51.0	60.3	NA	NA	NA
ENSDART00000018235	crot	5	96.6	127.8	NA	NA	NA	NA	NA	NA	NA
ENSDART00000134798	tdrd5	143	32.5	28.9	11.0	18.2	43.0	55.4	15.57	21.71	0.479590781536
ENSDART00000018230	ap4b1	3	64.1	68.0	NA	NA	NA	NA	NA	NA	NA
ENSDART00000111656	gpr78	9	42.1	44.7	NA	NA	NA	NA	NA	NA	NA
ENSDART00000086619	prkca	31	29.4	22.9	5.8	10.5	40.6	55.9	NA	NA	NA
ENSDART00000085574	CD109	1	197.3	197.3	NA	NA	NA	NA	NA	NA	NA
ENSDART00000027973	fabp2	1	111.6	111.6	NA	NA	NA	NA	NA	NA	NA
ENSDART00000085573	rgs7bpa	1	41.0	41.0	NA	NA	NA	NA	NA	NA	NA
ENSDART00000082070	RASSF3	94	59.8	54.1	21.1	36.5	75.9	108.4	NA	NA	NA
ENSDART00000055009	uncx4.1	19	45.5	29.2	3.9	14.1	80.2	113.4	NA	NA	NA
ENSDART00000148853	si:dkey-249d8.1	4	32.2	30.8	NA	NA	NA	NA	NA	NA	NA
ENSDART00000111941	zgc:174310	40	31.2	30.1	7.5	13.4	45.0	56.4	NA	NA	NA
ENSDART00000108942	ppargc1b	21	29.8	27.0	9.6	17.0	34.5	58.1	NA	NA	NA
ENSDART00000108945	GID4	20	55.5	52.0	24.4	33.6	76.4	89.7	NA	NA	NA
ENSDART00000135846	zfhx4	5	21.0	18.0	NA	NA	NA	NA	NA	NA	NA
ENSDART00000023074	mrps18b	312	38.2	31.8	12.7	20.3	46.3	64.0	55.44	33.58	-0.7233250272
ENSDART00000097328	arfgap2	269	45.8	40.7	14.1	25.0	60.4	82.8	49.47	193.01	1.96404979199
ENSDART00000112360	usp45	75	29.2	26.4	9.3	14.6	37.8	54.3	NA	NA	NA
ENSDART00000112361	espl1	459	53.7	47.8	16.0	30.3	71.2	102.8	31.6	114.62	1.85886233785
ENSDART00000112024	SNX19	25	37.6	40.4	5.0	11.6	55.4	73.1	NA	NA	NA
ENSDART00000061672	prpf39	136	60.5	60.7	25.7	42.4	76.6	92.8	40.08	137.79	1.78151677575
ENSDART00000061677	si:ch211-14a17.6	107	50.9	45.0	15.9	29.9	63.5	89.3	NA	NA	NA
ENSDART00000101731	larp7	209	71.8	69.9	31.8	45.9	92.5	120.5	60.95	188.12	1.62595511135
ENSDART00000086610	abcg4a	1	6.9	6.9	NA	NA	NA	NA	NA	NA	NA
ENSDART00000037749	stx5a	216	51.6	45.7	16.3	27.5	73.4	96.7	69.74	165.33	1.24529026378
ENSDART00000152518	LRFN2	1	40.2	40.2	NA	NA	NA	NA	NA	NA	NA
ENSDART00000083308	ptprsa	16	80.7	81.9	33.8	56.7	109.3	125.9	2.87	3.38	0.235972509606
ENSDART00000021786	arl1	127	82.2	69.8	30.8	47.1	106.0	148.1	29.93	110.56	1.88516533689
ENSDART00000021782	mcat	2	73.7	73.7	NA	NA	NA	NA	NA	NA	NA
ENSDART00000083305	slc19a2	21	37.9	31.0	2.6	12.5	46.5	87.5	NA	NA	NA
ENSDART00000021788	pbk	113	39.8	29.3	7.2	14.1	56.8	85.1	NA	NA	NA
ENSDART00000112700	lrig2	3	56.8	70.4	NA	NA	NA	NA	NA	NA	NA
ENSDART00000066909	slc35e3	148	43.5	39.9	13.7	24.5	57.0	71.6	NA	NA	NA
ENSDART00000002075	wu:fd55e03	8	37.9	32.1	NA	NA	NA	NA	NA	NA	NA
ENSDART00000102850	elk4	9	31.6	31.9	NA	NA	NA	NA	NA	NA	NA
ENSDART00000103397	slc39a9	115	38.2	33.0	11.4	19.4	50.8	71.8	31.53	68.62	1.12190395587
ENSDART00000135677	gosr1	109	44.3	43.8	13.5	29.5	60.0	73.0	NA	NA	NA
ENSDART00000126924	pak2b	106	79.7	84.1	27.2	51.4	107.4	128.7	22.09	75.45	1.77212748206
ENSDART00000014098	ggctb	2	44.7	44.7	NA	NA	NA	NA	NA	NA	NA
ENSDART00000075086	cep44	11	50.2	46.5	28.1	30.6	67.9	77.9	NA	NA	NA
ENSDART00000014095	rap2c	457	77.5	77.0	29.3	50.3	102.2	125.9	114.06	149.13	0.386777571294
ENSDART00000126923	CYYR1	6	100.1	101.4	NA	NA	NA	NA	NA	NA	NA
ENSDART00000041697	abl2	117	58.5	59.9	20.4	32.8	84.6	99.5	8.05	31.83	1.98332646863
ENSDART00000110559	GRAMD1C	288	52.3	48.5	10.0	26.9	75.6	99.5	34.49	179.92	2.38310553232
ENSDART00000105387	jmjd4	19	52.6	46.9	30.6	35.1	59.3	77.7	NA	NA	NA
ENSDART00000022246	bcs1l	23	43.8	35.5	18.5	27.9	52.0	59.6	NA	NA	NA
ENSDART00000046423	arl4cb	62	51.1	33.3	11.1	19.5	62.5	118.0	NA	NA	NA
ENSDART00000142263	EVA1B	10	43.9	55.0	12.6	16.3	63.8	67.3	NA	NA	NA
ENSDART00000086173	atm	22	18.4	14.6	1.4	7.3	21.4	44.5	NA	NA	NA
ENSDART00000089652	CR788297.1	16	22.1	20.8	1.9	8.7	32.2	45.5	NA	NA	NA
ENSDART00000147775	rxfp2b	7	27.1	31.4	NA	NA	NA	NA	NA	NA	NA
ENSDART00000129752	zgc:113452	6	76.2	67.6	NA	NA	NA	NA	NA	NA	NA
ENSDART00000112793	cdc26	141	45.0	40.3	16.4	26.6	54.1	76.3	49.68	11.36	-2.12870233872
ENSDART00000041349	crygn2	1	23.1	23.1	NA	NA	NA	NA	NA	NA	NA
ENSDART00000034441	tcp11l2	11	45.2	24.4	11.8	15.2	74.7	102.1	NA	NA	NA
ENSDART00000032861	ankrd52a	58	42.5	35.9	6.9	18.1	62.9	89.6	14.07	26.27	0.900793871897
ENSDART00000114970	SPDL1	1	69.8	69.8	NA	NA	NA	NA	12.82	5.54	-1.21043838057
ENSDART00000022242	ogdha	77	62.1	58.2	25.4	38.3	80.5	113.8	NA	NA	NA
ENSDART00000089013	vrtn	272	67.2	59.7	14.4	33.9	93.9	125.4	20.22	299.22	3.88735170648
ENSDART00000130230	nfatc2ip	99	20.3	16.6	4.5	9.6	27.6	40.8	29.34	11.15	-1.39582516087
ENSDART00000129759	rdh10b	281	23.0	16.5	4.4	10.5	26.5	37.9	67.51	17.62	-1.93788729467
ENSDART00000078651	dixdc1b	78	32.2	30.4	6.7	18.0	42.5	57.0	NA	NA	NA
ENSDART00000152687	si:ch211-286b5.4	196	41.5	39.4	18.2	25.6	51.6	69.4	112.28	51.18	-1.13344891647
ENSDART00000129758	slc4a2a	6	32.5	30.8	NA	NA	NA	NA	NA	NA	NA
ENSDART00000104233	cyfip1	177	110.8	115.7	56.7	85.0	140.1	154.9	10.87	124.17	3.51389280892
ENSDART00000111659	dfnb31a	32	42.0	40.0	12.0	18.3	57.4	72.6	NA	NA	NA
ENSDART00000112803	wdr20b	469	23.0	20.4	5.6	11.9	32.1	44.0	61.11	12.56	-2.2825720168
ENSDART00000113656	ppp2r3b	37	32.3	20.5	7.5	15.3	33.1	52.1	12.88	1.99	-2.69429225757
ENSDART00000124544	epn1	102	39.2	35.5	10.4	19.5	55.1	71.8	29.15	9.27	-1.65285463946
ENSDART00000024578	npepl1	247	66.6	62.6	24.0	40.7	83.8	120.3	71.47	256.06	1.84107220887
ENSDART00000052649	WIPF3	2	22.8	22.8	NA	NA	NA	NA	NA	NA	NA
ENSDART00000106166	rx1	1	32.4	32.4	NA	NA	NA	NA	NA	NA	NA
ENSDART00000112800	hmox2b	19	68.3	72.1	21.5	39.4	82.4	119.4	NA	NA	NA
ENSDART00000052792	cers3b	3	29.7	17.8	NA	NA	NA	NA	NA	NA	NA
ENSDART00000127933	MBD1	67	58.0	57.0	9.8	25.0	82.5	113.3	16.3	42.28	1.37510341226
ENSDART00000127932	MIIP	26	50.3	36.7	19.5	28.0	53.2	82.2	NA	NA	NA
ENSDART00000053870	galca	95	52.1	58.3	7.4	19.9	76.7	95.4	NA	NA	NA
ENSDART00000077102	slc1a9	2	25.3	25.3	NA	NA	NA	NA	NA	NA	NA
ENSDART00000053875	LGALS8	1	44.9	44.9	NA	NA	NA	NA	NA	NA	NA
ENSDART00000002453	acsl4l	51	83.1	84.2	34.2	59.5	104.1	135.2	NA	NA	NA
ENSDART00000035098	f11r	934	50.4	45.0	12.1	25.4	68.0	93.3	61.38	194.4	1.66318766803
ENSDART00000109931	oafa	141	40.8	40.9	13.0	22.1	52.0	70.6	NA	NA	NA
ENSDART00000078998	crp2	119	26.2	16.7	4.4	8.4	34.2	65.7	38.64	49.03	0.34356966745
ENSDART00000109935	lonrf1	30	91.2	76.1	25.4	53.4	106.5	176.3	NA	NA	NA
ENSDART00000022803	snx10a	332	21.7	18.7	4.1	11.5	30.0	43.1	NA	NA	NA
ENSDART00000124842	zgc:153867	518	39.8	33.9	11.4	19.8	50.6	70.5	127.99	58.9	-1.1196915561
ENSDART00000091612	dab2ipa	1	71.2	71.2	NA	NA	NA	NA	NA	NA	NA
ENSDART00000091615	iffo1a	3	28.7	35.0	NA	NA	NA	NA	NA	NA	NA
ENSDART00000091616	sdhaf2	46	40.4	40.8	8.8	19.1	61.6	74.7	NA	NA	NA
ENSDART00000033621	tm9sf1	44	34.8	28.8	9.0	19.2	50.1	63.3	NA	NA	NA
ENSDART00000054062	zgc:113355	1	58.2	58.2	NA	NA	NA	NA	NA	NA	NA
ENSDART00000054064	zc3h13	208	47.5	42.8	9.0	21.7	66.6	96.6	59.5	79.35	0.41534055464
ENSDART00000112809	ndufb5	213	29.2	25.9	8.6	17.2	40.2	52.2	60.62	10.51	-2.52803118282
ENSDART00000054066	zic2b	447	58.3	45.5	9.1	19.8	93.9	125.9	NA	NA	NA
ENSDART00000138798	CEP85	178	36.5	29.1	9.8	15.2	49.1	62.3	28.06	21.85	-0.360881729232
ENSDART00000020665	sgta	20	33.9	29.4	11.6	18.1	48.8	69.7	NA	NA	NA
ENSDART00000138792	arhgap4b	21	69.3	62.2	35.0	47.3	97.0	107.1	NA	NA	NA
ENSDART00000129678	CABZ01088061.1	7	31.5	27.3	NA	NA	NA	NA	NA	NA	NA
ENSDART00000129679	abcd4	20	25.6	22.8	3.4	9.1	36.5	47.0	NA	NA	NA
ENSDART00000121478	otud5b	109	28.8	26.9	9.0	16.5	40.4	50.6	27.68	17.14	-0.691476833524
ENSDART00000124159	BX005069.4	1	21.1	21.1	NA	NA	NA	NA	NA	NA	NA
ENSDART00000124073	CSF3	3	-2.5	-5.0	NA	NA	NA	NA	NA	NA	NA
ENSDART00000124152	rgs17	18	50.8	45.9	18.4	33.1	58.0	79.6	NA	NA	NA
ENSDART00000024316	mcm5	357	47.2	38.5	12.7	23.1	59.5	88.2	88.89	180.77	1.02406224052
ENSDART00000129194	si:ch211-113p18.3	17	34.1	29.7	14.7	19.4	47.9	64.6	NA	NA	NA
ENSDART00000024313	rnf150a	217	25.0	20.8	3.1	10.8	36.0	51.0	NA	NA	NA
ENSDART00000024312	dera	10	45.6	36.0	8.9	15.9	82.4	84.6	NA	NA	NA
ENSDART00000031727	vamp8	79	36.7	24.5	9.4	14.0	44.3	76.5	NA	NA	NA
ENSDART00000086795	zbtb44	7	43.7	36.2	NA	NA	NA	NA	NA	NA	NA
ENSDART00000003790	pwp1	54	68.2	65.2	36.0	48.0	84.8	105.3	19.99	25.33	0.341568604968
ENSDART00000046166	adcy2b	1	-4.8	-4.8	NA	NA	NA	NA	NA	NA	NA
ENSDART00000021360	galnt2	67	51.8	48.8	5.8	15.0	81.7	109.0	NA	NA	NA
ENSDART00000029781	ahsa1	1	10.8	10.8	NA	NA	NA	NA	NA	NA	NA
ENSDART00000063559	RELL2	1	44.0	44.0	NA	NA	NA	NA	NA	NA	NA
ENSDART00000003706	kmo	1	62.6	62.6	NA	NA	NA	NA	NA	NA	NA
ENSDART00000003701	tie1	1	124.5	124.5	NA	NA	NA	NA	NA	NA	NA
ENSDART00000009755	rxrba	108	59.8	53.2	6.9	23.0	86.8	113.7	12.81	153.81	3.58580692278
ENSDART00000134226	ddx20	87	38.9	33.3	7.8	21.0	52.1	71.1	25.21	36.78	0.544925361553
ENSDART00000139771	RNF214	129	44.0	35.8	16.7	24.8	54.0	80.1	27.1	19.37	-0.484468897638
ENSDART00000078908	usp1	196	73.8	76.1	16.5	49.6	102.0	120.7	50.39	129.67	1.36363537987
ENSDART00000139775	sestd1	250	37.4	35.6	9.2	19.3	51.5	69.7	43.1	105.14	1.2865518656
ENSDART00000047776	cblb	14	55.3	50.3	14.5	27.0	81.8	99.3	NA	NA	NA
ENSDART00000087229	LMLN	7	64.5	73.8	NA	NA	NA	NA	NA	NA	NA
ENSDART00000145061	pnpla7b	8	96.4	107.1	NA	NA	NA	NA	NA	NA	NA
ENSDART00000013011	vdac2	201	48.1	43.5	13.2	22.1	69.8	92.2	62.14	105.25	0.760226086719
ENSDART00000004217	coro1ca	329	76.4	74.1	29.4	53.1	99.5	121.8	20.05	231.0	3.52621870985
ENSDART00000129496	cyr61	23	18.0	17.9	6.9	8.8	22.4	31.3	NA	NA	NA
ENSDART00000129495	C12H10orf88	194	44.2	40.4	13.4	24.7	60.9	80.2	33.99	25.94	-0.38993188229
ENSDART00000079235	cd99l2	3	63.5	64.0	NA	NA	NA	NA	NA	NA	NA
ENSDART00000079233	CABZ01055343.1	11	45.7	37.6	20.5	25.4	62.8	72.6	NA	NA	NA
ENSDART00000076503	ap1g2	80	49.1	45.8	16.3	29.9	66.6	83.9	NA	NA	NA
ENSDART00000105135	oprl1	5	34.2	30.8	NA	NA	NA	NA	NA	NA	NA
ENSDART00000007029	usb1	2	17.8	17.8	NA	NA	NA	NA	NA	NA	NA
ENSDART00000090709	COQ7	14	42.4	38.8	20.2	28.2	59.1	67.9	NA	NA	NA
ENSDART00000007021	atp6v1ba	152	35.6	31.5	11.1	18.9	45.2	61.5	NA	NA	NA
ENSDART00000017849	her7	15	17.0	15.3	2.3	6.4	21.3	29.5	NA	NA	NA
ENSDART00000149574	ca14	1	78.2	78.2	NA	NA	NA	NA	NA	NA	NA
ENSDART00000149571	ldb2a	8	56.4	56.6	NA	NA	NA	NA	NA	NA	NA
ENSDART00000123927	trpv6	1	20.1	20.1	NA	NA	NA	NA	NA	NA	NA
ENSDART00000122870	RAB11FIP5	1	7.7	7.7	NA	NA	NA	NA	NA	NA	NA
ENSDART00000125393	FP102169.1	55	57.0	34.7	13.3	20.8	90.1	125.8	NA	NA	NA
ENSDART00000125396	sfr1	79	32.4	29.8	9.9	19.2	38.4	53.6	NA	NA	NA
ENSDART00000122878	si:ch211-113a14.13	67	-1.7	-9.0	-14.5	-11.1	-6.6	9.0	NA	NA	NA
ENSDART00000063359	ucp2	364	89.6	92.2	27.6	56.6	120.7	142.1	472.92	53.73	-3.13779641215
ENSDART00000088650	zbtb4	1	69.2	69.2	NA	NA	NA	NA	NA	NA	NA
ENSDART00000078018	ruvbl2	94	70.7	60.7	28.1	39.1	88.7	126.4	110.22	158.63	0.525279606088
ENSDART00000065566	hars2	84	21.5	20.3	2.2	12.0	32.5	43.6	NA	NA	NA
ENSDART00000145281	si:dkey-187a12.4	9	25.6	33.5	NA	NA	NA	NA	NA	NA	NA
ENSDART00000135207	rbm4.3	2808	116.0	118.1	71.3	95.5	138.4	157.5	95.42	1574.14	4.04412835962
ENSDART00000145282	sepp1a	4	79.4	84.2	NA	NA	NA	NA	NA	NA	NA
ENSDART00000135200	ccdc28b	1	38.0	38.0	NA	NA	NA	NA	NA	NA	NA
ENSDART00000063357	ccnb1	5581	31.1	25.8	5.4	13.1	43.2	63.5	747.04	4105.14	2.45817402511
ENSDART00000025046	ppp1caa	348	52.8	47.8	15.1	27.6	73.3	99.4	67.25	362.46	2.43021561963
ENSDART00000113193	cbln2a	1	1.3	1.3	NA	NA	NA	NA	NA	NA	NA
ENSDART00000011970	zgc:66479	84	66.7	66.7	24.1	43.8	89.9	104.1	52.95	64.92	0.294032315668
ENSDART00000137131	dnah7	1	65.3	65.3	NA	NA	NA	NA	NA	NA	NA
ENSDART00000052293	sh3bgrl3	51	52.9	50.2	18.4	28.9	71.0	91.8	NA	NA	NA
ENSDART00000052292	trnau1apa	30	32.4	27.8	8.9	15.2	37.8	61.2	NA	NA	NA
ENSDART00000063483	prkchb	1	142.1	142.1	NA	NA	NA	NA	NA	NA	NA
ENSDART00000043455	smad3b	8	35.0	28.4	NA	NA	NA	NA	NA	NA	NA
ENSDART00000036499	aamdc	4	67.0	66.8	NA	NA	NA	NA	NA	NA	NA
ENSDART00000017153	hps4	53	28.2	26.9	5.1	14.1	40.3	56.2	NA	NA	NA
ENSDART00000076333	pgk1	509	21.5	19.0	6.2	12.0	28.4	37.2	NA	NA	NA
ENSDART00000152216	znf513	44	23.4	21.6	4.5	9.5	33.2	50.9	NA	NA	NA
ENSDART00000043452	tsnaxip1	3	106.5	55.2	NA	NA	NA	NA	NA	NA	NA
ENSDART00000012659	zgc:55888	12	33.1	31.0	12.0	23.1	43.8	54.9	NA	NA	NA
ENSDART00000032778	RNF144B	23	39.9	28.7	10.8	20.1	43.6	82.2	NA	NA	NA
ENSDART00000141618	ercc2	128	35.4	30.7	8.5	18.8	44.5	62.5	27.94	30.63	0.132613346189
ENSDART00000128728	cux2a	9	40.2	35.0	NA	NA	NA	NA	NA	NA	NA
ENSDART00000101091	zgc:65772	37	49.4	39.1	13.9	25.6	57.0	103.7	47.16	55.25	0.228410746186
ENSDART00000144883	fam162a	84	34.9	30.3	11.6	19.6	46.7	64.4	NA	NA	NA
ENSDART00000144220	si:dkey-52k20.13	9	19.7	16.8	NA	NA	NA	NA	NA	NA	NA
ENSDART00000128722	RGS9BP	30	21.6	14.4	5.2	5.7	25.6	58.7	NA	NA	NA
ENSDART00000141616	abcb5	41	28.6	23.6	4.6	10.4	45.4	58.2	4.72	5.36	0.183446141096
ENSDART00000144225	osgep	8	40.2	36.3	NA	NA	NA	NA	NA	NA	NA
ENSDART00000144226	ctsll	2	174.9	174.9	NA	NA	NA	NA	NA	NA	NA
ENSDART00000103803	oprd1a	1	133.0	133.0	NA	NA	NA	NA	NA	NA	NA
ENSDART00000151418	ap2m1b	34	33.2	31.8	2.8	8.8	48.3	75.0	29.29	26.87	-0.124411871866
ENSDART00000021208	RABGAP1	41	42.8	37.9	16.5	20.5	61.2	80.2	NA	NA	NA
ENSDART00000016793	memo1	152	58.1	57.0	23.8	35.7	75.6	97.4	30.36	248.58	3.03346653028
ENSDART00000111123	MSH4	3	91.8	78.4	NA	NA	NA	NA	NA	NA	NA
ENSDART00000122520	chchd3	55	53.0	52.8	18.8	33.8	72.1	83.2	19.35	35.1	0.85913746416
ENSDART00000097934	cdh4	5	36.3	42.0	NA	NA	NA	NA	NA	NA	NA
ENSDART00000108718	polr2d	175	32.8	26.6	10.9	15.1	43.1	62.4	49.19	30.97	-0.667493672049
ENSDART00000097930	vsig8a	1	77.9	77.9	NA	NA	NA	NA	NA	NA	NA
ENSDART00000145931	lct	1	107.9	107.9	NA	NA	NA	NA	NA	NA	NA
ENSDART00000066655	mybl1	2	8.0	8.0	NA	NA	NA	NA	NA	NA	NA
ENSDART00000097938	NSUN6	11	64.1	61.1	22.9	28.6	84.7	122.9	NA	NA	NA
ENSDART00000026965	plxnb3	3	39.9	12.8	NA	NA	NA	NA	3.12	1.71	-0.867549703976
ENSDART00000112805	CR848784.2	4	58.0	50.4	NA	NA	NA	NA	NA	NA	NA
ENSDART00000089017	rnasen	139	23.6	20.0	4.6	10.6	33.1	45.4	25.03	6.05	-2.04865124353
ENSDART00000152680	pyyb	4	38.4	34.9	NA	NA	NA	NA	NA	NA	NA
ENSDART00000112801	dhcr7	10	50.5	43.4	15.4	26.7	67.9	91.3	NA	NA	NA
ENSDART00000124847	CABZ01081748.1	3	28.3	31.2	NA	NA	NA	NA	NA	NA	NA
ENSDART00000124845	nmt1a	151	81.4	58.1	21.7	36.9	128.6	179.9	24.92	98.21	1.97856586265
ENSDART00000152689	OPLAH	3	72.6	63.7	NA	NA	NA	NA	NA	NA	NA
ENSDART00000026969	suco	252	41.7	35.1	11.4	18.4	62.5	81.4	13.7	7.91	-0.792426293375
ENSDART00000124840	PPP4R1L	552	72.0	71.0	33.5	50.8	91.2	109.9	143.03	103.08	-0.472553336245
ENSDART00000112808	col28a1	3	98.2	72.2	NA	NA	NA	NA	NA	NA	NA
ENSDART00000064369	akap7	20	49.0	45.7	22.0	28.4	68.5	89.4	NA	NA	NA
ENSDART00000013961	mycla	1234	57.9	50.7	14.9	28.1	80.7	110.5	255.24	459.08	0.846891142712
ENSDART00000060998	nme5	2	32.9	32.9	NA	NA	NA	NA	NA	NA	NA
ENSDART00000144088	sdk1a	7	53.1	54.3	NA	NA	NA	NA	NA	NA	NA
ENSDART00000080247	trim105	43	31.1	30.4	5.9	16.0	42.3	49.7	NA	NA	NA
ENSDART00000064365	C20H1orf198	157	46.6	45.8	14.1	25.0	60.9	87.2	31.11	68.61	1.1410404716
ENSDART00000127745	HIST1H4D	32	5.0	-3.2	-14.7	-11.0	0.7	18.3	NA	NA	NA
ENSDART00000103948	si:ch211-69g19.2	550	39.9	31.1	10.6	18.2	49.6	79.3	130.2	175.91	0.434108049885
ENSDART00000078012	zgc:153345	36	13.9	12.0	-5.5	3.4	19.4	29.1	NA	NA	NA
ENSDART00000078014	poldip2	317	45.5	44.1	17.8	29.8	58.9	74.1	53.13	57.85	0.122790246522
ENSDART00000078336	klc3	38	46.0	41.2	11.2	21.8	61.3	91.1	NA	NA	NA
ENSDART00000011657	cdc6	498	74.7	72.1	15.3	35.9	107.5	137.2	128.14	1007.12	2.97444279234
ENSDART00000103493	MARC2	10	29.7	17.0	2.3	12.4	44.9	61.4	NA	NA	NA
ENSDART00000138801	si:ch73-299h12.6	9	56.2	30.7	NA	NA	NA	NA	NA	NA	NA
ENSDART00000011303	ywhae2	14	54.2	41.8	13.9	33.5	47.3	111.9	NA	NA	NA
ENSDART00000103498	si:ch211-154o6.3	31	48.8	45.8	23.1	34.2	61.3	74.0	NA	NA	NA
ENSDART00000011305	dpp3	95	64.4	67.5	30.7	46.1	85.6	94.9	19.63	114.19	2.54030423669
ENSDART00000100769	hsd20b2	2	124.2	124.2	NA	NA	NA	NA	NA	NA	NA
ENSDART00000108575	psma1	25	38.3	28.4	6.3	11.9	39.8	62.2	NA	NA	NA
ENSDART00000030211	gmfb	60	83.0	92.8	6.3	33.2	126.3	150.4	NA	NA	NA
ENSDART00000122127	copa	221	46.4	42.9	17.1	27.6	58.8	78.1	41.84	57.15	0.449870646855
ENSDART00000030215	rpl18a	1304	51.8	50.2	24.9	37.3	63.6	76.1	495.99	28.82	-4.1051687931
ENSDART00000075889	trub1	16	49.6	43.8	23.3	28.0	71.0	83.9	12.24	68.13	2.47668664874
ENSDART00000066789	stard3nl	47	42.2	42.9	8.1	20.2	57.2	71.5	NA	NA	NA
ENSDART00000092024	si:dkey-32e23.4	20	30.4	26.2	8.7	19.1	40.0	58.2	NA	NA	NA
ENSDART00000059307	smpd2	16	41.2	35.7	1.9	9.1	69.6	81.2	NA	NA	NA
ENSDART00000004984	daam1b	19	31.4	31.4	18.7	23.8	35.5	46.6	NA	NA	NA
ENSDART00000056294	pitrm1	112	36.9	32.3	10.6	20.0	49.0	71.9	19.06	22.94	0.267317272106
ENSDART00000056291	klf6b	1	27.1	27.1	NA	NA	NA	NA	NA	NA	NA
ENSDART00000045850	si:ch211-243j20.2	17	21.5	19.6	5.9	15.4	29.2	36.8	NA	NA	NA
ENSDART00000060193	thap3	4	28.1	32.1	NA	NA	NA	NA	NA	NA	NA
ENSDART00000060191	suv420h1	256	32.5	27.0	8.2	14.6	40.0	60.0	50.56	22.55	-1.16486903003
ENSDART00000018939	tha1	3	21.3	10.8	NA	NA	NA	NA	NA	NA	NA
ENSDART00000000087	itsn1	12	25.8	21.6	9.3	13.8	31.8	43.2	7.25	33.53	2.20939958289
ENSDART00000018423	ywhaqb	45	37.4	29.6	7.7	16.6	43.3	88.6	NA	NA	NA
ENSDART00000018425	slc12a2	136	53.5	44.3	6.3	21.6	82.8	102.6	7.84	53.08	2.75924281125
ENSDART00000018934	pde4d	6	38.2	39.4	NA	NA	NA	NA	NA	NA	NA
ENSDART00000010256	eif3m	363	52.7	50.8	18.9	35.4	67.7	86.2	158.2	156.32	-0.0172472273918
ENSDART00000126570	NFRKB	118	34.0	30.3	6.6	12.9	44.3	64.9	9.86	11.57	0.23072931273
ENSDART00000082797	coq2	7	35.6	38.4	NA	NA	NA	NA	NA	NA	NA
ENSDART00000015374	cyb5r1	96	22.4	17.8	5.6	11.2	25.7	43.7	NA	NA	NA
ENSDART00000078484	rangap1b	135	53.0	47.3	14.7	28.2	70.5	98.7	23.02	76.97	1.74140841383
ENSDART00000082790	si:dkey-163m14.2	1	14.5	14.5	NA	NA	NA	NA	NA	NA	NA
ENSDART00000146480	pou2f1b	22	60.2	41.4	18.5	27.9	94.7	105.6	NA	NA	NA
ENSDART00000124716	CU571336.1	33	32.6	30.6	11.7	16.9	41.7	69.9	9.35	12.15	0.377918043718
ENSDART00000124715	im:7151068	31	36.2	26.8	8.8	12.5	49.0	71.3	NA	NA	NA
ENSDART00000078763	vsx1	7	16.0	9.9	NA	NA	NA	NA	NA	NA	NA
ENSDART00000124710	dlg5a	58	17.3	14.5	-6.4	6.3	26.7	39.7	8.8	0.42	-4.38904229075
ENSDART00000076496	stk33	1	15.9	15.9	NA	NA	NA	NA	NA	NA	NA
ENSDART00000104520	cnbpb	12	98.6	99.1	3.6	51.5	145.6	197.2	NA	NA	NA
ENSDART00000019330	ech1	32	69.2	71.2	30.3	55.3	88.4	99.6	NA	NA	NA
ENSDART00000081043	zgc:174160	44	31.0	23.1	4.6	9.4	40.1	55.3	7.29	4.2	-0.795529486661
ENSDART00000147285	tomm70a	195	51.5	48.3	10.5	27.0	70.3	98.8	42.98	119.77	1.47852919912
ENSDART00000081047	atp1a1a.1	696	66.3	67.4	23.2	44.6	87.1	103.5	85.6	192.03	1.1656490127
ENSDART00000114495	wu:fk48d07	348	73.8	72.9	31.2	53.8	93.2	114.7	15.5	129.65	3.06428208558
ENSDART00000127162	BX470211.1	1	39.0	39.0	NA	NA	NA	NA	NA	NA	NA
ENSDART00000056742	bre	32	37.9	33.8	12.7	20.2	52.1	63.9	NA	NA	NA
ENSDART00000127167	fam217b	26	29.5	27.7	8.0	14.3	33.0	60.9	NA	NA	NA
ENSDART00000018685	syt9a	1	52.2	52.2	NA	NA	NA	NA	NA	NA	NA
ENSDART00000147389	tmem35	6	32.9	28.5	NA	NA	NA	NA	NA	NA	NA
ENSDART00000147572	hipk3a	140	56.4	53.6	11.1	30.3	79.8	102.8	7.62	29.71	1.96308570234
ENSDART00000104451	leprel4	4	32.2	34.6	NA	NA	NA	NA	NA	NA	NA
ENSDART00000056748	eng2b	5	107.7	109.5	NA	NA	NA	NA	NA	NA	NA
ENSDART00000122412	mpzl2b	159	53.5	51.9	15.8	29.5	75.4	99.2	46.98	110.65	1.23588483268
ENSDART00000126417	bri3	107	63.8	55.8	19.4	32.9	79.8	124.6	NA	NA	NA
ENSDART00000122294	ythdf3	179	49.0	45.1	17.2	26.6	64.5	84.3	NA	NA	NA
ENSDART00000036110	PFKFB2	19	27.7	26.5	8.2	19.4	36.2	44.4	NA	NA	NA
ENSDART00000123932	vps28	212	34.9	26.8	7.4	15.0	44.4	66.8	NA	NA	NA
ENSDART00000106039	CU074314.1	25	40.8	36.9	10.1	20.1	55.3	88.9	8.84	12.74	0.527247002865
ENSDART00000054290	ddost	406	43.9	39.7	15.2	25.0	59.7	77.1	79.53	111.28	0.484623248954
ENSDART00000103232	foxf2b	1	110.5	110.5	NA	NA	NA	NA	NA	NA	NA
ENSDART00000085210	CACNA1H	50	37.5	29.8	9.8	17.9	47.5	66.4	NA	NA	NA
ENSDART00000103236	ankrd37	10	48.2	32.9	10.2	17.7	58.0	92.6	NA	NA	NA
ENSDART00000103234	gmds	44	28.9	22.4	10.8	16.3	37.1	56.6	17.61	10.23	-0.783588764086
ENSDART00000103235	flad1	100	37.4	31.4	13.2	23.6	45.3	64.6	NA	NA	NA
ENSDART00000085219	lmo4a	36	30.1	18.6	4.4	13.4	29.9	62.6	NA	NA	NA
ENSDART00000059017	nfkbil1	6	28.4	29.6	NA	NA	NA	NA	NA	NA	NA
ENSDART00000059014	zgc:173443	2	40.8	40.8	NA	NA	NA	NA	NA	NA	NA
ENSDART00000103239	tspan4	29	30.9	29.5	9.0	22.6	39.9	58.0	NA	NA	NA
ENSDART00000059013	sec61b	553	57.4	55.0	21.8	36.8	73.7	93.3	375.17	1171.69	1.64297454479
ENSDART00000073459	BOLA2	3	32.3	30.9	NA	NA	NA	NA	NA	NA	NA
ENSDART00000073452	si:ch211-113a14.12	67	45.8	39.1	5.8	14.6	72.4	97.0	NA	NA	NA
ENSDART00000021406	ppil1	219	58.4	53.7	25.6	38.7	68.9	90.5	52.51	79.92	0.605964387464
ENSDART00000139073	rassf4	18	61.3	58.9	35.1	44.2	80.7	88.1	NA	NA	NA
ENSDART00000073454	zgc:110434	10	15.4	4.8	-6.4	-1.5	13.7	45.1	NA	NA	NA
ENSDART00000004255	jak2a	25	72.8	75.5	21.6	66.1	93.4	99.4	4.64	5.61	0.273875965481
ENSDART00000093131	FRMD4A	4	12.0	16.5	NA	NA	NA	NA	NA	NA	NA
ENSDART00000102724	zgc:113343	3	20.5	20.7	NA	NA	NA	NA	NA	NA	NA
ENSDART00000102721	UBXN11	2	65.2	65.2	NA	NA	NA	NA	NA	NA	NA
ENSDART00000143052	cox14	4	9.7	7.5	NA	NA	NA	NA	NA	NA	NA
ENSDART00000009227	orai1b	10	33.5	31.3	12.2	17.7	45.3	60.3	NA	NA	NA
ENSDART00000143056	zyx	309	57.8	55.7	16.7	34.0	78.5	103.3	11.73	71.77	2.61317790734
ENSDART00000040756	zgc:136493	14	44.5	38.8	16.5	17.8	64.5	77.7	NA	NA	NA
ENSDART00000040754	mark2a	136	35.1	31.0	10.9	17.7	47.0	68.3	14.09	11.33	-0.314523750489
ENSDART00000010079	hspa5	1862	36.5	33.8	11.8	20.8	48.7	64.6	450.11	251.25	-0.841154020843
ENSDART00000067339	mcm10	270	30.8	28.0	9.1	17.5	41.1	57.5	56.07	22.99	-1.28622260375
ENSDART00000057364	zbtb48	63	53.1	50.1	14.3	28.0	77.6	95.4	12.5	26.49	1.08351974882
ENSDART00000047902	arcn1b	188	43.7	42.9	11.1	25.2	59.4	74.7	38.57	159.11	2.04447346025
ENSDART00000036375	dscr3	14	41.7	29.8	12.9	16.3	51.3	64.1	15.7	8.03	-0.967292666262
ENSDART00000133898	dnal4a	146	51.1	45.9	17.7	30.7	68.4	92.3	NA	NA	NA
ENSDART00000075663	efcab4a	7	84.4	94.3	NA	NA	NA	NA	NA	NA	NA
ENSDART00000076073	cyb5b	2	31.1	31.1	NA	NA	NA	NA	NA	NA	NA
ENSDART00000114491	ror2	50	60.6	56.5	13.0	31.1	87.2	113.7	11.36	75.18	2.72638608054
ENSDART00000132535	G3BP2	4	102.2	95.0	NA	NA	NA	NA	NA	NA	NA
ENSDART00000132536	hcfc1b	155	70.1	64.7	14.6	33.5	98.2	129.2	21.6	115.55	2.4194140423
ENSDART00000112356	si:ch211-150o23.3	32	34.3	25.0	10.6	14.0	51.4	75.5	NA	NA	NA
ENSDART00000060190	echdc1	2	18.8	18.8	NA	NA	NA	NA	NA	NA	NA
ENSDART00000009564	shox2	6	19.5	18.6	NA	NA	NA	NA	NA	NA	NA
ENSDART00000153310	cad	34	55.3	56.0	12.8	30.5	79.7	91.4	76.3	37.05	-1.04220951453
ENSDART00000109549	inpp5k	6	79.0	73.4	NA	NA	NA	NA	NA	NA	NA
ENSDART00000083111	TTYH3	70	66.2	65.5	20.9	41.6	84.4	109.8	NA	NA	NA
ENSDART00000153317	abracl	139	55.8	55.0	17.3	30.0	76.5	100.1	NA	NA	NA
ENSDART00000057507	ssbp1	59	51.2	47.2	17.1	23.4	65.6	84.4	42.94	63.82	0.571686417421
ENSDART00000109546	unc5b	2	29.1	29.1	NA	NA	NA	NA	NA	NA	NA
ENSDART00000057500	drg1	447	60.7	60.3	28.8	45.6	75.1	89.8	72.13	171.77	1.25180675976
ENSDART00000088826	h2afy	8	39.8	39.5	NA	NA	NA	NA	NA	NA	NA
ENSDART00000130554	isg15	75	49.2	32.0	9.0	14.0	68.8	120.6	NA	NA	NA
ENSDART00000130550	CR381544.1	33	46.2	43.2	16.0	24.9	60.2	83.6	NA	NA	NA
ENSDART00000130553	gro1	189	28.1	20.2	5.4	11.8	36.0	58.6	28.93	11.56	-1.32342492543
ENSDART00000135072	poc5	137	30.5	26.2	10.0	16.3	37.1	54.2	NA	NA	NA
ENSDART00000005616	rnpep	42	61.7	60.7	16.5	35.2	89.9	101.6	NA	NA	NA
ENSDART00000135079	zgc:63568	2	53.8	53.8	NA	NA	NA	NA	NA	NA	NA
ENSDART00000142336	hipk3b	6	32.6	23.3	NA	NA	NA	NA	NA	NA	NA
ENSDART00000097251	DUSP21	14	22.6	18.7	7.5	11.9	28.6	37.6	NA	NA	NA
ENSDART00000092552	ptprga	19	29.8	22.6	-0.4	13.8	45.8	61.9	NA	NA	NA
ENSDART00000097254	sftpbb	2	15.3	15.3	NA	NA	NA	NA	NA	NA	NA
ENSDART00000086094	plekha7a	1	8.6	8.6	NA	NA	NA	NA	NA	NA	NA
ENSDART00000142674	zfp36l2	381	26.9	22.0	9.2	14.7	35.6	53.8	NA	NA	NA
ENSDART00000034218	acin1b	344	49.7	45.8	17.0	29.7	67.2	84.6	70.31	106.13	0.594030724081
ENSDART00000101565	C9H2orf47	155	70.5	70.6	30.1	47.1	94.7	109.5	60.12	80.41	0.419529920673
ENSDART00000101561	ttll7	64	36.4	30.2	9.3	16.4	48.8	65.7	NA	NA	NA
ENSDART00000101563	btr02	9	26.3	20.6	NA	NA	NA	NA	NA	NA	NA
ENSDART00000049572	ncapd3	59	54.3	51.4	19.1	30.0	69.9	99.5	10.75	37.47	1.80139931785
ENSDART00000032474	pabpc1b	6	109.5	105.8	NA	NA	NA	NA	NA	NA	NA
ENSDART00000105236	smyd3	26	38.5	36.6	11.4	25.1	54.9	64.7	NA	NA	NA
ENSDART00000128406	BX324198.2	2	172.9	172.9	NA	NA	NA	NA	NA	NA	NA
ENSDART00000109764	C4H12orf45	37	66.1	69.0	21.9	33.7	87.4	119.3	47.28	112.03	1.24458317608
ENSDART00000109091	mettl1	57	59.7	58.1	29.7	45.0	75.0	86.4	32.42	36.91	0.187127646728
ENSDART00000109761	GANAB	3	64.6	59.1	NA	NA	NA	NA	13.32	15.19	0.189527787431
ENSDART00000028648	eef1db	111	33.6	29.0	9.4	16.0	45.5	58.4	19.9	4.93	-2.01310887905
ENSDART00000136332	tmem56b	12	73.7	62.8	30.9	51.3	104.5	115.9	NA	NA	NA
ENSDART00000111333	mterfd3	5	36.9	29.0	NA	NA	NA	NA	NA	NA	NA
ENSDART00000111334	mtpap	106	33.1	31.9	11.0	20.7	42.2	56.5	NA	NA	NA
ENSDART00000127809	BX000701.1	20	58.1	34.2	17.0	24.1	60.2	87.2	NA	NA	NA
ENSDART00000129803	zc3h3	153	65.0	66.2	31.3	48.0	82.0	98.5	12.06	24.4	1.01665124055
ENSDART00000077800	tfdp1a	149	43.4	32.6	7.8	16.0	62.5	103.0	36.99	237.84	2.68478416278
ENSDART00000133661	tasp1	39	67.5	66.9	22.4	42.8	91.4	109.4	NA	NA	NA
ENSDART00000076974	gfpt2	1	18.9	18.9	NA	NA	NA	NA	NA	NA	NA
ENSDART00000133665	mrpl35	1	27.6	27.6	NA	NA	NA	NA	NA	NA	NA
ENSDART00000062745	riok3	54	59.8	57.8	24.7	43.1	70.7	100.4	25.42	65.21	1.35912918939
ENSDART00000062292	atf2	27	28.8	23.4	7.6	12.6	34.2	66.0	NA	NA	NA
ENSDART00000142010	ncam1b	1	71.1	71.1	NA	NA	NA	NA	NA	NA	NA
ENSDART00000112588	TJP1	71	32.9	27.8	12.8	18.3	41.2	61.7	15.91	6.08	-1.38779060689
ENSDART00000089844	HIST2H3A	21	76.4	74.2	17.5	44.5	87.1	116.8	NA	NA	NA
ENSDART00000089845	IM:7163548	85	117.4	122.4	67.8	98.5	146.0	157.7	21.48	130.5	2.60298390836
ENSDART00000086326	rab8a	210	33.8	27.1	4.4	14.3	47.2	77.8	NA	NA	NA
ENSDART00000112584	NSMCE2	45	51.0	47.3	17.1	24.8	70.1	92.4	NA	NA	NA
ENSDART00000062676	supt5h	60	86.2	95.5	20.2	38.5	121.5	151.8	20.4	120.54	2.5628709126
ENSDART00000101152	spint2	600	73.1	74.5	31.0	48.3	95.7	112.9	29.5	212.88	2.85125355589
ENSDART00000080495	zbtb47a	6	35.2	26.0	NA	NA	NA	NA	NA	NA	NA
ENSDART00000003511	llgl1	348	43.3	39.9	12.4	23.7	57.8	79.8	9.16	212.8	4.53800674229
ENSDART00000130594	afap1	2	13.5	13.5	NA	NA	NA	NA	NA	NA	NA
ENSDART00000008761	arl6ip5b	142	56.1	55.6	13.6	35.6	77.4	90.4	NA	NA	NA
ENSDART00000006038	shisa4	7	33.1	28.6	NA	NA	NA	NA	NA	NA	NA
ENSDART00000091397	TNKS	253	43.4	40.1	16.2	24.0	57.3	76.7	30.32	45.79	0.594762811502
ENSDART00000114936	ESAM	15	53.9	50.1	34.5	41.3	63.0	76.0	NA	NA	NA
ENSDART00000113182	COMMD6	8	17.6	14.5	NA	NA	NA	NA	NA	NA	NA
ENSDART00000017309	ca16b	19	28.1	19.7	8.7	13.8	38.7	52.4	NA	NA	NA
ENSDART00000017304	cpsf4	149	62.4	64.2	22.8	42.1	80.2	99.5	NA	NA	NA
ENSDART00000017305	ZNF76	48	52.3	52.9	19.2	33.0	73.6	80.8	22.25	9.65	-1.20520448859
ENSDART00000026712	mmp2	1	100.3	100.3	NA	NA	NA	NA	NA	NA	NA
ENSDART00000017307	zgc:91890	14	24.5	13.0	7.1	8.3	40.1	46.9	NA	NA	NA
ENSDART00000054426	lim2.3	1	137.1	137.1	NA	NA	NA	NA	NA	NA	NA
ENSDART00000132950	rad17	89	21.1	18.6	7.1	13.1	28.0	36.9	NA	NA	NA
ENSDART00000112092	calhm3	1	64.3	64.3	NA	NA	NA	NA	NA	NA	NA
ENSDART00000150664	svopl	128	27.6	23.7	9.5	16.3	32.5	52.1	20.06	3.14	-2.67548514172
ENSDART00000127766	padi2	29	57.5	55.0	23.3	41.4	77.0	94.4	NA	NA	NA
ENSDART00000053460	NAT6	107	35.5	32.1	7.4	13.8	49.2	64.3	NA	NA	NA
ENSDART00000127760	ECM1	11	36.5	34.3	11.1	28.7	49.1	57.9	NA	NA	NA
ENSDART00000127420	MDP1	13	50.6	35.9	8.5	22.6	86.7	101.4	NA	NA	NA
ENSDART00000151371	hmp19	6	58.0	48.6	NA	NA	NA	NA	NA	NA	NA
ENSDART00000022015	vps26b	75	68.4	71.3	23.9	42.1	86.8	110.8	16.44	104.21	2.66421152126
ENSDART00000022010	HIVEP2	1	53.5	53.5	NA	NA	NA	NA	NA	NA	NA
ENSDART00000127428	PELI3	3	74.9	90.3	NA	NA	NA	NA	NA	NA	NA
ENSDART00000047636	PITHD1	144	43.2	43.1	13.4	24.3	59.2	74.1	48.5	53.37	0.138044264026
ENSDART00000123732	nlk1	45	87.0	91.5	28.7	51.8	118.2	134.4	9.62	57.46	2.57844919376
ENSDART00000054340	rpl9	833	34.2	33.8	9.9	21.1	45.8	55.1	278.37	17.95	-3.95494799082
ENSDART00000148504	ctbp2	87	47.7	40.7	15.6	25.2	65.5	85.1	NA	NA	NA
ENSDART00000087053	spg20b	1	27.0	27.0	NA	NA	NA	NA	NA	NA	NA
ENSDART00000145541	cadm1a	1	37.9	37.9	NA	NA	NA	NA	NA	NA	NA
ENSDART00000087055	TRIO	143	41.7	35.9	7.0	17.3	60.5	86.2	7.54	19.73	1.38775452745
ENSDART00000148500	dlgap4a	67	33.8	30.4	8.5	19.1	47.8	59.7	19.74	14.69	-0.4262875939
ENSDART00000148502	clcn5	151	30.9	25.3	6.6	13.1	42.5	63.7	NA	NA	NA
ENSDART00000113232	YEATS2	62	57.0	54.7	17.5	32.8	74.8	95.5	3.28	30.05	3.19559727098
ENSDART00000020344	zgc:86598	478	40.6	38.5	11.0	21.9	53.7	70.6	68.85	72.12	0.06694274241
ENSDART00000020342	sgsm3	31	47.3	52.8	15.2	24.6	65.2	84.0	NA	NA	NA
ENSDART00000114515	atp8b2	1	23.4	23.4	NA	NA	NA	NA	NA	NA	NA
ENSDART00000114514	ptpn9b	78	44.9	39.7	12.0	24.6	56.3	83.3	NA	NA	NA
ENSDART00000140736	SHISA4	100	46.7	43.0	12.9	21.7	67.9	87.4	15.37	72.41	2.23607178579
ENSDART00000111028	chl1a	2	106.9	106.9	NA	NA	NA	NA	NA	NA	NA
ENSDART00000054153	denr	221	50.0	49.5	10.1	23.1	72.9	89.6	123.12	103.05	-0.256720631902
ENSDART00000121643	EVA1C	22	45.7	46.2	22.7	36.2	61.6	64.0	NA	NA	NA
ENSDART00000140731	si:ch211-11k18.4	605	28.9	25.7	9.7	17.0	38.6	52.5	142.27	51.78	-1.4581646073
ENSDART00000020995	tmem26b	1	205.8	205.8	NA	NA	NA	NA	NA	NA	NA
ENSDART00000098540	gltscr1	395	31.3	27.7	6.3	12.7	42.5	61.4	24.1	30.85	0.356237342919
ENSDART00000110426	CECR2	156	39.5	28.8	7.3	17.5	52.5	87.1	12.88	36.07	1.48566682967
ENSDART00000098545	tmem150a	6	33.4	32.9	NA	NA	NA	NA	NA	NA	NA
ENSDART00000110527	ahsa1l	125	64.1	63.5	17.6	41.0	89.8	112.1	80.7	192.28	1.25256812997
ENSDART00000038740	GALNT9	5	44.0	36.2	NA	NA	NA	NA	NA	NA	NA
ENSDART00000149630	ank3a	2	116.7	116.7	NA	NA	NA	NA	NA	NA	NA
ENSDART00000149631	sbds	63	35.3	33.2	12.1	18.2	49.5	60.8	NA	NA	NA
ENSDART00000127397	utp15	69	56.0	53.4	20.3	36.6	74.5	100.8	22.21	39.74	0.839382479703
ENSDART00000038748	dyrk1b	77	41.1	28.6	8.5	14.7	64.1	90.6	18.18	7.4	-1.29675502368
ENSDART00000078305	zswim5	116	30.2	20.7	5.2	12.6	38.2	65.2	5.76	4.79	-0.266043155706
ENSDART00000110529	bub1bb	168	32.9	23.6	5.4	13.7	42.6	68.3	10.6	137.31	3.69530052787
ENSDART00000022270	AL844567.1	23	48.1	36.4	4.6	27.1	81.4	99.7	8.47	40.53	2.25855630071
ENSDART00000060291	ighmbp2	20	53.9	46.0	29.3	32.5	68.1	88.5	NA	NA	NA
ENSDART00000031970	HOOK3	42	64.1	56.6	31.7	44.1	78.3	107.2	32.42	11.67	-1.47407952981
ENSDART00000031976	tmem136a	13	72.8	76.0	42.6	51.2	91.6	108.9	NA	NA	NA
ENSDART00000060296	dnaaf2	2	70.9	70.9	NA	NA	NA	NA	NA	NA	NA
ENSDART00000126388	rela	6	42.7	33.4	NA	NA	NA	NA	NA	NA	NA
ENSDART00000144149	angptl4	1	5.9	5.9	NA	NA	NA	NA	NA	NA	NA
ENSDART00000022279	GTSE1	123	20.6	15.7	3.7	9.0	26.2	39.4	19.6	2.59	-2.91982965132
ENSDART00000126384	ube4b	133	77.6	75.5	28.8	46.4	100.6	135.0	33.12	112.05	1.7583680709
ENSDART00000126380	CNBD1	2	27.8	27.8	NA	NA	NA	NA	NA	NA	NA
ENSDART00000016303	irx2a	3	22.0	13.7	NA	NA	NA	NA	NA	NA	NA
ENSDART00000138664	CLCN5	32	34.1	23.9	3.2	11.1	55.3	77.7	NA	NA	NA
ENSDART00000104042	atf7b	376	34.3	29.6	10.4	17.8	48.6	63.8	NA	NA	NA
ENSDART00000124341	zgc:171474	93	26.3	23.3	9.3	13.1	35.3	50.2	9.99	3.09	-1.69287783989
ENSDART00000129153	c1qa	4	38.9	39.4	NA	NA	NA	NA	NA	NA	NA
ENSDART00000123467	CU856539.4	8	38.6	37.0	NA	NA	NA	NA	NA	NA	NA
ENSDART00000137699	cnot3a	47	58.5	46.5	21.9	30.3	69.5	102.6	14.57	27.14	0.897419843354
ENSDART00000052331	rps20	978	46.2	44.1	25.0	34.1	56.8	66.5	1013.58	27.83	-5.18667524366
ENSDART00000137693	sdhaf1	11	44.8	41.0	24.9	32.4	54.3	55.6	NA	NA	NA
ENSDART00000137690	si:dkey-30j22.5	35	49.0	42.3	12.3	25.5	59.4	89.3	NA	NA	NA
ENSDART00000100574	stam2	65	68.1	64.6	22.5	38.3	92.9	124.4	NA	NA	NA
ENSDART00000146372	rab3da	62	57.2	59.0	7.0	27.3	84.0	104.2	NA	NA	NA
ENSDART00000140086	SUN2	6	41.1	45.2	NA	NA	NA	NA	NA	NA	NA
ENSDART00000016728	aga	32	49.0	48.3	9.6	22.3	72.9	86.5	14.67	19.49	0.409865219585
ENSDART00000043713	angpt1	3	68.3	55.7	NA	NA	NA	NA	NA	NA	NA
ENSDART00000043711	aox1	8	69.2	68.9	NA	NA	NA	NA	NA	NA	NA
ENSDART00000089968	rasl10a	3	68.3	59.5	NA	NA	NA	NA	NA	NA	NA
ENSDART00000015302	tomm40	290	73.0	71.6	35.2	54.0	90.4	113.5	48.8	134.8	1.46586744362
ENSDART00000088005	abcb10	16	35.9	38.7	12.8	23.9	44.5	53.0	NA	NA	NA
ENSDART00000034230	lrpprc	82	74.6	71.0	19.1	37.0	109.5	139.6	17.32	29.2	0.753529439041
ENSDART00000016167	zw10	158	28.5	24.3	5.2	11.4	41.4	59.6	NA	NA	NA
ENSDART00000002186	uck2a	347	54.4	52.2	15.8	30.0	74.8	95.8	45.38	363.33	3.00115197925
ENSDART00000135855	arpc5lb	80	31.6	31.2	8.3	13.7	43.3	63.8	NA	NA	NA
ENSDART00000085774	si:ch73-127m5.1	1	99.6	99.6	NA	NA	NA	NA	NA	NA	NA
ENSDART00000024224	fen1	426	38.6	35.4	12.2	22.7	51.2	65.7	116.74	147.41	0.33653542397
ENSDART00000047159	hmgb2a	3375	156.6	160.1	105.9	135.7	182.0	202.2	634.34	2419.32	1.93127338202
ENSDART00000112765	PRKD3	8	47.1	36.9	NA	NA	NA	NA	NA	NA	NA
ENSDART00000106388	EEF1E1	21	38.7	28.4	8.2	16.0	58.2	70.4	NA	NA	NA
ENSDART00000132329	stx17	67	40.6	37.8	15.1	24.1	53.0	68.0	NA	NA	NA
ENSDART00000037182	ankrd44	84	34.4	25.8	7.4	15.4	48.5	66.4	NA	NA	NA
ENSDART00000112343	TAF2	1	94.4	94.4	NA	NA	NA	NA	NA	NA	NA
ENSDART00000080423	ctsd	730	70.8	69.4	34.2	50.0	88.1	105.9	56.54	209.77	1.89146457912
ENSDART00000043908	calcrlb	4	47.8	50.8	NA	NA	NA	NA	NA	NA	NA
ENSDART00000112348	fam26e	4	20.0	16.1	NA	NA	NA	NA	NA	NA	NA
ENSDART00000051224	pafah1b2	46	31.7	26.9	6.4	13.9	41.9	64.8	NA	NA	NA
ENSDART00000122605	ATXN7L1	22	35.5	39.2	7.9	16.6	53.7	60.5	NA	NA	NA
ENSDART00000077834	rps27.2	246	55.3	54.6	30.1	41.7	65.4	81.2	466.37	159.3	-1.54972872098
ENSDART00000077835	dexi	15	37.9	33.4	17.1	21.4	46.2	68.5	NA	NA	NA
ENSDART00000023058	efhc1	3	37.1	30.9	NA	NA	NA	NA	NA	NA	NA
ENSDART00000150895	SEC16B	6	26.0	25.2	NA	NA	NA	NA	NA	NA	NA
ENSDART00000090644	MRPL2	70	72.1	75.9	21.9	42.7	101.3	119.3	31.96	59.77	0.903154134498
ENSDART00000150899	nin	36	29.5	23.4	-6.8	4.9	41.0	84.0	29.75	1.54	-4.27188741239
ENSDART00000018686	rrp15	39	57.9	35.8	13.3	18.2	87.3	134.7	19.94	5.28	-1.91705557504
ENSDART00000080129	ston2	14	45.7	24.5	8.0	19.4	85.6	101.9	NA	NA	NA
ENSDART00000104058	ncalda	370	49.9	43.3	24.3	32.6	63.6	86.3	84.37	210.21	1.31702929547
ENSDART00000144366	si:dkey-30k6.5	286	41.4	34.6	11.6	21.0	51.2	78.4	38.54	27.15	-0.505404373604
ENSDART00000099397	or105-1	1	25.2	25.2	NA	NA	NA	NA	NA	NA	NA
ENSDART00000088077	zgc:158398	32	27.4	24.2	4.7	16.8	32.9	43.7	NA	NA	NA
ENSDART00000104051	cdipt	186	83.4	85.2	36.6	60.6	107.2	127.1	25.97	59.85	1.20450523315
ENSDART00000085512	si:dkey-226m8.9	148	40.6	39.6	9.6	16.1	60.2	77.6	NA	NA	NA
ENSDART00000103007	si:ch211-113a14.23	4	75.5	85.6	NA	NA	NA	NA	NA	NA	NA
ENSDART00000111927	WDR81	40	67.8	64.0	17.2	39.2	96.0	110.3	4.6	16.19	1.81539721936
ENSDART00000056749	htr5a	14	27.8	24.0	13.8	16.8	39.4	48.1	NA	NA	NA
ENSDART00000111691	mbnl3	6	24.7	21.7	NA	NA	NA	NA	NA	NA	NA
ENSDART00000108963	CRB2	1	106.2	106.2	NA	NA	NA	NA	NA	NA	NA
ENSDART00000108962	plgrkt	31	54.4	53.7	12.6	28.0	78.0	104.0	NA	NA	NA
ENSDART00000025841	arhgef18a	80	37.8	28.2	7.1	16.0	58.3	71.6	16.89	47.88	1.50325382414
ENSDART00000111929	slco4a1	2	38.7	38.7	NA	NA	NA	NA	NA	NA	NA
ENSDART00000111699	tor1	156	49.3	43.9	8.9	21.0	68.1	95.1	62.71	114.13	0.863910640922
ENSDART00000111698	hoxc11b	1	43.0	43.0	NA	NA	NA	NA	NA	NA	NA
ENSDART00000061659	ivns1abpa	2	75.1	75.1	NA	NA	NA	NA	NA	NA	NA
ENSDART00000112009	PRR12	11	39.9	25.0	12.6	18.9	59.6	75.4	2.43	0.12	-4.33985000288
ENSDART00000152537	APLF	80	42.0	36.2	8.8	21.9	56.3	88.0	NA	NA	NA
ENSDART00000080120	immt	149	41.5	37.7	15.2	25.2	56.1	73.4	46.01	32.69	-0.493098079336
ENSDART00000129388	zgc:172131	1	47.8	47.8	NA	NA	NA	NA	NA	NA	NA
ENSDART00000032118	ube2g2	271	34.7	30.2	9.9	15.8	48.5	66.0	NA	NA	NA
ENSDART00000141265	znf106b	22	27.3	23.0	4.1	8.4	31.4	47.3	NA	NA	NA
ENSDART00000153129	dnmbp	144	37.7	32.9	7.6	22.3	48.9	69.2	8.99	8.86	-0.0210144169594
ENSDART00000147004	oxsr1b	68	45.3	44.2	0.6	18.8	65.2	96.7	12.5	61.09	2.28900814553
ENSDART00000144560	dgcr8	244	82.2	76.3	21.0	43.9	121.2	144.8	76.64	59.77	-0.358676018311
ENSDART00000018741	pcid2	164	62.3	61.5	27.3	43.1	83.6	96.4	44.56	113.05	1.3431398543
ENSDART00000126692	klc2	39	55.1	47.6	14.6	29.7	70.1	108.2	26.8	20.8	-0.365649472317
ENSDART00000131984	si:ch211-244c8.3	1	25.1	25.1	NA	NA	NA	NA	NA	NA	NA
ENSDART00000084114	nsd1a	45	27.9	23.5	2.7	8.7	37.7	56.3	6.07	2.72	-1.15808986501
ENSDART00000066924	tbc1d22a	41	38.8	25.9	9.8	13.3	58.1	78.3	NA	NA	NA
ENSDART00000025604	zgc:77849	150	39.5	33.1	8.6	20.7	50.8	81.0	23.15	35.83	0.630155850063
ENSDART00000036581	cdk2	303	39.9	35.1	10.2	16.2	56.1	78.0	NA	NA	NA
ENSDART00000123937	nlk2	9	77.7	79.4	NA	NA	NA	NA	NA	NA	NA
ENSDART00000098288	fadd	25	41.4	40.2	14.0	25.6	61.3	72.9	NA	NA	NA
ENSDART00000023306	asb12a	19	62.7	55.6	14.3	29.2	98.7	123.2	NA	NA	NA
ENSDART00000092941	rlf	325	40.0	36.0	8.1	18.3	59.0	79.4	37.45	49.31	0.396914534155
ENSDART00000092942	slc25a15a	4	29.9	25.6	NA	NA	NA	NA	NA	NA	NA
ENSDART00000097133	robo1	5	37.3	24.9	NA	NA	NA	NA	NA	NA	NA
ENSDART00000058007	samm50l	97	48.1	38.4	13.8	21.0	66.8	105.2	NA	NA	NA
ENSDART00000148889	ZNHIT6	385	59.8	58.1	24.0	38.9	78.6	97.4	69.83	239.58	1.77858859997
ENSDART00000101707	dhx40	57	31.8	29.0	11.9	17.3	42.1	54.6	23.21	26.73	0.203713314899
ENSDART00000059484	zgc:110333	1	33.0	33.0	NA	NA	NA	NA	NA	NA	NA
ENSDART00000097395	prpf4	0	NA	NA	NA	NA	NA	NA	16.78	53.71	1.67844800572
ENSDART00000054293	fam131c	23	49.5	45.8	24.8	31.5	65.7	83.9	NA	NA	NA
ENSDART00000148883	si:dkey-22i16.9	1	60.0	60.0	NA	NA	NA	NA	NA	NA	NA
ENSDART00000142247	si:ch211-260m19.8	1	32.3	32.3	NA	NA	NA	NA	NA	NA	NA
ENSDART00000073663	ugt2a6	2	16.4	16.4	NA	NA	NA	NA	NA	NA	NA
ENSDART00000073846	BX957362.1	7	47.4	51.9	NA	NA	NA	NA	NA	NA	NA
ENSDART00000098842	hsd17b12b	156	27.2	21.3	5.8	11.3	32.9	55.8	NA	NA	NA
ENSDART00000083322	cxxc1l	90	46.4	40.0	14.0	24.4	69.1	82.0	16.05	35.57	1.14808767705
ENSDART00000074129	zgc:171489	1	41.1	41.1	NA	NA	NA	NA	NA	NA	NA
ENSDART00000083327	lrrc8db	9	28.5	28.3	NA	NA	NA	NA	NA	NA	NA
ENSDART00000058020	helb	95	71.5	61.0	29.9	44.0	98.1	120.1	17.87	41.24	1.20650469833
ENSDART00000007090	tbx16	313	115.8	122.4	30.3	75.8	152.0	181.6	NA	NA	NA
ENSDART00000027224	lmbr1l	83	76.8	72.8	20.5	49.0	104.6	125.3	13.76	44.72	1.70043971814
ENSDART00000020505	chd1l	70	39.5	31.5	10.1	17.9	50.1	86.5	NA	NA	NA
ENSDART00000078675	vps37a	45	23.0	18.6	3.4	10.6	28.7	44.2	NA	NA	NA
ENSDART00000146621	stk38l	163	42.5	42.3	10.8	23.4	56.8	73.0	44.28	62.3	0.49257694113
ENSDART00000138009	FAM83H	10	72.3	69.0	34.4	51.3	101.4	110.0	NA	NA	NA
ENSDART00000113436	ssh2b	9	38.3	40.2	NA	NA	NA	NA	NA	NA	NA
ENSDART00000113438	ehmt2	182	38.6	32.7	14.5	21.6	47.6	74.2	30.03	30.33	0.014341023067
ENSDART00000124520	CU928126.3	1	37.3	37.3	NA	NA	NA	NA	NA	NA	NA
ENSDART00000003879	fam199x	3	77.6	81.2	NA	NA	NA	NA	NA	NA	NA
ENSDART00000007231	psmb1	161	38.2	32.3	12.3	17.8	53.6	68.9	50.04	51.04	0.028546539599
ENSDART00000084803	asic2	6	29.2	23.4	NA	NA	NA	NA	NA	NA	NA
ENSDART00000084802	kif5bb	2	61.1	61.1	NA	NA	NA	NA	NA	NA	NA
ENSDART00000059732	id1	91	39.2	25.4	3.0	11.0	56.6	106.5	NA	NA	NA
ENSDART00000024087	fzd9b	14	36.9	23.3	7.9	11.7	48.6	82.1	NA	NA	NA
ENSDART00000024082	psmb6	38	61.0	29.9	14.5	23.7	86.8	137.6	NA	NA	NA
ENSDART00000091449	cep128	37	38.8	37.4	10.4	24.6	55.3	63.9	21.81	8.73	-1.32093621101
ENSDART00000024555	gli2a	6	51.8	56.7	NA	NA	NA	NA	NA	NA	NA
ENSDART00000137975	irak1	18	41.2	17.9	4.3	14.4	47.6	122.6	NA	NA	NA
ENSDART00000053858	papola	9	75.0	85.1	NA	NA	NA	NA	NA	NA	NA
ENSDART00000077161	RSF1	91	53.6	39.3	14.7	26.4	71.2	101.5	43.79	11.76	-1.89671338962
ENSDART00000136554	akap1a	144	30.4	26.3	6.9	16.3	42.2	54.2	NA	NA	NA
ENSDART00000109954	nr4a2a	1	14.5	14.5	NA	NA	NA	NA	NA	NA	NA
ENSDART00000102062	timp2b	1	24.6	24.6	NA	NA	NA	NA	NA	NA	NA
ENSDART00000143262	lyst	1	17.6	17.6	NA	NA	NA	NA	NA	NA	NA
ENSDART00000143265	hydin	2	50.0	50.0	NA	NA	NA	NA	NA	NA	NA
ENSDART00000058289	dusp22b	24	21.4	19.6	7.3	12.2	27.4	41.4	NA	NA	NA
ENSDART00000109953	PPFIA3	11	43.0	47.2	6.9	21.4	59.7	80.6	NA	NA	NA
ENSDART00000022864	ATXN3L	28	38.9	41.7	9.9	28.9	54.4	60.9	NA	NA	NA
ENSDART00000022866	pisd	19	22.9	20.3	3.4	11.6	31.8	43.6	NA	NA	NA
ENSDART00000109958	CU929119.1	1	19.6	19.6	NA	NA	NA	NA	NA	NA	NA
ENSDART00000033608	PURA	8	34.1	32.9	NA	NA	NA	NA	NA	NA	NA
ENSDART00000059826	tsku	32	28.1	20.9	6.4	11.3	35.0	60.6	NA	NA	NA
ENSDART00000153137	cx23	13	40.6	33.0	13.9	16.8	59.3	85.4	NA	NA	NA
ENSDART00000113752	PMF1	151	31.1	29.1	8.3	18.4	39.0	53.3	79.44	42.28	-0.909890246146
ENSDART00000028419	PPP1R8	197	51.6	46.0	12.1	24.8	77.9	97.0	NA	NA	NA
ENSDART00000079784	plcd3b	1	16.7	16.7	NA	NA	NA	NA	NA	NA	NA
ENSDART00000002583	aarsd1	11	37.2	34.6	11.9	21.6	56.8	63.4	NA	NA	NA
ENSDART00000002233	si:dkey-94f20.4	1	2.9	2.9	NA	NA	NA	NA	NA	NA	NA
ENSDART00000079030	BX927351.1	1	5.0	5.0	NA	NA	NA	NA	NA	NA	NA
ENSDART00000013343	b4galt6	195	50.9	37.8	4.5	16.1	80.7	110.1	23.38	30.08	0.363529637146
ENSDART00000057492	gadd45gip1	100	54.6	55.1	26.4	33.9	69.7	91.0	52.78	42.57	-0.310154260545
ENSDART00000035602	cxxc1	191	32.7	28.3	12.3	17.7	40.6	58.1	98.48	85.56	-0.202894279319
ENSDART00000124593	dph5	4	64.2	58.9	NA	NA	NA	NA	NA	NA	NA
ENSDART00000098712	TMEM208	45	43.4	37.0	16.1	21.5	61.5	73.4	NA	NA	NA
ENSDART00000024331	glsb	15	20.8	18.6	13.6	16.1	21.9	30.2	NA	NA	NA
ENSDART00000024330	creb3l1	1	15.8	15.8	NA	NA	NA	NA	NA	NA	NA
ENSDART00000006930	rttn	43	31.9	29.9	8.6	17.3	43.3	51.6	6.98	6.85	-0.0271230483618
ENSDART00000078924	sf3a3	240	72.5	71.3	27.5	47.8	94.1	117.4	35.93	241.0	2.745772306
ENSDART00000078920	auts2	7	45.9	25.7	NA	NA	NA	NA	NA	NA	NA
ENSDART00000106529	si:ch73-138e16.6	54	93.4	81.1	24.7	41.6	146.2	167.3	NA	NA	NA
ENSDART00000091497	tceanc2	65	62.3	55.7	20.7	37.1	81.6	113.8	NA	NA	NA
ENSDART00000089480	cyp4v8	1	74.9	74.9	NA	NA	NA	NA	NA	NA	NA
ENSDART00000013079	scp2a	25	45.0	49.8	7.5	25.1	63.0	71.9	NA	NA	NA
ENSDART00000087204	dusp3a	21	22.3	18.7	11.7	13.4	30.4	38.0	NA	NA	NA
ENSDART00000034707	lsm14b	810	32.1	28.6	10.6	17.6	40.3	57.0	221.99	161.22	-0.461463961664
ENSDART00000145043	dcaf17	13	38.9	37.8	11.0	28.1	43.4	64.4	NA	NA	NA
ENSDART00000087202	FAM195A	34	33.2	26.6	0.9	10.5	54.2	77.1	NA	NA	NA
ENSDART00000135221	C9H3orf17	71	38.4	29.8	14.2	18.4	46.5	56.6	NA	NA	NA
ENSDART00000130610	tmem117	10	30.4	26.0	21.5	24.2	36.8	41.1	NA	NA	NA
ENSDART00000052101	zgc:91944	2	31.6	31.6	NA	NA	NA	NA	NA	NA	NA
ENSDART00000002055	cacna2d3	6	39.2	37.3	NA	NA	NA	NA	NA	NA	NA
ENSDART00000002053	pms1	34	52.7	40.6	22.0	30.0	74.4	94.0	NA	NA	NA
ENSDART00000079251	vars2	46	27.7	22.1	8.6	15.2	38.6	54.0	18.05	4.83	-1.90190374294
ENSDART00000123681	myt1b	1	6.3	6.3	NA	NA	NA	NA	NA	NA	NA
ENSDART00000017791	tab2	200	48.5	43.0	11.5	23.9	68.4	92.3	24.99	45.93	0.878085882134
ENSDART00000017829	HELZ2	3	93.6	87.2	NA	NA	NA	NA	NA	NA	NA
ENSDART00000080770	tmf1	91	47.3	40.8	15.7	24.7	64.8	90.7	23.37	35.14	0.588456457226
ENSDART00000131694	selenbp1	59	33.7	33.9	17.2	23.4	42.6	54.7	24.6	17.29	-0.508720446584
ENSDART00000090541	si:ch73-61d6.3	5	43.1	30.5	NA	NA	NA	NA	NA	NA	NA
ENSDART00000128298	CABZ01067945.1	1	79.2	79.2	NA	NA	NA	NA	NA	NA	NA
ENSDART00000128839	fez1	1	119.4	119.4	NA	NA	NA	NA	NA	NA	NA
ENSDART00000101071	zgc:113293	9	11.7	12.6	NA	NA	NA	NA	NA	NA	NA
ENSDART00000029238	shox	1	30.0	30.0	NA	NA	NA	NA	NA	NA	NA
ENSDART00000128830	RBM11	9	20.6	25.1	NA	NA	NA	NA	NA	NA	NA
ENSDART00000088677	si:dkeyp-110e4.6	5	55.6	54.4	NA	NA	NA	NA	NA	NA	NA
ENSDART00000021596	rxrbb	8	43.3	46.3	NA	NA	NA	NA	NA	NA	NA
ENSDART00000088673	tiparp	22	34.6	28.9	7.2	12.1	46.0	80.5	NA	NA	NA
ENSDART00000063400	mllt1	276	26.6	23.6	7.0	13.2	35.8	50.4	NA	NA	NA
ENSDART00000151437	carhsp1	79	32.2	26.1	6.7	15.3	41.2	64.2	NA	NA	NA
ENSDART00000151436	NTAN1	60	19.9	17.5	4.1	10.8	24.4	38.8	NA	NA	NA
ENSDART00000111104	phf12a	5	28.0	18.2	NA	NA	NA	NA	NA	NA	NA
ENSDART00000111102	chpfb	7	13.0	10.7	NA	NA	NA	NA	NA	NA	NA
ENSDART00000130809	WDR61	129	55.4	55.9	26.6	43.9	72.0	80.3	21.58	56.08	1.37779148452
ENSDART00000055844	chid1	19	31.8	29.3	11.7	24.8	42.2	53.9	NA	NA	NA
ENSDART00000047362	MSRA	65	31.0	26.8	8.2	14.3	44.1	55.5	NA	NA	NA
ENSDART00000114160	TMEM87B	40	32.2	31.2	0.1	17.2	49.3	62.4	NA	NA	NA
ENSDART00000114167	si:dkeyp-98a7.10	25	41.8	31.2	9.2	24.1	67.3	82.2	26.69	5.89	-2.17995976631
ENSDART00000149279	med12	25	70.9	69.9	43.5	54.8	97.4	112.2	60.6	37.35	-0.698209550684
ENSDART00000012670	pnn	74	81.7	80.7	15.7	46.9	114.4	148.3	81.12	341.34	2.07307992941
ENSDART00000037973	morc2	211	89.1	95.2	40.5	67.3	118.4	129.4	22.13	157.66	2.8327413234
ENSDART00000141638	prkar1aa	184	53.7	45.3	11.7	22.0	82.9	110.8	NA	NA	NA
ENSDART00000152892	slc16a8	2	156.6	156.6	NA	NA	NA	NA	NA	NA	NA
ENSDART00000141648	mnd1	30	39.6	35.8	13.4	24.0	57.2	64.2	NA	NA	NA
ENSDART00000022484	rnft1	74	37.0	32.5	13.0	19.2	49.0	64.5	NA	NA	NA
ENSDART00000022481	mccc2	143	55.2	51.0	15.5	29.7	73.4	99.8	32.33	51.87	0.682026862237
ENSDART00000128742	CAMSAP3	3	210.4	217.1	NA	NA	NA	NA	NA	NA	NA
ENSDART00000099003	plscr3b	138	49.8	47.5	17.7	28.3	66.0	90.2	21.13	286.04	3.75885223604
ENSDART00000080006	zgc:112263	12	34.7	34.7	6.9	22.0	47.5	57.9	NA	NA	NA
ENSDART00000080005	itgb5	95	43.1	36.4	10.8	18.5	60.5	81.7	23.57	35.74	0.600587875791
ENSDART00000020598	hnrnpua	94	72.7	74.0	14.7	40.1	103.0	124.5	50.73	265.17	2.38600649984
ENSDART00000104606	rars2	6	35.1	35.3	NA	NA	NA	NA	NA	NA	NA
ENSDART00000104607	fam131ba	1	26.7	26.7	NA	NA	NA	NA	NA	NA	NA
ENSDART00000088247	qpctla	7	54.4	52.0	NA	NA	NA	NA	NA	NA	NA
ENSDART00000047208	madd	88	30.8	24.9	9.7	13.4	38.1	56.1	NA	NA	NA
ENSDART00000145959	sik2a	26	30.0	19.2	8.3	14.8	38.7	58.9	NA	NA	NA
ENSDART00000088242	BICC1	71	23.1	22.8	3.8	13.3	33.2	41.3	NA	NA	NA
ENSDART00000106708	SEC24B	106	54.4	53.0	16.6	28.4	79.4	92.5	21.23	64.34	1.59961156475
ENSDART00000145956	ptpn23a	137	45.5	47.5	10.8	22.2	62.5	76.1	6.58	30.23	2.19982148989
ENSDART00000104608	BX927351.2	16	34.4	36.9	11.6	18.4	45.5	57.1	NA	NA	NA
ENSDART00000108471	ipo7	218	47.0	42.1	12.4	22.5	66.0	93.9	70.05	65.43	-0.0984327799563
ENSDART00000148246	POLE4	258	40.4	33.1	8.3	16.0	58.9	78.9	89.42	100.54	0.169100143153
ENSDART00000089076	dot1l	74	39.9	36.3	5.6	12.9	51.8	80.3	8.4	19.76	1.23412171392
ENSDART00000089079	mpnd	15	59.7	61.9	9.0	47.4	85.2	100.2	NA	NA	NA
ENSDART00000026903	ptpra	74	45.4	33.1	12.1	20.0	57.3	106.3	15.39	9.32	-0.723591371674
ENSDART00000108778	NCOA7	120	31.2	24.8	10.8	14.2	41.8	64.5	NA	NA	NA
ENSDART00000100311	IKZF2	20	33.1	20.0	10.7	12.2	32.4	40.8	NA	NA	NA
ENSDART00000136754	cdh13	1	6.0	6.0	NA	NA	NA	NA	NA	NA	NA
ENSDART00000080260	zgc:109744	7	25.2	2.1	NA	NA	NA	NA	7.91	102.24	3.69213823647
ENSDART00000136759	prdm13	2	64.8	64.8	NA	NA	NA	NA	NA	NA	NA
ENSDART00000041740	UBL7	104	25.2	18.0	7.7	13.4	31.9	40.0	NA	NA	NA
ENSDART00000044128	hat1	230	34.3	33.1	11.2	19.6	45.1	61.7	74.32	103.39	0.47627424644
ENSDART00000123074	tlk1a	92	51.9	45.5	12.5	25.4	64.1	91.1	46.01	110.26	1.26089014499
ENSDART00000011324	ccdc102a	42	34.9	20.9	5.0	9.9	45.3	104.1	NA	NA	NA
ENSDART00000078313	luc7l	139	97.8	100.7	38.5	75.0	128.5	144.6	25.54	196.93	2.94685247567
ENSDART00000044432	apc	234	47.0	43.2	12.1	23.4	66.0	88.2	14.92	51.66	1.79180010786
ENSDART00000078316	nipa2	169	61.7	61.6	24.8	42.8	76.1	101.1	31.69	48.52	0.614551890738
ENSDART00000135834	dock5	24	65.5	76.3	14.7	24.5	101.8	109.2	NA	NA	NA
ENSDART00000108590	sc:d173	1	25.0	25.0	NA	NA	NA	NA	NA	NA	NA
ENSDART00000108597	ZNFX1	19	28.1	18.8	3.3	10.7	39.3	65.4	NA	NA	NA
ENSDART00000122475	CCDC137	31	46.6	46.3	17.1	30.8	60.7	81.4	28.33	34.54	0.285937481151
ENSDART00000122474	ptk2.1	71	43.2	39.3	11.4	20.6	57.0	75.9	NA	NA	NA
ENSDART00000122476	PCYOX1L	50	47.8	41.6	8.5	19.3	68.8	95.6	NA	NA	NA
ENSDART00000081202	casp8l1	3	84.4	48.7	NA	NA	NA	NA	NA	NA	NA
ENSDART00000036371	angel2	99	60.5	55.5	20.3	36.2	77.6	108.3	34.39	90.75	1.39990852724
ENSDART00000051030	tmem19	12	45.5	46.2	14.8	37.3	59.5	73.1	NA	NA	NA
ENSDART00000002449	mpped2a	97	25.2	21.4	3.4	14.0	33.3	52.6	NA	NA	NA
ENSDART00000081209	si:dkey-5i3.5	20	24.2	24.2	14.6	16.8	27.2	41.0	NA	NA	NA
ENSDART00000066730	cib1	1	73.1	73.1	NA	NA	NA	NA	NA	NA	NA
ENSDART00000116455	arhgap19	326	57.5	52.3	17.7	31.1	78.4	106.7	18.41	131.43	2.83573308869
ENSDART00000004071	znfl2a	24	88.3	63.9	12.1	42.4	129.0	175.8	59.45	34.31	-0.793047684075
ENSDART00000040443	zgc:110224	33	44.3	38.2	12.7	26.6	56.0	75.3	NA	NA	NA
ENSDART00000145019	akr1a1b	46	48.5	42.0	23.6	30.0	59.2	72.0	19.93	29.78	0.579402043743
ENSDART00000004622	sf3b4	626	80.2	78.9	43.3	61.8	98.2	115.5	38.93	337.47	3.11580500711
ENSDART00000126598	pxn	5	33.6	12.1	NA	NA	NA	NA	NA	NA	NA
ENSDART00000144605	PLLP	3	62.2	34.7	NA	NA	NA	NA	NA	NA	NA
ENSDART00000080919	rpl36a	499	41.0	37.7	17.6	27.1	50.8	61.2	821.0	7.96	-6.68846998101
ENSDART00000144609	tmed4	12	32.8	30.0	13.9	19.1	42.7	44.3	NA	NA	NA
ENSDART00000126596	kpna2	201	31.4	20.2	3.1	11.0	35.1	73.2	30.88	19.36	-0.673593799993
ENSDART00000126595	bcas2	373	61.6	59.2	21.0	37.4	82.8	105.3	68.03	290.77	2.09563543362
ENSDART00000085182	NMI	8	24.5	13.8	NA	NA	NA	NA	NA	NA	NA
ENSDART00000050619	slc10a3	19	60.0	47.1	33.1	36.9	73.1	107.9	NA	NA	NA
ENSDART00000124731	smcr7a	251	42.3	34.8	13.1	23.1	57.7	78.3	NA	NA	NA
ENSDART00000124732	asb7	335	51.2	46.0	14.4	26.1	72.2	96.8	NA	NA	NA
ENSDART00000121926	rab42b	1	10.6	10.6	NA	NA	NA	NA	NA	NA	NA
ENSDART00000124735	ZNF554	3	93.8	79.7	NA	NA	NA	NA	NA	NA	NA
ENSDART00000121924	BX324003.1	19	102.1	108.7	45.3	84.4	125.6	145.7	NA	NA	NA
ENSDART00000147704	si:dkey-282h22.5	4	41.7	37.5	NA	NA	NA	NA	NA	NA	NA
ENSDART00000147557	tagapa	70	54.7	32.1	15.1	21.5	74.6	143.5	NA	NA	NA
ENSDART00000147556	zgc:113340	231	31.2	23.7	8.3	15.5	36.7	56.8	NA	NA	NA
ENSDART00000100032	hyou1	471	40.3	36.8	11.3	22.9	56.3	76.6	119.73	160.05	0.418737992201
ENSDART00000147805	supt20	90	37.7	35.3	9.9	17.9	52.0	65.2	14.7	23.36	0.668224119156
ENSDART00000065036	phax	551	22.7	19.4	7.0	13.0	29.9	40.2	124.51	14.13	-3.13942824598
ENSDART00000061000	bbs2	31	47.3	46.0	20.0	35.7	56.6	72.9	NA	NA	NA
ENSDART00000147550	snn	7	27.3	18.8	NA	NA	NA	NA	NA	NA	NA
ENSDART00000131298	fbxw5	118	78.1	76.6	25.3	56.7	103.6	116.2	NA	NA	NA
ENSDART00000065038	atf1	109	73.4	71.4	20.4	42.5	101.1	123.5	31.67	327.66	3.37101079017
ENSDART00000112234	si:ch1073-280h16.1	180	21.7	18.8	5.8	11.1	27.5	37.0	NA	NA	NA
ENSDART00000025214	tsr2	223	47.0	44.0	15.6	27.4	61.8	79.9	107.31	88.9	-0.271529199999
ENSDART00000102525	stt3b	205	70.0	69.7	23.4	43.4	91.1	114.2	40.52	100.18	1.30588843746
ENSDART00000102526	gfer	369	29.9	25.9	9.7	16.2	37.6	54.0	NA	NA	NA
ENSDART00000098061	mbnl1	7	32.9	25.3	NA	NA	NA	NA	NA	NA	NA
ENSDART00000064926	kars	159	56.8	52.7	7.9	23.2	89.8	109.7	30.34	70.76	1.22171296244
ENSDART00000052348	exosc6	264	30.1	25.9	7.3	14.3	39.5	54.8	81.21	18.9	-2.10327115383
ENSDART00000060710	si:ch211-119b12.8	3	65.7	72.4	NA	NA	NA	NA	NA	NA	NA
ENSDART00000060714	atp6ap1a	1	65.9	65.9	NA	NA	NA	NA	NA	NA	NA
ENSDART00000128253	zbtb14	188	40.9	34.4	11.7	18.2	54.3	77.3	81.11	84.55	0.0599249602787
ENSDART00000126959	tnfaip2a	10	61.9	60.1	44.6	46.7	66.5	90.5	NA	NA	NA
ENSDART00000023483	sim1b	1	57.1	57.1	NA	NA	NA	NA	NA	NA	NA
ENSDART00000036172	crkl	81	35.6	24.6	3.1	12.8	58.2	75.5	NA	NA	NA
ENSDART00000066558	decr2	70	38.5	36.1	8.9	21.0	48.0	76.8	14.92	63.2	2.08267702281
ENSDART00000082517	RAB43	83	85.7	89.9	14.4	46.8	128.7	139.6	NA	NA	NA
ENSDART00000146609	coa5	123	61.7	63.2	24.5	46.1	77.9	89.5	NA	NA	NA
ENSDART00000074131	lmbrd1	122	78.1	86.7	16.6	47.6	108.7	124.2	NA	NA	NA
ENSDART00000104268	emc1	155	58.2	54.9	18.4	33.6	80.2	101.3	15.16	72.34	2.25452384448
ENSDART00000073478	brd1b	78	60.2	55.5	9.1	32.0	92.8	118.2	17.82	54.22	1.60532777632
ENSDART00000014916	klf3	14	42.8	39.3	12.3	15.5	67.3	73.2	NA	NA	NA
ENSDART00000009794	tdrkh	55	23.9	18.9	8.1	11.3	25.8	41.2	NA	NA	NA
ENSDART00000004277	lamc1	68	63.8	64.1	21.1	37.2	88.2	104.3	8.85	42.97	2.2795804168
ENSDART00000079806	smap1	74	78.3	82.6	21.7	42.9	106.1	131.6	26.97	142.83	2.40487160804
ENSDART00000073472	zgc:113426	25	18.0	19.3	7.2	12.3	24.3	27.1	NA	NA	NA
ENSDART00000067078	plekhg5a	8	20.1	18.0	NA	NA	NA	NA	NA	NA	NA
ENSDART00000093155	hpse	16	21.0	16.0	9.2	11.3	27.4	37.0	NA	NA	NA
ENSDART00000051695	TPMT	30	29.9	29.4	12.5	18.7	38.2	45.4	NA	NA	NA
ENSDART00000093402	cdk12	218	49.0	47.0	16.9	27.7	63.5	81.8	36.52	75.81	1.05370139968
ENSDART00000093152	gfm1	117	28.0	25.0	7.2	14.0	36.5	53.9	34.89	1.83	-4.25289804391
ENSDART00000134617	adssl	245	29.8	21.4	4.7	11.0	45.0	71.3	73.84	131.22	0.829513168123
ENSDART00000102293	C11H12orf10	95	44.9	42.2	13.4	24.0	62.9	81.1	51.76	27.55	-0.909785298534
ENSDART00000051699	sat1a.1	1	148.6	148.6	NA	NA	NA	NA	NA	NA	NA
ENSDART00000143382	il1rapl2	2	29.8	29.8	NA	NA	NA	NA	NA	NA	NA
ENSDART00000057699	cyp46a2	2	17.4	17.4	NA	NA	NA	NA	NA	NA	NA
ENSDART00000092690	srebf2	85	72.3	62.0	21.3	41.0	98.1	124.7	13.97	10.94	-0.352719282617
ENSDART00000136967	pm20d1.1	65	51.8	45.3	17.1	28.3	72.6	85.2	39.4	0.62	-5.98978360396
ENSDART00000128840	otud7b	59	41.1	37.3	10.2	18.7	56.6	71.6	NA	NA	NA
ENSDART00000062820	rab3b	1	120.7	120.7	NA	NA	NA	NA	NA	NA	NA
ENSDART00000066712	trappc3	25	31.9	21.5	11.0	12.9	28.4	41.5	NA	NA	NA
ENSDART00000005583	kdm5bb	31	57.4	59.0	20.6	30.3	77.6	99.7	13.69	31.77	1.21454264346
ENSDART00000073462	rplp0	363	35.0	31.3	5.1	16.4	45.3	59.1	264.39	14.7	-4.16877955077
ENSDART00000078660	zgc:113436	2	118.4	118.4	NA	NA	NA	NA	NA	NA	NA
ENSDART00000111480	CU459160.2	82	24.1	22.6	6.3	13.5	31.3	42.2	NA	NA	NA
ENSDART00000111486	mrpl43	101	32.0	30.3	10.1	17.1	43.4	54.5	NA	NA	NA
ENSDART00000059035	fam188a	53	22.0	18.1	7.2	10.9	28.0	51.4	NA	NA	NA
ENSDART00000059038	itga8	1	62.2	62.2	NA	NA	NA	NA	NA	NA	NA
ENSDART00000047412	fam213b	24	32.2	32.7	8.2	17.3	43.1	60.7	NA	NA	NA
ENSDART00000113420	myrip	2	81.5	81.5	NA	NA	NA	NA	NA	NA	NA
ENSDART00000019149	rpl7	349	43.7	37.0	8.9	23.3	52.3	88.3	247.56	22.29	-3.47330970535
ENSDART00000152492	C1H9orf156	28	33.2	24.4	8.5	16.2	44.0	60.0	NA	NA	NA
ENSDART00000073782	ggt5a	4	44.4	44.1	NA	NA	NA	NA	NA	NA	NA
ENSDART00000004181	slc27a4	17	23.3	22.0	11.3	13.5	29.2	30.5	NA	NA	NA
ENSDART00000078664	OGFOD2	4	16.5	19.3	NA	NA	NA	NA	NA	NA	NA
ENSDART00000041700	prdx3	473	53.5	51.7	17.9	32.1	72.0	90.8	NA	NA	NA
ENSDART00000078665	TMEM131	329	60.1	58.8	20.4	34.7	82.5	100.5	59.92	53.38	-0.166738318317
ENSDART00000049514	alg11	57	32.6	28.5	9.6	15.3	49.3	61.8	NA	NA	NA
ENSDART00000125122	acss2	82	78.9	73.3	22.2	34.0	116.3	147.5	10.62	115.28	3.44028656937
ENSDART00000134269	fkbp1aa	86	45.6	44.3	18.7	31.9	57.3	67.9	NA	NA	NA
ENSDART00000017393	traip	31	22.2	15.0	6.4	9.6	28.8	40.8	NA	NA	NA
ENSDART00000047419	csnk1g1	296	34.5	28.5	8.2	17.3	47.9	72.2	NA	NA	NA
ENSDART00000109567	nhsa	4	21.8	22.8	NA	NA	NA	NA	NA	NA	NA
ENSDART00000109561	zgc:163121	1	28.2	28.2	NA	NA	NA	NA	NA	NA	NA
ENSDART00000060978	wdr83	18	29.5	27.9	9.7	22.9	37.2	45.5	NA	NA	NA
ENSDART00000074458	ptpmt1	15	27.4	23.8	15.1	19.7	32.9	39.9	NA	NA	NA
ENSDART00000044873	cpt2	70	31.0	26.8	10.8	17.0	42.5	56.5	NA	NA	NA
ENSDART00000058346	C1QBP	500	41.8	37.0	12.5	22.2	53.6	75.4	137.81	70.26	-0.971905097421
ENSDART00000088808	USP6	138	31.7	25.5	6.0	13.0	42.3	60.5	NA	NA	NA
ENSDART00000135053	CR391916.1	4	37.1	33.9	NA	NA	NA	NA	NA	NA	NA
ENSDART00000138012	zgc:172218	32	72.7	82.5	40.9	54.7	94.9	100.3	NA	NA	NA
ENSDART00000143697	si:dkeyp-69e1.8	2	83.3	83.3	NA	NA	NA	NA	NA	NA	NA
ENSDART00000005053	slc12a4	8	36.5	32.2	NA	NA	NA	NA	NA	NA	NA
ENSDART00000035859	atad1a	124	47.9	44.4	20.3	30.8	62.7	78.8	NA	NA	NA
ENSDART00000113429	ADAMTS17	2	42.6	42.6	NA	NA	NA	NA	NA	NA	NA
ENSDART00000054977	atp7a	45	39.3	33.0	8.2	19.5	56.2	80.8	NA	NA	NA
ENSDART00000080892	txndc17	6	60.4	58.6	NA	NA	NA	NA	NA	NA	NA
ENSDART00000023509	SKA2	400	30.6	25.3	8.4	14.2	41.5	64.4	170.56	203.1	0.251910896424
ENSDART00000012644	krt4	90	137.7	134.8	81.1	107.7	165.5	216.8	NA	NA	NA
ENSDART00000014661	glmnb	4	48.9	49.4	NA	NA	NA	NA	NA	NA	NA
ENSDART00000014666	arcn1a	170	49.8	41.4	11.7	24.9	68.5	99.7	28.42	328.68	3.53170521218
ENSDART00000004986	igsf9b	3	139.8	115.5	NA	NA	NA	NA	NA	NA	NA
ENSDART00000112611	zgc:195245	417	27.5	23.7	6.8	13.7	37.5	51.7	149.56	64.73	-1.20821796732
ENSDART00000112616	zgc:173702	1	22.4	22.4	NA	NA	NA	NA	NA	NA	NA
ENSDART00000023504	pnpla7a	196	52.0	43.6	11.0	22.6	78.1	99.9	8.27	26.4	1.67457869507
ENSDART00000130820	hbegfb	21	38.9	16.2	5.7	9.6	38.4	95.6	NA	NA	NA
ENSDART00000032498	zgc:100919	402	26.6	22.9	6.9	14.1	35.3	48.5	63.23	25.75	-1.29603678722
ENSDART00000077577	CCNO	74	30.4	25.5	8.2	17.9	40.9	59.7	218.47	37.87	-2.52830785809
ENSDART00000146529	rpusd1	43	21.7	20.3	8.9	12.7	29.8	36.8	NA	NA	NA
ENSDART00000128193	rnf152	63	50.2	48.6	14.4	26.6	70.4	93.9	NA	NA	NA
ENSDART00000032494	ttc26	56	46.4	35.6	16.3	23.7	60.6	96.2	16.98	27.89	0.715911475475
ENSDART00000128197	med4	94	21.5	20.7	3.9	12.2	27.5	36.6	31.57	12.51	-1.33547247115
ENSDART00000109897	CABZ01059627.1	93	50.9	43.8	15.3	25.3	75.6	92.3	NA	NA	NA
ENSDART00000109744	ppip5k2	36	47.9	45.8	15.0	27.2	65.4	96.1	NA	NA	NA
ENSDART00000052646	jazf1a	1	15.1	15.1	NA	NA	NA	NA	NA	NA	NA
ENSDART00000109749	spryd3	47	35.9	28.0	4.8	13.9	44.4	84.5	NA	NA	NA
ENSDART00000143928	rwdd1	251	53.6	55.2	23.3	38.6	67.0	81.1	104.51	42.11	-1.31140621202
ENSDART00000109891	ANGEL1	24	25.2	23.4	11.2	14.5	30.5	42.4	NA	NA	NA
ENSDART00000133644	magi2	1	34.8	34.8	NA	NA	NA	NA	NA	NA	NA
ENSDART00000048977	abcf1	74	74.9	79.7	27.7	49.6	96.4	116.1	91.51	57.7	-0.6653580875
ENSDART00000133642	gpd1l	195	53.4	50.9	10.6	27.4	73.4	100.9	NA	NA	NA
ENSDART00000063943	mrpl40	48	26.2	25.3	6.3	14.5	33.6	44.6	18.53	6.69	-1.46978476539
ENSDART00000067211	gpr37l1b	1	115.7	115.7	NA	NA	NA	NA	NA	NA	NA
ENSDART00000129154	EXO5	24	72.4	46.9	20.1	28.4	87.0	121.0	NA	NA	NA
ENSDART00000062727	stx6	17	75.1	91.2	-4.2	25.1	108.8	141.5	NA	NA	NA
ENSDART00000062724	crbn	22	28.5	28.7	15.9	19.3	35.3	42.1	NA	NA	NA
ENSDART00000121449	roraa	3	33.9	24.9	NA	NA	NA	NA	NA	NA	NA
ENSDART00000053447	ifrd2	109	29.2	24.1	6.2	13.1	43.2	54.6	22.05	20.08	-0.135019386494
ENSDART00000127742	atxn7l2a	154	30.1	24.0	8.7	15.5	36.5	51.1	32.4	3.48	-3.21883460192
ENSDART00000046776	bcmo1b	2	14.4	14.4	NA	NA	NA	NA	NA	NA	NA
ENSDART00000056121	mrps35	62	34.9	27.4	8.4	15.5	44.3	73.7	53.6	9.15	-2.55038935217
ENSDART00000131736	kcnq2a	2	42.7	42.7	NA	NA	NA	NA	NA	NA	NA
ENSDART00000057502	tctex1d1	1	64.6	64.6	NA	NA	NA	NA	NA	NA	NA
ENSDART00000101174	traf1	36	26.0	23.6	2.4	10.7	38.6	54.3	NA	NA	NA
ENSDART00000131220	btg3	442	36.2	25.8	10.9	16.4	47.2	76.6	221.61	159.37	-0.475642903244
ENSDART00000131223	fdx1b	2	51.6	51.6	NA	NA	NA	NA	NA	NA	NA
ENSDART00000128990	wu:fe05a04	171	51.0	49.1	15.8	30.7	66.8	87.1	47.15	95.07	1.01173238954
ENSDART00000141149	caln2	1	8.8	8.8	NA	NA	NA	NA	NA	NA	NA
ENSDART00000042607	pak7	1	108.9	108.9	NA	NA	NA	NA	NA	NA	NA
ENSDART00000006580	tfeb	4	53.2	34.7	NA	NA	NA	NA	NA	NA	NA
ENSDART00000126327	C12H10orf90	9	39.8	47.1	NA	NA	NA	NA	NA	NA	NA
ENSDART00000145380	adck5	8	42.2	38.6	NA	NA	NA	NA	NA	NA	NA
ENSDART00000114953	SCARF2	1	152.2	152.2	NA	NA	NA	NA	NA	NA	NA
ENSDART00000114751	C18H19orf12	133	39.5	25.3	8.1	15.8	50.2	99.2	NA	NA	NA
ENSDART00000114750	gabrb2	6	44.2	41.4	NA	NA	NA	NA	NA	NA	NA
ENSDART00000028338	scamp5	3	101.8	97.3	NA	NA	NA	NA	NA	NA	NA
ENSDART00000087699	si:ch211-132b12.1	2	56.1	56.1	NA	NA	NA	NA	NA	NA	NA
ENSDART00000128073	ppp1r3ca	140	53.4	42.2	9.5	21.4	81.8	116.7	16.05	44.96	1.48606873821
ENSDART00000110199	prdm4	3	46.1	5.8	NA	NA	NA	NA	NA	NA	NA
ENSDART00000110198	zgc:162780	1	8.6	8.6	NA	NA	NA	NA	NA	NA	NA
ENSDART00000078949	afap1l1b	1	34.3	34.3	NA	NA	NA	NA	NA	NA	NA
ENSDART00000050971	rab14l	19	60.9	47.8	13.7	34.1	96.7	108.3	NA	NA	NA
ENSDART00000132584	ppardb	21	45.1	34.1	18.2	20.3	66.9	94.1	NA	NA	NA
ENSDART00000124298	KLHL29	8	47.0	38.4	NA	NA	NA	NA	NA	NA	NA
ENSDART00000149384	ddr2l	46	38.2	26.4	7.6	16.0	49.2	75.8	NA	NA	NA
ENSDART00000142215	si:ch211-79l20.4	86	36.7	34.0	10.1	20.9	46.4	57.3	21.26	16.64	-0.35348616339
ENSDART00000127402	lypla1	6	24.6	21.2	NA	NA	NA	NA	NA	NA	NA
ENSDART00000007189	traf3ip1	25	30.8	35.0	6.9	17.8	45.0	48.1	NA	NA	NA
ENSDART00000042467	pparaa	2	27.5	27.5	NA	NA	NA	NA	NA	NA	NA
ENSDART00000022074	dhrs9	4	46.7	50.8	NA	NA	NA	NA	NA	NA	NA
ENSDART00000054879	MPC2	6	43.0	38.6	NA	NA	NA	NA	NA	NA	NA
ENSDART00000144380	CCDC142	8	32.5	28.0	NA	NA	NA	NA	NA	NA	NA
ENSDART00000054876	npm1b	46	73.9	76.2	25.3	50.2	107.7	121.9	19.42	108.05	2.47608396633
ENSDART00000123243	TIMM22	18	31.4	14.9	6.9	8.4	37.2	52.9	NA	NA	NA
ENSDART00000029579	ccdc12	147	43.6	40.5	19.3	27.1	54.6	72.7	64.77	97.58	0.591259739182
ENSDART00000123245	igsf21a	10	48.8	51.6	14.9	30.5	63.8	71.0	NA	NA	NA
ENSDART00000067776	rab10	92	76.1	80.7	6.0	39.5	111.8	132.5	30.83	175.09	2.50568989423
ENSDART00000148528	grhl2a	5	34.2	22.1	NA	NA	NA	NA	NA	NA	NA
ENSDART00000087071	postnb	2	73.7	73.7	NA	NA	NA	NA	NA	NA	NA
ENSDART00000113250	nelfe	194	66.5	66.7	32.0	49.3	81.6	98.7	61.45	138.02	1.16739242238
ENSDART00000067778	dnajc7	1	1.7	1.7	NA	NA	NA	NA	NA	NA	NA
ENSDART00000027466	fam63b	19	59.3	60.6	16.4	37.6	79.6	99.4	NA	NA	NA
ENSDART00000140869	si:dkey-88l16.3	24	24.7	23.0	8.9	11.5	35.6	39.1	6.53	0.29	-4.49295818642
ENSDART00000075230	asb5b	3	97.5	117.3	NA	NA	NA	NA	NA	NA	NA
ENSDART00000114286	sugp1	81	65.2	67.1	29.5	46.3	85.0	103.8	28.94	45.91	0.665743510181
ENSDART00000084009	zufsp	51	15.9	13.0	2.8	6.0	18.9	34.7	NA	NA	NA
ENSDART00000020367	C2H5orf22	48	56.0	55.5	28.3	37.6	71.7	86.3	NA	NA	NA
ENSDART00000140711	tbc1d5	97	61.9	62.9	14.8	31.8	90.0	107.6	7.93	66.17	3.06078450851
ENSDART00000114289	zgc:165518	7	24.6	14.5	NA	NA	NA	NA	17.11	3.78	-2.17838162027
ENSDART00000114288	foxp4	8	46.8	45.7	NA	NA	NA	NA	NA	NA	NA
ENSDART00000110441	pigu	45	56.2	53.6	20.3	35.8	74.9	94.7	NA	NA	NA
ENSDART00000098520	fzd10	1	31.3	31.3	NA	NA	NA	NA	NA	NA	NA
ENSDART00000140717	brpf3	138	30.1	25.0	4.8	13.6	42.4	62.6	16.11	29.11	0.853558345416
ENSDART00000110509	C13H20orf194	5	56.6	17.6	NA	NA	NA	NA	NA	NA	NA
ENSDART00000098682	si:ch211-225b11.1	3	21.8	21.9	NA	NA	NA	NA	NA	NA	NA
ENSDART00000110503	adam11	2	34.1	34.1	NA	NA	NA	NA	NA	NA	NA
ENSDART00000110505	si:dkeyp-68b7.5	3	12.6	12.8	NA	NA	NA	NA	NA	NA	NA
ENSDART00000110507	wdhd1	152	34.7	25.0	3.2	10.1	54.2	75.2	28.32	36.62	0.370810525714
ENSDART00000143271	olah	13	17.1	13.1	4.3	7.3	23.4	24.9	NA	NA	NA
ENSDART00000050983	ptar1	184	36.7	30.5	7.4	16.0	50.3	68.4	NA	NA	NA
ENSDART00000051313	fbp1b	2	22.0	22.0	NA	NA	NA	NA	NA	NA	NA
ENSDART00000034432	SUSD4	6	51.4	36.8	NA	NA	NA	NA	NA	NA	NA
ENSDART00000090069	axdnd1	2	74.2	74.2	NA	NA	NA	NA	NA	NA	NA
ENSDART00000022290	mdh1a	529	63.7	64.9	20.7	39.3	85.0	105.4	113.61	158.57	0.481030025038
ENSDART00000051312	ttc33	55	35.0	30.0	11.5	18.6	42.9	61.5	NA	NA	NA
ENSDART00000038990	jak1	56	40.7	34.6	11.9	17.6	53.6	76.5	4.66	47.49	3.3492218962
ENSDART00000035873	abcb4	12	16.4	16.1	6.5	7.2	26.8	29.7	NA	NA	NA
ENSDART00000045609	cpped1	18	43.6	42.9	19.2	25.7	57.4	73.5	NA	NA	NA
ENSDART00000016369	wls	145	76.8	75.0	35.8	49.9	102.5	120.0	16.34	92.87	2.50680465143
ENSDART00000149922	palld	332	25.3	23.6	8.4	14.5	33.0	43.2	30.84	1.57	-4.29596630102
ENSDART00000067594	zgc:153129	21	56.7	47.7	23.5	39.7	88.3	93.7	NA	NA	NA
ENSDART00000019636	usf1	69	38.2	34.1	9.1	16.8	50.4	62.3	21.29	57.06	1.42230379713
ENSDART00000019983	rab23	102	42.2	43.9	9.7	22.0	59.8	77.3	NA	NA	NA
ENSDART00000019630	SP5	22	49.8	51.9	27.5	30.0	63.4	74.3	NA	NA	NA
ENSDART00000019987	C5H11orf53	2	23.9	23.9	NA	NA	NA	NA	NA	NA	NA
ENSDART00000005195	bsdc1	18	57.3	42.2	23.5	32.7	90.6	107.4	21.11	38.35	0.861299999043
ENSDART00000052318	mdka	3	106.6	59.9	NA	NA	NA	NA	NA	NA	NA
ENSDART00000111767	si:ch211-39k3.2	1	15.4	15.4	NA	NA	NA	NA	NA	NA	NA
ENSDART00000038099	PPP1R21	67	57.6	58.9	23.9	37.4	72.8	96.3	63.31	16.9	-1.90541014905
ENSDART00000122593	SLC2A13	8	33.5	18.2	NA	NA	NA	NA	NA	NA	NA
ENSDART00000122042	RNF219	118	68.6	67.2	30.4	46.7	92.7	104.9	9.14	79.69	3.12413262677
ENSDART00000134866	pknox2	10	43.3	42.6	17.6	25.8	59.4	70.4	NA	NA	NA
ENSDART00000091601	sbf1	91	104.1	110.2	47.5	82.8	134.7	151.1	6.18	19.78	1.67836368285
ENSDART00000060018	dharma	27	73.3	84.5	11.2	34.3	103.0	123.1	NA	NA	NA
ENSDART00000149155	atf7ip	354	49.6	48.3	18.3	31.5	64.7	82.9	76.79	271.01	1.81935573366
ENSDART00000010821	cirh1a	222	38.9	37.3	13.8	24.2	49.8	67.4	56.94	36.67	-0.634842227031
ENSDART00000040125	rab38a	3	122.8	126.4	NA	NA	NA	NA	NA	NA	NA
ENSDART00000064025	elof1	110	89.1	94.7	15.0	42.0	132.3	152.5	51.62	370.6	2.84386083482
ENSDART00000149154	si:dkey-122a22.2	3	67.2	58.9	NA	NA	NA	NA	NA	NA	NA
ENSDART00000021011	upf1	52	62.4	64.7	1.0	29.3	97.2	126.3	18.2	100.39	2.46360521187
ENSDART00000115152	nom1	32	62.4	59.9	24.7	52.2	74.3	87.0	14.38	19.05	0.405727321941
ENSDART00000085758	kdm1a	74	36.6	32.4	10.2	17.9	50.5	68.1	22.92	75.13	1.71278205817
ENSDART00000088588	kcnn1b	8	28.8	29.6	NA	NA	NA	NA	NA	NA	NA
ENSDART00000115157	tuba4l	76	32.6	29.2	9.2	19.1	41.3	59.4	48.53	13.98	-1.79551249939
ENSDART00000088584	OCEL1	3	23.7	18.5	NA	NA	NA	NA	NA	NA	NA
ENSDART00000024756	zgc:162724	22	36.5	36.4	10.2	25.5	45.0	60.5	NA	NA	NA
ENSDART00000111713	tmlhe	1	21.7	21.7	NA	NA	NA	NA	NA	NA	NA
ENSDART00000148389	chd4b	55	92.4	91.3	25.8	58.7	131.2	152.6	32.38	96.15	1.57018387192
ENSDART00000111711	chaf1a	236	56.7	50.9	11.7	25.2	80.8	102.5	232.34	159.01	-0.54712005386
ENSDART00000111717	fscn2b	2	37.4	37.4	NA	NA	NA	NA	NA	NA	NA
ENSDART00000097874	tpm4b	54	53.0	42.7	8.3	26.0	76.0	96.2	NA	NA	NA
ENSDART00000149158	dmxl2	27	13.6	9.8	0.8	6.6	21.5	30.9	NA	NA	NA
ENSDART00000148382	rfx1b	59	52.7	37.6	15.0	25.7	65.0	117.7	5.0	19.21	1.941857519
ENSDART00000135730	lrmp	146	66.0	58.1	14.4	37.9	96.8	123.2	25.56	85.88	1.74843435491
ENSDART00000111719	wu:fi38e01	117	105.9	108.5	62.1	87.0	124.7	144.7	28.68	3.89	-2.88220296372
ENSDART00000148385	zgc:171699	89	31.4	28.2	11.6	17.9	39.5	55.3	NA	NA	NA
ENSDART00000055047	stk16	24	40.0	31.4	14.1	18.4	52.0	76.9	NA	NA	NA
ENSDART00000090100	ttc23	12	54.9	54.7	11.4	29.2	65.7	117.1	NA	NA	NA
ENSDART00000147128	cacng7a	1	110.4	110.4	NA	NA	NA	NA	NA	NA	NA
ENSDART00000127274	sema7a	2	36.8	36.8	NA	NA	NA	NA	NA	NA	NA
ENSDART00000026593	grip1	15	78.3	86.0	14.8	37.4	119.6	131.5	NA	NA	NA
ENSDART00000026592	anapc5	69	46.6	42.2	22.1	30.2	53.8	70.6	16.54	15.18	-0.123787443756
ENSDART00000147123	zgc:163077	116	49.3	40.0	10.0	21.6	72.5	102.2	NA	NA	NA
ENSDART00000051751	zgc:113424	1812	42.6	32.6	10.4	17.9	56.3	91.2	260.21	354.3	0.445295058846
ENSDART00000051750	si:rp71-45k5.4	228	33.3	26.5	9.6	15.9	41.3	58.9	55.84	26.92	-1.0526205316
ENSDART00000122626	mbnl2	5	53.7	49.0	NA	NA	NA	NA	NA	NA	NA
ENSDART00000133595	si:dkey-21e2.7	1	117.7	117.7	NA	NA	NA	NA	NA	NA	NA
ENSDART00000122628	junba	3	14.7	12.8	NA	NA	NA	NA	NA	NA	NA
ENSDART00000141101	pafah1b3	248	44.4	40.2	10.8	23.0	63.6	82.7	NA	NA	NA
ENSDART00000127277	si:ch211-241o7.5	136	55.2	51.8	20.4	33.3	75.5	89.5	54.75	143.51	1.39022039981
ENSDART00000033848	brf1a	46	55.2	47.0	15.8	23.4	73.7	122.7	37.7	56.33	0.579338948084
ENSDART00000146299	slit3	1	30.8	30.8	NA	NA	NA	NA	NA	NA	NA
ENSDART00000018580	nedd8	283	48.0	46.5	20.7	31.6	62.5	74.6	73.1	148.44	1.02193659486
ENSDART00000104035	ctdsp2	2	126.8	126.8	NA	NA	NA	NA	NA	NA	NA
ENSDART00000099803	arpc2	252	77.6	79.4	30.6	51.3	102.6	121.1	55.3	200.07	1.85515346935
ENSDART00000104031	sdf4	113	54.3	52.0	14.8	30.4	76.5	95.8	NA	NA	NA
ENSDART00000104032	si:ch211-223m11.2	44	41.2	41.2	20.1	27.7	52.7	62.9	NA	NA	NA
ENSDART00000085531	prkaa1	209	37.3	35.8	11.6	20.3	50.6	66.4	31.6	84.57	1.42022142023
ENSDART00000146296	traf2b	35	43.2	39.1	18.8	24.2	54.4	79.4	NA	NA	NA
ENSDART00000111671	mri1	23	51.7	48.1	18.6	34.0	72.9	86.9	NA	NA	NA
ENSDART00000108906	xpo1a	220	55.1	46.7	17.8	28.9	75.5	98.8	25.2	110.85	2.13711313137
ENSDART00000108900	cntnap2b	22	117.1	140.6	58.7	100.2	150.2	155.9	NA	NA	NA
ENSDART00000014058	zgc:100829	153	32.7	24.9	10.2	17.2	42.4	69.4	NA	NA	NA
ENSDART00000061638	mau2	306	32.4	27.6	9.4	16.9	45.1	63.3	NA	NA	NA
ENSDART00000037709	nol11	355	50.0	48.1	17.7	32.1	62.7	84.9	20.59	131.57	2.67581483465
ENSDART00000103467	arf5	830	48.7	41.5	12.2	24.5	66.1	94.8	43.37	236.21	2.44530069451
ENSDART00000065996	tmem183a	12	59.9	58.3	36.1	45.0	66.1	84.8	NA	NA	NA
ENSDART00000014052	neil1	63	57.3	51.6	25.2	39.3	72.8	86.8	42.96	32.83	-0.387979243412
ENSDART00000037703	PSKH2	4	23.0	17.9	NA	NA	NA	NA	NA	NA	NA
ENSDART00000061633	zgc:171971	13	44.1	40.0	15.0	30.5	57.4	72.7	NA	NA	NA
ENSDART00000101775	anxa11a	78	52.2	46.6	14.0	24.3	75.7	104.3	NA	NA	NA
ENSDART00000012581	pfas	11	78.9	99.1	-7.3	55.3	111.8	122.3	7.44	33.62	2.17594519813
ENSDART00000101776	chek1	195	30.4	27.9	12.0	17.9	37.1	49.2	NA	NA	NA
ENSDART00000052004	zgc:153595	18	37.4	37.4	16.6	21.5	44.4	62.7	NA	NA	NA
ENSDART00000126041	ano10a	39	64.3	61.9	27.1	49.1	81.9	99.3	NA	NA	NA
ENSDART00000104304	bpgm	36	29.2	28.4	3.1	13.0	42.8	57.0	NA	NA	NA
ENSDART00000136289	tmem64	78	39.7	37.3	8.7	17.7	53.8	79.5	NA	NA	NA
ENSDART00000005296	nkx2.9	4	42.4	40.5	NA	NA	NA	NA	NA	NA	NA
ENSDART00000136287	myb	113	41.8	34.6	13.7	23.5	53.7	78.7	34.61	46.23	0.41764042107
ENSDART00000074495	dpp9	183	38.5	32.5	13.0	19.7	52.1	75.6	NA	NA	NA
ENSDART00000066945	lamb1b	1	42.9	42.9	NA	NA	NA	NA	NA	NA	NA
ENSDART00000126046	ccdc9	42	49.0	45.4	4.7	24.0	71.1	94.6	62.3	160.95	1.36930850845
ENSDART00000086215	SLC28A2	1	31.5	31.5	NA	NA	NA	NA	NA	NA	NA
ENSDART00000112806	orc3	20	42.2	39.2	14.3	29.6	54.8	68.1	55.92	67.4	0.269384230694
ENSDART00000006256	zgc:101559	12	45.4	42.3	27.0	32.0	59.0	71.9	NA	NA	NA
ENSDART00000066949	fgd6	70	25.3	22.1	8.8	11.6	35.1	46.5	7.34	6.32	-0.215855504666
ENSDART00000133073	rrbp1a	178	36.2	32.0	9.3	18.1	49.1	69.3	79.19	15.4	-2.36238790942
ENSDART00000063772	ttc27	1	52.9	52.9	NA	NA	NA	NA	NA	NA	NA
ENSDART00000091292	tmtc3	56	54.5	42.1	17.7	24.5	81.5	112.1	7.71	14.34	0.895242258787
ENSDART00000124502	lmnb1	727	110.7	118.2	46.0	84.5	141.7	160.7	50.45	451.45	3.16164003752
ENSDART00000082165	sec22a	32	27.1	23.4	1.9	13.6	38.9	47.5	NA	NA	NA
ENSDART00000062350	katnbl1	170	24.3	20.7	6.2	11.4	32.8	48.9	31.96	1.77	-4.17444614284
ENSDART00000014274	glcea	5	33.7	35.9	NA	NA	NA	NA	NA	NA	NA
ENSDART00000082169	wfikkn2b	4	66.2	56.6	NA	NA	NA	NA	NA	NA	NA
ENSDART00000050407	si:dkeyp-38g8.5	21	58.9	48.0	15.7	21.1	64.5	146.6	NA	NA	NA
ENSDART00000148535	bcl9l	11	40.3	49.3	5.7	15.0	62.6	71.4	NA	NA	NA
ENSDART00000041385	zgc:163061	2	30.2	30.2	NA	NA	NA	NA	NA	NA	NA
ENSDART00000073642	SH2B2	6	38.6	37.3	NA	NA	NA	NA	NA	NA	NA
ENSDART00000073865	rbl1	12	89.3	85.7	40.0	44.4	130.8	135.5	NA	NA	NA
ENSDART00000004514	bet1	113	28.4	23.7	8.2	13.3	35.0	49.9	NA	NA	NA
ENSDART00000073861	GABARAP	82	74.0	70.1	17.2	36.2	102.3	136.3	NA	NA	NA
ENSDART00000063777	kcnj13	3	79.6	58.5	NA	NA	NA	NA	NA	NA	NA
ENSDART00000083346	hypk	273	74.7	75.3	37.2	55.6	93.7	111.4	187.35	118.94	-0.65550199684
ENSDART00000074147	UBN2	266	54.5	53.7	19.1	33.3	72.2	89.8	34.47	134.66	1.96590816612
ENSDART00000108816	fastkd2	90	17.8	16.0	4.5	9.0	23.6	35.6	NA	NA	NA
ENSDART00000106172	rac1	227	67.7	64.8	10.8	36.3	96.0	122.2	99.22	1167.65	3.55683312754
ENSDART00000148536	GK	18	32.7	22.9	7.7	18.2	43.3	54.4	NA	NA	NA
ENSDART00000054318	wdr92	64	45.0	46.7	12.8	21.9	59.5	79.4	NA	NA	NA
ENSDART00000113418	IGSF3	1	100.7	100.7	NA	NA	NA	NA	NA	NA	NA
ENSDART00000020569	CABZ01112331.1	11	66.4	49.4	23.2	35.1	97.8	120.0	NA	NA	NA
ENSDART00000003891	jupa	50	99.3	102.9	24.1	72.4	133.5	151.5	6.36	119.77	4.23509601126
ENSDART00000027242	nr2f1b	98	25.8	19.5	8.4	11.7	36.1	49.3	NA	NA	NA
ENSDART00000078694	TMEM179B	22	60.6	63.6	2.6	18.5	87.7	124.5	NA	NA	NA
ENSDART00000123874	PQLC1	46	36.2	25.6	6.4	12.6	50.5	74.1	NA	NA	NA
ENSDART00000113414	kirrel3a	9	42.3	41.5	NA	NA	NA	NA	NA	NA	NA
ENSDART00000076895	pgpep1	16	33.3	23.6	9.6	13.5	52.7	63.6	NA	NA	NA
ENSDART00000113734	chrdl2	1	41.5	41.5	NA	NA	NA	NA	NA	NA	NA
ENSDART00000113735	cars2	22	32.6	27.0	13.5	20.2	42.6	54.5	NA	NA	NA
ENSDART00000092299	FEZ2	5	16.6	2.4	NA	NA	NA	NA	NA	NA	NA
ENSDART00000066367	fkbp10b	29	46.1	51.6	13.1	24.1	60.9	75.4	NA	NA	NA
ENSDART00000105853	CABZ01047562.1	119	24.4	20.7	4.7	12.5	34.5	49.9	NA	NA	NA
ENSDART00000059756	ralba	15	35.3	24.0	-0.1	17.6	58.5	66.4	NA	NA	NA
ENSDART00000020628	cyth3	3	28.4	19.8	NA	NA	NA	NA	NA	NA	NA
ENSDART00000059753	inhbb	1	28.9	28.9	NA	NA	NA	NA	NA	NA	NA
ENSDART00000011987	isl1l	3	17.0	11.1	NA	NA	NA	NA	NA	NA	NA
ENSDART00000150417	si:dkey-247i3.3	1	149.9	149.9	NA	NA	NA	NA	NA	NA	NA
ENSDART00000108477	fh	2	-3.5	-3.5	NA	NA	NA	NA	NA	NA	NA
ENSDART00000035447	mtmr9	87	31.1	27.3	8.8	15.9	43.6	59.6	NA	NA	NA
ENSDART00000056809	trps1	3	69.8	79.8	NA	NA	NA	NA	NA	NA	NA
ENSDART00000053838	cgrrf1	8	42.0	24.0	NA	NA	NA	NA	NA	NA	NA
ENSDART00000127976	timm17a	75	44.4	41.5	13.9	25.0	65.7	80.9	NA	NA	NA
ENSDART00000127975	zgc:111974	34	34.8	29.5	13.5	20.8	46.0	58.5	NA	NA	NA
ENSDART00000056801	msl2a	74	43.1	36.5	10.5	19.0	61.5	85.9	NA	NA	NA
ENSDART00000058383	tmem147	184	51.8	50.8	20.4	34.9	69.4	85.8	48.4	76.53	0.661018352162
ENSDART00000032392	dhdhl	4	12.3	12.9	NA	NA	NA	NA	NA	NA	NA
ENSDART00000032825	sept7b	288	111.6	116.5	58.4	90.3	137.9	158.6	39.9	226.83	2.50715080878
ENSDART00000032390	gtf2h1	124	36.5	32.9	11.4	16.8	49.7	67.4	NA	NA	NA
ENSDART00000032827	zgc:162964	30	31.2	32.9	4.5	14.8	43.1	54.1	NA	NA	NA
ENSDART00000143710	pigq	81	47.5	43.6	9.3	23.9	61.2	84.5	NA	NA	NA
ENSDART00000009241	rpl35	437	43.7	38.3	17.8	26.3	53.9	69.1	375.94	14.35	-4.71137978423
ENSDART00000109973	TP53BP1	0	NA	NA	NA	NA	NA	NA	15.48	48.94	1.66060862993
ENSDART00000032399	CABZ01084815.1	5	51.3	47.2	NA	NA	NA	NA	NA	NA	NA
ENSDART00000033669	lipt1	18	26.5	28.0	8.5	14.5	34.4	43.9	NA	NA	NA
ENSDART00000022840	minal	52	33.9	28.2	10.2	16.5	48.9	68.4	NA	NA	NA
ENSDART00000126625	CU302436.2	1	39.7	39.7	NA	NA	NA	NA	NA	NA	NA
ENSDART00000126626	phf23b	14	25.0	25.8	15.3	17.1	32.8	34.8	43.69	98.46	1.17223463379
ENSDART00000126621	pfdn1	381	89.2	88.9	43.7	64.1	114.2	130.9	66.48	311.94	2.23027627383
ENSDART00000033663	rps21	498	38.0	36.4	15.3	25.2	46.2	55.2	372.37	42.44	-3.13324028544
ENSDART00000129103	UBAP1L	1	40.4	40.4	NA	NA	NA	NA	NA	NA	NA
ENSDART00000113088	st3gal1	76	20.3	16.0	5.9	12.2	24.2	40.7	NA	NA	NA
ENSDART00000026464	cfl1l	684	69.7	69.4	32.7	52.1	88.5	104.8	140.34	321.32	1.1950845141
ENSDART00000065881	fam120c	2	22.1	22.1	NA	NA	NA	NA	NA	NA	NA
ENSDART00000047735	EOGT	2	8.7	8.7	NA	NA	NA	NA	NA	NA	NA
ENSDART00000145715	ak4	33	64.3	56.7	18.7	36.5	97.7	111.7	NA	NA	NA
ENSDART00000106504	zgc:113443	8	35.9	27.3	NA	NA	NA	NA	NA	NA	NA
ENSDART00000079014	pdik1l	143	51.7	49.4	18.1	33.4	65.3	82.5	107.19	129.73	0.275341820947
ENSDART00000113082	HNRNPH3	2	20.7	20.7	NA	NA	NA	NA	NA	NA	NA
ENSDART00000077304	ptch2	1	96.1	96.1	NA	NA	NA	NA	NA	NA	NA
ENSDART00000020192	tubgcp2	178	33.2	30.8	9.7	20.3	42.6	55.8	NA	NA	NA
ENSDART00000079012	rad52	40	41.6	32.6	11.4	18.3	50.3	59.8	18.87	6.38	-1.56446609384
ENSDART00000062945	TNPO2	231	81.1	80.7	25.6	54.9	103.7	121.4	31.38	118.89	1.92171011572
ENSDART00000052787	vps11	69	35.6	30.8	7.5	22.8	48.0	68.2	NA	NA	NA
ENSDART00000011882	nap1l1	983	33.7	31.3	12.3	21.1	43.7	58.1	648.19	42.54	-3.92952482513
ENSDART00000141626	gtf2h5	135	65.3	68.0	21.3	37.2	90.2	107.2	90.49	387.88	2.09978011437
ENSDART00000110291	srxn1	2	78.7	78.7	NA	NA	NA	NA	NA	NA	NA
ENSDART00000098734	cacybp	221	28.4	25.6	9.3	15.3	35.8	49.8	98.67	24.78	-1.99343532142
ENSDART00000098736	mrps14	77	43.5	41.1	15.4	24.3	58.2	77.4	NA	NA	NA
ENSDART00000035628	CR293507.1	9	47.9	55.9	NA	NA	NA	NA	NA	NA	NA
ENSDART00000131505	ykt6	128	34.6	30.7	10.8	18.6	49.0	65.8	NA	NA	NA
ENSDART00000132703	traf7	151	42.8	37.3	12.8	23.1	56.7	74.1	NA	NA	NA
ENSDART00000104750	mllt11	1	77.0	77.0	NA	NA	NA	NA	NA	NA	NA
ENSDART00000009796	MARK4	28	37.2	31.0	14.2	18.7	53.5	65.1	NA	NA	NA
ENSDART00000009740	smad7	1	21.7	21.7	NA	NA	NA	NA	NA	NA	NA
ENSDART00000009790	cx43.4	365	108.5	114.2	36.4	72.3	143.8	166.7	82.3	615.87	2.90366151817
ENSDART00000082388	chchd2	282	65.4	64.7	34.2	46.5	82.6	97.8	85.46	165.16	0.950543101495
ENSDART00000045385	mespba	2	21.9	21.9	NA	NA	NA	NA	NA	NA	NA
ENSDART00000139886	toe1	13	70.5	63.7	38.6	45.9	73.9	91.5	17.02	15.82	-0.105481437213
ENSDART00000097198	sc:d217	59	23.4	20.9	11.0	14.8	27.8	37.7	NA	NA	NA
ENSDART00000028294	C18H11orf58	85	70.2	70.2	17.0	43.0	96.0	121.2	57.26	193.04	1.75330024522
ENSDART00000025669	slc16a9b	12	39.3	30.2	12.1	14.4	60.1	86.2	NA	NA	NA
ENSDART00000058407	slc25a33	317	42.4	34.1	13.6	22.1	55.5	80.8	54.1	125.98	1.21949421717
ENSDART00000110754	fgf3	13	49.1	33.7	8.5	16.5	71.0	116.9	NA	NA	NA
ENSDART00000150532	zgc:110238	26	24.7	25.8	6.0	11.3	34.0	42.9	NA	NA	NA
ENSDART00000146070	arvcfb	25	22.6	19.7	9.0	14.3	25.8	37.8	NA	NA	NA
ENSDART00000130639	FP074874.1	8	30.3	23.8	NA	NA	NA	NA	NA	NA	NA
ENSDART00000052123	slc25a44b	171	40.2	33.7	12.1	18.8	55.6	75.7	NA	NA	NA
ENSDART00000052122	crabp1b	5	41.8	46.7	NA	NA	NA	NA	NA	NA	NA
ENSDART00000132858	pcmtl	12	63.6	62.9	25.3	40.3	80.3	93.4	NA	NA	NA
ENSDART00000052126	yars	143	73.8	73.3	40.6	55.8	90.1	104.0	42.23	119.83	1.50464898653
ENSDART00000076238	rbm41	16	56.3	34.3	13.5	23.9	49.9	119.7	NA	NA	NA
ENSDART00000017805	nfat5	11	34.2	42.0	18.3	24.8	45.2	47.8	4.12	3.37	-0.289895746001
ENSDART00000135954	fam172a	108	50.3	44.2	10.6	21.2	71.8	91.8	NA	NA	NA
ENSDART00000100932	stim1b	3	56.2	56.9	NA	NA	NA	NA	NA	NA	NA
ENSDART00000129489	tmem39a	2361	51.3	46.9	11.6	27.1	70.0	97.5	34.43	11.7	-1.5571576511
ENSDART00000004848	wrnip1	145	30.2	28.2	9.7	17.1	39.9	54.6	NA	NA	NA
ENSDART00000093094	nrxn1a	1	-6.6	-6.6	NA	NA	NA	NA	NA	NA	NA
ENSDART00000112424	megf6a	2	72.4	72.4	NA	NA	NA	NA	NA	NA	NA
ENSDART00000112428	IQCK	3	13.7	7.0	NA	NA	NA	NA	NA	NA	NA
ENSDART00000122830	USP15	32	34.4	31.0	5.3	17.9	42.6	65.7	5.69	0.23	-4.62872288625
ENSDART00000081791	ugt2b6	1	19.6	19.6	NA	NA	NA	NA	NA	NA	NA
ENSDART00000049722	pfdn5	85	55.7	49.3	17.6	34.2	67.3	89.1	43.32	55.33	0.353028680834
ENSDART00000139088	trappc1	23	15.9	16.7	0.9	7.0	25.2	28.7	NA	NA	NA
ENSDART00000049230	pqbp1	123	58.0	54.7	15.5	31.9	77.9	107.6	61.23	54.42	-0.170101726504
ENSDART00000128507	ntpcr	4	94.0	95.0	NA	NA	NA	NA	NA	NA	NA
ENSDART00000125824	tmem198a	10	53.7	37.6	14.0	26.3	69.6	96.7	NA	NA	NA
ENSDART00000086324	fbxl16	1	34.5	34.5	NA	NA	NA	NA	NA	NA	NA
ENSDART00000100937	patl1	443	60.9	61.0	24.6	43.3	76.7	93.5	73.42	126.77	0.787968353908
ENSDART00000021577	phf21ab	17	27.7	29.1	8.9	17.1	37.0	41.3	5.96	1.58	-1.91538777229
ENSDART00000088610	rangap1a	44	46.5	48.0	24.7	34.1	55.3	64.2	18.92	7.04	-1.4262647547
ENSDART00000139087	lgmn	205	71.4	67.9	25.9	45.1	93.4	121.2	32.08	97.02	1.59660803774
ENSDART00000025007	JAG2	1	37.7	37.7	NA	NA	NA	NA	NA	NA	NA
ENSDART00000063835	otx5	1	24.6	24.6	NA	NA	NA	NA	NA	NA	NA
ENSDART00000055861	rnf34a	78	49.2	44.2	25.2	34.2	61.0	84.5	NA	NA	NA
ENSDART00000129480	scarb1	106	41.3	33.4	11.5	22.0	56.1	78.3	31.4	23.94	-0.391341406835
ENSDART00000128274	golga2	324	46.9	44.8	13.1	23.6	60.5	89.8	9.03	43.5	2.26821750814
ENSDART00000017110	lsm14ab	145	76.1	79.0	18.0	52.1	107.6	127.2	18.39	196.2	3.41533165669
ENSDART00000131874	pcl	144	42.5	37.5	13.0	22.8	56.4	78.4	NA	NA	NA
ENSDART00000103741	ppp4ca	591	34.1	30.0	8.9	17.0	46.4	62.0	142.81	373.79	1.3881309683
ENSDART00000077899	sertad2b	7	23.2	9.4	NA	NA	NA	NA	NA	NA	NA
ENSDART00000130523	zgc:174646	1	21.2	21.2	NA	NA	NA	NA	NA	NA	NA
ENSDART00000145055	pnrc2	1266	64.4	60.3	16.4	34.7	87.3	116.3	108.61	513.71	2.24179721593
ENSDART00000141657	anxa4	46	34.8	34.4	14.2	23.3	45.3	55.5	NA	NA	NA
ENSDART00000128763	si:ch211-204c21.1	72	20.6	15.9	5.6	10.2	28.4	36.5	NA	NA	NA
ENSDART00000132387	pvalb6	7	56.0	53.9	NA	NA	NA	NA	NA	NA	NA
ENSDART00000115367	F2RL2	2	66.1	66.1	NA	NA	NA	NA	NA	NA	NA
ENSDART00000100438	rab38b	2	23.7	23.7	NA	NA	NA	NA	NA	NA	NA
ENSDART00000104629	furinb	23	50.8	48.5	13.8	29.9	68.5	80.1	NA	NA	NA
ENSDART00000078053	tbcb	51	91.6	97.3	24.1	52.1	122.2	153.3	21.74	190.37	3.13038229986
ENSDART00000006772	marveld2a	114	60.8	61.3	19.4	37.0	79.9	107.2	NA	NA	NA
ENSDART00000078051	gpr161	30	30.2	28.5	9.5	17.2	40.2	51.1	9.23	1.81	-2.35034095056
ENSDART00000099121	arl8	12	33.7	37.6	2.2	11.9	55.4	63.5	NA	NA	NA
ENSDART00000088265	atxn1a	48	44.0	37.0	12.4	21.1	53.4	96.9	NA	NA	NA
ENSDART00000006778	acat2	138	67.4	67.1	30.0	44.6	88.1	103.8	NA	NA	NA
ENSDART00000148268	znf142	13	39.8	41.3	26.0	28.5	47.4	48.7	NA	NA	NA
ENSDART00000063287	qtrt1	168	27.9	23.9	6.9	14.0	35.9	52.0	65.91	63.32	-0.0578361150073
ENSDART00000108753	poln	5	92.3	105.1	NA	NA	NA	NA	NA	NA	NA
ENSDART00000108754	mmp17a	2	14.0	14.0	NA	NA	NA	NA	NA	NA	NA
ENSDART00000145979	col19a1	2	85.1	85.1	NA	NA	NA	NA	NA	NA	NA
ENSDART00000121562	CR848029.2	37	40.1	32.2	8.3	19.9	54.9	82.5	NA	NA	NA
ENSDART00000121561	atf3	47	25.4	20.1	3.6	9.2	34.3	52.9	NA	NA	NA
ENSDART00000124085	CU571169.4	2	31.6	31.6	NA	NA	NA	NA	NA	NA	NA
ENSDART00000124088	HOMER2	52	76.0	78.3	27.1	52.8	100.9	125.3	18.69	10.46	-0.837383717498
ENSDART00000046122	atp2b4	132	65.0	67.2	11.0	32.4	89.7	113.0	29.6	64.01	1.11270013275
ENSDART00000149868	grsf1	231	53.0	47.9	21.8	35.0	63.6	83.8	83.8	53.55	-0.646063668949
ENSDART00000152327	wdr45l	69	46.2	38.6	11.0	24.6	60.7	85.1	59.21	24.4	-1.27895970597
ENSDART00000060363	rpl4	144	43.8	41.8	11.6	26.4	56.5	70.7	341.64	95.74	-1.83528318774
ENSDART00000136779	entpd5b	1	87.1	87.1	NA	NA	NA	NA	NA	NA	NA
ENSDART00000131203	pbrm1l	89	61.1	48.0	11.0	24.5	85.4	149.8	26.24	42.09	0.681709789723
ENSDART00000136771	dnajc5ga	897	34.0	28.5	8.2	15.5	46.4	68.9	NA	NA	NA
ENSDART00000136776	kti12	117	28.0	26.6	8.8	15.6	38.9	48.7	NA	NA	NA
ENSDART00000080286	si:ch1073-396h14.1	2	49.3	49.3	NA	NA	NA	NA	NA	NA	NA
ENSDART00000123054	WNK4	1	144.7	144.7	NA	NA	NA	NA	NA	NA	NA
ENSDART00000123055	zgc:153292	81	28.4	23.1	8.2	13.9	38.7	51.3	NA	NA	NA
ENSDART00000018972	C7H16orf87	142	17.6	14.0	3.5	6.7	21.6	34.6	62.22	9.79	-2.66799762993
ENSDART00000018973	scamp3	29	33.6	30.4	9.1	15.8	47.0	60.0	NA	NA	NA
ENSDART00000144148	zgc:174222	82	30.7	27.0	12.8	19.0	39.4	56.7	NA	NA	NA
ENSDART00000123053	ATOX1	6	39.3	39.1	NA	NA	NA	NA	NA	NA	NA
ENSDART00000126022	rarab	227	45.1	39.6	10.5	21.1	64.7	84.6	34.6	86.9	1.32858413918
ENSDART00000123503	CR925758.1	3	47.7	54.6	NA	NA	NA	NA	NA	NA	NA
ENSDART00000133811	sfxn1	4	69.8	73.5	NA	NA	NA	NA	NA	NA	NA
ENSDART00000123504	CU855932.1	2	8.0	8.0	NA	NA	NA	NA	NA	NA	NA
ENSDART00000126025	VPRBP	142	60.6	57.4	15.1	33.7	79.9	107.9	51.21	23.3	-1.13609560421
ENSDART00000044411	gna11b	146	38.3	35.5	6.4	14.5	54.2	78.9	NA	NA	NA
ENSDART00000027740	nedd1	98	56.6	53.5	21.2	35.4	70.9	96.7	19.77	43.48	1.1370390693
ENSDART00000042194	cers4a	5	17.2	16.9	NA	NA	NA	NA	NA	NA	NA
ENSDART00000081228	abhd14a	112	63.9	61.8	22.3	47.0	84.2	105.8	NA	NA	NA
ENSDART00000105680	dtna	2	54.0	54.0	NA	NA	NA	NA	NA	NA	NA
ENSDART00000026295	arrb2b	4	39.7	40.1	NA	NA	NA	NA	NA	NA	NA
ENSDART00000147710	rsrc1	93	51.1	47.8	15.2	24.8	73.3	93.9	39.09	74.82	0.936624381262
ENSDART00000122459	arfgap3	190	49.4	47.8	3.9	20.4	74.4	96.1	77.47	137.4	0.82667235937
ENSDART00000081883	enpp4	21	50.9	53.7	11.8	23.2	72.1	91.4	NA	NA	NA
ENSDART00000081220	ankrd33ba	8	31.7	20.5	NA	NA	NA	NA	NA	NA	NA
ENSDART00000124883	shmt1	234	43.2	39.8	12.1	22.6	59.7	80.7	69.6	88.32	0.343652866042
ENSDART00000122455	CU151895.1	8	99.8	91.0	NA	NA	NA	NA	43.65	73.64	0.754507972833
ENSDART00000122453	zgc:136872	3	67.5	73.8	NA	NA	NA	NA	NA	NA	NA
ENSDART00000127219	FAM155A	1	9.2	9.2	NA	NA	NA	NA	NA	NA	NA
ENSDART00000143641	eef2a.1	23	96.2	61.2	13.0	24.0	164.0	209.6	NA	NA	NA
ENSDART00000007798	wdr82	0	NA	NA	NA	NA	NA	NA	14.92	116.34	2.96302776857
ENSDART00000127216	FAM161A	3	17.5	-5.5	NA	NA	NA	NA	NA	NA	NA
ENSDART00000056254	stap2a	128	22.9	19.9	7.6	12.7	27.2	41.5	NA	NA	NA
ENSDART00000127214	tmtc4	11	52.8	35.6	15.6	26.3	55.1	127.8	NA	NA	NA
ENSDART00000131889	aifm1	296	31.4	27.6	10.3	16.8	43.6	55.5	50.78	33.28	-0.609604961506
ENSDART00000080939	si:dkey-260j18.2	179	66.1	66.9	19.1	43.5	89.3	104.2	20.6	74.99	1.86405388604
ENSDART00000034376	SLC7A1	23	67.2	66.9	19.5	31.0	94.6	120.7	6.05	32.75	2.43648785915
ENSDART00000144621	smim15	76	52.7	51.9	17.0	32.0	70.2	81.9	70.69	54.57	-0.373398098187
ENSDART00000144622	si:dkey-10o6.2	1	69.3	69.3	NA	NA	NA	NA	NA	NA	NA
ENSDART00000136361	sema6d	40	37.6	35.4	9.6	15.7	61.3	75.7	6.61	6.28	-0.0738857126161
ENSDART00000106343	zgc:113102	6	19.1	13.7	NA	NA	NA	NA	NA	NA	NA
ENSDART00000003518	neu3.2	20	41.1	36.9	11.3	23.9	51.7	70.9	NA	NA	NA
ENSDART00000146996	si:ch211-87l2.1	3	44.1	59.6	NA	NA	NA	NA	NA	NA	NA
ENSDART00000051864	bod1	95	48.3	47.1	16.8	32.0	61.3	79.1	NA	NA	NA
ENSDART00000045921	frya	5	24.9	15.4	NA	NA	NA	NA	NA	NA	NA
ENSDART00000074689	eif5b	180	53.2	48.8	12.3	25.3	77.7	105.9	200.23	83.23	-1.26648260379
ENSDART00000078529	kin	52	40.1	34.8	10.0	21.7	58.9	79.5	20.57	41.43	1.01013402645
ENSDART00000121907	suv420h2	172	37.7	31.1	8.4	15.9	56.4	77.1	20.41	17.89	-0.190122794981
ENSDART00000121901	CABZ01086835.1	23	22.6	15.5	5.6	10.0	31.7	48.1	NA	NA	NA
ENSDART00000030794	tmem169	4	76.7	84.1	NA	NA	NA	NA	NA	NA	NA
ENSDART00000065507	CABZ01025393.1	1	29.5	29.5	NA	NA	NA	NA	NA	NA	NA
ENSDART00000065504	C21H17orf85	88	40.7	35.8	10.9	21.5	56.2	71.7	68.26	173.34	1.34449229019
ENSDART00000065503	pgap2	303	39.3	34.8	7.9	18.4	54.7	76.5	NA	NA	NA
ENSDART00000081089	IL17RA	1	134.7	134.7	NA	NA	NA	NA	NA	NA	NA
ENSDART00000065500	abcc4	34	27.0	21.0	9.2	14.7	35.5	43.2	NA	NA	NA
ENSDART00000147823	rcn2	39	60.8	54.0	17.5	32.4	85.3	106.8	22.09	22.57	0.0310129998366
ENSDART00000105532	oaz1a	347	84.1	94.0	18.7	51.3	115.0	130.5	148.96	68.69	-1.11675298842
ENSDART00000147821	spsb4a	150	45.0	41.0	17.7	25.6	62.5	78.7	35.84	26.72	-0.423650629584
ENSDART00000006628	zgc:173742	476	53.2	47.7	15.5	28.7	72.0	103.2	292.92	254.4	-0.203408030331
ENSDART00000147826	phf16	79	43.1	32.9	9.3	21.0	54.5	82.6	32.12	22.01	-0.545312747626
ENSDART00000098296	pacsin3	183	50.8	47.1	15.2	34.0	66.1	87.0	NA	NA	NA
ENSDART00000098295	zgc:153993	8	70.1	76.0	NA	NA	NA	NA	NA	NA	NA
ENSDART00000152888	mllt4	201	64.3	63.3	22.7	36.6	89.0	106.6	6.6	69.2	3.39023410828
ENSDART00000098292	ccdc19	3	45.6	53.2	NA	NA	NA	NA	NA	NA	NA
ENSDART00000098291	si:ch211-240g9.1	14	32.7	35.5	14.5	18.3	43.3	50.8	NA	NA	NA
ENSDART00000078528	cttnbp2nl	7	60.5	55.6	NA	NA	NA	NA	NA	NA	NA
ENSDART00000125823	CCDC138	52	29.6	26.1	5.3	18.4	36.5	50.9	NA	NA	NA
ENSDART00000102500	anp32b	254	111.1	119.0	36.0	88.5	139.7	159.2	185.68	558.33	1.58829964881
ENSDART00000134630	zdhhc16a	52	30.3	27.9	4.5	14.0	41.0	67.4	NA	NA	NA
ENSDART00000040240	tiprl	199	36.4	33.5	13.1	23.0	46.7	60.9	55.57	52.7	-0.0765032784259
ENSDART00000015512	polr3f	16	22.0	19.0	6.7	11.1	24.6	39.7	42.06	6.54	-2.68508630923
ENSDART00000010569	g6pc3	4	78.7	86.1	NA	NA	NA	NA	NA	NA	NA
ENSDART00000033479	si:ch211-129c21.1	103	23.7	22.6	6.8	12.5	35.6	41.5	NA	NA	NA
ENSDART00000129236	CABZ01080116.1	2	21.3	21.3	NA	NA	NA	NA	NA	NA	NA
ENSDART00000027697	serinc2	149	53.1	46.5	22.2	31.2	68.0	93.5	14.12	109.11	2.94997133791
ENSDART00000082578	bnip2	49	54.7	48.1	14.9	28.0	68.8	101.7	NA	NA	NA
ENSDART00000082577	prune2	4	44.0	37.4	NA	NA	NA	NA	NA	NA	NA
ENSDART00000075759	maea	361	55.7	54.6	13.5	32.3	76.7	96.0	NA	NA	NA
ENSDART00000085253	mid1	1	42.3	42.3	NA	NA	NA	NA	NA	NA	NA
ENSDART00000135941	il11ra	1	95.1	95.1	NA	NA	NA	NA	NA	NA	NA
ENSDART00000075150	bmp4	1	114.8	114.8	NA	NA	NA	NA	NA	NA	NA
ENSDART00000135945	rpsa	247	47.9	42.7	19.3	30.9	56.6	76.1	386.08	19.67	-4.29483095794
ENSDART00000059230	IRF2	1	57.1	57.1	NA	NA	NA	NA	NA	NA	NA
ENSDART00000075159	zgc:113377	3	39.1	31.1	NA	NA	NA	NA	NA	NA	NA
ENSDART00000079866	slc30a9	173	31.6	26.0	8.9	14.8	44.3	60.7	NA	NA	NA
ENSDART00000019379	marveld1	1	39.4	39.4	NA	NA	NA	NA	NA	NA	NA
ENSDART00000073416	cecr1a	11	35.6	30.5	8.9	19.7	51.8	61.4	NA	NA	NA
ENSDART00000132286	MGST1	32	56.0	63.3	13.7	31.7	81.6	89.4	NA	NA	NA
ENSDART00000130725	lpgat1	41	56.4	54.7	8.7	24.6	87.7	109.6	13.06	55.31	2.08238544517
ENSDART00000073410	CR854881.2	1	57.8	57.8	NA	NA	NA	NA	NA	NA	NA
ENSDART00000132280	ror1	47	35.3	28.1	9.1	18.1	50.1	61.9	NA	NA	NA
ENSDART00000064573	setd6	15	49.4	54.9	10.5	27.2	71.0	74.7	NA	NA	NA
ENSDART00000125592	ZNF518B	21	45.2	36.5	11.5	16.6	70.0	87.0	NA	NA	NA
ENSDART00000125591	arhgap28	71	35.7	30.9	10.6	19.2	45.6	59.5	NA	NA	NA
ENSDART00000123612	BX470254.1	31	62.4	65.6	34.4	44.1	78.0	91.2	NA	NA	NA
ENSDART00000126221	HIST2H4B	51	-6.5	-8.8	-13.0	-10.3	-6.7	2.0	NA	NA	NA
ENSDART00000026576	igfbp1a	3	141.5	172.8	NA	NA	NA	NA	NA	NA	NA
ENSDART00000066778	acad11	20	53.2	44.5	27.9	35.4	74.0	81.3	NA	NA	NA
ENSDART00000082586	sntg2	5	53.6	34.1	NA	NA	NA	NA	NA	NA	NA
ENSDART00000013264	arglu1b	185	52.4	50.0	17.1	30.9	68.3	86.9	64.87	94.85	0.54809633482
ENSDART00000013263	ugdh	163	41.2	39.2	12.2	22.9	54.8	69.2	24.56	77.23	1.65285081067
ENSDART00000083212	fscn1a	138	104.6	111.4	23.3	65.3	145.0	162.8	26.15	279.34	3.41713932307
ENSDART00000132220	CABZ01006828.1	2	62.9	62.9	NA	NA	NA	NA	NA	NA	NA
ENSDART00000077411	cxcl12b	7	87.3	44.4	NA	NA	NA	NA	NA	NA	NA
ENSDART00000147087	slc2a5	1	68.5	68.5	NA	NA	NA	NA	NA	NA	NA
ENSDART00000079884	alox5	2	147.5	147.5	NA	NA	NA	NA	NA	NA	NA
ENSDART00000063029	mfsd6a	7	25.4	26.6	NA	NA	NA	NA	NA	NA	NA
ENSDART00000137019	cmklr1	1	50.1	50.1	NA	NA	NA	NA	NA	NA	NA
ENSDART00000152478	stambpl1	14	53.5	64.7	-28.8	-10.1	104.9	120.1	NA	NA	NA
ENSDART00000055253	FILIP1L	7	48.7	45.5	NA	NA	NA	NA	NA	NA	NA
ENSDART00000126229	rps7	858	40.4	37.0	19.1	27.9	48.2	59.7	707.21	20.73	-5.09234665312
ENSDART00000055259	nmrk1	6	43.1	29.5	NA	NA	NA	NA	NA	NA	NA
ENSDART00000101694	relt	3	78.9	95.8	NA	NA	NA	NA	NA	NA	NA
ENSDART00000149863	mif4gdb	52	41.4	45.0	20.1	25.7	53.0	59.1	NA	NA	NA
ENSDART00000105778	hs6st1b	22	30.4	24.6	7.0	18.2	40.4	61.1	NA	NA	NA
ENSDART00000129104	zgc:123194	526	64.0	47.6	13.1	24.8	98.4	132.7	84.04	164.28	0.967008785306
ENSDART00000137017	h3f3d	951	129.6	138.6	68.9	111.3	155.0	172.7	358.34	4207.21	3.55346283136
ENSDART00000128766	serpinb1l3	1	8.5	8.5	NA	NA	NA	NA	NA	NA	NA
ENSDART00000024644	xrcc4	122	51.8	50.6	21.7	34.7	68.0	81.8	42.63	47.53	0.156969346338
ENSDART00000123619	rac2	29	72.4	66.6	45.3	53.0	85.6	113.4	20.57	94.44	2.1988562477
ENSDART00000101528	chrnb1	3	73.2	79.0	NA	NA	NA	NA	NA	NA	NA
ENSDART00000125535	mtx3	1	23.2	23.2	NA	NA	NA	NA	NA	NA	NA
ENSDART00000109506	tmem201	5	33.2	23.0	NA	NA	NA	NA	NA	NA	NA
ENSDART00000109504	cc2d1b	20	23.8	18.4	5.9	9.4	29.0	44.2	NA	NA	NA
ENSDART00000109505	tmem79b	88	43.5	31.3	7.7	16.9	54.3	81.5	NA	NA	NA
ENSDART00000051612	dao.2	1	93.7	93.7	NA	NA	NA	NA	NA	NA	NA
ENSDART00000083628	ddit3	1	-10.2	-10.2	NA	NA	NA	NA	NA	NA	NA
ENSDART00000098888	tbx20	8	43.7	45.0	NA	NA	NA	NA	NA	NA	NA
ENSDART00000109508	vetz	6	22.0	18.8	NA	NA	NA	NA	NA	NA	NA
ENSDART00000058364	hmgb2b	1290	71.3	65.8	26.5	43.3	95.6	122.6	340.08	797.89	1.23031570091
ENSDART00000105997	trpa1b	1	16.7	16.7	NA	NA	NA	NA	NA	NA	NA
ENSDART00000066080	slit1a	2	27.0	27.0	NA	NA	NA	NA	NA	NA	NA
ENSDART00000066086	zgc:114123	58	12.6	11.9	-5.1	5.0	18.8	29.8	NA	NA	NA
ENSDART00000134697	pik3ip1	5	64.8	74.1	NA	NA	NA	NA	NA	NA	NA
ENSDART00000029824	map4k5	211	47.8	41.8	13.4	23.5	67.5	91.8	33.34	57.88	0.795810817545
ENSDART00000097213	par1	2	16.3	16.3	NA	NA	NA	NA	NA	NA	NA
ENSDART00000028940	styxl1	22	28.5	28.3	13.0	24.1	36.3	48.5	NA	NA	NA
ENSDART00000144917	MRPS12	1	5.9	5.9	NA	NA	NA	NA	NA	NA	NA
ENSDART00000010056	hip1r	99	42.6	40.3	18.7	28.4	53.8	73.0	54.9	13.81	-1.99109282963
ENSDART00000112639	pnpla4	7	27.2	24.3	NA	NA	NA	NA	NA	NA	NA
ENSDART00000112634	CZv9_NA991H1orf52	252	62.5	60.6	18.6	36.3	85.5	106.3	37.72	106.14	1.49256687274
ENSDART00000134678	OVOL2	4	90.9	90.1	NA	NA	NA	NA	NA	NA	NA
ENSDART00000112636	aldh1l1	21	45.6	43.9	23.6	33.2	52.2	72.9	9.75	21.39	1.13346235853
ENSDART00000112637	SMARCC2	11	28.6	27.5	17.6	22.2	32.5	42.5	NA	NA	NA
ENSDART00000152429	si:ch211-22i13.2	47	53.0	38.1	10.3	23.7	76.7	105.6	22.92	16.76	-0.451584895058
ENSDART00000127656	CU183952.2	1	60.3	60.3	NA	NA	NA	NA	NA	NA	NA
ENSDART00000130818	ptprz1b	36	52.5	53.3	15.6	40.2	75.8	83.7	NA	NA	NA
ENSDART00000055038	rybpa	130	47.7	48.7	13.2	27.0	66.6	83.6	29.43	176.76	2.58643238882
ENSDART00000077553	xdh	1	22.2	22.2	NA	NA	NA	NA	NA	NA	NA
ENSDART00000028941	mrps18a	99	29.3	24.8	4.5	12.6	43.3	56.9	NA	NA	NA
ENSDART00000143904	epor	1	50.0	50.0	NA	NA	NA	NA	NA	NA	NA
ENSDART00000009473	zfand1	43	30.3	28.1	12.6	19.0	40.1	48.8	NA	NA	NA
ENSDART00000142265	rassf1	13	50.6	43.8	23.3	31.9	64.4	94.1	NA	NA	NA
ENSDART00000009477	cct8	297	75.1	69.8	31.6	50.0	94.5	120.4	177.16	277.87	0.649357181258
ENSDART00000100352	phf3	85	64.1	58.2	16.4	34.1	83.1	130.3	23.91	38.74	0.696209823892
ENSDART00000039399	sdpra	4	33.3	31.6	NA	NA	NA	NA	NA	NA	NA
ENSDART00000055338	thoc6	214	38.5	35.1	14.6	22.5	50.3	65.7	40.06	67.16	0.745439809124
ENSDART00000143909	tbc1d9	194	50.6	49.8	7.5	20.1	77.4	91.5	9.08	103.41	3.5095395968
ENSDART00000075216	fam193a	145	37.6	35.2	12.5	19.0	49.1	71.0	20.45	40.08	0.970781665366
ENSDART00000114352	zgc:112998	23	31.8	32.4	8.5	9.8	50.5	64.8	NA	NA	NA
ENSDART00000076938	pogza	190	53.2	47.8	16.8	30.0	69.0	93.4	10.97	84.92	2.9525408455
ENSDART00000129590	mrps10	63	25.7	22.1	5.9	11.8	35.1	55.0	39.89	16.75	-1.25186602785
ENSDART00000138634	abca12	2	56.0	56.0	NA	NA	NA	NA	NA	NA	NA
ENSDART00000056878	traf4b	37	40.7	28.7	10.1	18.5	54.4	68.9	NA	NA	NA
ENSDART00000052803	si:dkey-30c15.10	185	23.6	19.2	5.0	10.9	28.6	49.7	NA	NA	NA
ENSDART00000002682	net1	297	83.5	74.2	18.4	33.9	129.9	162.7	NA	NA	NA
ENSDART00000079480	mrpl13	105	47.8	46.0	16.2	26.1	65.0	80.2	47.25	14.46	-1.70824677704
ENSDART00000044670	nfixb	3	12.5	15.8	NA	NA	NA	NA	NA	NA	NA
ENSDART00000124317	pde7a	45	57.4	56.9	17.1	32.0	76.2	104.1	NA	NA	NA
ENSDART00000124315	vasna	6	17.5	12.9	NA	NA	NA	NA	NA	NA	NA
ENSDART00000062702	cebpb	177	92.8	96.4	42.3	57.5	120.1	150.7	NA	NA	NA
ENSDART00000062257	slc39a1	40	41.7	32.3	15.3	22.2	55.1	93.2	NA	NA	NA
ENSDART00000062254	MAD2L2	2	40.7	40.7	NA	NA	NA	NA	NA	NA	NA
ENSDART00000046716	cited2	135	39.6	28.9	9.3	19.9	56.1	78.4	NA	NA	NA
ENSDART00000059881	plekhh2	4	25.9	23.8	NA	NA	NA	NA	NA	NA	NA
ENSDART00000046712	zgc:86609	127	53.1	49.8	21.3	32.7	70.5	81.9	NA	NA	NA
ENSDART00000053310	tmem18	50	27.6	22.3	7.6	13.6	35.9	55.1	NA	NA	NA
ENSDART00000027587	ralab	12	67.4	58.7	21.1	25.0	93.4	128.1	NA	NA	NA
ENSDART00000054208	mtap	211	47.8	42.7	17.9	28.8	63.3	81.4	57.05	106.06	0.894581861965
ENSDART00000084321	dact2	48	56.8	31.2	13.1	18.4	85.4	114.4	NA	NA	NA
ENSDART00000131715	psmb4	507	39.8	37.6	15.5	24.8	51.6	64.9	111.77	199.97	0.839250570751
ENSDART00000131240	zbed4	90	60.7	52.1	10.6	20.1	82.2	141.0	7.21	21.32	1.56413627352
ENSDART00000136561	si:dkeyp-82a1.6	88	18.7	14.4	4.3	8.3	25.3	38.2	NA	NA	NA
ENSDART00000140121	CR382385.2	3	22.0	18.7	NA	NA	NA	NA	NA	NA	NA
ENSDART00000128971	gm2a	492	52.0	51.1	16.3	31.4	70.6	86.2	46.02	135.93	1.56253100801
ENSDART00000128977	sp9	15	11.3	4.3	0.6	3.0	16.7	31.1	NA	NA	NA
ENSDART00000128974	m6pr	167	37.6	33.0	10.4	17.9	51.0	73.1	NA	NA	NA
ENSDART00000128975	slc25a32a	81	32.2	28.3	10.3	16.6	44.8	63.4	NA	NA	NA
ENSDART00000148632	yy1b	124	47.5	44.7	16.5	26.7	65.2	80.5	18.38	45.86	1.31909958829
ENSDART00000028357	PIGB	38	50.3	49.6	20.0	27.1	61.5	86.5	NA	NA	NA
ENSDART00000087909	TMEM246	91	29.7	22.5	7.3	13.3	37.1	60.2	NA	NA	NA
ENSDART00000048623	C8H1orf194	3	58.5	52.3	NA	NA	NA	NA	NA	NA	NA
ENSDART00000129372	klhl22	3	37.5	38.5	NA	NA	NA	NA	NA	NA	NA
ENSDART00000129371	CABZ01072828.1	17	31.7	26.1	8.1	11.8	45.1	66.0	NA	NA	NA
ENSDART00000027582	brms1lb	76	51.8	45.3	13.5	27.0	67.6	108.3	NA	NA	NA
ENSDART00000034252	pnocb	2	73.7	73.7	NA	NA	NA	NA	NA	NA	NA
ENSDART00000126814	cmasb	3	50.2	46.5	NA	NA	NA	NA	NA	NA	NA
ENSDART00000114773	mmrn2a	1	87.9	87.9	NA	NA	NA	NA	NA	NA	NA
ENSDART00000105333	akap6	3	63.5	76.2	NA	NA	NA	NA	NA	NA	NA
ENSDART00000150629	si:dkey-23a23.3	7	18.4	13.8	NA	NA	NA	NA	NA	NA	NA
ENSDART00000044971	myo1eb	73	60.6	63.7	16.4	38.9	80.1	95.8	18.27	86.22	2.23854592855
ENSDART00000132081	rap1b	34	56.1	46.2	22.8	31.0	77.3	93.6	NA	NA	NA
ENSDART00000076161	hoxb5b	1	11.1	11.1	NA	NA	NA	NA	NA	NA	NA
ENSDART00000146930	pdk3a	1	73.1	73.1	NA	NA	NA	NA	NA	NA	NA
ENSDART00000038273	traf6	29	38.6	30.3	18.8	26.7	42.2	65.7	NA	NA	NA
ENSDART00000098503	haus6	301	34.2	31.3	9.4	16.2	46.7	61.8	NA	NA	NA
ENSDART00000098500	ccdc125	1	126.1	126.1	NA	NA	NA	NA	NA	NA	NA
ENSDART00000122699	fam73b	23	44.8	43.8	16.8	21.4	59.9	73.7	NA	NA	NA
ENSDART00000058503	gpm6aa	3	42.3	53.7	NA	NA	NA	NA	NA	NA	NA
ENSDART00000113186	si:dkey-240e12.6	12	33.6	25.1	5.9	17.2	47.1	70.6	NA	NA	NA
ENSDART00000149410	si:ch211-116m6.3	0	NA	NA	NA	NA	NA	NA	5.62	4.83	-0.218546941385
ENSDART00000149411	atxn1b	1	18.5	18.5	NA	NA	NA	NA	NA	NA	NA
ENSDART00000090883	gpnmb	3	46.2	23.0	NA	NA	NA	NA	NA	NA	NA
ENSDART00000059918	hnrnph1	4	73.6	80.4	NA	NA	NA	NA	NA	NA	NA
ENSDART00000092256	mrpl9	61	33.5	36.4	9.0	19.1	43.4	52.4	NA	NA	NA
ENSDART00000029552	CU467854.1	5	23.3	18.6	NA	NA	NA	NA	NA	NA	NA
ENSDART00000029553	rsg1	23	36.6	36.4	14.3	22.9	52.8	58.9	NA	NA	NA
ENSDART00000042481	phf23a	87	26.8	23.7	3.9	11.8	40.1	51.2	59.05	23.81	-1.31036943901
ENSDART00000022724	pnpo	20	34.2	22.8	12.9	17.6	49.3	66.7	NA	NA	NA
ENSDART00000039877	SCYL2	164	64.4	62.7	20.0	39.2	82.5	104.8	NA	NA	NA
ENSDART00000000005	ccdc80	1	27.2	27.2	NA	NA	NA	NA	NA	NA	NA
ENSDART00000144911	mars	257	54.6	55.3	22.3	37.7	70.6	85.1	56.49	148.66	1.39594910734
ENSDART00000063071	dgcr2	21	50.9	41.9	23.5	25.3	56.8	79.1	NA	NA	NA
ENSDART00000032355	GOLM1	2	3.6	3.6	NA	NA	NA	NA	46.04	31.43	-0.550745561333
ENSDART00000114556	nbr1	25	20.2	17.9	4.3	7.9	27.9	40.0	NA	NA	NA
ENSDART00000020389	hmcn1	2	36.7	36.7	NA	NA	NA	NA	NA	NA	NA
ENSDART00000140844	slitrk3b	2	40.3	40.3	NA	NA	NA	NA	NA	NA	NA
ENSDART00000127054	C25H11orf24	240	43.9	38.9	16.9	25.8	54.2	72.5	25.57	15.88	-0.687241248099
ENSDART00000020386	gclm	105	51.7	45.8	18.2	24.3	75.3	100.6	40.75	266.17	2.70747600991
ENSDART00000039878	sap30bp	141	70.4	73.4	23.1	41.8	92.8	116.7	44.54	226.87	2.34869238459
ENSDART00000113279	rnf26	87	51.2	43.5	16.0	27.6	65.5	100.8	22.77	23.72	0.0589697184094
ENSDART00000007308	wnt10a	1	9.8	9.8	NA	NA	NA	NA	NA	NA	NA
ENSDART00000022499	psmb3	201	48.9	45.3	15.9	27.0	60.8	87.2	62.85	110.65	0.816018801381
ENSDART00000061062	PARD3B	6	72.7	75.3	NA	NA	NA	NA	8.3	6.66	-0.317589159163
ENSDART00000113239	nsun5	139	44.1	40.0	17.7	27.8	55.8	68.7	43.23	20.66	-1.06519258203
ENSDART00000137052	specc1	4	40.9	40.8	NA	NA	NA	NA	8.03	20.45	1.34862895031
ENSDART00000031937	diras1a	1	99.6	99.6	NA	NA	NA	NA	NA	NA	NA
ENSDART00000060255	blmh	9	43.8	43.3	NA	NA	NA	NA	14.68	30.76	1.06720353512
ENSDART00000090081	sema4ab	92	40.3	37.2	7.0	13.9	61.8	77.7	NA	NA	NA
ENSDART00000074407	gltpd1	8	27.1	24.9	NA	NA	NA	NA	NA	NA	NA
ENSDART00000146160	loxl5b	3	45.2	52.8	NA	NA	NA	NA	NA	NA	NA
ENSDART00000021384	exoc4	24	47.6	39.5	0.6	24.4	69.1	101.4	NA	NA	NA
ENSDART00000123268	nr1h3	36	47.1	48.9	18.4	31.5	58.1	74.6	NA	NA	NA
ENSDART00000063613	ccdc6a	373	42.0	37.0	13.8	22.8	54.2	76.0	37.53	78.28	1.06059946574
ENSDART00000123199	usp6nl	1	42.9	42.9	NA	NA	NA	NA	NA	NA	NA
ENSDART00000058425	zgc:173990	38	70.0	73.0	25.9	42.7	97.7	112.8	14.89	4.92	-1.59761353324
ENSDART00000144237	gig2p	68	34.0	29.2	10.0	17.5	48.8	60.6	NA	NA	NA
ENSDART00000052379	nkd1	3	16.1	17.8	NA	NA	NA	NA	NA	NA	NA
ENSDART00000055414	pex26	9	55.0	66.0	NA	NA	NA	NA	NA	NA	NA
ENSDART00000047444	rbck1	18	70.1	76.2	32.3	54.7	88.9	100.6	NA	NA	NA
ENSDART00000127680	zfand2a	308	26.4	22.3	6.5	12.8	34.5	48.1	NA	NA	NA
ENSDART00000012888	atp5l	110	29.1	24.3	5.6	13.0	36.3	47.9	NA	NA	NA
ENSDART00000043756	ephb2b	22	44.3	35.3	8.0	19.0	65.9	79.5	NA	NA	NA
ENSDART00000144897	si:ch211-183d5.1	4	29.3	25.4	NA	NA	NA	NA	NA	NA	NA
ENSDART00000152901	armc5	81	33.3	30.5	13.9	20.9	46.9	54.2	9.5	2.82	-1.75223235082
ENSDART00000152904	sesn1	81	50.6	33.1	8.4	15.0	80.0	120.3	NA	NA	NA
ENSDART00000043751	macrod1	12	34.9	36.1	-3.0	21.3	53.8	63.7	NA	NA	NA
ENSDART00000122026	HPDL	49	33.1	28.0	12.9	18.0	42.5	55.9	NA	NA	NA
ENSDART00000122027	LEPROTL1	165	54.5	46.2	16.7	26.0	78.4	98.0	NA	NA	NA
ENSDART00000032502	nebl	1	23.2	23.2	NA	NA	NA	NA	NA	NA	NA
ENSDART00000010778	dopey1	41	52.9	34.5	8.0	13.4	72.2	150.8	6.7	3.46	-0.953389057708
ENSDART00000141607	fpgs	97	30.4	24.2	9.6	14.9	41.6	59.5	NA	NA	NA
ENSDART00000010774	zic2a	36	47.3	30.1	14.0	17.2	56.1	125.4	NA	NA	NA
ENSDART00000134844	micall2a	320	43.4	35.8	9.7	18.5	58.1	91.7	50.23	97.01	0.949584196071
ENSDART00000031640	zgc:113425	206	23.5	19.5	5.9	10.6	33.8	48.7	NA	NA	NA
ENSDART00000123197	relb	59	31.5	21.4	7.0	13.0	39.6	65.9	NA	NA	NA
ENSDART00000123191	ube2t	145	18.0	16.7	3.8	9.5	23.5	33.4	NA	NA	NA
ENSDART00000129027	si:dkey-26g8.10	1	74.9	74.9	NA	NA	NA	NA	NA	NA	NA
ENSDART00000021037	hspa4a	183	25.5	21.4	7.4	13.2	32.8	46.0	35.03	7.29	-2.26460026848
ENSDART00000123198	hspa12a	2	35.3	35.3	NA	NA	NA	NA	NA	NA	NA
ENSDART00000021035	sec63	144	46.6	44.0	13.9	25.3	59.2	85.7	47.99	35.33	-0.441840063826
ENSDART00000054367	kdelr2b	18	71.0	70.1	42.5	57.0	94.6	102.8	NA	NA	NA
ENSDART00000097856	fras1	4	70.0	82.5	NA	NA	NA	NA	NA	NA	NA
ENSDART00000111730	pappa2	1	89.3	89.3	NA	NA	NA	NA	NA	NA	NA
ENSDART00000111731	fam57ba	98	31.4	24.9	10.0	16.6	43.1	58.1	NA	NA	NA
ENSDART00000132596	dio1	3	60.7	57.6	NA	NA	NA	NA	NA	NA	NA
ENSDART00000085888	trim8b	61	37.2	27.5	9.8	16.1	50.7	79.0	NA	NA	NA
ENSDART00000110619	CBLC	2	92.5	92.5	NA	NA	NA	NA	NA	NA	NA
ENSDART00000111738	TMEM17	14	31.1	24.9	10.8	13.8	46.7	64.4	NA	NA	NA
ENSDART00000111739	tcf20	160	98.5	102.2	53.7	77.7	123.4	139.5	29.42	12.78	-1.20290941031
ENSDART00000015479	psma8	143	46.5	42.5	15.1	31.1	58.2	74.5	30.29	56.29	0.894037070072
ENSDART00000111651	AL954696.1	104	37.5	35.7	12.3	20.2	47.9	62.5	42.35	32.12	-0.398890076702
ENSDART00000148105	naf1	151	29.8	25.1	9.5	17.4	40.4	56.4	NA	NA	NA
ENSDART00000025803	pola2	108	34.6	29.7	11.5	22.3	47.6	56.4	23.59	31.11	0.399202976295
ENSDART00000148107	SRCIN1	2	50.7	50.7	NA	NA	NA	NA	NA	NA	NA
ENSDART00000108920	pik3r5	34	16.8	16.0	4.8	9.2	23.1	32.8	NA	NA	NA
ENSDART00000112384	ANKRD40	12	60.2	60.4	11.8	14.8	91.5	108.1	NA	NA	NA
ENSDART00000108694	CR559945.3	20	52.5	39.4	23.6	27.7	67.4	101.4	NA	NA	NA
ENSDART00000112380	ercc6	1	211.8	211.8	NA	NA	NA	NA	NA	NA	NA
ENSDART00000101671	clgn	20	69.6	73.9	22.6	52.8	90.1	106.2	NA	NA	NA
ENSDART00000081140	CT990561.1	1	17.2	17.2	NA	NA	NA	NA	NA	NA	NA
ENSDART00000081143	sephs1	97	96.3	102.6	43.0	69.8	124.5	141.2	NA	NA	NA
ENSDART00000140336	nsun2	475	93.1	94.5	38.7	68.8	121.3	138.7	21.35	293.98	3.78341003425
ENSDART00000147105	tdh	136	34.6	29.5	9.6	19.4	46.9	64.8	19.51	50.3	1.36634462208
ENSDART00000041007	stmn1b	5	95.1	92.6	NA	NA	NA	NA	NA	NA	NA
ENSDART00000023094	acvr1b	151	53.2	46.4	14.8	26.2	74.4	102.4	20.34	85.2	2.06653375126
ENSDART00000051777	zgc:101664	17	78.6	87.0	-2.6	35.3	127.3	139.0	NA	NA	NA
ENSDART00000051776	srp19	30	55.8	45.9	21.6	34.2	66.7	97.4	45.12	60.63	0.426264754702
ENSDART00000060034	NAIF1	190	39.5	37.1	10.5	24.1	52.5	71.1	NA	NA	NA
ENSDART00000050753	cd36	1	31.8	31.8	NA	NA	NA	NA	NA	NA	NA
ENSDART00000038036	ube3d	1	74.5	74.5	NA	NA	NA	NA	NA	NA	NA
ENSDART00000103046	zgc:162879	267	31.3	25.8	7.1	14.4	43.0	60.6	NA	NA	NA
ENSDART00000099824	phospho2	1	227.8	227.8	NA	NA	NA	NA	NA	NA	NA
ENSDART00000006489	acsl4a	66	51.1	46.6	13.3	24.6	73.3	89.7	NA	NA	NA
ENSDART00000044080	her12	6	28.1	21.6	NA	NA	NA	NA	NA	NA	NA
ENSDART00000044085	CAPN2	1	45.2	45.2	NA	NA	NA	NA	NA	NA	NA
ENSDART00000085087	ddx28	62	27.2	22.6	6.4	11.4	39.1	56.6	28.78	7.95	-1.85603982657
ENSDART00000089689	mrps5	7	38.2	37.6	NA	NA	NA	NA	30.59	15.89	-0.94494098221
ENSDART00000092906	ppp1cab	152	116.8	122.1	55.4	95.4	142.0	156.4	27.93	431.76	3.95034211369
ENSDART00000061617	hmg20b	100	60.5	59.8	27.2	42.3	79.1	95.0	49.55	112.29	1.18027249155
ENSDART00000046951	ptpn11b	2	43.2	43.2	NA	NA	NA	NA	NA	NA	NA
ENSDART00000037729	CCSAP	2	33.9	33.9	NA	NA	NA	NA	NA	NA	NA
ENSDART00000046959	arhgap12b	50	38.6	34.6	15.1	20.7	49.7	74.3	NA	NA	NA
ENSDART00000101753	MTMR11	3	38.3	43.8	NA	NA	NA	NA	NA	NA	NA
ENSDART00000101751	skp2	378	45.4	40.1	13.3	25.9	58.6	77.7	41.08	157.03	1.93453212022
ENSDART00000148728	pacsin2	157	46.2	37.7	4.8	18.2	76.8	96.8	64.83	36.37	-0.833912647125
ENSDART00000124139	pank4	2	75.9	75.9	NA	NA	NA	NA	18.95	84.77	2.16135593869
ENSDART00000127023	CABZ01071909.3	21	30.6	26.2	14.9	20.4	42.7	48.8	NA	NA	NA
ENSDART00000111885	taf9	854	50.0	47.1	24.3	34.8	61.5	74.6	143.51	275.81	0.942523495731
ENSDART00000078348	si:ch1073-416j23.1	16	11.1	7.7	-6.2	-3.1	26.2	35.8	NA	NA	NA
ENSDART00000127026	zgc:162193	1	31.6	31.6	NA	NA	NA	NA	NA	NA	NA
ENSDART00000127028	dus1l	95	45.4	41.7	14.3	24.1	58.8	84.7	34.01	134.55	1.98411147982
ENSDART00000012445	zgc:113278	13	44.3	37.9	22.0	28.8	62.2	77.8	NA	NA	NA
ENSDART00000078509	capza1b	157	47.4	41.7	11.6	22.6	66.7	95.0	59.27	60.4	0.0272464920448
ENSDART00000126255	st6gal2l	78	31.6	29.7	12.2	19.7	42.8	52.1	NA	NA	NA
ENSDART00000144845	tmem88a	1	39.9	39.9	NA	NA	NA	NA	NA	NA	NA
ENSDART00000126256	cpne3	37	96.6	105.7	45.2	77.4	114.5	129.9	NA	NA	NA
ENSDART00000066961	ppp6r2a	123	51.5	42.3	12.2	22.0	74.7	98.8	24.66	48.23	0.967758010359
ENSDART00000074309	porcnl	1	31.6	31.6	NA	NA	NA	NA	NA	NA	NA
ENSDART00000066963	atp6v1f	75	20.8	21.1	3.1	9.7	28.1	38.8	NA	NA	NA
ENSDART00000066964	hgfa	6	18.1	22.1	NA	NA	NA	NA	NA	NA	NA
ENSDART00000145944	amotl2b	19	15.2	11.9	3.2	6.6	24.9	33.1	NA	NA	NA
ENSDART00000020541	lipf	46	42.1	44.5	17.8	26.6	53.6	68.2	NA	NA	NA
ENSDART00000020810	sdcbp2	181	53.2	48.5	13.6	33.2	72.9	90.4	21.21	225.08	3.40762134253
ENSDART00000146272	NDUFB2	60	43.1	36.8	16.0	24.9	50.2	65.9	NA	NA	NA
ENSDART00000010041	dhfr	99	49.8	43.6	13.5	29.5	66.0	81.5	55.75	176.72	1.66442161366
ENSDART00000020817	nudcd3	54	49.4	46.3	8.3	23.2	65.8	89.5	19.91	35.34	0.827808818831
ENSDART00000020819	LMAN2L	34	51.9	50.6	21.5	27.1	76.8	89.0	12.32	1.28	-3.26678654069
ENSDART00000050420	arhgap4a	46	30.0	28.3	9.1	17.7	40.5	51.4	NA	NA	NA
ENSDART00000090043	NETO2	1	147.0	147.0	NA	NA	NA	NA	NA	NA	NA
ENSDART00000014254	diablob	118	37.2	35.7	13.7	23.9	46.9	63.6	NA	NA	NA
ENSDART00000041451	vipas39	36	30.7	28.9	13.2	19.5	43.4	53.2	NA	NA	NA
ENSDART00000073625	pde5ab	3	60.8	70.0	NA	NA	NA	NA	NA	NA	NA
ENSDART00000113666	si:ch211-269m17.1	1	79.4	79.4	NA	NA	NA	NA	NA	NA	NA
ENSDART00000004023	pepd	40	76.3	79.2	39.8	60.5	94.7	107.2	23.18	88.51	1.93295989603
ENSDART00000089066	tbc1d2b	16	45.4	34.9	20.6	24.0	54.8	76.7	NA	NA	NA
ENSDART00000083369	DGKE	7	51.0	48.5	NA	NA	NA	NA	NA	NA	NA
ENSDART00000102312	zgc:158340	2	97.0	97.0	NA	NA	NA	NA	NA	NA	NA
ENSDART00000129261	lpar1	10	34.4	33.8	15.3	27.5	41.2	51.7	NA	NA	NA
ENSDART00000083362	TTC31	247	96.3	91.1	53.7	73.9	118.1	144.8	230.62	136.68	-0.754715480013
ENSDART00000125532	AREL1	50	85.2	84.8	21.9	44.7	120.6	138.2	NA	NA	NA
ENSDART00000133621	si:ch211-255a21.3	138	27.2	24.9	6.4	14.3	37.5	53.1	NA	NA	NA
ENSDART00000106153	top2a	54	23.7	8.6	-1.4	3.9	19.8	42.6	24.17	4.5	-2.42522056655
ENSDART00000034456	kpna4	249	96.1	100.1	41.9	74.2	123.9	142.0	43.83	649.47	3.88927230297
ENSDART00000126646	MALSU1	2	99.5	99.5	NA	NA	NA	NA	NA	NA	NA
ENSDART00000129167	mapre1b	191	63.1	58.5	16.7	30.2	90.0	110.6	NA	NA	NA
ENSDART00000115178	CR848836.6	1	95.0	95.0	NA	NA	NA	NA	NA	NA	NA
ENSDART00000036456	cycsb	787	44.4	38.0	11.6	23.9	56.0	77.9	264.75	204.61	-0.371754027903
ENSDART00000113710	dcbld2	6	55.6	46.0	NA	NA	NA	NA	NA	NA	NA
ENSDART00000113712	galnt13	14	40.9	30.0	0.9	26.1	69.1	87.3	NA	NA	NA
ENSDART00000113713	fam177a1	13	73.7	74.5	36.8	62.6	95.7	101.1	NA	NA	NA
ENSDART00000020603	ccng2	5	31.6	27.9	NA	NA	NA	NA	NA	NA	NA
ENSDART00000113716	rabl6	18	46.0	42.9	23.8	31.3	67.7	71.1	NA	NA	NA
ENSDART00000124855	TP53INP2	1	66.1	66.1	NA	NA	NA	NA	NA	NA	NA
ENSDART00000146682	pcnp	34	56.0	42.8	12.1	18.9	88.7	122.6	NA	NA	NA
ENSDART00000086005	CABZ01057358.1	2	48.1	48.1	NA	NA	NA	NA	NA	NA	NA
ENSDART00000024514	chordc1	39	41.9	35.5	10.5	22.2	55.7	79.6	40.92	11.68	-1.80876587087
ENSDART00000115174	TCIRG1	379	31.4	25.2	7.8	15.2	44.0	60.6	NA	NA	NA
ENSDART00000123275	ptbp2a	72	92.8	93.5	32.2	60.5	125.8	154.1	8.07	119.79	3.89179499408
ENSDART00000004533	rpe65a	1	58.8	58.8	NA	NA	NA	NA	NA	NA	NA
ENSDART00000102345	txnipb	13	14.2	10.3	2.2	8.1	17.1	32.0	NA	NA	NA
ENSDART00000093236	TULP3	47	30.3	24.7	7.0	13.6	41.8	63.5	NA	NA	NA
ENSDART00000132491	WDR83OS	293	44.1	40.5	20.3	30.3	56.8	72.1	48.91	128.46	1.39311783177
ENSDART00000093232	CR855307.1	102	52.8	50.1	15.9	32.0	76.0	90.6	NA	NA	NA
ENSDART00000130355	nos2a	2	37.8	37.8	NA	NA	NA	NA	NA	NA	NA
ENSDART00000130801	ACSL1	0	NA	NA	NA	NA	NA	NA	11.56	11.23	-0.0417834701001
ENSDART00000040500	tspan9a	4	43.9	50.5	NA	NA	NA	NA	NA	NA	NA
ENSDART00000144419	larp4aa	53	42.0	33.5	16.7	23.8	60.2	75.7	NA	NA	NA
ENSDART00000091901	psmd14	402	29.0	25.0	6.0	12.3	40.9	58.4	74.65	94.55	0.340935197815
ENSDART00000143739	si:dkey-82i20.1	1	4.3	4.3	NA	NA	NA	NA	NA	NA	NA
ENSDART00000053463	mgll	40	119.1	120.3	43.1	83.2	152.9	194.2	NA	NA	NA
ENSDART00000058793	nenf	84	35.5	28.9	8.1	18.4	49.7	70.8	NA	NA	NA
ENSDART00000106566	CABZ01030107.1	1	15.4	15.4	NA	NA	NA	NA	NA	NA	NA
ENSDART00000130380	dpysl2b	1	31.8	31.8	NA	NA	NA	NA	NA	NA	NA
ENSDART00000058797	hebp2	102	69.8	69.0	21.6	37.7	96.2	118.8	NA	NA	NA
ENSDART00000125537	CABZ01069006.1	78	38.1	31.2	16.9	21.8	47.0	64.3	NA	NA	NA
ENSDART00000087241	lss	24	36.2	31.0	16.8	18.9	45.9	62.8	NA	NA	NA
ENSDART00000087242	atpif1a	69	45.4	40.9	9.3	20.6	60.3	81.2	43.52	25.29	-0.783111519587
ENSDART00000130431	FP016176.1	3	97.6	103.6	NA	NA	NA	NA	NA	NA	NA
ENSDART00000106568	CU695216.1	51	27.4	25.1	8.6	13.5	36.3	55.5	NA	NA	NA
ENSDART00000080608	hoxd10a	1	18.0	18.0	NA	NA	NA	NA	NA	NA	NA
ENSDART00000005952	NRD1	129	50.5	47.9	13.9	28.2	63.0	90.3	13.69	46.49	1.76379797926
ENSDART00000016307	her1	3	22.6	14.5	NA	NA	NA	NA	NA	NA	NA
ENSDART00000092011	exd3	54	86.1	97.4	24.4	54.5	120.6	131.0	6.48	103.26	3.99414387988
ENSDART00000097535	CABZ01075125.1	9	29.2	31.5	NA	NA	NA	NA	NA	NA	NA
ENSDART00000002279	cdh11	17	27.6	21.9	7.4	11.9	32.0	62.5	NA	NA	NA
ENSDART00000104493	sox2	5	47.0	32.9	NA	NA	NA	NA	NA	NA	NA
ENSDART00000056865	ctnnbip1	182	60.4	56.5	15.6	32.0	88.9	114.8	NA	NA	NA
ENSDART00000053814	MTFMT	100	30.1	28.4	10.1	16.3	39.8	55.3	NA	NA	NA
ENSDART00000078858	CLEC6A	4	34.7	25.6	NA	NA	NA	NA	NA	NA	NA
ENSDART00000003252	dhtkd1	2	105.1	105.1	NA	NA	NA	NA	NA	NA	NA
ENSDART00000152289	ATG4D	89	30.1	20.4	4.4	11.4	43.3	72.5	NA	NA	NA
ENSDART00000067056	ticrr	111	31.0	25.8	5.8	11.1	37.0	67.2	14.47	11.19	-0.370854885555
ENSDART00000139868	slc35e4	3	61.3	11.1	NA	NA	NA	NA	NA	NA	NA
ENSDART00000086868	senp7	78	32.1	26.1	9.2	14.1	44.3	58.7	18.63	6.54	-1.51026513344
ENSDART00000006971	sept4a	34	66.4	63.1	37.3	44.9	78.8	97.0	18.55	10.26	-0.854388455901
ENSDART00000021634	wfikkn2a	2	58.3	58.3	NA	NA	NA	NA	NA	NA	NA
ENSDART00000134543	nceh1a	4	32.5	30.6	NA	NA	NA	NA	NA	NA	NA
ENSDART00000139715	dpm3	52	41.5	38.3	13.5	23.1	52.8	80.3	NA	NA	NA
ENSDART00000058424	fam46ba	302	74.6	73.1	24.0	50.3	98.9	121.4	NA	NA	NA
ENSDART00000081214	selt1a	278	35.4	30.1	8.6	18.4	47.4	65.4	37.2	57.33	0.623987657703
ENSDART00000026448	evpla	1	75.5	75.5	NA	NA	NA	NA	NA	NA	NA
ENSDART00000088639	wscd2	13	52.7	59.1	15.5	31.7	69.0	80.1	NA	NA	NA
ENSDART00000151744	CMTM8	2	27.7	27.7	NA	NA	NA	NA	NA	NA	NA
ENSDART00000130650	CABZ01040055.1	1	41.4	41.4	NA	NA	NA	NA	NA	NA	NA
ENSDART00000129783	snx25	39	26.8	25.2	5.7	15.0	37.4	44.5	11.85	0.33	-5.16627722443
ENSDART00000019259	dlb	2	2.8	2.8	NA	NA	NA	NA	NA	NA	NA
ENSDART00000142306	xpot	86	85.7	82.4	29.3	58.6	121.4	136.3	18.44	28.81	0.643731004731
ENSDART00000128889	ZBTB40	7	25.1	21.0	NA	NA	NA	NA	NA	NA	NA
ENSDART00000132874	eif1b	105	66.7	61.1	17.3	33.1	99.3	127.4	119.83	773.35	2.69013235296
ENSDART00000138401	scarf1	2	24.9	24.9	NA	NA	NA	NA	NA	NA	NA
ENSDART00000079296	rims2a	1	49.6	49.6	NA	NA	NA	NA	NA	NA	NA
ENSDART00000086861	nipblb	112	54.2	53.7	19.9	31.7	73.7	89.9	39.85	24.65	-0.692992077613
ENSDART00000002095	tmem39b	61	38.5	31.9	11.8	19.5	52.0	80.8	NA	NA	NA
ENSDART00000142171	syt6a	1	35.6	35.6	NA	NA	NA	NA	NA	NA	NA
ENSDART00000089944	CABZ01044136.1	142	60.4	60.8	13.7	31.3	86.1	106.8	NA	NA	NA
ENSDART00000142175	si:dkey-76d14.2	1	26.8	26.8	NA	NA	NA	NA	NA	NA	NA
ENSDART00000143492	senp3a	215	24.6	19.1	5.2	10.8	32.1	44.2	28.7	5.54	-2.37309285551
ENSDART00000112400	bnip1b	74	34.9	31.9	12.0	18.2	45.9	67.4	NA	NA	NA
ENSDART00000112405	c6ast1	1	44.1	44.1	NA	NA	NA	NA	NA	NA	NA
ENSDART00000149244	itga6l	2	19.5	19.5	NA	NA	NA	NA	NA	NA	NA
ENSDART00000029763	sap30l	233	39.1	33.1	12.3	20.6	50.6	71.6	95.8	25.94	-1.88484717637
ENSDART00000122813	asb11	182	99.1	102.9	23.0	60.6	136.6	157.4	NA	NA	NA
ENSDART00000021559	coro1b	16	38.8	27.4	8.3	14.6	62.9	70.5	NA	NA	NA
ENSDART00000022579	GABRG3	14	49.6	47.3	17.5	27.3	72.5	87.5	NA	NA	NA
ENSDART00000140764	si:ch211-262h13.3	89	82.6	70.6	17.3	40.2	116.2	154.1	NA	NA	NA
ENSDART00000134097	nid2b	2	43.4	43.4	NA	NA	NA	NA	NA	NA	NA
ENSDART00000081216	elovl1b	78	43.8	40.1	14.5	23.5	59.0	76.0	NA	NA	NA
ENSDART00000109333	kif16ba	93	36.8	28.9	11.9	18.0	48.1	80.9	13.89	11.04	-0.331306427203
ENSDART00000153426	srcap	66	82.6	93.0	29.3	51.0	109.6	138.8	13.83	24.37	0.817305094573
ENSDART00000064219	trmu	75	36.2	26.8	8.0	14.9	45.6	73.5	NA	NA	NA
ENSDART00000140362	ccdc59	55	53.8	47.9	15.4	29.3	65.6	95.7	36.28	11.11	-1.70731563914
ENSDART00000101885	zdhhc18a	179	52.9	48.0	14.0	27.7	70.4	97.6	17.88	63.03	1.81769192621
ENSDART00000002341	cldnc	15	50.7	42.4	4.6	11.7	68.3	126.9	NA	NA	NA
ENSDART00000138243	rabgef1	161	42.5	39.1	13.3	23.3	57.2	80.2	NA	NA	NA
ENSDART00000153428	tnrc6b	140	32.7	21.7	4.6	9.6	40.7	92.6	28.31	4.9	-2.5304580949
ENSDART00000103868	zgc:152986	208	31.0	27.4	8.5	14.3	44.6	56.9	NA	NA	NA
ENSDART00000028011	CU694319.1	20	44.7	31.5	3.4	18.6	50.5	76.3	NA	NA	NA
ENSDART00000028016	waslb	208	33.3	28.4	7.5	16.6	45.5	70.0	31.31	60.92	0.960292433349
ENSDART00000028017	mad2l1	378	26.0	19.4	6.4	13.2	30.0	44.6	138.15	30.86	-2.16242559513
ENSDART00000079582	kirrelb	6	52.3	52.3	NA	NA	NA	NA	NA	NA	NA
ENSDART00000028018	meis4.1a	1	91.1	91.1	NA	NA	NA	NA	NA	NA	NA
ENSDART00000055882	PDXP	2	29.8	29.8	NA	NA	NA	NA	NA	NA	NA
ENSDART00000008504	MED17	69	48.1	42.8	16.2	27.8	62.9	82.7	47.85	55.93	0.225103405612
ENSDART00000017756	ctsl.1	3	53.9	43.2	NA	NA	NA	NA	NA	NA	NA
ENSDART00000149088	nfxl1	3	35.2	35.8	NA	NA	NA	NA	12.94	15.24	0.236025285501
ENSDART00000149087	slc36a1	15	31.4	27.2	16.3	21.6	32.4	61.8	NA	NA	NA
ENSDART00000054987	actb1	1617	34.1	22.3	6.2	11.3	43.8	81.7	226.06	302.93	0.42227872112
ENSDART00000053761	bms1l	59	53.4	57.0	9.9	31.0	75.3	88.1	23.07	47.63	1.04585254468
ENSDART00000029492	cmtm7	15	98.2	84.3	53.0	70.6	124.4	164.7	NA	NA	NA
ENSDART00000128782	CABZ01085626.1	80	43.2	36.7	13.3	22.4	61.2	83.7	44.92	7.73	-2.53881760848
ENSDART00000101036	grpel2	30	48.2	34.5	5.1	17.3	56.1	124.2	NA	NA	NA
ENSDART00000101037	nhp2	130	71.6	69.8	12.2	33.5	100.4	123.5	85.95	377.64	2.13544203965
ENSDART00000092657	ADAMTS16	2	54.0	54.0	NA	NA	NA	NA	NA	NA	NA
ENSDART00000011319	smarce1	858	68.8	68.0	30.0	47.5	87.3	108.5	102.43	313.1	1.61198519048
ENSDART00000103484	gas2l3	65	35.8	28.6	10.9	16.9	46.3	72.3	NA	NA	NA
ENSDART00000099105	ubc	1858	61.6	59.7	28.9	43.0	77.4	95.1	419.94	1165.6	1.47281766353
ENSDART00000067250	ing1	27	32.4	27.0	10.6	17.3	47.3	60.7	NA	NA	NA
ENSDART00000087247	CU207301.4	117	60.7	59.2	22.3	34.5	84.6	100.9	17.1	127.95	2.90351191715
ENSDART00000097991	fem1a	50	29.7	25.7	11.9	19.2	36.3	50.3	NA	NA	NA
ENSDART00000016087	ptprja	1	6.2	6.2	NA	NA	NA	NA	NA	NA	NA
ENSDART00000063912	jun	32	46.0	32.0	12.8	16.2	56.0	83.9	NA	NA	NA
ENSDART00000092925	commd9	42	23.8	19.8	9.7	13.0	34.1	44.1	NA	NA	NA
ENSDART00000076328	pgrmc1	140	63.6	61.3	24.0	41.4	78.8	111.3	36.43	100.6	1.46543140495
ENSDART00000063917	si:dkey-86e18.1	30	34.5	30.9	11.0	20.7	47.8	62.3	17.65	8.12	-1.12011655097
ENSDART00000027782	mknk2a	560	29.8	26.3	8.0	15.5	40.7	56.1	NA	NA	NA
ENSDART00000121544	foxp1a	123	25.8	22.3	8.1	13.9	32.6	49.2	NA	NA	NA
ENSDART00000121545	brms1	6	29.3	23.9	NA	NA	NA	NA	NA	NA	NA
ENSDART00000062402	tpd52l1	1	46.3	46.3	NA	NA	NA	NA	NA	NA	NA
ENSDART00000057513	ska1	203	34.3	31.2	13.7	19.7	44.7	59.7	NA	NA	NA
ENSDART00000045971	PBRM1	5	84.0	58.6	NA	NA	NA	NA	NA	NA	NA
ENSDART00000017138	exoc3l2a	1	22.6	22.6	NA	NA	NA	NA	NA	NA	NA
ENSDART00000060939	adamts1	5	51.8	61.7	NA	NA	NA	NA	NA	NA	NA
ENSDART00000067386	rad51ap1	73	28.9	22.8	6.4	12.8	39.1	61.5	NA	NA	NA
ENSDART00000003428	prps1a	200	60.0	60.3	10.4	33.6	81.6	102.5	43.55	334.39	2.94078708004
ENSDART00000060930	CABZ01079427.1	91	26.6	23.2	7.4	13.4	35.6	50.6	NA	NA	NA
ENSDART00000060935	tnfaip1	200	56.9	53.6	19.1	32.3	78.1	102.6	NA	NA	NA
ENSDART00000136713	si:ch211-102c2.4	1	136.5	136.5	NA	NA	NA	NA	NA	NA	NA
ENSDART00000029946	ube2b	8	22.2	19.9	NA	NA	NA	NA	NA	NA	NA
ENSDART00000056277	gigfy2	216	56.4	56.8	22.3	39.2	72.2	87.3	68.04	95.63	0.491080134754
ENSDART00000125786	CCDC23	7	29.8	26.5	NA	NA	NA	NA	NA	NA	NA
ENSDART00000044115	med6	93	46.6	40.5	10.3	16.4	59.9	93.0	34.6	142.62	2.04333236614
ENSDART00000056278	SLC25A22	7	59.2	48.7	NA	NA	NA	NA	NA	NA	NA
ENSDART00000114857	ppp4cb	807	50.3	46.3	12.6	27.2	68.8	92.2	49.94	545.65	3.44970812371
ENSDART00000018955	rest	112	41.0	33.1	7.4	16.8	57.1	82.4	14.9	28.79	0.950255458214
ENSDART00000034768	ghitm	67	72.7	75.7	33.2	52.4	94.1	111.2	NA	NA	NA
ENSDART00000133834	vps9d1	236	40.9	36.3	11.3	22.9	54.8	80.3	NA	NA	NA
ENSDART00000016660	MCUR1	53	36.5	37.3	14.6	23.5	47.0	54.6	NA	NA	NA
ENSDART00000011362	arrdc2	9	57.5	46.3	NA	NA	NA	NA	NA	NA	NA
ENSDART00000147662	pdxka	20	43.3	38.1	10.0	30.3	55.7	84.1	NA	NA	NA
ENSDART00000133389	zgc:92249	1	23.9	23.9	NA	NA	NA	NA	NA	NA	NA
ENSDART00000133388	mlh1	17	31.4	18.5	12.1	13.1	33.2	61.4	NA	NA	NA
ENSDART00000133838	si:dkey-200c24.1	1	7.4	7.4	NA	NA	NA	NA	NA	NA	NA
ENSDART00000106415	zgc:113220	27	49.2	41.7	18.3	30.6	56.1	68.4	NA	NA	NA
ENSDART00000115237	becn1	51	37.0	32.0	8.4	17.1	47.8	72.2	NA	NA	NA
ENSDART00000084637	scn1bb	33	39.0	41.3	10.7	24.8	48.9	67.9	NA	NA	NA
ENSDART00000084631	scn1ba	1	25.6	25.6	NA	NA	NA	NA	NA	NA	NA
ENSDART00000079699	plxna3	30	82.8	79.6	27.2	48.4	107.3	141.2	3.92	19.98	2.34963102368
ENSDART00000043112	capn7	33	34.8	24.5	6.9	13.2	49.0	67.6	NA	NA	NA
ENSDART00000150192	mocs2	51	26.0	23.3	9.8	14.5	33.2	46.3	NA	NA	NA
ENSDART00000150191	WAPAL	266	62.5	61.5	14.5	31.3	91.2	113.9	41.15	136.26	1.72739777612
ENSDART00000127236	syt13	30	33.6	27.5	8.4	14.6	45.9	63.0	NA	NA	NA
ENSDART00000036148	zgc:77486	2	37.4	37.4	NA	NA	NA	NA	21.99	165.35	2.91060353622
ENSDART00000140284	zbtb16a	2	26.1	26.1	NA	NA	NA	NA	NA	NA	NA
ENSDART00000105316	samhd1	139	32.4	28.6	9.2	18.1	41.4	57.4	NA	NA	NA
ENSDART00000034606	sfxn5b	25	23.2	19.8	4.6	9.9	32.1	47.2	NA	NA	NA
ENSDART00000144641	ube2f	66	38.7	36.0	9.0	19.2	57.2	72.3	NA	NA	NA
ENSDART00000101177	spryd7b	83	46.3	38.4	11.3	22.8	61.1	86.6	NA	NA	NA
ENSDART00000103784	edn2	2	73.8	73.8	NA	NA	NA	NA	NA	NA	NA
ENSDART00000146461	alpl	4	90.7	81.8	NA	NA	NA	NA	NA	NA	NA
ENSDART00000027321	prdm9	181	30.4	25.3	9.4	15.5	38.3	58.3	31.38	23.42	-0.422104276467
ENSDART00000075826	dcdc2b	1	75.1	75.1	NA	NA	NA	NA	NA	NA	NA
ENSDART00000020667	osbpl7	201	39.2	35.1	7.4	16.8	52.5	82.7	45.58	158.57	1.79864702238
ENSDART00000037557	admp	66	77.7	71.9	10.2	22.1	116.9	160.7	NA	NA	NA
ENSDART00000037553	faah2a	1	105.0	105.0	NA	NA	NA	NA	NA	NA	NA
ENSDART00000113550	BX511021.3	3	27.5	15.9	NA	NA	NA	NA	NA	NA	NA
ENSDART00000100073	dyrk1aa	77	61.2	54.9	12.7	35.0	87.2	109.0	24.44	7.72	-1.66257153255
ENSDART00000147593	pvrl3l	244	33.1	28.0	10.1	17.8	43.4	58.2	59.4	21.89	-1.44019097651
ENSDART00000100782	mus81	88	42.6	38.5	16.3	27.3	56.6	78.2	67.07	30.65	-1.12978052814
ENSDART00000092270	r3hdm4	46	47.2	38.2	10.5	22.6	66.6	92.1	NA	NA	NA
ENSDART00000147597	ubl3b	100	28.7	19.2	8.1	12.5	35.0	52.8	NA	NA	NA
ENSDART00000132125	acadm	879	32.1	26.9	12.0	18.2	40.7	57.7	208.16	68.57	-1.60204343985
ENSDART00000132129	mapk8a	22	51.5	50.8	20.0	31.4	61.0	97.6	NA	NA	NA
ENSDART00000098277	tmem41b	25	44.0	42.5	10.2	18.7	61.6	81.6	NA	NA	NA
ENSDART00000010019	upf3b	91	48.7	43.1	19.0	29.4	64.7	75.9	42.16	28.67	-0.556332962397
ENSDART00000125757	CU469577.1	1	25.4	25.4	NA	NA	NA	NA	NA	NA	NA
ENSDART00000029413	cited4b	2277	46.6	33.0	3.3	12.8	74.2	111.2	166.34	422.25	1.3439622859
ENSDART00000102782	gria2a	4	84.1	84.9	NA	NA	NA	NA	NA	NA	NA
ENSDART00000010543	ltv1	227	51.8	54.1	19.3	38.0	65.2	79.6	54.23	96.1	0.825445260646
ENSDART00000131677	hhatlb	3	39.7	37.8	NA	NA	NA	NA	NA	NA	NA
ENSDART00000040265	tbc1d7	32	30.3	27.3	9.0	12.9	44.9	60.5	NA	NA	NA
ENSDART00000034373	hagh	6	56.5	45.8	NA	NA	NA	NA	NA	NA	NA
ENSDART00000133170	arhgef28	39	22.0	17.4	9.3	13.1	27.1	38.8	NA	NA	NA
ENSDART00000122463	DOK3	1	60.7	60.7	NA	NA	NA	NA	NA	NA	NA
ENSDART00000121966	MDC1	38	47.0	36.0	16.4	23.1	63.7	93.5	46.17	28.72	-0.684899983226
ENSDART00000092456	shank3a	1	83.3	83.3	NA	NA	NA	NA	NA	NA	NA
ENSDART00000121963	HIST4H4	13	-1.1	-1.5	-9.8	-7.2	0.2	4.0	NA	NA	NA
ENSDART00000112739	akt1s1	325	89.3	91.7	53.6	72.2	105.9	121.8	46.84	132.94	1.50496227806
ENSDART00000045071	foxk2	106	28.5	20.6	8.7	12.5	38.3	60.3	14.49	0.97	-3.90092903737
ENSDART00000059212	unc50	148	35.7	31.4	12.1	17.9	47.3	73.8	NA	NA	NA
ENSDART00000019392	sdr16c5a	25	56.7	50.5	21.1	42.5	76.4	83.2	NA	NA	NA
ENSDART00000075176	dis3l	16	38.4	33.6	7.0	9.8	55.4	85.1	NA	NA	NA
ENSDART00000004238	rpl7a	883	34.8	30.6	8.3	18.8	44.3	58.8	516.28	29.13	-4.14757610451
ENSDART00000073439	trim44	41	63.7	52.7	22.5	38.9	93.6	115.0	16.51	63.46	1.942507401
ENSDART00000112243	crlf1a	4	19.9	17.1	NA	NA	NA	NA	NA	NA	NA
ENSDART00000112242	zgc:194679	1	35.8	35.8	NA	NA	NA	NA	NA	NA	NA
ENSDART00000079843	CR376848.1	2	53.5	53.5	NA	NA	NA	NA	NA	NA	NA
ENSDART00000152737	PGAP3	3	101.3	103.0	NA	NA	NA	NA	NA	NA	NA
ENSDART00000073432	rbl2	3	66.1	82.3	NA	NA	NA	NA	NA	NA	NA
ENSDART00000073434	SNX20	117	69.2	68.1	22.8	41.5	95.9	113.0	NA	NA	NA
ENSDART00000133587	wsb2	34	43.9	39.5	14.9	21.8	60.3	85.7	NA	NA	NA
ENSDART00000079848	tnfsf10	4	26.8	28.8	NA	NA	NA	NA	NA	NA	NA
ENSDART00000011823	pop4	347	34.8	33.2	8.9	19.1	47.8	59.5	NA	NA	NA
ENSDART00000081601	cept1a	170	31.4	28.3	7.1	12.5	44.1	64.6	NA	NA	NA
ENSDART00000125063	taf5l	189	30.1	26.6	8.0	14.9	41.0	54.8	42.17	35.09	-0.265157073877
ENSDART00000081607	tbl1xr1a	6	61.6	66.3	NA	NA	NA	NA	NA	NA	NA
ENSDART00000081604	adipor2	251	29.2	26.2	6.2	13.6	40.3	55.6	48.01	40.8	-0.2347657838
ENSDART00000051433	nelfb	53	63.7	54.7	16.3	28.5	87.7	115.8	18.22	126.73	2.79816322083
ENSDART00000052368	heatr3	136	28.4	25.8	8.8	15.9	38.7	49.7	29.44	49.16	0.739707244316
ENSDART00000092492	TRPM4	9	105.3	109.2	NA	NA	NA	NA	NA	NA	NA
ENSDART00000057304	col27a1a	6	53.6	60.6	NA	NA	NA	NA	NA	NA	NA
ENSDART00000057305	thbs3a	1	38.4	38.4	NA	NA	NA	NA	NA	NA	NA
ENSDART00000136920	rp2	180	60.6	52.5	15.6	27.5	84.2	117.9	46.75	287.84	2.62222882159
ENSDART00000036906	kpna7	4	33.6	33.9	NA	NA	NA	NA	NA	NA	NA
ENSDART00000146643	SUSD1	3	26.6	25.7	NA	NA	NA	NA	NA	NA	NA
ENSDART00000104204	foxg1a	1	63.0	63.0	NA	NA	NA	NA	NA	NA	NA
ENSDART00000066578	tectb	11	45.0	42.0	6.2	27.6	62.5	80.4	NA	NA	NA
ENSDART00000057124	tefa	17	73.2	42.3	16.7	30.8	97.7	136.3	NA	NA	NA
ENSDART00000122375	mrpl48	49	25.4	23.5	7.0	13.8	33.2	44.3	NA	NA	NA
ENSDART00000091409	smarcad1	282	29.2	22.5	6.7	11.8	38.2	58.6	53.16	12.89	-2.04408884091
ENSDART00000061406	usp39	209	48.1	48.1	20.0	34.6	61.2	74.6	33.17	70.62	1.09019780897
ENSDART00000112653	wdfy4	10	31.1	28.3	1.1	17.0	46.0	58.7	3.78	10.25	1.43916577017
ENSDART00000112651	CR388046.3	21	22.0	17.4	4.4	8.0	29.5	54.3	NA	NA	NA
ENSDART00000004498	insig2	9	47.7	43.7	NA	NA	NA	NA	NA	NA	NA
ENSDART00000112659	IPP	19	20.3	22.4	6.4	16.0	27.1	30.2	NA	NA	NA
ENSDART00000143694	mlh3	25	37.8	33.2	15.6	26.6	49.1	60.7	NA	NA	NA
ENSDART00000032722	pigm	57	33.7	29.4	13.7	19.6	44.0	60.7	NA	NA	NA
ENSDART00000102122	CU596012.1	22	38.9	37.2	11.5	19.6	58.6	75.6	NA	NA	NA
ENSDART00000143690	cped1	25	28.8	25.2	7.7	10.3	42.7	67.6	NA	NA	NA
ENSDART00000002835	psme3	466	91.9	94.6	36.3	63.0	123.5	143.7	105.15	649.9	2.62776889791
ENSDART00000109833	BX548160.2	1	267.2	267.2	NA	NA	NA	NA	NA	NA	NA
ENSDART00000109525	aspg	64	38.1	25.9	10.5	15.1	57.0	77.9	NA	NA	NA
ENSDART00000129417	RNF213	1	102.8	102.8	NA	NA	NA	NA	NA	NA	NA
ENSDART00000013933	si:dkey-42i9.4	1035	72.3	67.0	25.4	43.8	96.9	125.9	365.63	1466.01	2.00343859074
ENSDART00000005548	batf	32	36.5	31.5	11.9	20.7	46.0	76.9	NA	NA	NA
ENSDART00000042237	zgc:77391	178	45.7	39.7	14.0	22.5	66.3	87.9	42.93	12.63	-1.76513153366
ENSDART00000013939	cacng2b	1	46.5	46.5	NA	NA	NA	NA	NA	NA	NA
ENSDART00000005547	gnb3b	2	17.7	17.7	NA	NA	NA	NA	NA	NA	NA
ENSDART00000032963	apoob	4	37.8	36.2	NA	NA	NA	NA	NA	NA	NA
ENSDART00000142614	lipea	4	56.8	64.6	NA	NA	NA	NA	NA	NA	NA
ENSDART00000128141	KIF3A	35	31.3	27.6	8.9	16.0	43.7	62.5	NA	NA	NA
ENSDART00000089713	mxra8a	33	45.7	50.1	12.9	24.5	61.2	75.1	NA	NA	NA
ENSDART00000010499	rplp2	78	36.3	32.8	13.1	18.8	47.0	61.3	166.05	6.2	-4.74320569712
ENSDART00000127838	pcdh18a	5	27.7	25.7	NA	NA	NA	NA	NA	NA	NA
ENSDART00000127839	CT583626.2	1	134.4	134.4	NA	NA	NA	NA	NA	NA	NA
ENSDART00000077539	tuba1c	3	25.2	24.1	NA	NA	NA	NA	NA	NA	NA
ENSDART00000037181	ufc1	121	34.6	29.2	12.6	17.6	46.9	62.4	NA	NA	NA
ENSDART00000127832	raver1	539	33.3	25.1	6.6	14.1	45.2	69.0	37.37	176.62	2.24069625053
ENSDART00000128415	tomm20a	185	28.3	23.0	8.9	15.6	36.9	54.1	NA	NA	NA
ENSDART00000053153	mhc1zba	9	72.7	41.3	NA	NA	NA	NA	NA	NA	NA
ENSDART00000053152	cbr1	89	33.1	28.8	8.9	14.6	46.8	69.2	NA	NA	NA
ENSDART00000127837	BX511245.1	22	126.1	124.5	63.0	98.3	152.9	165.5	NA	NA	NA
ENSDART00000053157	setd4	141	36.8	32.8	11.8	20.6	48.5	61.2	NA	NA	NA
ENSDART00000049676	depdc1a	571	54.1	49.5	11.5	22.9	79.1	103.1	32.07	88.25	1.4603719246
ENSDART00000023054	atl3	262	27.5	22.4	9.2	14.6	36.1	51.3	73.91	33.45	-1.1437633629
ENSDART00000006899	igbp1	223	47.5	43.2	11.9	27.0	67.7	82.8	25.87	185.21	2.83981003666
ENSDART00000143966	si:ch211-173p18.3	543	43.0	39.9	16.1	26.7	57.2	72.1	48.86	121.53	1.31458672214
ENSDART00000099692	dclre1b	11	21.7	20.5	5.5	8.7	32.5	36.7	NA	NA	NA
ENSDART00000099693	trappc2	33	40.8	42.7	14.4	26.4	51.1	66.3	NA	NA	NA
ENSDART00000006892	tp53bp2	107	91.7	96.9	35.3	73.8	118.0	130.9	20.31	75.52	1.89466852507
ENSDART00000112345	rprd2b	26	44.4	43.4	15.2	29.3	58.2	68.1	11.95	9.13	-0.388323852884
ENSDART00000030133	synj2bp	97	48.9	39.6	6.6	17.9	74.3	101.6	NA	NA	NA
ENSDART00000078499	rftn2	115	52.5	47.9	15.3	25.2	74.8	101.1	NA	NA	NA
ENSDART00000048104	znf143a	105	47.0	45.2	18.4	27.1	60.4	75.1	30.37	35.59	0.228825024342
ENSDART00000139441	morf4l1	419	64.9	61.9	28.8	45.4	82.8	101.2	157.55	139.67	-0.1737875797
ENSDART00000048423	timm50	109	40.7	31.1	11.6	18.2	57.9	83.3	56.32	12.17	-2.21031816592
ENSDART00000122609	klhl18	163	52.4	51.9	17.1	25.3	68.1	91.0	NA	NA	NA
ENSDART00000008177	zgc:92113	3	28.9	9.4	NA	NA	NA	NA	NA	NA	NA
ENSDART00000077896	lgalslb	25	28.5	24.1	10.1	18.8	39.1	53.0	NA	NA	NA
ENSDART00000124333	adcy5	100	49.5	42.6	11.7	23.0	69.8	99.9	NA	NA	NA
ENSDART00000111388	igdcc3	45	25.8	21.3	4.4	14.1	30.7	41.7	NA	NA	NA
ENSDART00000062185	rab40b	26	36.6	27.5	15.6	22.1	45.2	75.1	NA	NA	NA
ENSDART00000050930	casp6	3	75.1	56.4	NA	NA	NA	NA	NA	NA	NA
ENSDART00000127784	ppapdc1b	159	22.1	19.4	5.2	10.4	27.0	41.7	NA	NA	NA
ENSDART00000007334	faua	120	39.1	35.7	14.3	23.4	49.4	66.2	101.82	4.27	-4.57564109064
ENSDART00000131268	rhbdd2	36	43.4	43.8	11.9	18.4	61.2	79.3	NA	NA	NA
ENSDART00000136541	znf143b	297	49.8	27.6	5.5	13.6	81.6	126.7	22.31	8.3	-1.42650727201
ENSDART00000089564	cacnb4b	1	22.0	22.0	NA	NA	NA	NA	NA	NA	NA
ENSDART00000136543	si:dkey-206m15.8	2	63.8	63.8	NA	NA	NA	NA	NA	NA	NA
ENSDART00000042134	dock7	134	33.0	29.7	5.9	13.7	47.5	67.9	20.52	27.84	0.440128480242
ENSDART00000131267	tsc22d1	213	48.2	43.8	11.8	22.4	69.9	90.6	28.09	160.53	2.5147144052
ENSDART00000129318	CABZ01045212.1	7	45.9	49.9	NA	NA	NA	NA	NA	NA	NA
ENSDART00000008551	zgc:112977	3	17.6	17.7	NA	NA	NA	NA	NA	NA	NA
ENSDART00000129314	loxl3b	3	25.7	32.8	NA	NA	NA	NA	NA	NA	NA
ENSDART00000025254	CREM	1	60.7	60.7	NA	NA	NA	NA	NA	NA	NA
ENSDART00000028373	fkbp5	6	28.5	27.2	NA	NA	NA	NA	NA	NA	NA
ENSDART00000048640	pus3	140	26.4	23.1	6.7	13.5	37.5	49.9	52.5	21.72	-1.27329331964
ENSDART00000145342	cbln1	9	56.5	46.1	NA	NA	NA	NA	NA	NA	NA
ENSDART00000087382	ddx6	139	62.5	65.3	14.8	25.0	93.8	116.7	32.38	171.32	2.40351869159
ENSDART00000114715	MAN1B1	21	27.5	28.6	13.1	13.5	32.4	46.9	NA	NA	NA
ENSDART00000130198	exoc5	91	70.4	72.9	17.9	41.8	99.2	115.5	13.19	136.46	3.37096165171
ENSDART00000087657	nrxn2a	11	42.1	44.6	26.9	32.2	52.4	59.0	NA	NA	NA
ENSDART00000087654	adcy6a	13	60.7	50.5	29.3	37.7	73.7	93.2	NA	NA	NA
ENSDART00000087658	n4bp2	42	67.9	60.2	24.0	33.3	94.4	138.5	11.29	37.02	1.7132594091
ENSDART00000114718	pdzd7a	1	38.3	38.3	NA	NA	NA	NA	NA	NA	NA
ENSDART00000140827	bcl11ab	1	51.6	51.6	NA	NA	NA	NA	NA	NA	NA
ENSDART00000062986	hsh2d	2	31.8	31.8	NA	NA	NA	NA	NA	NA	NA
ENSDART00000062983	rpl10a	605	36.9	35.6	12.5	22.5	47.7	61.5	380.79	9.23	-5.36652113415
ENSDART00000050352	si:ch211-87m7.2	24	43.2	23.4	-3.7	6.6	72.0	120.2	NA	NA	NA
ENSDART00000149475	ttll6	3	56.8	54.3	NA	NA	NA	NA	NA	NA	NA
ENSDART00000149471	eif3ja	371	44.1	42.8	17.0	27.5	58.9	74.1	255.23	122.35	-1.06078381353
ENSDART00000090310	pias1b	171	31.1	26.5	7.5	15.7	41.0	62.0	NA	NA	NA
ENSDART00000090316	stk24b	93	44.4	44.1	8.5	25.0	65.8	82.4	63.81	184.64	1.53286068996
ENSDART00000022702	marcksa	23	109.4	119.5	44.1	91.1	140.8	158.5	NA	NA	NA
ENSDART00000141192	b4galt2	11	50.2	50.9	13.9	17.5	72.9	80.2	NA	NA	NA
ENSDART00000134371	si:ch211-214j8.12	38	36.2	33.2	8.2	17.1	56.5	72.5	NA	NA	NA
ENSDART00000024743	dpy30	246	86.7	84.8	42.9	64.4	105.7	130.1	131.73	270.56	1.03836462456
ENSDART00000006093	slc50a1	10	63.6	61.4	33.3	39.7	81.5	92.8	NA	NA	NA
ENSDART00000008047	wdr24	20	40.9	37.0	8.2	13.3	66.5	76.6	6.79	10.36	0.609540523442
ENSDART00000006091	carm1	152	62.3	59.2	25.1	43.0	84.1	100.7	11.94	162.2	3.76389907784
ENSDART00000134379	rictora	115	26.8	19.9	5.1	11.5	34.9	57.2	4.46	11.63	1.38273548155
ENSDART00000031154	si:ch73-92e20.2	3	77.1	76.8	NA	NA	NA	NA	NA	NA	NA
ENSDART00000067001	noc4l	79	39.2	39.9	14.2	21.0	53.6	68.9	22.09	27.22	0.301273648149
ENSDART00000006099	lims2	5	34.8	38.1	NA	NA	NA	NA	NA	NA	NA
ENSDART00000113299	zgc:110843	23	34.3	31.9	7.4	16.7	50.3	65.0	NA	NA	NA
ENSDART00000087036	armc7	9	28.6	28.0	NA	NA	NA	NA	NA	NA	NA
ENSDART00000030592	acot9.1	48	65.0	57.7	19.2	36.6	81.0	126.5	NA	NA	NA
ENSDART00000063057	dnajc5aa	40	62.0	49.9	8.8	20.0	98.4	135.3	NA	NA	NA
ENSDART00000052688	c3a	1	64.1	64.1	NA	NA	NA	NA	NA	NA	NA
ENSDART00000087039	LPIN3	84	37.4	33.0	6.7	15.7	52.3	70.5	NA	NA	NA
ENSDART00000055430	ndufa6	10	36.0	31.9	18.8	20.9	41.1	62.8	NA	NA	NA
ENSDART00000052421	txnipa	92	50.7	27.6	7.8	13.9	71.1	140.9	NA	NA	NA
ENSDART00000012718	fabp11b	1	76.4	76.4	NA	NA	NA	NA	NA	NA	NA
ENSDART00000052355	ddx39b	18	94.5	102.7	21.8	36.8	138.0	169.3	NA	NA	NA
ENSDART00000137630	cct6a	224	38.3	28.8	12.1	20.5	47.4	79.2	134.54	52.01	-1.37117422024
ENSDART00000036989	get4	209	41.7	39.4	14.0	24.8	54.8	72.3	NA	NA	NA
ENSDART00000012717	ehd1b	96	53.1	49.3	16.7	29.1	75.4	91.5	35.48	99.44	1.48682028675
ENSDART00000105784	cldn11b	1	24.4	24.4	NA	NA	NA	NA	NA	NA	NA
ENSDART00000137636	KSR1	8	38.3	39.3	NA	NA	NA	NA	NA	NA	NA
ENSDART00000061070	mkrn1	157	49.1	47.3	13.8	26.4	69.1	89.2	56.91	50.21	-0.180707454465
ENSDART00000111039	GTPBP8	21	48.7	43.4	22.9	32.6	57.2	66.9	NA	NA	NA
ENSDART00000007321	crlf1b	9	49.8	50.9	NA	NA	NA	NA	NA	NA	NA
ENSDART00000102657	CR936977.1	1	68.0	68.0	NA	NA	NA	NA	NA	NA	NA
ENSDART00000149696	cep290	26	54.2	44.0	12.3	32.3	78.5	106.9	10.57	1.99	-2.40913504084
ENSDART00000138372	si:dkey-246g23.2	6	24.3	22.8	NA	NA	NA	NA	NA	NA	NA
ENSDART00000140265	ikbkb	2	12.8	12.8	NA	NA	NA	NA	NA	NA	NA
ENSDART00000128043	acin1a	319	52.0	48.2	13.1	26.8	72.6	95.5	146.96	64.57	-1.18648759936
ENSDART00000080382	epas1b	14	37.2	29.2	14.8	23.8	43.0	69.0	NA	NA	NA
ENSDART00000080383	ogt.1	142	41.0	35.4	11.9	19.1	51.3	76.3	8.9	25.03	1.49178104983
ENSDART00000128047	uqcrc1	155	46.3	44.5	19.8	31.8	61.0	74.6	29.13	74.17	1.34833006754
ENSDART00000123203	vbp1	239	44.2	39.0	16.9	26.0	58.9	79.4	88.76	103.0	0.214662764761
ENSDART00000080389	fam13a	6	105.2	131.1	NA	NA	NA	NA	NA	NA	NA
ENSDART00000139293	gla	7	9.9	7.1	NA	NA	NA	NA	NA	NA	NA
ENSDART00000084570	MRPL18	175	25.7	22.4	7.4	14.7	32.8	48.3	53.42	2.93	-4.18840740621
ENSDART00000123209	pqlc2	48	60.8	63.7	17.1	27.7	85.8	102.2	NA	NA	NA
ENSDART00000139297	CCDC71	272	48.9	42.7	13.3	24.2	64.1	91.8	18.24	171.5	3.23303094178
ENSDART00000111285	SLX1A	1	31.3	31.3	NA	NA	NA	NA	NA	NA	NA
ENSDART00000111287	PHLPP1	16	30.4	27.4	4.3	10.4	44.5	63.5	NA	NA	NA
ENSDART00000016417	atp5g3a	389	54.0	49.5	20.3	30.9	72.3	95.3	96.48	409.65	2.08609000247
ENSDART00000019949	ndrg2	6	26.7	24.3	NA	NA	NA	NA	NA	NA	NA
ENSDART00000111282	QSOX2	11	35.4	33.0	20.5	24.9	39.8	43.1	NA	NA	NA
ENSDART00000047464	rqcd1	78	64.8	59.1	19.0	37.8	92.5	118.2	37.76	159.31	2.07690615887
ENSDART00000111289	kiss1	1	10.0	10.0	NA	NA	NA	NA	NA	NA	NA
ENSDART00000028955	tdrd3	166	42.4	41.2	11.8	20.1	61.5	77.5	34.33	40.37	0.233813729523
ENSDART00000028954	rilpl2	23	43.3	34.1	13.9	23.0	56.2	72.2	NA	NA	NA
ENSDART00000135776	srsf7a	1521	104.3	106.8	57.0	82.2	127.9	146.8	111.82	1470.87	3.71741958722
ENSDART00000135777	zgc:193790	141	41.6	37.6	13.3	24.5	55.2	71.6	21.41	64.24	1.58518709713
ENSDART00000089158	HMHA1	4	65.5	64.4	NA	NA	NA	NA	8.09	7.66	-0.078795310505
ENSDART00000108491	akap11	43	38.9	27.2	7.3	13.4	59.7	91.5	NA	NA	NA
ENSDART00000135771	myt1a	21	35.8	12.8	-0.6	0.4	55.7	95.2	NA	NA	NA
ENSDART00000061987	ddx41	153	53.3	51.3	22.3	32.4	67.7	95.0	45.85	39.3	-0.222392421336
ENSDART00000089150	gse1	54	29.2	23.6	2.0	14.4	43.2	65.1	10.16	3.19	-1.67127207301
ENSDART00000125344	skilb	13	37.2	16.5	2.8	8.8	49.9	93.5	NA	NA	NA
ENSDART00000106339	CU929037.1	41	34.9	35.7	13.3	19.1	45.3	54.0	NA	NA	NA
ENSDART00000124921	ube2z	235	23.5	20.5	6.1	11.7	31.2	45.2	NA	NA	NA
ENSDART00000122009	wdr59	37	59.2	54.0	13.7	30.5	88.1	118.8	NA	NA	NA
ENSDART00000122559	amfr	86	68.8	59.9	14.6	26.6	99.0	131.7	NA	NA	NA
ENSDART00000147696	rap1gap	2	-5.7	-5.7	NA	NA	NA	NA	NA	NA	NA
ENSDART00000122000	dut	395	94.0	96.2	56.1	74.3	112.6	127.5	259.58	779.77	1.58686941965
ENSDART00000147699	mical3b	1	42.7	42.7	NA	NA	NA	NA	NA	NA	NA
ENSDART00000122003	mbd6	37	22.2	21.0	0.2	7.3	34.1	46.5	7.32	0.24	-4.93073733756
ENSDART00000035583	dennd3b	2	41.9	41.9	NA	NA	NA	NA	NA	NA	NA
ENSDART00000079392	CR559945.2	63	76.3	79.4	37.9	63.2	93.6	107.4	14.2	12.3	-0.207232614165
ENSDART00000144126	si:ch211-137a8.2	383	33.0	28.9	10.2	16.7	42.8	58.6	NA	NA	NA
ENSDART00000141332	slc43a2b	30	77.3	75.8	10.1	27.8	112.6	141.2	NA	NA	NA
ENSDART00000128260	CABZ01087514.1	7	43.6	39.5	NA	NA	NA	NA	NA	NA	NA
ENSDART00000039187	march5l	127	37.3	33.8	12.5	18.7	51.5	69.7	NA	NA	NA
ENSDART00000060246	dnajc3	42	27.3	24.3	10.3	13.2	34.5	55.2	NA	NA	NA
ENSDART00000078152	suv39h1b	333	51.8	49.6	16.2	31.3	70.5	87.8	53.92	222.19	2.04290148586
ENSDART00000092426	grip2a	237	32.3	27.6	6.7	14.0	47.5	63.4	NA	NA	NA
ENSDART00000085868	appl1	53	96.3	101.7	44.5	75.4	121.1	142.8	NA	NA	NA
ENSDART00000104784	smim8	21	36.8	34.4	18.7	20.2	47.4	57.3	NA	NA	NA
ENSDART00000006636	myo3a	2	75.6	75.6	NA	NA	NA	NA	NA	NA	NA
ENSDART00000104782	zgc:173570	11	30.3	26.8	20.4	21.7	37.9	47.3	NA	NA	NA
ENSDART00000088309	map3k10	1	51.2	51.2	NA	NA	NA	NA	NA	NA	NA
ENSDART00000084055	fzd7a	146	56.4	47.2	10.5	21.9	82.0	109.2	NA	NA	NA
ENSDART00000088546	jam3b	17	71.5	72.0	7.7	46.1	94.6	131.0	NA	NA	NA
ENSDART00000145201	ppp1r14bb	2	87.3	87.3	NA	NA	NA	NA	NA	NA	NA
ENSDART00000151166	pvrl1b	82	40.9	37.6	8.0	20.3	55.2	79.2	NA	NA	NA
ENSDART00000000670	ptpn4a	117	24.7	21.1	6.0	10.5	36.0	46.1	11.88	5.52	-1.10579466402
ENSDART00000111923	ajuba	78	29.3	24.5	3.5	11.3	39.6	51.3	18.66	0.61	-4.93499593329
ENSDART00000079695	zwilch	128	53.1	50.3	21.2	34.6	61.8	81.1	13.81	60.09	2.12141160228
ENSDART00000151169	gmeb1	46	26.2	18.6	6.5	11.6	31.7	62.3	NA	NA	NA
ENSDART00000147474	stmn2b	13	45.7	36.8	3.9	17.6	71.8	92.0	NA	NA	NA
ENSDART00000061186	col4a4	2	30.5	30.5	NA	NA	NA	NA	NA	NA	NA
ENSDART00000140313	tnfaip8	77	24.3	21.6	6.7	13.4	31.1	46.0	NA	NA	NA
ENSDART00000140968	hps3	11	27.4	16.9	10.5	13.4	38.8	48.2	NA	NA	NA
ENSDART00000142377	MEGF9	2	101.3	101.3	NA	NA	NA	NA	NA	NA	NA
ENSDART00000143604	ODF2	18	38.9	40.5	18.7	27.4	48.6	56.9	13.35	8.4	-0.668378508909
ENSDART00000064067	EHBP1	636	33.6	28.1	8.4	16.6	44.6	63.8	12.38	27.19	1.13506483681
ENSDART00000089205	ehbp1l1b	1	43.3	43.3	NA	NA	NA	NA	NA	NA	NA
ENSDART00000031661	LYAR	97	56.3	54.8	19.4	32.5	73.3	95.1	45.28	28.86	-0.649802658341
ENSDART00000110111	cul5a	83	30.8	24.0	7.9	15.0	31.1	45.8	NA	NA	NA
ENSDART00000054744	prickle2	33	43.0	28.9	8.8	18.0	47.1	96.0	NA	NA	NA
ENSDART00000146879	zswim7	44	31.2	26.1	8.6	13.6	46.3	61.1	NA	NA	NA
ENSDART00000146878	BX950862.5	12	63.9	62.9	19.2	35.9	100.3	113.0	NA	NA	NA
ENSDART00000088094	stag2b	161	63.3	63.3	9.4	38.0	88.6	118.2	28.44	99.71	1.80981673602
ENSDART00000077817	nubp1	25	26.3	23.6	6.3	7.7	39.9	58.4	NA	NA	NA
ENSDART00000103064	nfya	97	71.3	65.4	17.1	36.3	107.0	133.6	NA	NA	NA
ENSDART00000132732	tmem86b	1	-5.6	-5.6	NA	NA	NA	NA	NA	NA	NA
ENSDART00000088093	SIPA1L2	206	56.3	58.3	14.0	28.7	82.2	99.2	13.83	39.31	1.50709520727
ENSDART00000044203	FP103003.1	3	27.2	25.0	NA	NA	NA	NA	NA	NA	NA
ENSDART00000011004	mfsd5	75	49.0	44.2	22.9	34.2	63.4	79.0	22.41	15.89	-0.496023524162
ENSDART00000075796	SEPT4	5	72.6	61.6	NA	NA	NA	NA	NA	NA	NA
ENSDART00000008009	trim16	94	39.3	37.0	5.2	13.8	56.4	77.0	18.49	67.29	1.8636468964
ENSDART00000046995	txn2	122	34.9	25.3	7.6	17.1	42.4	73.6	NA	NA	NA
ENSDART00000102651	nolc1	403	80.4	80.6	24.1	49.1	110.7	131.5	36.83	337.46	3.1957632036
ENSDART00000041615	ugt5g1	41	40.0	34.0	11.3	17.7	53.5	82.6	NA	NA	NA
ENSDART00000046934	coq9	36	29.4	22.7	4.7	10.2	43.8	55.2	NA	NA	NA
ENSDART00000065336	zgc:103519	1	40.8	40.8	NA	NA	NA	NA	NA	NA	NA
ENSDART00000065331	sall4	883	103.7	108.3	40.0	75.5	133.6	156.0	58.67	621.4	3.40482734434
ENSDART00000091351	gk5	44	28.7	21.8	7.3	11.1	44.4	61.1	NA	NA	NA
ENSDART00000075588	wdr76	82	31.4	24.0	10.4	16.6	43.1	57.1	NA	NA	NA
ENSDART00000065338	pak1ip1	11	63.2	62.8	28.6	43.9	79.9	96.1	12.87	11.08	-0.216054172172
ENSDART00000061366	rab11ba	174	29.8	26.5	9.3	16.3	39.9	57.6	NA	NA	NA
ENSDART00000028225	mao	2	78.8	78.8	NA	NA	NA	NA	NA	NA	NA
ENSDART00000150389	tmem168a	128	59.4	59.8	18.4	34.4	77.7	93.8	NA	NA	NA
ENSDART00000127006	mns1	42	34.8	25.9	5.6	13.9	42.7	71.3	20.55	8.22	-1.32192809489
ENSDART00000127004	slc25a42	47	51.2	46.4	7.3	20.7	71.3	97.3	NA	NA	NA
ENSDART00000018726	prkacaa	201	42.9	37.9	9.8	20.0	60.3	88.5	NA	NA	NA
ENSDART00000126279	clk4a	307	37.2	24.8	8.4	14.0	43.9	81.3	70.81	23.76	-1.57541828027
ENSDART00000121789	slc5a6	36	37.5	32.2	11.2	18.5	55.3	67.6	NA	NA	NA
ENSDART00000074362	pcdh18b	2	42.2	42.2	NA	NA	NA	NA	NA	NA	NA
ENSDART00000126273	pomt2	182	61.7	60.1	26.2	42.4	75.8	98.2	22.12	14.84	-0.575860293614
ENSDART00000114246	adnpb	88	35.0	29.2	6.5	14.4	49.0	65.6	NA	NA	NA
ENSDART00000126274	CT867948.2	18	45.1	33.0	12.8	18.2	63.5	94.4	NA	NA	NA
ENSDART00000054356	pam16	21	21.7	21.8	5.2	10.8	28.3	35.7	NA	NA	NA
ENSDART00000123834	exoc7	138	28.4	24.7	9.2	14.1	34.7	49.2	26.41	7.72	-1.7744115489
ENSDART00000113905	EFTUD1	12	45.9	45.6	16.8	35.4	62.8	70.1	NA	NA	NA
ENSDART00000098408	HNRNPAB	2747	95.7	100.3	38.2	69.9	123.5	143.3	602.86	4695.67	2.96143610872
ENSDART00000133039	tac3a	3	30.9	22.5	NA	NA	NA	NA	NA	NA	NA
ENSDART00000082124	pim1	94	43.4	23.3	3.6	11.7	58.4	131.3	NA	NA	NA
ENSDART00000079711	slc25a1a	124	63.9	59.6	26.3	41.5	85.3	106.6	39.29	151.94	1.95126765345
ENSDART00000091772	AL954372.1	133	23.7	18.6	5.4	10.8	32.3	48.0	14.07	3.92	-1.84369676912
ENSDART00000123869	TTL	110	47.6	44.0	8.0	20.6	69.3	91.2	NA	NA	NA
ENSDART00000105272	zgc:173593	4	71.9	63.1	NA	NA	NA	NA	NA	NA	NA
ENSDART00000110905	alpk2	5	77.4	60.6	NA	NA	NA	NA	NA	NA	NA
ENSDART00000110906	znf280d	145	67.9	63.8	27.6	43.5	89.4	103.7	38.8	168.43	2.11802057017
ENSDART00000110907	ITFG1	10	29.3	28.5	15.0	16.8	34.5	38.6	NA	NA	NA
ENSDART00000110900	kcnip2	1	74.5	74.5	NA	NA	NA	NA	NA	NA	NA
ENSDART00000110903	E2F2	17	66.7	60.1	13.2	20.2	98.6	133.2	NA	NA	NA
ENSDART00000123674	prdm14	13	47.6	31.5	16.7	22.4	68.0	86.7	NA	NA	NA
ENSDART00000102335	pspc1	34	41.1	33.6	11.2	17.8	61.9	72.8	NA	NA	NA
ENSDART00000093030	h3f3b.1	205	48.0	36.6	11.7	19.2	64.5	104.8	NA	NA	NA
ENSDART00000100328	csnk1g2b	135	37.8	35.2	9.6	19.3	52.1	72.2	36.44	35.48	-0.038516949501
ENSDART00000083833	bbs7	14	36.3	38.1	12.0	30.4	47.7	53.2	NA	NA	NA
ENSDART00000146144	oip5	96	24.6	20.9	7.9	11.7	30.4	44.9	NA	NA	NA
ENSDART00000005090	alg9	37	43.7	43.6	19.6	29.0	54.1	72.8	NA	NA	NA
ENSDART00000018245	CABZ01115322.1	73	39.2	33.9	13.6	21.7	53.0	67.5	NA	NA	NA
ENSDART00000097583	ubb	130	53.7	42.5	15.5	25.1	68.6	107.7	NA	NA	NA
ENSDART00000128014	AL935046.1	2	83.0	83.0	NA	NA	NA	NA	NA	NA	NA
ENSDART00000126668	pou6f2	31	44.4	42.3	22.4	31.1	58.3	74.1	NA	NA	NA
ENSDART00000126669	lman2lb	37	36.4	31.1	6.9	12.8	47.9	64.8	NA	NA	NA
ENSDART00000131697	PLEKHG3	1	21.3	21.3	NA	NA	NA	NA	NA	NA	NA
ENSDART00000126660	si:dkey-15h8.11	97	38.1	35.3	10.9	20.0	52.4	64.6	NA	NA	NA
ENSDART00000126661	RHOBTB1	6	46.4	45.0	NA	NA	NA	NA	NA	NA	NA
ENSDART00000129143	spopla	102	44.4	38.4	15.0	23.4	66.2	78.6	NA	NA	NA
ENSDART00000048095	elac2	342	32.2	28.5	9.5	16.8	43.7	58.2	49.73	33.13	-0.585978227722
ENSDART00000092258	spata2	55	28.1	25.2	7.2	15.5	37.5	56.2	NA	NA	NA
ENSDART00000110666	osbpl11	87	43.7	39.2	13.9	18.7	62.6	89.5	NA	NA	NA
ENSDART00000035409	zc2hc1a	57	46.7	47.8	11.5	24.7	63.8	84.6	NA	NA	NA
ENSDART00000059795	bmp1b	6	44.4	42.1	NA	NA	NA	NA	NA	NA	NA
ENSDART00000035400	tsc1a	166	67.3	70.7	10.2	35.1	97.7	115.5	24.94	82.26	1.72172960667
ENSDART00000016225	star	1	22.8	22.8	NA	NA	NA	NA	NA	NA	NA
ENSDART00000137197	swsap1	16	29.2	23.9	4.3	8.3	41.3	58.6	NA	NA	NA
ENSDART00000077980	pipox	24	64.4	63.8	31.1	42.8	82.4	94.1	NA	NA	NA
ENSDART00000004550	RNF145	1	11.0	11.0	NA	NA	NA	NA	NA	NA	NA
ENSDART00000093256	ccny	1	32.8	32.8	NA	NA	NA	NA	NA	NA	NA
ENSDART00000073609	prmt7	48	51.1	47.3	12.7	32.3	70.0	93.9	25.86	57.09	1.14251578718
ENSDART00000143203	parp2	98	52.4	47.9	18.9	35.8	69.6	85.2	28.09	50.75	0.853351197834
ENSDART00000143202	yaf2	12	78.4	59.1	39.3	49.1	97.5	154.0	NA	NA	NA
ENSDART00000125845	zgc:112242	1	-13.7	-13.7	NA	NA	NA	NA	NA	NA	NA
ENSDART00000015723	prkci	155	71.3	68.9	20.7	46.4	101.7	122.4	12.45	251.2	4.33461881682
ENSDART00000139909	mc5ra	1	19.6	19.6	NA	NA	NA	NA	NA	NA	NA
ENSDART00000130695	top2b	3	91.2	121.7	NA	NA	NA	NA	NA	NA	NA
ENSDART00000057463	pmepa1	32	30.0	24.0	1.1	11.5	39.5	54.2	NA	NA	NA
ENSDART00000130418	SGCZ	2	65.4	65.4	NA	NA	NA	NA	NA	NA	NA
ENSDART00000013768	eif4e3	144	41.1	35.6	7.1	18.3	55.2	79.3	NA	NA	NA
ENSDART00000057466	CCNDBP1	135	51.3	48.2	17.7	26.9	68.6	82.6	37.14	83.82	1.1743207062
ENSDART00000130414	map3k7	183	65.7	65.8	24.0	39.9	87.0	110.8	31.75	116.64	1.87723412778
ENSDART00000110669	arl6ip6	31	34.4	29.0	6.0	18.5	57.7	65.6	NA	NA	NA
ENSDART00000130410	CU179703.1	1	6.4	6.4	NA	NA	NA	NA	NA	NA	NA
ENSDART00000130412	aqr	31	51.1	51.1	24.8	32.0	66.9	82.2	13.67	16.88	0.304301661101
ENSDART00000106540	si:dkey-4c15.5	27	29.1	26.9	4.0	13.2	41.5	61.6	NA	NA	NA
ENSDART00000048891	OGN	7	89.5	84.2	NA	NA	NA	NA	NA	NA	NA
ENSDART00000079050	nutf2	30	55.0	50.5	8.0	28.6	83.0	105.1	NA	NA	NA
ENSDART00000066929	taf3	86	28.5	25.1	7.1	14.3	37.8	55.6	40.73	4.19	-3.2810696653
ENSDART00000056849	smyhc2	1	154.5	154.5	NA	NA	NA	NA	NA	NA	NA
ENSDART00000077188	cox7a3	170	43.3	39.1	12.5	24.2	51.5	83.2	NA	NA	NA
ENSDART00000077189	ier5l	147	44.3	33.4	4.1	15.1	68.2	105.4	NA	NA	NA
ENSDART00000132749	tmem123	1	43.1	43.1	NA	NA	NA	NA	NA	NA	NA
ENSDART00000077185	dgat1b	12	54.9	60.3	23.6	34.6	73.8	82.4	NA	NA	NA
ENSDART00000132744	ppcdc	1	23.1	23.1	NA	NA	NA	NA	NA	NA	NA
ENSDART00000024068	mmp23bb	1	86.9	86.9	NA	NA	NA	NA	NA	NA	NA
ENSDART00000134983	si:ch73-389k6.1	230	35.8	28.1	8.9	15.7	46.2	72.2	NA	NA	NA
ENSDART00000132741	C7	14	40.2	37.7	22.4	24.0	47.8	62.6	5.91	2.89	-1.03208863768
ENSDART00000134564	srsf5b	37	115.2	126.9	56.3	82.4	143.5	178.2	NA	NA	NA
ENSDART00000109316	zgc:114046	7	44.4	32.4	NA	NA	NA	NA	NA	NA	NA
ENSDART00000109314	arhgap10	114	23.5	15.3	3.9	7.2	29.7	59.9	NA	NA	NA
ENSDART00000025562	cdh18	6	40.1	39.3	NA	NA	NA	NA	NA	NA	NA
ENSDART00000109644	ctdnep1b	156	36.8	32.1	9.4	21.5	50.6	65.3	NA	NA	NA
ENSDART00000109647	oraov1	16	44.0	41.3	11.9	18.3	55.1	76.5	NA	NA	NA
ENSDART00000108641	sh2d1ab	14	55.2	58.9	22.4	47.3	67.0	74.3	NA	NA	NA
ENSDART00000109679	quo	5	145.1	156.7	NA	NA	NA	NA	NA	NA	NA
ENSDART00000109318	ZC3H4	132	42.6	37.5	9.4	18.5	57.2	78.3	19.79	15.59	-0.34415068435
ENSDART00000130670	tada2a	31	30.0	24.6	8.7	15.6	38.6	56.7	11.25	11.24	-0.00128296588347
ENSDART00000130671	prdm1b	19	73.5	73.2	49.2	56.3	90.9	110.8	NA	NA	NA
ENSDART00000135155	si:ch211-218o21.4	12	23.6	16.2	4.3	6.4	32.7	57.8	NA	NA	NA
ENSDART00000063621	fam175a	77	25.4	21.4	5.6	13.6	32.3	48.4	26.99	18.88	-0.515566212105
ENSDART00000151766	thrb	11	37.7	30.0	15.5	22.1	47.5	67.9	NA	NA	NA
ENSDART00000151765	uqcrh	288	43.5	40.7	13.1	22.7	60.5	77.8	114.12	100.85	-0.178340568081
ENSDART00000138460	rad51c	47	24.1	20.0	8.3	16.2	29.8	46.1	NA	NA	NA
ENSDART00000092783	arfgef1	136	24.2	21.8	6.0	13.4	31.4	44.2	7.07	4.82	-0.552677068579
ENSDART00000142156	sebox	5	85.9	75.3	NA	NA	NA	NA	NA	NA	NA
ENSDART00000142157	arl15a	1	7.7	7.7	NA	NA	NA	NA	NA	NA	NA
ENSDART00000112469	ralgapa1	74	30.9	28.8	11.7	17.5	39.8	50.8	8.12	2.31	-1.81358687577
ENSDART00000089963	zgc:110286	1	109.5	109.5	NA	NA	NA	NA	NA	NA	NA
ENSDART00000073970	uap1	66	35.9	25.4	10.9	18.0	40.1	89.0	NA	NA	NA
ENSDART00000109405	BX465841.1	1	26.6	26.6	NA	NA	NA	NA	NA	NA	NA
ENSDART00000125867	ECE2	1	11.4	11.4	NA	NA	NA	NA	NA	NA	NA
ENSDART00000023709	ptp4a2	268	95.1	98.2	46.3	79.0	116.5	136.3	154.77	382.66	1.30593724958
ENSDART00000128237	nrg2a	7	41.0	42.4	NA	NA	NA	NA	NA	NA	NA
ENSDART00000078899	bambib	5	31.1	24.5	NA	NA	NA	NA	NA	NA	NA
ENSDART00000052641	gatm	10	104.8	111.4	70.7	89.5	123.9	133.5	NA	NA	NA
ENSDART00000099060	si:ch73-189n23.1	2	30.0	30.0	NA	NA	NA	NA	NA	NA	NA
ENSDART00000153401	si:dkey-57h18.2	20	56.6	57.8	24.7	31.2	79.7	92.8	NA	NA	NA
ENSDART00000078896	waca	355	40.2	38.9	9.7	21.7	55.1	69.7	64.74	140.88	1.12173754362
ENSDART00000103887	med10	100	59.9	59.6	19.1	38.2	81.2	98.9	77.66	102.4	0.398972102979
ENSDART00000003694	cand1	158	63.3	56.7	19.1	37.1	84.1	115.3	28.18	94.63	1.74762601367
ENSDART00000067497	PARP12	43	52.5	54.3	9.9	31.3	78.3	94.1	7.46	34.04	2.18998350143
ENSDART00000091252	spata13	116	36.9	27.9	8.0	16.6	53.6	75.4	25.18	9.06	-1.47469532767
ENSDART00000103997	fezf2	19	46.0	40.6	7.6	17.3	74.0	82.4	NA	NA	NA
ENSDART00000091529	wasf3	59	55.9	54.8	31.6	39.4	67.2	86.6	13.92	13.24	-0.0722560890415
ENSDART00000028039	cyp46a1	1	54.1	54.1	NA	NA	NA	NA	NA	NA	NA
ENSDART00000109529	tmco3	87	29.3	28.1	9.3	20.2	35.8	50.1	NA	NA	NA
ENSDART00000046211	lnx2a	1	34.0	34.0	NA	NA	NA	NA	NA	NA	NA
ENSDART00000132817	si:ch1073-322p19.1	78	36.8	31.7	14.1	22.2	46.4	60.7	19.93	5.69	-1.80844115253
ENSDART00000062049	blvrb	231	31.2	23.7	8.3	15.5	36.7	56.8	NA	NA	NA
ENSDART00000105788	mgat5	24	47.9	37.4	20.4	24.2	62.8	76.3	16.79	7.49	-1.16456460648
ENSDART00000044838	ndrg1a	275	65.7	58.4	13.6	35.4	88.7	128.6	26.3	544.11	4.37076363878
ENSDART00000004341	zgc:173962	3	102.8	142.3	NA	NA	NA	NA	NA	NA	NA
ENSDART00000062514	icln	119	32.3	28.3	9.7	18.2	44.6	56.5	63.37	21.57	-1.55477383903
ENSDART00000037914	cox6a1	253	30.7	28.1	7.3	20.0	42.4	54.7	NA	NA	NA
ENSDART00000127645	wu:fc26g07	306	37.6	33.5	12.2	20.6	49.6	72.6	42.69	84.27	0.9811209626
ENSDART00000099723	sh3bp5la	261	43.3	40.6	7.1	18.3	61.4	83.0	33.67	64.73	0.942970782708
ENSDART00000127646	CABZ01085888.1	302	46.4	44.5	17.1	27.9	60.2	80.1	69.65	107.78	0.629894233901
ENSDART00000144807	myo9b	67	33.5	29.5	4.8	11.2	43.2	70.8	8.24	6.25	-0.398788147634
ENSDART00000144800	naca	929	56.9	53.3	24.8	37.2	71.6	91.8	446.02	339.54	-0.393526860285
ENSDART00000042367	C7H11orf68	46	23.2	18.8	5.7	12.9	29.5	47.1	NA	NA	NA
ENSDART00000131105	CABZ01083442.1	51	37.2	24.7	10.3	17.6	58.8	83.0	NA	NA	NA
ENSDART00000060979	MMADHC	116	42.8	34.1	11.8	21.5	47.2	63.6	28.88	32.82	0.184504496627
ENSDART00000059480	fosl2	17	30.6	25.0	12.1	17.1	43.7	50.9	NA	NA	NA
ENSDART00000003345	arhgef6	40	39.7	28.7	8.2	16.6	50.6	82.0	NA	NA	NA
ENSDART00000003346	pdcd2l	5	57.3	42.3	NA	NA	NA	NA	NA	NA	NA
ENSDART00000042368	fahd1	32	34.1	29.7	14.3	19.7	43.8	65.0	NA	NA	NA
ENSDART00000078093	zbtb2b	100	38.5	32.5	12.9	22.7	50.1	66.2	16.01	25.56	0.674914528431
ENSDART00000010129	pdf	1	120.4	120.4	NA	NA	NA	NA	NA	NA	NA
ENSDART00000063938	MAST1	1	0.5	0.5	NA	NA	NA	NA	NA	NA	NA
ENSDART00000016248	pa2g4b	221	45.9	41.3	14.7	23.5	62.1	86.3	58.7	142.23	1.27679339045
ENSDART00000028044	galcb	106	34.2	32.6	14.1	21.9	41.5	53.1	NA	NA	NA
ENSDART00000139339	mrpl34	76	39.3	39.4	12.1	21.1	50.6	66.7	72.14	62.39	-0.209484613694
ENSDART00000079583	ctbp1	530	58.7	56.4	16.6	32.8	79.1	104.0	20.66	465.67	4.49439578266
ENSDART00000149306	nmt2	45	73.7	81.8	6.3	47.7	102.0	126.1	21.47	92.29	2.10385214322
ENSDART00000114101	fam166b	3	52.2	55.8	NA	NA	NA	NA	NA	NA	NA
ENSDART00000114102	BX088524.2	32	38.7	37.8	15.5	25.2	49.9	63.6	NA	NA	NA
ENSDART00000089679	narfl	67	35.3	27.3	10.7	18.0	50.6	68.2	NA	NA	NA
ENSDART00000121529	sh3bgr	5	79.0	76.6	NA	NA	NA	NA	NA	NA	NA
ENSDART00000012385	me3	561	60.9	61.8	13.6	29.0	88.1	110.7	25.17	282.02	3.48602035618
ENSDART00000012381	CABZ01114089.1	5	71.8	64.0	NA	NA	NA	NA	NA	NA	NA
ENSDART00000110343	NAGS	4	43.8	40.7	NA	NA	NA	NA	NA	NA	NA
ENSDART00000142389	efcab4bb	1	37.6	37.6	NA	NA	NA	NA	NA	NA	NA
ENSDART00000024935	gsk3ab	307	24.6	18.8	3.8	10.2	33.6	54.7	22.35	50.58	1.17829220559
ENSDART00000150019	DHX35	131	70.6	66.9	19.0	44.4	95.7	123.2	NA	NA	NA
ENSDART00000126966	esrrga	4	30.4	29.4	NA	NA	NA	NA	NA	NA	NA
ENSDART00000084389	lrrn1	3	117.1	118.7	NA	NA	NA	NA	NA	NA	NA
ENSDART00000146251	si:ch211-137i24.12	7	27.7	25.4	NA	NA	NA	NA	NA	NA	NA
ENSDART00000133424	srp54	126	70.9	68.6	25.1	45.7	98.0	122.0	64.66	362.33	2.48635884963
ENSDART00000127252	slc35d2	1	44.4	44.4	NA	NA	NA	NA	NA	NA	NA
ENSDART00000056213	pik3r1	129	33.5	25.3	10.5	17.6	40.0	68.2	17.39	16.46	-0.079293596885
ENSDART00000031872	kctd6b	9	37.3	29.5	NA	NA	NA	NA	NA	NA	NA
ENSDART00000142997	eif2ak3	19	51.1	55.7	17.9	33.3	63.2	74.7	NA	NA	NA
ENSDART00000115271	march6	95	53.0	48.1	13.6	27.2	75.7	99.1	21.9	52.7	1.26687209204
ENSDART00000123544	tex2	62	68.8	68.7	32.4	44.8	91.3	107.2	13.74	21.53	0.647966315349
ENSDART00000126063	TTF2	119	23.5	21.8	7.1	11.9	31.0	44.4	25.57	5.07	-2.33439450824
ENSDART00000123548	CREBZF	19	109.1	125.4	29.1	85.5	143.1	161.7	NA	NA	NA
ENSDART00000114974	PATZ1	71	32.7	28.7	7.5	16.1	47.0	63.1	NA	NA	NA
ENSDART00000112889	C22H10orf76	92	66.8	69.2	18.8	34.8	93.6	114.1	7.61	66.65	3.13063651647
ENSDART00000000804	slc8a1b	91	60.1	60.9	15.1	28.0	83.8	111.0	10.22	26.11	1.35320726138
ENSDART00000084380	aggf1	113	43.3	42.5	19.4	28.4	54.9	71.6	44.93	9.62	-2.22357026275
ENSDART00000112883	fmnl2b	6	71.5	56.0	NA	NA	NA	NA	NA	NA	NA
ENSDART00000073847	blcap	735	74.2	72.8	36.9	52.4	92.4	112.7	113.96	312.39	1.45482074495
ENSDART00000051663	ppil2	109	38.0	33.4	13.1	20.5	50.3	75.8	32.22	98.79	1.61640851861
ENSDART00000004062	atp5j	56	39.7	23.0	7.7	12.6	48.1	105.3	NA	NA	NA
ENSDART00000100276	tmco1	242	33.4	25.0	9.2	15.5	43.5	60.2	67.68	22.05	-1.61795091268
ENSDART00000140654	trhr2	1	25.6	25.6	NA	NA	NA	NA	NA	NA	NA
ENSDART00000061143	sept9b	1	41.3	41.3	NA	NA	NA	NA	NA	NA	NA
ENSDART00000150171	ttll1	7	49.6	46.8	NA	NA	NA	NA	NA	NA	NA
ENSDART00000110731	tbrg4	39	26.5	25.1	6.4	15.4	35.2	44.5	NA	NA	NA
ENSDART00000110730	CU013533.1	44	29.5	25.7	13.1	16.0	37.3	53.6	NA	NA	NA
ENSDART00000132823	smad9	3	64.2	71.1	NA	NA	NA	NA	NA	NA	NA
ENSDART00000098259	arntl1b	19	49.1	50.6	12.8	19.8	70.3	87.6	NA	NA	NA
ENSDART00000040065	casc3	242	67.7	62.6	22.3	41.7	92.8	119.4	39.57	212.8	2.42701918042
ENSDART00000055742	nras	125	59.2	51.7	14.4	23.9	91.4	122.7	NA	NA	NA
ENSDART00000080975	tnfaip2b	2	29.6	29.6	NA	NA	NA	NA	NA	NA	NA
ENSDART00000106300	si:ch211-222k6.1	7	25.4	25.4	NA	NA	NA	NA	NA	NA	NA
ENSDART00000098076	CSK	1	15.4	15.4	NA	NA	NA	NA	NA	NA	NA
ENSDART00000135313	tnk1	108	43.0	36.7	11.2	22.8	58.8	81.3	12.15	29.49	1.27926950857
ENSDART00000128917	rps4x	257	41.8	40.8	17.6	29.6	51.3	61.9	295.09	25.74	-3.51907107293
ENSDART00000024729	pabpc1a	660	67.5	67.0	33.9	49.9	84.3	101.7	348.3	536.6	0.623516581674
ENSDART00000051549	tp53	69	81.5	89.8	17.7	40.4	113.2	146.4	39.62	227.83	2.52365694415
ENSDART00000077341	depdc7	56	97.7	108.1	14.8	43.5	133.5	152.1	NA	NA	NA
ENSDART00000075770	zgc:162948	3	32.2	38.4	NA	NA	NA	NA	44.34	12.44	-1.83362228474
ENSDART00000047251	GRAMD4	93	27.5	21.7	7.0	14.3	29.8	52.3	NA	NA	NA
ENSDART00000019004	arhgdig	98	38.5	25.4	7.5	14.3	52.4	90.0	NA	NA	NA
ENSDART00000109520	fbxl14a	208	33.2	26.4	10.1	16.2	45.2	62.9	71.52	43.9	-0.704125796761
ENSDART00000105575	zgc:92591	2	20.4	20.4	NA	NA	NA	NA	NA	NA	NA
ENSDART00000137467	FAM35A	22	50.2	45.2	11.9	31.0	74.4	84.1	NA	NA	NA
ENSDART00000105572	gbx1	27	50.9	29.9	13.9	20.9	61.5	102.5	NA	NA	NA
ENSDART00000012963	trappc6b	103	57.9	53.1	21.7	40.6	78.3	89.4	NA	NA	NA
ENSDART00000137469	mgaa	217	61.7	51.5	11.4	24.5	82.1	132.3	9.5	16.26	0.775327838857
ENSDART00000081593	cept1b	18	36.8	38.4	9.1	15.8	48.7	69.5	NA	NA	NA
ENSDART00000137966	CCDC167	3	21.5	28.5	NA	NA	NA	NA	NA	NA	NA
ENSDART00000122762	naa50	552	78.6	79.0	33.7	56.2	100.1	120.2	NA	NA	NA
ENSDART00000040209	ephb3a	4	42.2	43.2	NA	NA	NA	NA	NA	NA	NA
ENSDART00000081595	eya1	1	23.3	23.3	NA	NA	NA	NA	NA	NA	NA
ENSDART00000122768	CU984579.1	1	20.8	20.8	NA	NA	NA	NA	NA	NA	NA
ENSDART00000132249	uri1	90	36.9	34.7	10.3	16.8	50.7	66.2	52.46	11.59	-2.17833724126
ENSDART00000132248	fryl	50	36.3	33.3	10.2	15.1	46.7	71.2	7.5	4.43	-0.759583896828
ENSDART00000015000	henmt1	14	31.2	36.7	1.6	14.8	45.1	60.2	NA	NA	NA
ENSDART00000122324	C22H19orf44	3	106.6	131.4	NA	NA	NA	NA	NA	NA	NA
ENSDART00000063541	zbtb21	58	29.1	25.9	8.6	15.8	39.7	54.4	NA	NA	NA
ENSDART00000008306	zbtb1	75	24.6	18.8	6.3	13.6	27.6	51.6	NA	NA	NA
ENSDART00000075936	pax9	6	62.0	73.4	NA	NA	NA	NA	NA	NA	NA
ENSDART00000082715	SI:DKEY-209E8.1	108	29.8	25.4	7.6	13.2	39.7	61.5	NA	NA	NA
ENSDART00000059899	si:dkey-286j15.1	1	78.0	78.0	NA	NA	NA	NA	NA	NA	NA
ENSDART00000059893	tcf25	114	40.5	38.5	13.7	24.2	54.4	70.7	62.4	34.48	-0.855786254661
ENSDART00000135903	mpzl1l	72	34.5	25.2	6.8	12.8	45.5	66.0	NA	NA	NA
ENSDART00000121947	ephb4a	23	37.7	25.9	3.3	9.3	49.8	78.5	3.58	2.96	-0.274362411635
ENSDART00000112268	ocrl	9	13.1	15.6	NA	NA	NA	NA	NA	NA	NA
ENSDART00000023116	srsf11	544	100.2	106.6	37.9	77.2	127.7	146.7	94.18	625.37	2.73121738478
ENSDART00000066168	pex11g	1	7.2	7.2	NA	NA	NA	NA	NA	NA	NA
ENSDART00000152717	kansl1a	138	32.8	24.0	7.6	14.0	44.1	65.7	17.21	13.57	-0.342826376621
ENSDART00000125089	fancd2	23	51.1	54.5	14.9	29.8	67.5	90.0	NA	NA	NA
ENSDART00000121972	slc39a13	353	27.1	23.2	6.4	12.4	36.9	54.7	NA	NA	NA
ENSDART00000036928	fbxo36a	10	68.0	59.6	20.2	31.2	103.6	126.0	NA	NA	NA
ENSDART00000152432	zgc:194355	21	83.3	74.2	23.9	51.6	121.3	145.9	NA	NA	NA
ENSDART00000152433	vps25	187	47.5	42.6	10.0	21.5	67.8	92.1	NA	NA	NA
ENSDART00000057696	GIT1	134	52.2	45.3	18.8	31.0	71.2	94.7	NA	NA	NA
ENSDART00000152431	grid1b	3	22.3	15.7	NA	NA	NA	NA	NA	NA	NA
ENSDART00000109523	CABZ01073168.1	18	39.7	35.9	8.5	31.9	46.2	75.6	NA	NA	NA
ENSDART00000101655	calrl2	17	47.0	47.4	6.4	35.0	68.9	81.0	20.84	37.87	0.861700143606
ENSDART00000017562	klhl32	2	21.1	21.1	NA	NA	NA	NA	NA	NA	NA
ENSDART00000018504	zgc:77086	97	36.9	36.7	8.5	19.3	49.6	61.3	NA	NA	NA
ENSDART00000022348	prdm12b	32	28.5	14.1	0.6	5.7	30.5	51.6	NA	NA	NA
ENSDART00000106593	prp19	742	86.7	89.1	46.4	68.0	106.6	121.8	52.13	330.11	2.66276107764
ENSDART00000101295	gtf3c4	84	31.0	27.0	9.1	15.6	37.9	61.3	35.09	8.57	-2.03369283829
ENSDART00000104224	tecpr2	4	45.6	37.0	NA	NA	NA	NA	NA	NA	NA
ENSDART00000085298	l2hgdh	39	61.5	56.1	24.2	34.4	88.2	118.4	12.96	49.19	1.92429933684
ENSDART00000104222	b3gntl1	59	42.4	37.0	6.3	21.0	60.1	81.9	NA	NA	NA
ENSDART00000062925	slc25a27	1	12.1	12.1	NA	NA	NA	NA	NA	NA	NA
ENSDART00000051919	n6amt1	32	47.7	46.3	20.5	26.6	67.0	73.2	NA	NA	NA
ENSDART00000036668	psmc1a	25	34.0	30.8	13.7	18.4	39.8	59.5	21.1	22.26	0.0772105937474
ENSDART00000024726	daam1a	68	34.5	27.4	7.0	15.1	47.5	69.9	22.84	12.98	-0.815272267364
ENSDART00000030838	bcl2l10	456	34.8	28.8	9.5	17.3	44.0	69.3	68.86	62.49	-0.140040840808
ENSDART00000030835	hmbox1a	20	45.7	46.2	15.2	26.3	71.3	75.5	NA	NA	NA
ENSDART00000125030	osbpl3a	96	26.7	23.2	4.8	13.1	35.6	51.7	NA	NA	NA
ENSDART00000022694	ehd3	5	63.5	77.5	NA	NA	NA	NA	NA	NA	NA
ENSDART00000098970	lin28a	173	49.2	41.9	14.3	25.0	68.2	92.5	33.83	132.27	1.96711080054
ENSDART00000014602	cmtm6	4	12.6	14.6	NA	NA	NA	NA	NA	NA	NA
ENSDART00000148927	tgfb2	1	105.0	105.0	NA	NA	NA	NA	NA	NA	NA
ENSDART00000023568	kif18a	109	34.7	31.5	7.3	18.2	46.2	64.2	47.5	96.11	1.0167590341
ENSDART00000001444	g2e3	306	29.7	23.8	8.3	13.1	40.6	57.5	23.3	55.63	1.25553315071
ENSDART00000060944	mrpl39	51	43.3	46.9	16.0	27.1	58.4	67.7	11.19	22.97	1.0375408204
ENSDART00000148928	rbm27	201	60.1	53.3	21.6	35.1	77.9	105.5	19.78	96.18	2.28169450012
ENSDART00000023562	SYT2	2	35.6	35.6	NA	NA	NA	NA	NA	NA	NA
ENSDART00000122170	smc5	68	27.2	25.3	8.9	15.9	36.7	48.1	40.06	27.0	-0.569203013875
ENSDART00000032744	rpl10	370	44.4	39.8	20.9	31.0	52.1	69.8	418.45	31.94	-3.71161902962
ENSDART00000052633	hoxa3a	2	62.1	62.1	NA	NA	NA	NA	NA	NA	NA
ENSDART00000098922	six4.3	19	85.3	84.7	49.5	79.8	103.7	114.3	NA	NA	NA
ENSDART00000024104	mycn	44	83.6	80.6	22.9	46.8	126.8	151.9	NA	NA	NA
ENSDART00000083668	MANBAL	100	85.9	86.1	33.3	60.9	111.9	126.8	NA	NA	NA
ENSDART00000109814	kdm4ab	61	41.0	38.6	7.0	20.0	53.9	71.7	NA	NA	NA
ENSDART00000098928	zgc:162297	13	31.7	31.8	15.6	17.2	41.7	45.6	NA	NA	NA
ENSDART00000109816	gltpb	13	41.9	35.8	7.3	25.4	59.7	72.8	NA	NA	NA
ENSDART00000052393	pard6gb	105	24.4	21.6	6.8	14.0	33.9	43.4	NA	NA	NA
ENSDART00000083190	hdac8	61	68.4	66.8	25.9	34.8	91.5	121.3	10.61	26.65	1.32871087673
ENSDART00000102106	bcor	76	22.1	17.6	-2.4	8.1	27.7	46.1	11.18	3.11	-1.84593370271
ENSDART00000058147	dync2li1	9	29.6	23.7	NA	NA	NA	NA	NA	NA	NA
ENSDART00000074647	CARD11	10	38.8	39.6	10.5	14.3	63.9	75.2	NA	NA	NA
ENSDART00000078771	SBK1	13	24.0	17.3	7.9	11.4	31.4	46.4	NA	NA	NA
ENSDART00000123015	irf3	2	41.5	41.5	NA	NA	NA	NA	NA	NA	NA
ENSDART00000133194	tbc1d1	106	33.7	31.4	5.7	13.1	46.9	61.9	19.1	8.72	-1.13117259815
ENSDART00000124682	glb1	4	49.0	44.0	NA	NA	NA	NA	NA	NA	NA
ENSDART00000073671	ythdc1	157	70.6	70.7	14.3	38.8	99.1	125.3	20.42	128.34	2.65191611701
ENSDART00000124688	bag5	118	39.8	31.2	10.5	16.9	58.7	86.6	NA	NA	NA
ENSDART00000050585	znhit2	28	43.6	33.6	12.9	25.0	52.9	92.5	13.03	4.06	-1.68228545138
ENSDART00000021204	TSPAN2	6	33.5	10.9	NA	NA	NA	NA	NA	NA	NA
ENSDART00000077694	leo1	35	83.8	93.1	51.8	65.9	101.4	107.1	28.05	104.15	1.89259016343
ENSDART00000142091	STX3	3	35.7	34.1	NA	NA	NA	NA	NA	NA	NA
ENSDART00000142090	fanci	175	42.0	37.4	12.2	19.6	54.1	82.6	12.62	50.75	2.00769591198
ENSDART00000056987	marcksl1a	372	79.6	73.9	20.6	40.0	112.3	145.6	NA	NA	NA
ENSDART00000142098	si:dkeyp-110g5.4	6	24.1	21.3	NA	NA	NA	NA	NA	NA	NA
ENSDART00000001995	flot1a	85	33.6	30.3	7.5	16.6	45.2	61.3	NA	NA	NA
ENSDART00000009438	lmnb2	88	70.4	65.3	12.2	28.9	102.0	131.8	21.08	86.7	2.04015712647
ENSDART00000110179	cx34.4	1	36.6	36.6	NA	NA	NA	NA	NA	NA	NA
ENSDART00000088818	FHOD3	3	60.3	48.9	NA	NA	NA	NA	NA	NA	NA
ENSDART00000009431	CABZ01078889.1	12	68.0	74.9	21.6	29.7	91.6	107.3	NA	NA	NA
ENSDART00000044949	syt16	9	40.6	34.0	NA	NA	NA	NA	NA	NA	NA
ENSDART00000125156	CU611056.1	190	36.3	29.0	7.7	17.4	45.4	75.4	NA	NA	NA
ENSDART00000057584	slc1a4	2	27.5	27.5	NA	NA	NA	NA	NA	NA	NA
ENSDART00000133585	FAM114A2	142	32.9	30.1	9.4	16.3	43.4	60.2	83.97	26.4	-1.66933605805
ENSDART00000129086	siva1	2003	32.8	27.4	7.9	14.8	43.1	64.8	1083.31	809.27	-0.420753123433
ENSDART00000024722	ezh2	49	63.3	60.5	6.4	36.2	93.9	117.0	20.18	174.25	3.11016057654
ENSDART00000130080	asap3	110	26.9	20.7	5.3	11.5	33.0	53.0	NA	NA	NA
ENSDART00000011809	uso1	2	53.8	53.8	NA	NA	NA	NA	NA	NA	NA
ENSDART00000123083	ddx59	35	36.5	34.8	14.1	23.4	49.6	62.1	20.42	12.65	-0.690845481296
ENSDART00000113774	si:ch211-188c16.1	211	27.2	24.2	8.0	13.6	36.6	50.2	44.16	15.04	-1.5539356051
ENSDART00000134271	s100u	4	55.1	39.9	NA	NA	NA	NA	NA	NA	NA
ENSDART00000129559	btbd3b	1	143.4	143.4	NA	NA	NA	NA	NA	NA	NA
ENSDART00000124350	rab3ab	1	76.9	76.9	NA	NA	NA	NA	NA	NA	NA
ENSDART00000075550	kazald3	2	88.5	88.5	NA	NA	NA	NA	NA	NA	NA
ENSDART00000014970	btbd3a	112	40.0	36.0	12.0	20.5	49.3	81.8	19.71	44.27	1.16740159705
ENSDART00000124231	PSMG4	28	49.1	50.4	21.3	37.9	60.2	69.8	NA	NA	NA
ENSDART00000075553	crybb2	1	58.3	58.3	NA	NA	NA	NA	NA	NA	NA
ENSDART00000142895	urm1	131	31.9	29.1	7.0	15.6	43.0	61.5	NA	NA	NA
ENSDART00000134274	piwil2	47	30.7	28.3	10.8	14.2	43.4	55.6	11.82	39.68	1.74718199021
ENSDART00000110133	BX511263.1	31	27.7	25.7	8.2	13.7	40.1	45.2	NA	NA	NA
ENSDART00000050916	ap2b1	80	88.4	92.6	38.0	63.7	113.8	130.8	10.01	109.68	3.45378659694
ENSDART00000010126	zdhhc23b	13	26.5	25.6	6.1	11.3	39.9	44.0	NA	NA	NA
ENSDART00000056180	cep41	17	29.1	17.6	-7.3	8.5	41.7	63.9	NA	NA	NA
ENSDART00000134277	zgc:174712	1	7.5	7.5	NA	NA	NA	NA	NA	NA	NA
ENSDART00000082251	spdya	90	30.8	26.6	9.9	15.7	41.5	58.3	NA	NA	NA
ENSDART00000056188	POLR2H	135	59.6	56.7	22.9	37.5	77.3	91.3	34.2	111.61	1.7063980649
ENSDART00000143413	si:ch211-170d8.2	68	33.3	22.4	8.8	12.1	42.2	84.5	NA	NA	NA
ENSDART00000143410	EMB	1	26.0	26.0	NA	NA	NA	NA	NA	NA	NA
ENSDART00000079694	gnai2b	136	45.0	43.6	18.5	26.0	58.6	76.9	22.8	94.89	2.05722223219
ENSDART00000058669	tamm41	4	20.4	21.1	NA	NA	NA	NA	NA	NA	NA
ENSDART00000143417	CABZ01032469.1	3	22.6	24.1	NA	NA	NA	NA	NA	NA	NA
ENSDART00000127224	FAM149B1	11	16.9	13.1	8.9	9.5	20.7	26.7	NA	NA	NA
ENSDART00000143948	rfc1	180	32.6	23.8	10.2	16.0	44.6	68.7	19.84	24.14	0.283013650368
ENSDART00000145324	CR388132.2	1	60.9	60.9	NA	NA	NA	NA	NA	NA	NA
ENSDART00000126853	rgs12b	35	60.0	51.9	14.8	21.3	86.4	124.1	NA	NA	NA
ENSDART00000089095	wdr74	11	56.6	50.3	9.8	28.6	68.8	110.3	9.84	24.58	1.32075469503
ENSDART00000126850	SMOC2	1	2.8	2.8	NA	NA	NA	NA	NA	NA	NA
ENSDART00000113101	SMARCAD1	15	75.9	77.4	36.6	66.9	81.2	114.2	NA	NA	NA
ENSDART00000105374	narf	1	8.0	8.0	NA	NA	NA	NA	NA	NA	NA
ENSDART00000087639	smap2	8	31.9	31.5	NA	NA	NA	NA	NA	NA	NA
ENSDART00000113301	si:dkeyp-41f9.3	1	47.7	47.7	NA	NA	NA	NA	NA	NA	NA
ENSDART00000129339	srrm2	443	55.1	52.1	19.6	35.7	70.4	90.9	113.55	102.75	-0.144189312138
ENSDART00000020033	xrcc1	165	28.3	23.0	7.5	14.0	37.4	52.4	24.59	12.81	-0.940801259254
ENSDART00000079559	CU464131.1	1	45.4	45.4	NA	NA	NA	NA	NA	NA	NA
ENSDART00000076086	cyp17a2	7	42.6	38.9	NA	NA	NA	NA	NA	NA	NA
ENSDART00000038955	suv39h1a	159	39.8	35.8	12.5	21.7	52.1	68.7	NA	NA	NA
ENSDART00000114465	zgc:195170	55	81.3	67.1	12.1	28.9	135.6	165.0	NA	NA	NA
ENSDART00000128936	mrps15	202	32.8	31.0	12.6	19.6	43.4	54.6	94.31	35.71	-1.4010826188
ENSDART00000128935	cep63	91	31.5	28.4	8.3	16.3	43.0	54.9	21.11	5.57	-1.92217734601
ENSDART00000122997	nupl1	107	32.1	25.3	9.3	13.7	44.9	63.4	42.02	113.97	1.43950605071
ENSDART00000134351	si:dkey-24l11.2	7	61.3	57.4	NA	NA	NA	NA	NA	NA	NA
ENSDART00000139102	dbpb	17	30.0	32.1	6.3	16.2	40.7	45.2	NA	NA	NA
ENSDART00000125313	ube3c	142	39.6	31.9	9.5	18.9	60.5	78.2	14.54	43.86	1.59287854275
ENSDART00000063037	si:dkey-80n10.2	7	26.6	37.2	NA	NA	NA	NA	NA	NA	NA
ENSDART00000019828	zgc:63587	59	34.7	32.3	14.0	23.4	41.9	59.4	NA	NA	NA
ENSDART00000042259	clybl	13	44.8	36.0	20.1	24.9	66.0	79.9	NA	NA	NA
ENSDART00000132466	si:ch211-269i23.2	79	23.6	15.0	1.5	8.4	30.1	62.8	22.69	2.69	-3.07637853112
ENSDART00000135344	ppp2r1a	150	93.6	95.8	39.4	67.1	122.2	138.4	15.62	234.1	3.90565857586
ENSDART00000052404	map2k5	18	62.0	64.4	24.5	31.9	78.6	97.1	NA	NA	NA
ENSDART00000127716	ppp1cc	253	93.6	102.7	25.6	57.8	127.2	148.9	50.22	478.48	3.252124689
ENSDART00000047401	abcb11a	19	40.2	30.5	11.2	22.8	52.6	82.5	NA	NA	NA
ENSDART00000112276	zgc:173837	115	78.5	78.5	37.8	55.6	101.8	115.9	23.89	8.92	-1.42129123854
ENSDART00000047409	myh14	1	-8.9	-8.9	NA	NA	NA	NA	NA	NA	NA
ENSDART00000110373	ZNF414	4	51.6	37.3	NA	NA	NA	NA	NA	NA	NA
ENSDART00000137611	azin1b	391	37.4	32.8	10.7	19.9	48.4	64.8	32.09	12.22	-1.39287950446
ENSDART00000138050	RBM33	203	32.2	28.3	12.3	19.1	43.8	55.7	NA	NA	NA
ENSDART00000009859	eltd1	11	44.1	42.6	24.9	27.8	57.8	73.4	NA	NA	NA
ENSDART00000017075	xiap	122	27.5	19.4	3.2	11.5	33.5	51.5	NA	NA	NA
ENSDART00000009857	CLMP	1	52.2	52.2	NA	NA	NA	NA	NA	NA	NA
ENSDART00000077950	gpr61	21	26.1	22.0	7.7	12.8	36.2	46.4	NA	NA	NA
ENSDART00000007693	mettl10	28	37.9	29.5	14.6	21.4	48.8	57.4	NA	NA	NA
ENSDART00000097244	gtf2h3	3	35.4	41.4	NA	NA	NA	NA	NA	NA	NA
ENSDART00000049135	CR762436.1	1	1.1	1.1	NA	NA	NA	NA	NA	NA	NA
ENSDART00000022765	riok1	99	60.9	58.1	21.7	43.2	73.8	104.3	46.35	43.27	-0.099202218091
ENSDART00000128060	CABZ01090226.1	1	139.3	139.3	NA	NA	NA	NA	NA	NA	NA
ENSDART00000124649	alg13	26	24.3	24.7	5.9	15.9	29.0	45.1	NA	NA	NA
ENSDART00000016475	VMAC	6	34.6	24.7	NA	NA	NA	NA	NA	NA	NA
ENSDART00000104423	rbbp9	68	47.6	46.5	13.5	29.7	62.1	81.7	53.89	45.14	-0.255611168198
ENSDART00000104421	ppt2	9	93.1	51.8	NA	NA	NA	NA	NA	NA	NA
ENSDART00000104425	dnase1l3	6	107.9	114.8	NA	NA	NA	NA	NA	NA	NA
ENSDART00000115409	MAST2	66	27.8	27.2	9.8	15.7	36.3	48.3	NA	NA	NA
ENSDART00000145815	txndc5	120	56.3	56.2	14.2	29.1	82.6	100.9	16.12	148.73	3.2057720306
ENSDART00000111774	supv3l1	206	29.1	25.0	7.3	15.0	41.3	54.2	58.96	28.03	-1.07276478006
ENSDART00000111777	abca3b	117	25.8	23.6	7.8	13.4	34.8	47.0	8.63	0.64	-3.75321674918
ENSDART00000108473	BX005082.2	2	42.7	42.7	NA	NA	NA	NA	NA	NA	NA
ENSDART00000089171	hmha1	5	32.5	23.3	NA	NA	NA	NA	23.77	3.61	-2.71907116106
ENSDART00000081368	adora2ab	1	-11.0	-11.0	NA	NA	NA	NA	NA	NA	NA
ENSDART00000122579	CU694221.1	162	36.7	30.2	8.9	14.9	51.7	71.8	NA	NA	NA
ENSDART00000026866	cox4i1	302	47.8	39.0	13.0	25.0	58.9	99.5	94.51	83.05	-0.186486819211
ENSDART00000059366	ckmb	2	70.0	70.0	NA	NA	NA	NA	NA	NA	NA
ENSDART00000081367	dnaja3a	528	28.2	25.2	9.4	15.2	36.7	49.8	NA	NA	NA
ENSDART00000148595	capn10	13	24.2	22.7	3.9	9.6	31.2	46.9	NA	NA	NA
ENSDART00000150719	phrf1	101	57.0	54.3	20.2	30.4	79.8	97.5	30.59	41.9	0.453890137029
ENSDART00000034102	ctssb.2	6	34.8	32.9	NA	NA	NA	NA	NA	NA	NA
ENSDART00000144493	zfyve20	16	35.3	32.6	12.7	20.5	52.3	61.0	NA	NA	NA
ENSDART00000080503	si:dkey-31e10.5	12	26.1	24.4	8.6	14.3	32.0	45.1	NA	NA	NA
ENSDART00000081779	ZDHHC3	8	33.7	29.4	NA	NA	NA	NA	NA	NA	NA
ENSDART00000080501	zbtb47b	10	31.4	26.0	12.0	19.5	44.7	59.2	NA	NA	NA
ENSDART00000130673	tp73	1	-11.2	-11.2	NA	NA	NA	NA	NA	NA	NA
ENSDART00000104768	pnkd	16	57.5	41.5	22.2	29.9	71.5	100.2	NA	NA	NA
ENSDART00000023519	EPS8L1	1	36.3	36.3	NA	NA	NA	NA	NA	NA	NA
ENSDART00000127571	CR848664.3	7	40.2	28.7	NA	NA	NA	NA	NA	NA	NA
ENSDART00000088569	nyx	3	88.9	75.0	NA	NA	NA	NA	NA	NA	NA
ENSDART00000078173	dzank1	1	19.3	19.3	NA	NA	NA	NA	NA	NA	NA
ENSDART00000085846	nkx1.2la	2	101.3	101.3	NA	NA	NA	NA	NA	NA	NA
ENSDART00000006619	rbpms2b	351	26.6	23.6	7.8	14.1	34.8	48.7	NA	NA	NA
ENSDART00000008224	aurka	665	20.9	17.9	4.2	9.7	27.1	38.9	133.6	21.63	-2.6268144374
ENSDART00000079969	KCNK7	3	32.1	25.1	NA	NA	NA	NA	NA	NA	NA
ENSDART00000133976	txnl1	225	88.9	89.1	43.7	68.8	111.5	128.8	32.11	172.07	2.42190101864
ENSDART00000111617	rbm15	64	53.4	49.9	12.4	22.5	74.5	98.5	14.13	117.89	3.06060797635
ENSDART00000059955	ildr1b	219	30.5	23.3	8.3	15.9	37.6	61.7	NA	NA	NA
ENSDART00000111613	FP245444.1	26	53.6	63.2	11.5	28.2	74.0	90.8	NA	NA	NA
ENSDART00000089286	shc2	5	35.9	25.7	NA	NA	NA	NA	NA	NA	NA
ENSDART00000037109	srpk1a	108	40.6	33.7	7.6	17.5	57.5	84.8	46.87	70.75	0.594065353128
ENSDART00000065681	matn4	1	40.4	40.4	NA	NA	NA	NA	NA	NA	NA
ENSDART00000084464	fam155b	12	61.0	69.4	17.7	21.2	89.4	108.7	NA	NA	NA
ENSDART00000037450	syncripl	370	59.1	54.0	12.9	26.6	84.3	116.6	36.93	706.85	4.25853892685
ENSDART00000066064	mrpl45	27	21.4	19.5	5.0	11.3	28.1	43.3	NA	NA	NA
ENSDART00000100420	pex11b	253	37.2	34.5	12.4	19.8	51.5	64.0	NA	NA	NA
ENSDART00000037455	ccnd3	28	54.7	57.1	19.3	41.2	73.5	83.5	NA	NA	NA
ENSDART00000064088	vkorc1l1	5	69.7	76.5	NA	NA	NA	NA	NA	NA	NA
ENSDART00000144401	tbc1d32	1	32.8	32.8	NA	NA	NA	NA	NA	NA	NA
ENSDART00000064083	otx1b	467	27.7	24.3	8.0	14.2	37.0	51.5	NA	NA	NA
ENSDART00000002886	exosc9	136	49.4	49.4	21.7	38.0	62.8	74.7	89.45	86.54	-0.0477143615174
ENSDART00000018524	pcyt1aa	77	61.8	61.3	18.8	35.6	76.5	110.6	20.38	108.04	2.40633958834
ENSDART00000011785	rad54l	78	39.0	35.3	14.5	22.7	50.7	68.7	31.4	8.53	-1.88014691246
ENSDART00000123483	cs	6	68.4	62.8	NA	NA	NA	NA	NA	NA	NA
ENSDART00000099866	kif15	8	9.9	10.6	NA	NA	NA	NA	6.7	4.0	-0.74416109557
ENSDART00000054761	zgc:158791	4	33.5	23.8	NA	NA	NA	NA	NA	NA	NA
ENSDART00000123487	zgc:153675	525	38.0	35.1	13.4	21.9	50.2	65.8	156.8	118.98	-0.398206476053
ENSDART00000123486	CABZ01021450.1	14	120.7	120.2	87.3	97.0	140.4	167.5	NA	NA	NA
ENSDART00000077732	bambia	172	57.9	39.3	12.7	20.4	83.3	128.1	NA	NA	NA
ENSDART00000124968	rpn2	0	NA	NA	NA	NA	NA	NA	14.09	41.91	1.57262290982
ENSDART00000029314	col5a2b	1	96.7	96.7	NA	NA	NA	NA	NA	NA	NA
ENSDART00000011025	wipf2b	164	35.7	29.8	6.7	19.0	46.5	70.8	NA	NA	NA
ENSDART00000121885	tgfbr1a	1	10.2	10.2	NA	NA	NA	NA	NA	NA	NA
ENSDART00000121887	mpp2a	8	28.7	27.7	NA	NA	NA	NA	NA	NA	NA
ENSDART00000027115	nob1	61	43.0	39.6	8.9	23.2	59.5	77.7	22.07	71.63	1.69847731243
ENSDART00000114318	bcl2l11	7	56.8	28.2	NA	NA	NA	NA	NA	NA	NA
ENSDART00000014031	dpf2	56	32.6	24.4	9.1	16.6	41.0	51.9	NA	NA	NA
ENSDART00000122686	asb8	291	24.3	20.8	5.8	12.7	32.9	45.3	NA	NA	NA
ENSDART00000110697	dnajc10	51	48.3	41.9	11.0	19.7	69.6	97.6	11.09	21.32	0.942948072597
ENSDART00000121920	WIZ	12	81.9	77.2	23.2	31.3	112.9	157.6	NA	NA	NA
ENSDART00000110698	rbm46	70	33.9	31.5	8.6	18.3	43.9	60.6	NA	NA	NA
ENSDART00000122689	ZFHX2	331	48.2	41.3	15.8	24.2	68.6	90.0	41.26	158.24	1.93929860487
ENSDART00000012483	fam113	525	51.0	48.8	25.6	35.6	62.5	78.1	59.6	202.13	1.76189922565
ENSDART00000074438	cenpi	135	47.1	42.8	13.1	22.7	63.8	82.9	22.61	64.08	1.50291315566
ENSDART00000084559	RGS14	7	38.2	46.7	NA	NA	NA	NA	NA	NA	NA
ENSDART00000131909	ppapdc3	7	72.4	59.4	NA	NA	NA	NA	NA	NA	NA
ENSDART00000126219	ccdc6b	168	47.3	40.0	13.7	22.9	64.4	91.8	NA	NA	NA
ENSDART00000056405	magoh	631	78.9	78.4	41.7	58.8	96.2	114.9	153.85	719.36	2.225189497
ENSDART00000126215	dap1b	5	48.0	40.6	NA	NA	NA	NA	NA	NA	NA
ENSDART00000126211	CR548630.2	5	66.2	54.9	NA	NA	NA	NA	NA	NA	NA
ENSDART00000123818	thop1	43	34.6	30.8	14.8	19.8	47.1	54.3	NA	NA	NA
ENSDART00000113929	rbm25	113	81.9	81.7	38.0	56.7	108.3	122.6	45.26	196.13	2.115501737
ENSDART00000044184	NOP14	181	61.3	58.1	20.3	33.8	81.6	103.5	53.03	33.77	-0.651066569133
ENSDART00000063944	tmem30ab	306	35.5	30.7	8.0	15.5	50.3	70.0	NA	NA	NA
ENSDART00000113923	PKN2	51	37.7	31.7	8.0	16.9	54.1	81.6	NA	NA	NA
ENSDART00000146234	apopt1	167	44.3	42.2	12.9	24.0	58.3	72.8	NA	NA	NA
ENSDART00000113926	zgc:100918	105	49.1	45.4	14.2	25.8	70.1	84.5	27.38	94.37	1.78520585653
ENSDART00000036277	hdac4	25	35.7	28.7	4.1	13.5	39.0	79.1	NA	NA	NA
ENSDART00000113924	BX255895.1	5	47.6	45.4	NA	NA	NA	NA	NA	NA	NA
ENSDART00000082454	C19H1orf85	89	27.1	23.0	9.1	13.9	33.1	51.2	NA	NA	NA
ENSDART00000085335	zdhhc9	20	36.8	34.5	15.2	23.7	53.7	61.1	NA	NA	NA
ENSDART00000059400	C18H3orf33	8	27.1	21.6	NA	NA	NA	NA	NA	NA	NA
ENSDART00000082458	sarnp	268	74.7	77.3	37.5	54.0	92.9	111.2	213.94	455.84	1.0913212808
ENSDART00000085339	KBTBD3	1	54.0	54.0	NA	NA	NA	NA	NA	NA	NA
ENSDART00000059404	rab3ip	8	40.2	39.9	NA	NA	NA	NA	NA	NA	NA
ENSDART00000051526	jmjd7	33	23.7	23.5	12.5	15.6	31.4	38.8	NA	NA	NA
ENSDART00000041942	tspan2	15	27.2	20.3	-8.1	4.2	43.4	70.1	NA	NA	NA
ENSDART00000002962	eef1da	151	32.5	34.7	11.8	21.3	44.4	52.2	159.85	1.63	-6.61570296944
ENSDART00000124065	ZNF407	36	40.4	30.8	4.6	11.4	46.8	112.4	7.81	13.68	0.808673776744
ENSDART00000002961	rcor2	242	52.8	50.8	17.7	33.0	70.4	87.7	14.72	87.03	2.56373512486
ENSDART00000110967	kita	2	69.5	69.5	NA	NA	NA	NA	NA	NA	NA
ENSDART00000038301	gnpda2	167	47.4	43.2	14.0	24.6	67.3	91.9	NA	NA	NA
ENSDART00000093017	perp	16	120.2	96.7	43.1	61.3	166.0	220.1	NA	NA	NA
ENSDART00000151007	orc4	50	34.0	33.4	12.6	20.9	45.9	57.5	30.0	6.66	-2.17136841831
ENSDART00000134990	si:dkey-191j3.3	2	24.1	24.1	NA	NA	NA	NA	NA	NA	NA
ENSDART00000083857	CCNJ	59	23.9	23.7	-8.0	3.3	36.8	53.5	NA	NA	NA
ENSDART00000010190	POR	212	43.7	37.6	12.4	20.1	56.7	86.6	NA	NA	NA
ENSDART00000078746	ccdc157	13	37.0	24.6	16.6	18.2	33.8	40.4	NA	NA	NA
ENSDART00000034817	rbm28	73	70.9	69.1	35.8	56.0	88.8	109.7	44.65	56.46	0.338568953441
ENSDART00000010199	fam219ab	3	109.8	31.3	NA	NA	NA	NA	NA	NA	NA
ENSDART00000036419	vrk2	42	41.2	42.4	15.4	28.6	52.5	61.7	NA	NA	NA
ENSDART00000046360	rhoua	1	39.2	39.2	NA	NA	NA	NA	NA	NA	NA
ENSDART00000013563	atf7a	11	42.8	31.1	11.8	20.4	44.7	58.1	NA	NA	NA
ENSDART00000100848	CYTH2	199	38.0	33.7	9.0	20.1	52.3	72.3	NA	NA	NA
ENSDART00000100849	cask	55	46.1	42.8	18.4	29.1	63.3	76.3	15.8	20.62	0.384119774304
ENSDART00000066303	mrpl10	24	20.0	20.8	3.1	10.0	23.9	34.2	NA	NA	NA
ENSDART00000141373	si:rp71-36a1.1	5	46.0	31.4	NA	NA	NA	NA	NA	NA	NA
ENSDART00000066307	elac1	160	50.8	51.7	21.9	35.6	65.0	79.1	105.47	59.08	-0.836090964342
ENSDART00000028634	cherp	162	58.5	56.8	13.3	31.6	83.4	102.5	35.08	97.48	1.47445750328
ENSDART00000151853	btbd10a	77	57.3	53.4	19.9	36.5	79.2	97.6	18.88	48.36	1.35695547989
ENSDART00000055170	cln3	56	39.9	33.4	11.8	21.1	49.2	82.0	NA	NA	NA
ENSDART00000111324	zgc:193807	5	42.1	37.2	NA	NA	NA	NA	NA	NA	NA
ENSDART00000043899	retsatl	356	57.5	53.4	24.2	36.8	72.2	99.8	63.56	51.06	-0.315925586941
ENSDART00000014296	foxa2	2	85.2	85.2	NA	NA	NA	NA	NA	NA	NA
ENSDART00000055176	epn2	49	63.3	44.1	18.4	30.5	76.1	134.6	NA	NA	NA
ENSDART00000105644	uchl5	74	35.4	30.0	11.3	21.8	40.2	63.7	25.45	42.84	0.751292823787
ENSDART00000024629	RAB31	1	79.4	79.4	NA	NA	NA	NA	NA	NA	NA
ENSDART00000141481	immp2l	19	66.8	67.3	23.6	39.5	90.8	112.6	23.45	65.89	1.49047160402
ENSDART00000048130	stard10	309	56.4	38.6	11.4	20.3	84.2	134.5	48.45	131.11	1.436209156
ENSDART00000032880	rpa1	54	33.7	24.0	7.1	8.9	43.5	79.2	32.2	57.19	0.828702217201
ENSDART00000093277	ppm1h	13	34.5	33.7	13.0	19.8	43.6	50.3	NA	NA	NA
ENSDART00000051849	slc25a11	174	60.1	62.1	12.5	31.0	85.1	107.4	18.54	180.21	3.28096592062
ENSDART00000139922	tk1	6	38.9	20.9	NA	NA	NA	NA	NA	NA	NA
ENSDART00000009223	pdcd4b	49	41.2	39.3	8.6	18.0	62.5	75.5	NA	NA	NA
ENSDART00000040542	ARHGEF12	68	33.6	30.5	11.6	18.1	42.4	59.4	17.83	7.81	-1.19091224948
ENSDART00000021985	ankdd1a	4	29.4	22.7	NA	NA	NA	NA	NA	NA	NA
ENSDART00000139924	golph3l	9	30.5	26.2	NA	NA	NA	NA	NA	NA	NA
ENSDART00000083271	agmat	5	76.8	62.1	NA	NA	NA	NA	NA	NA	NA
ENSDART00000109486	GPRC5B	3	45.2	29.6	NA	NA	NA	NA	NA	NA	NA
ENSDART00000139824	rasa1a	262	47.3	42.1	9.2	22.4	67.1	90.8	20.27	46.45	1.1963325078
ENSDART00000078119	ino80c	60	49.3	45.7	14.7	25.5	66.0	92.3	28.49	17.44	-0.708055581547
ENSDART00000045329	zgc:158387	162	67.2	65.6	17.6	36.1	93.0	117.1	27.95	180.05	2.68747741135
ENSDART00000130477	snai1a	35	64.4	57.5	23.1	30.6	95.9	107.5	49.91	352.62	2.82071349521
ENSDART00000013743	gorasp2	291	37.9	35.9	11.0	20.7	49.5	65.7	46.05	32.65	-0.496118164545
ENSDART00000037025	slc39a10	66	71.4	74.6	15.3	43.2	99.5	118.7	5.24	23.59	2.1705367017
ENSDART00000048871	desi1a	1	18.8	18.8	NA	NA	NA	NA	NA	NA	NA
ENSDART00000005732	ehd1a	36	71.2	65.8	21.5	42.1	99.9	119.6	8.43	87.14	3.36973057697
ENSDART00000005733	tma16	106	74.3	74.3	26.7	46.3	93.3	121.8	107.35	153.75	0.518264219255
ENSDART00000130478	MYOM2	8	73.0	72.1	NA	NA	NA	NA	NA	NA	NA
ENSDART00000021092	snx27b	74	44.7	34.9	6.6	16.5	67.8	88.2	32.36	44.36	0.455047757732
ENSDART00000092277	fam134a	13	37.8	37.6	11.7	17.5	55.1	64.3	NA	NA	NA
ENSDART00000092274	rfx5	6	187.7	214.6	NA	NA	NA	NA	NA	NA	NA
ENSDART00000112192	CU207301.10	1	49.7	49.7	NA	NA	NA	NA	NA	NA	NA
ENSDART00000101461	epyc	10	142.4	135.2	90.6	104.4	186.6	199.6	NA	NA	NA
ENSDART00000101463	zgc:136739	8	11.6	10.4	NA	NA	NA	NA	NA	NA	NA
ENSDART00000101462	mrps18c	84	25.2	23.6	6.6	14.3	34.7	50.8	NA	NA	NA
ENSDART00000105614	dennd1b	16	34.1	29.1	10.3	22.2	48.1	66.0	NA	NA	NA
ENSDART00000039145	inip	332	40.8	36.8	13.7	23.0	53.7	76.0	NA	NA	NA
ENSDART00000021672	epc2	197	27.1	20.5	7.8	12.5	35.6	52.3	50.39	15.08	-1.7405010277
ENSDART00000125334	CT583625.1	2	60.5	60.5	NA	NA	NA	NA	NA	NA	NA
ENSDART00000109665	ppm1g	248	104.6	113.0	35.9	78.8	134.8	150.8	102.0	604.15	2.56633763806
ENSDART00000058460	utp11l	175	37.2	32.1	10.2	19.3	45.5	65.2	92.26	73.62	-0.325607542682
ENSDART00000025358	itgb3a	2	17.6	17.6	NA	NA	NA	NA	NA	NA	NA
ENSDART00000130693	nif3l1	1	29.8	29.8	NA	NA	NA	NA	NA	NA	NA
ENSDART00000113329	ARX	10	25.1	17.9	12.0	14.9	36.2	48.6	NA	NA	NA
ENSDART00000130691	tnfrsf21	8	115.7	109.9	NA	NA	NA	NA	NA	NA	NA
ENSDART00000130696	myeov2	120	44.3	40.3	17.4	28.5	56.1	70.0	NA	NA	NA
ENSDART00000100925	mxtx1	8	97.2	115.4	NA	NA	NA	NA	NA	NA	NA
ENSDART00000097574	ncor1	158	89.2	91.3	29.5	53.3	121.9	143.1	16.0	58.91	1.88044064789
ENSDART00000092053	chkb	100	33.8	27.0	8.4	14.9	53.8	66.0	NA	NA	NA
ENSDART00000003240	map1lc3b	91	80.3	73.0	15.4	36.7	106.7	154.1	NA	NA	NA
ENSDART00000050445	trim2a	3	-0.5	3.9	NA	NA	NA	NA	NA	NA	NA
ENSDART00000086220	mctp1b	1	68.7	68.7	NA	NA	NA	NA	NA	NA	NA
ENSDART00000092058	chtf18	68	59.6	57.1	15.6	36.1	81.8	96.1	26.97	52.91	0.972184896172
ENSDART00000112447	il13ra1	28	53.7	39.6	18.6	25.0	81.5	98.8	NA	NA	NA
ENSDART00000112443	SYPL1	1	102.9	102.9	NA	NA	NA	NA	NA	NA	NA
ENSDART00000141575	lipin2	116	22.1	19.1	5.1	10.6	28.0	40.4	NA	NA	NA
ENSDART00000029727	atg5	140	35.7	33.8	11.8	20.3	45.8	66.1	NA	NA	NA
ENSDART00000086333	jarid2a	1	48.2	48.2	NA	NA	NA	NA	NA	NA	NA
ENSDART00000073957	slc35d1a	101	42.1	32.6	3.2	14.1	58.8	80.9	NA	NA	NA
ENSDART00000029720	nudt15	1	21.0	21.0	NA	NA	NA	NA	NA	NA	NA
ENSDART00000099089	ggcx	26	77.4	77.3	11.8	25.1	124.1	138.6	NA	NA	NA
ENSDART00000080777	mrpl28	181	36.7	34.9	14.6	21.6	47.1	61.0	108.92	24.33	-2.16246066211
ENSDART00000080771	SLC6A16	13	50.9	44.3	14.6	15.4	49.1	66.4	NA	NA	NA
ENSDART00000077707	LLPH	22	66.0	68.0	17.3	41.5	89.8	108.3	NA	NA	NA
ENSDART00000101070	dachd	10	34.0	27.7	12.0	15.5	47.2	60.0	NA	NA	NA
ENSDART00000080772	fstb	1	6.3	6.3	NA	NA	NA	NA	NA	NA	NA
ENSDART00000047719	cacna1ba	1	15.5	15.5	NA	NA	NA	NA	NA	NA	NA
ENSDART00000008663	adam10b	0	NA	NA	NA	NA	NA	NA	7.26	1.74	-2.06088224215
ENSDART00000047716	fermt3b	1	18.5	18.5	NA	NA	NA	NA	NA	NA	NA
ENSDART00000079255	utp3	136	59.7	55.3	26.6	37.2	73.2	89.8	57.31	74.59	0.380195330508
ENSDART00000111189	gar1	309	66.9	63.8	20.0	36.2	95.1	115.8	83.86	159.92	0.931295641898
ENSDART00000053187	stk35l	302	63.7	55.4	12.5	26.8	95.9	124.4	25.18	131.15	2.38086761943
ENSDART00000006429	hibadhb	55	38.2	35.0	10.2	20.4	57.5	67.6	NA	NA	NA
ENSDART00000111184	utp18	110	24.7	18.1	6.1	11.4	33.9	52.5	44.72	10.66	-2.06871275008
ENSDART00000091508	FAM83G	9	43.8	35.9	NA	NA	NA	NA	NA	NA	NA
ENSDART00000114691	MCM8	81	31.1	29.5	7.7	14.7	41.9	59.0	NA	NA	NA
ENSDART00000138333	CABZ01032468.1	5	41.2	54.9	NA	NA	NA	NA	NA	NA	NA
ENSDART00000138334	ppp2r2a	239	44.4	36.8	12.8	20.4	56.3	82.3	26.02	60.09	1.20750395982
ENSDART00000044812	C12H17orf70	22	40.4	40.0	14.2	26.6	51.0	62.2	NA	NA	NA
ENSDART00000132830	stoml3b	9	25.0	22.5	NA	NA	NA	NA	NA	NA	NA
ENSDART00000017240	postna	22	38.2	30.5	17.1	20.3	49.4	65.9	NA	NA	NA
ENSDART00000017244	XKR6	2	39.8	39.8	NA	NA	NA	NA	NA	NA	NA
ENSDART00000132836	nxpe3	42	56.6	47.0	18.4	30.6	81.2	103.6	NA	NA	NA
ENSDART00000053183	tab1	45	27.3	25.0	6.3	16.3	37.6	50.4	15.34	2.06	-2.89658224032
ENSDART00000062532	nhsl1b	19	61.6	39.2	15.6	33.4	80.4	128.9	NA	NA	NA
ENSDART00000127669	prox1b	52	47.5	47.4	13.3	27.2	63.3	81.7	NA	NA	NA
ENSDART00000112597	wu:fi27d05	57	40.2	32.1	9.0	16.5	60.7	83.5	NA	NA	NA
ENSDART00000062534	b3galt2	71	33.5	32.4	4.7	16.8	48.4	65.9	NA	NA	NA
ENSDART00000127662	CT573348.1	2	76.2	76.2	NA	NA	NA	NA	NA	NA	NA
ENSDART00000062539	pdcb	1	65.8	65.8	NA	NA	NA	NA	NA	NA	NA
ENSDART00000084664	AL929322.1	36	32.1	31.7	5.7	17.3	45.2	57.7	NA	NA	NA
ENSDART00000127666	poll	184	33.2	29.9	10.4	17.9	43.2	57.6	52.52	36.31	-0.532499986093
ENSDART00000034302	GRINA	147	19.2	16.1	5.2	9.2	26.1	34.8	NA	NA	NA
ENSDART00000022379	nr2f6a	13	39.8	34.1	16.2	20.6	50.3	56.6	NA	NA	NA
ENSDART00000136539	CENPT	50	25.6	23.3	7.1	12.4	33.8	46.9	45.84	30.52	-0.586852081922
ENSDART00000060971	dcun1d2	13	31.2	30.8	15.9	20.1	43.4	51.8	NA	NA	NA
ENSDART00000049831	dhrs11b	7	44.6	40.4	NA	NA	NA	NA	NA	NA	NA
ENSDART00000131126	bcl6a	5	27.9	35.1	NA	NA	NA	NA	NA	NA	NA
ENSDART00000008595	tra2a	324	59.8	52.3	10.2	26.1	85.1	116.4	74.96	452.26	2.59295954477
ENSDART00000008590	itpk1	5	80.4	77.8	NA	NA	NA	NA	NA	NA	NA
ENSDART00000008593	yipf5	310	55.1	52.6	22.7	35.1	72.9	89.0	28.07	282.54	3.33135415951
ENSDART00000081196	scinlb	1	6.8	6.8	NA	NA	NA	NA	NA	NA	NA
ENSDART00000016597	nfkbiab	114	43.7	32.5	9.2	18.2	46.1	89.5	37.57	16.29	-1.20559451212
ENSDART00000016592	mmgt1	376	73.4	74.2	32.1	50.0	94.5	109.0	76.77	206.58	1.42808603353
ENSDART00000076478	dhrs1	1	11.3	11.3	NA	NA	NA	NA	NA	NA	NA
ENSDART00000016591	fgf6a	4	15.2	14.8	NA	NA	NA	NA	NA	NA	NA
ENSDART00000129135	RECK	1	27.5	27.5	NA	NA	NA	NA	NA	NA	NA
ENSDART00000113316	HEATR6	34	42.4	35.9	13.8	27.8	60.7	69.1	18.39	14.55	-0.337902326616
ENSDART00000113311	COL9A1	1	83.8	83.8	NA	NA	NA	NA	NA	NA	NA
ENSDART00000114473	TRAFD1	47	42.7	30.1	14.3	21.1	52.4	71.5	NA	NA	NA
ENSDART00000025423	cstf3	168	101.0	103.9	31.9	75.3	132.7	158.9	70.49	566.73	3.00717106339
ENSDART00000023449	pygl	132	49.3	50.3	17.0	30.5	64.5	80.1	25.56	19.47	-0.392634952227
ENSDART00000113318	SDK2	1	48.3	48.3	NA	NA	NA	NA	NA	NA	NA
ENSDART00000057559	gak	7	25.2	21.0	NA	NA	NA	NA	NA	NA	NA
ENSDART00000110364	tti2	32	33.7	33.6	13.3	17.9	44.7	51.2	NA	NA	NA
ENSDART00000110365	ADCY3	4	33.0	30.9	NA	NA	NA	NA	NA	NA	NA
ENSDART00000110366	zbtb22b	46	34.8	30.9	8.8	18.5	53.1	64.4	NA	NA	NA
ENSDART00000091159	adpgk2	61	82.2	93.8	17.9	32.6	118.7	132.8	NA	NA	NA
ENSDART00000080486	ywhag1	1	12.3	12.3	NA	NA	NA	NA	NA	NA	NA
ENSDART00000097194	serinc5	95	43.0	35.4	11.2	22.3	59.5	78.7	NA	NA	NA
ENSDART00000150039	kcnc2	2	41.0	41.0	NA	NA	NA	NA	NA	NA	NA
ENSDART00000150153	tnfrsf9a	1	5.6	5.6	NA	NA	NA	NA	NA	NA	NA
ENSDART00000149153	sacs	2	30.1	30.1	NA	NA	NA	NA	NA	NA	NA
ENSDART00000131740	BX000999.5	3	26.2	24.3	NA	NA	NA	NA	NA	NA	NA
ENSDART00000150156	tap1	4	37.9	22.4	NA	NA	NA	NA	NA	NA	NA
ENSDART00000111823	GRIK3	1	67.8	67.8	NA	NA	NA	NA	NA	NA	NA
ENSDART00000090107	nrd1	36	44.2	40.8	5.6	20.7	64.8	88.3	NA	NA	NA
ENSDART00000113547	CT867973.1	6	90.4	85.7	NA	NA	NA	NA	NA	NA	NA
ENSDART00000052104	fuca1	68	64.5	63.7	28.7	43.4	86.9	100.6	27.2	17.69	-0.620672603447
ENSDART00000080190	MEF2A	2	74.1	74.1	NA	NA	NA	NA	NA	NA	NA
ENSDART00000115259	si:ch1073-154c4.1	2	46.7	46.7	NA	NA	NA	NA	NA	NA	NA
ENSDART00000049434	scamp4	34	49.3	49.5	5.2	21.5	65.5	99.0	NA	NA	NA
ENSDART00000141767	ccdc77	181	44.3	43.1	15.3	27.2	58.0	74.5	49.18	46.52	-0.0802206381229
ENSDART00000141057	C13H6orf203	42	53.5	44.1	22.2	28.4	70.8	84.3	NA	NA	NA
ENSDART00000115253	qars	88	47.6	44.9	20.7	30.0	61.1	79.6	14.25	22.87	0.682494446472
ENSDART00000115250	usp25	57	72.9	66.6	-1.1	41.6	106.2	136.0	16.99	99.65	2.55218395254
ENSDART00000081346	BX897684.1	3	14.3	21.8	NA	NA	NA	NA	NA	NA	NA
ENSDART00000063953	zgc:65997	39	40.4	39.3	12.4	22.5	52.0	63.8	NA	NA	NA
ENSDART00000063950	psmc1b	62	41.8	40.9	15.7	24.6	56.6	71.9	25.54	11.37	-1.16752627081
ENSDART00000148792	GPR89B	32	21.4	18.1	1.0	8.8	24.6	46.8	NA	NA	NA
ENSDART00000063779	efhd1	56	113.1	122.4	62.8	98.1	136.7	148.8	34.84	290.58	3.06011887972
ENSDART00000063959	fam102aa	286	28.9	25.0	7.2	15.4	39.3	56.3	NA	NA	NA
ENSDART00000100214	nufip2	207	35.6	27.4	9.1	15.9	50.8	72.1	NA	NA	NA
ENSDART00000123519	ube2e1	84	85.3	84.1	35.2	50.0	116.4	137.0	96.57	323.53	1.7442525127
ENSDART00000140146	si:ch73-27e22.3	1	31.4	31.4	NA	NA	NA	NA	NA	NA	NA
ENSDART00000041192	lyrm2	18	19.0	18.8	4.1	9.4	28.6	38.4	NA	NA	NA
ENSDART00000098357	slc39a6	110	36.5	31.0	12.2	19.2	44.2	60.9	36.82	18.38	-1.00235286006
ENSDART00000081827	ect2	61	23.0	13.2	-0.2	6.4	30.3	65.9	12.45	15.72	0.336455475303
ENSDART00000098350	si:dkey-24l11.3	7	61.3	57.4	NA	NA	NA	NA	NA	NA	NA
ENSDART00000142016	ptrh2	39	41.6	38.0	12.2	20.7	57.9	79.5	25.35	64.05	1.33721282334
ENSDART00000038155	ccne2	25	82.5	74.5	14.7	49.4	120.9	157.0	NA	NA	NA
ENSDART00000110751	tiam1a	12	25.6	25.3	4.7	15.1	39.3	46.5	NA	NA	NA
ENSDART00000006021	usp20	159	31.5	24.7	10.1	16.6	41.9	69.2	NA	NA	NA
ENSDART00000007482	TSPYL1	130	57.1	56.0	17.2	32.0	78.7	96.8	23.41	103.44	2.1435973407
ENSDART00000098239	ftr83	36	113.4	116.0	44.7	83.0	153.2	170.3	NA	NA	NA
ENSDART00000007487	apip	16	69.2	42.5	20.6	27.7	100.2	144.5	NA	NA	NA
ENSDART00000031141	polr3g	1	35.4	35.4	NA	NA	NA	NA	NA	NA	NA
ENSDART00000106329	zgc:173726	57	36.9	34.5	11.2	22.6	51.1	64.6	NA	NA	NA
ENSDART00000064748	NRBF2	1	82.1	82.1	NA	NA	NA	NA	NA	NA	NA
ENSDART00000027829	erc1b	5	75.1	89.9	NA	NA	NA	NA	NA	NA	NA
ENSDART00000080997	ZDHHC20	86	40.9	18.1	5.2	8.5	39.7	99.6	NA	NA	NA
ENSDART00000007237	nrcam	3	54.1	56.0	NA	NA	NA	NA	NA	NA	NA
ENSDART00000027850	slc35e1	227	54.0	53.7	21.4	31.7	74.2	89.7	NA	NA	NA
ENSDART00000016628	fam129bb	122	33.3	29.0	12.4	17.7	42.9	60.8	NA	NA	NA
ENSDART00000130994	CABZ01102038.1	19	69.1	53.3	19.1	30.9	105.7	132.9	NA	NA	NA
ENSDART00000039871	clasp2	122	50.1	48.8	18.2	30.6	65.9	90.3	15.73	66.36	2.07679521554
ENSDART00000075286	slc2a15b	45	25.6	24.9	6.5	15.3	34.4	45.7	NA	NA	NA
ENSDART00000075281	zgc:113372	136	47.7	39.6	15.0	24.4	62.4	87.1	NA	NA	NA
ENSDART00000025120	ndc1	284	52.4	48.8	17.9	31.8	66.5	91.2	46.29	107.03	1.20924276613
ENSDART00000075750	zgc:175135	80	31.8	29.7	9.3	16.1	40.0	57.4	NA	NA	NA
ENSDART00000075757	gtf2a2	322	29.6	26.2	7.5	15.7	39.8	54.7	149.58	79.22	-0.916980682308
ENSDART00000132168	znf410	4	56.9	36.2	NA	NA	NA	NA	NA	NA	NA
ENSDART00000026189	cog2	196	48.4	44.5	16.3	31.7	59.5	73.6	27.79	29.9	0.105579649885
ENSDART00000132164	hira	80	24.6	20.9	6.3	13.9	30.1	39.7	18.72	2.89	-2.69543903708
ENSDART00000113210	CLDN18	15	114.3	113.2	90.2	105.0	128.2	137.5	NA	NA	NA
ENSDART00000012903	wdr12	158	37.3	36.1	11.9	21.3	53.5	62.5	39.58	81.88	1.04873948998
ENSDART00000147886	cd82b	562	51.4	44.8	16.7	26.7	68.2	99.5	NA	NA	NA
ENSDART00000125538	PBX1	6	49.1	49.3	NA	NA	NA	NA	NA	NA	NA
ENSDART00000147089	grik1a	140	35.1	32.7	11.7	22.3	46.5	60.2	NA	NA	NA
ENSDART00000122212	casp2	17	60.1	40.6	13.4	24.4	84.4	153.4	NA	NA	NA
ENSDART00000122747	tmem30aa	23	45.2	42.1	3.3	24.3	69.9	77.9	NA	NA	NA
ENSDART00000134695	si:ch73-18b11.1	177	115.9	119.3	81.7	101.3	134.5	152.9	NA	NA	NA
ENSDART00000040955	slc25a48	4	8.8	8.4	NA	NA	NA	NA	NA	NA	NA
ENSDART00000134690	eif2ak1	192	38.3	34.6	10.4	20.4	49.5	65.6	NA	NA	NA
ENSDART00000010052	ppifa	78	37.4	34.7	11.3	23.9	50.3	66.6	NA	NA	NA
ENSDART00000103748	gdpd3a	3	32.5	26.8	NA	NA	NA	NA	NA	NA	NA
ENSDART00000088358	znf704	6	45.4	53.1	NA	NA	NA	NA	NA	NA	NA
ENSDART00000066198	rab9a	59	37.0	35.6	12.0	20.7	49.3	61.3	56.89	13.85	-2.03828910476
ENSDART00000018503	sucla2	198	56.7	50.9	17.2	31.9	76.6	104.7	NA	NA	NA
ENSDART00000088578	si:dkey-13n15.2	11	23.3	22.1	11.8	16.2	28.9	35.2	NA	NA	NA
ENSDART00000057945	atpv0e1	300	32.4	29.3	11.7	18.8	41.1	61.1	NA	NA	NA
ENSDART00000103746	mapk3	163	44.1	42.9	9.7	22.1	61.9	76.9	25.67	78.59	1.61426245591
ENSDART00000146937	si:ch1073-412h12.1	82	33.3	30.9	13.8	20.6	42.6	55.5	NA	NA	NA
ENSDART00000135924	dhrs7b	6	43.4	42.7	NA	NA	NA	NA	NA	NA	NA
ENSDART00000135921	tctn2	45	21.1	16.4	3.1	9.0	34.3	45.7	NA	NA	NA
ENSDART00000112204	TRAK2	122	26.8	19.1	4.1	9.4	39.3	61.4	NA	NA	NA
ENSDART00000152777	myo1c	48	40.3	35.7	12.3	18.7	47.8	70.8	NA	NA	NA
ENSDART00000055767	e4f1	115	40.4	38.3	14.8	22.7	53.7	74.4	18.17	33.87	0.89844956726
ENSDART00000025989	acvr2ab	88	46.5	44.4	18.0	29.0	65.0	76.1	NA	NA	NA
ENSDART00000014190	sec31b	74	52.9	47.4	6.2	22.3	87.5	103.2	12.29	77.42	2.65522139192
ENSDART00000127740	CTIF	1	53.4	53.4	NA	NA	NA	NA	23.23	23.91	0.0416249759028
ENSDART00000090548	CABZ01002626.1	1	25.5	25.5	NA	NA	NA	NA	NA	NA	NA
ENSDART00000037664	nnt	169	71.9	67.9	19.9	37.8	101.7	129.8	18.89	139.74	2.88705043854
ENSDART00000030811	cables2b	1	6.8	6.8	NA	NA	NA	NA	NA	NA	NA
ENSDART00000122735	USP43	6	20.5	20.2	NA	NA	NA	NA	NA	NA	NA
ENSDART00000147330	map3k19	1	19.1	19.1	NA	NA	NA	NA	NA	NA	NA
ENSDART00000081643	akirin2	456	51.3	46.2	12.7	27.7	68.8	92.4	60.94	323.07	2.40638538428
ENSDART00000132591	si:ch211-191i18.4	19	63.4	45.4	-1.9	26.4	82.8	134.1	NA	NA	NA
ENSDART00000050177	snx30	80	74.3	67.3	19.4	37.7	101.4	131.3	23.46	100.13	2.09359936705
ENSDART00000067512	psma4	94	43.2	40.2	9.5	22.2	53.9	76.6	40.34	33.49	-0.268480707906
ENSDART00000083464	DENND4B	1	16.0	16.0	NA	NA	NA	NA	4.12	0.28	-3.87914560513
ENSDART00000042297	kdelc1	25	51.3	46.8	21.1	32.1	76.0	82.0	NA	NA	NA
ENSDART00000055711	CABZ01030889.1	1	65.3	65.3	NA	NA	NA	NA	NA	NA	NA
ENSDART00000036649	sfxn2	156	52.8	45.3	11.0	20.9	74.7	103.5	NA	NA	NA
ENSDART00000074082	znf644b	2	49.6	49.6	NA	NA	NA	NA	NA	NA	NA
ENSDART00000074083	si:ch73-131e21.5	143	39.6	34.5	12.3	21.6	52.6	79.4	28.92	95.86	1.72886138767
ENSDART00000074085	zp2.3	137	91.8	95.6	53.2	79.0	109.9	121.3	NA	NA	NA
ENSDART00000104248	lrrc15	2	150.8	150.8	NA	NA	NA	NA	NA	NA	NA
ENSDART00000129337	C25H1orf51	13	28.1	26.3	10.0	11.2	45.7	52.3	NA	NA	NA
ENSDART00000082847	FAM78A	11	57.5	60.0	31.4	41.0	79.5	80.8	NA	NA	NA
ENSDART00000131924	fam222a	26	24.3	21.4	4.7	13.9	33.6	47.1	NA	NA	NA
ENSDART00000078283	tex10	103	46.9	41.4	16.4	31.8	60.0	83.0	25.94	25.41	-0.0297821041983
ENSDART00000036646	dock4b	13	34.5	22.6	3.5	15.7	56.4	82.9	NA	NA	NA
ENSDART00000103293	ndufa5	40	41.2	32.7	9.5	14.1	54.4	75.9	NA	NA	NA
ENSDART00000045414	KCTD15	7	23.5	31.7	NA	NA	NA	NA	NA	NA	NA
ENSDART00000148974	keap1b	36	47.0	40.7	14.2	18.0	71.3	93.9	19.69	6.4	-1.62131930101
ENSDART00000139524	arl16	3	107.8	47.6	NA	NA	NA	NA	NA	NA	NA
ENSDART00000111403	ciz1b	19	18.6	12.6	8.4	10.7	22.0	39.1	NA	NA	NA
ENSDART00000081459	pdp2	77	26.2	22.5	3.3	11.5	33.5	60.9	NA	NA	NA
ENSDART00000122734	cebpd	1	194.1	194.1	NA	NA	NA	NA	NA	NA	NA
ENSDART00000059140	slc25a20	106	36.0	34.1	12.9	17.7	49.5	67.6	23.41	39.37	0.749971778047
ENSDART00000041577	kif7	24	52.4	54.4	22.8	35.1	67.7	79.9	20.02	18.06	-0.148644081355
ENSDART00000041578	stx12	119	43.1	40.8	9.9	20.6	60.7	82.7	NA	NA	NA
ENSDART00000014379	uqcrc2b	203	32.3	27.5	12.1	19.2	43.9	56.9	86.28	72.86	-0.243899181418
ENSDART00000059143	usp22	31	25.1	23.2	-1.2	10.1	40.2	56.2	27.86	4.56	-2.61108952844
ENSDART00000101582	pcgf6	129	30.0	24.2	7.6	13.6	38.2	54.4	NA	NA	NA
ENSDART00000132216	si:dkey-7o6.3	6	44.0	45.7	NA	NA	NA	NA	NA	NA	NA
ENSDART00000101580	nicn1	10	45.9	37.7	11.6	24.8	70.5	85.4	NA	NA	NA
ENSDART00000098906	TENC1	7	40.4	35.2	NA	NA	NA	NA	NA	NA	NA
ENSDART00000004908	sorbs1	2	33.8	33.8	NA	NA	NA	NA	NA	NA	NA
ENSDART00000098904	cpeb1b	203	30.2	21.6	6.0	11.8	39.2	67.2	NA	NA	NA
ENSDART00000080665	IKBIP	26	20.2	16.9	3.7	7.0	26.0	38.2	NA	NA	NA
ENSDART00000102929	casc5	85	22.1	18.8	4.8	10.4	29.7	45.4	10.78	2.61	-2.04623546618
ENSDART00000057613	il13ra2	57	32.1	22.1	8.8	14.7	42.6	64.7	NA	NA	NA
ENSDART00000013976	ppp1r13l	30	37.7	29.2	8.1	13.6	56.0	66.9	NA	NA	NA
ENSDART00000074883	ARHGAP23	3	47.7	46.5	NA	NA	NA	NA	NA	NA	NA
ENSDART00000143079	si:ch211-226h8.11	29	71.3	75.7	13.4	46.8	100.0	111.7	NA	NA	NA
ENSDART00000013972	AIM1L	4	44.1	45.4	NA	NA	NA	NA	NA	NA	NA
ENSDART00000113552	CABZ01023423.1	122	29.8	24.8	8.9	14.9	39.7	53.2	NA	NA	NA
ENSDART00000133178	pou3f3a	17	28.2	26.3	6.4	12.1	40.0	51.1	NA	NA	NA
ENSDART00000113551	trim2b	26	32.6	23.5	7.7	14.8	46.8	73.3	NA	NA	NA
ENSDART00000003957	tia1l	251	85.9	87.9	12.6	44.6	126.3	151.8	45.67	1032.79	4.49915633697
ENSDART00000027329	fth1a	4109	49.4	43.6	18.7	28.7	63.8	86.8	1060.69	68.74	-3.94770941014
ENSDART00000113558	SCCPDH	2	32.3	32.3	NA	NA	NA	NA	NA	NA	NA
ENSDART00000007997	acaa1	3	113.4	112.1	NA	NA	NA	NA	NA	NA	NA
ENSDART00000133174	SPTBN4	3	17.9	8.2	NA	NA	NA	NA	NA	NA	NA
ENSDART00000124370	CROCC	3	68.5	70.5	NA	NA	NA	NA	NA	NA	NA
ENSDART00000011822	slc10a2	1	21.7	21.7	NA	NA	NA	NA	NA	NA	NA
ENSDART00000124378	CR382281.1	8	79.3	71.4	NA	NA	NA	NA	NA	NA	NA
ENSDART00000059619	fkbp14	65	45.7	45.8	14.2	30.7	60.6	79.7	NA	NA	NA
ENSDART00000062237	ankrd13c	144	64.7	59.1	13.7	31.3	90.1	126.7	NA	NA	NA
ENSDART00000127875	bmp1a	13	57.3	50.1	23.6	34.0	81.5	86.0	7.15	20.28	1.50404250534
ENSDART00000077063	sec13	0	NA	NA	NA	NA	NA	NA	24.97	181.87	2.86463985938
ENSDART00000109872	cln6a	17	20.4	16.3	7.6	9.9	27.4	34.5	NA	NA	NA
ENSDART00000058695	hint1	116	62.1	59.9	29.3	48.8	79.2	96.5	41.11	32.58	-0.335502768038
ENSDART00000077087	id3	67	30.2	18.8	5.7	11.8	31.1	64.8	NA	NA	NA
ENSDART00000129535	zgc:153738	9	45.9	40.9	NA	NA	NA	NA	NA	NA	NA
ENSDART00000033545	ndor1	42	26.8	21.7	9.4	13.7	34.5	55.1	NA	NA	NA
ENSDART00000054143	eef1g	441	40.4	37.9	12.5	23.8	52.1	67.0	272.78	41.7	-2.70961858227
ENSDART00000129530	rps27a	908	27.3	19.9	6.2	10.8	35.7	49.4	499.64	38.1	-3.7130260775
ENSDART00000129539	si:dkey-97a13.9	8	47.4	46.8	NA	NA	NA	NA	8.69	1.19	-2.86839460351
ENSDART00000129538	BPHL	116	75.2	79.2	12.5	36.3	110.6	128.7	20.51	77.29	1.91395427442
ENSDART00000077080	si:ch211-251p5.5	80	44.1	34.9	8.7	16.4	63.9	89.1	NA	NA	NA
ENSDART00000020054	opcml	1	56.7	56.7	NA	NA	NA	NA	NA	NA	NA
ENSDART00000113120	taf6l	305	36.2	32.9	8.9	18.4	51.6	68.6	NA	NA	NA
ENSDART00000035239	nek1	66	32.8	28.3	10.8	19.7	40.5	57.0	NA	NA	NA
ENSDART00000113168	C2CD4C	15	41.5	38.8	11.0	23.4	54.5	83.0	NA	NA	NA
ENSDART00000128370	nt5c2a	1	209.3	209.3	NA	NA	NA	NA	NA	NA	NA
ENSDART00000035235	UBB	936	39.6	37.3	11.8	22.9	52.6	68.9	21.79	59.53	1.44995069791
ENSDART00000124215	TRIP10	100	31.6	25.2	8.0	15.1	44.7	63.5	NA	NA	NA
ENSDART00000102881	fam43b	1	35.2	35.2	NA	NA	NA	NA	NA	NA	NA
ENSDART00000079399	LAYN	1	11.3	11.3	NA	NA	NA	NA	NA	NA	NA
ENSDART00000110112	LAMTOR1	131	42.6	36.3	7.5	20.6	61.2	94.2	NA	NA	NA
ENSDART00000086696	arhgap5	20	70.5	83.4	22.3	30.1	95.3	127.6	4.59	10.63	1.21157553812
ENSDART00000055843	cd151	3	103.9	118.7	NA	NA	NA	NA	NA	NA	NA
ENSDART00000131574	JTB	208	45.0	38.3	15.4	23.6	59.7	84.0	NA	NA	NA
ENSDART00000121648	arnt	34	28.6	28.7	-5.5	13.7	43.9	56.8	6.61	31.07	2.23280006461
ENSDART00000143434	UBASH3B	118	45.3	35.1	13.6	21.3	65.3	88.6	NA	NA	NA
ENSDART00000137598	nadkb	129	32.9	29.7	7.8	16.4	46.4	64.5	NA	NA	NA
ENSDART00000143436	rpf1	500	52.5	50.6	21.1	35.7	66.6	83.3	203.34	142.28	-0.515161163143
ENSDART00000009411	bud31	1149	66.9	65.7	28.5	44.4	87.3	107.1	161.11	567.34	1.81616754
ENSDART00000143433	cbln12	4	32.1	24.9	NA	NA	NA	NA	NA	NA	NA
ENSDART00000009149	tmem57a	186	37.4	34.4	9.9	19.3	50.0	71.9	60.97	47.68	-0.354715310194
ENSDART00000017179	f9a	4	36.5	36.0	NA	NA	NA	NA	NA	NA	NA
ENSDART00000123634	NDUFB1	28	39.9	34.9	16.5	29.7	48.6	59.6	NA	NA	NA
ENSDART00000145658	snx7	113	29.7	27.4	8.6	16.2	37.4	54.8	NA	NA	NA
ENSDART00000087343	ptpn22	2	57.8	57.8	NA	NA	NA	NA	NA	NA	NA
ENSDART00000132648	nck1b	70	37.8	34.1	11.1	21.5	46.9	61.1	NA	NA	NA
ENSDART00000145656	med1	13	62.0	55.0	28.2	41.3	64.3	124.2	4.72	2.61	-0.854737052792
ENSDART00000145305	si:dkey-19a16.2	2	48.9	48.9	NA	NA	NA	NA	NA	NA	NA
ENSDART00000087610	arhgef12b	4	59.9	68.7	NA	NA	NA	NA	NA	NA	NA
ENSDART00000105227	CABZ01034848.1	60	85.3	84.6	11.9	55.0	122.0	151.0	38.33	97.2	1.34248231569
ENSDART00000052648	tmem144b	262	45.6	43.2	17.9	29.6	57.3	75.8	41.88	83.15	0.989454821244
ENSDART00000002778	dnajc5gb	7	26.5	24.4	NA	NA	NA	NA	NA	NA	NA
ENSDART00000076627	yipf6	123	37.9	30.2	12.2	20.4	47.6	62.0	NA	NA	NA
ENSDART00000061429	dlg1l	46	45.0	38.7	16.6	25.4	64.3	82.0	NA	NA	NA
ENSDART00000002770	tspan33	5	26.4	30.6	NA	NA	NA	NA	NA	NA	NA
ENSDART00000052645	tsr1	27	57.5	62.5	21.1	40.2	70.4	86.8	19.32	20.78	0.105100560068
ENSDART00000049465	CABZ01008011.1	2	69.2	69.2	NA	NA	NA	NA	NA	NA	NA
ENSDART00000085132	tbl1xr1b	213	39.5	36.8	10.5	19.6	52.8	72.3	53.63	92.26	0.782665039042
ENSDART00000017172	eftud2	121	90.8	96.1	26.6	73.2	114.7	134.0	15.88	122.71	2.94997000567
ENSDART00000075672	sra1	104	37.3	34.8	17.2	22.0	49.4	62.0	NA	NA	NA
ENSDART00000039865	sdhdb	179	40.2	37.5	12.4	21.8	52.5	72.1	NA	NA	NA
ENSDART00000062941	nthl1	28	42.8	36.2	12.9	19.8	50.8	94.9	NA	NA	NA
ENSDART00000007103	NUAK1	1	35.0	35.0	NA	NA	NA	NA	NA	NA	NA
ENSDART00000086963	itga4	1	12.6	12.6	NA	NA	NA	NA	NA	NA	NA
ENSDART00000020703	ints7	52	32.9	31.8	8.1	21.9	45.5	56.9	9.94	14.73	0.567439673474
ENSDART00000049339	sox21a	8	18.1	16.7	NA	NA	NA	NA	NA	NA	NA
ENSDART00000030260	atp5h	156	13.8	11.1	2.3	6.6	17.5	25.0	39.72	2.83	-3.8109916647
ENSDART00000125291	ksr2	4	50.8	43.8	NA	NA	NA	NA	NA	NA	NA
ENSDART00000134335	akap10	52	26.4	19.3	6.0	11.4	32.5	58.1	NA	NA	NA
ENSDART00000128912	AL772300.3	72	31.7	29.2	5.2	12.6	47.6	66.8	42.94	40.31	-0.0911844080077
ENSDART00000085295	cul4b	250	45.8	39.7	10.2	21.3	59.7	94.8	44.45	116.83	1.3941554577
ENSDART00000125299	plk2a	2	87.1	87.1	NA	NA	NA	NA	NA	NA	NA
ENSDART00000017176	dkc1	268	66.9	65.0	17.6	33.6	87.4	111.6	320.76	311.01	-0.0445332748966
ENSDART00000067048	klhdc10	327	36.0	30.0	7.1	15.1	49.3	75.4	NA	NA	NA
ENSDART00000063019	mibp2	976	28.1	26.0	9.5	16.4	37.2	48.7	114.31	1.9	-5.91080838929
ENSDART00000109295	lrrn3	2	23.9	23.9	NA	NA	NA	NA	NA	NA	NA
ENSDART00000067040	si:dkey-180p18.9	84	25.6	19.2	10.3	15.8	29.6	48.0	NA	NA	NA
ENSDART00000100290	NAPB	2	47.3	47.3	NA	NA	NA	NA	NA	NA	NA
ENSDART00000139128	zgc:171679	9	33.8	35.8	NA	NA	NA	NA	NA	NA	NA
ENSDART00000135321	tial1	25	59.2	49.1	17.9	29.8	78.6	100.5	NA	NA	NA
ENSDART00000113679	dap3	83	46.2	43.7	17.9	29.1	61.6	77.0	47.27	37.48	-0.334803911699
ENSDART00000067046	cax1	222	25.4	17.9	5.2	9.9	31.9	54.4	34.4	12.35	-1.47789752312
ENSDART00000063010	mapre1a	519	33.7	26.8	8.6	15.0	43.9	67.9	198.32	213.93	0.109308633298
ENSDART00000099456	psenen	163	53.6	49.8	23.4	33.8	68.2	101.1	40.73	58.97	0.533889379819
ENSDART00000052396	acn9	32	43.0	42.1	12.8	20.1	66.0	68.9	NA	NA	NA
ENSDART00000052397	PIAS1	2	25.5	25.5	NA	NA	NA	NA	NA	NA	NA
ENSDART00000019905	FNDC4	8	37.9	22.6	NA	NA	NA	NA	NA	NA	NA
ENSDART00000019907	unc119.1	264	51.9	44.8	12.3	23.3	76.7	101.8	NA	NA	NA
ENSDART00000012758	zgc:77112	112	27.9	23.7	5.8	15.0	41.3	57.1	NA	NA	NA
ENSDART00000012759	yipf3	81	46.4	31.5	11.4	18.1	65.6	94.5	11.3	37.22	1.71975528276
ENSDART00000017052	ncoa4	560	27.2	22.2	6.7	12.3	37.0	54.5	52.56	61.39	0.22403839418
ENSDART00000137672	setd2	180	59.8	57.7	23.8	36.6	77.8	101.0	16.69	89.85	2.42853454903
ENSDART00000060628	chmp7	340	23.7	19.8	6.0	11.1	29.9	45.3	NA	NA	NA
ENSDART00000043220	nkiras1	18	43.8	37.5	18.0	25.2	66.5	75.4	NA	NA	NA
ENSDART00000043555	myl12.2	301	29.7	22.3	1.6	11.5	43.4	60.9	112.66	72.26	-0.640706216807
ENSDART00000044162	aclya	139	33.1	30.3	8.8	18.7	45.3	64.2	18.88	6.11	-1.62761447954
ENSDART00000113248	B3GALT1	3	56.7	62.9	NA	NA	NA	NA	NA	NA	NA
ENSDART00000080696	cep72	9	33.7	26.8	NA	NA	NA	NA	NA	NA	NA
ENSDART00000144306	scp2b	39	21.2	11.4	-0.3	3.4	20.6	39.0	NA	NA	NA
ENSDART00000080347	dync2i1	24	44.9	44.3	21.2	36.0	60.2	67.6	NA	NA	NA
ENSDART00000080693	lhx5	10	76.0	66.5	38.8	46.0	95.5	139.7	NA	NA	NA
ENSDART00000029067	hbp1	9	29.1	28.0	NA	NA	NA	NA	NA	NA	NA
ENSDART00000109126	ALMS1	74	35.1	27.1	12.9	18.0	43.9	69.5	6.96	3.74	-0.896049035961
ENSDART00000099741	si:dkey-98f17.5	1	36.4	36.4	NA	NA	NA	NA	NA	NA	NA
ENSDART00000148894	si:ch73-303g23.4	1	30.2	30.2	NA	NA	NA	NA	NA	NA	NA
ENSDART00000099744	si:dkey-61p9.7	6	60.5	52.9	NA	NA	NA	NA	NA	NA	NA
ENSDART00000045682	rrp36	147	38.6	35.6	12.6	21.7	49.7	66.6	97.94	32.39	-1.59634972791
ENSDART00000127048	rdh14a	59	31.5	31.2	7.0	18.3	44.9	56.8	NA	NA	NA
ENSDART00000115408	thoc2	201	111.7	117.1	57.6	90.0	136.0	155.6	112.71	179.87	0.674339061883
ENSDART00000129471	gucy1b3	2	11.9	11.9	NA	NA	NA	NA	NA	NA	NA
ENSDART00000085824	pex11a	97	35.5	32.8	7.1	18.5	48.3	64.7	NA	NA	NA
ENSDART00000104744	dytn	2	40.8	40.8	NA	NA	NA	NA	NA	NA	NA
ENSDART00000145874	wu:fj05h12	13	90.4	85.1	50.3	57.9	119.9	145.0	NA	NA	NA
ENSDART00000111797	ACER2	9	124.1	159.7	NA	NA	NA	NA	NA	NA	NA
ENSDART00000114563	tmem129	2	51.5	51.5	NA	NA	NA	NA	NA	NA	NA
ENSDART00000023838	zgc:91985	36	22.6	19.2	7.7	10.9	35.2	36.8	NA	NA	NA
ENSDART00000114313	bub1ba	72	27.9	27.6	7.8	16.4	37.5	54.8	31.27	10.18	-1.61904165785
ENSDART00000114316	sptlc2b	60	30.8	28.0	11.7	18.1	37.4	51.8	NA	NA	NA
ENSDART00000023831	cry5	55	48.0	45.1	12.9	24.6	66.2	92.6	6.67	54.88	3.04052181499
ENSDART00000026666	atg4a	5	51.8	49.7	NA	NA	NA	NA	12.79	14.86	0.216417851657
ENSDART00000023833	eif2s3	169	47.4	45.9	13.2	25.4	64.1	78.8	84.04	119.94	0.513164810793
ENSDART00000148308	cdc42ep4a	21	46.1	29.9	8.7	23.3	54.6	127.6	NA	NA	NA
ENSDART00000152964	calcoco2	1	53.6	53.6	NA	NA	NA	NA	NA	NA	NA
ENSDART00000026846	pin4	82	35.2	31.1	7.8	19.7	49.1	66.2	35.66	14.63	-1.28537693349
ENSDART00000124963	pkig	81	25.9	24.5	7.0	13.9	32.1	44.8	NA	NA	NA
ENSDART00000060898	MRPS28	119	40.9	34.4	12.4	23.4	50.4	80.0	45.19	37.79	-0.257999038411
ENSDART00000128743	tmem214	149	48.8	42.2	16.1	27.0	68.4	89.8	36.53	80.27	1.1357791439
ENSDART00000034124	rab5aa	119	36.5	28.7	6.8	14.1	50.6	73.2	NA	NA	NA
ENSDART00000031441	sema3fb	1	11.7	11.7	NA	NA	NA	NA	NA	NA	NA
ENSDART00000080522	plp1a	20	40.7	40.3	13.9	23.5	52.2	63.6	NA	NA	NA
ENSDART00000141486	ppp4r4	12	41.7	40.1	21.2	35.2	50.5	65.0	NA	NA	NA
ENSDART00000078114	timm8b	232	30.6	29.8	12.2	19.2	39.4	49.8	NA	NA	NA
ENSDART00000078115	sdhda	1	65.6	65.6	NA	NA	NA	NA	NA	NA	NA
ENSDART00000039146	TMEM218	2	31.5	31.5	NA	NA	NA	NA	NA	NA	NA
ENSDART00000006673	mvk	37	31.6	24.6	4.8	12.4	42.8	57.7	NA	NA	NA
ENSDART00000006671	ilf3b	476	113.7	117.0	62.9	88.3	139.8	159.7	36.32	340.49	3.22877631998
ENSDART00000011229	sub1b	665	76.9	73.3	34.0	50.6	99.2	126.1	191.95	430.36	1.16481343201
ENSDART00000133957	si:dkey-93n13.1	10	58.1	32.0	17.0	19.8	61.3	125.3	NA	NA	NA
ENSDART00000132045	pgap1	31	33.5	33.4	6.2	14.4	49.4	66.3	NA	NA	NA
ENSDART00000016901	pard6b	6	56.5	42.9	NA	NA	NA	NA	NA	NA	NA
ENSDART00000099338	actr10	200	36.3	35.4	15.8	24.1	47.8	58.2	9.74	45.26	2.21624290718
ENSDART00000028008	itm2ba	79	83.6	86.5	21.2	41.4	121.2	145.5	32.41	118.04	1.86476490011
ENSDART00000133959	clock3	34	24.0	18.9	5.6	10.4	37.2	49.6	NA	NA	NA
ENSDART00000108987	BX247898.1	1	20.3	20.3	NA	NA	NA	NA	NA	NA	NA
ENSDART00000143367	si:dkeyp-98a7.9	56	35.2	31.1	14.4	21.2	38.8	61.0	NA	NA	NA
ENSDART00000108983	hmgb1b	129	113.8	124.0	54.1	88.3	138.9	160.2	46.15	226.24	2.29345147228
ENSDART00000148160	crip1	30	57.1	52.8	15.8	39.4	80.5	96.5	NA	NA	NA
ENSDART00000037474	zgpat	12	47.2	50.9	15.5	26.3	55.1	74.1	14.96	5.47	-1.4514974371
ENSDART00000085252	pqlc3	14	44.0	32.7	15.1	19.5	57.1	86.2	NA	NA	NA
ENSDART00000014188	ube2na	425	73.8	77.1	16.4	39.1	103.6	125.9	111.14	385.28	1.79352915181
ENSDART00000023584	TLN2	31	70.0	60.6	33.0	46.3	89.1	113.2	4.67	7.52	0.687310111968
ENSDART00000081343	plk1	928	39.9	31.2	8.4	16.8	51.2	83.1	191.26	113.62	-0.751318372776
ENSDART00000113493	tmem14c	59	37.2	31.0	6.4	15.1	53.3	68.9	NA	NA	NA
ENSDART00000081341	mapk13	2	57.4	57.4	NA	NA	NA	NA	NA	NA	NA
ENSDART00000122513	rfc2	107	40.2	37.1	12.2	20.8	52.9	74.2	55.81	88.38	0.663196284707
ENSDART00000082475	nr1d4b	2	42.5	42.5	NA	NA	NA	NA	NA	NA	NA
ENSDART00000127594	atrx	87	93.6	102.6	26.5	64.1	124.5	139.0	37.4	28.98	-0.367980675218
ENSDART00000127597	zic1	11	60.0	35.0	11.3	23.2	65.6	94.6	NA	NA	NA
ENSDART00000039498	taf8	42	28.9	24.2	6.9	14.3	39.0	59.0	NA	NA	NA
ENSDART00000138099	tmem167a	58	35.2	24.2	5.7	14.5	46.4	59.1	NA	NA	NA
ENSDART00000039495	pdcd5	240	48.0	47.5	16.2	29.5	64.1	79.5	80.76	156.32	0.952789556637
ENSDART00000105088	pdgfaa	1	23.0	23.0	NA	NA	NA	NA	NA	NA	NA
ENSDART00000039490	rbm34	39	48.0	45.2	19.9	34.4	55.8	75.2	21.9	10.65	-1.04007743938
ENSDART00000060098	GEMIN7	59	28.9	24.1	3.9	12.6	39.0	65.9	NA	NA	NA
ENSDART00000018500	hif1ab	195	78.1	80.1	22.8	50.4	101.4	129.3	11.37	146.48	3.68739953691
ENSDART00000123601	dda1	93	47.9	45.2	6.7	20.1	75.5	94.1	NA	NA	NA
ENSDART00000112257	SENP6	70	25.7	22.4	10.2	14.2	35.1	40.9	NA	NA	NA
ENSDART00000126234	zp3.2	202	26.8	23.2	10.1	15.4	33.7	49.1	74.46	7.91	-3.23471601638
ENSDART00000126233	TBC1D24	139	43.0	38.7	9.3	22.0	58.4	78.6	NA	NA	NA
ENSDART00000082472	hoxc3a	1	36.3	36.3	NA	NA	NA	NA	NA	NA	NA
ENSDART00000126231	zgc:162320	2	81.5	81.5	NA	NA	NA	NA	NA	NA	NA
ENSDART00000123606	ndufaf3	70	32.3	26.8	10.5	15.9	39.3	74.8	33.86	9.08	-1.8988177706
ENSDART00000123609	clec16a	3	66.1	60.1	NA	NA	NA	NA	NA	NA	NA
ENSDART00000078563	neurog1	3	18.6	21.9	NA	NA	NA	NA	NA	NA	NA
ENSDART00000126239	si:ch211-161h7.4	39	67.4	65.7	21.3	32.8	94.5	119.5	27.38	57.87	1.07969319751
ENSDART00000035965	fut9	78	33.5	30.4	10.8	17.1	47.4	57.7	14.8	2.9	-2.3514723705
ENSDART00000082690	tpcn2	70	48.2	46.7	13.0	26.7	59.9	80.3	NA	NA	NA
ENSDART00000082693	tefm	23	32.1	23.9	12.9	19.9	45.8	52.5	NA	NA	NA
ENSDART00000082698	CU570976.1	2	13.5	13.5	NA	NA	NA	NA	NA	NA	NA
ENSDART00000090059	mtus2	10	51.4	51.3	21.7	38.3	71.1	79.9	NA	NA	NA
ENSDART00000145028	IKZF4	11	34.1	33.2	9.0	17.9	46.6	68.8	NA	NA	NA
ENSDART00000019270	nae1	36	46.8	45.1	13.0	27.5	66.3	77.2	NA	NA	NA
ENSDART00000145958	si:dkey-256i11.2	2	35.4	35.4	NA	NA	NA	NA	NA	NA	NA
ENSDART00000105432	mef2bnb	37	38.7	35.1	18.0	26.9	47.9	67.7	NA	NA	NA
ENSDART00000061141	cep85l	54	33.8	32.5	9.6	15.5	46.4	69.4	NA	NA	NA
ENSDART00000145514	anxa1b	1	72.8	72.8	NA	NA	NA	NA	NA	NA	NA
ENSDART00000100156	agpat4	22	47.2	44.6	17.3	25.4	70.4	84.2	NA	NA	NA
ENSDART00000084334	ptgis	2	8.0	8.0	NA	NA	NA	NA	NA	NA	NA
ENSDART00000061144	arpc5la	39	41.8	35.5	7.6	16.6	55.5	86.4	25.43	9.94	-1.35521370513
ENSDART00000147439	atp6v0b	120	22.7	17.9	5.3	10.5	27.1	40.7	NA	NA	NA
ENSDART00000061149	zgc:55461	934	24.2	20.0	6.0	11.4	33.7	49.3	127.74	101.18	-0.336286211366
ENSDART00000084448	psmd11a	314	47.4	44.4	13.4	26.7	65.3	84.6	90.69	254.62	1.48933036031
ENSDART00000103531	dachb	10	58.4	57.9	25.4	45.0	82.4	87.7	NA	NA	NA
ENSDART00000034788	zgc:113348	24	44.3	32.6	13.4	24.7	45.0	94.2	NA	NA	NA
ENSDART00000127043	yth2	201	72.5	71.5	23.0	41.8	97.6	127.8	46.25	179.48	1.95629781839
ENSDART00000014536	rnls	29	46.6	43.8	14.5	22.1	63.1	80.0	NA	NA	NA
ENSDART00000097755	jund	14	67.3	63.3	21.4	35.1	82.7	97.4	NA	NA	NA
ENSDART00000060633	kansl3	95	58.8	60.7	24.4	39.6	78.2	94.6	11.29	35.22	1.64134942306
ENSDART00000113949	CABZ01075938.1	126	89.2	88.9	37.1	59.9	122.1	138.7	50.41	141.0	1.48391330316
ENSDART00000060635	dctn3	127	42.9	38.6	14.8	24.0	55.4	78.8	NA	NA	NA
ENSDART00000129778	CABZ01032454.1	18	31.1	26.7	12.6	22.6	41.1	53.4	NA	NA	NA
ENSDART00000061853	ap4s1	8	24.7	26.6	NA	NA	NA	NA	NA	NA	NA
ENSDART00000036783	cryzl1	15	41.9	42.4	17.2	20.0	57.9	72.5	NA	NA	NA
ENSDART00000125712	dnajb9a	2	25.4	25.4	NA	NA	NA	NA	NA	NA	NA
ENSDART00000113497	setd5	114	26.3	22.4	2.6	11.0	36.1	52.2	13.16	19.33	0.554682148476
ENSDART00000082471	mfap2	3	66.8	72.2	NA	NA	NA	NA	NA	NA	NA
ENSDART00000103179	CABZ01073736.1	1	68.6	68.6	NA	NA	NA	NA	NA	NA	NA
ENSDART00000111894	si:ch73-138n13.1	66	22.4	19.8	5.2	11.1	29.2	43.5	14.24	2.44	-2.5449960934
ENSDART00000113498	lrrcc1	54	19.9	19.0	2.5	11.3	27.9	36.0	29.59	8.06	-1.87625795267
ENSDART00000111891	ESCO1	91	26.7	20.1	3.2	11.5	40.7	58.4	18.79	32.65	0.797117925014
ENSDART00000085319	sos2	99	37.2	34.6	7.7	18.3	50.1	76.2	11.79	9.27	-0.346922474354
ENSDART00000065372	KCNJ3	2	21.0	21.0	NA	NA	NA	NA	NA	NA	NA
ENSDART00000065373	eef1b2	840	27.9	26.2	10.6	17.2	35.6	48.3	475.85	6.87	-6.11405296183
ENSDART00000065377	def6b	1	5.4	5.4	NA	NA	NA	NA	NA	NA	NA
ENSDART00000061328	rbm39b	92	71.6	70.9	23.8	47.4	99.0	122.1	10.36	196.81	4.24770761835
ENSDART00000093074	wbscr22	89	39.6	38.3	13.0	24.7	49.9	62.5	28.97	20.44	-0.503164488333
ENSDART00000148245	fam101b	323	31.6	29.0	8.6	14.9	44.8	59.5	NA	NA	NA
ENSDART00000130884	mcu	147	35.9	31.2	11.9	19.6	46.2	66.2	NA	NA	NA
ENSDART00000145738	adob	83	21.7	16.1	3.7	8.7	26.9	42.2	NA	NA	NA
ENSDART00000099040	nr1d2a	1	57.6	57.6	NA	NA	NA	NA	NA	NA	NA
ENSDART00000051542	ccdc47	121	92.3	95.3	44.9	68.9	112.3	130.7	28.81	69.65	1.27355369233
ENSDART00000010311	ndufa10	31	46.0	32.1	14.0	21.2	52.0	102.1	19.44	23.91	0.298585911106
ENSDART00000015765	cdc20	1284	42.4	34.6	9.7	18.4	58.4	85.0	201.49	808.77	2.00502124461
ENSDART00000097459	lhcgr	1	38.6	38.6	NA	NA	NA	NA	NA	NA	NA
ENSDART00000100075	TMEM184B	239	60.5	55.5	21.8	37.8	84.2	103.0	22.66	73.11	1.68992089062
ENSDART00000066677	si:ch211-140b10.6	313	35.4	27.6	8.5	17.4	44.4	61.3	NA	NA	NA
ENSDART00000033152	rab35	630	37.8	33.4	11.2	18.8	54.2	69.9	193.25	78.13	-1.30651989485
ENSDART00000026907	her11	326	37.9	21.1	4.3	10.1	52.5	97.2	NA	NA	NA
ENSDART00000104252	eaf1	33	72.6	69.1	19.8	47.8	107.8	119.2	54.11	110.34	1.02798873915
ENSDART00000081718	slc9a2	12	44.8	37.7	18.4	31.7	63.0	76.9	6.8	5.14	-0.403766386944
ENSDART00000041960	ywhaz	222	88.1	95.9	24.8	54.9	122.2	137.0	81.01	509.56	2.65308011917
ENSDART00000055157	UNCX	7	22.1	14.9	NA	NA	NA	NA	NA	NA	NA
ENSDART00000139241	RNF38	229	37.7	33.9	10.0	17.5	50.8	69.2	22.49	36.24	0.688299294268
ENSDART00000089078	acacb	19	61.1	55.4	15.8	33.4	75.3	108.4	3.98	6.39	0.683047500403
ENSDART00000018840	msh6	159	56.5	54.6	26.4	40.2	70.2	89.2	24.16	56.91	1.23606172481
ENSDART00000125767	metap2a	1	162.7	162.7	NA	NA	NA	NA	NA	NA	NA
ENSDART00000080631	leprel2	1	36.0	36.0	NA	NA	NA	NA	NA	NA	NA
ENSDART00000139944	si:dkeyp-12a9.5	3	51.9	39.9	NA	NA	NA	NA	NA	NA	NA
ENSDART00000093291	MON2	40	78.3	79.4	33.3	53.0	97.9	113.1	8.79	26.78	1.60722089018
ENSDART00000150034	pias4b	99	34.0	28.0	8.5	20.4	44.7	64.4	NA	NA	NA
ENSDART00000074430	metrnl	57	56.4	46.5	15.7	27.0	82.0	108.6	67.55	83.95	0.313574555611
ENSDART00000131616	atp5f1	232	23.4	19.0	5.9	10.7	30.1	45.2	117.4	13.04	-3.17041663377
ENSDART00000131061	BX323793.2	2	44.5	44.5	NA	NA	NA	NA	NA	NA	NA
ENSDART00000109460	nol7	530	47.7	46.0	17.4	30.4	60.3	76.6	122.62	224.52	0.872649654653
ENSDART00000083255	AL935143.2	1	52.3	52.3	NA	NA	NA	NA	NA	NA	NA
ENSDART00000034875	sdf2	190	51.7	46.7	16.6	30.4	70.3	93.2	NA	NA	NA
ENSDART00000130328	CR925817.3	2	38.4	38.4	NA	NA	NA	NA	NA	NA	NA
ENSDART00000008959	nelfcd	29	66.4	67.3	32.0	40.9	86.9	96.2	22.38	94.25	2.07428258207
ENSDART00000048859	ascc2	81	31.9	30.2	6.6	15.7	40.2	64.9	NA	NA	NA
ENSDART00000073734	fam96b	56	46.4	46.6	10.6	24.7	60.5	81.9	NA	NA	NA
ENSDART00000048855	MTUS1	115	30.1	22.0	9.8	15.5	38.9	53.6	4.46	2.05	-1.12141980041
ENSDART00000130453	ahcyl2	194	66.1	63.4	18.6	38.6	91.1	116.0	19.2	197.66	3.36384272966
ENSDART00000048850	sh3bp5a	1	61.5	61.5	NA	NA	NA	NA	NA	NA	NA
ENSDART00000048853	ube2d1a	104	34.4	32.8	5.8	17.0	48.3	68.6	35.43	114.94	1.69783758372
ENSDART00000092214	bmp7b	1	42.8	42.8	NA	NA	NA	NA	NA	NA	NA
ENSDART00000092217	ttc13	84	56.0	53.3	16.2	35.9	77.6	96.6	20.09	68.9	1.77802641886
ENSDART00000063662	mdh2	717	26.1	23.8	6.8	13.1	35.9	48.4	186.8	10.87	-4.10307060957
ENSDART00000151878	rab3gap2	61	59.7	56.9	28.0	37.8	75.5	102.2	13.12	42.72	1.70314392707
ENSDART00000132789	secisbp2	55	43.1	40.0	12.7	28.5	52.9	78.0	NA	NA	NA
ENSDART00000149957	bcas3	37	77.6	71.9	28.4	41.1	110.0	119.9	NA	NA	NA
ENSDART00000141975	zgc:66483	689	41.5	38.5	15.6	24.8	56.3	70.5	NA	NA	NA
ENSDART00000132785	knop1	13	64.4	40.4	25.3	34.2	78.2	147.3	44.24	10.95	-2.01442051575
ENSDART00000077493	TST	31	62.4	65.6	34.4	44.1	78.0	91.2	NA	NA	NA
ENSDART00000039966	nt5c1bb	1	52.7	52.7	NA	NA	NA	NA	NA	NA	NA
ENSDART00000110393	si:dkeyp-104h9.5	64	46.0	40.7	17.7	30.0	61.7	75.3	NA	NA	NA
ENSDART00000077495	polr2a	524	65.2	63.1	17.8	35.7	88.1	113.4	10.27	127.64	3.63557242696
ENSDART00000112119	bhlha15	1	-11.5	-11.5	NA	NA	NA	NA	NA	NA	NA
ENSDART00000109601	BX085195.1	34	95.6	93.2	34.1	71.5	127.5	153.5	20.44	30.36	0.570776594478
ENSDART00000125358	rnf175	47	24.0	23.1	8.6	11.8	31.9	44.0	NA	NA	NA
ENSDART00000128943	NRBP2	1	74.8	74.8	NA	NA	NA	NA	NA	NA	NA
ENSDART00000114330	pdzrn3b	22	28.7	22.5	4.2	8.8	41.8	60.3	NA	NA	NA
ENSDART00000042162	tm7sf2	9	38.3	28.5	NA	NA	NA	NA	NA	NA	NA
ENSDART00000151729	elmo1	0	NA	NA	NA	NA	NA	NA	9.04	71.27	2.97890024661
ENSDART00000028217	srsf3a	91	125.0	135.6	38.4	87.0	163.3	188.1	91.89	348.29	1.92230927851
ENSDART00000103601	agbl5	40	51.0	41.8	19.3	23.7	59.2	94.6	9.55	8.03	-0.250100745406
ENSDART00000058484	cnn3b	438	50.3	43.0	11.3	24.9	67.9	102.6	72.67	426.61	2.5534859723
ENSDART00000058485	rai14	100	22.7	15.0	2.0	6.5	35.1	49.8	NA	NA	NA
ENSDART00000133789	ano10b	4	20.0	17.8	NA	NA	NA	NA	NA	NA	NA
ENSDART00000002568	ENGASE	6	61.6	60.8	NA	NA	NA	NA	NA	NA	NA
ENSDART00000086813	AGAP2	1	45.6	45.6	NA	NA	NA	NA	NA	NA	NA
ENSDART00000142112	VMA21	223	68.3	62.9	22.7	39.7	95.4	122.0	NA	NA	NA
ENSDART00000089923	znf652	83	34.5	29.9	9.7	20.9	45.8	60.6	NA	NA	NA
ENSDART00000062874	atp1b3b	387	50.5	49.1	17.0	31.1	67.7	88.4	79.27	150.08	0.920884851459
ENSDART00000143644	zgc:91811	69	19.7	16.4	4.6	9.4	30.4	39.8	NA	NA	NA
ENSDART00000023796	dcxr	59	72.7	71.3	33.7	54.9	92.0	106.0	NA	NA	NA
ENSDART00000073936	ACVR1B	99	58.0	60.5	-8.2	26.3	88.8	109.8	13.05	70.38	2.43111570729
ENSDART00000073930	notch3	2	136.2	136.2	NA	NA	NA	NA	NA	NA	NA
ENSDART00000136449	oacyl	2	57.2	57.2	NA	NA	NA	NA	NA	NA	NA
ENSDART00000053702	ripply3	15	39.7	36.3	21.9	25.7	44.6	64.7	NA	NA	NA
ENSDART00000009698	esrp2	159	78.2	77.0	34.4	46.9	102.5	127.6	7.93	110.06	3.79482555763
ENSDART00000101051	zgc:158856	621	27.9	22.4	7.2	13.6	37.5	53.6	NA	NA	NA
ENSDART00000131323	si:dkey-193c22.1	1	15.5	15.5	NA	NA	NA	NA	NA	NA	NA
ENSDART00000101053	tp53i11a	42	48.4	44.7	15.0	24.1	69.2	83.3	NA	NA	NA
ENSDART00000131324	pygo2	234	39.3	34.3	8.5	18.3	55.1	81.5	22.17	79.88	1.84922556258
ENSDART00000003164	ppp1r8	18	40.2	31.0	11.9	19.3	48.4	80.6	NA	NA	NA
ENSDART00000003167	ak2	130	31.2	27.4	9.1	16.7	40.9	55.4	66.14	18.23	-1.85920848415
ENSDART00000008606	mettl8	6	40.7	39.7	NA	NA	NA	NA	NA	NA	NA
ENSDART00000038487	puf60b	284	48.8	43.8	14.7	28.0	65.3	84.7	87.83	188.21	1.09955757471
ENSDART00000067188	dclre1c	2	48.3	48.3	NA	NA	NA	NA	NA	NA	NA
ENSDART00000006443	gtf2a1	686	90.7	92.3	34.9	62.8	117.6	143.7	96.53	735.6	2.92987219573
ENSDART00000079591	dpm1	158	56.3	53.3	20.0	33.2	74.1	94.7	NA	NA	NA
ENSDART00000009609	eif5a	617	46.6	44.0	12.2	25.4	62.5	84.0	98.08	208.58	1.08856994541
ENSDART00000091560	tldc1	55	49.0	45.2	11.2	36.2	64.2	89.4	NA	NA	NA
ENSDART00000076861	fli1a	1	6.0	6.0	NA	NA	NA	NA	NA	NA	NA
ENSDART00000138318	AGO1	50	41.9	28.3	13.0	22.1	49.5	87.7	NA	NA	NA
ENSDART00000079593	slc26a1	2	143.9	143.9	NA	NA	NA	NA	NA	NA	NA
ENSDART00000048144	rbb4	173	41.6	23.0	4.5	13.4	55.2	110.7	24.09	30.43	0.337059940276
ENSDART00000044876	plekha1	138	26.4	21.7	6.2	13.0	37.0	49.4	NA	NA	NA
ENSDART00000133432	atp2a3	29	51.3	43.0	13.0	17.6	84.5	109.6	NA	NA	NA
ENSDART00000114670	mrps2	197	32.0	30.4	11.9	19.6	42.5	51.7	NA	NA	NA
ENSDART00000114676	zgc:173994	24	35.4	29.5	9.6	14.2	45.1	79.0	NA	NA	NA
ENSDART00000138316	zgc:66484	33	27.0	24.3	8.1	14.1	37.8	48.9	NA	NA	NA
ENSDART00000114675	KLHL7	6	37.7	43.7	NA	NA	NA	NA	NA	NA	NA
ENSDART00000150587	asb13a.1	5	24.5	17.9	NA	NA	NA	NA	NA	NA	NA
ENSDART00000062551	cyp51	2	51.6	51.6	NA	NA	NA	NA	NA	NA	NA
ENSDART00000062552	wtap	318	51.2	45.5	15.2	26.5	65.2	90.6	39.77	103.62	1.38155002144
ENSDART00000127604	nfil3-6	20	42.2	25.9	7.9	14.9	65.4	85.0	NA	NA	NA
ENSDART00000017269	parp1	14	117.9	122.2	83.3	108.2	131.2	145.0	10.63	70.84	2.73642261522
ENSDART00000017268	eml2	179	26.7	20.0	6.0	11.1	32.5	52.0	NA	NA	NA
ENSDART00000127601	wu:fj30f06	7	54.9	54.6	NA	NA	NA	NA	NA	NA	NA
ENSDART00000127600	hdac10	55	68.1	68.6	33.2	49.3	84.8	105.5	11.41	34.17	1.58243145614
ENSDART00000087219	BX294434.1	18	34.3	32.6	14.4	23.5	39.5	60.9	NA	NA	NA
ENSDART00000022688	tob1b	266	41.3	32.8	6.9	16.4	60.9	88.4	88.84	123.36	0.473593372368
ENSDART00000131145	OXSM	13	42.0	40.6	22.6	26.3	46.2	62.7	NA	NA	NA
ENSDART00000022684	cnih	340	90.1	93.7	23.2	55.6	125.7	150.8	NA	NA	NA
ENSDART00000060955	nudt18	4	28.9	27.3	NA	NA	NA	NA	NA	NA	NA
ENSDART00000060954	trmt10c	28	31.3	25.4	11.1	17.4	40.1	55.0	29.35	2.39	-3.61827798002
ENSDART00000022682	pdcd2	56	41.2	35.7	14.7	24.1	55.1	66.4	NA	NA	NA
ENSDART00000125971	gpc1b	31	52.7	47.1	27.6	36.2	66.3	82.0	NA	NA	NA
ENSDART00000125970	wu:fb52c12	3	70.0	34.4	NA	NA	NA	NA	NA	NA	NA
ENSDART00000128492	CABZ01087111.1	2	47.5	47.5	NA	NA	NA	NA	NA	NA	NA
ENSDART00000022356	ppp1r7	602	59.8	55.6	20.8	36.0	80.0	103.9	32.91	423.13	3.68450304511
ENSDART00000123076	ZNF784	133	30.0	26.4	5.7	14.4	39.1	55.5	19.35	9.47	-1.03089723556
ENSDART00000148463	snx6	134	25.4	23.3	7.9	15.3	34.5	44.9	NA	NA	NA
ENSDART00000003385	ano1	111	28.7	24.8	10.9	16.1	36.9	48.4	NA	NA	NA
ENSDART00000106490	BX890616.1	1	31.8	31.8	NA	NA	NA	NA	NA	NA	NA
ENSDART00000028072	kat2a	60	76.6	81.5	28.8	54.5	100.5	122.3	26.06	68.48	1.39384561783
ENSDART00000087151	amt	55	23.8	22.0	10.0	14.8	33.4	38.4	NA	NA	NA
ENSDART00000113376	fam13b	1	26.8	26.8	NA	NA	NA	NA	NA	NA	NA
ENSDART00000114415	ascc1	45	43.6	38.1	9.0	26.7	59.7	83.3	38.37	21.13	-0.860685997668
ENSDART00000020261	chrna1	6	29.6	33.0	NA	NA	NA	NA	NA	NA	NA
ENSDART00000113370	b3galtla	10	18.5	18.1	5.5	12.3	27.1	29.5	NA	NA	NA
ENSDART00000100327	nptx1l	4	39.4	41.8	NA	NA	NA	NA	NA	NA	NA
ENSDART00000079187	fhl1b	5	28.7	32.0	NA	NA	NA	NA	NA	NA	NA
ENSDART00000044125	C20H12orf57	134	41.9	32.3	10.8	17.2	55.0	95.3	NA	NA	NA
ENSDART00000150055	slc35b3	65	49.4	47.1	19.3	35.3	65.0	79.6	NA	NA	NA
ENSDART00000038566	fam101a	5	30.2	28.7	NA	NA	NA	NA	NA	NA	NA
ENSDART00000142762	C5H5orf34	123	23.7	21.1	5.8	12.7	32.3	41.1	NA	NA	NA
ENSDART00000083473	trpm5	1	48.1	48.1	NA	NA	NA	NA	NA	NA	NA
ENSDART00000150130	cacna1ab	1	62.4	62.4	NA	NA	NA	NA	NA	NA	NA
ENSDART00000144430	fdx1	531	51.7	50.8	19.0	34.2	68.1	82.4	128.29	368.01	1.52033625038
ENSDART00000149171	srp9	6	28.0	16.5	NA	NA	NA	NA	NA	NA	NA
ENSDART00000151470	MAP3K2	16	32.0	35.9	17.2	21.7	39.1	40.6	NA	NA	NA
ENSDART00000031837	zfyve9a	84	63.0	62.7	27.4	45.6	80.5	96.9	14.82	27.55	0.894506871153
ENSDART00000144519	sh2d1aa	4	46.8	17.4	NA	NA	NA	NA	NA	NA	NA
ENSDART00000122677	si:rp71-61h23.4	193	59.0	51.3	9.1	27.0	85.6	115.5	16.97	125.84	2.89053210587
ENSDART00000064187	parvaa	12	55.8	49.6	11.2	36.2	76.6	107.8	NA	NA	NA
ENSDART00000144510	zmat5	143	31.2	26.9	8.8	15.8	40.9	53.3	NA	NA	NA
ENSDART00000144516	lonrf1l	181	23.1	20.2	3.5	12.5	32.4	46.9	NA	NA	NA
ENSDART00000059438	rtfdc1	73	76.1	81.4	21.1	46.7	102.5	122.5	26.02	205.5	2.98144552674
ENSDART00000067235	ciapin1	72	48.9	44.6	14.5	31.5	65.4	82.4	20.5	35.43	0.789347555726
ENSDART00000084612	aars2	49	19.3	17.7	5.3	11.4	23.4	32.4	NA	NA	NA
ENSDART00000063753	GPR132	1	57.1	57.1	NA	NA	NA	NA	NA	NA	NA
ENSDART00000016608	mrp63	35	31.0	24.7	6.7	15.6	35.1	51.8	NA	NA	NA
ENSDART00000080834	eml3	24	18.4	15.8	4.5	9.1	23.4	37.5	NA	NA	NA
ENSDART00000067239	guca1g	1	149.3	149.3	NA	NA	NA	NA	NA	NA	NA
ENSDART00000067135	msrb3	6	40.4	42.5	NA	NA	NA	NA	NA	NA	NA
ENSDART00000105608	prkcea	6	78.8	80.8	NA	NA	NA	NA	NA	NA	NA
ENSDART00000010236	cnn1a	3	69.0	62.7	NA	NA	NA	NA	NA	NA	NA
ENSDART00000137798	CDPF1	102	59.1	61.2	19.9	33.5	78.5	98.6	NA	NA	NA
ENSDART00000137794	zgc:152652	8	36.6	27.3	NA	NA	NA	NA	NA	NA	NA
ENSDART00000081801	ncl1	226	54.2	54.2	18.8	33.8	72.2	89.5	21.81	60.91	1.48168933444
ENSDART00000140161	necab2	3	111.4	126.2	NA	NA	NA	NA	NA	NA	NA
ENSDART00000137424	c1qtnf4	9	30.1	16.3	NA	NA	NA	NA	NA	NA	NA
ENSDART00000125852	ugt1ab	3	50.6	52.6	NA	NA	NA	NA	NA	NA	NA
ENSDART00000043058	TENM2	12	35.3	37.3	8.8	14.6	45.1	55.8	NA	NA	NA
ENSDART00000012928	wnk1b	27	30.8	27.0	1.2	11.4	50.4	68.3	NA	NA	NA
ENSDART00000031165	enoph1	49	75.4	75.1	28.0	43.7	100.3	118.3	NA	NA	NA
ENSDART00000031167	tfap2d	15	29.0	27.4	11.6	21.2	38.3	44.3	NA	NA	NA
ENSDART00000101948	cx55.5	1	84.4	84.4	NA	NA	NA	NA	NA	NA	NA
ENSDART00000101949	sfxn4	33	39.3	35.3	9.7	17.7	58.0	73.4	NA	NA	NA
ENSDART00000101944	crygmxl1	6	51.8	60.3	NA	NA	NA	NA	NA	NA	NA
ENSDART00000055154	tmem184a	170	31.9	28.7	12.0	18.5	42.4	58.9	NA	NA	NA
ENSDART00000060405	neo1	74	49.7	49.7	5.5	22.0	72.3	93.0	NA	NA	NA
ENSDART00000101943	rragca	305	36.9	29.6	12.4	18.9	49.2	70.4	NA	NA	NA
ENSDART00000133895	ghdc	21	31.3	27.9	13.6	16.2	43.2	52.3	NA	NA	NA
ENSDART00000011699	nono	669	101.0	103.6	44.8	74.1	129.9	147.8	125.2	1026.35	3.03521632707
ENSDART00000128760	pacs2	16	26.7	25.8	-0.3	8.2	38.5	50.2	NA	NA	NA
ENSDART00000040838	MOV10L1	76	37.4	34.3	14.2	21.1	47.7	63.9	35.3	14.31	-1.30264451143
ENSDART00000003946	tmem59	38	39.8	33.9	9.0	15.2	53.4	75.8	NA	NA	NA
ENSDART00000011691	baxa	93	53.7	56.1	13.6	29.6	72.1	97.5	NA	NA	NA
ENSDART00000021139	fgfr1op2	131	55.4	53.5	24.3	39.0	68.0	91.0	NA	NA	NA
ENSDART00000044497	lmbr1	14	47.2	40.8	8.2	12.8	72.0	97.3	NA	NA	NA
ENSDART00000019045	ebp	20	50.7	34.3	18.2	27.7	86.8	106.4	NA	NA	NA
ENSDART00000019047	AL929022.1	6	27.1	28.6	NA	NA	NA	NA	NA	NA	NA
ENSDART00000135493	frmd8	104	41.8	23.4	5.9	13.2	63.2	102.2	NA	NA	NA
ENSDART00000047212	cpsf2	81	101.8	104.6	45.1	84.4	124.4	139.9	48.84	129.97	1.41204354977
ENSDART00000047211	chst10	36	47.3	45.0	16.7	29.6	63.5	84.4	NA	NA	NA
ENSDART00000065586	ptprda	2	40.7	40.7	NA	NA	NA	NA	NA	NA	NA
ENSDART00000065585	tbce	33	29.9	30.7	12.1	18.9	37.0	43.7	NA	NA	NA
ENSDART00000112955	PRRC2B	4	16.6	13.1	NA	NA	NA	NA	26.71	94.45	1.82217082064
ENSDART00000122728	hug	80	31.2	22.6	4.8	14.0	43.7	64.2	13.21	43.72	1.72666293443
ENSDART00000132209	eya3	216	50.1	43.9	9.9	24.8	71.6	97.4	10.38	108.61	3.38727859307
ENSDART00000112959	ankrd1a	2	20.0	20.0	NA	NA	NA	NA	NA	NA	NA
ENSDART00000122724	mios	102	54.3	55.3	15.4	29.2	77.2	91.4	14.45	73.05	2.3378147803
ENSDART00000122727	mtus1a	169	26.6	23.0	8.7	14.1	34.8	48.0	NA	NA	NA
ENSDART00000003940	rab2a	298	30.1	26.3	5.9	15.4	40.5	58.8	55.81	75.84	0.442435317848
ENSDART00000055709	her2	3	24.1	19.4	NA	NA	NA	NA	NA	NA	NA
ENSDART00000051670	rfc5	135	44.7	45.5	15.4	25.8	58.2	68.8	25.35	122.26	2.26989481987
ENSDART00000122234	si:ch211-71n6.4	2	101.8	101.8	NA	NA	NA	NA	NA	NA	NA
ENSDART00000124864	fam83d	118	30.0	20.4	5.9	12.6	43.0	59.6	24.21	20.72	-0.224579076312
ENSDART00000051679	PRKDC	22	97.4	92.3	56.8	72.7	125.1	142.6	3.32	9.54	1.52280602466
ENSDART00000139946	nipal3	38	26.1	23.6	9.2	16.6	35.0	48.1	NA	NA	NA
ENSDART00000103769	nrp2a	1	21.4	21.4	NA	NA	NA	NA	NA	NA	NA
ENSDART00000146914	mpp6a	46	48.0	42.8	14.9	24.4	68.9	99.5	44.21	65.92	0.576343508229
ENSDART00000084715	alkbh8	66	27.5	25.4	8.4	15.0	37.9	49.3	34.33	7.58	-2.17920010379
ENSDART00000099298	zgc:154018	82	38.9	31.5	11.8	17.2	47.9	82.9	15.69	52.54	1.74357084817
ENSDART00000146911	tceb1a	112	18.5	15.0	4.7	9.4	24.2	33.5	NA	NA	NA
ENSDART00000124868	lpl	8	79.7	68.0	NA	NA	NA	NA	NA	NA	NA
ENSDART00000151269	cdk6	20	24.5	20.2	4.0	10.4	37.6	55.6	NA	NA	NA
ENSDART00000151260	C6H21orf58	1	19.0	19.0	NA	NA	NA	NA	NA	NA	NA
ENSDART00000025962	gyg1a	1587	36.3	35.3	15.9	24.9	45.3	57.5	270.72	46.87	-2.53006477364
ENSDART00000112227	FAM5C	3	44.3	33.0	NA	NA	NA	NA	NA	NA	NA
ENSDART00000147357	kdm2aa	72	75.6	76.0	36.4	59.9	94.3	112.5	10.18	20.1	0.981457939991
ENSDART00000049285	ube2d2l	477	43.5	39.3	13.3	22.8	59.1	79.6	NA	NA	NA
ENSDART00000101616	LRIF1	4	73.9	63.1	NA	NA	NA	NA	NA	NA	NA
ENSDART00000101617	aip	3	30.2	32.4	NA	NA	NA	NA	NA	NA	NA
ENSDART00000081663	prdx1	284	50.2	47.5	14.3	25.8	67.2	92.4	72.62	190.45	1.39097345265
ENSDART00000102498	sfrp2	2	64.5	64.5	NA	NA	NA	NA	NA	NA	NA
ENSDART00000081666	ube2r2	26	51.2	41.9	18.7	27.9	72.4	92.7	NA	NA	NA
ENSDART00000051491	sfrp1a	86	77.3	78.1	23.9	41.1	108.8	131.2	NA	NA	NA
ENSDART00000138508	zgc:194210	3	36.6	18.7	NA	NA	NA	NA	NA	NA	NA
ENSDART00000102493	zgc:173548	131	32.3	29.3	8.1	18.1	39.6	53.9	NA	NA	NA
ENSDART00000102492	top3a	9	30.7	31.3	NA	NA	NA	NA	NA	NA	NA
ENSDART00000139050	si:dkey-10f21.4	25	30.1	27.7	9.6	17.6	41.8	52.9	NA	NA	NA
ENSDART00000050644	serpinb1l4	1	30.2	30.2	NA	NA	NA	NA	NA	NA	NA
ENSDART00000128039	porcn	4	61.8	64.7	NA	NA	NA	NA	NA	NA	NA
ENSDART00000138953	rgcc	16	42.0	37.8	11.9	17.6	52.5	64.9	NA	NA	NA
ENSDART00000138952	APOD	120	42.1	38.0	16.2	27.1	54.1	75.4	67.63	27.25	-1.31140712387
ENSDART00000010991	arhgef18b	34	50.1	49.3	14.4	20.7	73.4	88.8	7.01	36.94	2.39769751697
ENSDART00000066806	mcee	67	31.6	28.7	9.4	18.4	45.3	57.2	NA	NA	NA
ENSDART00000138957	si:ch211-140l13.2	1	72.8	72.8	NA	NA	NA	NA	NA	NA	NA
ENSDART00000111426	si:ch211-208h7.4	100	29.4	26.3	4.5	12.4	39.8	57.6	15.32	6.11	-1.32617201211
ENSDART00000141977	herc3	12	29.1	23.3	6.0	18.3	45.2	51.8	NA	NA	NA
ENSDART00000114008	CU929087.1	97	40.7	38.7	10.9	20.6	57.3	76.2	NA	NA	NA
ENSDART00000129313	sept9a	339	41.7	40.0	10.5	19.6	58.1	77.5	30.85	105.02	1.76732170629
ENSDART00000085377	zgc:103670	5	10.5	-0.4	NA	NA	NA	NA	9.5	70.72	2.89611885617
ENSDART00000041515	sar1ab	6	21.0	24.0	NA	NA	NA	NA	NA	NA	NA
ENSDART00000129955	wu:fd44f01	94	23.6	19.7	3.7	11.0	31.3	43.9	25.29	2.5	-3.338567037
ENSDART00000148961	s100a10b	4	87.8	88.8	NA	NA	NA	NA	NA	NA	NA
ENSDART00000139805	mcm9	33	30.3	18.4	5.3	11.3	39.9	49.7	8.32	4.5	-0.886658526924
ENSDART00000001159	mgat4b	46	78.7	82.0	32.5	56.1	103.4	120.8	NA	NA	NA
ENSDART00000128775	vegfaa	7	21.0	21.7	NA	NA	NA	NA	NA	NA	NA
ENSDART00000073583	islr2	1	103.4	103.4	NA	NA	NA	NA	NA	NA	NA
ENSDART00000004921	fgd1	6	85.1	79.3	NA	NA	NA	NA	NA	NA	NA
ENSDART00000004923	smurf1	193	44.3	41.4	9.3	21.2	61.0	89.7	15.48	119.01	2.94260542672
ENSDART00000098963	dscama	10	109.4	90.1	5.8	77.3	134.6	166.0	NA	NA	NA
ENSDART00000123155	si:dkeyp-46h3.6	9	34.2	34.7	NA	NA	NA	NA	NA	NA	NA
ENSDART00000056614	ubtf	66	55.7	49.0	15.0	28.0	73.9	100.0	30.71	62.96	1.03572702853
ENSDART00000074609	suclg1	71	33.5	28.1	10.3	18.3	43.4	65.4	43.37	39.63	-0.130104475895
ENSDART00000058107	mcfd2	154	35.9	32.5	13.2	22.0	47.9	59.8	NA	NA	NA
ENSDART00000056618	mrpl12	221	25.1	23.6	7.2	13.9	33.9	46.8	NA	NA	NA
ENSDART00000074602	SMPD2	87	32.6	28.0	7.1	16.0	49.6	64.6	NA	NA	NA
ENSDART00000113111	psmb5	114	67.2	62.6	33.5	47.7	76.6	94.4	54.88	262.67	2.25889905053
ENSDART00000074600	si:dkey-162b23.4	1	27.1	27.1	NA	NA	NA	NA	NA	NA	NA
ENSDART00000058100	xpc	107	61.9	60.0	23.2	38.3	78.7	96.7	47.15	50.08	0.0869767913702
ENSDART00000128776	ammecr1	96	77.3	68.6	20.7	45.5	105.1	138.4	34.98	68.49	0.969363071024
ENSDART00000092591	sec22c	19	21.5	18.4	7.6	10.4	26.1	41.6	NA	NA	NA
ENSDART00000133159	si:ch211-133n4.6	1	21.1	21.1	NA	NA	NA	NA	NA	NA	NA
ENSDART00000020463	C2H1orf35	72	55.6	44.2	15.0	27.9	63.8	119.0	88.66	36.78	-1.26936188275
ENSDART00000027304	mapk12b	19	105.9	112.0	45.5	73.5	130.7	155.3	NA	NA	NA
ENSDART00000050729	hddc2	117	40.1	36.6	16.4	23.1	52.4	69.3	NA	NA	NA
ENSDART00000082315	arfip2a	87	29.9	26.6	7.4	13.8	41.1	53.7	NA	NA	NA
ENSDART00000146005	gtpbp1	340	39.9	36.7	12.2	22.4	52.2	67.7	32.7	114.65	1.80987381408
ENSDART00000082319	TMEM54	69	24.1	17.4	5.3	11.4	29.2	52.3	NA	NA	NA
ENSDART00000146008	camkvl	3	24.8	25.4	NA	NA	NA	NA	NA	NA	NA
ENSDART00000114004	PIK3CA	3	56.9	80.1	NA	NA	NA	NA	NA	NA	NA
ENSDART00000127859	TRIM63	2	89.1	89.1	NA	NA	NA	NA	NA	NA	NA
ENSDART00000053139	atp6v0cb	8	51.1	23.2	NA	NA	NA	NA	NA	NA	NA
ENSDART00000053138	CU424462.2	15	24.2	22.8	5.9	15.1	37.8	40.9	NA	NA	NA
ENSDART00000004656	GCA	208	30.5	22.1	7.8	13.4	45.6	67.3	NA	NA	NA
ENSDART00000129958	hnrnpa0b	792	96.4	105.1	30.6	68.0	125.8	143.1	218.58	2011.26	3.20186628803
ENSDART00000098346	smu1	106	93.5	91.4	39.4	62.5	125.8	147.5	19.9	162.3	3.027822664
ENSDART00000127857	CU855694.1	100	58.9	55.9	20.3	38.1	81.6	95.9	9.04	21.52	1.25128340014
ENSDART00000109858	knstrn	45	16.1	14.6	6.8	11.1	20.4	28.3	NA	NA	NA
ENSDART00000009386	gpatch1	69	20.7	15.5	5.4	9.5	29.8	40.1	25.37	4.69	-2.43546369155
ENSDART00000009385	yif1a	39	51.4	45.1	3.4	16.6	68.4	93.1	NA	NA	NA
ENSDART00000143639	vps8	19	43.9	36.3	26.9	31.8	54.1	65.0	NA	NA	NA
ENSDART00000143181	BX927122.3	1	112.9	112.9	NA	NA	NA	NA	NA	NA	NA
ENSDART00000109852	ANGPT4	5	30.0	36.0	NA	NA	NA	NA	NA	NA	NA
ENSDART00000128352	mitd1	130	39.6	33.2	10.4	18.3	55.6	78.2	NA	NA	NA
ENSDART00000004626	sec62	160	71.5	75.7	20.5	42.2	97.6	114.8	177.03	144.13	-0.296623207031
ENSDART00000126728	ifitm5	1	118.6	118.6	NA	NA	NA	NA	NA	NA	NA
ENSDART00000004625	zar1	88	56.4	53.3	15.8	31.9	76.1	106.6	37.22	48.18	0.372356338179
ENSDART00000129517	syt12	3	117.2	119.6	NA	NA	NA	NA	NA	NA	NA
ENSDART00000126723	zfyve27	34	25.1	25.1	6.8	14.6	33.2	43.2	NA	NA	NA
ENSDART00000129044	krt5	2	79.6	79.6	NA	NA	NA	NA	NA	NA	NA
ENSDART00000113144	zgc:173575	9	30.0	35.7	NA	NA	NA	NA	NA	NA	NA
ENSDART00000126897	lamtor5	83	27.7	23.1	10.5	16.6	36.5	48.6	NA	NA	NA
ENSDART00000113142	PHLDB1	5	48.4	38.9	NA	NA	NA	NA	NA	NA	NA
ENSDART00000005382	gadd45bb	332	57.0	33.1	6.4	13.7	97.8	136.6	NA	NA	NA
ENSDART00000126899	bcar1	2	9.4	9.4	NA	NA	NA	NA	NA	NA	NA
ENSDART00000002177	copz2	70	41.0	39.9	16.2	25.8	54.4	71.0	NA	NA	NA
ENSDART00000110177	adhfe1	49	47.7	41.1	18.8	26.3	59.0	69.2	9.55	41.42	2.1167549153
ENSDART00000092406	CU694372.1	6	77.6	85.7	NA	NA	NA	NA	NA	NA	NA
ENSDART00000035259	mgst1	3	73.4	62.3	NA	NA	NA	NA	NA	NA	NA
ENSDART00000085370	kcnq5b	1	15.7	15.7	NA	NA	NA	NA	NA	NA	NA
ENSDART00000024815	fam76b	492	59.0	55.2	23.2	37.8	77.3	98.9	88.64	467.86	2.4000471033
ENSDART00000143457	cndp2	30	64.5	63.4	23.1	46.1	82.9	111.2	7.71	92.76	3.58870005473
ENSDART00000143987	VAV2	71	25.8	22.8	9.2	15.4	35.0	43.6	NA	NA	NA
ENSDART00000006870	ptgs2a	2	123.8	123.8	NA	NA	NA	NA	NA	NA	NA
ENSDART00000143451	cnih2	2	50.5	50.5	NA	NA	NA	NA	NA	NA	NA
ENSDART00000057095	si:dkey-24p1.1	3	24.2	13.8	NA	NA	NA	NA	NA	NA	NA
ENSDART00000106645	dstyk	475	72.8	72.4	36.0	52.7	91.3	111.0	101.78	49.49	-1.04024514911
ENSDART00000106643	HOOK2	288	47.3	39.8	12.7	23.6	65.6	86.8	NA	NA	NA
ENSDART00000135307	SALL2	10	72.4	73.8	39.5	53.1	90.7	110.4	NA	NA	NA
ENSDART00000135303	stard13a	1	125.2	125.2	NA	NA	NA	NA	NA	NA	NA
ENSDART00000079518	dnajc1	239	83.7	84.4	37.0	57.9	105.5	127.0	332.32	127.17	-1.38581474907
ENSDART00000079514	efnb3a	1	13.2	13.2	NA	NA	NA	NA	NA	NA	NA
ENSDART00000052666	rasal2	324	36.6	31.6	9.1	16.9	49.1	67.8	44.82	52.38	0.22487341084
ENSDART00000082987	hs3st3b1a	21	25.9	21.1	7.1	10.9	28.8	42.9	NA	NA	NA
ENSDART00000076350	mthfd2l	19	14.9	15.2	-4.1	1.4	27.3	37.6	NA	NA	NA
ENSDART00000121923	ptch1	4	40.9	26.1	NA	NA	NA	NA	NA	NA	NA
ENSDART00000079431	rtn2b	10	42.4	40.2	2.7	25.9	57.2	83.0	NA	NA	NA
ENSDART00000098585	cngb1a	1	22.5	22.5	NA	NA	NA	NA	NA	NA	NA
ENSDART00000132346	lrrc6	1	43.9	43.9	NA	NA	NA	NA	NA	NA	NA
ENSDART00000112763	BX323064.1	11	53.7	52.6	26.3	39.3	70.0	85.2	NA	NA	NA
ENSDART00000147875	RNF224	1	38.1	38.1	NA	NA	NA	NA	NA	NA	NA
ENSDART00000042158	serhl	34	41.3	32.9	13.9	25.8	49.5	83.9	NA	NA	NA
ENSDART00000128397	tjp3	121	44.8	39.7	11.6	24.8	61.5	82.5	38.31	95.79	1.32215402787
ENSDART00000053399	aldh8a1	1	62.4	62.4	NA	NA	NA	NA	NA	NA	NA
ENSDART00000128395	rwdd	157	51.9	50.1	18.5	32.7	70.3	88.8	58.1	67.13	0.208419478784
ENSDART00000148021	cenpv	4	52.6	57.9	NA	NA	NA	NA	NA	NA	NA
ENSDART00000141979	bard1	72	49.1	42.5	11.6	22.6	74.5	98.0	NA	NA	NA
ENSDART00000045518	prkrip1	298	44.3	43.2	14.7	25.4	60.9	77.3	240.11	190.15	-0.336557550606
ENSDART00000112107	ypel2a	1	42.4	42.4	NA	NA	NA	NA	NA	NA	NA
ENSDART00000059252	dfna5	8	46.7	37.5	NA	NA	NA	NA	NA	NA	NA
ENSDART00000153244	bub3	31	41.1	35.6	-5.0	15.6	50.1	85.3	14.07	1.27	-3.46972192646
ENSDART00000153245	stxbp4	2	74.1	74.1	NA	NA	NA	NA	NA	NA	NA
ENSDART00000051749	zgc:91910	382	63.9	61.9	21.9	36.9	85.6	112.1	102.52	330.2	1.68743473651
ENSDART00000065807	kctd13	7	16.1	18.2	NA	NA	NA	NA	NA	NA	NA
ENSDART00000111228	FAM222B	146	51.1	43.8	13.5	26.2	66.5	96.8	NA	NA	NA
ENSDART00000087899	eif4ba	66	66.8	73.1	22.0	48.0	86.1	99.7	25.75	75.22	1.54654387408
ENSDART00000087898	foxo1b	4	39.9	36.9	NA	NA	NA	NA	NA	NA	NA
ENSDART00000091177	trim36	227	35.6	26.4	8.2	16.5	50.5	76.3	46.94	11.21	-2.06603156372
ENSDART00000061007	mt2	1248	20.5	18.6	6.4	11.6	26.9	35.9	405.26	159.83	-1.34230955871
ENSDART00000025410	zgc:109986	2	27.0	27.0	NA	NA	NA	NA	NA	NA	NA
ENSDART00000025146	slc6a19a	1	55.9	55.9	NA	NA	NA	NA	NA	NA	NA
ENSDART00000025145	unc93b1	4	39.5	25.7	NA	NA	NA	NA	NA	NA	NA
ENSDART00000111225	ccdc173	10	51.5	48.2	30.0	35.9	65.9	78.8	NA	NA	NA
ENSDART00000114081	sms	21	64.4	47.6	17.7	28.2	111.7	118.9	51.15	46.52	-0.136883143159
ENSDART00000114083	mcf2la	31	30.5	29.2	11.3	16.6	43.7	52.9	NA	NA	NA
ENSDART00000100744	tmem177	80	27.6	23.1	4.4	11.5	39.1	59.5	NA	NA	NA
ENSDART00000052444	pcdh10b	1	20.3	20.3	NA	NA	NA	NA	NA	NA	NA
ENSDART00000052917	slc3a2a	2	56.9	56.9	NA	NA	NA	NA	NA	NA	NA
ENSDART00000129501	TMEM235	1	12.8	12.8	NA	NA	NA	NA	NA	NA	NA
ENSDART00000100743	cttnbp2	84	45.7	38.3	13.0	22.7	58.4	90.4	NA	NA	NA
ENSDART00000137655	stag2a	138	45.9	37.2	8.1	17.2	66.3	96.6	11.3	23.37	1.04833496148
ENSDART00000025724	NAPSA	5	54.5	34.7	NA	NA	NA	NA	NA	NA	NA
ENSDART00000149365	tnnt2a	8	51.9	50.6	NA	NA	NA	NA	NA	NA	NA
ENSDART00000037515	msto1	19	79.4	59.3	31.9	48.2	118.8	147.5	NA	NA	NA
ENSDART00000086946	mov10b.1	1	140.5	140.5	NA	NA	NA	NA	NA	NA	NA
ENSDART00000123338	kif3a	17	21.2	14.6	3.5	11.0	25.0	54.2	NA	NA	NA
ENSDART00000090803	fem1b	254	45.5	41.6	18.0	27.5	57.3	79.1	NA	NA	NA
ENSDART00000104029	fam132a	1	29.6	29.6	NA	NA	NA	NA	NA	NA	NA
ENSDART00000049170	zgc:85975	1	135.6	135.6	NA	NA	NA	NA	NA	NA	NA
ENSDART00000088238	slc25a17	18	59.6	75.0	9.7	18.7	96.8	107.8	NA	NA	NA
ENSDART00000141170	stam	452	40.7	33.0	10.8	17.8	54.3	82.6	NA	NA	NA
ENSDART00000141177	slc24a4a	112	22.9	20.8	6.2	12.9	29.8	41.6	NA	NA	NA
ENSDART00000080323	ugt5b4	1	8.7	8.7	NA	NA	NA	NA	NA	NA	NA
ENSDART00000109148	brap	47	33.3	26.0	9.5	17.1	44.5	67.1	NA	NA	NA
ENSDART00000105518	camk2g1	142	66.8	59.9	19.6	32.1	96.6	129.1	17.1	173.75	3.34494474761
ENSDART00000085945	tsfm	126	37.4	35.2	11.6	22.4	51.8	67.6	NA	NA	NA
ENSDART00000115422	nudcd2	18	40.0	33.0	15.4	18.7	54.4	74.5	NA	NA	NA
ENSDART00000109145	MAP6D1	2	139.5	139.5	NA	NA	NA	NA	NA	NA	NA
ENSDART00000109142	WDR53	4	99.3	111.9	NA	NA	NA	NA	NA	NA	NA
ENSDART00000099769	ccdc22	150	61.7	58.9	19.0	35.2	85.3	108.2	51.13	57.33	0.165120253012
ENSDART00000080328	NF1	18	59.7	54.5	12.1	46.7	83.6	93.4	3.7	7.69	1.05545832745
ENSDART00000109141	FRMD7	4	46.9	48.9	NA	NA	NA	NA	NA	NA	NA
ENSDART00000104725	snx14	52	74.8	73.4	49.4	60.7	91.6	105.9	18.5	15.96	-0.213064619181
ENSDART00000128275	npffr1l3	2	17.3	17.3	NA	NA	NA	NA	NA	NA	NA
ENSDART00000006120	pik3cd	42	32.9	29.2	7.0	14.7	41.9	60.2	NA	NA	NA
ENSDART00000104025	flot1b	110	132.1	134.2	95.5	119.2	151.4	163.7	NA	NA	NA
ENSDART00000078135	tln1	14	77.6	81.4	20.6	45.4	105.5	114.2	4.61	32.09	2.79928513385
ENSDART00000006124	cops2	161	58.8	56.1	22.0	37.1	79.2	97.8	48.66	93.24	0.93821268419
ENSDART00000006657	huwe1	81	72.5	64.0	20.9	38.4	102.4	119.6	17.8	42.81	1.26607059434
ENSDART00000088520	noa1	33	38.5	32.0	10.1	19.9	45.9	67.5	10.81	3.59	-1.59031077391
ENSDART00000085500	tmem229b	3	17.7	16.0	NA	NA	NA	NA	NA	NA	NA
ENSDART00000145852	arpc5b	30	26.1	13.7	4.1	8.6	37.9	54.2	NA	NA	NA
ENSDART00000148363	cramp1l	27	40.1	35.0	10.4	15.9	51.5	73.4	4.28	1.89	-1.17922456218
ENSDART00000109044	GRM8	1	40.8	40.8	NA	NA	NA	NA	NA	NA	NA
ENSDART00000089133	rufy2	89	44.7	46.5	13.4	25.1	60.9	77.9	NA	NA	NA
ENSDART00000020040	PDCL3	21	42.4	41.8	12.1	14.1	67.5	89.3	NA	NA	NA
ENSDART00000123443	daxx	128	59.6	55.3	18.3	37.4	82.9	98.9	83.19	157.92	0.924711872696
ENSDART00000125352	phf2	7	23.4	20.2	NA	NA	NA	NA	NA	NA	NA
ENSDART00000064513	il17a/f2	7	24.3	19.2	NA	NA	NA	NA	NA	NA	NA
ENSDART00000136655	NDUFA3	21	47.9	35.8	14.3	24.8	65.6	98.2	NA	NA	NA
ENSDART00000136656	selm	25	38.8	40.6	13.7	21.4	53.8	64.1	NA	NA	NA
ENSDART00000136657	vrk3	34	102.9	106.1	34.5	75.1	140.5	165.5	13.53	165.93	3.61634100346
ENSDART00000064515	lrrc57	26	42.3	43.7	14.2	24.1	59.9	69.3	NA	NA	NA
ENSDART00000039165	styx	60	87.1	89.9	36.8	55.1	115.0	143.7	102.64	107.46	0.0662066676174
ENSDART00000141358	apom	1	47.5	47.5	NA	NA	NA	NA	NA	NA	NA
ENSDART00000099355	PRR5	13	75.4	80.6	28.0	47.8	88.6	126.2	NA	NA	NA
ENSDART00000099351	ppp1r26	56	32.8	25.8	6.8	16.6	44.4	68.0	22.83	15.79	-0.531919688364
ENSDART00000067311	C4H12orf66	98	49.3	46.2	13.1	25.6	67.6	92.3	NA	NA	NA
ENSDART00000099535	C21H9orf114	108	28.3	23.1	7.7	15.0	36.1	47.6	55.79	18.83	-1.56697355143
ENSDART00000102522	pet112	28	49.1	51.5	17.2	31.5	66.3	75.2	NA	NA	NA
ENSDART00000145236	dpysl5a	1	11.4	11.4	NA	NA	NA	NA	NA	NA	NA
ENSDART00000039969	slc20a1b	72	66.4	55.1	14.8	34.9	97.4	128.5	9.34	35.58	1.92957205556
ENSDART00000127182	arl2bp	75	28.7	28.0	8.6	13.7	37.7	52.5	NA	NA	NA
ENSDART00000011201	copz1	147	51.1	41.2	15.3	25.0	75.3	100.5	33.6	134.61	2.00225245173
ENSDART00000079364	SNAPC2	29	31.5	32.7	8.0	21.9	40.3	56.8	NA	NA	NA
ENSDART00000019786	smc3	219	103.8	108.9	34.6	61.9	147.0	164.8	18.8	187.62	3.31900905808
ENSDART00000000382	trio	2	98.2	98.2	NA	NA	NA	NA	NA	NA	NA
ENSDART00000019785	sult3st1	17	47.4	44.0	17.3	28.8	51.7	79.6	NA	NA	NA
ENSDART00000025853	zfp36l1a	155	29.8	24.5	5.5	14.8	38.2	60.0	NA	NA	NA
ENSDART00000081325	dynll1	203	90.1	87.9	29.2	51.6	121.1	151.3	85.95	253.46	1.56018854026
ENSDART00000121710	CABZ01028403.1	1	60.9	60.9	NA	NA	NA	NA	NA	NA	NA
ENSDART00000081326	prpf40a	152	74.7	72.4	27.3	45.2	98.3	129.8	59.52	203.09	1.7706727726
ENSDART00000044519	cx44.2	103	34.5	27.6	7.9	15.2	45.4	67.9	NA	NA	NA
ENSDART00000100396	ppp1r15a	39	102.5	104.4	25.3	61.9	141.1	164.8	NA	NA	NA
ENSDART00000089211	EHBP1L1	2	31.0	31.0	NA	NA	NA	NA	NA	NA	NA
ENSDART00000122534	slc25a43	4362	60.0	55.1	28.9	39.4	73.5	99.8	NA	NA	NA
ENSDART00000122535	RPAP3	55	34.3	27.3	4.8	8.8	51.5	74.5	NA	NA	NA
ENSDART00000122536	BX950186.2	21	33.3	28.6	15.1	20.2	44.5	55.1	26.74	7.09	-1.91514193285
ENSDART00000111915	si:dkey-20i10.7	12	37.2	31.0	8.9	13.8	41.8	77.4	NA	NA	NA
ENSDART00000015967	lsr	143	41.7	31.9	8.4	15.3	55.2	81.7	31.91	56.86	0.833405490398
ENSDART00000149580	nrip1b	100	39.1	33.6	11.3	20.9	57.2	76.3	NA	NA	NA
ENSDART00000149586	gna15.1	4	146.0	139.5	NA	NA	NA	NA	NA	NA	NA
ENSDART00000123615	ASB5	23	41.8	41.1	18.0	23.2	52.6	67.3	NA	NA	NA
ENSDART00000103282	ADORA3	101	24.4	23.6	4.6	9.8	34.2	52.0	NA	NA	NA
ENSDART00000102420	cyp2aa8	19	63.9	37.6	13.9	16.6	92.5	155.4	NA	NA	NA
ENSDART00000136265	FAM72B	31	63.7	57.0	20.2	28.0	91.0	119.1	NA	NA	NA
ENSDART00000080810	arxa	5	49.7	37.4	NA	NA	NA	NA	NA	NA	NA
ENSDART00000088690	lman2	165	72.3	73.7	17.1	41.3	103.4	122.5	39.7	141.74	1.83603604167
ENSDART00000144728	zcchc14	1	18.4	18.4	NA	NA	NA	NA	NA	NA	NA
ENSDART00000018788	BBX	5	2.8	1.5	NA	NA	NA	NA	3.77	1.96	-0.943710869153
ENSDART00000064444	paf1	184	70.5	68.5	21.7	43.7	96.6	117.3	13.28	122.6	3.20663192723
ENSDART00000121848	srrm1	82	104.7	116.7	21.2	74.6	139.2	155.2	63.46	284.35	2.16374837792
ENSDART00000146585	si:dkey-69o16.5	1	20.2	20.2	NA	NA	NA	NA	NA	NA	NA
ENSDART00000121843	ccdc146	4	77.5	83.3	NA	NA	NA	NA	NA	NA	NA
ENSDART00000121842	CABZ01049057.1	377	42.1	40.3	11.6	24.0	57.7	74.9	48.51	33.63	-0.528533400668
ENSDART00000121845	numbl	2	27.5	27.5	NA	NA	NA	NA	NA	NA	NA
ENSDART00000128321	gpr126	1	146.4	146.4	NA	NA	NA	NA	NA	NA	NA
ENSDART00000121847	cstf1	281	89.1	90.3	41.3	68.4	112.7	129.5	37.44	442.08	3.56165512723
ENSDART00000147188	trpm3	6	38.7	40.4	NA	NA	NA	NA	NA	NA	NA
ENSDART00000081949	lats1	80	37.0	31.3	8.0	18.2	47.4	78.7	9.25	19.42	1.07001793002
ENSDART00000105417	prom1a	41	73.4	66.6	26.0	47.4	105.4	123.4	NA	NA	NA
ENSDART00000100170	glula	208	69.2	69.9	16.6	31.4	101.5	124.4	48.08	239.0	2.31350181704
ENSDART00000100173	RANBP3	289	72.3	73.1	32.2	49.7	95.5	110.6	42.91	321.58	2.90579187769
ENSDART00000122263	FAM210A	181	24.4	19.4	5.7	10.5	32.1	48.2	NA	NA	NA
ENSDART00000053380	hax1	9	30.2	23.8	NA	NA	NA	NA	NA	NA	NA
ENSDART00000038696	flvcr2b	59	22.0	20.0	3.9	10.9	30.9	44.8	NA	NA	NA
ENSDART00000114378	fbxw8	27	73.6	79.3	19.6	42.5	94.7	115.3	11.27	13.77	0.289041043963
ENSDART00000105419	si:ch211-212d10.2	1	11.3	11.3	NA	NA	NA	NA	NA	NA	NA
ENSDART00000147187	phyhd1	70	43.2	45.8	6.2	22.1	62.5	74.4	15.62	26.48	0.761508668665
ENSDART00000007522	kal1a	1	19.9	19.9	NA	NA	NA	NA	NA	NA	NA
ENSDART00000149743	pparda	50	52.1	48.8	14.6	27.2	75.8	92.3	NA	NA	NA
ENSDART00000152173	TPP2	398	101.7	104.2	55.5	79.3	126.7	144.5	24.79	167.7	2.75805251236
ENSDART00000150859	si:dkey-238o14.8	9	52.7	34.2	NA	NA	NA	NA	NA	NA	NA
ENSDART00000064888	tcta	19	39.9	40.2	14.0	18.9	56.4	64.0	NA	NA	NA
ENSDART00000073596	ist1	174	50.2	43.1	9.0	20.4	73.7	100.3	NA	NA	NA
ENSDART00000034851	fstl3	1	-7.7	-7.7	NA	NA	NA	NA	NA	NA	NA
ENSDART00000034850	dbi	37	64.9	65.0	26.6	42.1	82.0	99.6	NA	NA	NA
ENSDART00000036235	iscub	44	32.0	26.1	10.6	14.0	43.1	63.3	NA	NA	NA
ENSDART00000098415	ing5b	62	53.7	53.1	14.5	24.3	74.6	93.3	180.94	180.25	-0.0055121171083
ENSDART00000103159	smim12	151	52.8	50.4	19.2	34.8	70.7	85.8	NA	NA	NA
ENSDART00000033316	vangl2	44	56.6	56.5	9.0	22.3	74.8	103.9	14.54	162.39	3.48136361952
ENSDART00000099977	MEX3C	29	64.3	60.5	9.2	43.0	99.1	109.0	NA	NA	NA
ENSDART00000103153	FBXO2	224	60.6	61.8	25.7	44.2	76.2	91.3	51.85	96.11	0.890342558504
ENSDART00000082415	FAM126B	25	38.5	35.9	14.7	28.8	49.0	65.0	NA	NA	NA
ENSDART00000017932	carf	20	51.1	37.1	15.1	17.1	54.6	130.3	5.88	1.92	-1.61470984412
ENSDART00000146764	cox17	834	30.2	25.6	11.1	17.0	38.6	53.7	NA	NA	NA
ENSDART00000019521	dip2ba	198	29.4	22.6	6.5	13.0	38.8	67.5	13.17	39.59	1.58788072177
ENSDART00000061698	gcshb	1	72.9	72.9	NA	NA	NA	NA	NA	NA	NA
ENSDART00000133160	nup37	26	37.7	35.4	20.3	22.1	46.9	62.4	NA	NA	NA
ENSDART00000065397	fkbp2	299	36.4	34.1	14.0	22.0	48.2	63.8	NA	NA	NA
ENSDART00000026383	sigmar1	222	48.1	50.1	15.0	28.8	64.4	82.4	71.37	99.54	0.479958614531
ENSDART00000081946	zgc:112332	30	88.5	94.5	24.6	53.9	124.2	141.1	NA	NA	NA
ENSDART00000030205	bnip3lb	104	62.0	57.1	12.5	28.1	94.3	117.0	NA	NA	NA
ENSDART00000139962	pawr	40	43.9	43.7	13.6	26.3	58.2	78.2	NA	NA	NA
ENSDART00000011178	opn1sw2	7	88.8	98.9	NA	NA	NA	NA	NA	NA	NA
ENSDART00000015780	ercc4	91	37.6	31.3	10.6	18.2	49.3	68.4	NA	NA	NA
ENSDART00000015786	gyltl1b	1	12.4	12.4	NA	NA	NA	NA	NA	NA	NA
ENSDART00000013839	tmbim4	148	38.3	32.4	11.0	18.1	51.8	73.3	NA	NA	NA
ENSDART00000133059	cited4a	24	34.4	21.1	3.9	6.1	44.5	93.2	NA	NA	NA
ENSDART00000074294	actr2a	71	54.4	43.5	17.3	23.6	75.1	110.0	19.77	80.07	2.01794893513
ENSDART00000045110	chd	11	101.5	114.0	39.7	63.5	140.4	149.6	NA	NA	NA
ENSDART00000017930	kcnk13a	1	21.3	21.3	NA	NA	NA	NA	NA	NA	NA
ENSDART00000080709	plcg2	17	32.3	29.4	7.2	11.1	44.5	63.4	NA	NA	NA
ENSDART00000013835	bloc1s1	79	27.3	21.9	8.5	13.1	33.2	52.0	NA	NA	NA
ENSDART00000059446	znf385b	2	62.8	62.8	NA	NA	NA	NA	NA	NA	NA
ENSDART00000055134	ogfr	1	271.6	271.6	NA	NA	NA	NA	NA	NA	NA
ENSDART00000055136	actc1b	5	31.6	17.8	NA	NA	NA	NA	NA	NA	NA
ENSDART00000142444	si:dkey-30j22.2	5	47.3	42.6	NA	NA	NA	NA	NA	NA	NA
ENSDART00000045555	zgc:63637	52	49.6	40.8	11.0	25.4	70.3	104.9	NA	NA	NA
ENSDART00000103219	si:dkey-14d8.2	3	45.4	37.3	NA	NA	NA	NA	NA	NA	NA
ENSDART00000109548	atp8b5b	2	97.5	97.5	NA	NA	NA	NA	NA	NA	NA
ENSDART00000030995	umps	390	42.1	41.1	16.0	29.0	55.5	67.9	62.68	130.1	1.05354387713
ENSDART00000125706	C10H12orf44	441	35.0	33.0	10.8	19.7	46.7	61.8	NA	NA	NA
ENSDART00000051804	marcksl1b	1443	112.1	115.4	58.7	87.7	138.4	158.5	NA	NA	NA
ENSDART00000051807	lasp1	188	26.1	20.7	7.1	12.4	32.9	49.2	NA	NA	NA
ENSDART00000125705	zgc:152938	44	49.8	48.7	16.3	28.5	64.7	89.8	33.04	29.73	-0.152294223512
ENSDART00000043855	dclk2	1	60.1	60.1	NA	NA	NA	NA	NA	NA	NA
ENSDART00000048633	trdmt1	13	14.1	11.3	-6.5	1.7	20.4	40.4	NA	NA	NA
ENSDART00000109464	zgc:194314	2	26.0	26.0	NA	NA	NA	NA	NA	NA	NA
ENSDART00000099208	asph	48	97.1	103.3	28.5	65.1	128.6	158.5	16.26	50.41	1.63238269693
ENSDART00000086201	ush2a	4	28.0	22.4	NA	NA	NA	NA	NA	NA	NA
ENSDART00000052352	ppp1r11	127	36.0	31.9	10.9	16.6	48.8	66.9	NA	NA	NA
ENSDART00000057155	cdkn3	45	18.7	16.5	5.2	10.0	26.7	33.6	NA	NA	NA
ENSDART00000106670	trmt112	65	34.4	29.7	12.4	20.7	49.2	60.0	NA	NA	NA
ENSDART00000013781	mcm6	13	110.8	116.2	69.9	95.4	141.0	151.4	NA	NA	NA
ENSDART00000109467	DHX36	17	38.5	31.7	20.6	25.1	45.0	70.9	NA	NA	NA
ENSDART00000092239	lix1l	6	58.4	35.8	NA	NA	NA	NA	NA	NA	NA
ENSDART00000141539	COA6	18	48.0	29.9	9.5	18.8	61.2	98.4	NA	NA	NA
ENSDART00000064662	rassf2b	2	11.9	11.9	NA	NA	NA	NA	NA	NA	NA
ENSDART00000014787	pip4k2aa	55	46.0	43.9	9.4	16.6	55.6	95.3	NA	NA	NA
ENSDART00000141915	si:ch211-166a6.5	34	49.9	51.4	16.1	33.4	67.1	85.4	17.75	8.12	-1.12826739209
ENSDART00000053892	C3H7orf55	27	42.1	43.1	16.5	17.9	59.5	73.8	NA	NA	NA
ENSDART00000112155	rrm2	3886	47.3	41.3	11.4	23.7	64.0	90.8	208.37	768.38	1.88267238685
ENSDART00000042624	arap3	64	37.1	30.4	9.8	19.7	45.0	73.9	NA	NA	NA
ENSDART00000112156	DBNDD2	3	16.3	28.0	NA	NA	NA	NA	NA	NA	NA
ENSDART00000112483	SLC22A31	99	40.0	37.5	11.7	23.9	49.4	67.3	NA	NA	NA
ENSDART00000114631	CR387996.1	252	62.1	60.3	12.4	31.9	90.5	109.9	15.65	79.94	2.3527549156
ENSDART00000108653	TCAIM	10	41.7	37.2	27.3	32.2	49.6	57.7	NA	NA	NA
ENSDART00000112484	nlgn2b	4	37.1	35.9	NA	NA	NA	NA	NA	NA	NA
ENSDART00000039907	btbd6b	64	27.4	24.8	6.1	16.0	37.3	47.6	NA	NA	NA
ENSDART00000112488	stip1	696	43.0	39.8	14.2	25.6	56.9	72.1	112.25	256.96	1.194828353
ENSDART00000032262	fbxo28	238	46.7	42.6	9.4	23.3	68.3	86.9	NA	NA	NA
ENSDART00000122891	TMEM97	29	42.4	37.5	17.0	29.0	54.7	69.7	NA	NA	NA
ENSDART00000128250	mob2a	88	65.7	49.7	11.4	25.8	103.2	137.1	NA	NA	NA
ENSDART00000109626	si:dkey-175m17.7	8	41.6	40.4	NA	NA	NA	NA	NA	NA	NA
ENSDART00000109622	RMI2	62	58.5	59.4	15.7	33.7	81.7	99.8	36.95	70.62	0.934502456726
ENSDART00000109620	sept8a	31	103.9	110.0	21.6	66.8	132.7	174.3	39.04	216.13	2.46887438187
ENSDART00000143848	sub1a	330	115.4	120.8	59.9	96.8	140.2	156.1	90.01	138.73	0.624122603332
ENSDART00000078128	ube3a	116	55.2	50.8	13.7	32.8	74.7	93.6	22.76	71.16	1.64456595296
ENSDART00000141530	osbp	65	41.1	35.5	8.1	16.9	50.0	90.3	20.5	30.9	0.591982928399
ENSDART00000054266	gnpda1	72	27.6	23.5	9.0	13.0	38.9	54.4	NA	NA	NA
ENSDART00000054264	nr3c1	52	21.1	20.4	6.9	12.9	28.3	36.7	NA	NA	NA
ENSDART00000048831	tmem120a	1	83.9	83.9	NA	NA	NA	NA	NA	NA	NA
ENSDART00000076037	alg10	15	24.4	19.8	5.7	12.4	38.2	49.7	NA	NA	NA
ENSDART00000138150	si:ch1073-272j17.3	3	21.1	13.3	NA	NA	NA	NA	NA	NA	NA
ENSDART00000005263	usf1l	170	54.1	48.2	23.1	33.5	67.8	89.8	38.12	162.49	2.09173090982
ENSDART00000002545	mcrs1	177	45.7	37.3	11.8	24.2	54.5	73.8	33.56	80.34	1.25937574561
ENSDART00000076031	pigs	86	32.0	29.4	11.6	22.2	43.5	54.4	NA	NA	NA
ENSDART00000002547	bloc1s4	28	77.1	71.6	17.4	44.3	103.4	133.9	NA	NA	NA
ENSDART00000102086	cldna	5	135.5	92.2	NA	NA	NA	NA	NA	NA	NA
ENSDART00000060344	aagab	161	58.7	58.4	18.9	40.3	78.1	95.5	NA	NA	NA
ENSDART00000092094	BEND7	5	30.6	29.6	NA	NA	NA	NA	NA	NA	NA
ENSDART00000142460	nphp3	3	49.1	38.1	NA	NA	NA	NA	NA	NA	NA
ENSDART00000086775	snx19a	23	30.5	27.4	8.6	15.6	40.8	61.6	NA	NA	NA
ENSDART00000046510	slco2a1	1	22.4	22.4	NA	NA	NA	NA	NA	NA	NA
ENSDART00000014434	bri3bp	32	55.2	50.5	13.9	27.4	71.0	102.6	NA	NA	NA
ENSDART00000127623	cul1a	164	40.2	38.9	10.2	19.0	54.6	76.1	29.56	33.86	0.195935703749
ENSDART00000127622	ralgps2	46	53.7	46.8	10.0	24.2	82.2	109.7	NA	NA	NA
ENSDART00000037750	myl12.1	742	79.4	80.6	34.9	59.1	100.3	120.4	81.77	724.53	3.147401882
ENSDART00000074710	PDGFC	60	44.1	41.4	11.9	23.5	57.7	80.4	NA	NA	NA
ENSDART00000101054	dnajc18	331	32.7	29.4	8.8	17.7	43.6	58.7	NA	NA	NA
ENSDART00000077745	zp2l1	15	68.7	61.9	21.4	41.8	95.6	123.9	20.48	17.72	-0.208837111445
ENSDART00000053278	mllt3	75	26.1	23.3	10.7	15.8	31.8	44.8	NA	NA	NA
ENSDART00000011577	btbd10b	287	34.6	27.8	10.3	17.1	42.5	65.5	36.63	27.79	-0.398459866508
ENSDART00000046638	hoxb8a	1	19.9	19.9	NA	NA	NA	NA	NA	NA	NA
ENSDART00000080752	uba3	270	30.1	27.7	5.8	15.7	41.3	57.0	58.73	52.0	-0.175586014582
ENSDART00000015535	ctnnbl1	143	69.2	66.5	26.4	45.1	91.0	109.5	20.13	113.32	2.49298342946
ENSDART00000136447	si:dkey-161j23.7	19	31.1	25.7	12.5	17.1	42.1	54.9	NA	NA	NA
ENSDART00000139684	lypla2	74	71.6	66.7	28.1	41.6	88.8	135.7	19.61	88.29	2.17066050747
ENSDART00000006463	phf6	345	34.3	30.3	7.6	16.4	47.1	65.8	55.29	50.26	-0.137607900471
ENSDART00000003634	stard3	95	68.9	66.6	12.0	39.0	97.7	120.7	19.35	54.39	1.49100785943
ENSDART00000048164	paics	110	56.5	48.7	17.5	29.8	68.1	120.8	32.77	42.12	0.362129763483
ENSDART00000126976	mycbp	17	16.2	13.9	7.0	8.3	19.0	27.5	NA	NA	NA
ENSDART00000114658	SECISBP2L	51	56.6	58.6	11.0	36.9	73.4	104.9	20.4	13.2	-0.628031222613
ENSDART00000126971	slain2	104	25.6	22.9	5.1	13.6	33.1	53.9	NA	NA	NA
ENSDART00000113689	CR538726.1	18	49.3	28.8	5.9	12.9	61.0	119.0	NA	NA	NA
ENSDART00000126978	acadl	228	26.7	22.8	6.2	12.5	35.4	50.8	NA	NA	NA
ENSDART00000129259	GPANK1	45	34.9	30.4	10.4	20.1	43.2	62.0	NA	NA	NA
ENSDART00000129704	ABHD17A	72	64.6	59.8	16.5	37.0	93.3	108.0	23.46	77.98	1.73290114137
ENSDART00000133452	tmed2	602	55.8	53.6	18.1	34.1	74.6	92.6	118.22	255.22	1.11026726285
ENSDART00000149426	cd82a	3	80.7	40.3	NA	NA	NA	NA	NA	NA	NA
ENSDART00000105251	FBXO34	532	32.2	27.2	7.9	14.7	44.2	65.8	28.23	16.62	-0.764308746679
ENSDART00000105257	BX248496.1	18	33.5	22.8	10.9	14.8	40.6	66.5	NA	NA	NA
ENSDART00000017202	kcnk1b	6	45.1	41.2	NA	NA	NA	NA	NA	NA	NA
ENSDART00000062576	thyn1	58	44.1	41.3	11.5	22.2	56.6	74.0	51.94	44.56	-0.221096781338
ENSDART00000138488	nasp	936	40.3	33.3	11.3	18.3	56.3	78.3	522.87	175.29	-1.57670860189
ENSDART00000149779	gemin2	231	55.7	56.0	25.2	40.6	69.4	85.9	113.33	99.62	-0.186022496688
ENSDART00000008603	prepl	1	18.5	18.5	NA	NA	NA	NA	NA	NA	NA
ENSDART00000064739	rpl13a	493	37.2	31.6	12.2	20.6	44.8	60.7	492.83	24.41	-4.33554587953
ENSDART00000110328	SH3TC1	41	19.3	13.7	-10.3	-6.3	40.5	58.8	NA	NA	NA
ENSDART00000052090	FUCA1	17	59.0	49.8	21.7	38.1	65.7	115.5	NA	NA	NA
ENSDART00000149777	setx	242	27.8	17.9	5.4	10.8	39.3	68.8	25.79	41.47	0.685256274117
ENSDART00000134206	hspb8	1	31.0	31.0	NA	NA	NA	NA	NA	NA	NA
ENSDART00000045351	lbx1a	18	49.1	43.1	14.6	30.0	59.3	88.2	NA	NA	NA
ENSDART00000131169	bmp2b	208	39.9	22.4	6.9	13.3	47.4	119.6	NA	NA	NA
ENSDART00000079175	zgc:113276	1	138.0	138.0	NA	NA	NA	NA	NA	NA	NA
ENSDART00000067434	nudt4b	8	38.5	42.8	NA	NA	NA	NA	NA	NA	NA
ENSDART00000028099	smn1	102	25.5	23.4	6.6	11.3	37.3	45.9	40.85	13.16	-1.6341765893
ENSDART00000067433	ube2nb	230	34.2	31.9	10.4	17.5	45.7	63.6	44.71	77.2	0.788003301613
ENSDART00000091549	nt5dc3	15	47.0	44.0	20.4	28.4	60.0	71.9	NA	NA	NA
ENSDART00000091818	CR407704.1	2	13.4	13.4	NA	NA	NA	NA	NA	NA	NA
ENSDART00000087421	tfpi2	1	30.2	30.2	NA	NA	NA	NA	NA	NA	NA
ENSDART00000145444	mob3a	260	56.2	51.0	16.2	29.1	79.9	104.9	59.4	238.87	2.00769083905
ENSDART00000005845	mtmr6	79	38.6	36.4	12.6	27.2	47.7	67.3	15.59	57.95	1.8941877332
ENSDART00000019705	bmp6	6	60.2	66.9	NA	NA	NA	NA	NA	NA	NA
ENSDART00000005842	fgf1a	3	54.2	56.8	NA	NA	NA	NA	NA	NA	NA
ENSDART00000038505	rprmb	1	109.4	109.4	NA	NA	NA	NA	NA	NA	NA
ENSDART00000139003	ube2kb	102	46.8	42.3	14.6	26.1	67.0	84.3	NA	NA	NA
ENSDART00000124026	ubfd1	117	69.0	64.1	18.6	36.2	95.6	133.3	71.5	213.74	1.57984177691
ENSDART00000038501	zgc:175248	1	26.7	26.7	NA	NA	NA	NA	NA	NA	NA
ENSDART00000020249	dusp5	6	26.7	28.0	NA	NA	NA	NA	NA	NA	NA
ENSDART00000105499	CABZ01081674.1	1	56.7	56.7	NA	NA	NA	NA	NA	NA	NA
ENSDART00000105622	CU855733.1	6	56.1	57.7	NA	NA	NA	NA	NA	NA	NA
ENSDART00000007738	TMCO6	51	28.2	29.0	9.6	15.3	35.0	51.6	NA	NA	NA
ENSDART00000150118	gba2	82	36.4	28.3	9.3	16.5	51.7	66.7	NA	NA	NA
ENSDART00000098390	ubl7	212	72.7	70.4	40.5	54.3	87.8	107.1	54.13	161.68	1.57864093367
ENSDART00000105628	aspm	63	56.6	45.9	10.6	26.0	80.3	120.2	19.43	54.26	1.4816031467
ENSDART00000098396	zgc:158464	2	26.6	26.6	NA	NA	NA	NA	NA	NA	NA
ENSDART00000114678	nanos1	3	42.7	40.5	NA	NA	NA	NA	NA	NA	NA
ENSDART00000009973	sec14l1	82	31.5	29.7	8.9	19.9	41.6	53.0	23.68	28.97	0.290890603641
ENSDART00000090631	adck1	53	29.8	22.0	5.7	13.0	40.1	63.1	NA	NA	NA
ENSDART00000002595	rpl21	477	38.5	36.1	12.6	22.2	48.7	61.5	537.51	21.34	-4.65465951402
ENSDART00000126951	uhrf1	0	NA	NA	NA	NA	NA	NA	7.05	127.9	4.18124919648
ENSDART00000130899	CU571402.1	17	42.2	44.3	7.8	23.1	56.4	73.1	NA	NA	NA
ENSDART00000129276	nrp1a	16	24.8	26.0	5.2	15.6	36.4	37.1	NA	NA	NA
ENSDART00000031761	fzd5	60	25.5	22.9	3.5	12.3	32.7	47.2	NA	NA	NA
ENSDART00000101659	cdc34a	389	88.1	87.8	37.8	60.2	116.2	137.8	56.47	460.74	3.0283963172
ENSDART00000133041	pank2	15	29.6	19.8	9.9	12.4	42.6	58.9	NA	NA	NA
ENSDART00000129277	zgc:174972	1	34.9	34.9	NA	NA	NA	NA	NA	NA	NA
ENSDART00000139423	mgat3	16	38.7	37.0	14.5	29.4	45.7	68.5	NA	NA	NA
ENSDART00000139420	elavl2	120	34.6	28.2	10.1	17.7	44.8	64.1	24.36	25.65	0.0744446925881
ENSDART00000139354	stox2a	1	120.9	120.9	NA	NA	NA	NA	NA	NA	NA
ENSDART00000134107	acot13	5	10.6	11.6	NA	NA	NA	NA	NA	NA	NA
ENSDART00000063738	tssc1	13	42.4	34.7	20.0	21.9	51.5	61.9	NA	NA	NA
ENSDART00000111964	hmgb1a	422	65.1	54.3	11.0	25.2	97.1	128.6	100.49	196.89	0.970337896418
ENSDART00000137697	TMEM66	128	35.7	29.3	10.2	17.9	50.2	66.6	NA	NA	NA
ENSDART00000140481	nfu1	49	51.8	44.8	17.1	29.7	69.1	89.8	NA	NA	NA
ENSDART00000078187	FOXO4	37	68.2	65.6	23.5	31.4	94.9	122.9	NA	NA	NA
ENSDART00000135513	rgs6	2	109.9	109.9	NA	NA	NA	NA	NA	NA	NA
ENSDART00000135517	cenpf	64	50.8	41.7	10.1	20.4	64.1	112.4	20.72	43.71	1.0769393751
ENSDART00000085964	ARMC6	44	38.4	31.7	11.1	15.3	49.1	77.8	NA	NA	NA
ENSDART00000028895	negr1	22	72.6	60.4	17.5	38.0	95.9	141.5	NA	NA	NA
ENSDART00000065647	rrp9	298	53.6	51.1	18.3	32.3	70.9	88.3	95.48	174.79	0.872352176904
ENSDART00000049323	pou2f2b	1	21.7	21.7	NA	NA	NA	NA	NA	NA	NA
ENSDART00000125785	ddx10	155	70.1	65.9	33.9	47.6	89.5	110.9	20.08	51.86	1.3688629369
ENSDART00000129279	PCMTD2	6	45.7	37.5	NA	NA	NA	NA	NA	NA	NA
ENSDART00000104358	ARID3A	6	31.8	25.6	NA	NA	NA	NA	NA	NA	NA
ENSDART00000043076	ppdpfb	468	27.9	21.1	8.5	13.7	35.2	53.8	227.72	27.91	-3.02840697533
ENSDART00000026145	CABZ01086041.1	4	20.2	18.5	NA	NA	NA	NA	NA	NA	NA
ENSDART00000064709	txnrd1	445	32.2	27.6	11.1	17.5	41.8	57.5	39.72	22.67	-0.809081231788
ENSDART00000018837	gstp1	987	21.8	17.8	5.1	10.2	29.3	44.7	NA	NA	NA
ENSDART00000060888	ccdc130	117	33.4	29.8	11.2	18.9	46.4	56.5	104.02	48.56	-1.09902061634
ENSDART00000073872	CR352260.1	13	51.0	50.8	23.0	35.9	63.9	74.6	NA	NA	NA
ENSDART00000064700	fuca2	63	29.6	22.3	6.6	11.9	40.9	70.5	11.05	8.92	-0.308930754358
ENSDART00000064701	loxl2b	3	33.1	41.0	NA	NA	NA	NA	NA	NA	NA
ENSDART00000115217	si:zfos-223e1.2	2	40.4	40.4	NA	NA	NA	NA	NA	NA	NA
ENSDART00000020000	zgc:86599	670	49.4	43.0	14.7	26.4	62.0	91.5	89.16	164.74	0.885722372122
ENSDART00000123156	DAGLB	63	46.9	45.8	8.3	20.7	70.0	91.7	NA	NA	NA
ENSDART00000098850	lipg	342	16.0	13.6	2.8	7.7	22.9	30.2	NA	NA	NA
ENSDART00000130958	ccdc58	145	25.1	23.4	4.5	11.1	37.6	48.9	NA	NA	NA
ENSDART00000111052	olig3	2	38.5	38.5	NA	NA	NA	NA	NA	NA	NA
ENSDART00000087110	eif4g3b	124	62.5	57.2	19.8	34.1	86.9	111.5	18.26	71.76	1.97449312494
ENSDART00000047101	zp2.2	73	44.7	40.1	15.9	25.9	61.9	77.0	12.8	0.99	-3.69257147481
ENSDART00000075039	gosr2	297	30.3	27.3	11.6	17.0	40.6	54.1	NA	NA	NA
ENSDART00000062003	efnb3b	9	27.1	24.3	NA	NA	NA	NA	NA	NA	NA
ENSDART00000135473	si:ch211-10d23.5	40	24.0	21.3	10.1	16.6	35.5	39.1	21.97	4.1	-2.42183905492
ENSDART00000135472	zgc:86764	221	26.0	20.4	7.4	13.0	34.4	50.3	70.88	41.85	-0.760150981117
ENSDART00000019063	pdcd10b	74	31.5	23.8	7.9	13.3	36.7	52.3	49.71	10.57	-2.23356072656
ENSDART00000112438	si:ch73-335m24.5	2	79.3	79.3	NA	NA	NA	NA	NA	NA	NA
ENSDART00000112979	sox10	1	16.7	16.7	NA	NA	NA	NA	NA	NA	NA
ENSDART00000025940	ywhaba	337	43.2	38.4	10.4	21.6	58.2	80.6	41.02	305.38	2.89620618306
ENSDART00000113797	zbtb10	78	29.4	23.8	4.3	10.3	40.0	63.9	NA	NA	NA
ENSDART00000122257	eomesa	481	55.8	47.3	10.8	20.9	85.7	113.4	NA	NA	NA
ENSDART00000122256	ccr6a	16	22.7	19.7	9.4	12.8	26.3	37.0	NA	NA	NA
ENSDART00000122700	tenm3	15	31.9	24.8	9.5	14.4	42.1	56.8	NA	NA	NA
ENSDART00000113876	pvrl4	1	18.3	18.3	NA	NA	NA	NA	NA	NA	NA
ENSDART00000122259	adam10a	109	88.1	82.9	35.2	61.6	113.6	145.9	15.61	68.29	2.12920379659
ENSDART00000051655	snrnp27	820	78.0	77.3	39.5	55.8	98.7	117.8	221.0	430.0	0.960290290198
ENSDART00000122709	mtf2	127	31.4	27.8	7.8	13.9	47.0	61.9	20.19	21.96	0.121237143674
ENSDART00000051552	mpdu1a	1	46.8	46.8	NA	NA	NA	NA	NA	NA	NA
ENSDART00000133420	TBC1D14	55	25.2	23.4	6.5	12.4	31.4	51.6	NA	NA	NA
ENSDART00000067053	vta1	161	52.9	50.7	12.8	31.0	76.0	89.7	32.3	167.49	2.37446889192
ENSDART00000055279	snrnp70	192	74.9	63.6	20.8	42.7	101.8	140.6	66.98	139.25	1.05587504641
ENSDART00000103704	nap1l4a	259	74.2	71.9	24.1	49.4	102.6	121.2	50.37	232.29	2.20529041188
ENSDART00000131138	BX649490.1	14	38.6	38.4	26.8	30.8	45.7	53.6	NA	NA	NA
ENSDART00000085143	bnipl	2	66.0	66.0	NA	NA	NA	NA	NA	NA	NA
ENSDART00000085142	MAP1B	1	21.9	21.9	NA	NA	NA	NA	NA	NA	NA
ENSDART00000057983	mrpl38	199	46.0	44.7	17.8	28.6	59.2	74.8	53.84	28.69	-0.908130441842
ENSDART00000057980	tsta3	7	40.4	40.2	NA	NA	NA	NA	NA	NA	NA
ENSDART00000151240	ZXDA	0	NA	NA	NA	NA	NA	NA	4.51	15.55	1.78571524176
ENSDART00000088319	map3k8	2	104.8	104.8	NA	NA	NA	NA	NA	NA	NA
ENSDART00000111444	PPIP5K1	13	47.7	51.1	23.4	25.5	66.2	72.1	NA	NA	NA
ENSDART00000111445	si:dkeyp-72e1.7	1	13.6	13.6	NA	NA	NA	NA	NA	NA	NA
ENSDART00000014159	f8	2	31.0	31.0	NA	NA	NA	NA	NA	NA	NA
ENSDART00000060169	mier1a	240	56.5	53.8	14.3	28.6	80.8	103.0	35.86	260.28	2.85961706553
ENSDART00000041751	ercc1	31	12.7	15.8	-8.6	7.6	21.1	26.3	NA	NA	NA
ENSDART00000014152	aar2	83	28.8	25.7	6.4	15.7	38.5	48.4	NA	NA	NA
ENSDART00000058032	fam204a	39	49.7	48.8	17.8	32.8	67.3	84.1	NA	NA	NA
ENSDART00000126948	cog3	128	30.4	30.0	8.9	16.0	40.6	57.5	NA	NA	NA
ENSDART00000134044	vdac3	174	83.0	87.0	21.7	46.5	112.5	128.5	29.03	104.28	1.84484601091
ENSDART00000100619	C1H7orf55	162	57.6	53.0	17.8	34.4	74.0	105.2	50.93	122.82	1.26995788585
ENSDART00000101631	SATB1	9	44.1	42.7	NA	NA	NA	NA	NA	NA	NA
ENSDART00000056583	cct2	157	33.2	25.7	5.4	11.4	48.6	69.5	138.59	14.3	-3.27673611105
ENSDART00000044328	acss1	67	56.0	47.2	13.3	27.9	83.5	97.4	13.22	54.73	2.0496096797
ENSDART00000127367	CABZ01072511.1	38	20.0	19.7	5.1	8.9	27.9	36.2	NA	NA	NA
ENSDART00000113405	inpp5d	1	23.8	23.8	NA	NA	NA	NA	NA	NA	NA
ENSDART00000074597	bdh2	18	37.4	34.1	13.0	30.3	39.5	63.6	NA	NA	NA
ENSDART00000074592	arrdc3a	3	91.6	128.9	NA	NA	NA	NA	NA	NA	NA
ENSDART00000022685	nradd	8	53.9	32.7	NA	NA	NA	NA	NA	NA	NA
ENSDART00000126370	foxo3b	6	72.9	72.2	NA	NA	NA	NA	NA	NA	NA
ENSDART00000066863	ralaa	129	52.0	51.6	17.6	32.0	68.5	88.4	NA	NA	NA
ENSDART00000102183	MAP3K6	8	17.4	11.6	NA	NA	NA	NA	NA	NA	NA
ENSDART00000138972	ZFHX3	8	33.3	32.5	NA	NA	NA	NA	NA	NA	NA
ENSDART00000133211	si:dkey-15h8.16	3	25.4	19.4	NA	NA	NA	NA	NA	NA	NA
ENSDART00000133210	si:dkey-28b4.8	8	80.1	59.8	NA	NA	NA	NA	NA	NA	NA
ENSDART00000008365	ncbp2	330	49.8	46.3	21.7	33.1	62.8	81.3	162.35	378.83	1.22244319945
ENSDART00000082082	gars	153	53.8	53.3	17.7	34.6	67.5	81.4	54.94	62.16	0.178129593332
ENSDART00000082085	gsc	112	42.4	23.7	6.6	13.9	64.6	107.4	NA	NA	NA
ENSDART00000082084	DDX24	48	56.2	53.4	19.2	36.8	68.9	91.9	53.64	18.49	-1.5365640125
ENSDART00000082087	nip7	69	51.5	43.7	15.7	28.0	67.2	108.8	30.47	71.86	1.23779943532
ENSDART00000050296	snrpe	209	48.7	45.7	18.2	30.9	60.3	76.6	167.46	176.23	0.0736430079089
ENSDART00000124625	zgc:152948	129	23.3	20.9	4.8	12.5	30.4	48.6	NA	NA	NA
ENSDART00000014330	ier5	136	55.2	53.6	9.5	24.1	81.3	107.6	NA	NA	NA
ENSDART00000041531	park7	115	20.7	20.0	6.4	9.8	29.1	36.2	NA	NA	NA
ENSDART00000018523	ahcy	590	45.6	43.2	16.8	28.6	59.7	77.9	72.55	65.95	-0.137602954815
ENSDART00000105761	zic3	50	59.7	50.2	9.6	16.7	94.6	114.4	NA	NA	NA
ENSDART00000147052	stat4	2	17.3	17.3	NA	NA	NA	NA	NA	NA	NA
ENSDART00000004416	lrp1ba	4	54.2	64.5	NA	NA	NA	NA	NA	NA	NA
ENSDART00000040827	ncaph2	155	35.4	32.7	12.2	21.0	46.8	59.8	22.89	79.82	1.80203281596
ENSDART00000052383	cd81	5	61.2	58.1	NA	NA	NA	NA	NA	NA	NA
ENSDART00000056639	faim2a	17	119.7	114.8	68.7	93.1	142.4	179.0	NA	NA	NA
ENSDART00000081543	ptprna	1	51.0	51.0	NA	NA	NA	NA	NA	NA	NA
ENSDART00000078686	pld1a	27	23.8	20.0	7.8	14.0	33.3	43.0	NA	NA	NA
ENSDART00000125973	tbcd	5	35.8	37.4	NA	NA	NA	NA	NA	NA	NA
ENSDART00000083427	slc25a29	2	35.4	35.4	NA	NA	NA	NA	NA	NA	NA
ENSDART00000114091	XPO5	10	36.0	34.1	18.6	27.9	45.6	55.1	NA	NA	NA
ENSDART00000003998	ewsr1b	1252	65.2	62.2	28.0	43.0	82.8	102.9	114.82	608.13	2.40500580095
ENSDART00000003994	zgc:173594	40	33.6	28.7	14.0	20.2	38.0	58.9	NA	NA	NA
ENSDART00000078796	kansl2	154	38.1	32.3	9.7	19.7	50.0	61.8	64.99	33.72	-0.946613211703
ENSDART00000113515	GAB2	7	32.6	26.9	NA	NA	NA	NA	NA	NA	NA
ENSDART00000078790	STK31	79	35.8	29.7	10.1	19.9	47.8	69.6	28.49	20.94	-0.444194179393
ENSDART00000103663	kif6	1	99.5	99.5	NA	NA	NA	NA	NA	NA	NA
ENSDART00000054183	gpr137	40	35.6	24.6	10.1	14.3	48.1	71.9	NA	NA	NA
ENSDART00000129062	ikbke	24	52.9	58.0	16.0	41.8	65.7	84.0	NA	NA	NA
ENSDART00000082339	hoxd12a	3	35.2	36.7	NA	NA	NA	NA	NA	NA	NA
ENSDART00000066282	dhx8	100	94.8	100.1	36.9	71.2	124.3	141.0	14.6	165.86	3.50592572323
ENSDART00000129066	zcchc7	131	51.3	47.8	19.8	29.1	67.4	94.7	23.7	95.41	2.00925342508
ENSDART00000126705	eif3ea	326	35.0	32.0	8.3	17.3	50.0	66.4	171.66	59.18	-1.53637230185
ENSDART00000082333	RCVRN	2	34.0	34.0	NA	NA	NA	NA	NA	NA	NA
ENSDART00000082332	hoxd13a	3	15.6	17.1	NA	NA	NA	NA	NA	NA	NA
ENSDART00000011865	sec23b	173	27.2	23.6	6.5	13.0	34.4	50.9	NA	NA	NA
ENSDART00000126708	rhoub	3	29.6	29.2	NA	NA	NA	NA	NA	NA	NA
ENSDART00000133684	PHC3	86	30.6	27.4	9.6	15.8	37.5	52.7	NA	NA	NA
ENSDART00000146029	CR382372.2	4	134.1	153.7	NA	NA	NA	NA	NA	NA	NA
ENSDART00000076997	lmo4b	76	27.5	23.9	6.6	13.2	37.4	58.6	NA	NA	NA
ENSDART00000017043	CR391963.1	1	66.3	66.3	NA	NA	NA	NA	NA	NA	NA
ENSDART00000151937	rnf144aa	8	16.8	15.9	NA	NA	NA	NA	NA	NA	NA
ENSDART00000043546	mrpl27	115	37.5	34.9	13.3	21.2	50.0	62.4	NA	NA	NA
ENSDART00000059658	tfb1m	30	25.8	25.9	13.2	16.5	34.7	43.5	NA	NA	NA
ENSDART00000109568	pip4k2ab	9	56.8	61.4	NA	NA	NA	NA	NA	NA	NA
ENSDART00000052389	itga11a	2	30.7	30.7	NA	NA	NA	NA	NA	NA	NA
ENSDART00000149478	galns	19	30.5	24.5	14.3	19.0	37.6	53.2	NA	NA	NA
ENSDART00000022358	zc3h15	483	42.3	37.9	11.2	19.9	59.8	79.2	171.22	204.73	0.257871291355
ENSDART00000098940	FOXL2	8	30.3	20.1	NA	NA	NA	NA	NA	NA	NA
ENSDART00000009360	ankrd29	1	48.2	48.2	NA	NA	NA	NA	NA	NA	NA
ENSDART00000102611	cd2ap	54	47.8	38.7	9.5	24.4	60.9	101.0	7.9	20.18	1.35300161604
ENSDART00000147850	ungb	2	11.4	11.4	NA	NA	NA	NA	NA	NA	NA
ENSDART00000137645	cep104	37	29.7	27.0	9.5	16.5	34.5	55.7	NA	NA	NA
ENSDART00000058385	bola1	46	25.7	19.3	6.8	11.4	30.0	52.6	NA	NA	NA
ENSDART00000058384	gapdhs	2	44.9	44.9	NA	NA	NA	NA	NA	NA	NA
ENSDART00000056519	gpr160	49	37.1	22.0	5.0	13.4	42.5	85.1	NA	NA	NA
ENSDART00000058380	rbm42	232	45.2	43.6	14.7	26.7	61.4	76.8	44.68	120.94	1.43659039317
ENSDART00000058831	tpbga	60	46.2	36.3	5.1	10.1	72.0	113.0	NA	NA	NA
ENSDART00000104845	tapbp	120	52.5	48.9	15.1	30.8	68.1	89.4	NA	NA	NA
ENSDART00000127312	osgn1	54	56.0	42.9	8.1	20.1	82.4	118.3	NA	NA	NA
ENSDART00000013640	SEMA6B	44	43.8	39.6	8.6	15.9	65.4	78.7	NA	NA	NA
ENSDART00000066363	FAM53C	125	40.3	37.0	10.6	23.4	51.7	72.8	NA	NA	NA
ENSDART00000104503	cpne5	2	54.6	54.6	NA	NA	NA	NA	NA	NA	NA
ENSDART00000113165	zgc:193711	25	35.9	26.3	13.3	15.6	52.1	60.5	NA	NA	NA
ENSDART00000113162	pi4kaa	11	51.5	28.4	10.2	12.4	82.0	129.0	5.35	11.74	1.13382161182
ENSDART00000145618	si:dkey-75a21.2	1	164.7	164.7	NA	NA	NA	NA	NA	NA	NA
ENSDART00000124882	thoc1	0	NA	NA	NA	NA	NA	NA	31.14	145.36	2.22278947516
ENSDART00000092172	mtif2	43	53.1	50.6	25.0	37.4	58.8	73.2	10.43	9.53	-0.13019103861
ENSDART00000105399	C22H19orf26	4	48.4	42.1	NA	NA	NA	NA	NA	NA	NA
ENSDART00000132621	si:ch211-14a17.7	180	44.8	42.3	17.1	28.5	56.8	77.6	93.75	54.94	-0.770961780082
ENSDART00000056962	fbxo5	493	52.3	35.2	5.1	12.7	84.7	132.2	345.44	89.77	-1.94412984831
ENSDART00000075563	snx24	32	32.2	28.6	1.2	11.3	50.6	64.1	NA	NA	NA
ENSDART00000132625	tulp4	21	70.8	65.1	21.5	37.2	106.4	125.8	NA	NA	NA
ENSDART00000067455	dpysl5b	5	19.1	14.3	NA	NA	NA	NA	NA	NA	NA
ENSDART00000078337	zc3h7b	219	74.0	76.1	13.0	38.9	107.3	126.9	17.44	172.71	3.30787967286
ENSDART00000004678	PDZD4	1	17.5	17.5	NA	NA	NA	NA	NA	NA	NA
ENSDART00000123250	sdc3	43	68.5	70.1	21.7	47.4	93.0	108.2	15.25	69.38	2.18571059795
ENSDART00000077029	emc10	138	45.6	41.8	19.6	28.6	58.4	76.1	41.5	29.36	-0.499259368278
ENSDART00000029843	vezf1a	36	54.1	50.7	13.2	30.7	85.0	106.0	NA	NA	NA
ENSDART00000021753	ccnc	204	84.9	79.9	24.0	44.7	116.3	155.6	NA	NA	NA
ENSDART00000088800	ppcs	28	50.7	43.7	20.7	30.6	66.2	90.8	NA	NA	NA
ENSDART00000143474	zp3c	129	40.5	41.3	13.1	25.2	52.1	61.4	43.12	35.3	-0.288688994594
ENSDART00000141165	tinf2	116	42.7	32.8	5.0	14.6	51.8	94.0	NA	NA	NA
ENSDART00000016382	wif1	1	79.0	79.0	NA	NA	NA	NA	NA	NA	NA
ENSDART00000080687	ogfrl2	15	56.5	54.9	8.3	25.2	75.3	95.1	NA	NA	NA
ENSDART00000134489	htr2cl1	1	9.1	9.1	NA	NA	NA	NA	NA	NA	NA
ENSDART00000130179	cul5b	3	49.4	53.5	NA	NA	NA	NA	NA	NA	NA
ENSDART00000144995	MFSD3	19	55.6	51.4	12.3	21.5	81.9	93.6	NA	NA	NA
ENSDART00000057216	arhgef4	22	28.3	23.9	10.4	18.2	31.5	60.7	NA	NA	NA
ENSDART00000057527	zgc:113019	24	48.9	35.4	10.5	21.9	58.0	122.1	18.94	9.82	-0.947641401154
ENSDART00000130177	pho	44	40.2	5.8	-8.9	-5.3	93.3	128.2	46.55	52.01	0.16000787015
ENSDART00000130175	AP3B1	196	67.6	68.6	23.1	42.6	90.5	108.0	31.53	63.77	1.01615271118
ENSDART00000079536	nek7	39	68.7	64.1	30.3	45.6	94.5	105.2	NA	NA	NA
ENSDART00000138747	urb2	45	58.4	52.4	22.9	38.3	81.5	95.2	19.91	50.88	1.35360544956
ENSDART00000005105	psme1	18	56.6	65.7	16.6	30.6	78.7	90.5	NA	NA	NA
ENSDART00000052603	dazl	368	26.7	22.4	5.9	13.3	35.3	52.9	NA	NA	NA
ENSDART00000101109	ap1s1	59	95.5	102.2	45.4	67.5	121.8	146.3	71.18	408.36	2.52029771918
ENSDART00000079538	CCDC30	21	32.5	29.0	15.3	21.6	37.8	64.7	NA	NA	NA
ENSDART00000142870	tyw1	159	70.5	71.8	28.2	47.1	91.6	110.0	22.18	48.96	1.14234419253
ENSDART00000112742	NBR1	14	50.1	48.4	9.1	21.1	69.0	75.1	9.56	24.03	1.32975412515
ENSDART00000023453	lsm14aa	747	82.8	88.7	24.1	54.9	111.9	128.1	21.64	341.0	3.97799933497
ENSDART00000075172	CTTNBP2NL	13	35.8	38.5	-3.0	13.0	52.3	59.6	NA	NA	NA
ENSDART00000052916	CDA	14	20.4	19.1	3.3	12.3	30.1	39.9	NA	NA	NA
ENSDART00000023454	adsl	152	30.3	24.5	8.2	15.8	39.3	63.2	32.84	5.51	-2.57532990321
ENSDART00000128626	tmem104	129	27.5	23.0	6.2	11.9	38.2	56.6	NA	NA	NA
ENSDART00000109138	hbegfa	26	19.2	14.9	7.1	11.8	23.6	42.0	NA	NA	NA
ENSDART00000153260	si:ch211-141o9.10	1	10.4	10.4	NA	NA	NA	NA	NA	NA	NA
ENSDART00000049373	ftsjd2	117	56.2	50.7	21.0	36.7	76.6	96.4	17.17	82.83	2.27026334931
ENSDART00000045533	tmem127	11	48.7	49.0	-1.2	31.1	63.0	78.5	NA	NA	NA
ENSDART00000109160	tmem70	228	25.0	19.8	6.8	11.7	33.0	50.6	NA	NA	NA
ENSDART00000144168	matr3l1.1	22	120.8	135.5	17.7	53.2	170.1	201.7	37.6	118.2	1.6524254685
ENSDART00000147275	plat	3	38.3	46.8	NA	NA	NA	NA	NA	NA	NA
ENSDART00000109164	TANC2	16	47.0	47.6	6.2	13.9	69.8	97.1	NA	NA	NA
ENSDART00000109166	WDR60	63	36.3	32.2	6.4	16.0	51.6	70.8	NA	NA	NA
ENSDART00000104449	CABZ01036418.1	4	61.6	69.4	NA	NA	NA	NA	NA	NA	NA
ENSDART00000025126	irf2bp2a	86	30.1	24.5	7.1	13.5	36.5	49.0	23.05	15.34	-0.587468267814
ENSDART00000109133	si:dkey-266f7.9	10	37.6	35.3	23.6	27.3	45.8	62.2	NA	NA	NA
ENSDART00000052930	ndufv1	377	67.4	68.9	36.3	52.0	84.0	95.9	45.01	154.58	1.78003620151
ENSDART00000122247	muc5f	1	92.2	92.2	NA	NA	NA	NA	NA	NA	NA
ENSDART00000052938	atp11c	58	28.8	23.9	1.0	8.1	41.8	69.0	NA	NA	NA
ENSDART00000052423	spry2	16	23.5	13.9	4.4	9.1	30.5	57.5	NA	NA	NA
ENSDART00000142701	cdk2ap2	1	-7.9	-7.9	NA	NA	NA	NA	48.81	178.81	1.87317876506
ENSDART00000142700	znf423	37	39.1	31.0	13.6	22.7	60.3	67.6	NA	NA	NA
ENSDART00000110305	si:ch211-199g17.9	1	54.0	54.0	NA	NA	NA	NA	NA	NA	NA
ENSDART00000115420	ANO9	42	93.2	83.4	22.7	46.2	140.9	159.5	NA	NA	NA
ENSDART00000097273	RBM6	80	78.2	82.9	27.9	53.2	102.1	116.9	14.07	57.86	2.03994399469
ENSDART00000062908	rpl7l1	228	38.9	33.7	8.8	16.4	55.2	69.8	56.53	104.76	0.889999362695
ENSDART00000141114	ms4a17a.9	2	9.1	9.1	NA	NA	NA	NA	NA	NA	NA
ENSDART00000143703	flrt3	10	83.3	80.1	20.5	60.6	105.3	140.6	NA	NA	NA
ENSDART00000101203	sumf2	5	31.1	27.6	NA	NA	NA	NA	NA	NA	NA
ENSDART00000049196	gdpd1	23	36.4	24.1	9.9	15.6	51.3	86.8	NA	NA	NA
ENSDART00000099703	CT573389.1	115	37.1	33.6	13.5	22.1	50.7	61.1	NA	NA	NA
ENSDART00000099701	selo	156	51.9	50.4	16.8	31.2	71.1	85.1	NA	NA	NA
ENSDART00000049992	syt9b	10	57.5	53.7	24.7	31.6	74.2	96.2	NA	NA	NA
ENSDART00000003465	gipc2	16	31.6	25.3	4.7	14.5	44.9	63.5	NA	NA	NA
ENSDART00000125753	rpl22	197	38.9	34.8	14.2	21.4	49.0	62.3	179.54	12.29	-3.86874847934
ENSDART00000125781	zcchc8	182	65.7	64.1	22.0	40.8	90.3	106.7	41.52	149.02	1.84362761922
ENSDART00000006109	agk	25	47.2	40.7	18.9	26.6	60.3	97.7	NA	NA	NA
ENSDART00000039109	leng1	104	51.4	45.6	24.5	32.2	69.4	82.1	66.07	33.92	-0.961859174814
ENSDART00000148438	ulk4	16	39.9	41.5	14.8	31.8	51.9	58.3	NA	NA	NA
ENSDART00000114358	zgc:194392	4	70.8	77.0	NA	NA	NA	NA	NA	NA	NA
ENSDART00000067374	apex1	270	42.0	34.3	8.3	17.5	55.7	82.8	23.62	55.13	1.22282863669
ENSDART00000148348	nxph1	21	48.8	38.4	23.0	30.7	69.7	85.4	NA	NA	NA
ENSDART00000148431	cln8	39	42.4	38.1	14.1	27.8	54.3	66.7	NA	NA	NA
ENSDART00000148346	itpkca	361	54.7	45.5	15.0	25.3	76.4	108.9	NA	NA	NA
ENSDART00000067378	si:ch211-214j24.10	389	57.6	58.6	16.3	36.9	78.3	94.6	69.13	501.62	2.85921103996
ENSDART00000064615	dmtn	4	51.4	43.7	NA	NA	NA	NA	NA	NA	NA
ENSDART00000005897	zgc:73340	47	20.5	17.0	1.6	7.3	31.3	47.5	NA	NA	NA
ENSDART00000142653	grm1a	4	27.8	26.3	NA	NA	NA	NA	NA	NA	NA
ENSDART00000033248	fam107b	63	39.4	29.0	6.7	16.3	47.4	88.3	NA	NA	NA
ENSDART00000062631	hapln1b	2	16.3	16.3	NA	NA	NA	NA	NA	NA	NA
ENSDART00000121489	mybl2	145	41.0	37.0	10.1	22.0	55.2	79.6	19.47	48.24	1.30897702318
ENSDART00000121488	fzd3b	24	45.8	30.8	15.5	23.7	61.1	79.8	NA	NA	NA
ENSDART00000014660	ormdl1	94	48.1	29.2	7.7	16.1	55.5	127.1	NA	NA	NA
ENSDART00000086525	atp10d	9	60.4	50.6	NA	NA	NA	NA	NA	NA	NA
ENSDART00000056034	rpap2	36	43.7	41.5	13.7	28.0	64.4	69.6	11.98	7.89	-0.602530702775
ENSDART00000056037	polr3h	27	77.6	79.8	30.6	65.9	99.4	111.5	24.06	34.17	0.506093605253
ENSDART00000060853	pex10	32	33.2	29.1	11.9	19.4	50.6	59.6	NA	NA	NA
ENSDART00000124650	ralbp1	54	43.6	35.8	13.3	20.5	61.2	79.0	21.86	21.98	0.00789798527733
ENSDART00000065420	pacs1a	54	23.2	19.0	8.7	13.3	30.1	38.3	NA	NA	NA
ENSDART00000123399	gcfc2	155	35.9	30.0	11.1	19.4	48.0	67.0	NA	NA	NA
ENSDART00000039525	med30	2	18.8	18.8	NA	NA	NA	NA	NA	NA	NA
ENSDART00000099375	si:dkey-24p1.6	305	26.6	23.0	6.0	12.9	37.1	50.9	46.73	26.17	-0.836435112817
ENSDART00000115344	cep70	34	29.3	28.9	7.6	20.1	37.1	46.9	NA	NA	NA
ENSDART00000030622	rbks	3	50.2	63.8	NA	NA	NA	NA	NA	NA	NA
ENSDART00000123395	her8a	20	57.8	47.6	2.1	13.2	90.1	114.0	NA	NA	NA
ENSDART00000148326	mlst8	50	48.8	43.9	19.7	27.7	69.5	83.7	NA	NA	NA
ENSDART00000126611	thoc5	70	97.6	104.2	55.3	75.3	122.7	134.6	42.73	202.75	2.24638069231
ENSDART00000016946	glud1a	33	65.6	65.2	12.1	39.5	96.8	113.8	13.6	84.55	2.63619810316
ENSDART00000016765	zgc:103759	42	33.7	30.9	10.2	15.3	48.2	62.9	NA	NA	NA
ENSDART00000066368	klhl11	79	18.4	12.7	2.8	7.5	24.5	37.9	NA	NA	NA
ENSDART00000041068	SLC38A9	74	39.9	41.7	10.1	19.5	60.1	71.1	NA	NA	NA
ENSDART00000026807	wasa	6	29.2	28.2	NA	NA	NA	NA	NA	NA	NA
ENSDART00000147619	n6amt2	76	39.9	33.4	12.9	23.9	52.1	71.9	NA	NA	NA
ENSDART00000054092	ARID5B	1	-24.9	-24.9	NA	NA	NA	NA	NA	NA	NA
ENSDART00000081308	purbb	43	77.8	71.5	16.1	29.5	116.1	151.4	NA	NA	NA
ENSDART00000147610	si:ch73-41e3.7	1	31.8	31.8	NA	NA	NA	NA	NA	NA	NA
ENSDART00000140641	si:dkey-27i16.2	6	78.2	69.3	NA	NA	NA	NA	NA	NA	NA
ENSDART00000108554	BRCC3	37	32.2	31.8	11.9	18.0	43.9	56.6	NA	NA	NA
ENSDART00000015940	edf1	497	78.0	77.0	43.2	58.4	95.8	114.2	90.39	255.28	1.49784543496
ENSDART00000020004	mtmr2	9	41.2	35.6	NA	NA	NA	NA	NA	NA	NA
ENSDART00000127556	rbm24b	9	26.6	26.3	NA	NA	NA	NA	NA	NA	NA
ENSDART00000064390	ppil4	26	77.8	77.0	52.0	61.1	96.8	116.4	NA	NA	NA
ENSDART00000064393	ufm1	63	42.3	37.2	6.3	24.8	58.3	79.4	NA	NA	NA
ENSDART00000064394	magixa	4	54.8	57.4	NA	NA	NA	NA	NA	NA	NA
ENSDART00000131968	BX537137.1	1	35.3	35.3	NA	NA	NA	NA	NA	NA	NA
ENSDART00000080877	tnfsf10l4	30	21.4	20.1	13.5	17.1	27.2	30.5	NA	NA	NA
ENSDART00000112019	SETD9	1	15.9	15.9	NA	NA	NA	NA	NA	NA	NA
ENSDART00000136244	npr1a	8	57.5	52.1	NA	NA	NA	NA	NA	NA	NA
ENSDART00000136243	tbc1d16	126	50.7	48.6	19.4	32.6	67.6	84.8	27.05	15.52	-0.801500036527
ENSDART00000123640	man2a1	2	26.6	26.6	NA	NA	NA	NA	NA	NA	NA
ENSDART00000131960	si:ch211-241b2.1	5	79.6	114.2	NA	NA	NA	NA	NA	NA	NA
ENSDART00000103261	ftr78	5	66.3	74.8	NA	NA	NA	NA	NA	NA	NA
ENSDART00000115007	TOB2	316	39.9	32.1	7.7	17.2	58.5	76.7	NA	NA	NA
ENSDART00000115005	BX511227.1	27	36.3	35.2	12.1	23.2	45.4	56.0	NA	NA	NA
ENSDART00000085686	CABZ01101980.1	22	39.4	29.6	13.0	19.8	61.0	71.7	NA	NA	NA
ENSDART00000027171	f3b	107	20.1	18.6	3.7	11.2	27.1	33.4	NA	NA	NA
ENSDART00000011082	per1b	60	94.6	98.8	24.4	58.5	121.8	153.9	5.92	14.34	1.27637594307
ENSDART00000027174	lrrk2	15	25.5	23.4	9.2	14.2	34.3	37.0	NA	NA	NA
ENSDART00000146564	si:ch211-198c19.3	5	28.7	27.4	NA	NA	NA	NA	NA	NA	NA
ENSDART00000065159	zgc:158291	2	27.0	27.0	NA	NA	NA	NA	NA	NA	NA
ENSDART00000036813	ccdc94	190	45.0	41.4	13.3	25.4	59.4	75.2	55.81	125.97	1.17448464251
ENSDART00000115236	atp5ia	401	37.1	35.0	12.6	20.8	48.9	61.7	NA	NA	NA
ENSDART00000140468	nadk2	38	37.3	35.9	11.2	17.2	54.5	66.2	NA	NA	NA
ENSDART00000061106	bhlhe41	1	58.7	58.7	NA	NA	NA	NA	NA	NA	NA
ENSDART00000140391	tyro3	2	63.4	63.4	NA	NA	NA	NA	NA	NA	NA
ENSDART00000061101	igf2r	48	55.3	46.9	13.1	24.8	70.8	100.7	3.18	13.95	2.13316645143
ENSDART00000030357	CNOT6	162	22.7	18.2	2.0	9.9	29.3	44.3	NA	NA	NA
ENSDART00000043483	trim24	28	75.7	70.6	29.8	40.2	103.1	132.9	4.17	15.97	1.93724502397
ENSDART00000150308	SNRPG	105	25.1	18.9	5.0	10.0	34.8	48.3	NA	NA	NA
ENSDART00000110639	gpbp1l1	107	52.7	47.2	14.8	28.8	74.5	98.2	14.5	11.65	-0.315722945361
ENSDART00000012686	zgc:101000	4	126.6	113.7	NA	NA	NA	NA	NA	NA	NA
ENSDART00000007500	pde10a	1	31.1	31.1	NA	NA	NA	NA	NA	NA	NA
ENSDART00000028481	rnf168	249	50.7	48.6	19.4	28.8	68.8	89.0	70.69	113.82	0.687176037573
ENSDART00000150877	si:dkey-238o14.9	5	44.1	39.7	NA	NA	NA	NA	NA	NA	NA
ENSDART00000102846	si:dkey-23a23.2	57	47.8	42.1	16.3	26.4	62.7	89.9	29.33	23.89	-0.295970217301
ENSDART00000102847	si:busm1-160c18.6	1	22.6	22.6	NA	NA	NA	NA	NA	NA	NA
ENSDART00000149911	agtr1b	3	24.7	27.0	NA	NA	NA	NA	NA	NA	NA
ENSDART00000133354	irx4b	7	32.6	31.1	NA	NA	NA	NA	NA	NA	NA
ENSDART00000149913	b4galt1	1	47.4	47.4	NA	NA	NA	NA	NA	NA	NA
ENSDART00000010683	impa1	9	40.4	41.2	NA	NA	NA	NA	NA	NA	NA
ENSDART00000034523	tars	191	38.4	28.5	9.6	15.4	50.1	80.7	40.01	29.97	-0.416841544832
ENSDART00000002225	dnajb1a	66	26.0	23.2	7.9	14.7	35.7	47.8	NA	NA	NA
ENSDART00000015417	rtf1	158	84.3	83.7	22.3	49.2	116.7	142.2	168.49	219.34	0.380505964503
ENSDART00000083947	ptk6b	9	11.5	7.0	NA	NA	NA	NA	NA	NA	NA
ENSDART00000099958	zgc:153372	13	51.3	42.5	25.4	34.9	59.1	77.6	NA	NA	NA
ENSDART00000146708	adar	95	81.5	81.9	23.6	50.0	113.3	133.2	11.82	76.27	2.68988566424
ENSDART00000110839	mon1a	98	57.9	55.6	13.2	29.0	83.5	104.4	NA	NA	NA
ENSDART00000113981	SPEF1	23	42.3	32.4	13.5	20.6	58.9	73.0	NA	NA	NA
ENSDART00000099950	syf2	67	66.3	62.7	26.3	41.8	86.7	112.1	91.94	200.92	1.12785660886
ENSDART00000033332	si:ch211-246m6.5	5	28.3	32.7	NA	NA	NA	NA	NA	NA	NA
ENSDART00000066452	selk	138	80.4	79.1	36.3	57.1	101.8	119.4	NA	NA	NA
ENSDART00000143922	atxn7l2b	217	22.0	19.8	9.3	14.6	27.6	37.1	20.11	0.79	-4.66991661813
ENSDART00000047020	casp9	30	40.5	30.7	13.0	19.9	59.9	77.1	NA	NA	NA
ENSDART00000121864	slc27a6	67	55.3	54.1	23.9	31.6	71.9	87.6	24.39	16.28	-0.58318905853
ENSDART00000075502	timmdc1	78	29.9	27.8	5.8	14.7	42.7	61.2	44.77	14.49	-1.62747472335
ENSDART00000102424	DCHS1	19	41.6	29.0	11.6	15.9	59.5	91.2	NA	NA	NA
ENSDART00000075500	poglut1	8	59.0	57.8	NA	NA	NA	NA	NA	NA	NA
ENSDART00000098707	naa35	91	72.0	71.5	36.6	53.4	86.4	110.5	17.88	24.07	0.428889405291
ENSDART00000125499	zgc:171727	18	29.0	27.4	3.5	11.6	42.2	56.3	NA	NA	NA
ENSDART00000104592	pm20d1.2	7	23.1	17.7	NA	NA	NA	NA	NA	NA	NA
ENSDART00000125492	MEX3D	18	42.7	31.2	10.1	22.8	59.3	88.1	26.42	83.16	1.65425929161
ENSDART00000098022	ar	3	33.3	28.7	NA	NA	NA	NA	NA	NA	NA
ENSDART00000051825	tcf7l1b	189	31.5	27.2	7.9	16.0	45.6	58.3	13.56	21.91	0.692232305854
ENSDART00000122111	si:dkeyp-69b9.3	1	17.7	17.7	NA	NA	NA	NA	NA	NA	NA
ENSDART00000125726	CR788316.4	1	21.2	21.2	NA	NA	NA	NA	NA	NA	NA
ENSDART00000139980	zfyve28	44	30.8	27.6	8.7	16.5	41.5	51.2	NA	NA	NA
ENSDART00000021925	slc29a1a	225	49.6	39.2	12.1	21.8	72.1	98.0	13.74	131.17	3.25498388843
ENSDART00000054366	scube2	44	56.1	50.5	8.1	26.4	71.7	113.9	NA	NA	NA
ENSDART00000063618	exosc7	225	42.8	39.5	17.0	26.8	54.5	68.2	50.49	69.0	0.450598684502
ENSDART00000018107	fancf	86	32.3	28.6	10.6	17.1	44.4	58.1	NA	NA	NA
ENSDART00000111858	MRPL42	9	42.0	33.9	NA	NA	NA	NA	NA	NA	NA
ENSDART00000082434	tgif1	143	70.7	65.9	17.6	37.8	102.9	126.8	NA	NA	NA
ENSDART00000085358	CABZ01117349.1	13	31.0	28.6	8.8	22.1	39.3	51.1	NA	NA	NA
ENSDART00000111850	si:ch211-86h15.1	83	48.8	41.6	18.0	25.1	67.0	85.6	30.11	48.52	0.688336842396
ENSDART00000111853	gripap1	165	46.2	41.4	16.0	26.9	65.9	83.2	NA	NA	NA
ENSDART00000111852	arfgef2	148	53.3	49.6	13.3	27.4	76.5	98.6	15.71	31.98	1.02548675819
ENSDART00000089516	stoml1	32	24.5	18.9	10.3	12.3	33.4	44.1	NA	NA	NA
ENSDART00000137114	pald1b	1	104.8	104.8	NA	NA	NA	NA	NA	NA	NA
ENSDART00000132430	s100v2	26	65.1	68.8	31.3	59.3	80.0	87.5	NA	NA	NA
ENSDART00000144193	hnf4g	1	31.8	31.8	NA	NA	NA	NA	NA	NA	NA
ENSDART00000152222	acsl3a	7	17.4	11.1	NA	NA	NA	NA	NA	NA	NA
ENSDART00000101405	DDAH1	2	17.4	17.4	NA	NA	NA	NA	NA	NA	NA
ENSDART00000112170	C8H9orf172	5	34.7	35.4	NA	NA	NA	NA	NA	NA	NA
ENSDART00000101403	tmem150c	1	15.9	15.9	NA	NA	NA	NA	NA	NA	NA
ENSDART00000023208	ODF3L2	212	66.8	63.5	24.9	40.4	93.7	112.7	93.43	18.1	-2.36789617063
ENSDART00000101408	zgc:162171	2	41.3	41.3	NA	NA	NA	NA	NA	NA	NA
ENSDART00000021693	CR388002.1	4	35.4	19.6	NA	NA	NA	NA	NA	NA	NA
ENSDART00000102260	si:dkey-222f8.3	38	88.1	101.2	9.4	49.8	116.0	140.8	NA	NA	NA
ENSDART00000102267	kdm8	10	47.3	38.8	17.9	28.3	68.2	89.8	NA	NA	NA
ENSDART00000008424	malt1a	1	112.7	112.7	NA	NA	NA	NA	NA	NA	NA
ENSDART00000100422	rit1	67	51.7	49.5	9.1	19.0	73.5	101.0	NA	NA	NA
ENSDART00000134599	C9H2orf69	9	108.2	112.4	NA	NA	NA	NA	NA	NA	NA
ENSDART00000058736	grm4	8	56.0	65.7	NA	NA	NA	NA	NA	NA	NA
ENSDART00000057174	arpc5a	21	52.5	41.9	17.8	29.3	78.1	93.3	NA	NA	NA
ENSDART00000134598	wdr37	23	77.1	76.2	51.0	58.8	89.5	99.1	NA	NA	NA
ENSDART00000066631	slc51a	17	33.2	29.0	4.8	12.1	40.8	57.8	NA	NA	NA
ENSDART00000105602	elovl6	3	92.5	88.7	NA	NA	NA	NA	NA	NA	NA
ENSDART00000126405	FDXR	50	26.2	18.1	6.8	10.5	33.3	51.3	NA	NA	NA
ENSDART00000078476	KCTD17	23	56.2	50.8	5.6	21.1	96.2	113.7	NA	NA	NA
ENSDART00000105604	zgc:77938	2	124.9	124.9	NA	NA	NA	NA	NA	NA	NA
ENSDART00000129196	CNTD1	37	49.1	43.4	20.3	26.1	63.2	87.6	NA	NA	NA
ENSDART00000097625	HSPB11	12	32.9	33.5	11.4	22.4	44.4	51.9	NA	NA	NA
ENSDART00000065841	si:ch73-252p3.1	4	68.2	66.1	NA	NA	NA	NA	NA	NA	NA
ENSDART00000053076	PRPSAP1	71	72.8	70.1	33.4	49.0	99.1	113.6	22.53	80.06	1.82923430215
ENSDART00000034865	hccsa	30	35.5	29.4	13.7	20.2	42.7	57.9	NA	NA	NA
ENSDART00000039295	lrrfip1a	3	27.1	19.7	NA	NA	NA	NA	NA	NA	NA
ENSDART00000005639	thoc7	485	49.5	49.1	17.3	32.1	64.1	81.0	236.15	383.03	0.69775385707
ENSDART00000109398	MTERFD2	11	27.2	24.3	13.6	18.1	33.0	36.9	NA	NA	NA
ENSDART00000109397	ripk1l	1	98.5	98.5	NA	NA	NA	NA	NA	NA	NA
ENSDART00000143862	pex2	27	41.8	34.0	12.8	18.0	61.3	82.3	NA	NA	NA
ENSDART00000109392	snx8a	8	81.3	87.7	NA	NA	NA	NA	NA	NA	NA
ENSDART00000130366	si:dkey-21c1.4	8	29.7	20.7	NA	NA	NA	NA	NA	NA	NA
ENSDART00000048819	rassf2a	9	39.9	40.7	NA	NA	NA	NA	NA	NA	NA
ENSDART00000054736	bhlhe23	1	27.0	27.0	NA	NA	NA	NA	NA	NA	NA
ENSDART00000130361	nr6a1a	22	40.8	42.9	-9.8	2.5	58.0	106.3	NA	NA	NA
ENSDART00000136490	bnip4	71	86.3	88.2	28.9	51.2	115.6	143.7	NA	NA	NA
ENSDART00000146094	cldnf	5	122.4	131.2	NA	NA	NA	NA	NA	NA	NA
ENSDART00000133943	ift80	24	39.1	33.9	16.7	23.6	43.8	59.8	6.58	8.36	0.345415358346
ENSDART00000124452	ube2h	109	71.7	75.3	20.6	45.9	96.1	112.3	NA	NA	NA
ENSDART00000124455	fbxl15	3	14.3	12.5	NA	NA	NA	NA	NA	NA	NA
ENSDART00000138174	slc16a12b	1	54.5	54.5	NA	NA	NA	NA	NA	NA	NA
ENSDART00000041257	gsto2	412	39.6	37.3	15.0	25.0	51.4	67.1	111.6	178.07	0.674107454478
ENSDART00000127492	CABZ01057013.1	88	20.7	17.9	4.4	10.2	26.2	36.1	7.64	1.88	-2.02283997636
ENSDART00000046618	ireb2	186	31.4	27.0	7.2	15.5	43.0	61.2	18.15	17.96	-0.015182198142
ENSDART00000037999	b4galt7	116	39.5	33.9	6.7	14.7	58.1	80.9	NA	NA	NA
ENSDART00000085247	anapc15	38	18.7	19.0	6.5	11.6	24.1	28.6	NA	NA	NA
ENSDART00000046613	vps13d	19	33.2	14.5	4.1	8.1	49.1	91.2	NA	NA	NA
ENSDART00000053210	pknox1.1	1	106.9	106.9	NA	NA	NA	NA	NA	NA	NA
ENSDART00000133946	si:dkey-147f3.8	2	33.0	33.0	NA	NA	NA	NA	NA	NA	NA
ENSDART00000131366	rpl17	473	35.8	33.0	12.6	23.4	45.8	59.8	687.98	11.59	-5.89141415405
ENSDART00000137807	arf6b	111	50.6	46.5	16.6	26.1	68.6	93.2	NA	NA	NA
ENSDART00000058829	scrt1b	2	35.8	35.8	NA	NA	NA	NA	NA	NA	NA
ENSDART00000009649	tubgcp4	22	42.2	40.0	22.5	26.3	50.4	66.4	NA	NA	NA
ENSDART00000077769	serpinb1	5	35.7	38.0	NA	NA	NA	NA	NA	NA	NA
ENSDART00000110770	herc2	31	40.5	29.1	3.1	10.9	71.7	87.6	9.55	5.39	-0.825215460171
ENSDART00000009642	igf2a	35	76.7	59.5	15.3	31.8	108.8	160.4	NA	NA	NA
ENSDART00000075617	sox3	385	47.0	34.4	9.4	16.6	69.2	101.6	NA	NA	NA
ENSDART00000083137	mrm1	64	41.3	35.2	11.2	23.0	54.1	76.0	NA	NA	NA
ENSDART00000126916	mob2b	47	17.1	13.7	2.1	6.0	22.9	38.0	NA	NA	NA
ENSDART00000022918	ankrd46b	2	10.6	10.6	NA	NA	NA	NA	NA	NA	NA
ENSDART00000126914	SP6	2	24.4	24.4	NA	NA	NA	NA	NA	NA	NA
ENSDART00000126913	zgc:66474	31	50.4	39.5	14.7	19.2	66.3	94.9	31.37	33.64	0.100792176412
ENSDART00000129722	CR548641.1	18	32.2	24.6	13.3	15.9	43.1	60.7	NA	NA	NA
ENSDART00000114637	ace	1	-13.4	-13.4	NA	NA	NA	NA	NA	NA	NA
ENSDART00000114982	f2rl1.2	179	41.9	27.9	12.9	18.1	55.9	87.1	NA	NA	NA
ENSDART00000138354	si:ch211-253b1.4	4	43.0	47.9	NA	NA	NA	NA	NA	NA	NA
ENSDART00000114984	elmod3	6	84.7	88.8	NA	NA	NA	NA	NA	NA	NA
ENSDART00000114985	hpse2	3	32.5	26.5	NA	NA	NA	NA	NA	NA	NA
ENSDART00000017229	ncam1a	6	44.5	31.8	NA	NA	NA	NA	NA	NA	NA
ENSDART00000138350	rps12	1720	36.6	34.5	14.6	24.2	46.9	58.2	1308.94	13.24	-6.62735203528
ENSDART00000114988	st8sia1	2	85.6	85.6	NA	NA	NA	NA	NA	NA	NA
ENSDART00000103076	arl8bb	53	52.0	47.8	12.8	30.4	68.2	102.8	NA	NA	NA
ENSDART00000124047	adipoqa	1	56.5	56.5	NA	NA	NA	NA	NA	NA	NA
ENSDART00000038524	gsto1	2	65.0	65.0	NA	NA	NA	NA	NA	NA	NA
ENSDART00000149289	tlr18	18	28.6	24.7	7.4	16.5	40.9	48.0	NA	NA	NA
ENSDART00000124043	ITPK1	9	58.5	47.1	NA	NA	NA	NA	NA	NA	NA
ENSDART00000035739	tmem134	40	90.8	87.6	43.2	66.4	115.8	134.8	NA	NA	NA
ENSDART00000150097	tbk1	25	32.9	28.2	11.1	18.2	49.0	59.3	NA	NA	NA
ENSDART00000074746	smcr8a	80	40.8	34.9	9.5	21.1	62.9	79.2	NA	NA	NA
ENSDART00000131188	nsd1b	9	58.1	60.3	NA	NA	NA	NA	NA	NA	NA
ENSDART00000029699	atp6v0a2b	387	56.3	55.4	19.0	33.7	74.0	98.7	NA	NA	NA
ENSDART00000149755	tyk2	25	23.3	19.7	6.2	10.1	33.2	46.8	NA	NA	NA
ENSDART00000131180	zgc:85932	2	25.2	25.2	NA	NA	NA	NA	NA	NA	NA
ENSDART00000022643	znf622	113	54.7	55.6	22.6	36.5	71.6	89.7	32.6	164.37	2.33400313991
ENSDART00000131182	zgc:66024	96	46.5	42.2	16.1	25.5	67.8	85.1	NA	NA	NA
ENSDART00000125931	exosc5	25	50.4	46.2	15.9	34.7	65.1	79.9	NA	NA	NA
ENSDART00000125933	fam173b	76	38.8	38.0	13.7	22.5	55.0	64.4	NA	NA	NA
ENSDART00000022646	CNOT4	382	39.5	36.3	11.3	21.5	56.0	67.3	18.82	25.2	0.421157105659
ENSDART00000134293	trub2	17	29.4	34.0	7.7	17.8	43.0	43.9	NA	NA	NA
ENSDART00000078816	ARAP2	3	6.3	-4.3	NA	NA	NA	NA	NA	NA	NA
ENSDART00000054591	bmp15	220	19.8	18.6	5.3	11.0	25.6	34.2	NA	NA	NA
ENSDART00000145427	sypl2a	116	53.7	53.0	15.8	30.3	75.9	98.3	NA	NA	NA
ENSDART00000067147	ANKRD50	39	59.5	48.0	11.1	21.7	74.7	135.3	11.88	3.1	-1.93819471553
ENSDART00000114188	CU466279.1	1	13.3	13.3	NA	NA	NA	NA	NA	NA	NA
ENSDART00000013103	ppm1ba	46	36.6	34.2	11.7	18.6	43.5	67.4	44.22	21.95	-1.01047808539
ENSDART00000087444	hepacam2	1	23.0	23.0	NA	NA	NA	NA	NA	NA	NA
ENSDART00000087114	alg5	153	41.8	38.8	12.2	20.9	60.8	77.9	59.61	63.82	0.0984542353085
ENSDART00000087118	xylt1	3	44.3	38.2	NA	NA	NA	NA	NA	NA	NA
ENSDART00000066692	NUP54	219	68.7	69.7	36.4	53.3	84.8	102.0	26.7	76.87	1.52558092655
ENSDART00000130588	FP102892.2	41	27.3	22.4	7.8	15.3	38.0	46.8	12.06	7.01	-0.782743557889
ENSDART00000078412	rps8a	375	45.8	37.6	11.7	23.4	51.7	91.4	698.61	46.45	-3.9107367921
ENSDART00000012479	dscc1	37	35.4	32.3	17.4	23.8	38.3	53.1	NA	NA	NA
ENSDART00000012478	mmadhc	77	31.8	23.5	7.8	14.6	32.0	49.0	14.24	2.19	-2.70094637137
ENSDART00000105646	ITFG3	34	35.8	31.7	8.4	21.6	50.6	62.4	NA	NA	NA
ENSDART00000081337	ndufab1a	182	59.1	59.5	21.9	37.6	79.9	93.7	68.49	165.83	1.27573976035
ENSDART00000137757	irf9	1	109.3	109.3	NA	NA	NA	NA	NA	NA	NA
ENSDART00000017485	sf3b14	545	61.4	55.6	22.8	36.8	79.4	105.6	106.14	410.45	1.95123803332
ENSDART00000012476	selrc1	7	20.8	19.5	NA	NA	NA	NA	NA	NA	NA
ENSDART00000007756	DYNC1I2	45	72.4	75.3	26.1	43.3	101.7	117.5	NA	NA	NA
ENSDART00000064149	nabp1b	99	79.5	77.7	37.3	61.6	97.8	119.7	NA	NA	NA
ENSDART00000029347	hig1	6	31.2	3.5	NA	NA	NA	NA	NA	NA	NA
ENSDART00000030083	chic2	78	24.7	22.7	3.4	10.5	33.1	49.9	NA	NA	NA
ENSDART00000129351	ccni	79	19.2	18.4	0.9	6.9	23.8	36.5	28.64	0.61	-5.5530784397
ENSDART00000064142	CABZ01080370.1	123	65.4	68.3	20.1	42.9	87.1	101.1	11.88	162.62	3.77489795851
ENSDART00000134125	fastk	190	28.8	27.2	6.6	15.3	38.8	52.4	15.08	2.06	-2.87192018609
ENSDART00000134121	pex14	93	37.6	31.4	12.0	16.3	51.6	73.8	NA	NA	NA
ENSDART00000134122	nfkb2	141	20.2	15.2	1.6	7.8	27.0	38.4	22.8	3.71	-2.61954273243
ENSDART00000134123	csrp2	2	53.6	53.6	NA	NA	NA	NA	NA	NA	NA
ENSDART00000016575	tlx3b	1	43.6	43.6	NA	NA	NA	NA	NA	NA	NA
ENSDART00000113744	PKP3	3	16.9	10.3	NA	NA	NA	NA	NA	NA	NA
ENSDART00000047569	igf2b	1	9.4	9.4	NA	NA	NA	NA	NA	NA	NA
ENSDART00000124958	tdrd9	17	68.4	65.9	16.2	34.8	108.3	116.5	8.56	37.49	2.13082312389
ENSDART00000063716	nphp1	34	33.6	29.5	7.3	14.4	48.9	56.0	NA	NA	NA
ENSDART00000063717	MRPL55	45	32.3	25.4	8.7	15.4	37.3	54.2	NA	NA	NA
ENSDART00000063719	rpp21	34	71.1	70.8	24.9	41.8	94.2	109.4	NA	NA	NA
ENSDART00000129882	ptgesl	183	40.1	34.4	10.6	19.5	55.0	83.0	NA	NA	NA
ENSDART00000052030	CDKN2AIP	85	36.7	30.8	8.7	16.2	49.0	74.0	NA	NA	NA
ENSDART00000075263	TSSC4	473	23.3	19.5	5.9	11.8	31.9	43.4	112.0	10.96	-3.35317902887
ENSDART00000134418	si:dkey-157g16.6	16	32.7	24.1	9.4	15.8	33.9	78.5	NA	NA	NA
ENSDART00000075260	inab	1	28.1	28.1	NA	NA	NA	NA	NA	NA	NA
ENSDART00000132189	mogs	40	30.1	31.1	10.7	17.7	40.5	49.2	NA	NA	NA
ENSDART00000130975	timm9	265	42.2	40.7	18.0	26.9	56.0	66.5	110.05	191.85	0.801819619711
ENSDART00000023997	tbca	205	59.7	57.1	28.4	44.5	73.1	90.4	51.04	129.01	1.33778266392
ENSDART00000130978	RALGAPB	119	39.6	39.5	9.2	21.3	56.3	69.0	7.95	9.68	0.284052187103
ENSDART00000009194	aimp2	195	34.9	31.3	8.1	13.9	46.1	69.4	103.02	123.43	0.26076864292
ENSDART00000132183	htatip	143	45.8	40.8	10.0	24.3	64.7	83.8	27.74	145.09	2.38690839557
ENSDART00000015884	mfge8a	39	57.4	59.8	14.8	39.3	82.1	92.4	NA	NA	NA
ENSDART00000052323	harbi1	60	29.6	26.4	5.8	13.9	44.7	54.8	NA	NA	NA
ENSDART00000100665	ddb2	61	30.6	29.0	10.2	19.1	39.8	55.0	23.99	12.16	-0.98028992885
ENSDART00000080465	hells	126	29.9	22.2	7.7	14.1	34.6	55.6	39.96	25.88	-0.6267189658
ENSDART00000141257	ros1	3	49.9	58.6	NA	NA	NA	NA	NA	NA	NA
ENSDART00000144550	nck1a	1	31.2	31.2	NA	NA	NA	NA	NA	NA	NA
ENSDART00000080466	hoxa4a	1	84.6	84.6	NA	NA	NA	NA	NA	NA	NA
ENSDART00000021177	pex13	131	31.4	27.4	7.8	16.4	40.2	61.4	NA	NA	NA
ENSDART00000101188	exoc6b	111	49.1	48.2	16.8	30.8	64.7	82.5	NA	NA	NA
ENSDART00000123094	st3gal2l	170	36.0	32.0	10.5	17.7	51.5	67.9	70.43	37.88	-0.894753751921
ENSDART00000123095	FMN1	3	74.7	64.2	NA	NA	NA	NA	NA	NA	NA
ENSDART00000088484	ahnak	117	45.4	40.1	6.5	16.5	64.9	86.2	4.65	8.74	0.910402563505
ENSDART00000115182	nup214	206	77.6	77.4	32.9	54.6	100.1	117.6	18.12	59.06	1.70459840109
ENSDART00000063863	ccdc124	314	41.4	39.9	16.0	25.3	55.2	70.7	84.1	43.06	-0.965757480975
ENSDART00000000992	GTSF1	975	92.2	95.1	44.3	69.0	116.7	133.3	284.38	1451.47	2.35162284248
ENSDART00000075191	zgc:172323	8	54.4	60.5	NA	NA	NA	NA	NA	NA	NA
ENSDART00000148661	stat2	4	52.9	48.0	NA	NA	NA	NA	NA	NA	NA
ENSDART00000112915	si:dkey-119m17.2	17	42.2	42.8	21.5	25.3	52.5	64.1	NA	NA	NA
ENSDART00000112914	si:ch211-51h9.7	5	51.9	67.7	NA	NA	NA	NA	NA	NA	NA
ENSDART00000108601	dcaf15	42	66.7	68.0	16.3	33.0	95.2	124.6	NA	NA	NA
ENSDART00000135989	cep170a	9	29.2	27.8	NA	NA	NA	NA	NA	NA	NA
ENSDART00000025928	hal	2	64.4	64.4	NA	NA	NA	NA	NA	NA	NA
ENSDART00000108604	PGBD4	3	91.6	61.1	NA	NA	NA	NA	NA	NA	NA
ENSDART00000084745	CR361541.1	52	56.0	54.8	12.1	27.8	84.1	101.8	7.66	19.89	1.37662697891
ENSDART00000126832	CR855996.2	80	26.8	19.7	6.1	10.9	35.8	49.9	NA	NA	NA
ENSDART00000125559	mboat7	38	43.2	39.2	15.6	25.0	52.7	70.4	NA	NA	NA
ENSDART00000051105	TMTC2	23	34.5	29.8	4.9	16.7	48.6	63.7	NA	NA	NA
ENSDART00000125555	nup205	24	59.4	50.9	6.7	14.8	103.1	113.4	13.74	30.62	1.15609227868
ENSDART00000122274	CIT	77	77.0	75.0	42.0	55.5	92.0	116.5	12.75	13.74	0.107884757072
ENSDART00000084691	CABZ01078314.1	92	41.3	35.3	18.3	24.8	48.7	68.8	NA	NA	NA
ENSDART00000122272	fdps	278	53.4	48.9	15.3	28.6	74.2	92.3	46.91	307.47	2.7124782469
ENSDART00000125550	gtpbp1l	68	54.7	52.8	17.9	35.4	76.0	91.4	NA	NA	NA
ENSDART00000060444	rps29	1065	47.6	43.7	23.6	32.7	56.6	71.4	674.75	66.2	-3.34944994955
ENSDART00000060447	med18	54	35.0	34.0	7.4	18.5	45.6	66.2	NA	NA	NA
ENSDART00000064726	pnpla3	1	134.7	134.7	NA	NA	NA	NA	NA	NA	NA
ENSDART00000060442	setdb1a	197	25.4	20.9	5.1	11.4	35.4	52.8	29.07	7.56	-1.94307293192
ENSDART00000101986	C9H2orf15	36	29.3	23.3	9.2	16.3	39.8	58.5	38.75	8.91	-2.12069897353
ENSDART00000101985	zgc:162944	461	47.8	45.7	20.6	33.0	60.3	75.0	144.2	222.8	0.627678068099
ENSDART00000104118	atxn7l3	12	31.3	29.6	13.3	15.0	39.8	49.8	NA	NA	NA
ENSDART00000104112	zyg11	134	29.4	23.7	9.6	15.8	39.0	58.8	24.52	29.67	0.275045947789
ENSDART00000104113	btf3l4	1	32.9	32.9	NA	NA	NA	NA	NA	NA	NA
ENSDART00000103722	LYPLAL1	1	22.8	22.8	NA	NA	NA	NA	NA	NA	NA
ENSDART00000104111	CDK5RAP1	15	18.7	13.2	2.4	8.2	34.2	38.9	NA	NA	NA
ENSDART00000103724	ndfip2	3	46.8	49.5	NA	NA	NA	NA	NA	NA	NA
ENSDART00000146955	ldlr	3	31.8	20.2	NA	NA	NA	NA	NA	NA	NA
ENSDART00000146957	uaca	31	26.7	15.4	6.9	11.5	32.7	67.5	NA	NA	NA
ENSDART00000000198	sema6e	18	21.7	20.3	6.3	11.5	29.3	37.8	NA	NA	NA
ENSDART00000114752	CR457447.1	180	33.4	27.4	7.5	16.3	42.8	62.2	41.7	30.28	-0.461682178346
ENSDART00000075998	klhl26	39	33.1	32.4	16.1	19.5	43.2	53.7	NA	NA	NA
ENSDART00000111462	eif3s10	242	88.3	89.8	44.5	67.4	110.8	127.7	74.94	124.9	0.736965594166
ENSDART00000000192	ptpn4b	123	36.5	28.3	10.4	15.4	48.4	74.8	NA	NA	NA
ENSDART00000111464	WARS	16	44.7	26.0	6.7	14.6	77.1	105.5	NA	NA	NA
ENSDART00000075993	crtc1	31	25.3	20.1	3.4	7.0	29.3	48.4	NA	NA	NA
ENSDART00000100639	chrm4a	1	4.3	4.3	NA	NA	NA	NA	NA	NA	NA
ENSDART00000100638	LIN9	15	42.0	32.3	20.7	23.5	56.6	71.6	NA	NA	NA
ENSDART00000129829	si:rp71-36a1.5	6	52.7	52.5	NA	NA	NA	NA	NA	NA	NA
ENSDART00000041886	RNF130	1	42.4	42.4	NA	NA	NA	NA	NA	NA	NA
ENSDART00000073772	PPAPDC3	1	52.2	52.2	NA	NA	NA	NA	NA	NA	NA
ENSDART00000030658	ZBTB7B	19	25.1	23.5	8.4	16.9	36.5	40.9	NA	NA	NA
ENSDART00000077436	mylipb	5	31.5	32.6	NA	NA	NA	NA	NA	NA	NA
ENSDART00000127003	METTL9	156	47.9	44.7	16.1	25.2	67.8	82.6	NA	NA	NA
ENSDART00000134047	cyp2p10	13	47.4	52.5	16.0	30.9	63.8	67.0	NA	NA	NA
ENSDART00000114659	maml3	81	31.4	26.2	3.8	11.8	47.3	68.2	19.3	47.96	1.31323081126
ENSDART00000015081	CABZ01070469.1	1	-9.1	-9.1	NA	NA	NA	NA	NA	NA	NA
ENSDART00000127342	CABZ01049802.1	1	18.2	18.2	NA	NA	NA	NA	NA	NA	NA
ENSDART00000127343	smarcd2	3	16.2	15.6	NA	NA	NA	NA	NA	NA	NA
ENSDART00000124068	PAX7	1	6.0	6.0	NA	NA	NA	NA	NA	NA	NA
ENSDART00000126354	ablim1b	1	40.0	40.0	NA	NA	NA	NA	NA	NA	NA
ENSDART00000132207	zgc:165539	28	47.9	49.4	14.9	23.3	67.1	78.2	20.57	19.83	-0.0528571162961
ENSDART00000136182	CCDC74A	1	5.8	5.8	NA	NA	NA	NA	NA	NA	NA
ENSDART00000100240	rnmtl1b	49	24.8	21.5	8.6	14.3	31.7	47.8	NA	NA	NA
ENSDART00000078268	pag1	10	28.1	30.2	8.3	19.7	33.5	42.6	NA	NA	NA
ENSDART00000138918	zte25	1	42.4	42.4	NA	NA	NA	NA	NA	NA	NA
ENSDART00000018350	cnot8	727	69.6	70.0	22.1	43.6	95.5	115.3	115.7	1011.53	3.12807833848
ENSDART00000018351	zgc:65851	4	116.6	100.9	NA	NA	NA	NA	NA	NA	NA
ENSDART00000133274	CABZ01032467.1	11	34.5	37.4	13.0	27.8	42.7	45.1	NA	NA	NA
ENSDART00000007770	lbx1b	1	5.8	5.8	NA	NA	NA	NA	NA	NA	NA
ENSDART00000054472	tll1	1	66.9	66.9	NA	NA	NA	NA	NA	NA	NA
ENSDART00000027345	tmem59l	173	60.5	58.4	18.6	35.9	83.3	99.6	41.54	43.83	0.07741746268
ENSDART00000142622	si:ch211-198a12.6	446	68.9	59.1	14.2	32.3	100.7	130.9	62.58	451.5	2.85095242401
ENSDART00000033294	wdr13	27	24.1	22.5	8.0	13.3	36.1	44.9	NA	NA	NA
ENSDART00000054476	fmr1	163	40.9	36.9	8.7	16.9	60.8	79.8	49.4	56.05	0.182203331221
ENSDART00000110974	zdhhc12b	1	14.2	14.2	NA	NA	NA	NA	NA	NA	NA
ENSDART00000092324	abcb6a	189	73.6	73.4	19.5	40.6	101.7	124.8	7.12	97.36	3.77338002175
ENSDART00000102202	zgc:158309	2	24.5	24.5	NA	NA	NA	NA	NA	NA	NA
ENSDART00000014868	calm2a	10	81.7	77.3	50.0	54.7	100.6	137.2	34.02	251.85	2.88810968488
ENSDART00000014685	cpm	2	126.7	126.7	NA	NA	NA	NA	9.58	8.11	-0.240323741519
ENSDART00000122869	C21H11orf82	3	29.2	23.7	NA	NA	NA	NA	NA	NA	NA
ENSDART00000146590	mboat2a	32	46.6	41.2	21.4	29.5	55.6	82.4	NA	NA	NA
ENSDART00000115090	gpt2	89	114.7	124.7	52.9	95.5	147.4	164.6	22.15	628.76	4.82713083629
ENSDART00000056655	klf4b	487	43.5	34.5	11.3	20.6	54.9	89.2	NA	NA	NA
ENSDART00000145069	dyrk2	44	76.4	67.8	14.1	41.3	102.3	149.4	NA	NA	NA
ENSDART00000110195	akirin1	640	67.9	65.2	32.4	46.3	83.1	108.2	81.73	526.77	2.6882355456
ENSDART00000106292	BX322657.1	13	21.8	17.0	7.6	11.4	23.6	31.6	NA	NA	NA
ENSDART00000048375	stmn4	34	45.0	36.5	15.3	20.8	70.3	80.2	NA	NA	NA
ENSDART00000129007	TTC28	3	38.4	44.0	NA	NA	NA	NA	NA	NA	NA
ENSDART00000126766	CABZ01060813.1	39	33.0	29.5	11.2	18.5	46.7	54.1	NA	NA	NA
ENSDART00000013480	elovl1a	160	45.5	43.5	14.9	26.5	60.9	78.2	21.45	42.54	0.987842385574
ENSDART00000082351	tfap2a	94	72.0	53.6	13.7	25.5	100.6	153.9	NA	NA	NA
ENSDART00000126768	cc2d2a	52	66.4	61.8	23.8	42.5	97.6	106.8	5.53	6.35	0.199477111425
ENSDART00000090371	sin3b	127	37.6	32.8	10.1	19.5	52.9	69.6	26.9	80.13	1.57473630391
ENSDART00000082352	KBTBD11	1	-3.8	-3.8	NA	NA	NA	NA	NA	NA	NA
ENSDART00000100961	zgc:55558	282	77.0	72.6	34.3	51.5	98.8	119.8	71.51	272.11	1.92797306795
ENSDART00000100967	si:dkeyp-114g9.1	245	102.0	111.0	38.3	75.5	132.2	149.2	67.25	616.15	3.19567544098
ENSDART00000050762	phactr3b	10	67.7	78.4	21.9	25.5	95.7	116.0	NA	NA	NA
ENSDART00000027129	bmpr1ba	93	32.3	30.4	9.0	17.2	47.3	58.1	NA	NA	NA
ENSDART00000004477	foxi1	246	67.4	63.7	13.0	24.7	99.3	135.0	NA	NA	NA
ENSDART00000077226	mc5rb	1	35.3	35.3	NA	NA	NA	NA	NA	NA	NA
ENSDART00000149382	abcc12	4	30.5	34.8	NA	NA	NA	NA	NA	NA	NA
ENSDART00000077222	ldlrad4	36	26.3	23.5	6.0	12.0	38.8	48.1	NA	NA	NA
ENSDART00000102674	plcd3a	5	48.5	48.4	NA	NA	NA	NA	NA	NA	NA
ENSDART00000093571	camlg	227	34.6	29.2	8.4	18.2	43.8	66.7	50.46	12.92	-1.96553413628
ENSDART00000101799	ALPK1	6	23.4	21.4	NA	NA	NA	NA	NA	NA	NA
ENSDART00000102672	nck2a	75	31.5	28.8	14.6	22.4	39.7	51.4	NA	NA	NA
ENSDART00000143676	zc3h12b	17	45.7	44.1	-0.4	11.0	75.3	80.5	NA	NA	NA
ENSDART00000143677	grm6b	1	46.2	46.2	NA	NA	NA	NA	NA	NA	NA
ENSDART00000121708	pcsk1nl	5	56.9	46.3	NA	NA	NA	NA	NA	NA	NA
ENSDART00000009347	exoc3	117	50.4	44.1	13.4	30.3	68.2	87.3	19.63	150.04	2.9342150902
ENSDART00000134724	ssna1	84	12.7	10.1	1.4	6.5	17.7	26.8	NA	NA	NA
ENSDART00000134725	si:ch211-233a24.2	39	104.7	111.8	50.9	84.3	132.8	150.9	6.29	8.14	0.371968777387
ENSDART00000089207	cables1	8	64.1	67.4	NA	NA	NA	NA	NA	NA	NA
ENSDART00000087329	znf438	16	26.6	28.4	8.8	13.7	37.4	46.9	NA	NA	NA
ENSDART00000115189	slc34a2b	23	53.9	39.8	15.1	29.1	75.6	97.2	NA	NA	NA
ENSDART00000106606	si:dkey-4c15.16	35	31.8	28.7	15.5	23.3	40.1	53.2	NA	NA	NA
ENSDART00000131369	si:dkey-29d8.3	22	53.7	42.9	18.9	24.8	90.3	96.3	NA	NA	NA
ENSDART00000079336	raraa	6	41.4	29.6	NA	NA	NA	NA	NA	NA	NA
ENSDART00000035925	kctd2	3	19.7	16.5	NA	NA	NA	NA	NA	NA	NA
ENSDART00000027807	chd9	5	55.7	22.1	NA	NA	NA	NA	NA	NA	NA
ENSDART00000123940	PHTF2	5	40.8	36.3	NA	NA	NA	NA	NA	NA	NA
ENSDART00000092110	lin54	43	60.0	51.0	15.3	28.3	79.2	117.1	7.17	20.12	1.4885852811
ENSDART00000006393	tlx1	2	59.1	59.1	NA	NA	NA	NA	NA	NA	NA
ENSDART00000004692	IDH2	286	48.1	44.3	17.6	27.6	64.3	82.9	96.69	25.24	-1.9376547788
ENSDART00000055308	pih1d1	18	49.4	46.8	24.8	29.0	71.0	78.7	NA	NA	NA
ENSDART00000134469	glrx	51	44.4	42.5	21.3	26.7	61.5	75.1	NA	NA	NA
ENSDART00000009126	kras	17	57.2	50.1	10.6	33.7	83.0	117.5	NA	NA	NA
ENSDART00000143499	si:dkey-4c15.15	1	17.3	17.3	NA	NA	NA	NA	NA	NA	NA
ENSDART00000006830	mfn1b	38	54.4	58.4	23.1	35.4	74.1	85.4	NA	NA	NA
ENSDART00000134467	parpbp	193	44.5	39.7	15.1	25.1	59.3	84.8	24.0	221.06	3.20333168742
ENSDART00000134466	rp9	1	27.5	27.5	NA	NA	NA	NA	NA	NA	NA
ENSDART00000109982	C23H1orf116	3	43.3	53.2	NA	NA	NA	NA	NA	NA	NA
ENSDART00000026195	slc9a6a	49	52.9	48.9	15.0	25.9	76.3	97.9	NA	NA	NA
ENSDART00000130115	ANKRD30B	8	41.4	21.7	NA	NA	NA	NA	4.43	0.59	-2.90851983919
ENSDART00000063525	calr	1014	33.3	30.8	10.3	18.7	46.2	59.4	174.82	56.41	-1.63184740142
ENSDART00000063523	mgmt	41	57.2	60.2	17.5	38.4	77.8	86.9	NA	NA	NA
ENSDART00000058504	CU929219.1	3	22.8	12.4	NA	NA	NA	NA	NA	NA	NA
ENSDART00000139254	zgc:152977	201	16.1	13.9	-3.3	4.8	23.8	33.1	NA	NA	NA
ENSDART00000052620	npy	1	25.6	25.6	NA	NA	NA	NA	NA	NA	NA
ENSDART00000005120	AL929092.1	3	67.4	21.4	NA	NA	NA	NA	NA	NA	NA
ENSDART00000005127	garem	29	42.2	37.0	17.4	22.1	44.7	60.1	NA	NA	NA
ENSDART00000148870	kmt2bb	52	39.6	29.3	5.3	13.1	54.9	96.7	28.31	9.95	-1.50854331847
ENSDART00000112728	tmem175	19	43.0	42.6	10.9	23.8	59.8	71.9	NA	NA	NA
ENSDART00000049365	ESX1	81	26.2	21.3	6.5	15.0	31.3	51.3	NA	NA	NA
ENSDART00000086631	CR354611.2	121	32.9	27.5	9.8	17.7	44.3	62.0	12.37	13.37	0.112153965117
ENSDART00000112722	org	329	25.9	22.0	6.9	11.9	32.9	49.9	86.88	6.7	-3.69679110246
ENSDART00000085121	sdk2b	12	45.5	43.2	19.9	27.2	55.0	68.2	NA	NA	NA
ENSDART00000137795	ssrp1a	200	87.2	86.8	45.0	67.0	108.0	124.1	127.16	390.6	1.61904702764
ENSDART00000073892	zgc:114041	339	29.0	24.1	8.6	14.5	36.8	55.3	79.04	24.36	-1.69806881368
ENSDART00000128609	cry1b	189	29.8	24.5	7.3	14.0	38.3	62.0	NA	NA	NA
ENSDART00000122919	zgc:163098	64	47.1	45.1	17.8	24.5	64.8	80.7	12.53	16.3	0.379485549797
ENSDART00000101217	CLDN4	14	65.2	46.9	15.2	23.6	112.7	135.4	NA	NA	NA
ENSDART00000049420	ndrg1b	51	31.7	26.3	6.9	13.3	45.1	69.6	NA	NA	NA
ENSDART00000101219	wbscr27	49	49.7	45.9	14.3	28.8	67.8	95.9	NA	NA	NA
ENSDART00000128604	CABZ01077555.1	8	30.2	26.1	NA	NA	NA	NA	NA	NA	NA
ENSDART00000122917	AL840631.3	19	23.5	16.0	6.2	10.4	35.3	43.2	NA	NA	NA
ENSDART00000085989	trmt5	148	44.1	39.4	15.1	27.5	57.3	71.6	34.38	60.16	0.8072350222
ENSDART00000099721	rnf183	1	162.6	162.6	NA	NA	NA	NA	NA	NA	NA
ENSDART00000021340	sycp3	3	42.8	42.7	NA	NA	NA	NA	NA	NA	NA
ENSDART00000104933	eepd1	52	18.5	16.4	2.0	8.0	26.9	38.5	NA	NA	NA
ENSDART00000109183	trim3b	31	25.7	20.5	7.7	11.7	31.7	44.1	NA	NA	NA
ENSDART00000040191	snx17	48	44.3	44.4	8.4	18.5	68.6	85.0	NA	NA	NA
ENSDART00000006344	cap1	289	32.4	24.3	8.8	15.6	41.9	61.0	45.56	101.24	1.1519397604
ENSDART00000025107	map2k1	32	54.4	54.2	23.6	31.9	69.8	92.7	NA	NA	NA
ENSDART00000129919	TIFA	38	75.2	67.2	14.5	44.4	114.0	148.8	NA	NA	NA
ENSDART00000129918	kif17	9	25.0	20.0	NA	NA	NA	NA	NA	NA	NA
ENSDART00000025451	rassf7b	33	54.0	36.0	18.6	25.1	80.5	107.4	NA	NA	NA
ENSDART00000145092	lipi	4	62.8	56.7	NA	NA	NA	NA	NA	NA	NA
ENSDART00000063093	auh	43	56.8	49.3	15.4	20.2	87.8	111.8	NA	NA	NA
ENSDART00000089327	hs2st1a	23	76.3	82.6	15.0	31.2	109.5	137.8	NA	NA	NA
ENSDART00000087857	unc5db	6	52.1	52.0	NA	NA	NA	NA	NA	NA	NA
ENSDART00000111269	ttll11	2	41.3	41.3	NA	NA	NA	NA	NA	NA	NA
ENSDART00000079253	pskh1	63	26.6	23.8	10.2	14.9	33.5	47.9	NA	NA	NA
ENSDART00000062383	ywhaqa	273	56.0	52.9	18.4	34.4	74.6	95.9	255.32	255.24	-0.000452113773957
ENSDART00000086984	hectd2	1	48.9	48.9	NA	NA	NA	NA	NA	NA	NA
ENSDART00000142721	dcun1d4	29	19.1	16.3	1.4	3.8	31.1	40.5	NA	NA	NA
ENSDART00000142726	creg2	4	41.1	33.8	NA	NA	NA	NA	NA	NA	NA
ENSDART00000001804	kifc1	316	43.4	37.2	15.1	23.5	55.0	77.1	48.51	198.11	2.02994762035
ENSDART00000127983	lima1	169	27.3	25.3	6.0	12.6	38.3	50.3	45.21	51.76	0.195195699674
ENSDART00000090844	zgc:153018	2	26.5	26.5	NA	NA	NA	NA	NA	NA	NA
ENSDART00000053685	smox	8	48.5	45.7	NA	NA	NA	NA	NA	NA	NA
ENSDART00000127987	BSN	3	51.4	56.7	NA	NA	NA	NA	NA	NA	NA
ENSDART00000127984	kcnd3	1	42.5	42.5	NA	NA	NA	NA	NA	NA	NA
ENSDART00000127985	MTERF	73	23.7	19.2	7.0	10.9	31.6	47.1	NA	NA	NA
ENSDART00000080671	eif1axb	502	37.3	30.5	9.3	16.6	54.4	70.3	293.31	230.46	-0.347909888929
ENSDART00000080673	syt11a	21	53.6	53.1	12.8	21.6	71.0	102.2	NA	NA	NA
ENSDART00000087070	abcc5	7	92.0	78.4	NA	NA	NA	NA	NA	NA	NA
ENSDART00000141397	rpl15	362	40.2	36.0	21.1	27.9	48.2	63.8	400.67	21.81	-4.19935281753
ENSDART00000127961	DENND6A	108	39.2	34.4	4.3	19.5	51.9	83.6	NA	NA	NA
ENSDART00000102045	zmym2	201	45.1	37.3	10.7	22.8	62.9	89.0	28.55	84.52	1.56580202168
ENSDART00000109224	CCKBR	4	40.4	48.6	NA	NA	NA	NA	NA	NA	NA
ENSDART00000080589	gulp1b	2	36.4	36.4	NA	NA	NA	NA	NA	NA	NA
ENSDART00000067354	zgc:101783	40	48.7	45.3	8.8	23.3	58.8	74.0	30.32	2.73	-3.47329689725
ENSDART00000067608	pde12	113	31.7	29.1	9.0	16.7	41.8	57.4	28.16	27.49	-0.0347404271243
ENSDART00000114573	ccdc24	1	17.6	17.6	NA	NA	NA	NA	NA	NA	NA
ENSDART00000067353	CU041386.1	38	44.1	46.1	16.0	24.6	62.2	73.6	NA	NA	NA
ENSDART00000067604	arf4a	13	52.8	58.6	8.3	18.9	85.8	90.4	NA	NA	NA
ENSDART00000012048	cyb5r4	95	25.8	21.1	8.8	12.3	32.6	48.1	NA	NA	NA
ENSDART00000020167	slc16a9a	2	27.4	27.4	NA	NA	NA	NA	NA	NA	NA
ENSDART00000062656	cryl1	21	62.6	56.5	15.7	33.8	77.5	99.2	NA	NA	NA
ENSDART00000020168	kctd5	28	61.0	46.4	6.8	28.9	84.7	128.2	21.77	15.77	-0.465158747398
ENSDART00000017567	dcp1a	133	20.5	17.9	5.5	9.7	27.6	42.8	NA	NA	NA
ENSDART00000053539	tcf21	3	31.8	34.3	NA	NA	NA	NA	NA	NA	NA
ENSDART00000141620	pi15a	8	35.5	38.1	NA	NA	NA	NA	NA	NA	NA
ENSDART00000135400	tmprss15	51	53.0	43.9	22.3	29.2	72.6	106.8	NA	NA	NA
ENSDART00000060879	si:ch211-9d9.1	22	31.2	25.3	15.3	23.6	37.7	57.8	NA	NA	NA
ENSDART00000064558	etf1	599	63.3	57.3	18.4	35.0	87.4	112.6	124.63	574.48	2.20460528272
ENSDART00000024858	chchd10	170	40.8	36.6	13.0	23.4	58.7	73.5	46.26	70.97	0.617444040367
ENSDART00000064554	ppp2r3c	20	46.7	37.2	22.6	28.7	53.3	79.4	11.88	11.4	-0.0595010117487
ENSDART00000053535	arih1l	291	46.5	44.8	17.3	29.8	62.3	75.0	66.95	66.3	-0.0140751852117
ENSDART00000053534	tbpl1	179	23.4	20.9	4.2	10.3	32.6	48.7	35.62	13.26	-1.42560674099
ENSDART00000127570	pbxip1b	16	52.7	50.7	24.2	34.6	56.2	91.9	15.85	6.51	-1.28375339186
ENSDART00000008698	stk3	396	58.6	54.0	21.6	35.8	74.6	104.5	14.96	164.92	3.462584286
ENSDART00000127575	ckap5	411	36.1	32.5	6.9	16.1	52.0	72.6	33.08	51.82	0.647549781009
ENSDART00000127578	twistnb	186	54.7	44.3	20.7	27.8	73.8	100.6	249.42	33.47	-2.89763669766
ENSDART00000081823	FBXW12	4	37.4	37.4	NA	NA	NA	NA	NA	NA	NA
ENSDART00000123403	arhgap11a	190	58.4	46.4	13.2	27.7	79.0	129.3	22.1	102.3	2.21068787035
ENSDART00000098525	stx2b	12	9.7	8.0	3.5	5.2	13.7	16.2	NA	NA	NA
ENSDART00000126161	CR384099.1	5	18.9	7.8	NA	NA	NA	NA	NA	NA	NA
ENSDART00000126160	dnajb9b	11	27.8	24.5	19.4	20.6	28.1	48.2	NA	NA	NA
ENSDART00000126167	AL935128.1	1	136.9	136.9	NA	NA	NA	NA	NA	NA	NA
ENSDART00000140863	si:dkey-7l6.3	14	30.0	22.1	5.4	7.5	43.7	59.0	NA	NA	NA
ENSDART00000016211	tbp	729	46.7	41.3	11.4	21.7	67.2	90.4	68.92	486.68	2.81997888195
ENSDART00000115398	arid5a	10	18.6	17.3	11.2	12.6	22.6	27.4	NA	NA	NA
ENSDART00000016214	msna	85	74.6	69.6	14.7	35.9	113.1	144.1	130.81	263.59	1.01082280444
ENSDART00000081660	ihha	1	70.1	70.1	NA	NA	NA	NA	NA	NA	NA
ENSDART00000141628	si:dkey-102m7.1	132	21.8	18.9	3.5	10.6	31.4	42.6	NA	NA	NA
ENSDART00000081661	nudt2	76	67.3	69.3	6.7	27.1	104.9	123.7	NA	NA	NA
ENSDART00000081985	pim2	96	50.6	32.1	4.6	12.7	77.4	127.9	NA	NA	NA
ENSDART00000140665	grb10a	89	23.9	15.1	1.4	8.0	34.2	55.8	NA	NA	NA
ENSDART00000140666	prosc	122	39.5	35.4	8.3	18.9	51.6	78.9	NA	NA	NA
ENSDART00000147947	ankhd1	249	52.7	51.4	19.4	31.0	71.3	90.0	32.21	56.95	0.822187181213
ENSDART00000085309	dpcd	38	33.0	19.7	9.8	13.9	33.4	70.3	NA	NA	NA
ENSDART00000124987	PKHD1L1	1	13.5	13.5	NA	NA	NA	NA	NA	NA	NA
ENSDART00000084174	LIG1	107	82.8	84.9	37.3	62.1	105.0	125.7	122.58	154.87	0.337334095598
ENSDART00000111994	tmem63bb	50	44.1	43.5	16.7	24.6	60.6	75.1	NA	NA	NA
ENSDART00000084179	rnf32	3	29.8	22.5	NA	NA	NA	NA	NA	NA	NA
ENSDART00000064809	nol8	152	49.6	49.9	16.3	30.2	68.3	80.3	36.43	62.58	0.780574663498
ENSDART00000034098	dtl	257	27.8	21.6	5.1	11.7	37.0	58.0	46.37	111.91	1.2710753259
ENSDART00000146772	zfand4	29	30.0	24.5	7.5	13.9	37.0	53.3	NA	NA	NA
ENSDART00000009838	agpat6	52	36.4	24.1	12.0	18.2	36.1	53.1	23.14	0.24	-6.59121064839
ENSDART00000064803	iars2	24	66.6	61.7	12.0	37.3	74.9	105.4	4.93	25.37	2.36346396769
ENSDART00000081821	WNT7A	2	58.7	58.7	NA	NA	NA	NA	NA	NA	NA
ENSDART00000076128	ppp1r2	193	65.7	63.1	18.7	39.4	95.2	115.8	106.97	173.39	0.69681444978
ENSDART00000123667	pkma	587	27.8	25.5	10.2	16.7	36.3	49.4	38.64	8.02	-2.26842095238
ENSDART00000115025	thap4	83	38.2	33.8	11.6	18.4	49.7	75.9	NA	NA	NA
ENSDART00000115026	CABZ01083862.1	6	33.0	23.0	NA	NA	NA	NA	NA	NA	NA
ENSDART00000035905	sumo3a	1121	75.9	75.1	26.7	46.9	99.9	124.1	140.62	1248.03	3.14977890925
ENSDART00000115023	BX927294.1	130	35.0	27.3	6.6	14.6	49.4	79.2	NA	NA	NA
ENSDART00000097845	ggps1	467	52.6	50.5	20.0	31.7	71.0	88.2	65.19	236.51	1.85917860383
ENSDART00000003317	tfdp1b	49	82.4	84.2	42.3	62.9	101.8	119.9	33.81	82.3	1.28344241442
ENSDART00000030409	asap1b	102	45.0	40.7	16.1	27.4	61.9	75.7	NA	NA	NA
ENSDART00000142577	fxn	316	26.3	21.5	6.2	12.6	36.4	51.1	NA	NA	NA
ENSDART00000019743	tm9sf2	36	47.2	26.0	1.9	12.4	67.2	111.7	NA	NA	NA
ENSDART00000079347	serpine1	7	24.2	23.2	NA	NA	NA	NA	NA	NA	NA
ENSDART00000019744	reps1	178	31.6	25.8	6.3	14.2	42.2	67.4	15.5	27.02	0.801759459164
ENSDART00000146779	slc38a2	17	19.7	17.1	9.3	12.7	25.0	35.6	NA	NA	NA
ENSDART00000084355	zgc:165481	10	32.0	30.6	14.5	21.8	42.5	52.7	NA	NA	NA
ENSDART00000105453	si:ch211-197g15.7	8	49.9	47.2	NA	NA	NA	NA	NA	NA	NA
ENSDART00000137567	smim14	69	27.6	19.5	2.3	8.0	42.0	62.9	NA	NA	NA
ENSDART00000147491	fam63a	117	43.2	40.7	13.8	27.2	53.3	68.6	28.03	48.05	0.777564686629
ENSDART00000085304	pcsk5b	12	24.9	28.2	4.9	11.8	36.9	40.2	NA	NA	NA
ENSDART00000150320	gfra1b	5	40.6	32.3	NA	NA	NA	NA	NA	NA	NA
ENSDART00000081188	lsm7	58	69.8	72.6	20.7	33.1	96.3	117.3	39.8	165.8	2.05860367095
ENSDART00000110613	LRIG3	35	42.7	37.2	17.6	21.5	63.5	73.5	7.48	1.6	-2.224966365
ENSDART00000134918	dhx9	34	62.9	53.4	13.7	33.3	88.2	119.0	6.66	9.49	0.51088590995
ENSDART00000098045	gas1b	53	53.5	36.9	7.5	19.4	89.2	121.9	NA	NA	NA
ENSDART00000034541	gpatch11	21	32.6	21.6	14.8	19.0	40.8	57.9	NA	NA	NA
ENSDART00000060650	FCF1	220	49.3	47.0	17.6	30.0	68.1	80.9	74.54	57.69	-0.369693555668
ENSDART00000057944	rpl26	987	42.8	37.3	19.5	28.0	49.6	65.2	642.66	7.94	-6.33877286235
ENSDART00000060657	rmi1	19	23.3	21.3	4.1	8.7	35.1	45.9	NA	NA	NA
ENSDART00000106191	psmc5	62	38.4	34.0	11.7	23.1	45.6	74.1	42.41	24.99	-0.76305358151
ENSDART00000034898	si:dkey-27j5.5	1	57.6	57.6	NA	NA	NA	NA	NA	NA	NA
ENSDART00000088293	SIPA1L3	22	34.1	29.9	9.3	16.8	43.4	66.1	NA	NA	NA
ENSDART00000088290	RAPH1	93	45.5	44.0	11.3	25.3	62.4	80.3	7.52	28.77	1.93576065406
ENSDART00000121806	cdc5l	379	59.2	57.5	23.2	38.8	79.2	94.6	70.88	320.1	2.17507216788
ENSDART00000146544	mpv17	32	41.5	42.2	19.9	27.5	54.0	61.6	NA	NA	NA
ENSDART00000075525	FP103005.1	1	47.0	47.0	NA	NA	NA	NA	NA	NA	NA
ENSDART00000019296	gdf9	59	43.4	37.5	10.9	21.2	61.7	77.1	NA	NA	NA
ENSDART00000075520	aldh6a1	229	52.7	50.6	14.2	30.2	75.1	93.1	29.72	36.09	0.280165027359
ENSDART00000075521	zgc:113054	126	67.7	69.4	29.5	50.2	87.0	102.6	50.51	89.97	0.832874981159
ENSDART00000075522	syne2b	2	27.7	27.7	NA	NA	NA	NA	NA	NA	NA
ENSDART00000051666	ppm1f	6	36.9	26.5	NA	NA	NA	NA	NA	NA	NA
ENSDART00000152677	plekhm1	260	34.0	29.1	10.2	18.0	46.6	67.3	10.34	45.12	2.12553088208
ENSDART00000150129	polg	4	26.0	30.4	NA	NA	NA	NA	3.22	1.38	-1.22239242134
ENSDART00000055682	ndel1b	793	37.2	31.0	12.5	19.2	48.3	70.0	29.24	60.36	1.04564949457
ENSDART00000055681	tek	1	22.2	22.2	NA	NA	NA	NA	NA	NA	NA
ENSDART00000061838	ttc38	2	39.6	39.6	NA	NA	NA	NA	NA	NA	NA
ENSDART00000043815	klhl12	30	57.9	57.4	13.6	20.2	86.3	112.4	15.25	44.39	1.54142546599
ENSDART00000144938	si:ch211-191j22.3	20	47.3	43.9	6.5	17.5	64.4	92.8	NA	NA	NA
ENSDART00000122136	MDFI	11	44.8	40.2	16.9	26.2	61.8	86.1	NA	NA	NA
ENSDART00000122137	tpt1	65	49.0	46.2	24.3	33.7	61.3	83.9	370.71	101.2	-1.87308174273
ENSDART00000077962	exoc2	99	50.3	49.9	22.5	32.5	65.4	79.1	14.56	41.2	1.50063398187
ENSDART00000122131	CDK5RAP2	58	66.8	59.9	25.2	43.8	87.7	109.7	25.13	21.7	-0.211715628549
ENSDART00000043812	polr2c	113	44.8	39.8	18.8	25.3	59.1	74.8	37.48	84.34	1.17009606862
ENSDART00000122139	hao2	19	33.8	29.4	9.2	23.5	49.4	59.0	NA	NA	NA
ENSDART00000137178	marveld2b	28	36.9	22.7	10.4	14.7	40.5	50.8	NA	NA	NA
ENSDART00000137179	caly	48	30.6	24.0	8.3	14.3	43.9	58.0	NA	NA	NA
ENSDART00000028997	CU633744.1	3	73.1	51.6	NA	NA	NA	NA	NA	NA	NA
ENSDART00000018163	irf2bp1	184	30.1	24.0	5.3	12.2	43.0	66.8	NA	NA	NA
ENSDART00000106436	zgc:171318	15	29.3	25.6	14.7	21.3	38.2	51.9	NA	NA	NA
ENSDART00000104323	snrka	158	38.1	32.9	9.8	18.4	56.0	78.1	23.84	11.85	-1.00849717668
ENSDART00000104322	uchl3	171	54.0	53.8	19.7	33.8	69.2	94.3	81.9	223.75	1.4499523254
ENSDART00000023006	fam84a	19	46.2	38.7	14.6	20.1	55.1	110.0	NA	NA	NA
ENSDART00000085402	OCRL	5	9.8	3.1	NA	NA	NA	NA	NA	NA	NA
ENSDART00000145326	pde6g	1	53.2	53.2	NA	NA	NA	NA	NA	NA	NA
ENSDART00000080628	arpc3	58	39.1	38.0	13.3	22.3	56.5	64.3	NA	NA	NA
ENSDART00000082184	TMEM128	7	32.9	20.9	NA	NA	NA	NA	NA	NA	NA
ENSDART00000146728	znf653	92	34.9	31.3	9.4	19.2	46.8	58.2	65.8	25.84	-1.34848151393
ENSDART00000141405	fastkd1	17	34.7	30.7	7.7	22.6	43.4	71.2	NA	NA	NA
ENSDART00000089533	atrnl1a	1	32.3	32.3	NA	NA	NA	NA	NA	NA	NA
ENSDART00000108838	tecrb	76	49.4	43.7	10.0	23.3	69.0	90.8	NA	NA	NA
ENSDART00000061520	BRK1	6	49.5	24.8	NA	NA	NA	NA	NA	NA	NA
ENSDART00000065862	FNBP1	3	76.4	70.5	NA	NA	NA	NA	NA	NA	NA
ENSDART00000112116	ctssb.1	2599	20.9	17.7	4.4	9.7	27.7	40.4	471.69	82.65	-2.5127522909
ENSDART00000065864	TTC17	103	43.1	35.2	12.4	21.9	66.2	77.6	17.09	11.29	-0.598106910903
ENSDART00000152240	si:ch1073-174d20.2	38	55.6	49.3	3.0	24.6	79.7	116.0	9.21	31.0	1.75099515407
ENSDART00000065868	vps33b	1	105.5	105.5	NA	NA	NA	NA	NA	NA	NA
ENSDART00000100386	mstnb	1	54.4	54.4	NA	NA	NA	NA	NA	NA	NA
ENSDART00000112118	CU633988.1	22	35.1	26.6	2.6	14.3	49.9	68.0	NA	NA	NA
ENSDART00000002633	frzb	1	61.2	61.2	NA	NA	NA	NA	NA	NA	NA
ENSDART00000102245	pdpk1a	4	55.5	48.4	NA	NA	NA	NA	NA	NA	NA
ENSDART00000093187	lnpa	195	36.4	32.4	10.0	19.6	48.1	70.7	41.06	21.5	-0.933396967632
ENSDART00000093185	limk2	101	90.5	82.2	18.6	41.5	126.0	178.7	NA	NA	NA
ENSDART00000083761	fam69b	23	40.9	32.2	10.0	24.2	53.7	63.5	NA	NA	NA
ENSDART00000083760	frmd3	14	44.2	46.2	13.5	25.7	63.5	68.6	NA	NA	NA
ENSDART00000032009	CABZ01074899.1	3	69.3	66.3	NA	NA	NA	NA	NA	NA	NA
ENSDART00000066388	tomm22	138	50.0	44.2	11.0	22.0	73.6	92.5	59.24	199.6	1.75246817494
ENSDART00000078459	tmem55a	4	76.6	78.3	NA	NA	NA	NA	NA	NA	NA
ENSDART00000013872	slc2a1b	5	29.7	20.3	NA	NA	NA	NA	NA	NA	NA
ENSDART00000013870	UBL4B	159	27.1	23.1	7.5	13.4	33.8	51.7	77.94	25.43	-1.61583246948
ENSDART00000062868	tfdp2	32	35.6	35.3	10.6	24.8	48.3	56.6	NA	NA	NA
ENSDART00000066380	ca7	303	32.6	26.8	7.3	14.3	44.7	66.3	NA	NA	NA
ENSDART00000066382	aqp8a.1	1	134.4	134.4	NA	NA	NA	NA	NA	NA	NA
ENSDART00000066383	hbz	2	34.4	34.4	NA	NA	NA	NA	NA	NA	NA
ENSDART00000097644	ephb4b	52	33.7	25.3	12.1	16.2	39.0	58.7	18.34	2.35	-2.96426097703
ENSDART00000097649	clpxb	27	77.0	82.9	22.5	57.3	95.1	116.6	NA	NA	NA
ENSDART00000097648	crfb6	31	50.9	24.9	10.6	17.1	69.2	122.0	NA	NA	NA
ENSDART00000046800	slc8a1a	1	6.4	6.4	NA	NA	NA	NA	NA	NA	NA
ENSDART00000001320	pdgfra	16	28.3	24.4	15.2	17.6	34.9	45.4	NA	NA	NA
ENSDART00000041279	tubb4b	1094	41.6	35.9	12.5	24.6	51.1	75.0	320.65	98.07	-1.70911562424
ENSDART00000055422	flr	27	43.5	40.4	10.1	15.4	60.3	79.5	6.77	16.49	1.28436365986
ENSDART00000143807	zgc:113060	19	40.7	31.8	14.4	24.7	58.7	73.5	NA	NA	NA
ENSDART00000143806	si:dkey-188i13.11	76	39.8	36.6	13.7	22.1	51.2	69.3	75.46	28.11	-1.42462864643
ENSDART00000099552	exosc8	129	50.4	49.7	19.4	36.8	63.8	76.7	42.38	83.7	0.981844035066
ENSDART00000035743	rrp1	335	56.4	57.2	18.8	34.7	73.6	92.7	139.49	94.97	-0.55461794065
ENSDART00000052329	ZNF408	23	42.5	40.4	21.4	28.8	55.8	69.2	10.86	2.61	-2.05690239123
ENSDART00000058970	gtpbp10	35	46.6	43.6	15.0	31.2	61.4	79.6	NA	NA	NA
ENSDART00000058971	lrrc20	2	22.8	22.8	NA	NA	NA	NA	NA	NA	NA
ENSDART00000058974	nbn	26	46.7	39.3	19.2	27.4	63.3	74.3	NA	NA	NA
ENSDART00000130340	zgc:174877	5	26.2	18.6	NA	NA	NA	NA	NA	NA	NA
ENSDART00000130342	CABZ01054396.1	42	41.5	31.6	7.1	18.2	45.6	72.5	NA	NA	NA
ENSDART00000130343	parp12a	51	40.5	32.1	13.4	18.9	50.6	89.6	NA	NA	NA
ENSDART00000048293	irf1b	1	69.4	69.4	NA	NA	NA	NA	NA	NA	NA
ENSDART00000130347	BX957278.1	3	37.8	36.5	NA	NA	NA	NA	NA	NA	NA
ENSDART00000124476	tube1	42	33.0	35.5	5.0	16.9	47.7	56.6	NA	NA	NA
ENSDART00000021645	kdelc2	7	52.9	49.6	NA	NA	NA	NA	NA	NA	NA
ENSDART00000092580	rbpjb	61	37.9	34.8	1.0	21.1	54.1	68.4	NA	NA	NA
ENSDART00000024199	atp5a1	1082	37.0	32.4	10.2	18.5	49.2	67.8	497.37	161.52	-1.62260667497
ENSDART00000110059	vav3b	6	42.0	53.5	NA	NA	NA	NA	NA	NA	NA
ENSDART00000024193	FP236813.1	198	61.1	52.0	11.8	31.5	75.4	103.4	22.45	138.13	2.62123933773
ENSDART00000055473	grb2b	110	41.2	36.7	11.3	20.8	59.4	74.6	18.73	68.35	1.86759043825
ENSDART00000110056	MSANTD2	1	122.3	122.3	NA	NA	NA	NA	NA	NA	NA
ENSDART00000024627	cdh2	9	101.4	109.0	NA	NA	NA	NA	NA	NA	NA
ENSDART00000053946	cxcl12a	39	73.2	63.2	19.7	33.8	101.2	144.1	NA	NA	NA
ENSDART00000137821	micall2b	272	19.6	15.2	3.5	7.4	25.8	43.2	NA	NA	NA
ENSDART00000136428	chrne	1	62.8	62.8	NA	NA	NA	NA	NA	NA	NA
ENSDART00000077783	hmox2a	30	55.3	49.6	14.0	30.2	73.6	85.4	NA	NA	NA
ENSDART00000131434	fam135a	153	35.9	32.9	7.9	16.4	56.6	64.3	14.83	16.7	0.171329504907
ENSDART00000077785	vps26bl	43	44.2	40.9	21.0	28.1	63.4	74.9	NA	NA	NA
ENSDART00000091728	NTRK3	1	15.0	15.0	NA	NA	NA	NA	NA	NA	NA
ENSDART00000028500	nxn	76	84.4	82.1	28.2	53.1	116.4	140.2	NA	NA	NA
ENSDART00000091727	ntrk3a	11	20.3	16.3	11.8	12.8	23.6	24.4	NA	NA	NA
ENSDART00000142348	sertad2a	63	27.0	23.7	7.3	13.0	38.0	53.9	NA	NA	NA
ENSDART00000129211	zgc:92107	111	45.9	42.8	13.2	27.1	61.5	84.1	14.51	25.4	0.807780977593
ENSDART00000129745	SH2D1B	2	165.3	165.3	NA	NA	NA	NA	NA	NA	NA
ENSDART00000129214	CABZ01013938.1	381	33.1	28.6	8.9	18.9	45.7	58.9	167.1	140.31	-0.252093898808
ENSDART00000129743	BX470131.2	88	26.4	21.4	8.3	13.5	34.0	51.5	NA	NA	NA
ENSDART00000105218	khk	1	9.3	9.3	NA	NA	NA	NA	NA	NA	NA
ENSDART00000126937	wu:fb59d01	1	129.4	129.4	NA	NA	NA	NA	NA	NA	NA
ENSDART00000114610	INCENP	2	-4.0	-4.0	NA	NA	NA	NA	55.1	69.91	0.343446516182
ENSDART00000113643	fbxo25	73	26.5	22.8	6.1	15.0	34.7	50.3	NA	NA	NA
ENSDART00000044896	camk2d2	2	45.5	45.5	NA	NA	NA	NA	NA	NA	NA
ENSDART00000114613	ptcd1	143	19.3	16.2	4.8	9.5	25.6	38.3	34.06	6.63	-2.36099765957
ENSDART00000114966	antxr1b	2	38.8	38.8	NA	NA	NA	NA	NA	NA	NA
ENSDART00000133497	si:dkey-250k15.4	56	33.3	33.0	12.0	17.9	44.2	54.7	NA	NA	NA
ENSDART00000114617	BX510999.1	2	22.6	22.6	NA	NA	NA	NA	NA	NA	NA
ENSDART00000020283	rpusd4	94	32.6	25.6	8.9	17.8	40.8	59.3	35.28	9.3	-1.92354793956
ENSDART00000005804	XRCC2	7	14.4	15.1	NA	NA	NA	NA	NA	NA	NA
ENSDART00000076786	CLEC19A	12	41.8	39.3	17.8	26.9	52.6	63.7	NA	NA	NA
ENSDART00000098604	adam28	1	42.2	42.2	NA	NA	NA	NA	NA	NA	NA
ENSDART00000121581	si:ch211-161m3.4	8	19.7	19.9	NA	NA	NA	NA	NA	NA	NA
ENSDART00000035710	lin7c	155	43.2	35.7	7.6	19.3	62.9	87.6	NA	NA	NA
ENSDART00000121585	cep135	57	30.6	25.1	3.4	15.0	40.2	59.9	21.48	1.6	-3.7468501831
ENSDART00000024443	CABZ01057488.1	6	61.6	43.0	NA	NA	NA	NA	NA	NA	NA
ENSDART00000035714	dnajc24	56	27.0	21.2	6.8	11.4	36.4	51.2	NA	NA	NA
ENSDART00000054653	mcm3l	8	27.6	22.5	NA	NA	NA	NA	146.87	34.0	-2.11093308634
ENSDART00000136369	BX649331.2	2	129.8	129.8	NA	NA	NA	NA	NA	NA	NA
ENSDART00000138264	si:ch211-183d21.1	7	54.5	59.8	NA	NA	NA	NA	NA	NA	NA
ENSDART00000012531	wacb	60	27.4	25.9	6.3	14.1	34.5	51.7	NA	NA	NA
ENSDART00000003674	ankmy2a	98	45.8	42.1	15.5	24.7	62.8	79.7	NA	NA	NA
ENSDART00000078877	sncga	1	55.2	55.2	NA	NA	NA	NA	NA	NA	NA
ENSDART00000091588	kmt2ba	172	38.8	32.2	13.5	19.7	52.2	74.2	18.74	27.48	0.552261051159
ENSDART00000003670	zgc:101744	892	48.6	48.3	14.6	29.2	65.5	80.1	200.87	346.51	0.786634874797
ENSDART00000091852	soga1	1	97.2	97.2	NA	NA	NA	NA	NA	NA	NA
ENSDART00000091583	ARMC10	20	34.9	32.2	9.1	19.5	46.7	62.2	NA	NA	NA
ENSDART00000145154	ccdc40	15	47.4	37.7	21.6	27.9	66.7	83.6	NA	NA	NA
ENSDART00000067161	tnpo3	189	88.9	95.8	25.3	51.2	123.3	140.6	42.65	334.22	2.97018042139
ENSDART00000145150	serpinf2a	2	67.3	67.3	NA	NA	NA	NA	NA	NA	NA
ENSDART00000123068	cacnb1	5	37.0	33.7	NA	NA	NA	NA	NA	NA	NA
ENSDART00000100727	osbpl9	97	46.2	39.1	14.2	25.6	65.7	90.6	NA	NA	NA
ENSDART00000113395	SERP1	210	51.7	47.6	12.7	25.7	70.9	96.7	NA	NA	NA
ENSDART00000067168	pdzrn4	11	38.7	32.9	8.2	11.7	52.8	73.6	NA	NA	NA
ENSDART00000052541	ccnb2	4412	35.8	29.4	9.6	17.1	47.9	69.7	696.38	1571.98	1.17463618802
ENSDART00000044426	si:dkey-240h12.4	3	33.0	35.1	NA	NA	NA	NA	NA	NA	NA
ENSDART00000052012	twf1a	268	38.2	34.1	12.9	21.6	50.9	69.0	49.05	117.72	1.26303440583
ENSDART00000105666	crp6	4	18.8	16.8	NA	NA	NA	NA	NA	NA	NA
ENSDART00000125348	id2b	6	18.1	14.7	NA	NA	NA	NA	NA	NA	NA
ENSDART00000093239	wtip	2	53.7	53.7	NA	NA	NA	NA	NA	NA	NA
ENSDART00000017970	cdc34b	673	90.8	90.9	42.6	68.5	113.6	135.1	27.17	314.51	3.53301941836
ENSDART00000012457	PAOX	1	35.9	35.9	NA	NA	NA	NA	NA	NA	NA
ENSDART00000044423	magi1b	25	63.9	61.6	3.5	39.8	96.7	113.1	3.65	25.99	2.8319882647
ENSDART00000017975	rps18	958	53.8	53.3	29.3	41.7	63.7	77.7	877.55	36.91	-4.57139768522
ENSDART00000090675	ARHGAP35	27	37.8	31.4	12.3	15.4	49.2	81.7	NA	NA	NA
ENSDART00000009932	ints6	111	32.3	27.2	5.8	14.9	47.2	59.7	NA	NA	NA
ENSDART00000009936	tlk1b	82	77.2	82.7	19.4	48.6	105.4	124.3	33.58	57.84	0.784465322014
ENSDART00000007777	NPAS3	22	34.4	28.8	8.5	13.2	39.8	89.1	NA	NA	NA
ENSDART00000128161	kdm4b	145	58.5	55.3	20.6	32.9	82.5	103.3	25.55	78.69	1.62285701716
ENSDART00000141094	si:dkeyp-3f10.11	1	38.5	38.5	NA	NA	NA	NA	NA	NA	NA
ENSDART00000128166	HIST1H4J	5	14.3	15.3	NA	NA	NA	NA	NA	NA	NA
ENSDART00000134146	MTSS1	174	44.4	35.4	9.8	24.1	58.1	87.7	NA	NA	NA
ENSDART00000045763	keap1a	12	44.6	38.2	18.6	22.7	53.8	80.0	NA	NA	NA
ENSDART00000056619	zgc:103625	1	60.6	60.6	NA	NA	NA	NA	NA	NA	NA
ENSDART00000151698	syt3	1	35.9	35.9	NA	NA	NA	NA	NA	NA	NA
ENSDART00000067290	PYURF	104	36.8	35.7	12.1	22.8	48.5	66.5	NA	NA	NA
ENSDART00000067293	cnbpa	597	95.1	97.4	36.8	66.4	122.6	148.5	115.95	672.6	2.53624595888
ENSDART00000151693	oxnad1	12	53.5	60.3	21.4	39.3	71.0	75.3	NA	NA	NA
ENSDART00000151697	ubn2	239	48.5	45.8	12.0	25.7	67.7	86.2	30.21	22.74	-0.409793929836
ENSDART00000074604	cisd2	97	52.8	47.4	16.4	25.0	76.0	94.0	NA	NA	NA
ENSDART00000151695	INTS4	56	40.2	38.2	12.5	25.4	55.6	70.0	NA	NA	NA
ENSDART00000135435	rbm39a	65	91.2	89.6	20.6	53.6	126.5	159.0	28.1	215.17	2.93683490912
ENSDART00000025713	akap1b	227	40.8	34.9	9.9	19.5	56.1	78.3	80.11	39.26	-1.02892217033
ENSDART00000130917	coil	116	40.9	36.3	13.1	21.5	52.5	78.7	109.18	18.1	-2.59264699978
ENSDART00000025285	drg2	157	38.1	35.7	4.2	11.4	54.8	73.3	55.81	49.82	-0.16379862481
ENSDART00000025719	ism1	4	97.6	89.9	NA	NA	NA	NA	NA	NA	NA
ENSDART00000148066	znf395b	112	23.3	21.4	5.1	11.2	32.1	46.4	NA	NA	NA
ENSDART00000137486	klhl21	14	40.6	41.8	11.9	32.2	48.3	62.6	NA	NA	NA
ENSDART00000042056	phb2	236	38.1	34.4	10.8	19.2	50.1	71.3	42.38	180.04	2.08686197701
ENSDART00000012234	syap1	125	38.9	30.4	4.1	14.1	53.3	78.3	32.57	26.13	-0.317836595076
ENSDART00000012232	pdss2	107	37.0	34.8	12.2	18.6	49.8	65.6	NA	NA	NA
ENSDART00000043039	fam84b	63	37.4	38.6	8.0	22.7	51.4	58.6	NA	NA	NA
ENSDART00000077998	cgna	53	25.3	19.1	3.1	10.5	33.1	63.5	NA	NA	NA
ENSDART00000029366	zgc:66447	16	37.7	42.4	11.6	24.1	46.7	52.2	NA	NA	NA
ENSDART00000029364	ak5l	1	19.1	19.1	NA	NA	NA	NA	NA	NA	NA
ENSDART00000090186	si:ch211-238n5.4	8	32.8	29.9	NA	NA	NA	NA	NA	NA	NA
ENSDART00000097673	ARFGAP1	45	40.0	35.5	13.2	19.7	51.4	67.8	33.49	54.62	0.705698938059
ENSDART00000144570	smtnb	9	52.3	59.8	NA	NA	NA	NA	NA	NA	NA
ENSDART00000080110	c1qtnf3	30	57.7	55.5	16.3	29.8	78.5	97.9	NA	NA	NA
ENSDART00000080441	zgc:66443	537	46.1	42.5	15.2	26.2	62.8	78.6	100.85	147.11	0.54468423511
ENSDART00000080114	rnf103	215	34.7	27.8	12.3	17.5	44.1	67.5	NA	NA	NA
ENSDART00000088469	kdm6a	35	31.7	21.7	11.4	18.8	46.5	58.4	5.35	4.41	-0.278760235731
ENSDART00000111019	RABL6	50	66.9	60.3	23.3	38.3	77.8	121.4	27.15	22.78	-0.253184450984
ENSDART00000111018	NGEF	84	30.1	25.5	5.6	12.9	40.2	54.8	NA	NA	NA
ENSDART00000003097	RHOU	10	17.0	14.2	4.5	10.1	23.7	38.5	NA	NA	NA
ENSDART00000006579	saal1	110	60.1	54.5	18.4	38.2	80.2	93.6	21.7	84.49	1.96108555548
ENSDART00000111014	myca	5	27.3	17.0	NA	NA	NA	NA	NA	NA	NA
ENSDART00000128726	eef1a1a	1	8.8	8.8	NA	NA	NA	NA	NA	NA	NA
ENSDART00000151209	cdkn2d	3	46.0	26.8	NA	NA	NA	NA	NA	NA	NA
ENSDART00000011183	prkacba	1	76.7	76.7	NA	NA	NA	NA	NA	NA	NA
ENSDART00000108628	ANO8	3	61.1	74.9	NA	NA	NA	NA	NA	NA	NA
ENSDART00000108629	LRCH1	34	35.1	20.8	3.7	11.7	48.4	96.9	NA	NA	NA
ENSDART00000147707	camsap1b	128	32.1	23.9	7.9	13.3	42.0	74.0	NA	NA	NA
ENSDART00000108625	CU181898.3	2	64.6	64.6	NA	NA	NA	NA	NA	NA	NA
ENSDART00000108626	eif4h	362	71.1	71.8	23.4	49.8	93.7	112.6	45.44	424.8	3.22474902619
ENSDART00000148603	acsl5	34	44.3	39.8	18.4	23.1	59.9	77.9	NA	NA	NA
ENSDART00000059837	fundc1	48	50.6	53.9	10.3	18.8	71.0	92.8	NA	NA	NA
ENSDART00000147009	si:dkey-251i10.2	1	114.4	114.4	NA	NA	NA	NA	NA	NA	NA
ENSDART00000112934	FOLR4	1	12.4	12.4	NA	NA	NA	NA	NA	NA	NA
ENSDART00000065293	usp5	8	53.2	34.1	NA	NA	NA	NA	NA	NA	NA
ENSDART00000045588	cyp27a7	1	18.1	18.1	NA	NA	NA	NA	NA	NA	NA
ENSDART00000147001	si:dkeyp-72h1.1	1	-7.0	-7.0	NA	NA	NA	NA	NA	NA	NA
ENSDART00000124873	CU915778.2	42	96.0	108.1	24.8	66.4	127.5	147.2	NA	NA	NA
ENSDART00000140051	cica	28	34.1	27.0	10.1	16.6	47.0	61.5	NA	NA	NA
ENSDART00000112288	ankib1b	104	28.8	23.0	5.3	12.3	38.7	56.2	NA	NA	NA
ENSDART00000147007	mrps31	97	37.0	34.7	15.2	20.3	48.9	62.8	48.86	19.18	-1.34905114325
ENSDART00000127022	CU462878.1	52	32.2	24.9	6.2	13.5	43.8	76.7	NA	NA	NA
ENSDART00000060469	gemin4	47	49.0	46.7	21.0	35.0	59.8	77.9	12.45	27.81	1.15945800239
ENSDART00000060466	si:dkey-241l7.6	202	12.7	10.2	-0.3	4.1	19.2	29.0	NA	NA	NA
ENSDART00000087148	cbln4	2	33.6	33.6	NA	NA	NA	NA	NA	NA	NA
ENSDART00000039717	fam49ba	156	92.5	90.2	44.9	63.4	111.5	145.7	25.33	146.4	2.53099657146
ENSDART00000147900	rnmtl1a	10	20.4	23.8	3.6	8.6	30.7	31.6	NA	NA	NA
ENSDART00000042928	FUK	1	31.8	31.8	NA	NA	NA	NA	NA	NA	NA
ENSDART00000104137	ches1	18	33.5	29.5	14.4	21.8	42.6	56.5	18.61	27.15	0.544874142633
ENSDART00000099235	rnf44	52	35.8	34.8	8.6	16.8	52.7	62.8	12.81	36.34	1.50428794389
ENSDART00000113889	ifi35	1	45.6	45.6	NA	NA	NA	NA	NA	NA	NA
ENSDART00000042218	pafah1b1a	338	49.4	43.8	14.3	28.6	66.4	88.7	75.44	51.3	-0.556370850181
ENSDART00000114669	DPY19L3	2	32.6	32.6	NA	NA	NA	NA	NA	NA	NA
ENSDART00000061738	ELMO3	10	26.8	29.4	7.8	12.9	39.6	41.7	NA	NA	NA
ENSDART00000061739	hsd11b3a	5	36.6	21.6	NA	NA	NA	NA	NA	NA	NA
ENSDART00000041711	gspt1	19	73.0	71.1	50.8	58.7	85.8	105.3	NA	NA	NA
ENSDART00000061736	si:dkey-4e7.3	6	37.0	37.9	NA	NA	NA	NA	NA	NA	NA
ENSDART00000041861	syt1a	3	44.9	50.1	NA	NA	NA	NA	NA	NA	NA
ENSDART00000017391	zc3h7a	30	55.8	42.3	22.0	29.2	83.7	108.3	26.98	146.61	2.44202125702
ENSDART00000037371	ppp1r13ba	9	49.8	50.5	NA	NA	NA	NA	NA	NA	NA
ENSDART00000017422	tbc1d17	77	27.4	21.9	5.2	11.4	38.7	52.4	NA	NA	NA
ENSDART00000023859	atp6v0ca	331	36.1	30.4	7.9	14.3	49.9	75.5	42.58	86.85	1.02834989915
ENSDART00000127329	gtf3c3	13	17.0	16.6	4.0	7.0	22.3	27.3	NA	NA	NA
ENSDART00000043345	zgc:136474	87	86.6	64.0	11.8	20.9	140.5	190.8	20.45	31.61	0.628280192075
ENSDART00000127321	fkbp3	82	44.4	41.7	18.7	28.1	58.1	72.6	NA	NA	NA
ENSDART00000136168	ptpn2a	54	46.7	41.7	11.5	20.4	55.3	107.8	NA	NA	NA
ENSDART00000097871	elp5	43	32.7	24.8	8.5	18.7	44.2	66.4	NA	NA	NA
ENSDART00000017427	rnpc3	11	34.3	23.2	9.2	18.2	43.8	66.8	10.95	6.09	-0.846416736582
ENSDART00000102563	phf10	59	50.0	35.9	11.2	23.0	68.7	110.4	11.55	27.49	1.25101405521
ENSDART00000074553	pptc7b	42	36.6	33.0	-5.3	14.0	54.0	80.9	NA	NA	NA
ENSDART00000126334	zgc:101583	12	51.4	52.2	18.9	39.4	65.7	82.5	NA	NA	NA
ENSDART00000126332	nprl3	29	34.6	30.8	11.3	24.6	46.5	60.4	NA	NA	NA
ENSDART00000054417	zgc:113229	1	18.8	18.8	NA	NA	NA	NA	NA	NA	NA
ENSDART00000054416	dyrk1ab	129	40.8	34.1	11.3	20.2	55.0	81.7	24.35	20.79	-0.228032014111
ENSDART00000054410	med19a	104	58.8	61.3	19.2	38.9	78.6	93.8	94.74	63.52	-0.576762759438
ENSDART00000043688	si:dkey-241l7.2	35	25.8	17.8	4.3	7.2	37.0	58.4	NA	NA	NA
ENSDART00000027417	zgc:171704	16	103.5	115.2	34.4	66.9	127.7	153.3	NA	NA	NA
ENSDART00000014222	tcea2	10	70.1	74.5	23.8	39.4	91.6	113.3	NA	NA	NA
ENSDART00000124666	rgs20	6	17.2	17.3	NA	NA	NA	NA	NA	NA	NA
ENSDART00000149260	nt5c3a	33	54.1	52.7	24.1	33.4	67.7	87.0	NA	NA	NA
ENSDART00000125124	rpl6	652	37.4	35.8	11.8	18.2	53.6	65.1	524.49	18.12	-4.85526040594
ENSDART00000124661	papss2a	79	31.6	23.7	9.1	13.5	43.2	73.0	NA	NA	NA
ENSDART00000057525	dnajb12a	223	42.2	38.5	11.3	21.5	59.1	79.1	NA	NA	NA
ENSDART00000062556	sod2	83	39.3	38.8	12.5	23.5	55.6	63.6	57.12	75.42	0.400951171113
ENSDART00000103146	hoxc11a	3	87.3	84.6	NA	NA	NA	NA	NA	NA	NA
ENSDART00000110862	rbm24a	93	33.6	22.5	7.3	11.7	45.3	82.2	NA	NA	NA
ENSDART00000122209	ptena	120	33.1	28.4	8.4	15.4	45.4	64.8	48.81	4.32	-3.49807353423
ENSDART00000093376	usp8	118	48.1	44.5	14.8	24.4	65.7	88.4	25.77	14.88	-0.792318010752
ENSDART00000102472	dars	72	39.3	39.8	12.2	25.5	50.3	61.7	20.58	69.75	1.76095023471
ENSDART00000149893	si:dkey-114c15.7	7	39.9	41.3	NA	NA	NA	NA	NA	NA	NA
ENSDART00000056672	pigp	28	42.0	33.6	16.3	21.6	51.0	62.7	NA	NA	NA
ENSDART00000149896	als2b	66	70.7	70.7	35.9	54.6	89.0	99.9	NA	NA	NA
ENSDART00000115049	mych	729	56.5	45.4	8.7	19.5	81.1	125.2	124.88	238.59	0.933991134332
ENSDART00000050902	polr2j	31	48.9	51.4	15.4	32.1	69.3	79.0	73.83	207.75	1.49256941337
ENSDART00000128127	CU929431.1	12	55.0	26.3	3.7	10.4	75.5	146.8	NA	NA	NA
ENSDART00000056679	e2f5	29	18.9	11.0	2.4	5.6	25.6	47.0	NA	NA	NA
ENSDART00000087823	adcy8	41	30.9	24.9	13.5	16.4	37.9	52.0	NA	NA	NA
ENSDART00000126749	CU570691.1	2	132.9	132.9	NA	NA	NA	NA	NA	NA	NA
ENSDART00000063347	slc1a3b	1	102.9	102.9	NA	NA	NA	NA	NA	NA	NA
ENSDART00000013465	tbx6	1	44.1	44.1	NA	NA	NA	NA	NA	NA	NA
ENSDART00000126741	serf2	530	109.0	110.1	65.4	89.7	131.3	151.2	406.59	592.98	0.544408713623
ENSDART00000036531	gnai1	3	105.5	99.3	NA	NA	NA	NA	NA	NA	NA
ENSDART00000146061	psmd5	24	35.2	25.7	10.7	21.0	33.4	40.2	NA	NA	NA
ENSDART00000082375	CABZ01076275.1	1	109.8	109.8	NA	NA	NA	NA	NA	NA	NA
ENSDART00000103307	cyp24a1	7	98.8	136.5	NA	NA	NA	NA	NA	NA	NA
ENSDART00000146067	sclt1	38	49.7	47.9	23.5	32.1	67.7	81.5	36.28	13.23	-1.45536139425
ENSDART00000092356	neto1	3	59.2	38.6	NA	NA	NA	NA	NA	NA	NA
ENSDART00000092357	SGSM2	6	58.4	46.0	NA	NA	NA	NA	NA	NA	NA
ENSDART00000151973	fam196ab	1	11.8	11.8	NA	NA	NA	NA	NA	NA	NA
ENSDART00000082379	spcs1	12	32.8	30.3	14.9	22.7	43.6	46.6	NA	NA	NA
ENSDART00000020967	ck2a2a	155	43.9	42.0	10.7	22.8	55.5	77.2	NA	NA	NA
ENSDART00000004655	sps2	162	105.5	109.3	58.2	87.5	126.2	144.1	20.99	56.61	1.43135475703
ENSDART00000077209	tpra1	70	34.9	36.0	8.7	19.3	49.4	57.9	NA	NA	NA
ENSDART00000073527	spty2d1	86	30.4	25.8	5.8	14.2	42.8	59.0	63.1	48.22	-0.388008354267
ENSDART00000077200	eif4ebp3	12	94.2	98.4	54.8	59.3	123.5	130.2	NA	NA	NA
ENSDART00000040409	ppa1b	299	41.7	35.0	10.4	18.6	59.2	83.4	66.97	71.61	0.0966460990908
ENSDART00000143120	si:dkey-147f3.4	2	31.0	31.0	NA	NA	NA	NA	NA	NA	NA
ENSDART00000143121	tpx2	529	45.8	37.3	12.6	21.6	58.4	88.0	114.75	440.39	1.94028755615
ENSDART00000074450	morc3b	23	110.7	110.6	27.4	80.8	144.7	168.2	NA	NA	NA
ENSDART00000143127	si:dkey-154p10.3	30	34.5	33.7	15.3	25.5	44.2	53.7	13.55	2.61	-2.37617113967
ENSDART00000040405	snd1	133	50.2	49.1	16.8	28.8	67.5	89.6	34.2	59.28	0.793549122533
ENSDART00000105818	guk1a	15	58.5	56.6	17.0	27.2	73.5	116.1	NA	NA	NA
ENSDART00000057039	taf4b	17	39.0	37.7	18.6	26.2	46.7	59.5	NA	NA	NA
ENSDART00000083397	zgc:165555	156	12.1	-7.9	-12.3	-10.0	2.1	101.0	NA	NA	NA
ENSDART00000134444	ubr5	95	93.3	91.5	27.5	55.1	121.9	148.0	23.55	106.12	2.17189761573
ENSDART00000013604	lemd3	197	66.6	58.7	13.3	33.8	94.0	125.7	25.77	132.88	2.3663595361
ENSDART00000134448	l3mbtl1b	84	61.5	56.5	23.5	41.3	81.0	105.9	6.88	49.46	2.84578176969
ENSDART00000130281	ciita	1	78.9	78.9	NA	NA	NA	NA	NA	NA	NA
ENSDART00000065199	ZFP36	5	20.1	26.4	NA	NA	NA	NA	NA	NA	NA
ENSDART00000005329	mark2b	91	56.5	50.9	12.7	30.6	79.9	107.1	NA	NA	NA
ENSDART00000076157	rab24	89	36.6	30.0	12.1	18.9	42.9	57.0	NA	NA	NA
ENSDART00000079645	zgc:174164	48	21.8	17.5	5.9	8.0	28.8	51.8	NA	NA	NA
ENSDART00000005496	kctd9	10	51.6	51.1	26.7	38.3	68.6	82.0	NA	NA	NA
ENSDART00000005326	ttc5	62	40.4	38.7	12.6	20.4	51.4	70.9	NA	NA	NA
ENSDART00000055324	rcn3	10	44.2	48.2	15.7	27.3	60.1	74.4	NA	NA	NA
ENSDART00000055325	psmb7	129	49.6	46.0	14.8	23.8	61.4	93.2	59.92	89.65	0.581265959297
ENSDART00000062682	adipor1b	107	62.8	63.6	22.2	40.0	83.8	103.0	34.24	66.22	0.951584308996
ENSDART00000056926	tsnax	45	52.5	49.3	14.8	33.2	67.0	92.5	NA	NA	NA
ENSDART00000048449	MTRF1	60	36.2	33.0	16.4	24.0	46.3	58.7	NA	NA	NA
ENSDART00000132699	cast	114	56.6	53.0	17.4	30.9	77.8	100.5	33.5	45.13	0.42992568298
ENSDART00000141873	zc3h18	66	69.9	77.8	18.0	45.6	100.8	115.2	30.38	121.98	2.00545084606
ENSDART00000141877	kcnk10a	4	49.2	44.7	NA	NA	NA	NA	NA	NA	NA
ENSDART00000009499	whsc1	306	63.1	62.5	21.4	36.7	86.4	111.4	43.49	174.07	2.00091197
ENSDART00000122624	CU638740.3	12	31.2	28.9	5.1	16.7	38.6	64.2	NA	NA	NA
ENSDART00000153194	ARHGEF15	24	42.9	41.1	11.7	28.5	60.0	70.3	9.02	7.36	-0.293421667198
ENSDART00000088425	clasrp	73	41.0	39.6	12.6	22.0	54.7	73.8	13.67	19.09	0.481803859798
ENSDART00000109219	rem2	3	62.6	67.0	NA	NA	NA	NA	NA	NA	NA
ENSDART00000057258	slc12a5a	2	36.7	36.7	NA	NA	NA	NA	NA	NA	NA
ENSDART00000058565	pttg1ipb	481	48.3	45.1	15.4	27.0	66.3	87.7	65.19	124.15	0.929361681162
ENSDART00000058564	mcm4	267	80.3	80.4	31.2	53.9	107.0	126.5	44.25	302.38	2.77261335976
ENSDART00000057254	nfyba	276	109.8	110.9	58.6	84.9	134.0	156.7	50.36	382.77	2.92612757335
ENSDART00000122627	oaz1b	240	51.6	48.4	12.6	29.9	68.5	92.3	NA	NA	NA
ENSDART00000045574	shisa2	1138	45.6	25.1	6.4	12.0	66.0	115.7	82.89	199.17	1.26473038971
ENSDART00000088914	amotl2a	135	40.1	21.9	6.1	13.2	43.7	122.4	18.46	13.39	-0.463246592321
ENSDART00000057250	cacna2d2	1	29.1	29.1	NA	NA	NA	NA	NA	NA	NA
ENSDART00000130131	sult6b1	40	110.2	110.2	76.9	94.7	128.4	138.4	NA	NA	NA
ENSDART00000005145	asz1	259	31.7	29.1	13.2	20.0	41.1	53.6	NA	NA	NA
ENSDART00000129682	ppp6r3	250	54.0	50.0	16.4	29.4	72.2	97.7	79.62	176.57	1.14903746719
ENSDART00000102148	pl10	416	78.7	81.8	17.3	39.6	111.0	135.7	132.21	814.86	2.62372091069
ENSDART00000005140	med27	232	51.3	50.3	23.4	38.2	65.2	79.6	24.53	155.78	2.66689088417
ENSDART00000005143	mycb	19	61.4	51.8	29.2	37.3	69.5	119.3	NA	NA	NA
ENSDART00000130138	acads	45	29.6	24.9	7.1	16.8	34.6	44.5	22.36	6.29	-1.82978826596
ENSDART00000097455	fam167aa	4	30.1	29.0	NA	NA	NA	NA	NA	NA	NA
ENSDART00000054807	lhx9	1	72.2	72.2	NA	NA	NA	NA	NA	NA	NA
ENSDART00000109941	CXXC5	2	105.6	105.6	NA	NA	NA	NA	NA	NA	NA
ENSDART00000142837	enpp5	3	59.3	51.6	NA	NA	NA	NA	NA	NA	NA
ENSDART00000142836	itpr3	32	48.8	41.2	4.8	17.5	80.7	99.6	6.16	24.94	2.01745920913
ENSDART00000024292	txlna	310	52.3	50.3	10.8	27.0	72.1	96.3	48.47	250.79	2.37131583565
ENSDART00000086617	gabbr2	5	48.2	38.6	NA	NA	NA	NA	NA	NA	NA
ENSDART00000142525	CH25H	1	13.9	13.9	NA	NA	NA	NA	NA	NA	NA
ENSDART00000024296	egln1	7	40.5	24.7	NA	NA	NA	NA	NA	NA	NA
ENSDART00000033103	gatad2ab	122	41.4	36.3	10.3	19.6	63.1	72.1	42.63	136.46	1.678537161
ENSDART00000128379	GPR112	1	42.4	42.4	NA	NA	NA	NA	NA	NA	NA
ENSDART00000149510	f13a1b	20	76.7	81.8	25.1	50.8	96.0	107.3	NA	NA	NA
ENSDART00000125215	shoc2	148	100.9	107.1	37.1	79.4	124.2	143.9	12.42	83.23	2.74443846358
ENSDART00000122936	C25H15orf27	59	39.9	39.6	8.5	23.2	54.7	75.1	NA	NA	NA
ENSDART00000122930	scg3	6	57.2	55.4	NA	NA	NA	NA	NA	NA	NA
ENSDART00000125211	IWS1	232	80.5	79.5	29.4	57.7	104.8	122.6	70.24	172.13	1.29313381212
ENSDART00000125212	BX004994.2	1	45.6	45.6	NA	NA	NA	NA	NA	NA	NA
ENSDART00000003248	nek2	530	29.0	23.5	8.3	14.5	38.4	54.2	104.12	103.09	-0.014342822559
ENSDART00000033528	tnfaip3	1	81.0	81.0	NA	NA	NA	NA	NA	NA	NA
ENSDART00000144965	ndrg3b	302	65.9	63.9	24.9	40.8	87.7	110.5	NA	NA	NA
ENSDART00000011389	pdia3	97	82.9	81.9	40.3	55.9	104.3	127.8	108.03	216.35	1.0019351154
ENSDART00000078996	arr3a	2	91.1	91.1	NA	NA	NA	NA	NA	NA	NA
ENSDART00000129518	twf1b	74	78.6	84.5	28.0	57.5	102.0	116.0	NA	NA	NA
ENSDART00000104480	fxr1	279	55.6	47.8	15.5	25.2	73.5	101.5	40.71	108.81	1.41835602455
ENSDART00000128089	klhl8	89	39.2	33.4	11.5	22.1	51.5	72.6	10.21	8.2	-0.316287051372
ENSDART00000151599	znf706	616	43.5	39.0	9.9	22.8	59.8	84.1	NA	NA	NA
ENSDART00000111241	naa25	196	53.1	50.6	17.0	34.4	70.3	90.0	30.58	128.67	2.07301541
ENSDART00000111243	lpar2b	371	32.1	25.9	7.6	14.1	44.3	68.1	38.01	41.85	0.138848597576
ENSDART00000151594	si:ch1073-429i10.3	250	111.0	116.8	42.4	87.5	141.6	159.5	NA	NA	NA
ENSDART00000111245	tmem67	26	49.4	39.4	12.4	22.6	72.5	98.1	6.22	8.95	0.524973102021
ENSDART00000105522	CU639413.3	88	63.3	62.6	16.2	34.6	86.4	104.2	80.28	119.16	0.569787506887
ENSDART00000029450	rnf181	105	36.9	31.8	13.3	19.0	50.1	69.2	NA	NA	NA
ENSDART00000062414	pex7	14	29.3	30.6	12.4	17.6	41.0	46.2	NA	NA	NA
ENSDART00000135230	chd7	291	104.9	114.9	43.2	76.1	135.8	153.6	60.14	189.29	1.6542014239
ENSDART00000037819	TMC6	338	48.2	45.3	16.5	27.8	65.1	83.7	49.59	5.2	-3.25346569699
ENSDART00000066072	rnf8	157	23.7	19.7	6.0	11.4	31.4	44.1	46.56	3.5	-3.73366423108
ENSDART00000001861	slc6a13	61	43.0	38.0	14.2	22.4	59.1	75.7	NA	NA	NA
ENSDART00000042248	plxnb1b	5	62.2	29.2	NA	NA	NA	NA	NA	NA	NA
ENSDART00000128888	mogat2	1	37.3	37.3	NA	NA	NA	NA	NA	NA	NA
ENSDART00000128249	trim8a	33	30.6	25.6	8.6	14.4	34.2	56.5	NA	NA	NA
ENSDART00000012653	spice1	49	28.2	21.8	9.0	16.5	35.8	57.3	NA	NA	NA
ENSDART00000128887	alkbh1	34	26.5	18.1	0.8	8.8	33.7	64.4	NA	NA	NA
ENSDART00000128885	cwf19l2	50	55.6	49.1	19.3	34.6	72.5	91.8	36.95	32.26	-0.195827925878
ENSDART00000003422	smarcd1	651	100.0	100.8	53.0	75.8	125.4	143.5	51.48	386.39	2.90797379819
ENSDART00000073903	CR382298.2	33	23.7	21.1	9.4	15.4	34.0	42.6	NA	NA	NA
ENSDART00000078192	cnpy4	33	81.2	83.4	20.8	46.6	110.8	130.2	28.67	61.72	1.10619615733
ENSDART00000006147	CCDC111	24	27.7	26.6	11.4	17.5	34.9	47.1	NA	NA	NA
ENSDART00000067621	VPS37C	54	37.1	31.9	8.6	22.3	49.9	72.2	NA	NA	NA
ENSDART00000077484	zhx2	118	41.6	40.6	13.6	23.0	54.4	71.2	18.73	14.44	-0.375280157356
ENSDART00000088359	SLC2A4RG	9	43.3	35.1	NA	NA	NA	NA	NA	NA	NA
ENSDART00000113073	dusp16	10	43.9	36.2	16.4	24.2	55.1	80.2	NA	NA	NA
ENSDART00000052977	cldn15a	1	22.4	22.4	NA	NA	NA	NA	NA	NA	NA
ENSDART00000125200	srsf4	256	106.7	114.7	25.6	66.6	146.5	166.7	45.74	518.83	3.50373363124
ENSDART00000110261	zgc:175107	1	12.1	12.1	NA	NA	NA	NA	NA	NA	NA
ENSDART00000062671	tuba8l	179	18.0	14.5	2.9	7.7	20.7	36.1	29.23	7.82	-1.9022093165
ENSDART00000150753	si:ch73-266f23.1	49	70.4	66.3	19.3	40.0	105.8	122.7	NA	NA	NA
ENSDART00000024872	creb3l3l	83	23.7	20.9	7.4	12.0	30.7	39.6	NA	NA	NA
ENSDART00000122881	tmcc3	51	58.2	52.3	11.1	32.7	85.1	108.1	NA	NA	NA
ENSDART00000056074	entpd4	233	60.9	56.6	22.2	39.9	79.0	103.6	43.54	44.5	0.0314639285529
ENSDART00000046003	slc4a1ap	105	58.8	57.0	10.7	26.9	84.7	109.8	10.73	71.39	2.73407192588
ENSDART00000005381	GEN1	25	36.4	32.4	15.2	21.5	46.2	54.7	17.27	18.43	0.0937879881018
ENSDART00000127515	CABZ01068153.1	27	34.5	28.8	8.0	17.6	45.8	63.7	NA	NA	NA
ENSDART00000110398	fbxl20	9	29.0	29.9	NA	NA	NA	NA	NA	NA	NA
ENSDART00000022437	gpia	102	35.5	31.6	9.5	15.8	47.6	65.2	21.6	5.92	-1.86736223142
ENSDART00000127519	TEAD3	62	33.6	30.8	5.1	12.2	51.3	68.8	17.38	68.1	1.97022671609
ENSDART00000020859	pip5k1ab	174	53.8	48.8	14.3	28.7	75.3	97.4	20.63	144.37	2.80695525586
ENSDART00000017956	dab2	209	29.9	26.6	6.7	14.1	41.9	55.1	44.08	27.76	-0.667116655993
ENSDART00000123465	CLCC1	28	34.1	29.4	9.9	15.5	50.0	68.3	NA	NA	NA
ENSDART00000123464	sltm	128	94.3	94.4	35.4	65.2	120.3	149.1	42.17	138.42	1.71476348313
ENSDART00000123460	TNFRSF25	1	-4.6	-4.6	NA	NA	NA	NA	NA	NA	NA
ENSDART00000123463	METTL15	40	40.2	34.8	15.1	24.3	56.1	70.1	NA	NA	NA
ENSDART00000129725	BX323854.3	1	37.0	37.0	NA	NA	NA	NA	NA	NA	NA
ENSDART00000016727	eif1ad	22	15.9	14.7	7.1	9.4	22.8	26.7	NA	NA	NA
ENSDART00000128247	CABZ01028296.1	83	47.2	46.1	18.4	32.2	63.0	72.7	101.67	187.94	0.88637811117
ENSDART00000123469	clcn3	103	41.8	32.9	3.7	16.9	62.0	90.4	9.13	16.87	0.885773208303
ENSDART00000074787	khdrbs1a	1683	119.4	125.3	65.2	101.3	143.9	160.6	503.39	2732.38	2.44040967505
ENSDART00000148475	cspg5a	1	43.7	43.7	NA	NA	NA	NA	NA	NA	NA
ENSDART00000145210	ankle2	144	27.1	24.2	4.9	14.1	37.5	52.4	NA	NA	NA
ENSDART00000097868	tgs1	48	24.3	18.9	4.4	11.3	29.6	37.6	NA	NA	NA
ENSDART00000067652	snai1b	10	90.3	85.9	24.3	50.5	123.5	147.8	NA	NA	NA
ENSDART00000102515	mesdc2	27	32.0	26.1	9.1	14.8	41.6	61.5	NA	NA	NA
ENSDART00000100336	esrrgb	5	15.2	7.8	NA	NA	NA	NA	NA	NA	NA
ENSDART00000140607	KNCN	1	18.5	18.5	NA	NA	NA	NA	NA	NA	NA
ENSDART00000121774	BX465205.1	1	39.9	39.9	NA	NA	NA	NA	NA	NA	NA
ENSDART00000100332	fgf12b	8	56.3	55.4	NA	NA	NA	NA	NA	NA	NA
ENSDART00000098473	klf9	1	9.7	9.7	NA	NA	NA	NA	NA	NA	NA
ENSDART00000098472	tmem44	13	70.0	57.0	32.5	46.7	84.9	107.0	NA	NA	NA
ENSDART00000097217	FAM109B	30	55.3	56.3	26.8	38.3	68.3	86.0	NA	NA	NA
ENSDART00000007091	bbs12	2	73.8	73.8	NA	NA	NA	NA	NA	NA	NA
ENSDART00000098476	cdt1	45	55.8	49.8	5.6	24.3	67.9	89.7	81.29	915.54	3.4934731256
ENSDART00000007545	cntn4	10	45.5	48.4	10.7	22.2	69.9	79.0	NA	NA	NA
ENSDART00000038670	elf2a	13	26.7	19.6	9.2	16.6	24.8	62.9	NA	NA	NA
ENSDART00000110670	SENP1	228	32.3	23.8	4.5	12.7	42.7	68.6	30.72	63.49	1.04735116186
ENSDART00000038674	TMEM230	18	34.8	23.8	10.0	13.9	43.8	67.6	NA	NA	NA
ENSDART00000049226	acox1	26	35.1	26.9	7.2	17.7	38.7	59.7	NA	NA	NA
ENSDART00000063337	cdca8	455	33.8	30.5	8.8	17.3	42.1	61.6	168.8	226.81	0.426169345725
ENSDART00000141513	grk5l	86	50.7	46.8	13.7	23.0	71.3	95.7	NA	NA	NA
ENSDART00000064826	mov10a	23	56.8	56.9	28.6	34.1	70.7	90.5	13.51	35.85	1.40794544426
ENSDART00000034705	ntmt1	135	42.6	42.5	14.7	25.4	56.9	72.2	NA	NA	NA
ENSDART00000034704	slc25a3b	876	52.6	51.4	18.1	33.3	69.1	86.7	154.57	185.57	0.263703159038
ENSDART00000133992	stau1	37	67.4	60.5	22.5	33.3	104.3	121.0	13.02	12.79	-0.025713184284
ENSDART00000063107	cyp2p7	3	55.0	31.0	NA	NA	NA	NA	NA	NA	NA
ENSDART00000036854	glcci1	28	32.2	30.5	15.7	22.3	40.4	49.3	NA	NA	NA
ENSDART00000019766	tgfb3	3	58.9	77.1	NA	NA	NA	NA	NA	NA	NA
ENSDART00000013659	trim25	10	37.8	38.6	13.0	23.5	49.5	61.8	NA	NA	NA
ENSDART00000065664	dusp4	217	32.4	18.0	3.2	9.2	41.3	88.2	NA	NA	NA
ENSDART00000052201	CCDC96	17	37.2	39.7	7.6	23.6	48.4	62.3	NA	NA	NA
ENSDART00000065660	nr0b2a	1	158.5	158.5	NA	NA	NA	NA	NA	NA	NA
ENSDART00000100484	rorca	71	18.9	16.4	5.6	8.2	25.5	32.8	NA	NA	NA
ENSDART00000046973	capza1a	144	69.3	70.0	18.3	32.8	98.1	125.4	24.62	189.17	2.94178064646
ENSDART00000131294	trpc5a	1	17.3	17.3	NA	NA	NA	NA	NA	NA	NA
ENSDART00000122487	dnpep	276	39.8	38.4	16.3	25.9	53.3	66.0	34.57	52.43	0.600871942254
ENSDART00000122480	mob1bb	346	60.7	58.7	16.3	31.9	83.0	102.9	NA	NA	NA
ENSDART00000125452	CABZ01071911.2	46	32.6	28.2	11.8	19.4	44.7	61.7	18.72	7.47	-1.32540028679
ENSDART00000122333	paip2b	328	51.5	42.3	14.9	23.6	69.4	100.3	337.09	503.7	0.579430901551
ENSDART00000125454	CUZD1	2	51.8	51.8	NA	NA	NA	NA	NA	NA	NA
ENSDART00000125455	AL840631.2	3	82.7	74.7	NA	NA	NA	NA	NA	NA	NA
ENSDART00000010177	onecut1	10	48.4	39.5	-2.7	13.4	92.4	101.2	NA	NA	NA
ENSDART00000034569	si:dkey-13a21.4	1	55.7	55.7	NA	NA	NA	NA	NA	NA	NA
ENSDART00000146525	chtopb	101	42.5	35.3	11.0	19.9	61.7	86.9	NA	NA	NA
ENSDART00000085648	lig4	47	33.3	27.3	9.2	13.5	48.1	71.1	NA	NA	NA
ENSDART00000085642	dgkaa	2	73.0	73.0	NA	NA	NA	NA	NA	NA	NA
ENSDART00000121822	wu:fq41a10	42	47.9	44.8	10.3	26.4	57.5	78.2	NA	NA	NA
ENSDART00000085645	usp16	166	51.5	53.1	13.2	30.4	73.8	83.9	52.03	40.6	-0.357863979904
ENSDART00000026738	ptprfa	3	49.0	54.9	NA	NA	NA	NA	NA	NA	NA
ENSDART00000075017	RTKN	12	41.2	31.8	4.4	22.1	55.2	78.8	NA	NA	NA
ENSDART00000047069	tyms	651	31.9	27.7	10.1	17.6	43.3	59.1	107.94	50.27	-1.10245999828
ENSDART00000080408	ical1	80	60.5	54.6	17.6	37.1	79.2	114.2	NA	NA	NA
ENSDART00000082299	ebag9	82	87.8	93.2	24.8	65.8	117.9	136.0	65.41	58.58	-0.159103021215
ENSDART00000030282	GSTK1	1	25.8	25.8	NA	NA	NA	NA	NA	NA	NA
ENSDART00000147210	si:dkey-199f5.8	117	61.8	62.7	14.9	37.5	85.2	105.5	11.02	77.36	2.81146357091
ENSDART00000077941	mastl	485	30.4	27.2	7.4	14.2	43.0	58.3	28.81	39.28	0.447225269155
ENSDART00000077942	mtpn	137	41.2	30.9	6.9	16.4	63.2	91.0	38.57	122.43	1.66640606535
ENSDART00000122155	CABZ01054962.1	29	30.9	25.0	10.3	16.2	38.6	50.9	NA	NA	NA
ENSDART00000079778	zgc:123282	2	18.5	18.5	NA	NA	NA	NA	NA	NA	NA
ENSDART00000083569	oaz2b	1	81.8	81.8	NA	NA	NA	NA	NA	NA	NA
ENSDART00000150961	wdr91	14	37.5	26.3	6.9	9.2	58.0	86.0	NA	NA	NA
ENSDART00000109328	gpr144	2	18.6	18.6	NA	NA	NA	NA	NA	NA	NA
ENSDART00000146612	esf1	45	50.7	47.1	14.4	28.1	70.3	88.2	35.36	19.25	-0.877259828922
ENSDART00000083561	mtmr12	33	39.5	36.1	15.7	21.5	53.8	73.4	NA	NA	NA
ENSDART00000009164	esco2	277	65.0	60.9	18.0	36.6	89.2	115.4	28.69	272.07	3.2453580123
ENSDART00000021969	zgc:172271	1	67.9	67.9	NA	NA	NA	NA	NA	NA	NA
ENSDART00000103201	KAT7	17	30.6	26.8	6.2	22.8	45.6	50.5	NA	NA	NA
ENSDART00000083567	kif5c	2	6.8	6.8	NA	NA	NA	NA	NA	NA	NA
ENSDART00000010395	uqcrc2a	40	42.1	35.5	13.0	23.4	53.6	63.6	15.94	3.94	-2.01638409453
ENSDART00000086768	ep300b	102	64.1	64.1	23.8	41.0	90.7	103.8	12.28	58.19	2.24446068538
ENSDART00000082297	LRRC45	36	102.7	96.4	56.9	79.4	127.6	162.9	NA	NA	NA
ENSDART00000099913	cpla2	4	36.9	34.9	NA	NA	NA	NA	NA	NA	NA
ENSDART00000099270	ASTL	266	45.4	42.4	17.3	28.7	59.1	76.4	71.96	22.5	-1.67727018515
ENSDART00000036703	pfdn2	106	44.1	34.6	13.2	22.3	59.6	78.6	NA	NA	NA
ENSDART00000103463	dnajc2	161	43.0	41.6	15.9	28.0	57.9	68.7	76.58	62.4	-0.295421631101
ENSDART00000066411	dlgap5	238	58.1	55.7	17.0	32.4	82.1	100.8	47.67	202.55	2.0871245545
ENSDART00000088142	WWC3	84	27.1	19.5	8.0	11.5	33.9	62.2	18.1	5.26	-1.78285499268
ENSDART00000088141	ankrd34bb	5	92.5	82.7	NA	NA	NA	NA	NA	NA	NA
ENSDART00000026098	prkri	20	49.6	36.9	11.8	18.1	56.6	103.7	NA	NA	NA
ENSDART00000108819	cspg5b	1	25.2	25.2	NA	NA	NA	NA	NA	NA	NA
ENSDART00000046507	zgc:152698	1	26.1	26.1	NA	NA	NA	NA	NA	NA	NA
ENSDART00000011497	ctsk	5	90.2	93.7	NA	NA	NA	NA	NA	NA	NA
ENSDART00000000019	nrf1	101	38.1	34.0	4.6	14.6	60.7	75.3	21.63	98.3	2.18415775127
ENSDART00000075142	pcmtd1	43	96.2	103.6	31.7	75.3	120.6	135.7	16.99	66.7	1.97300090889
ENSDART00000037036	cnppd1	311	29.6	26.0	9.5	15.7	37.1	53.4	26.78	29.96	0.161881663134
ENSDART00000065889	wnt7aa	1	46.3	46.3	NA	NA	NA	NA	NA	NA	NA
ENSDART00000089433	ctdsplb	514	49.8	43.3	9.3	21.9	71.4	98.9	NA	NA	NA
ENSDART00000065880	uck1	1	23.7	23.7	NA	NA	NA	NA	NA	NA	NA
ENSDART00000112134	ggnbp2	445	27.3	23.3	7.3	13.3	39.0	54.0	101.5	23.53	-2.10890650174
ENSDART00000112133	TESK1	3	57.7	54.8	NA	NA	NA	NA	NA	NA	NA
ENSDART00000074499	olig4	2	71.9	71.9	NA	NA	NA	NA	NA	NA	NA
ENSDART00000112131	lppr4a	3	45.0	45.1	NA	NA	NA	NA	NA	NA	NA
ENSDART00000112130	AAED1	12	29.1	23.3	9.5	16.7	41.0	51.9	NA	NA	NA
ENSDART00000004842	DUSP23	8	72.7	67.4	NA	NA	NA	NA	NA	NA	NA
ENSDART00000104176	BX511173.1	1	64.6	64.6	NA	NA	NA	NA	NA	NA	NA
ENSDART00000153059	sec24c	346	47.0	40.4	9.9	20.7	67.5	94.2	24.52	154.62	2.65669605889
ENSDART00000102227	tspan14	92	33.2	26.1	5.2	14.1	44.4	68.0	NA	NA	NA
ENSDART00000153055	si:dkey-38p12.2	17	24.5	15.5	-0.1	7.0	30.3	64.5	NA	NA	NA
ENSDART00000008268	cyp7c1	8	31.2	32.4	NA	NA	NA	NA	NA	NA	NA
ENSDART00000083701	cdk11b	113	82.1	82.6	23.9	64.8	103.8	127.0	47.09	114.58	1.28286261513
ENSDART00000074761	zfand3	113	38.4	32.8	9.1	17.3	55.7	72.6	19.6	28.81	0.555716006157
ENSDART00000136393	zgc:153126	422	36.0	28.1	9.0	16.3	49.7	74.0	NA	NA	NA
ENSDART00000018144	fgd4a	30	40.2	38.5	14.8	24.7	48.6	74.3	NA	NA	NA
ENSDART00000074765	btbd9	130	29.7	23.6	7.8	14.9	39.3	54.7	NA	NA	NA
ENSDART00000078438	GUCY2C	1	65.8	65.8	NA	NA	NA	NA	NA	NA	NA
ENSDART00000131876	ttk	287	57.8	57.7	22.7	38.5	75.0	93.8	25.58	161.04	2.65433090804
ENSDART00000074768	ppifb	576	26.3	22.9	7.1	13.4	36.3	49.7	77.17	16.31	-2.2422833237
ENSDART00000086765	stk36	48	26.4	26.8	4.6	8.4	37.9	46.3	NA	NA	NA
ENSDART00000131040	BX004964.3	3	43.6	55.9	NA	NA	NA	NA	NA	NA	NA
ENSDART00000147584	hcst	4	49.8	55.7	NA	NA	NA	NA	NA	NA	NA
ENSDART00000097664	SEMA4D	4	23.4	22.6	NA	NA	NA	NA	NA	NA	NA
ENSDART00000097663	TMEM164	10	39.9	37.5	19.3	24.7	50.8	70.9	NA	NA	NA
ENSDART00000102022	FAM188B2	9	36.4	40.3	NA	NA	NA	NA	NA	NA	NA
ENSDART00000092836	RNF122	2	72.1	72.1	NA	NA	NA	NA	NA	NA	NA
ENSDART00000059574	ccdc93	87	43.5	39.2	13.7	24.7	59.7	72.9	NA	NA	NA
ENSDART00000053240	cab39l	118	56.7	47.8	12.3	24.3	82.7	107.4	NA	NA	NA
ENSDART00000086287	znf362	14	23.5	15.3	10.8	11.8	35.5	41.5	NA	NA	NA
ENSDART00000074325	DUSP10	2	68.5	68.5	NA	NA	NA	NA	NA	NA	NA
ENSDART00000041293	mark3	174	58.4	57.7	19.5	31.1	80.0	99.4	32.67	107.43	1.7173585646
ENSDART00000073751	suz12b	94	30.5	25.7	8.9	16.0	42.2	58.3	NA	NA	NA
ENSDART00000077418	ctsba	3689	41.1	36.9	13.7	22.7	54.8	73.8	765.54	743.23	-0.0426690251671
ENSDART00000135304	pabpn1l	581	34.0	30.9	9.7	17.0	45.8	64.8	138.64	270.22	0.962790898299
ENSDART00000092773	mrps27	89	37.2	33.2	10.0	19.4	52.3	64.7	17.72	42.17	1.25083841772
ENSDART00000122458	wrap73	163	56.8	50.1	15.5	30.4	80.3	99.8	NA	NA	NA
ENSDART00000023101	pes	88	56.0	54.1	26.4	36.3	70.0	91.7	31.88	52.49	0.71939096822
ENSDART00000058955	arl6ip1	75	33.6	25.0	6.2	13.0	49.9	76.9	NA	NA	NA
ENSDART00000058956	ywhabl	226	61.0	54.5	16.7	32.5	84.9	116.1	61.65	373.45	2.59874229848
ENSDART00000019861	mbtps1	30	25.7	24.8	-0.0	8.1	41.2	50.7	7.85	1.07	-2.87508185738
ENSDART00000130264	rpz	24	42.4	41.8	15.7	25.2	54.9	74.5	NA	NA	NA
ENSDART00000058958	atp13a	105	44.5	44.8	14.0	26.7	59.9	77.7	12.87	20.35	0.661016740933
ENSDART00000058775	zgc:101562	135	31.3	29.6	9.1	18.6	42.5	57.3	30.69	48.15	0.649767152264
ENSDART00000058777	slc35a1	107	40.4	36.8	12.9	22.0	55.5	70.8	NA	NA	NA
ENSDART00000114801	SGPP2	15	49.9	53.1	23.3	28.9	67.7	76.3	NA	NA	NA
ENSDART00000114800	C8H1orf106	9	90.4	58.6	NA	NA	NA	NA	NA	NA	NA
ENSDART00000114805	CR339053.3	15	44.1	23.3	9.6	14.4	53.9	68.2	NA	NA	NA
ENSDART00000054205	ndufb6	110	36.7	34.1	10.6	20.8	48.8	59.0	50.87	75.88	0.576904584549
ENSDART00000138139	zgc:153157	3	29.3	20.0	NA	NA	NA	NA	NA	NA	NA
ENSDART00000002714	slc17a9b	153	46.0	44.7	12.4	19.9	64.6	84.1	21.11	23.31	0.143022425782
ENSDART00000114809	C16H1orf172	271	65.4	60.2	17.3	37.4	92.4	117.4	26.78	255.24	3.25262657336
ENSDART00000138136	chst2a	73	30.8	24.1	9.8	16.4	41.5	61.2	31.53	8.7	-1.85763786395
ENSDART00000124417	naa15a	205	93.0	95.3	45.1	62.9	120.0	140.2	42.35	346.43	3.03212999471
ENSDART00000124416	med31	169	46.5	43.5	19.1	28.5	62.3	75.1	67.07	122.89	0.873628016052
ENSDART00000138133	gulp1a	79	36.6	28.9	7.3	15.6	46.0	79.8	NA	NA	NA
ENSDART00000124410	CR388132.1	3	62.7	71.5	NA	NA	NA	NA	NA	NA	NA
ENSDART00000105942	si:dkey-253d23.3	8	40.7	35.0	NA	NA	NA	NA	NA	NA	NA
ENSDART00000035558	htatip2	75	42.3	36.1	11.0	22.2	56.8	80.8	NA	NA	NA
ENSDART00000101044	hsbp1a	7	66.2	29.1	NA	NA	NA	NA	NA	NA	NA
ENSDART00000084932	map3k3	9	28.7	19.2	NA	NA	NA	NA	NA	NA	NA
ENSDART00000105944	ZNF22	79	39.7	36.4	9.6	22.0	48.4	69.3	87.0	25.28	-1.78301893745
ENSDART00000052660	skap2	19	36.8	36.1	9.1	14.6	55.7	66.1	NA	NA	NA
ENSDART00000110076	gas1a	50	58.6	46.7	15.3	29.1	81.4	121.0	NA	NA	NA
ENSDART00000110077	best1	1	22.7	22.7	NA	NA	NA	NA	NA	NA	NA
ENSDART00000110070	si:ch211-120p12.3	2	25.6	25.6	NA	NA	NA	NA	NA	NA	NA
ENSDART00000062081	lpar2a	15	32.9	35.1	16.8	21.5	38.0	45.9	NA	NA	NA
ENSDART00000135309	zgc:114118	14	40.2	27.1	10.2	13.9	53.6	74.9	NA	NA	NA
ENSDART00000024604	MARS2	22	28.0	28.0	6.3	16.4	38.7	47.9	NA	NA	NA
ENSDART00000137844	atp8b1	209	42.5	34.8	13.2	21.5	61.9	83.7	8.31	9.83	0.24234293957
ENSDART00000042082	FAT3	2	72.1	72.1	NA	NA	NA	NA	NA	NA	NA
ENSDART00000143356	TMEM14A	19	42.5	50.4	13.1	22.0	61.0	67.1	NA	NA	NA
ENSDART00000143358	FP015791.1	1	78.7	78.7	NA	NA	NA	NA	NA	NA	NA
ENSDART00000127360	TMEM138	3	26.0	29.8	NA	NA	NA	NA	NA	NA	NA
ENSDART00000104647	prim1	30	58.7	53.8	34.4	44.9	75.3	86.2	11.37	66.48	2.54768812788
ENSDART00000129769	cgnl1	19	47.8	47.7	10.3	31.5	58.8	81.1	13.73	43.9	1.67688931428
ENSDART00000033738	farsa	63	45.1	45.1	17.8	30.6	61.9	70.5	19.21	25.82	0.426631481642
ENSDART00000113660	magi3	47	33.9	28.2	11.7	16.4	42.4	63.7	8.76	27.85	1.66867455263
ENSDART00000129765	rassf8b	2	30.8	30.8	NA	NA	NA	NA	NA	NA	NA
ENSDART00000129766	safb	158	112.2	114.9	59.4	91.2	136.8	152.8	36.6	241.8	2.72389869097
ENSDART00000079454	vamp2	3	42.0	34.0	NA	NA	NA	NA	NA	NA	NA
ENSDART00000082162	CABZ01087549.1	6	78.6	47.7	NA	NA	NA	NA	NA	NA	NA
ENSDART00000002309	mafba	2	46.5	46.5	NA	NA	NA	NA	NA	NA	NA
ENSDART00000114492	sc:d808	68	25.0	22.7	6.0	12.2	33.7	47.1	NA	NA	NA
ENSDART00000014385	elovl7b	16	19.5	15.0	3.5	7.2	30.2	43.9	120.1	47.81	-1.32885184025
ENSDART00000052780	ndufa1	36	31.6	24.5	10.4	15.4	46.8	59.5	NA	NA	NA
ENSDART00000053205	cd74b	3	53.3	23.1	NA	NA	NA	NA	NA	NA	NA
ENSDART00000092656	erf	98	93.1	93.0	44.7	72.2	114.7	131.1	12.94	187.97	3.8605929038
ENSDART00000052789	c1galt1c1	58	46.7	42.7	24.4	29.5	58.0	72.0	NA	NA	NA
ENSDART00000133430	zgc:92606	45	43.0	37.3	18.3	27.4	49.7	76.2	NA	NA	NA
ENSDART00000110380	LARP4	17	90.9	83.5	19.7	37.1	147.1	166.1	NA	NA	NA
ENSDART00000149717	foxo1a	2	45.8	45.8	NA	NA	NA	NA	NA	NA	NA
ENSDART00000149713	btbd16	1	43.6	43.6	NA	NA	NA	NA	NA	NA	NA
ENSDART00000110389	ptpn9a	19	50.1	54.2	14.1	32.4	64.9	83.1	NA	NA	NA
ENSDART00000045299	ola1	93	61.8	55.2	25.7	37.2	84.9	100.0	47.55	12.42	-1.93678016753
ENSDART00000139669	sybl1	46	28.8	23.9	6.1	15.9	37.6	50.8	NA	NA	NA
ENSDART00000019561	FOXR1	2	17.3	17.3	NA	NA	NA	NA	NA	NA	NA
ENSDART00000045295	IPO11	35	42.9	42.8	5.3	18.6	62.8	76.7	14.61	45.71	1.6455536408
ENSDART00000078854	mpv17l2	71	46.0	44.5	8.7	25.3	64.9	84.8	NA	NA	NA
ENSDART00000009687	zgc:56095	587	46.3	44.7	14.1	27.8	62.5	78.7	141.38	499.83	1.82185944816
ENSDART00000049099	trip13	35	23.9	19.7	10.2	13.9	29.9	39.9	NA	NA	NA
ENSDART00000017850	ctu1	273	29.5	25.0	6.2	14.4	42.3	59.4	81.16	69.96	-0.214238575835
ENSDART00000091873	crebbpb	1	107.3	107.3	NA	NA	NA	NA	8.02	18.08	1.17272053596
ENSDART00000078824	szrd1	520	64.4	61.4	18.2	39.7	87.5	110.8	89.98	376.61	2.06539503583
ENSDART00000013148	pou3f1	1	93.6	93.6	NA	NA	NA	NA	NA	NA	NA
ENSDART00000145175	si:ch73-257c13.2	2	36.9	36.9	NA	NA	NA	NA	NA	NA	NA
ENSDART00000114100	birc6	66	48.0	44.5	18.4	32.6	57.2	72.8	11.3	17.37	0.620274981408
ENSDART00000047662	ppp1r13bb	81	77.2	80.5	25.1	44.1	106.3	133.2	13.25	153.84	3.537366403
ENSDART00000047525	cryba1l1	1	13.8	13.8	NA	NA	NA	NA	NA	NA	NA
ENSDART00000047524	il12ba	1	17.7	17.7	NA	NA	NA	NA	NA	NA	NA
ENSDART00000052569	pitx2	3	82.4	88.2	NA	NA	NA	NA	NA	NA	NA
ENSDART00000135573	si:dkeyp-2e4.5	3	27.0	28.2	NA	NA	NA	NA	NA	NA	NA
ENSDART00000111670	svilb	40	26.1	22.0	8.6	15.7	32.7	44.6	NA	NA	NA
ENSDART00000052562	spata4	8	34.7	37.9	NA	NA	NA	NA	NA	NA	NA
ENSDART00000047529	acap3b	6	34.6	33.0	NA	NA	NA	NA	NA	NA	NA
ENSDART00000047528	gnai3	10	55.9	52.4	41.8	46.6	72.1	77.7	NA	NA	NA
ENSDART00000145108	MFF	11	15.1	10.4	9.6	9.8	18.5	25.1	NA	NA	NA
ENSDART00000141718	fam105ba	2	50.7	50.7	NA	NA	NA	NA	NA	NA	NA
ENSDART00000017912	gli2b	1	31.7	31.7	NA	NA	NA	NA	NA	NA	NA
ENSDART00000102243	il21r	7	73.6	83.6	NA	NA	NA	NA	NA	NA	NA
ENSDART00000012438	hspa9	315	48.6	43.8	16.6	29.4	68.6	85.7	51.36	288.5	2.4898542113
ENSDART00000025366	cetn3	90	20.9	15.9	4.2	9.2	26.7	44.6	NA	NA	NA
ENSDART00000022605	tmem126a	12	36.7	28.8	10.7	17.3	58.5	64.4	NA	NA	NA
ENSDART00000086530	SHKBP1	34	30.2	27.0	13.0	17.8	32.9	51.4	NA	NA	NA
ENSDART00000128149	fam32al	57	96.8	102.2	25.0	65.0	122.4	150.3	294.11	200.25	-0.554553595332
ENSDART00000090475	fam21c	119	30.6	24.9	8.3	14.8	40.4	56.5	22.11	13.85	-0.67481304888
ENSDART00000049893	erbb3b	1	10.4	10.4	NA	NA	NA	NA	NA	NA	NA
ENSDART00000141077	RAPGEF2	264	40.9	33.4	13.7	19.8	57.9	77.3	28.25	28.66	0.0207877420722
ENSDART00000098173	vapal	301	33.8	33.4	10.6	18.2	45.6	57.9	50.89	25.86	-0.976659916167
ENSDART00000114661	atp6v1ab	63	22.2	16.0	4.6	8.5	30.5	47.9	NA	NA	NA
ENSDART00000010944	dctn5	28	26.6	28.0	10.0	19.2	36.7	43.0	NA	NA	NA
ENSDART00000111389	exd2	236	62.9	55.1	15.7	30.5	87.8	109.0	40.07	119.37	1.57484588998
ENSDART00000109024	lrp12	26	34.6	25.4	5.2	15.6	48.0	67.9	8.78	10.53	0.26221259149
ENSDART00000139448	GALNTL6	8	40.6	39.6	NA	NA	NA	NA	NA	NA	NA
ENSDART00000111384	zgc:172282	1	66.0	66.0	NA	NA	NA	NA	NA	NA	NA
ENSDART00000111386	dlx2a	1	13.9	13.9	NA	NA	NA	NA	NA	NA	NA
ENSDART00000128647	C12H17orf62	8	59.3	53.6	NA	NA	NA	NA	NA	NA	NA
ENSDART00000148598	tefb	63	49.4	40.5	8.9	19.0	71.3	106.5	NA	NA	NA
ENSDART00000148596	gadd45ab	4	46.1	43.8	NA	NA	NA	NA	NA	NA	NA
ENSDART00000130934	lnpb	34	66.2	57.1	16.8	27.6	100.6	134.2	NA	NA	NA
ENSDART00000075223	cox7a2a	139	25.2	19.4	8.5	13.7	28.6	44.4	60.36	4.58	-3.72017330243
ENSDART00000075222	gnl2	1	27.2	27.2	NA	NA	NA	NA	7.88	15.9	1.01275923072
ENSDART00000111038	PLXDC2	11	40.4	41.4	29.0	31.5	46.8	56.9	NA	NA	NA
ENSDART00000114230	DTX4	2	45.2	45.2	NA	NA	NA	NA	NA	NA	NA
ENSDART00000152624	olfm2b	1	40.9	40.9	NA	NA	NA	NA	NA	NA	NA
ENSDART00000152860	snx9b	145	38.6	36.9	13.5	22.7	49.6	62.9	NA	NA	NA
ENSDART00000006698	ebf1a	28	26.9	18.9	8.0	15.6	34.2	59.8	NA	NA	NA
ENSDART00000026120	ap3m2	13	74.0	74.0	50.9	65.7	85.9	97.0	NA	NA	NA
ENSDART00000113848	zgc:171422	153	40.2	36.0	11.8	20.2	55.5	74.3	17.22	43.63	1.34123533098
ENSDART00000114239	CU457819.3	11	-2.1	-7.2	-9.1	-8.9	-0.9	5.8	NA	NA	NA
ENSDART00000004041	zgc:162200	170	36.2	36.5	10.7	18.6	48.5	62.3	30.78	23.94	-0.362570079385
ENSDART00000113849	kif5ba	179	76.4	79.9	27.7	57.5	94.9	116.0	54.06	51.33	-0.0747592513241
ENSDART00000090657	znrf3	86	24.1	20.9	6.3	11.5	35.5	48.7	NA	NA	NA
ENSDART00000066765	bmi1a	507	33.9	31.5	9.7	18.7	45.6	60.5	NA	NA	NA
ENSDART00000128050	UTP14C	22	55.3	44.0	31.1	38.7	78.1	83.9	22.36	19.89	-0.168876912009
ENSDART00000093382	GALNT3	5	59.8	67.2	NA	NA	NA	NA	NA	NA	NA
ENSDART00000031700	eng2a	1	36.3	36.3	NA	NA	NA	NA	NA	NA	NA
ENSDART00000007066	cdk8	218	46.3	39.2	12.3	24.2	66.5	86.0	38.67	136.44	1.81897999053
ENSDART00000067423	frs2a	1	105.4	105.4	NA	NA	NA	NA	NA	NA	NA
ENSDART00000029387	ppan	260	37.2	33.2	13.5	21.3	46.0	67.1	102.5	18.46	-2.47314945163
ENSDART00000064107	cxadr	130	52.4	51.9	18.0	29.3	73.7	95.6	NA	NA	NA
ENSDART00000039083	slco1c1	19	48.9	40.5	18.3	31.0	72.4	79.4	NA	NA	NA
ENSDART00000080138	ptcd3	142	44.5	42.3	16.4	27.7	57.2	76.1	43.86	29.8	-0.557593481324
ENSDART00000078041	CABZ01073424.1	48	52.9	51.1	23.5	32.8	69.8	83.9	NA	NA	NA
ENSDART00000104157	TMEM45A	15	58.4	51.1	24.0	44.9	73.1	86.8	NA	NA	NA
ENSDART00000044368	si:ch211-39i19.4	1	175.1	175.1	NA	NA	NA	NA	NA	NA	NA
ENSDART00000104151	entpd3	1	17.6	17.6	NA	NA	NA	NA	NA	NA	NA
ENSDART00000063824	CABZ01117079.1	4	32.9	32.4	NA	NA	NA	NA	NA	NA	NA
ENSDART00000067814	tk2	39	31.3	23.1	4.7	10.1	36.6	64.2	NA	NA	NA
ENSDART00000108646	piezo1	7	59.2	54.7	NA	NA	NA	NA	NA	NA	NA
ENSDART00000108647	alyref	1275	100.6	105.5	38.7	73.5	129.8	149.0	432.55	2331.34	2.43022060705
ENSDART00000087450	klf13	1	100.6	100.6	NA	NA	NA	NA	NA	NA	NA
ENSDART00000140039	rpl8	567	41.3	40.5	17.8	27.9	52.6	66.7	487.93	29.79	-4.03377416028
ENSDART00000108643	tctn1	7	12.5	10.6	NA	NA	NA	NA	NA	NA	NA
ENSDART00000112146	CR388068.1	36	41.6	32.4	1.9	16.9	66.0	78.4	NA	NA	NA
ENSDART00000113843	ypel3	459	76.7	70.5	19.6	36.8	110.1	145.1	NA	NA	NA
ENSDART00000041842	ndufb10	76	36.9	35.8	16.2	25.3	45.2	59.4	41.99	13.97	-1.58771376743
ENSDART00000125463	haus3	82	25.2	17.8	6.7	10.5	33.1	56.4	NA	NA	NA
ENSDART00000056641	smarcd3a	9	26.3	23.6	NA	NA	NA	NA	NA	NA	NA
ENSDART00000113972	zmiz1b	13	19.2	17.8	3.8	11.2	22.9	38.1	NA	NA	NA
ENSDART00000002750	tacc3	252	15.2	12.7	1.3	6.6	20.7	30.7	61.75	4.1	-3.91274332185
ENSDART00000015841	gstt1b	31	55.6	38.3	19.7	30.0	72.3	122.3	NA	NA	NA
ENSDART00000015843	pax3b	1	64.9	64.9	NA	NA	NA	NA	NA	NA	NA
ENSDART00000025581	ets2	41	78.0	52.8	25.1	32.5	95.8	162.4	9.88	7.03	-0.490986352512
ENSDART00000136000	stab2	11	42.2	38.7	19.7	26.1	65.4	68.2	NA	NA	NA
ENSDART00000042901	taf6	74	98.9	101.7	51.5	78.2	120.1	140.3	NA	NA	NA
ENSDART00000099214	slc16a1	41	90.8	93.7	25.2	43.2	127.8	153.0	NA	NA	NA
ENSDART00000008243	slmo2	423	32.7	28.7	11.7	18.7	42.1	55.5	63.11	27.22	-1.21320155655
ENSDART00000129547	CABZ01087568.1	46	26.5	21.6	9.4	15.5	35.1	48.2	NA	NA	NA
ENSDART00000123142	pex5	55	51.0	48.2	9.6	24.8	74.2	102.4	NA	NA	NA
ENSDART00000123143	CU856359.1	58	27.9	28.3	6.8	15.4	38.0	46.9	24.78	6.96	-1.83201697629
ENSDART00000126314	pcdh8	3	97.4	122.3	NA	NA	NA	NA	NA	NA	NA
ENSDART00000123147	ZBTB8A	49	22.0	21.1	5.9	12.3	31.6	40.4	NA	NA	NA
ENSDART00000123145	RNF4	67	19.0	14.3	2.7	6.7	27.4	35.9	NA	NA	NA
ENSDART00000126318	CU683898.1	54	39.8	31.7	12.5	22.5	47.3	64.1	NA	NA	NA
ENSDART00000078221	mgrn1b	89	41.0	33.4	9.1	20.7	58.7	87.8	NA	NA	NA
ENSDART00000008302	insra	106	28.7	25.8	7.7	13.2	37.7	54.5	NA	NA	NA
ENSDART00000113864	FAXC	2	59.0	59.0	NA	NA	NA	NA	NA	NA	NA
ENSDART00000011701	fgb	2	3.4	3.4	NA	NA	NA	NA	NA	NA	NA
ENSDART00000075958	slc13a2	9	38.1	35.1	NA	NA	NA	NA	NA	NA	NA
ENSDART00000110097	CU075911.1	1309	22.2	18.8	6.0	11.3	28.8	42.9	171.12	114.99	-0.573499983643
ENSDART00000041849	tmem8a	7	32.4	24.1	NA	NA	NA	NA	NA	NA	NA
ENSDART00000075481	CNTN6	3	52.6	61.2	NA	NA	NA	NA	NA	NA	NA
ENSDART00000055262	cdk5r1a	2	54.9	54.9	NA	NA	NA	NA	NA	NA	NA
ENSDART00000065411	atg9a	7	19.7	16.4	NA	NA	NA	NA	NA	NA	NA
ENSDART00000064343	klf7b	5	23.9	27.5	NA	NA	NA	NA	NA	NA	NA
ENSDART00000019155	btg2	1348	52.1	48.8	14.1	26.9	70.9	96.0	57.59	804.57	3.80432771805
ENSDART00000075484	ube2a	72	65.1	63.7	15.7	36.4	91.2	112.5	NA	NA	NA
ENSDART00000101211	cldnh	2	14.3	14.3	NA	NA	NA	NA	NA	NA	NA
ENSDART00000122308	pum1	13	41.9	27.2	-10.0	-8.9	75.4	91.0	23.18	172.49	2.89556025351
ENSDART00000147026	shroom1	6	39.6	32.3	NA	NA	NA	NA	NA	NA	NA
ENSDART00000144100	psmd1	99	71.3	69.2	40.6	53.1	90.5	108.0	37.23	89.84	1.27089231155
ENSDART00000146845	pth1a	14	28.4	29.5	11.6	16.5	39.9	41.0	NA	NA	NA
ENSDART00000127303	map7d3	119	31.8	29.1	10.6	15.5	40.0	54.9	22.92	7.37	-1.63687051966
ENSDART00000087894	zgc:153409	45	8.1	-7.0	-12.6	-9.6	12.1	34.0	NA	NA	NA
ENSDART00000074574	APH1A	83	45.0	37.9	12.4	19.5	60.7	98.2	22.83	35.91	0.65345479344
ENSDART00000074575	SEPT7	166	51.8	48.9	17.5	29.5	69.0	92.1	17.43	53.05	1.60578018168
ENSDART00000018827	dachc	5	51.9	52.0	NA	NA	NA	NA	NA	NA	NA
ENSDART00000051779	atg4c	5	105.4	116.3	NA	NA	NA	NA	NA	NA	NA
ENSDART00000054437	TBC1D10C	1	70.4	70.4	NA	NA	NA	NA	NA	NA	NA
ENSDART00000002498	elp4	24	48.0	48.7	15.9	35.8	62.8	75.4	NA	NA	NA
ENSDART00000098031	apeh	114	92.3	94.9	25.7	58.7	125.8	150.3	NA	NA	NA
ENSDART00000027386	acot8	12	31.9	33.2	11.5	15.4	38.1	56.7	NA	NA	NA
ENSDART00000085076	CHST15	38	28.0	24.9	7.1	14.6	37.6	47.5	NA	NA	NA
ENSDART00000124641	ulk1a	57	22.3	20.8	5.1	10.8	27.8	37.3	NA	NA	NA
ENSDART00000124643	rasal3	1	6.1	6.1	NA	NA	NA	NA	NA	NA	NA
ENSDART00000059360	hnrnpul1	12	46.2	35.1	7.5	18.7	61.5	102.9	NA	NA	NA
ENSDART00000124646	rgmd	30	20.7	15.0	3.1	8.0	22.6	50.1	NA	NA	NA
ENSDART00000064678	lft2	85	30.1	17.3	5.2	9.2	37.0	79.1	NA	NA	NA
ENSDART00000110809	rsad1	21	27.8	21.5	10.6	15.0	38.3	44.8	NA	NA	NA
ENSDART00000110808	si:ch73-221f6.7	6	29.8	25.8	NA	NA	NA	NA	NA	NA	NA
ENSDART00000061751	zp3a.2	95	90.4	94.5	32.2	62.4	117.2	133.0	58.01	19.73	-1.55591066326
ENSDART00000110807	SPEN	318	49.9	45.6	16.5	25.6	70.5	90.1	40.64	38.78	-0.0675875986654
ENSDART00000105776	fam207a	98	47.0	44.5	14.9	25.7	59.3	82.0	45.98	26.42	-0.799375999471
ENSDART00000142589	si:dkey-148f10.4	2	32.1	32.1	NA	NA	NA	NA	NA	NA	NA
ENSDART00000061758	MIER3	237	27.9	24.3	8.7	15.8	36.7	48.3	32.99	17.33	-0.928757123405
ENSDART00000134896	si:ch211-12e13.2	39	42.1	40.7	8.7	20.7	54.4	78.2	21.42	9.35	-1.19592020998
ENSDART00000134890	dusp11	239	83.3	86.4	34.3	64.0	107.4	124.4	NA	NA	NA
ENSDART00000102410	TAF15	384	95.7	103.1	32.1	64.7	123.0	137.8	207.0	1423.77	2.78201343508
ENSDART00000129962	BX324179.3	4	28.6	31.0	NA	NA	NA	NA	NA	NA	NA
ENSDART00000134893	CPAMD8	1	15.0	15.0	NA	NA	NA	NA	NA	NA	NA
ENSDART00000055492	ddx5	893	102.9	101.7	47.8	74.7	129.9	154.4	375.29	1074.67	1.51781596429
ENSDART00000093358	loh12cr1	53	39.0	34.2	16.6	22.7	48.6	62.7	24.94	9.66	-1.36836637099
ENSDART00000034913	SGMS1	113	36.9	31.4	11.9	22.4	52.3	67.4	NA	NA	NA
ENSDART00000083957	CAMSAP2	13	25.0	23.7	16.7	21.0	30.3	36.4	NA	NA	NA
ENSDART00000058890	ephx2	20	58.9	51.0	16.9	31.3	84.3	109.2	NA	NA	NA
ENSDART00000104977	PICK1	62	46.6	42.4	14.7	28.8	65.2	84.2	NA	NA	NA
ENSDART00000036513	trib3	113	82.5	80.8	18.9	45.5	116.3	142.9	27.12	140.6	2.37416751082
ENSDART00000103320	dll4	5	29.7	19.4	NA	NA	NA	NA	NA	NA	NA
ENSDART00000013446	eif2d	17	46.6	37.7	26.9	33.6	63.8	75.8	15.49	15.02	-0.0444523312753
ENSDART00000066997	dram1	3	32.3	40.6	NA	NA	NA	NA	NA	NA	NA
ENSDART00000066999	ccdc53	35	27.5	25.4	5.5	14.9	40.3	50.1	NA	NA	NA
ENSDART00000113732	orc6	701	50.4	46.3	17.3	29.1	66.7	88.0	109.56	749.03	2.77330233122
ENSDART00000013449	chst13	16	23.8	11.6	6.1	9.3	31.8	55.4	NA	NA	NA
ENSDART00000100924	cwc25	44	71.2	73.8	15.0	49.8	98.2	121.5	147.21	145.33	-0.0185431326742
ENSDART00000082395	PDCD1LG2	1	3.3	3.3	NA	NA	NA	NA	NA	NA	NA
ENSDART00000017034	rnf2	451	35.4	28.1	9.5	16.6	48.6	74.0	48.55	131.44	1.43686118464
ENSDART00000146085	C10H9orf123	11	42.6	42.3	23.0	29.0	57.2	66.2	NA	NA	NA
ENSDART00000041597	arpp19a	8	72.9	67.5	NA	NA	NA	NA	NA	NA	NA
ENSDART00000073508	HYAL4	7	34.7	33.1	NA	NA	NA	NA	NA	NA	NA
ENSDART00000125149	ndst2a	115	41.4	36.5	13.7	21.8	54.8	74.3	NA	NA	NA
ENSDART00000073500	ptprz1a	2	62.4	62.4	NA	NA	NA	NA	NA	NA	NA
ENSDART00000077883	pfkfb4	136	30.6	25.9	13.6	17.7	38.0	52.4	NA	NA	NA
ENSDART00000125663	si:dkey-165n16.1	84	42.3	38.1	14.4	25.5	58.6	74.7	NA	NA	NA
ENSDART00000045109	zgc:92242	2	115.5	115.5	NA	NA	NA	NA	NA	NA	NA
ENSDART00000015664	pcnx	32	40.1	31.8	11.3	19.9	47.8	83.3	7.84	2.75	-1.5114220357
ENSDART00000134763	C9H21orf33	106	31.0	27.6	9.8	14.9	39.5	54.8	NA	NA	NA
ENSDART00000058099	si:ch73-308m11.1	18	35.3	32.9	12.5	18.1	41.5	59.1	NA	NA	NA
ENSDART00000082955	sowahcb	6	47.2	37.8	NA	NA	NA	NA	NA	NA	NA
ENSDART00000021736	scocb	6	46.0	48.7	NA	NA	NA	NA	NA	NA	NA
ENSDART00000058095	CABZ01009626.1	1	49.6	49.6	NA	NA	NA	NA	NA	NA	NA
ENSDART00000151106	zgc:56064	571	77.5	79.1	38.2	59.4	95.8	110.5	95.19	433.05	2.18565168121
ENSDART00000130734	strbp	50	109.0	104.4	68.0	82.7	131.9	151.4	7.51	64.87	3.11066662596
ENSDART00000025096	larp1b	146	47.7	41.5	6.7	17.5	65.9	110.4	18.0	68.76	1.93357263826
ENSDART00000066191	ift52	38	34.8	29.8	14.7	21.7	45.8	66.8	19.95	13.96	-0.5150898049
ENSDART00000054738	gid8b	83	76.2	68.4	29.8	44.8	110.8	131.2	48.53	240.02	2.3062058602
ENSDART00000059752	med16	179	25.3	20.8	6.8	13.3	31.8	50.9	22.46	15.44	-0.540685175133
ENSDART00000130739	plaa	122	37.7	28.6	9.7	17.2	45.8	66.3	31.43	28.71	-0.130588941592
ENSDART00000066197	glra1	2	36.9	36.9	NA	NA	NA	NA	NA	NA	NA
ENSDART00000113368	RNF5	44	39.8	41.3	8.4	23.4	55.4	68.7	NA	NA	NA
ENSDART00000151950	serac1	60	23.2	18.8	6.8	12.4	25.7	36.7	NA	NA	NA
ENSDART00000055340	fus	65	45.9	40.7	13.9	22.7	65.2	86.5	9.31	30.69	1.72091557291
ENSDART00000112095	vars	89	43.1	37.1	19.0	26.4	58.7	80.0	20.53	24.43	0.250920236159
ENSDART00000112098	CR847925.1	175	70.9	67.7	11.0	35.1	109.3	129.0	NA	NA	NA
ENSDART00000058370	ARHGAP32	26	36.6	27.1	13.2	17.1	51.4	63.7	NA	NA	NA
ENSDART00000077089	nucb1	102	35.4	32.8	7.8	16.8	52.1	67.5	52.14	44.04	-0.243576113971
ENSDART00000101789	flot2b	28	51.9	48.1	6.0	24.1	66.6	112.0	NA	NA	NA
ENSDART00000023388	yod1	43	55.5	60.3	17.4	31.3	74.5	89.3	NA	NA	NA
ENSDART00000032341	pef1	21	38.4	22.1	5.8	10.0	63.2	76.5	NA	NA	NA
ENSDART00000049464	fermt2	117	47.3	42.8	5.9	22.6	64.2	97.7	12.16	92.35	2.92496873243
ENSDART00000032342	anxa5a	1	61.8	61.8	NA	NA	NA	NA	NA	NA	NA
ENSDART00000125272	slc2a10	22	30.0	25.9	14.1	20.0	39.8	54.7	13.5	1.24	-3.44454738155
ENSDART00000122953	gnl3	34	50.2	40.2	18.0	23.8	56.7	112.1	12.31	8.29	-0.570386754989
ENSDART00000109234	spata18	5	45.8	17.3	NA	NA	NA	NA	NA	NA	NA
ENSDART00000039868	usp4	217	57.1	53.2	12.0	22.5	85.9	108.7	54.62	85.39	0.644637812006
ENSDART00000109236	HSCB	37	17.7	13.8	2.0	8.2	24.3	37.4	NA	NA	NA
ENSDART00000109230	ulk3	16	46.7	49.8	19.6	32.9	57.6	72.3	NA	NA	NA
ENSDART00000109231	mamdc2b	1	86.2	86.2	NA	NA	NA	NA	NA	NA	NA
ENSDART00000091684	anapc7	39	47.8	47.4	20.9	30.6	63.3	75.0	12.84	53.74	2.06535111889
ENSDART00000091683	alkbh5	242	42.4	37.1	17.0	25.6	54.0	71.5	67.43	59.54	-0.17953137609
ENSDART00000028171	lta4h	178	57.0	58.1	16.8	32.7	78.1	97.7	21.87	38.47	0.814780609249
ENSDART00000135383	si:dkey-192p21.6	11	28.3	28.7	3.5	16.1	39.4	54.8	NA	NA	NA
ENSDART00000053834	psmc6	117	32.7	25.0	4.4	9.3	46.7	73.9	28.09	44.29	0.656924372759
ENSDART00000002463	tmed5	483	66.3	64.3	19.8	41.1	88.7	109.8	62.19	172.68	1.47334647563
ENSDART00000138091	BX324142.2	1	42.5	42.5	NA	NA	NA	NA	NA	NA	NA
ENSDART00000002464	neu1	8	61.7	59.8	NA	NA	NA	NA	NA	NA	NA
ENSDART00000002469	hspa4b	121	69.6	70.4	28.6	48.3	89.3	109.4	52.52	59.42	0.178081688943
ENSDART00000002393	RUNDC3A	1	29.9	29.9	NA	NA	NA	NA	NA	NA	NA
ENSDART00000035967	brd2a	433	55.2	35.6	8.8	15.9	81.0	136.3	177.01	84.75	-1.06254559284
ENSDART00000046454	zgc:171445	54	53.6	51.6	18.7	31.8	73.1	88.7	NA	NA	NA
ENSDART00000101253	luc7l3	71	98.4	96.8	34.6	58.1	138.4	158.7	36.69	129.76	1.82238691497
ENSDART00000128025	rps26l	225	51.7	43.2	20.8	31.5	58.1	110.9	111.49	13.44	-3.05230927142
ENSDART00000144907	pidd	4	28.4	28.9	NA	NA	NA	NA	NA	NA	NA
ENSDART00000144906	zgc:162358	3	67.5	25.3	NA	NA	NA	NA	NA	NA	NA
ENSDART00000105974	pvalb9	2	88.3	88.3	NA	NA	NA	NA	NA	NA	NA
ENSDART00000131063	C7H4orf48	61	48.0	45.4	13.1	28.0	65.1	88.2	NA	NA	NA
ENSDART00000080632	zgc:64022	317	41.3	26.5	6.6	12.8	51.7	111.9	NA	NA	NA
ENSDART00000131067	fbxo42	262	53.1	49.9	20.1	35.1	69.3	87.1	47.39	21.01	-1.17350649896
ENSDART00000037224	zgc:56530	28	62.1	56.3	35.1	39.2	76.9	97.6	NA	NA	NA
ENSDART00000006386	atp1b1a	65	139.5	144.9	83.4	118.7	167.5	187.7	NA	NA	NA
ENSDART00000024720	si:ch211-282j22.3	71	39.2	34.2	13.7	21.6	47.1	73.2	16.5	11.25	-0.552541023029
ENSDART00000089569	camsap2	2	31.3	31.3	NA	NA	NA	NA	NA	NA	NA
ENSDART00000006300	ptplad1	49	58.0	56.1	33.4	45.1	69.2	87.2	NA	NA	NA
ENSDART00000003221	nsrp1	109	43.0	39.6	16.4	23.8	57.6	73.0	40.27	22.99	-0.808699006228
ENSDART00000104979	zgc:112023	5	18.7	15.0	NA	NA	NA	NA	NA	NA	NA
ENSDART00000028717	bach2b	1	8.5	8.5	NA	NA	NA	NA	NA	NA	NA
ENSDART00000091466	polr3b	14	36.3	24.7	11.2	18.8	55.1	80.2	6.51	3.97	-0.713518536023
ENSDART00000098865	vasp	55	69.1	67.2	26.0	37.2	96.7	117.0	13.72	37.07	1.43397163365
ENSDART00000133514	elovl7a	280	17.9	13.7	4.0	8.1	23.5	32.2	NA	NA	NA
ENSDART00000079594	C13H4orf32	75	38.6	29.5	7.7	16.6	48.5	81.7	NA	NA	NA
ENSDART00000079597	vps36	39	36.5	32.9	10.8	20.0	48.9	71.7	NA	NA	NA
ENSDART00000002791	odz4	10	67.1	85.1	7.9	39.8	102.5	109.2	NA	NA	NA
ENSDART00000005021	tkt	711	47.4	46.8	14.7	28.0	65.0	79.8	94.64	244.71	1.37055107913
ENSDART00000133519	rad9b	1	45.8	45.8	NA	NA	NA	NA	NA	NA	NA
ENSDART00000011955	gpsm1b	44	51.2	54.1	10.5	17.7	75.4	92.9	9.52	44.88	2.2370391973
ENSDART00000005168	ddx55	63	34.1	32.2	10.5	17.7	47.8	56.8	18.77	22.23	0.244079298196
ENSDART00000006380	tbx3a	1	43.0	43.0	NA	NA	NA	NA	NA	NA	NA
ENSDART00000109976	acap3a	4	32.5	34.3	NA	NA	NA	NA	NA	NA	NA
ENSDART00000081754	sdha	246	42.7	38.4	14.4	26.1	56.9	70.1	36.24	48.06	0.407253693084
ENSDART00000086490	smyd4	13	37.1	34.7	17.3	28.3	49.6	55.2	NA	NA	NA
ENSDART00000006381	psen2	18	52.4	52.1	27.7	40.6	63.4	78.3	NA	NA	NA
ENSDART00000086495	C25H12orf4	16	21.1	17.4	8.7	11.8	28.0	33.8	NA	NA	NA
ENSDART00000060838	rer1	209	94.2	98.2	37.6	69.3	119.2	146.3	54.3	379.07	2.80344018148
ENSDART00000081813	zbtb24	4	31.4	24.0	NA	NA	NA	NA	NA	NA	NA
ENSDART00000102081	afap1l2	3	29.8	28.3	NA	NA	NA	NA	NA	NA	NA
ENSDART00000008498	adh8a	1	35.9	35.9	NA	NA	NA	NA	NA	NA	NA
ENSDART00000081810	clic1	16	28.1	24.3	9.6	18.1	30.3	44.1	NA	NA	NA
ENSDART00000042737	rab18b	174	54.1	52.2	15.6	30.3	75.7	97.1	NA	NA	NA
ENSDART00000093367	trim3a	19	37.5	27.6	-11.3	12.0	54.0	96.7	NA	NA	NA
ENSDART00000081759	sema5a	18	22.6	21.6	3.9	9.4	31.5	37.4	NA	NA	NA
ENSDART00000008490	zgc:55512	479	35.3	24.2	5.1	13.2	45.9	80.4	NA	NA	NA
ENSDART00000077404	por	46	34.6	23.4	10.0	14.9	44.8	68.8	NA	NA	NA
ENSDART00000109970	DLC1	3	53.6	13.3	NA	NA	NA	NA	NA	NA	NA
ENSDART00000152626	rpl24	1411	35.7	34.8	8.7	19.0	50.3	61.9	964.88	17.44	-5.78987758351
ENSDART00000085051	hhip	16	21.2	13.7	5.2	6.7	25.2	35.9	NA	NA	NA
ENSDART00000139055	efcab7	54	40.2	35.3	13.7	20.1	46.3	73.4	NA	NA	NA
ENSDART00000087815	b4galnt1a	42	29.2	20.9	10.0	13.5	40.2	57.1	NA	NA	NA
ENSDART00000129956	SLC39A14	42	53.2	52.5	21.3	39.2	70.0	86.2	NA	NA	NA
ENSDART00000113058	gpsm2	110	22.6	19.1	4.4	10.0	29.5	45.4	NA	NA	NA
ENSDART00000129953	rhogd	25	56.8	53.7	27.5	41.5	68.6	97.5	NA	NA	NA
ENSDART00000003444	sh2d3cb	6	38.8	33.1	NA	NA	NA	NA	NA	NA	NA
ENSDART00000129407	plin2	1	28.8	28.8	NA	NA	NA	NA	NA	NA	NA
ENSDART00000129950	ANKRD66	20	51.1	52.2	32.7	41.4	57.9	65.9	NA	NA	NA
ENSDART00000114002	NTF4	4	30.5	27.1	NA	NA	NA	NA	NA	NA	NA
ENSDART00000020122	ywhah	228	44.1	42.3	13.0	25.8	60.8	77.3	NA	NA	NA
ENSDART00000133012	ylpm1	135	97.1	94.8	50.5	70.1	124.0	144.2	23.84	68.03	1.51278685331
ENSDART00000114006	CABZ01051901.1	11	69.2	75.7	28.1	58.9	80.9	92.3	NA	NA	NA
ENSDART00000150100	si:ch73-57f22.2	14	43.2	25.5	12.5	16.6	49.3	106.1	NA	NA	NA
ENSDART00000110249	C8H1orf228	25	71.1	62.8	29.0	48.0	88.9	107.2	NA	NA	NA
ENSDART00000110248	SLC29A3	1	145.4	145.4	NA	NA	NA	NA	NA	NA	NA
ENSDART00000007700	atf6	43	40.3	37.4	12.3	18.6	52.9	74.6	NA	NA	NA
ENSDART00000110243	pou3f2a	4	26.5	20.0	NA	NA	NA	NA	NA	NA	NA
ENSDART00000062693	ptpn1	229	36.1	28.9	12.6	18.4	43.6	71.5	NA	NA	NA
ENSDART00000110241	cnksr2a	3	35.0	35.5	NA	NA	NA	NA	NA	NA	NA
ENSDART00000062697	gfra2a	1	21.0	21.0	NA	NA	NA	NA	NA	NA	NA
ENSDART00000023539	cyba	1	11.3	11.3	NA	NA	NA	NA	NA	NA	NA
ENSDART00000020576	cdc25	1100	82.9	79.0	27.9	49.9	110.9	144.2	133.02	660.99	2.31298526958
ENSDART00000149508	mbd3a	92	90.6	102.5	18.4	50.1	125.9	149.6	25.41	285.73	3.49118423837
ENSDART00000149057	kpnb1	114	25.7	21.0	8.0	14.4	33.1	46.2	105.72	39.03	-1.4375929622
ENSDART00000022841	metap1d	81	34.1	29.9	12.4	16.1	46.4	59.2	NA	NA	NA
ENSDART00000090226	znf319	20	57.7	43.8	18.5	21.9	78.0	122.2	NA	NA	NA
ENSDART00000090221	cdc42ep1b	26	30.7	27.6	11.2	17.8	44.6	57.4	NA	NA	NA
ENSDART00000080094	prelid1a	143	28.3	24.0	10.7	15.8	35.8	46.5	37.59	11.63	-1.69249781857
ENSDART00000022147	ndufab1b	120	32.5	29.7	11.6	17.9	46.7	56.1	37.32	17.95	-1.05596514214
ENSDART00000022413	zhx3	29	54.3	50.3	29.9	35.6	70.7	84.1	16.28	31.37	0.946284829577
ENSDART00000126129	NAGPA	15	41.6	34.9	22.6	30.9	41.6	50.0	NA	NA	NA
ENSDART00000123445	rtel1	1	41.6	41.6	NA	NA	NA	NA	NA	NA	NA
ENSDART00000080099	oard1	76	30.9	27.0	10.7	15.9	42.5	61.0	NA	NA	NA
ENSDART00000123337	CABZ01081747.2	1	26.3	26.3	NA	NA	NA	NA	NA	NA	NA
ENSDART00000087729	KDM4C	6	48.6	26.0	NA	NA	NA	NA	NA	NA	NA
ENSDART00000092787	cdk4	34	76.5	79.9	45.4	60.4	92.9	103.6	NA	NA	NA
ENSDART00000087726	igf2bp1	34	100.5	114.7	19.7	71.2	144.4	154.6	8.19	69.66	3.08839511595
ENSDART00000087724	CABZ01041812.1	2	33.5	33.5	NA	NA	NA	NA	NA	NA	NA
ENSDART00000147909	wu:fc17b08	147	65.3	59.8	15.3	27.3	92.8	123.7	25.09	101.8	2.02055318555
ENSDART00000098419	CABZ01070258.1	180	68.5	57.6	11.3	19.3	111.1	144.9	NA	NA	NA
ENSDART00000101513	ppp6r2b	18	43.8	36.8	11.0	21.6	67.0	79.6	NA	NA	NA
ENSDART00000121791	ush1c	2	57.6	57.6	NA	NA	NA	NA	NA	NA	NA
ENSDART00000105143	ZC3H12A	5	70.2	59.0	NA	NA	NA	NA	NA	NA	NA
ENSDART00000105140	C11H1orf50	35	42.0	26.0	10.9	13.2	34.4	71.3	NA	NA	NA
ENSDART00000147903	lrit1a	1	0.1	0.1	NA	NA	NA	NA	NA	NA	NA
ENSDART00000147904	mad1l1	144	83.0	77.9	39.7	55.9	105.0	122.8	35.86	103.52	1.52946212912
ENSDART00000147905	fam213aa	6	71.1	79.2	NA	NA	NA	NA	30.6	20.4	-0.584962500721
ENSDART00000084131	fam160b2	20	54.9	48.9	23.2	29.0	72.9	99.2	NA	NA	NA
ENSDART00000016024	traf4a	12	42.7	35.1	18.4	21.2	57.8	73.1	NA	NA	NA
ENSDART00000043172	tmem258	549	52.3	50.7	24.1	35.9	66.9	80.7	136.73	484.81	1.82608963692
ENSDART00000043173	rpl18	731	48.6	46.3	24.1	34.6	60.1	72.1	917.6	62.36	-3.87917255821
ENSDART00000111735	tm2d3	214	41.9	38.6	15.7	23.4	53.1	73.7	31.82	11.77	-1.43481951529
ENSDART00000110651	slc12a8	27	29.3	27.3	2.5	19.8	42.1	54.3	NA	NA	NA
ENSDART00000007211	wbp1la	36	39.1	30.5	12.0	19.6	57.8	68.8	NA	NA	NA
ENSDART00000149156	tcf7	2	50.8	50.8	NA	NA	NA	NA	NA	NA	NA
ENSDART00000134514	smarca4	412	92.2	95.2	46.7	71.0	115.5	130.0	78.6	167.1	1.0881105158
ENSDART00000064666	prnpb	1	173.1	173.1	NA	NA	NA	NA	NA	NA	NA
ENSDART00000080897	rprd2a	104	112.2	116.3	57.7	85.7	140.8	153.4	8.7	67.38	2.95323312239
ENSDART00000079019	spsb1	523	26.1	20.8	5.3	11.6	36.8	53.1	82.41	102.16	0.309939113906
ENSDART00000088177	ptpdc1	11	23.2	19.0	7.8	15.3	32.6	46.4	NA	NA	NA
ENSDART00000063129	cmc1	20	36.4	31.4	6.1	15.9	57.5	65.2	NA	NA	NA
ENSDART00000044776	stxbp3	97	46.4	42.4	8.2	23.5	67.2	85.0	NA	NA	NA
ENSDART00000016702	iah1	22	59.5	54.9	30.2	42.7	65.4	100.3	NA	NA	NA
ENSDART00000103431	esrp1	3	148.2	184.3	NA	NA	NA	NA	NA	NA	NA
ENSDART00000063121	BX539313.3	156	47.0	38.0	12.7	22.1	59.7	83.9	NA	NA	NA
ENSDART00000016709	rabl5	7	33.5	19.7	NA	NA	NA	NA	NA	NA	NA
ENSDART00000019706	phc2b	48	24.0	19.8	7.0	13.5	33.7	46.6	NA	NA	NA
ENSDART00000130891	camk4	9	35.9	36.9	NA	NA	NA	NA	NA	NA	NA
ENSDART00000138862	PIGW	40	31.6	31.0	12.5	17.8	39.8	53.4	NA	NA	NA
ENSDART00000055500	ptx4	7	32.3	25.0	NA	NA	NA	NA	NA	NA	NA
ENSDART00000036871	si:ch211-121a2.4	1	7.7	7.7	NA	NA	NA	NA	NA	NA	NA
ENSDART00000130897	ABCF3	132	40.5	36.8	13.9	22.4	55.5	74.5	77.73	21.06	-1.88396607988
ENSDART00000065640	CABZ01043370.1	6	26.3	20.6	NA	NA	NA	NA	NA	NA	NA
ENSDART00000065643	dbf4	12	46.7	37.5	11.4	21.7	66.8	93.7	NA	NA	NA
ENSDART00000065644	BX571969.1	14	40.1	30.0	22.0	26.6	54.6	62.1	NA	NA	NA
ENSDART00000131069	esr2a	5	24.8	28.2	NA	NA	NA	NA	NA	NA	NA
ENSDART00000140483	scaf4a	95	67.9	67.8	24.9	39.5	92.3	109.1	42.13	98.02	1.21822823085
ENSDART00000112872	pax1b	21	33.5	27.2	9.3	13.8	52.3	62.8	NA	NA	NA
ENSDART00000112873	si:dkey-181m9.8	21	28.8	24.0	13.1	14.1	41.1	50.8	NA	NA	NA
ENSDART00000113083	asip	1	45.3	45.3	NA	NA	NA	NA	NA	NA	NA
ENSDART00000152636	clock	7	5.9	4.0	NA	NA	NA	NA	NA	NA	NA
ENSDART00000026249	gnl3l	31	29.0	24.5	10.3	14.7	34.9	47.3	8.04	2.06	-1.964551164
ENSDART00000152639	ICT1	1	2.3	2.3	NA	NA	NA	NA	NA	NA	NA
ENSDART00000112878	SHPRH	7	59.7	57.6	NA	NA	NA	NA	5.5	25.22	2.19706475192
ENSDART00000112879	SLC4A7	84	37.5	33.5	11.7	20.3	50.5	66.9	NA	NA	NA
ENSDART00000125471	GADD45G	6	23.9	20.4	NA	NA	NA	NA	NA	NA	NA
ENSDART00000079011	ikzf5	222	45.6	40.9	16.1	26.8	57.6	81.2	NA	NA	NA
ENSDART00000051553	znf703	13	26.2	22.1	10.7	14.8	33.4	45.5	NA	NA	NA
ENSDART00000149854	si:ch1073-228j22.1	128	29.1	27.1	7.6	16.0	37.5	54.0	NA	NA	NA
ENSDART00000151025	BCL2L12	48	44.1	25.0	10.0	17.5	42.5	81.8	47.79	15.1	-1.66216021803
ENSDART00000060166	got2a	187	34.5	29.7	8.8	18.7	46.3	65.5	NA	NA	NA
ENSDART00000077182	PREB	87	27.2	23.7	8.7	14.6	36.9	51.7	NA	NA	NA
ENSDART00000010626	nup155	230	71.3	73.5	25.9	47.3	96.8	115.4	40.18	99.75	1.31183927726
ENSDART00000114284	mcl1a	346	39.9	36.6	10.8	21.8	55.8	71.2	132.66	75.95	-0.804611561148
ENSDART00000039693	pgp	156	26.0	20.4	6.9	12.4	34.5	52.3	NA	NA	NA
ENSDART00000115062	zgc:173552	4	32.6	29.1	NA	NA	NA	NA	NA	NA	NA
ENSDART00000102434	ehhadh	17	29.7	28.4	6.9	19.4	39.0	52.2	NA	NA	NA
ENSDART00000085669	usp43a	1	68.0	68.0	NA	NA	NA	NA	NA	NA	NA
ENSDART00000057865	ier3ip1	56	54.6	44.5	9.9	22.7	83.6	122.5	NA	NA	NA
ENSDART00000085666	pfkfb4l	82	79.2	57.8	16.4	30.2	117.9	162.1	NA	NA	NA
ENSDART00000082940	uhmk1	14	69.3	70.2	32.1	65.2	89.7	99.5	NA	NA	NA
ENSDART00000115244	CABZ01027547.1	5	63.8	51.7	NA	NA	NA	NA	NA	NA	NA
ENSDART00000015393	b9d1	28	20.3	18.9	2.3	8.9	24.2	48.5	NA	NA	NA
ENSDART00000097944	SLC29A2	6	49.6	50.9	NA	NA	NA	NA	NA	NA	NA
ENSDART00000047082	gdap1l1	1	23.4	23.4	NA	NA	NA	NA	NA	NA	NA
ENSDART00000108782	POLR2M	26	34.3	31.6	10.0	16.6	49.0	61.4	NA	NA	NA
ENSDART00000108780	erg	23	63.6	58.4	29.8	45.0	85.4	94.5	NA	NA	NA
ENSDART00000108787	ndufs2	212	31.1	28.6	11.3	19.0	40.3	52.7	73.45	9.62	-2.93265369167
ENSDART00000005447	kif1b	87	30.3	26.8	8.7	16.2	34.6	57.1	7.44	5.99	-0.312746618319
ENSDART00000020798	RNASEL	9	33.7	31.4	NA	NA	NA	NA	NA	NA	NA
ENSDART00000105692	mrpl54	89	32.8	24.8	10.0	15.1	43.6	64.2	NA	NA	NA
ENSDART00000089574	TUB	1	8.7	8.7	NA	NA	NA	NA	NA	NA	NA
ENSDART00000109751	zgc:173585	3	66.3	71.0	NA	NA	NA	NA	NA	NA	NA
ENSDART00000147278	plk3	592	39.4	33.2	9.1	18.6	53.3	76.1	46.81	191.73	2.03418742305
ENSDART00000081765	zgmrpl4	6	20.4	20.5	NA	NA	NA	NA	NA	NA	NA
ENSDART00000099509	WDR62	272	41.2	35.2	7.8	17.9	57.2	82.5	30.96	108.47	1.80881870906
ENSDART00000081766	nog1	11	74.5	56.3	20.5	33.6	119.6	151.1	NA	NA	NA
ENSDART00000081761	bin1	80	34.9	30.6	16.7	20.6	43.0	59.1	NA	NA	NA
ENSDART00000125787	STXBP6	57	93.7	103.1	10.9	44.0	134.8	165.2	NA	NA	NA
ENSDART00000045124	pomp	254	56.6	51.6	24.8	35.4	70.0	92.7	60.62	141.44	1.22232442261
ENSDART00000098731	stxbp5b	22	36.3	30.9	9.1	20.9	53.6	62.8	NA	NA	NA
ENSDART00000102697	cart4	6	135.1	126.0	NA	NA	NA	NA	NA	NA	NA
ENSDART00000021942	eapp	192	55.7	50.6	17.0	31.4	72.7	93.8	57.83	171.66	1.56966389626
ENSDART00000104364	rps15	592	43.8	41.0	18.1	30.7	52.9	68.0	322.47	21.44	-3.9107881392
ENSDART00000103407	tmem245	27	32.1	27.9	10.8	18.1	44.5	58.3	NA	NA	NA
ENSDART00000104362	dazap1	20	44.2	42.3	5.7	13.3	62.9	94.8	NA	NA	NA
ENSDART00000082496	dtwd1	173	47.4	44.4	18.8	27.4	59.1	78.9	NA	NA	NA
ENSDART00000111528	kri1	123	45.6	38.5	13.8	22.4	58.1	80.3	67.29	33.99	-0.985281759266
ENSDART00000085442	mut	44	87.0	85.4	32.5	58.1	114.6	132.8	9.77	45.85	2.23049126651
ENSDART00000138871	si:dkey-216e24.3	20	31.8	27.6	11.6	16.7	37.6	48.2	NA	NA	NA
ENSDART00000133356	rnf146	233	42.6	39.4	11.9	21.4	57.2	78.5	NA	NA	NA
ENSDART00000109759	tmx2a	10	43.7	43.7	33.5	37.7	49.7	53.8	NA	NA	NA
ENSDART00000111839	CT955967.1	101	84.3	88.7	23.9	46.3	120.0	134.8	12.39	113.7	3.19798416164
ENSDART00000133355	gps2	436	44.5	41.0	15.8	26.2	58.3	77.1	76.59	175.15	1.19336304456
ENSDART00000111521	BX571823.1	88	52.9	45.4	15.3	24.2	65.9	109.8	22.13	20.71	-0.0956758975805
ENSDART00000088169	POLRMT	51	36.6	34.7	11.3	20.5	47.3	68.3	NA	NA	NA
ENSDART00000138878	ndufaf5	38	41.5	43.2	16.4	23.5	56.8	64.1	NA	NA	NA
ENSDART00000111833	pctp	18	54.4	40.1	4.6	14.0	99.5	111.3	NA	NA	NA
ENSDART00000000070	dap	222	65.5	65.7	20.4	43.1	87.1	109.1	48.8	155.19	1.66908254447
ENSDART00000151016	si:dkey-276l13.6	1	15.1	15.1	NA	NA	NA	NA	NA	NA	NA
ENSDART00000050687	lpcat4	76	22.3	17.2	-2.2	7.4	30.9	50.8	24.65	6.88	-1.84110717656
ENSDART00000139942	si:dkey-88p24.9	110	47.4	47.4	11.1	21.4	63.1	92.8	NA	NA	NA
ENSDART00000103857	zgc:162509	73	36.2	26.4	8.2	17.2	49.5	83.0	NA	NA	NA
ENSDART00000004797	ccbl1	14	74.1	61.9	22.6	28.9	89.0	143.2	NA	NA	NA
ENSDART00000023834	setb	543	83.0	81.3	30.4	51.9	109.1	133.9	134.93	777.71	2.52702114029
ENSDART00000137410	exosc10	165	56.8	54.8	17.9	37.3	74.1	90.8	53.82	202.63	1.91263348934
ENSDART00000045374	smad3a	7	37.2	18.7	NA	NA	NA	NA	NA	NA	NA
ENSDART00000111639	rereb	13	22.7	24.7	5.2	13.8	34.5	40.0	NA	NA	NA
ENSDART00000056734	setd7	2	48.3	48.3	NA	NA	NA	NA	NA	NA	NA
ENSDART00000074968	acsl3b	70	92.3	95.2	27.5	58.7	124.6	148.7	8.74	59.09	2.75720881407
ENSDART00000099690	fam129ab	3	26.2	23.1	NA	NA	NA	NA	NA	NA	NA
ENSDART00000074212	scrib	108	73.0	73.4	16.6	52.6	97.2	120.9	19.69	34.44	0.806622031495
ENSDART00000074747	tmem203	70	17.0	12.6	2.3	5.9	24.8	39.5	NA	NA	NA
ENSDART00000074216	higd2a	62	51.0	47.4	18.9	28.0	69.1	89.2	NA	NA	NA
ENSDART00000113644	vps39	93	57.6	54.9	20.1	39.2	72.4	95.2	NA	NA	NA
ENSDART00000054594	crfb5	50	30.9	23.5	5.8	16.6	50.0	62.5	NA	NA	NA
ENSDART00000124788	BX957235.1	48	42.6	38.3	16.6	24.5	56.2	78.3	NA	NA	NA
ENSDART00000076766	FGFBP2	2	9.3	9.3	NA	NA	NA	NA	NA	NA	NA
ENSDART00000124781	snapc3	1	20.1	20.1	NA	NA	NA	NA	NA	NA	NA
ENSDART00000124780	agfg1a	55	28.1	20.4	1.3	6.8	40.6	64.3	16.23	35.61	1.13361943582
ENSDART00000133722	anapc2	29	29.7	29.2	8.0	17.7	41.4	51.0	15.73	16.32	0.0531223865558
ENSDART00000133721	si:ch211-156j22.4	338	29.0	24.2	9.8	16.9	37.5	52.3	22.86	16.21	-0.495941312697
ENSDART00000133650	ecd	119	32.4	29.4	12.4	18.6	46.0	57.8	23.13	14.0	-0.724338438804
ENSDART00000138312	zbtb18	108	32.1	29.3	7.1	13.9	45.3	63.6	NA	NA	NA
ENSDART00000103855	lpcat1	83	27.2	23.5	9.6	14.8	33.2	49.6	43.24	40.56	-0.0923088707313
ENSDART00000110646	srsf1b	133	75.3	74.1	25.1	51.2	104.4	121.1	NA	NA	NA
ENSDART00000046841	sash1a	8	43.2	39.7	NA	NA	NA	NA	18.13	50.81	1.48673353905
ENSDART00000046840	exosc3	86	36.3	28.0	10.2	15.3	50.4	69.2	44.05	26.63	-0.726089590597
ENSDART00000040204	tuba8l2	15	36.7	45.8	14.6	20.7	51.4	57.0	NA	NA	NA
ENSDART00000124438	nudt6	28	38.0	30.3	11.7	18.5	53.1	75.7	NA	NA	NA
ENSDART00000001678	adam8a	117	45.8	35.2	11.5	20.7	62.0	88.8	NA	NA	NA
ENSDART00000077435	ccnl1a	170	80.9	84.1	30.8	56.2	102.4	122.3	20.0	117.68	2.55679724659
ENSDART00000079497	zgc:136360	13	54.3	52.0	17.8	34.0	67.0	94.0	NA	NA	NA
ENSDART00000073777	trim35-1	1	47.5	47.5	NA	NA	NA	NA	NA	NA	NA
ENSDART00000102750	tnfrsf1b	28	56.3	41.4	17.4	24.5	79.3	131.9	NA	NA	NA
ENSDART00000102751	si:dkey-179j5.5	2	43.9	43.9	NA	NA	NA	NA	NA	NA	NA
ENSDART00000058938	fbxo32	151	33.9	26.6	8.0	17.5	44.3	60.6	53.31	107.42	1.01078453941
ENSDART00000103852	CU457778.1	2	104.8	104.8	NA	NA	NA	NA	NA	NA	NA
ENSDART00000058936	SCAMP5	3	15.5	15.8	NA	NA	NA	NA	NA	NA	NA
ENSDART00000133939	tle2	530	88.4	90.7	41.8	65.9	109.9	130.1	33.85	113.88	1.75028665928
ENSDART00000139882	ranbp3	24	45.0	41.3	13.2	26.1	63.0	70.1	NA	NA	NA
ENSDART00000143598	CKAP2L	17	69.7	76.9	13.2	18.8	96.1	120.5	NA	NA	NA
ENSDART00000126468	prkag3a	2	18.6	18.6	NA	NA	NA	NA	NA	NA	NA
ENSDART00000020400	igfbp3	5	20.9	23.9	NA	NA	NA	NA	NA	NA	NA
ENSDART00000047134	clcn6	45	39.4	36.8	14.2	25.0	56.6	66.9	NA	NA	NA
ENSDART00000133937	map9	18	44.5	30.4	15.5	19.9	50.2	80.2	NA	NA	NA
ENSDART00000114820	C17H15orf57	146	78.6	78.4	32.5	54.3	101.5	128.5	26.75	65.67	1.29569556373
ENSDART00000126466	entpd1	1	31.9	31.9	NA	NA	NA	NA	NA	NA	NA
ENSDART00000048707	srgap2b	164	26.9	23.1	9.5	16.2	33.2	47.1	NA	NA	NA
ENSDART00000114927	AL928712.1	53	20.5	18.6	4.4	10.8	26.3	38.7	33.79	4.01	-3.07492220871
ENSDART00000105967	cacna2d1a	10	76.9	77.3	53.8	61.1	86.8	93.8	NA	NA	NA
ENSDART00000114923	CR382327.3	25	20.5	16.6	5.7	12.0	31.1	40.2	NA	NA	NA
ENSDART00000114920	C6H6orf106	272	73.6	74.9	32.4	56.6	91.0	110.2	17.06	168.14	3.30097342644
ENSDART00000114921	CR381673.1	1	30.6	30.6	NA	NA	NA	NA	NA	NA	NA
ENSDART00000012268	mrpl41	34	27.0	24.4	8.0	16.6	29.9	39.6	NA	NA	NA
ENSDART00000111392	abcd1	1	100.6	100.6	NA	NA	NA	NA	NA	NA	NA
ENSDART00000056723	gins3	275	36.0	31.7	10.6	17.8	50.0	63.9	91.98	56.78	-0.695937348656
ENSDART00000113609	rfwd2	432	43.0	41.0	13.6	24.6	56.8	77.2	33.95	62.07	0.870484571449
ENSDART00000110016	UBE2QL1	21	35.3	34.6	13.9	19.8	45.2	57.5	NA	NA	NA
ENSDART00000110017	cpsf1	48	66.4	61.6	12.0	31.7	94.2	122.6	13.83	28.48	1.04214798982
ENSDART00000110769	btr12	54	61.7	67.5	28.3	40.7	77.9	95.3	15.2	36.09	1.24752781957
ENSDART00000024662	lppr3a	2	14.5	14.5	NA	NA	NA	NA	NA	NA	NA
ENSDART00000053906	arl6ip4	6	36.2	33.3	NA	NA	NA	NA	NA	NA	NA
ENSDART00000074228	tcf3b	64	60.5	45.8	9.1	24.5	94.5	134.6	9.35	59.23	2.66328981602
ENSDART00000132158	ptpn18	5	20.4	15.0	NA	NA	NA	NA	NA	NA	NA
ENSDART00000010564	xrcc3	51	34.4	30.5	8.4	18.7	47.3	60.7	NA	NA	NA
ENSDART00000039987	pgm3	73	29.0	25.0	8.3	16.5	33.3	61.1	NA	NA	NA
ENSDART00000143373	rbmx2	55	27.0	22.4	9.3	12.5	33.1	44.1	47.6	7.57	-2.65259636821
ENSDART00000022393	CR392006.1	1	19.9	19.9	NA	NA	NA	NA	NA	NA	NA
ENSDART00000122858	zdhhc4	114	49.7	47.7	16.5	29.5	68.2	87.0	61.53	9.67	-2.66970219772
ENSDART00000122085	atg16l1	404	40.0	27.1	7.3	14.7	48.6	89.3	27.79	24.57	-0.177667976838
ENSDART00000136456	HIST3H3	4	19.6	14.8	NA	NA	NA	NA	NA	NA	NA
ENSDART00000033755	HOMEZ	66	40.5	39.2	5.7	19.8	59.0	75.5	NA	NA	NA
ENSDART00000006378	cdkn1c	186	46.2	21.6	6.6	11.4	77.8	117.7	NA	NA	NA
ENSDART00000130072	kmt2e	26	39.7	27.7	8.4	13.1	49.0	86.2	NA	NA	NA
ENSDART00000106432	zgc:173480	21	26.1	21.9	10.6	13.1	33.4	47.6	NA	NA	NA
ENSDART00000130070	colec12	4	87.6	64.5	NA	NA	NA	NA	NA	NA	NA
ENSDART00000029599	mtmr1b	20	19.3	13.0	2.4	6.9	32.7	36.1	NA	NA	NA
ENSDART00000130077	mtfr1	151	57.7	52.4	16.7	34.2	82.5	101.7	NA	NA	NA
ENSDART00000013167	retsat	31	54.5	50.3	23.9	36.7	64.9	90.8	NA	NA	NA
ENSDART00000052761	rpl39	914	45.8	42.0	22.0	31.1	53.9	68.2	1183.69	188.91	-2.64752032056
ENSDART00000079437	ap4m1	21	21.8	15.9	4.4	7.6	37.6	49.4	NA	NA	NA
ENSDART00000127755	ash1l	32	35.0	27.1	7.3	13.7	39.0	81.2	4.72	3.62	-0.382797162279
ENSDART00000046981	pdlim1	69	50.7	44.6	12.4	23.6	74.9	96.9	NA	NA	NA
ENSDART00000148181	inpp4aa	14	54.8	48.6	20.0	26.8	78.7	90.6	NA	NA	NA
ENSDART00000035755	dvl1a	2	28.1	28.1	NA	NA	NA	NA	NA	NA	NA
ENSDART00000028297	si:dkeyp-89c11.2	32	43.4	36.5	14.3	19.0	55.2	87.5	NA	NA	NA
ENSDART00000059308	spc24	86	39.9	33.7	14.6	21.8	50.1	75.6	49.32	110.22	1.16014132743
ENSDART00000098640	grhpra	28	61.7	55.7	34.2	41.4	86.6	92.1	NA	NA	NA
ENSDART00000131821	si:dkey-76k16.6	1	201.7	201.7	NA	NA	NA	NA	NA	NA	NA
ENSDART00000101957	baiap2l1b	316	32.0	28.3	8.8	16.1	43.2	61.8	NA	NA	NA
ENSDART00000035759	cd2bp2	332	67.6	68.3	29.1	48.1	87.5	104.5	126.81	116.77	-0.118998846814
ENSDART00000137862	si:ch211-160b11.4	1	154.3	154.3	NA	NA	NA	NA	NA	NA	NA
ENSDART00000137863	eef1a1b	2	40.3	40.3	NA	NA	NA	NA	NA	NA	NA
ENSDART00000131471	calcr	2	27.8	27.8	NA	NA	NA	NA	NA	NA	NA
ENSDART00000114085	si:ch211-119o8.6	75	27.8	20.5	6.9	12.3	40.3	58.9	NA	NA	NA
ENSDART00000140482	TNRC6B	1	33.3	33.3	NA	NA	NA	NA	11.72	16.98	0.534863889131
ENSDART00000091899	ccm2l	4	25.0	24.1	NA	NA	NA	NA	NA	NA	NA
ENSDART00000139602	tfr1a	3	58.9	39.3	NA	NA	NA	NA	NA	NA	NA
ENSDART00000087410	adat1	1	19.0	19.0	NA	NA	NA	NA	NA	NA	NA
ENSDART00000015517	pdcd6	15	58.0	49.6	10.6	16.5	90.4	120.2	NA	NA	NA
ENSDART00000139608	upf3a	1	100.3	100.3	NA	NA	NA	NA	NA	NA	NA
ENSDART00000124947	evi5b	127	46.5	39.3	15.0	26.6	67.4	86.1	NA	NA	NA
ENSDART00000091097	socs5b	17	27.8	28.4	12.9	16.8	30.2	47.9	NA	NA	NA
ENSDART00000135592	poc1bl	23	35.7	30.8	10.5	18.6	50.4	70.8	NA	NA	NA
ENSDART00000131721	fam65b	32	52.3	38.1	15.6	27.3	67.2	107.0	NA	NA	NA
ENSDART00000025530	RBMS1	14	75.3	71.2	34.4	44.6	95.9	131.6	NA	NA	NA
ENSDART00000091099	INO80B	34	52.5	54.9	20.1	32.2	68.0	86.0	21.78	37.96	0.801476038304
ENSDART00000052503	nudcd1	168	29.3	26.0	8.7	16.5	40.8	53.7	NA	NA	NA
ENSDART00000025535	sept5a	20	56.5	49.4	24.7	33.6	83.8	92.2	NA	NA	NA
ENSDART00000113954	si:ch211-113e8.11	117	31.4	25.8	7.1	13.6	39.7	62.7	NA	NA	NA
ENSDART00000043341	foxd1	2	55.0	55.0	NA	NA	NA	NA	NA	NA	NA
ENSDART00000132923	ppp1r12a	226	45.4	43.1	15.4	27.1	60.8	79.3	23.37	141.54	2.59848018518
ENSDART00000132920	slc35c2	16	29.7	23.0	10.6	14.5	38.3	56.3	NA	NA	NA
ENSDART00000012414	sh3bp5b	111	35.1	31.3	7.2	17.1	45.8	69.5	NA	NA	NA
ENSDART00000012413	ankhb	13	41.6	36.4	8.2	15.6	67.6	81.1	NA	NA	NA
ENSDART00000017424	ptmaa	28	78.7	76.8	23.6	49.5	119.3	133.2	NA	NA	NA
ENSDART00000076479	slc38a6	208	20.6	17.2	5.0	9.2	28.2	40.2	NA	NA	NA
ENSDART00000137737	fbxo44	91	25.1	21.2	9.6	14.2	30.6	47.1	NA	NA	NA
ENSDART00000026509	cwf19l1	9	42.1	-4.7	NA	NA	NA	NA	24.31	130.81	2.42785103593
ENSDART00000128129	MLF1IP	2	27.6	27.6	NA	NA	NA	NA	NA	NA	NA
ENSDART00000081323	abhd17c	335	69.7	65.7	24.3	41.2	94.6	119.7	24.97	171.19	2.77733070333
ENSDART00000090413	snapc5	23	56.4	47.9	9.4	23.5	97.9	106.2	34.4	29.98	-0.198408181642
ENSDART00000029630	fgf17	20	95.4	92.3	16.7	42.8	135.6	172.0	NA	NA	NA
ENSDART00000022625	nrarpb	7	84.0	89.4	NA	NA	NA	NA	NA	NA	NA
ENSDART00000023814	prkcsh	185	50.1	46.6	15.5	25.9	67.2	91.0	84.11	56.21	-0.581450520559
ENSDART00000128121	FP326669.1	17	88.9	91.2	35.6	83.8	121.2	127.2	NA	NA	NA
ENSDART00000128985	ryk	84	57.1	47.5	14.6	26.6	84.6	117.2	41.77	30.32	-0.462197389992
ENSDART00000022621	kdsr	97	45.6	41.7	12.9	27.0	66.5	78.6	NA	NA	NA
ENSDART00000022620	kalrnb	26	79.5	51.5	9.6	31.2	107.4	167.2	NA	NA	NA
ENSDART00000128433	hm13	132	83.1	90.1	18.6	54.6	111.9	133.5	27.07	295.47	3.4482448638
ENSDART00000099660	h2afva	1564	51.6	47.0	13.7	26.5	70.5	94.3	795.5	2594.4	1.70546709324
ENSDART00000099665	purba	86	54.2	58.1	12.4	31.9	76.0	91.0	17.77	39.93	1.1680293906
ENSDART00000128435	pinx1	290	58.9	59.3	30.6	44.1	75.0	86.5	406.91	93.21	-2.12615308845
ENSDART00000109003	arhgap17b	20	69.9	66.1	31.8	44.6	93.8	99.5	NA	NA	NA
ENSDART00000109001	si:dkeyp-117b11.2	2	45.3	45.3	NA	NA	NA	NA	NA	NA	NA
ENSDART00000109004	zgc:174895	9	31.9	28.7	NA	NA	NA	NA	NA	NA	NA
ENSDART00000151389	si:ch73-367f21.4	21	51.2	39.7	20.8	26.5	54.4	93.9	NA	NA	NA
ENSDART00000146132	si:ch211-254n4.3	3	16.1	10.6	NA	NA	NA	NA	NA	NA	NA
ENSDART00000114086	RBM26	75	67.5	67.6	15.8	28.6	94.7	121.1	59.24	251.63	2.08666038868
ENSDART00000088422	abcc8	2	29.8	29.8	NA	NA	NA	NA	NA	NA	NA
ENSDART00000114215	grhl3	236	81.6	76.1	19.0	41.5	121.4	150.1	NA	NA	NA
ENSDART00000114217	TBC1D10B	58	31.4	28.0	5.0	13.7	44.3	68.7	NA	NA	NA
ENSDART00000152849	syt15	2	13.2	13.2	NA	NA	NA	NA	NA	NA	NA
ENSDART00000017770	zbtb8os	36	26.8	21.9	10.0	14.1	34.6	50.2	NA	NA	NA
ENSDART00000017646	atp6v0a1a	158	31.2	24.7	8.2	14.4	45.9	60.9	NA	NA	NA
ENSDART00000023971	slc5a5	6	59.6	53.8	NA	NA	NA	NA	NA	NA	NA
ENSDART00000108872	ndufaf4	47	42.9	44.7	14.7	27.0	59.4	70.8	NA	NA	NA
ENSDART00000149195	exosc2	143	39.3	35.3	14.1	25.2	49.7	63.3	99.33	103.3	0.0565388376343
ENSDART00000019078	lhx8a	102	17.6	13.8	2.9	8.5	23.5	37.2	NA	NA	NA
ENSDART00000007914	nabp1a	208	41.3	37.8	12.8	22.4	52.1	71.6	62.61	52.03	-0.267049393904
ENSDART00000075709	si:dkey-24n17.5	53	59.2	47.9	24.8	32.7	79.8	102.5	13.26	39.77	1.58459978669
ENSDART00000113953	abcb6b	18	68.2	72.5	20.7	56.6	90.6	103.7	NA	NA	NA
ENSDART00000064472	pnrc1	8	20.5	25.1	NA	NA	NA	NA	NA	NA	NA
ENSDART00000042694	mapre3b	31	43.6	38.2	14.7	20.6	62.0	84.8	NA	NA	NA
ENSDART00000080404	mphosph8	110	71.8	67.1	17.8	38.7	101.9	125.9	148.29	60.6	-1.2910316135
ENSDART00000131295	nup62l	413	59.4	56.0	24.4	40.2	76.7	94.7	99.15	231.16	1.22120709746
ENSDART00000006538	otx1a	14	64.4	26.3	17.5	20.1	111.9	143.6	NA	NA	NA
ENSDART00000080401	CR774184.1	67	30.5	24.5	6.5	15.7	43.4	57.8	21.06	56.18	1.4155511881
ENSDART00000131296	ssrp1b	3	31.2	34.8	NA	NA	NA	NA	NA	NA	NA
ENSDART00000115296	C17H2orf43	3	39.2	28.9	NA	NA	NA	NA	NA	NA	NA
ENSDART00000115293	faxcb	1	36.8	36.8	NA	NA	NA	NA	NA	NA	NA
ENSDART00000021191	u2af1	1285	67.7	66.6	32.1	48.5	84.2	102.3	113.12	272.14	1.2664949988
ENSDART00000021192	kcnk6	177	79.4	84.8	22.8	51.2	106.4	131.1	NA	NA	NA
ENSDART00000123780	DDX47	41	43.4	39.0	11.1	23.8	61.5	75.4	69.04	8.08	-3.09500526643
ENSDART00000028610	elavl3	4	41.7	41.0	NA	NA	NA	NA	NA	NA	NA
ENSDART00000011149	FAM185A	11	16.4	17.0	6.0	8.7	26.1	31.3	NA	NA	NA
ENSDART00000044697	tlr4ba	7	140.8	135.6	NA	NA	NA	NA	NA	NA	NA
ENSDART00000099278	SEC24A	542	56.7	48.5	13.0	25.5	81.9	102.2	42.55	43.68	0.0378137243465
ENSDART00000011143	myd88	45	31.2	19.9	4.7	14.0	39.7	63.2	NA	NA	NA
ENSDART00000063800	gapdh	2686	22.9	18.2	6.5	12.0	28.4	46.6	432.33	139.47	-1.6321781187
ENSDART00000108669	zgc:171551	3	73.8	83.6	NA	NA	NA	NA	NA	NA	NA
ENSDART00000063804	wu:fj39g12	3	66.6	69.7	NA	NA	NA	NA	NA	NA	NA
ENSDART00000063806	atp6v1b2	10	32.7	16.9	5.9	7.8	41.8	89.6	NA	NA	NA
ENSDART00000089386	iffo1b	1	60.6	60.6	NA	NA	NA	NA	NA	NA	NA
ENSDART00000008607	ttyh2l	44	20.8	13.2	3.2	6.5	35.7	43.5	NA	NA	NA
ENSDART00000084090	ncapg2	52	42.8	39.1	15.3	21.9	60.2	79.2	NA	NA	NA
ENSDART00000048507	uevld	150	25.8	20.2	6.1	13.2	33.9	52.7	NA	NA	NA
ENSDART00000046274	trappc13	292	34.9	30.5	13.2	20.0	43.9	59.3	85.76	28.24	-1.60256481719
ENSDART00000129363	ivd	16	57.0	54.8	29.5	33.6	70.5	98.0	NA	NA	NA
ENSDART00000032603	tspo	74	41.6	39.3	15.7	23.5	58.7	69.6	NA	NA	NA
ENSDART00000127495	gpd2	2	36.3	36.3	NA	NA	NA	NA	NA	NA	NA
ENSDART00000117148	asb6	16	39.4	34.6	11.3	22.6	45.7	61.9	NA	NA	NA
ENSDART00000056375	pih1d3	19	38.9	33.7	7.9	19.6	47.8	70.6	NA	NA	NA
ENSDART00000136026	thtpa	18	36.8	32.2	10.8	18.3	46.9	71.1	NA	NA	NA
ENSDART00000031188	nbeal2	11	54.5	46.6	15.2	26.8	82.9	97.8	NA	NA	NA
ENSDART00000064789	txn	3	91.5	86.3	NA	NA	NA	NA	NA	NA	NA
ENSDART00000074514	spryd7a	11	48.9	47.0	15.6	19.6	80.0	82.6	NA	NA	NA
ENSDART00000136125	rbm15b	89	50.6	39.9	11.7	20.1	59.9	110.2	NA	NA	NA
ENSDART00000136123	kdm6bb	2	63.1	63.1	NA	NA	NA	NA	NA	NA	NA
ENSDART00000144464	sfxn5a	3	40.1	48.4	NA	NA	NA	NA	NA	NA	NA
ENSDART00000123163	ANKLE1	56	49.0	50.1	16.7	25.3	66.4	82.4	47.96	23.33	-1.03964535143
ENSDART00000113847	chpfa	38	36.9	24.6	5.9	10.3	48.9	88.5	NA	NA	NA
ENSDART00000074519	kpna3	3	57.4	44.3	NA	NA	NA	NA	NA	NA	NA
ENSDART00000016112	capns1b	196	70.3	69.7	23.2	44.2	96.4	117.2	NA	NA	NA
ENSDART00000011724	klfd	3	48.6	36.8	NA	NA	NA	NA	NA	NA	NA
ENSDART00000016117	ube2q2	87	75.7	74.4	21.4	44.3	103.1	129.1	38.96	180.89	2.21504707225
ENSDART00000044526	snx27a	136	48.3	33.2	10.2	18.6	73.0	109.1	16.1	85.52	2.40920116472
ENSDART00000144725	ccdc85b	13	46.9	39.1	12.7	16.9	78.8	89.5	NA	NA	NA
ENSDART00000140543	zfyve26	43	29.0	22.3	4.3	13.2	31.8	48.6	NA	NA	NA
ENSDART00000013394	mtch2	566	42.4	36.7	10.9	20.3	56.1	85.1	NA	NA	NA
ENSDART00000105774	ek1	25	71.1	68.0	30.8	43.2	98.0	121.4	NA	NA	NA
ENSDART00000084272	arid1ab	172	77.3	79.3	25.5	51.3	104.3	125.6	23.49	104.86	2.1583458325
ENSDART00000140546	btc	14	21.3	16.6	-2.5	10.3	32.7	39.5	NA	NA	NA
ENSDART00000130245	BX530066.1	2	11.6	11.6	NA	NA	NA	NA	NA	NA	NA
ENSDART00000122782	BX649538.2	71	26.7	22.6	10.8	15.8	38.4	48.2	NA	NA	NA
ENSDART00000122781	dusp8a	28	39.9	38.3	11.4	16.6	49.0	63.4	NA	NA	NA
ENSDART00000152400	DBF4B	124	29.6	24.6	5.8	13.2	41.6	58.9	NA	NA	NA
ENSDART00000109358	uba2	219	42.0	40.2	13.7	25.6	54.6	69.8	97.54	288.52	1.56460545144
ENSDART00000125827	CABZ01068272.1	7	62.7	61.3	NA	NA	NA	NA	NA	NA	NA
ENSDART00000040998	MTFP1	10	36.1	33.6	23.2	28.3	41.7	48.1	NA	NA	NA
ENSDART00000034246	cdc7	40	38.4	26.4	10.3	18.9	50.3	81.6	30.71	14.83	-1.05018991452
ENSDART00000034935	desi2	395	72.7	72.0	25.8	45.6	96.6	115.7	57.16	180.52	1.65908086212
ENSDART00000060577	tmem33	266	39.2	34.8	9.6	21.2	53.6	76.9	NA	NA	NA
ENSDART00000034248	rab32a	234	50.1	44.8	15.4	29.1	69.3	86.1	NA	NA	NA
ENSDART00000128504	CT030012.1	4	6.9	5.3	NA	NA	NA	NA	NA	NA	NA
ENSDART00000106237	si:dkey-20i20.5	4	75.1	61.8	NA	NA	NA	NA	NA	NA	NA
ENSDART00000026316	sema3gb	3	65.4	72.7	NA	NA	NA	NA	NA	NA	NA
ENSDART00000113596	scly	10	40.4	37.6	29.2	35.0	46.2	59.2	NA	NA	NA
ENSDART00000099891	atp5ib	175	34.7	33.3	11.9	20.0	46.8	56.7	150.11	128.05	-0.229312836414
ENSDART00000105955	TIMM21	29	29.3	22.3	6.6	14.3	39.8	53.2	NA	NA	NA
ENSDART00000146311	si:dkeyp-53d3.5	79	41.5	37.6	6.5	21.6	52.3	71.2	NA	NA	NA
ENSDART00000146314	med14	90	29.6	24.6	4.6	10.0	43.8	70.3	23.2	69.45	1.58184988885
ENSDART00000146315	stx5al	77	28.4	24.5	6.2	12.7	41.2	54.8	NA	NA	NA
ENSDART00000065435	cst3	238	91.6	90.0	22.3	58.5	124.3	153.2	NA	NA	NA
ENSDART00000128508	ZDHHC5	23	45.2	37.2	16.8	30.3	61.5	91.1	NA	NA	NA
ENSDART00000075978	ELMSAN1	145	25.4	22.1	7.5	14.4	32.5	41.8	9.39	8.09	-0.214985455224
ENSDART00000061958	ppiab	233	14.3	14.0	-8.8	3.2	23.8	33.7	44.48	21.46	-1.05150671197
ENSDART00000061775	rbbp5	96	51.4	35.2	8.5	19.1	72.1	107.5	20.29	36.83	0.860112532143
ENSDART00000100696	tsen15	21	29.7	31.7	18.0	25.3	34.9	39.3	NA	NA	NA
ENSDART00000089358	crb3b	80	42.0	39.1	14.6	27.7	55.7	67.3	NA	NA	NA
ENSDART00000093331	rreb1a	99	50.8	42.0	13.1	22.1	74.2	102.0	7.84	53.96	2.78296478883
ENSDART00000110821	ttc19	58	39.0	25.5	11.8	18.0	43.6	60.0	NA	NA	NA
ENSDART00000015395	tpst2	13	-4.6	-7.6	-11.3	-9.5	2.3	4.9	NA	NA	NA
ENSDART00000149855	fer	71	41.5	38.9	7.7	18.5	57.9	86.9	NA	NA	NA
ENSDART00000021575	adgb	1	106.6	106.6	NA	NA	NA	NA	NA	NA	NA
ENSDART00000093339	pde8b	1	5.4	5.4	NA	NA	NA	NA	NA	NA	NA
ENSDART00000040190	asl	85	44.8	42.2	17.3	25.3	58.6	76.6	NA	NA	NA
ENSDART00000102430	tmem41aa	109	38.5	30.4	12.2	19.8	50.9	76.3	NA	NA	NA
ENSDART00000110880	ing2	362	27.9	20.5	5.8	11.8	36.4	55.6	74.55	42.28	-0.818232975788
ENSDART00000015643	tbcc	97	27.1	25.3	10.5	17.2	37.2	45.2	NA	NA	NA
ENSDART00000040334	pik3r3b	223	37.4	30.8	9.8	16.8	53.6	75.5	NA	NA	NA
ENSDART00000143160	fbxo15	17	34.9	25.7	13.0	17.5	49.2	63.5	NA	NA	NA
ENSDART00000102694	ppp2r5d	152	29.8	28.0	6.4	14.7	40.5	55.7	NA	NA	NA
ENSDART00000015139	dcaf13	90	61.0	59.8	23.8	44.0	73.5	93.0	60.51	255.21	2.07643937015
ENSDART00000103346	fip1l1b	49	40.8	32.6	8.7	21.8	59.9	89.2	45.91	34.64	-0.406369501986
ENSDART00000127186	C2H14orf119	48	48.4	48.8	17.3	31.7	63.3	80.6	NA	NA	NA
ENSDART00000103343	grasp	130	34.4	18.4	3.7	9.2	40.1	101.7	NA	NA	NA
ENSDART00000103340	s100v1	3	25.7	13.4	NA	NA	NA	NA	NA	NA	NA
ENSDART00000075600	tspan3b	3	33.6	10.0	NA	NA	NA	NA	NA	NA	NA
ENSDART00000111992	PPP1R16B	11	20.7	19.2	7.9	12.3	26.7	28.7	NA	NA	NA
ENSDART00000111993	CR318653.1	4	67.5	67.4	NA	NA	NA	NA	NA	NA	NA
ENSDART00000075605	ms4a17a.6	1	34.2	34.2	NA	NA	NA	NA	NA	NA	NA
ENSDART00000111995	si:dkey-238o13.4	1	19.3	19.3	NA	NA	NA	NA	NA	NA	NA
ENSDART00000111997	zgc:171506	2	55.1	55.1	NA	NA	NA	NA	NA	NA	NA
ENSDART00000075609	pstpip1b	3	37.2	33.7	NA	NA	NA	NA	NA	NA	NA
ENSDART00000079956	CABZ01081749.1	10	55.8	42.4	24.1	30.3	65.7	118.3	NA	NA	NA
ENSDART00000079953	e2f8	103	50.2	30.0	5.4	15.4	51.9	147.4	9.19	24.77	1.43045710196
ENSDART00000130626	rars	128	57.6	57.2	24.3	42.6	71.6	82.2	31.58	45.03	0.511875306482
ENSDART00000073564	tes	120	26.8	22.0	6.5	13.1	39.3	48.5	NA	NA	NA
ENSDART00000004365	tada2b	128	44.4	38.4	13.1	20.3	58.0	89.8	NA	NA	NA
ENSDART00000137293	C24H3orf58	59	30.0	23.5	8.1	14.4	39.7	71.3	NA	NA	NA
ENSDART00000027158	psmd3	138	44.1	35.6	9.0	18.6	65.7	90.7	37.47	33.5	-0.161574882097
ENSDART00000073560	gart	107	37.3	31.1	11.8	20.4	51.7	73.2	21.87	9.76	-1.16400016749
ENSDART00000125641	CABZ01061567.1	10	38.4	40.4	9.3	30.3	59.5	67.2	NA	NA	NA
ENSDART00000125640	qkia	3	70.4	70.3	NA	NA	NA	NA	NA	NA	NA
ENSDART00000032982	slc5a8l	1	62.8	62.8	NA	NA	NA	NA	NA	NA	NA
ENSDART00000125645	runx1t1	4	48.4	45.9	NA	NA	NA	NA	NA	NA	NA
ENSDART00000009182	aqp3a	4	104.7	113.4	NA	NA	NA	NA	NA	NA	NA
ENSDART00000153153	kcnf1a	6	69.5	65.9	NA	NA	NA	NA	NA	NA	NA
ENSDART00000032188	si:dkey-256h2.1	594	46.2	43.7	16.3	27.5	60.4	80.7	136.83	176.74	0.369244013214
ENSDART00000130248	CABZ01084700.1	2	18.3	18.3	NA	NA	NA	NA	NA	NA	NA
ENSDART00000123950	PRIMA1	4	54.5	48.5	NA	NA	NA	NA	NA	NA	NA
ENSDART00000130241	nop10	401	53.9	48.4	17.7	31.8	71.2	92.7	149.91	352.69	1.23430404697
ENSDART00000130715	commd4	25	24.7	23.8	11.8	16.0	31.1	41.5	NA	NA	NA
ENSDART00000130242	cyp2j20	1	69.0	69.0	NA	NA	NA	NA	NA	NA	NA
ENSDART00000130713	zgc:162962	4	32.3	36.9	NA	NA	NA	NA	NA	NA	NA
ENSDART00000114854	zdhhc16b	32	64.4	59.0	20.2	26.0	85.6	109.1	NA	NA	NA
ENSDART00000097149	CABZ01028287.1	85	27.7	23.5	5.7	10.3	37.8	56.9	36.15	5.66	-2.67512168901
ENSDART00000112479	acadsb	80	48.8	46.4	18.5	26.4	59.3	88.9	18.85	23.76	0.333970312645
ENSDART00000025487	icmt	64	30.4	27.0	8.0	14.2	39.8	54.5	NA	NA	NA
ENSDART00000111302	rhbdd3	7	29.2	24.9	NA	NA	NA	NA	NA	NA	NA
ENSDART00000065923	rrp7a	97	30.1	25.0	12.1	16.1	38.7	53.9	67.08	8.16	-3.03924163159
ENSDART00000112079	tlcd2	73	31.2	26.1	6.8	16.1	38.3	62.4	NA	NA	NA
ENSDART00000141835	tspan18b	28	79.8	76.3	28.9	57.1	102.3	123.8	NA	NA	NA
ENSDART00000112076	cadps2	23	52.4	46.7	16.2	26.3	79.1	96.0	3.41	7.21	1.08022752022
ENSDART00000141831	WDR31	1	26.8	26.8	NA	NA	NA	NA	NA	NA	NA
STD10	STD10	40978	8.6	7.6	1.9	4.9	10.4	14.0	NA	NA	NA
STD50	STD50	36834	54.6	54.8	42.1	49.0	60.5	66.3	NA	NA	NA
STD100	STD100	48810	102.6	104.6	79.2	94.6	113.7	122.4	NA	NA	NA
STD150	STD150	32048	152.6	156.7	115.0	141.3	170.2	182.2	NA	NA	NA
STD200	STD200	29437	188.4	194.3	139.2	173.6	211.4	226.8	NA	NA	NA
STD250	STD250	13988	242.1	253.4	172.5	222.5	276.0	296.0	NA	NA	NA
STD300	STD300	10129	271.0	283.1	193.2	248.5	310.2	332.4	NA	NA	NA
STD10_2	STD10_2	25604	9.5	8.7	2.9	5.9	11.5	15.3	NA	NA	NA
STD50_2	STD50_2	17153	63.7	64.3	50.2	57.9	70.4	76.2	NA	NA	NA
STD100_2	STD100_2	10323	102.8	104.9	79.4	95.2	114.1	122.7	NA	NA	NA
STD150_2	STD150_2	11623	157.3	162.4	117.6	146.2	175.7	188.3	NA	NA	NA
STD200_2	STD200_2	7749	213.5	223.1	152.7	197.5	242.5	259.6	NA	NA	NA
STD250_2	STD250_2	1708	255.2	269.9	168.4	234.7	295.9	318.1	NA	NA	NA
