Transcript ID	Gene name	Poly(A) tags	Mean TL	Median TL	10th %ile, TL	25th %ile, TL	75th %ile, TL	90th %ile, TL	mRNA RPKM	RPF RPKM	log2(TE)
ENSDART00000049448	ERO1LB	65	24.2	22.2	2.6	10.8	35.4	51.7	NA	NA	NA
ENSDART00000125259	melk	218	12.2	7.4	-2.4	2.8	13.2	25.4	13.61	4.08	-1.73802600953
ENSDART00000101274	zgc:153981	1	6.3	6.3	NA	NA	NA	NA	NA	NA	NA
ENSDART00000099479	crfb4	18	21.1	19.2	6.1	6.7	34.6	39.3	NA	NA	NA
ENSDART00000015655	tecrl2	38	34.3	29.7	5.5	14.8	55.9	65.3	NA	NA	NA
ENSDART00000004585	clptm1l	188	34.3	29.6	7.2	16.7	46.5	64.6	18.13	12.96	-0.48431320686
ENSDART00000125251	dnal1	57	22.3	20.0	7.8	10.2	25.5	40.0	NA	NA	NA
ENSDART00000099476	fam174b	99	20.9	18.5	4.7	11.4	28.8	40.4	NA	NA	NA
ENSDART00000099477	rorab	6	11.3	14.1	NA	NA	NA	NA	NA	NA	NA
ENSDART00000039847	chchd4	315	37.9	33.7	11.0	20.5	49.5	73.6	NA	NA	NA
ENSDART00000099473	msi2a	53	31.4	23.2	3.0	14.1	51.2	69.1	NA	NA	NA
ENSDART00000143782	si:ch211-226h8.13	1	10.3	10.3	NA	NA	NA	NA	NA	NA	NA
ENSDART00000109257	RASGRF1	1	37.0	37.0	NA	NA	NA	NA	NA	NA	NA
ENSDART00000083062	ints1	215	58.9	51.6	15.6	29.4	84.8	114.2	11.98	45.42	1.92269979792
ENSDART00000143781	EIF1B	1080	68.4	60.0	22.2	38.4	91.0	125.9	965.44	2190.12	1.18175141273
ENSDART00000109252	nudt5	89	71.5	68.2	17.8	34.5	108.8	130.0	NA	NA	NA
ENSDART00000143784	doc2d	2	10.9	10.9	NA	NA	NA	NA	NA	NA	NA
ENSDART00000083068	mlec	232	53.0	35.9	6.2	13.7	87.0	136.4	59.19	153.73	1.3769733687
ENSDART00000057290	prpf38a	138	39.3	32.2	10.9	18.3	57.1	74.9	124.96	143.67	0.201292482815
ENSDART00000091662	noc2l	150	27.0	23.2	5.7	13.8	37.1	57.5	25.3	39.94	0.658696947862
ENSDART00000109258	ck2b	191	35.7	30.5	4.5	12.8	52.9	77.0	39.56	181.73	2.19968226821
ENSDART00000109259	smarcc1a	338	124.7	131.2	58.8	103.6	155.6	174.2	45.27	287.47	2.66678419441
ENSDART00000003801	crsp7	678	18.3	15.3	3.9	8.3	24.5	38.2	NA	NA	NA
ENSDART00000008854	wsb1	188	15.1	12.4	1.2	6.3	21.8	32.4	NA	NA	NA
ENSDART00000079600	minpp1a	12	28.9	28.5	7.9	15.2	40.4	49.0	NA	NA	NA
ENSDART00000146902	tmem106ba	27	47.6	41.4	18.2	28.9	65.4	78.5	NA	NA	NA
ENSDART00000097494	hint2	78	36.7	29.5	12.2	20.4	47.3	71.2	NA	NA	NA
ENSDART00000114148	casc4	138	43.8	40.7	12.5	22.4	61.0	81.6	33.69	17.65	-0.932652244963
ENSDART00000148816	si:ch1073-391i24.1	59	29.6	25.6	6.1	12.9	41.2	54.2	NA	NA	NA
ENSDART00000127907	wu:fc34e06	6	20.5	16.4	NA	NA	NA	NA	NA	NA	NA
ENSDART00000089609	skiv2l	115	24.5	21.2	9.0	15.0	30.8	43.2	13.23	6.19	-1.09580174706
ENSDART00000113304	FRRS1	52	93.7	103.7	16.3	52.6	134.2	151.8	NA	NA	NA
ENSDART00000089603	golga7ba	16	25.0	20.3	8.7	11.9	35.9	45.6	NA	NA	NA
ENSDART00000152096	stra6	67	19.2	14.4	5.8	8.5	25.7	35.8	NA	NA	NA
ENSDART00000144375	fgf11a	9	47.8	45.5	NA	NA	NA	NA	NA	NA	NA
ENSDART00000153218	OXLD1	1	2.0	2.0	NA	NA	NA	NA	NA	NA	NA
ENSDART00000004588	asic1a	5	19.5	15.3	NA	NA	NA	NA	NA	NA	NA
ENSDART00000127624	nkx6.2	19	20.9	16.4	8.2	13.0	29.2	39.5	NA	NA	NA
ENSDART00000089605	TBC1D8B	106	28.5	24.4	6.5	17.5	36.2	53.7	NA	NA	NA
ENSDART00000131048	si:ch211-113a14.26	17	4.9	3.1	-7.7	-0.6	11.1	18.0	NA	NA	NA
ENSDART00000085150	EML6	6	22.4	15.2	NA	NA	NA	NA	NA	NA	NA
ENSDART00000101319	zgc:162396	25	38.2	31.9	11.1	17.1	43.8	85.0	NA	NA	NA
ENSDART00000128334	lpcat2	2	17.9	17.9	NA	NA	NA	NA	NA	NA	NA
ENSDART00000131046	CU694324.1	13	18.7	19.3	5.4	10.2	26.2	30.3	NA	NA	NA
ENSDART00000034109	coq3	280	20.2	16.7	4.5	9.8	26.0	40.8	NA	NA	NA
ENSDART00000131042	ildr1a	367	29.1	23.7	6.3	13.0	40.5	56.4	34.87	40.9	0.230114479052
ENSDART00000104999	ccdc85ca	10	18.8	23.8	3.5	10.0	28.1	30.3	NA	NA	NA
ENSDART00000099782	mrpl14	263	17.8	15.3	5.6	9.7	21.5	33.4	NA	NA	NA
ENSDART00000006983	KAT5	89	17.5	14.8	5.4	9.1	25.9	35.7	8.39	5.92	-0.503073634811
ENSDART00000003752	cct3	410	17.8	13.5	2.5	7.0	24.1	38.7	72.22	40.4	-0.838043127309
ENSDART00000078951	MANEAL	14	19.3	13.3	8.9	10.0	24.9	37.1	NA	NA	NA
ENSDART00000110005	cdhr1a	1	55.5	55.5	NA	NA	NA	NA	NA	NA	NA
ENSDART00000126608	fam60a	10	22.5	21.1	8.2	10.7	27.6	44.9	NA	NA	NA
ENSDART00000054015	gpc2	3	24.2	12.2	NA	NA	NA	NA	NA	NA	NA
ENSDART00000126694	sepw2b	13	37.1	24.6	11.4	15.5	41.9	83.0	NA	NA	NA
ENSDART00000133576	nmnat1	52	22.8	17.0	6.2	10.6	32.0	47.8	32.5	59.64	0.87584053948
ENSDART00000076807	cnot6l	10	28.5	36.0	6.4	14.3	42.2	47.4	NA	NA	NA
ENSDART00000011936	CCDC106	168	42.2	35.6	9.3	17.4	64.3	86.0	NA	NA	NA
ENSDART00000011931	ruvbl1	418	44.8	39.3	8.8	21.3	64.2	86.8	91.18	309.31	1.76226416223
ENSDART00000076800	znhit1	308	13.2	11.2	1.6	5.7	17.5	27.1	NA	NA	NA
ENSDART00000152193	mms19	124	29.9	25.0	8.0	14.5	40.9	56.7	15.08	15.74	0.0617991122388
ENSDART00000121795	nfixa	8	31.9	18.8	NA	NA	NA	NA	NA	NA	NA
ENSDART00000062324	h2afvb	1030	134.8	143.7	60.7	113.0	167.4	184.2	231.91	2300.67	3.31041712761
ENSDART00000046045	il6st	8	43.4	39.3	NA	NA	NA	NA	NA	NA	NA
ENSDART00000024832	stat5.1	5	15.3	14.3	NA	NA	NA	NA	NA	NA	NA
ENSDART00000083066	asphd2	17	50.6	45.9	19.3	29.4	67.1	89.7	NA	NA	NA
ENSDART00000050831	chac2	40	29.6	25.9	11.5	14.4	35.8	58.3	NA	NA	NA
ENSDART00000129356	CR478286.1	202	22.9	18.6	4.9	11.2	27.8	40.5	35.47	6.6	-2.42606140069
ENSDART00000052097	hrsp12	67	30.1	29.2	8.8	17.6	39.9	53.4	NA	NA	NA
ENSDART00000128595	pola1	177	24.9	19.3	3.9	9.1	38.1	51.9	23.69	17.33	-0.45100654408
ENSDART00000049918	trim35-27	58	26.3	25.0	8.5	15.4	35.3	42.5	NA	NA	NA
ENSDART00000131625	NISCH	45	44.4	43.1	8.2	17.6	60.8	87.0	NA	NA	NA
ENSDART00000042200	aldoab	1	8.7	8.7	NA	NA	NA	NA	NA	NA	NA
ENSDART00000128843	bcl2	1	23.7	23.7	NA	NA	NA	NA	NA	NA	NA
ENSDART00000139037	pgls	125	23.5	18.8	8.6	13.8	32.3	42.2	NA	NA	NA
ENSDART00000128841	pip5k1cb	2	4.5	4.5	NA	NA	NA	NA	NA	NA	NA
ENSDART00000128599	CR352229.2	84	15.1	12.9	3.5	7.3	19.6	28.9	NA	NA	NA
ENSDART00000139033	lrp1bb	2	30.3	30.3	NA	NA	NA	NA	NA	NA	NA
ENSDART00000128845	pla2g12a	24	19.3	18.5	-2.2	5.0	28.1	41.1	NA	NA	NA
ENSDART00000129429	si:dkey-119m7.4	2	25.7	25.7	NA	NA	NA	NA	NA	NA	NA
ENSDART00000145039	si:ch211-145o7.3	4	20.9	23.6	NA	NA	NA	NA	NA	NA	NA
ENSDART00000087293	kcnc4	8	16.8	18.9	NA	NA	NA	NA	NA	NA	NA
ENSDART00000113036	zgc:163143	161	16.0	13.2	1.8	7.1	22.3	30.8	NA	NA	NA
ENSDART00000145789	fbxo41	2	5.4	5.4	NA	NA	NA	NA	NA	NA	NA
ENSDART00000114022	slitrk5b	4	31.4	17.7	NA	NA	NA	NA	NA	NA	NA
ENSDART00000005985	smo	13	32.8	21.8	8.1	12.3	41.8	62.3	NA	NA	NA
ENSDART00000098788	sema6dl	2	50.2	50.2	NA	NA	NA	NA	NA	NA	NA
ENSDART00000005989	dffb	54	34.5	27.4	6.6	14.0	44.4	71.5	NA	NA	NA
ENSDART00000110224	MON1B	370	20.8	17.7	4.8	9.5	28.9	40.4	NA	NA	NA
ENSDART00000100698	ercc8	45	40.3	36.5	11.4	18.2	60.1	75.5	15.59	4.76	-1.71158744939
ENSDART00000007079	asna1	293	30.3	24.8	6.2	13.5	41.5	61.6	40.01	38.85	-0.0424460300505
ENSDART00000124124	TGIF2	76	42.4	22.4	-3.9	9.1	78.1	111.9	24.36	550.74	4.49878535623
ENSDART00000124127	CU179643.1	1	15.5	15.5	NA	NA	NA	NA	NA	NA	NA
ENSDART00000050863	zgc:101858	15	21.1	16.6	6.7	11.6	28.0	37.8	NA	NA	NA
ENSDART00000098433	trpm7	257	50.9	43.7	8.6	19.9	75.6	105.3	22.1	13.19	-0.744601805027
ENSDART00000081966	rtn4a	1177	25.9	17.6	4.3	9.8	35.7	58.5	61.71	124.79	1.01592612931
ENSDART00000081969	zgc:123349	25	32.1	22.2	6.2	16.8	37.7	79.3	NA	NA	NA
ENSDART00000080062	CR954145.1	6	12.8	12.9	NA	NA	NA	NA	NA	NA	NA
ENSDART00000149520	mcl1b	203	35.2	29.1	7.7	16.4	46.6	76.5	186.66	211.59	0.18085864484
ENSDART00000149521	eef2k	4	20.8	26.4	NA	NA	NA	NA	NA	NA	NA
ENSDART00000098439	ube2d4	77	19.3	16.6	4.5	9.1	26.1	36.6	NA	NA	NA
ENSDART00000098438	spg7	74	31.7	25.0	5.7	12.5	46.0	62.0	29.34	18.87	-0.636774448073
ENSDART00000090200	snapin	65	24.1	20.6	5.6	13.2	30.2	46.9	NA	NA	NA
ENSDART00000103845	eno4	1	29.6	29.6	NA	NA	NA	NA	NA	NA	NA
ENSDART00000090754	C18H16orf70	90	45.4	33.5	8.7	20.2	68.7	96.6	NA	NA	NA
ENSDART00000099021	dock8	23	27.7	19.7	9.3	13.3	32.4	63.3	NA	NA	NA
ENSDART00000063329	cux1b	44	44.1	32.5	8.7	18.7	69.6	94.7	7.61	22.41	1.55817429001
ENSDART00000063492	ppm1ab	116	37.2	32.2	6.8	13.5	54.7	79.0	NA	NA	NA
ENSDART00000087740	C11H1orf106	10	24.0	19.7	7.5	9.2	27.2	45.6	NA	NA	NA
ENSDART00000067666	tmed7	494	37.7	30.8	9.3	17.8	50.3	77.1	58.1	115.84	0.995523438791
ENSDART00000105064	TXNDC16	15	19.3	16.1	11.3	12.7	24.7	33.1	NA	NA	NA
ENSDART00000015277	gpx1b	10	83.6	75.5	59.7	68.3	98.1	116.3	NA	NA	NA
ENSDART00000113964	POLR2E	75	18.5	15.2	5.1	9.3	26.7	36.5	NA	NA	NA
ENSDART00000105168	si:ch211-133n4.4	3	80.5	79.7	NA	NA	NA	NA	NA	NA	NA
ENSDART00000149938	fes	4	30.7	29.7	NA	NA	NA	NA	NA	NA	NA
ENSDART00000101601	cth1	4313	50.3	41.9	9.4	20.6	72.5	103.5	362.69	2148.14	2.56627914733
ENSDART00000026885	phc3	11	23.9	23.8	10.4	14.7	31.5	39.0	NA	NA	NA
ENSDART00000026085	ptges	3	12.6	9.9	NA	NA	NA	NA	NA	NA	NA
ENSDART00000012357	sav1	513	18.7	14.8	3.7	8.5	23.1	36.8	NA	NA	NA
ENSDART00000100190	ces2	1	10.4	10.4	NA	NA	NA	NA	NA	NA	NA
ENSDART00000012603	drd4a	7	13.0	12.0	NA	NA	NA	NA	NA	NA	NA
ENSDART00000012600	galk2	117	17.0	15.4	3.0	7.5	22.7	35.4	22.16	7.04	-1.65431054741
ENSDART00000007271	mtfr1l	98	16.5	12.9	-0.2	5.1	26.0	36.4	22.42	24.6	0.133872037421
ENSDART00000012604	pdzk1ip1l	3	42.2	47.1	NA	NA	NA	NA	NA	NA	NA
ENSDART00000132028	pitpnaa	509	14.8	11.9	1.3	5.9	20.7	30.7	NA	NA	NA
ENSDART00000099979	smad4	184	40.5	30.3	4.8	16.1	60.4	98.2	NA	NA	NA
ENSDART00000009507	gatsl2	118	81.4	87.3	10.6	26.5	121.6	152.4	17.36	184.38	3.40884331987
ENSDART00000007584	snap25a	7	19.2	18.1	NA	NA	NA	NA	NA	NA	NA
ENSDART00000064311	arhgdia	396	28.2	22.1	5.1	13.0	38.3	58.6	NA	NA	NA
ENSDART00000064866	prkab1a	16	51.5	42.8	21.6	23.1	68.0	91.5	NA	NA	NA
ENSDART00000059041	h1m	321	45.3	35.7	9.9	19.3	64.2	92.2	1866.47	4678.37	1.32569364495
ENSDART00000064312	ms4a17a.7	2	15.1	15.1	NA	NA	NA	NA	NA	NA	NA
ENSDART00000101861	tcea1	158	73.6	73.2	11.8	31.7	103.7	140.6	55.29	584.51	3.40213723029
ENSDART00000133998	ptplb	18	24.3	16.4	1.7	2.8	39.8	61.0	NA	NA	NA
ENSDART00000123312	SH2D4A	32	28.4	22.9	5.0	12.5	38.5	63.6	NA	NA	NA
ENSDART00000066471	adam8b	8	34.1	28.4	NA	NA	NA	NA	NA	NA	NA
ENSDART00000123314	ankrd46a	19	48.2	41.9	7.2	24.6	70.2	99.5	NA	NA	NA
ENSDART00000123319	gpm6bb	77	41.2	31.7	4.5	17.0	57.9	92.0	NA	NA	NA
ENSDART00000016271	ilvbl	156	29.9	25.0	7.2	13.5	43.5	59.5	18.49	29.09	0.653778071696
ENSDART00000133997	armc8	104	17.9	14.5	3.9	7.3	23.0	33.9	NA	NA	NA
ENSDART00000130879	st3gal3a	171	39.5	35.9	11.4	20.2	56.9	73.9	NA	NA	NA
ENSDART00000111175	CUTA	127	22.5	15.8	4.8	9.2	28.8	48.9	NA	NA	NA
ENSDART00000036891	rabac1	232	36.8	28.5	5.9	14.2	51.4	82.7	NA	NA	NA
ENSDART00000055567	gnrhr4	4	15.9	17.0	NA	NA	NA	NA	NA	NA	NA
ENSDART00000055564	rprd1b	165	37.9	30.9	7.2	14.7	52.3	81.9	36.88	77.75	1.07600401948
ENSDART00000085371	rfk	24	28.0	24.0	7.8	14.2	37.9	54.7	NA	NA	NA
ENSDART00000130876	ap3m1	15	63.0	43.5	17.4	27.0	77.6	136.6	NA	NA	NA
ENSDART00000039629	celf3a	59	26.7	21.2	3.8	10.0	37.9	55.7	NA	NA	NA
ENSDART00000052240	psmg2	89	18.2	15.8	2.6	7.5	25.8	40.1	NA	NA	NA
ENSDART00000112854	gapvd1	341	23.8	16.7	4.4	9.2	28.9	52.4	NA	NA	NA
ENSDART00000110514	prr12a	363	25.1	20.5	7.1	12.5	32.5	48.4	33.76	4.93	-2.77565535233
ENSDART00000112850	mettl20	16	17.8	15.1	2.1	10.5	23.4	35.5	NA	NA	NA
ENSDART00000112853	appl2	13	39.3	28.0	9.7	15.7	60.4	79.5	NA	NA	NA
ENSDART00000019252	fbxw11b	1330	27.0	21.5	5.6	12.0	37.4	56.9	67.0	52.0	-0.365649472317
ENSDART00000026264	kif13ba	70	47.1	38.2	7.0	18.2	63.0	93.7	14.72	21.51	0.547229853366
ENSDART00000122374	ints10	202	20.9	15.9	5.4	9.7	27.5	44.0	18.37	6.37	-1.52798634886
ENSDART00000125412	fbxo45	139	80.6	73.0	30.0	50.9	101.3	130.7	NA	NA	NA
ENSDART00000125413	xrn1	82	72.1	72.2	5.2	32.9	113.9	133.9	9.48	157.7	4.05615179078
ENSDART00000122370	agxt2	2	12.6	12.6	NA	NA	NA	NA	NA	NA	NA
ENSDART00000134978	nckap5l	183	21.2	17.9	1.4	7.4	28.3	46.5	7.92	3.96	-1.0
ENSDART00000134976	si:ch73-382f3.1	392	28.8	25.3	8.7	15.7	39.5	54.5	NA	NA	NA
ENSDART00000134975	zgc:101569	104	26.1	23.9	5.6	18.3	32.5	42.8	NA	NA	NA
ENSDART00000078058	NCAM2	7	22.0	21.2	NA	NA	NA	NA	NA	NA	NA
ENSDART00000126927	taf1	377	16.5	14.4	2.4	7.5	24.3	34.7	44.93	5.18	-3.11665505884
ENSDART00000115088	birc5a	728	16.1	13.9	3.1	7.8	21.9	32.5	99.55	10.89	-3.19241736189
ENSDART00000142569	specc1lb	104	44.6	33.6	8.5	15.2	57.9	101.6	NA	NA	NA
ENSDART00000108609	rnd3a	3	43.6	43.5	NA	NA	NA	NA	NA	NA	NA
ENSDART00000115081	agpat3	55	31.9	28.1	7.9	15.0	43.5	60.9	NA	NA	NA
ENSDART00000115086	si:dkey-92i15.4	38	29.1	25.8	5.5	12.4	42.2	62.3	NA	NA	NA
ENSDART00000115085	lrig1	64	36.1	28.2	6.4	14.0	50.5	78.8	NA	NA	NA
ENSDART00000103640	hey1	4	30.8	24.5	NA	NA	NA	NA	NA	NA	NA
ENSDART00000103645	tmem181	160	19.2	15.7	3.6	8.5	26.1	40.1	NA	NA	NA
ENSDART00000103644	fbxl18	266	32.6	29.1	11.7	18.4	44.0	56.2	22.88	19.22	-0.251478716005
ENSDART00000135620	hmgn3	4	35.3	24.8	NA	NA	NA	NA	NA	NA	NA
ENSDART00000047008	efhd2	290	84.2	78.6	13.0	30.5	137.2	160.6	19.96	307.78	3.94671586046
ENSDART00000111710	EDEM3	20	36.8	29.2	13.8	19.4	55.1	77.3	NA	NA	NA
ENSDART00000108501	rnf213a	0	NA	NA	NA	NA	NA	NA	3.18	2.72	-0.225420114034
ENSDART00000108856	CR382327.2	1	15.0	15.0	NA	NA	NA	NA	NA	NA	NA
ENSDART00000108855	si:dkey-188i13.7	333	21.1	17.4	4.4	10.0	26.4	43.1	NA	NA	NA
ENSDART00000081191	sass6	437	20.6	15.1	3.6	7.6	25.6	43.2	55.09	47.39	-0.217207801932
ENSDART00000151037	abi2b	243	49.3	38.7	8.1	17.4	72.8	108.9	12.77	51.21	2.00366703405
ENSDART00000061098	BX663520.1	1	13.4	13.4	NA	NA	NA	NA	NA	NA	NA
ENSDART00000030934	kcnk5a	54	23.0	18.7	8.9	11.3	32.7	44.7	NA	NA	NA
ENSDART00000055194	actb2	3908	27.6	23.1	7.0	13.4	37.2	53.8	295.82	246.5	-0.26313194784
ENSDART00000089596	tmem168b	112	37.0	33.5	9.3	15.7	56.6	70.4	28.67	8.64	-1.73043868708
ENSDART00000032344	nup35	667	79.1	80.4	28.0	50.0	106.6	126.8	31.69	563.83	4.15316067735
ENSDART00000081747	CU019624.1	98	27.6	22.7	3.1	10.5	36.3	57.9	NA	NA	NA
ENSDART00000140200	topbp1	120	22.9	20.6	3.6	8.7	33.1	44.4	35.91	16.44	-1.12717535398
ENSDART00000077608	im:7149628	2	13.5	13.5	NA	NA	NA	NA	NA	NA	NA
ENSDART00000081035	slc25a26	108	26.5	19.4	5.8	10.5	36.0	61.0	NA	NA	NA
ENSDART00000081741	rab25a	2	15.2	15.2	NA	NA	NA	NA	NA	NA	NA
ENSDART00000081039	sb:cb252	3	11.2	9.2	NA	NA	NA	NA	NA	NA	NA
ENSDART00000147529	batf3	68	22.0	20.7	7.4	13.5	27.8	38.3	NA	NA	NA
ENSDART00000122194	pid1	13	18.2	19.6	5.2	11.3	25.5	26.3	NA	NA	NA
ENSDART00000037850	dync1li2	129	34.9	22.5	3.0	8.8	47.7	87.6	NA	NA	NA
ENSDART00000055252	C3H19orf52	208	14.1	12.9	1.4	8.0	18.8	25.9	31.47	2.19	-3.8449744037
ENSDART00000018981	srp72	341	23.4	18.2	4.0	10.0	31.9	48.9	56.15	40.8	-0.460716870429
ENSDART00000035724	FP928982.1	186	19.7	17.0	4.0	8.7	27.2	40.3	NA	NA	NA
ENSDART00000078387	pecr	15	16.0	9.3	-0.3	8.1	18.3	42.3	NA	NA	NA
ENSDART00000104346	mkrn4	1828	42.0	31.5	7.0	16.2	57.7	95.1	329.86	1555.52	2.23747119708
ENSDART00000103425	st7l	48	24.7	24.2	8.7	15.6	31.9	42.2	NA	NA	NA
ENSDART00000133370	macrod2	52	32.3	21.9	11.0	13.6	39.4	53.8	NA	NA	NA
ENSDART00000133371	pou2f2a	15	30.8	30.7	4.6	11.1	47.9	58.2	NA	NA	NA
ENSDART00000033914	mbd1	281	25.2	19.5	3.5	10.0	34.9	53.2	56.9	28.48	-0.998479506228
ENSDART00000106569	si:ch211-266d19.4	28	24.6	22.7	5.7	10.9	31.7	39.4	9.08	7.08	-0.358942937208
ENSDART00000141471	hars	190	43.0	39.5	13.3	22.7	60.7	82.0	62.75	39.78	-0.657572182892
ENSDART00000133379	hist2h3c	21	6.9	7.3	-7.0	-0.7	12.5	26.3	NA	NA	NA
ENSDART00000088185	CU634009.1	2	37.2	37.2	NA	NA	NA	NA	NA	NA	NA
ENSDART00000114850	blzf1	510	96.2	101.8	24.4	64.0	131.2	152.8	NA	NA	NA
ENSDART00000035725	pane1	408	32.6	29.6	11.0	18.2	42.8	57.9	NA	NA	NA
ENSDART00000029894	wdr26b	98	86.4	86.5	20.8	40.8	127.7	150.5	NA	NA	NA
ENSDART00000033746	gins2	1327	11.9	9.7	1.6	5.4	16.1	23.6	NA	NA	NA
ENSDART00000004779	MAD2L1BP	165	50.6	45.0	10.8	24.6	72.9	97.3	25.83	164.09	2.667367772
ENSDART00000061232	ndst3	3	27.6	19.1	NA	NA	NA	NA	NA	NA	NA
ENSDART00000014727	ddx39aa	990	102.2	106.4	44.0	77.9	130.4	149.4	112.01	858.85	2.93877864498
ENSDART00000004771	poc1b	153	29.6	23.7	5.8	14.6	40.9	61.5	NA	NA	NA
ENSDART00000021396	ldlrap1a	572	11.8	9.4	2.1	5.3	16.3	24.4	NA	NA	NA
ENSDART00000014729	arpc1a	257	37.3	28.7	7.1	17.1	52.6	74.3	110.01	70.27	-0.646653868209
ENSDART00000093052	HIPK1	263	46.9	41.1	9.0	22.6	71.4	96.7	23.6	40.15	0.766613128155
ENSDART00000045614	slc25a36b	228	20.1	17.9	5.4	11.4	26.8	37.0	NA	NA	NA
ENSDART00000102827	lepre1	1	-11.1	-11.1	NA	NA	NA	NA	NA	NA	NA
ENSDART00000074729	UACA	54	62.9	39.4	3.6	14.7	114.6	145.1	25.6	130.96	2.35491051159
ENSDART00000131838	si:dkey-174n20.1	54	26.0	22.7	9.3	14.3	30.7	52.5	NA	NA	NA
ENSDART00000056712	etfdh	1	46.0	46.0	NA	NA	NA	NA	NA	NA	NA
ENSDART00000131834	gng7	38	29.2	22.0	8.0	13.4	38.0	57.7	NA	NA	NA
ENSDART00000131837	chd8	124	51.8	35.6	8.2	22.7	75.8	114.2	33.43	115.54	1.78917713972
ENSDART00000131836	cryz	6	13.7	8.6	NA	NA	NA	NA	NA	NA	NA
ENSDART00000010452	zgc:91860	33	15.9	12.4	4.6	8.2	21.3	33.9	NA	NA	NA
ENSDART00000103052	zgc:158320	61	11.5	9.0	-0.2	4.3	18.3	26.2	NA	NA	NA
ENSDART00000126501	CNST	11	37.9	23.4	3.9	12.7	48.5	78.6	NA	NA	NA
ENSDART00000074231	CLDND1	64	34.1	25.3	3.6	9.6	51.6	81.3	NA	NA	NA
ENSDART00000126505	C3H16orf52	67	37.8	27.1	3.0	11.9	51.4	97.0	NA	NA	NA
ENSDART00000074235	tmed8	28	17.5	18.7	3.1	9.7	21.6	30.1	NA	NA	NA
ENSDART00000027026	ambp	1	7.5	7.5	NA	NA	NA	NA	NA	NA	NA
ENSDART00000138696	g6pd	25	42.9	33.0	2.4	4.4	91.9	102.2	NA	NA	NA
ENSDART00000008115	hsd3b2	75	21.0	18.3	5.3	11.9	26.2	38.8	17.1	5.3	-1.68993206032
ENSDART00000067583	sidt2	78	58.3	55.5	10.2	32.6	81.3	97.2	6.13	8.9	0.537918262163
ENSDART00000054574	polr1e	497	12.4	11.2	1.4	5.5	17.4	23.8	51.82	1.56	-5.05389108132
ENSDART00000054575	tmem192	62	79.1	77.0	12.5	28.7	123.3	145.3	NA	NA	NA
ENSDART00000106442	zgc:174563	54	36.8	34.9	14.2	19.2	50.1	66.5	NA	NA	NA
ENSDART00000146123	elavl1	324	65.0	49.6	11.0	24.6	98.9	139.2	35.35	820.27	4.53631674513
ENSDART00000146122	EVA1A	504	23.5	17.6	3.7	8.4	31.5	52.7	135.07	192.33	0.509876537057
ENSDART00000146125	ttc3	141	24.4	20.2	4.4	9.1	36.0	48.0	43.31	17.54	-1.30405142462
ENSDART00000146124	CCDC117	222	40.9	35.8	9.3	19.4	57.3	80.0	NA	NA	NA
ENSDART00000133743	camkk1	14	27.5	28.0	4.9	16.1	32.2	41.9	NA	NA	NA
ENSDART00000079104	ndufs6	195	12.2	10.0	1.7	4.6	16.3	25.5	NA	NA	NA
ENSDART00000059533	wipi1	14	31.9	23.1	10.1	16.8	40.9	63.3	NA	NA	NA
ENSDART00000092682	agfg1b	37	18.8	14.7	6.1	11.2	22.3	38.1	NA	NA	NA
ENSDART00000131087	galt	20	60.3	57.6	30.3	50.0	71.8	84.3	NA	NA	NA
ENSDART00000132112	tmem176l.1	176	41.5	38.6	10.4	24.9	57.0	71.3	NA	NA	NA
ENSDART00000067586	chchd6b	286	16.8	12.8	2.8	6.8	19.8	34.8	59.59	6.4	-3.21892643723
ENSDART00000079139	ctcf	174	31.1	24.4	2.2	12.2	45.3	69.2	60.83	366.86	2.59237470187
ENSDART00000073712	tmem187	3	45.2	42.9	NA	NA	NA	NA	NA	NA	NA
ENSDART00000080289	prrc2c	49	39.4	32.1	4.0	17.2	52.6	83.6	15.68	28.33	0.853405042263
ENSDART00000004108	xpo4	149	55.5	49.7	13.1	23.0	80.4	103.7	20.33	135.72	2.73895121487
ENSDART00000083296	ZNF423	57	26.8	22.2	8.8	16.2	33.5	50.2	NA	NA	NA
ENSDART00000083294	nol6	228	25.2	21.3	4.6	11.5	34.7	47.1	26.01	35.62	0.453621117159
ENSDART00000102778	dlx6a	192	17.5	14.1	4.1	8.7	23.6	34.2	NA	NA	NA
ENSDART00000102779	errfi1	84	16.7	11.9	4.0	8.5	19.8	35.7	NA	NA	NA
ENSDART00000143577	slc6a13l	1	15.2	15.2	NA	NA	NA	NA	NA	NA	NA
ENSDART00000058910	sox19b	153	31.1	24.6	-0.3	7.8	45.6	64.8	NA	NA	NA
ENSDART00000058913	eif4a1a	858	71.7	66.3	12.4	31.5	109.8	137.3	127.91	1508.33	3.5597511396
ENSDART00000106061	CABZ01007222.1	2	73.4	73.4	NA	NA	NA	NA	NA	NA	NA
ENSDART00000041504	tescb	24	28.3	18.5	6.7	11.3	31.2	38.0	NA	NA	NA
ENSDART00000114844	CABZ01080599.1	4	77.8	74.6	NA	NA	NA	NA	NA	NA	NA
ENSDART00000149042	si:dkey-87o1.2	275	24.0	22.4	5.8	12.1	32.3	45.4	74.5	20.32	-1.87434002346
ENSDART00000114841	add2	8	16.7	14.3	NA	NA	NA	NA	NA	NA	NA
ENSDART00000123961	klhdc8b	1	18.7	18.7	NA	NA	NA	NA	NA	NA	NA
ENSDART00000123962	si:ch211-12h2.6	5	14.9	12.0	NA	NA	NA	NA	NA	NA	NA
ENSDART00000048273	pan3	451	24.8	18.2	4.9	9.7	33.5	55.0	27.12	54.97	1.0192873009
ENSDART00000048183	AL928724.1	1	17.2	17.2	NA	NA	NA	NA	NA	NA	NA
ENSDART00000126991	BX088691.1	1	47.9	47.9	NA	NA	NA	NA	NA	NA	NA
ENSDART00000105902	hmmr	970	19.2	15.0	3.3	8.0	26.5	39.2	158.34	37.36	-2.08345939634
ENSDART00000105903	LSM5	760	39.9	31.6	9.4	16.9	57.1	80.6	166.84	328.67	0.978174560264
ENSDART00000114906	CR387996.2	9	64.8	70.2	NA	NA	NA	NA	NA	NA	NA
ENSDART00000114907	crfb13	1	23.8	23.8	NA	NA	NA	NA	NA	NA	NA
ENSDART00000110039	bcdin3d	1	19.1	19.1	NA	NA	NA	NA	NA	NA	NA
ENSDART00000038836	C24H11orf54	21	42.0	33.3	9.0	14.8	62.3	97.7	NA	NA	NA
ENSDART00000142958	c2cd2l	25	19.8	21.0	7.5	13.9	25.2	30.0	NA	NA	NA
ENSDART00000142959	RUNDC1	195	22.2	16.8	5.0	9.4	28.1	46.5	NA	NA	NA
ENSDART00000035513	shq1	97	28.3	25.4	5.6	15.1	38.7	56.1	22.1	34.27	0.63289982224
ENSDART00000110033	BX255969.1	1	2.6	2.6	NA	NA	NA	NA	NA	NA	NA
ENSDART00000142953	si:ch211-197l9.2	1	58.3	58.3	NA	NA	NA	NA	NA	NA	NA
ENSDART00000077452	selt1b	73	121.8	136.7	24.2	96.5	154.8	171.3	NA	NA	NA
ENSDART00000132564	nf2a	170	87.9	88.3	27.5	62.4	116.3	144.5	21.71	70.7	1.70335048908
ENSDART00000137088	abhd17b	395	16.8	14.1	2.3	7.2	23.1	35.4	NA	NA	NA
ENSDART00000077459	smyd2a	200	20.0	15.5	5.9	8.7	24.2	40.4	NA	NA	NA
ENSDART00000022999	ube2i	628	60.6	58.3	12.4	29.2	87.8	110.6	53.95	465.59	3.10936520737
ENSDART00000058662	dbt	119	40.5	31.6	7.6	14.7	58.6	85.2	9.52	57.08	2.58395185617
ENSDART00000152369	si:dkeyp-118b1.2	125	26.0	21.9	3.9	9.7	35.2	52.6	NA	NA	NA
ENSDART00000130053	CT574587.1	21	24.1	16.7	5.2	11.1	34.4	47.1	NA	NA	NA
ENSDART00000087191	mark4a	35	28.8	22.5	6.6	12.8	39.1	58.9	NA	NA	NA
ENSDART00000048985	veph	3	21.2	25.3	NA	NA	NA	NA	NA	NA	NA
ENSDART00000144590	CEP192	165	52.2	47.2	12.7	29.7	72.5	95.8	10.22	17.96	0.813392153804
ENSDART00000130504	mkrn2	2	19.9	19.9	NA	NA	NA	NA	49.01	26.01	-0.914009747467
ENSDART00000005643	abcd3b	26	26.3	25.2	5.8	17.5	38.2	49.3	NA	NA	NA
ENSDART00000005641	lhx1a	40	32.0	29.6	2.5	21.6	42.9	63.9	NA	NA	NA
ENSDART00000052746	ube2i2	474	23.8	19.1	4.4	10.6	32.6	51.9	62.37	109.95	0.817923440163
ENSDART00000004420	rab4a	3	18.1	16.3	NA	NA	NA	NA	NA	NA	NA
ENSDART00000092691	PEA15	2	2.5	2.5	NA	NA	NA	NA	NA	NA	NA
ENSDART00000123051	rccd1	1	81.4	81.4	NA	NA	NA	NA	NA	NA	NA
ENSDART00000152370	foxh1	152	40.8	36.5	10.5	17.2	59.2	78.8	9.73	112.45	3.53070004588
ENSDART00000152373	scara5	1	51.2	51.2	NA	NA	NA	NA	NA	NA	NA
ENSDART00000112682	si:ch211-166e11.5	17	24.5	22.5	7.2	12.3	33.4	51.5	NA	NA	NA
ENSDART00000049588	zgc:136220	3	38.9	41.6	NA	NA	NA	NA	NA	NA	NA
ENSDART00000112689	crnkl1	82	50.8	49.1	18.9	33.2	65.1	81.6	27.05	37.0	0.451896676689
ENSDART00000142835	hecw1	3	35.7	16.4	NA	NA	NA	NA	NA	NA	NA
ENSDART00000004424	znf292a	43	26.1	25.3	5.0	10.4	37.4	51.0	6.79	5.2	-0.384899951216
ENSDART00000153364	C12H10orf118	0	NA	NA	NA	NA	NA	NA	26.94	9.6	-1.48864353985
ENSDART00000012522	vcanb	4	8.4	5.6	NA	NA	NA	NA	NA	NA	NA
ENSDART00000139620	lats2	2	8.1	8.1	NA	NA	NA	NA	NA	NA	NA
ENSDART00000045253	aco1	35	19.6	17.4	4.3	6.8	22.8	33.9	NA	NA	NA
ENSDART00000151639	si:ch73-248e21.4	7	17.7	17.1	NA	NA	NA	NA	NA	NA	NA
ENSDART00000111348	rtcb	21	25.6	15.2	2.6	5.9	22.0	43.8	NA	NA	NA
ENSDART00000010986	ckba	31	34.3	26.0	12.5	16.8	50.6	56.8	NA	NA	NA
ENSDART00000002428	acvr2aa	133	34.7	26.6	8.7	14.6	48.5	68.3	NA	NA	NA
ENSDART00000123506	CENPF	74	71.2	63.1	11.7	31.1	109.0	142.2	12.0	103.56	3.1093605594
ENSDART00000111343	lmf2a	287	17.2	13.6	1.0	6.9	25.1	35.5	NA	NA	NA
ENSDART00000151632	zgc:171965	1	29.1	29.1	NA	NA	NA	NA	NA	NA	NA
ENSDART00000111345	rerea	240	26.7	23.3	6.6	11.7	36.2	53.0	30.02	26.34	-0.188668631364
ENSDART00000151634	TNRC6C	7	17.9	17.0	NA	NA	NA	NA	NA	NA	NA
ENSDART00000087991	fndc3bb	75	21.4	17.6	2.5	9.1	31.0	41.4	12.83	11.28	-0.185754102691
ENSDART00000129850	prc1a	243	51.9	41.4	8.0	19.3	82.1	111.7	64.68	388.32	2.58585442968
ENSDART00000126842	flj11011l	154	26.9	23.4	5.3	13.4	34.7	54.5	NA	NA	NA
ENSDART00000138533	cmc2	207	17.2	15.2	2.8	7.6	24.2	35.3	NA	NA	NA
ENSDART00000138530	THEM6	134	16.2	12.8	1.4	7.4	19.3	37.2	NA	NA	NA
ENSDART00000052529	rpl14	1359	27.0	25.4	5.5	13.8	36.9	51.8	546.1	20.72	-4.72006924868
ENSDART00000059440	CU571169.1	8	13.5	13.6	NA	NA	NA	NA	NA	NA	NA
ENSDART00000086350	si:ch211-136a13.1	1	8.3	8.3	NA	NA	NA	NA	NA	NA	NA
ENSDART00000149206	mbpb	22	76.3	79.9	9.9	46.6	104.1	139.2	NA	NA	NA
ENSDART00000086823	srpr	205	101.3	101.9	45.2	74.2	130.5	150.8	24.05	58.85	1.29100552127
ENSDART00000089834	afg3l2	74	20.0	15.7	2.5	6.3	24.2	42.6	NA	NA	NA
ENSDART00000062845	mmp9	32	13.0	10.6	1.4	4.6	15.7	21.6	NA	NA	NA
ENSDART00000122052	chaf1b	99	21.3	16.1	5.3	9.2	30.2	47.4	59.09	52.9	-0.159646276573
ENSDART00000128103	itm2cb	833	34.8	25.1	4.4	11.4	50.5	81.6	NA	NA	NA
ENSDART00000128102	wu:fb39e10	146	22.4	16.8	3.6	8.8	28.2	49.9	81.44	34.28	-1.24837045196
ENSDART00000128453	zgc:110655	666	43.2	29.2	5.8	12.5	71.4	98.2	222.51	407.32	0.872292479641
ENSDART00000104505	tsen2	655	18.7	16.1	4.9	10.0	24.5	34.1	94.81	3.76	-4.6562346671
ENSDART00000139486	SLC6A7	5	25.9	19.1	NA	NA	NA	NA	NA	NA	NA
ENSDART00000045245	ing4	42	59.5	52.2	11.3	25.2	88.1	121.6	NA	NA	NA
ENSDART00000021461	glg1b	21	17.7	10.2	-3.3	4.1	21.9	54.7	NA	NA	NA
ENSDART00000021462	rnf128a	499	58.5	55.1	21.8	35.0	78.5	103.2	NA	NA	NA
ENSDART00000128108	CABZ01117575.1	18	75.3	64.1	27.7	33.4	113.8	141.6	NA	NA	NA
ENSDART00000039043	rgs7bpb	21	9.6	8.6	1.5	3.8	13.1	20.2	NA	NA	NA
ENSDART00000006514	gtf2f2b	44	18.5	16.4	4.9	8.5	24.2	35.4	NA	NA	NA
ENSDART00000006513	pdhb	110	27.7	27.1	7.9	13.8	38.4	51.1	13.64	6.84	-0.995775414138
ENSDART00000006512	sh3gl3b	155	36.7	31.9	5.7	16.1	51.7	70.3	NA	NA	NA
ENSDART00000091349	eea1	78	23.8	19.6	4.4	11.0	29.7	49.8	19.9	16.44	-0.275558131749
ENSDART00000088407	trim108	1	27.7	27.7	NA	NA	NA	NA	NA	NA	NA
ENSDART00000056629	haus5	0	NA	NA	NA	NA	NA	NA	67.56	18.89	-1.83854662641
ENSDART00000114279	her6	29	25.8	22.8	10.2	13.8	33.9	45.8	NA	NA	NA
ENSDART00000114272	nop2	2	23.5	23.5	NA	NA	NA	NA	5.81	0.67	-3.11630516295
ENSDART00000122059	scoca	85	24.0	17.4	3.7	11.2	32.9	59.8	NA	NA	NA
ENSDART00000130950	nup98	102	98.5	106.0	28.2	72.2	135.1	149.1	10.23	188.34	4.20246138456
ENSDART00000017402	IP6K2	4	33.9	27.6	NA	NA	NA	NA	NA	NA	NA
ENSDART00000062153	RPL37A	1756	25.7	20.5	7.1	12.5	36.6	51.5	551.24	52.48	-3.39284095403
ENSDART00000041394	emc9	413	11.0	8.8	-0.6	3.7	15.8	23.8	NA	NA	NA
ENSDART00000012167	ndufs5	260	13.4	11.3	0.4	5.4	18.5	28.3	NA	NA	NA
ENSDART00000012166	lamb2	3	27.5	29.3	NA	NA	NA	NA	NA	NA	NA
ENSDART00000062156	odf3b	1	26.3	26.3	NA	NA	NA	NA	NA	NA	NA
ENSDART00000060001	pnp6	1	56.4	56.4	NA	NA	NA	NA	NA	NA	NA
ENSDART00000046784	fkbp1ab	37	26.8	23.2	5.6	17.7	37.0	47.4	NA	NA	NA
ENSDART00000126845	ldb1a	20	33.4	22.5	2.3	15.2	55.3	66.3	NA	NA	NA
ENSDART00000046781	rnf185	514	43.8	42.4	16.0	27.1	57.7	73.5	80.32	233.15	1.53742725528
ENSDART00000053432	cdc42	14	75.3	83.4	16.3	34.7	115.1	117.7	NA	NA	NA
ENSDART00000090691	nlgn3a	3	36.3	42.4	NA	NA	NA	NA	NA	NA	NA
ENSDART00000056151	acy1	3	65.7	68.8	NA	NA	NA	NA	NA	NA	NA
ENSDART00000082385	golt1bb	410	26.8	21.4	5.0	11.7	37.2	56.9	134.83	226.39	0.747668698122
ENSDART00000136593	cbx1b	57	22.9	20.2	6.9	12.5	30.4	46.8	NA	NA	NA
ENSDART00000080174	n4bp1	105	33.7	23.6	9.2	16.1	46.2	63.6	13.72	58.47	2.09141610981
ENSDART00000080173	srsf2a	653	60.5	53.5	15.1	29.3	85.8	117.1	85.21	903.19	3.40593485684
ENSDART00000099258	cyp46a4	1	9.3	9.3	NA	NA	NA	NA	NA	NA	NA
ENSDART00000105681	cdc14ab	50	50.7	39.1	9.1	17.9	76.9	104.0	14.98	119.46	2.99541809798
ENSDART00000042410	C1QL1	12	22.9	17.1	8.1	11.0	26.2	32.5	NA	NA	NA
ENSDART00000123769	CABZ01084579.1	174	23.4	20.4	6.7	12.1	31.1	43.3	63.48	44.28	-0.519646906054
ENSDART00000042944	asxl1	354	25.4	19.8	5.2	11.6	34.3	51.9	35.24	30.45	-0.210771696127
ENSDART00000123762	XRG5	4	13.5	8.7	NA	NA	NA	NA	NA	NA	NA
ENSDART00000054803	trpt1	8	21.8	24.4	NA	NA	NA	NA	NA	NA	NA
ENSDART00000125709	si:dkey-17e16.17	3	24.9	26.8	NA	NA	NA	NA	NA	NA	NA
ENSDART00000123767	shcbp1	309	47.4	33.0	6.3	13.5	65.7	116.2	50.28	239.5	2.25196910109
ENSDART00000008287	pgam1a	712	25.7	21.4	5.6	11.2	34.8	51.3	93.19	63.32	-0.557513895494
ENSDART00000067857	B4GALNT4	8	26.9	24.7	NA	NA	NA	NA	NA	NA	NA
ENSDART00000135587	cd9a	15	33.0	23.2	6.9	16.5	30.4	77.3	NA	NA	NA
ENSDART00000125707	LARS2	49	27.2	23.1	9.0	17.6	35.0	46.8	NA	NA	NA
ENSDART00000111355	znf598	268	33.0	27.7	8.2	13.8	46.0	61.7	26.08	42.33	0.698736619087
ENSDART00000011128	nr0b2b	1	21.0	21.0	NA	NA	NA	NA	NA	NA	NA
ENSDART00000023917	large	10	27.0	25.3	12.5	14.4	37.5	48.4	NA	NA	NA
ENSDART00000088917	rnmt	62	47.9	41.8	13.9	20.6	67.8	93.7	13.71	142.5	3.37766144305
ENSDART00000043091	CR847934.1	77	41.2	30.1	9.0	17.0	57.1	86.1	NA	NA	NA
ENSDART00000140782	proza	11	23.9	20.0	2.9	10.1	28.9	40.4	NA	NA	NA
ENSDART00000140781	tp53i11b	355	44.6	37.9	8.0	17.3	70.0	89.8	NA	NA	NA
ENSDART00000012292	zgc:112146	41	19.0	14.3	2.7	8.2	23.9	37.3	NA	NA	NA
ENSDART00000043857	irx5a	4	20.2	19.5	NA	NA	NA	NA	NA	NA	NA
ENSDART00000105686	grnb	104	40.7	34.0	8.2	16.2	53.6	78.6	28.19	80.6	1.51559636084
ENSDART00000017668	ptbp1a	6	20.3	13.4	NA	NA	NA	NA	NA	NA	NA
ENSDART00000127479	gsr	50	44.2	38.5	6.8	21.8	57.2	90.8	10.52	19.32	0.876960389543
ENSDART00000125700	mrpl20	20	14.8	12.3	5.9	7.5	20.3	24.7	NA	NA	NA
ENSDART00000122456	BX957311.1	3	12.4	10.8	NA	NA	NA	NA	NA	NA	NA
ENSDART00000136045	mgst2	15	28.0	23.8	7.0	15.5	40.5	53.3	NA	NA	NA
ENSDART00000136046	ppp1r3da	71	45.0	38.3	12.8	24.1	62.1	86.9	NA	NA	NA
ENSDART00000127477	ADAD1	98	20.8	18.5	6.6	11.6	27.9	36.1	NA	NA	NA
ENSDART00000128591	accs	355	21.9	17.5	4.2	9.8	30.0	43.1	NA	NA	NA
ENSDART00000082324	zpcx	200	23.0	18.4	5.3	9.7	32.7	47.8	25.42	2.64	-3.26735419565
ENSDART00000029874	nkx6.1	2	28.9	28.9	NA	NA	NA	NA	NA	NA	NA
ENSDART00000022204	zic5	94	16.3	13.3	4.6	8.1	20.6	28.9	NA	NA	NA
ENSDART00000124388	mrpl19	409	20.3	17.0	4.8	10.4	27.1	39.7	NA	NA	NA
ENSDART00000136103	ubap2	224	45.2	37.2	8.6	17.8	65.1	89.7	24.42	102.64	2.0714579701
ENSDART00000074534	FAM210B	747	20.8	17.3	4.5	9.1	28.5	41.4	79.88	9.16	-3.12441482935
ENSDART00000123103	pls1	8	87.0	78.9	NA	NA	NA	NA	NA	NA	NA
ENSDART00000016135	nfe2l3	342	41.7	39.8	11.4	21.4	56.9	76.6	10.46	59.6	2.5104294791
ENSDART00000113824	hdgfrp2	297	27.1	20.8	5.3	12.3	37.5	59.3	101.92	39.06	-1.38367332837
ENSDART00000027616	eif4g2a	308	53.2	42.9	12.2	22.9	78.6	105.4	57.08	132.6	1.21602353552
ENSDART00000020931	qtrtd1	59	82.5	82.2	16.1	46.6	115.5	155.5	NA	NA	NA
ENSDART00000138992	si:dkey-27f16.4	1	8.7	8.7	NA	NA	NA	NA	NA	NA	NA
ENSDART00000099315	cebpz	315	25.5	21.1	3.7	11.1	35.7	54.2	150.16	62.57	-1.26295754613
ENSDART00000025330	rdh14b	140	46.6	41.6	13.9	27.1	65.6	81.4	NA	NA	NA
ENSDART00000016139	lancl1	4	20.3	18.9	NA	NA	NA	NA	NA	NA	NA
ENSDART00000113829	CDCA7L	665	56.5	50.2	12.2	28.0	81.7	106.6	57.12	350.08	2.61561675876
ENSDART00000085743	NDST2	59	53.5	50.0	8.0	26.0	72.5	101.8	NA	NA	NA
ENSDART00000112997	ANKRD13D	55	25.5	23.6	5.7	10.2	37.2	50.6	NA	NA	NA
ENSDART00000076481	EHD4	38	24.9	21.5	8.2	11.7	33.1	45.2	NA	NA	NA
ENSDART00000030030	SLC44A4	5	26.0	20.2	NA	NA	NA	NA	NA	NA	NA
ENSDART00000112992	ino80da	20	31.1	24.6	3.3	11.4	50.2	70.6	NA	NA	NA
ENSDART00000128846	SMIM20	234	19.7	17.1	4.8	10.6	26.6	37.9	NA	NA	NA
ENSDART00000147065	sh3glb2b	228	65.2	60.7	18.4	34.2	88.7	127.6	NA	NA	NA
ENSDART00000112999	C20H1orf131	44	15.6	13.7	2.2	6.5	22.3	34.6	NA	NA	NA
ENSDART00000100504	zgc:163030	182	13.4	10.7	1.9	5.8	18.6	27.4	NA	NA	NA
ENSDART00000147060	hmgcs1	400	38.2	33.0	11.4	18.5	54.6	73.2	NA	NA	NA
ENSDART00000110595	C2H10orf67	1	52.8	52.8	NA	NA	NA	NA	NA	NA	NA
ENSDART00000007642	zgc:110239	836	36.1	30.8	5.3	14.0	52.4	77.0	137.45	199.32	0.536179572283
ENSDART00000137720	EPS8L3	3	28.9	26.5	NA	NA	NA	NA	NA	NA	NA
ENSDART00000009888	casq1b	2	4.5	4.5	NA	NA	NA	NA	NA	NA	NA
ENSDART00000007649	mid1ip1b	14	23.4	22.3	14.7	18.3	30.9	36.3	NA	NA	NA
ENSDART00000007797	slc30a4	66	100.5	121.7	12.6	27.0	149.8	181.7	NA	NA	NA
ENSDART00000102902	cpsf3l	38	30.9	27.7	11.3	18.6	42.6	48.8	NA	NA	NA
ENSDART00000010293	serpina10a	69	27.9	25.0	4.9	14.3	36.5	52.5	NA	NA	NA
ENSDART00000091115	whsc1l1	363	25.1	19.9	4.2	11.5	33.2	51.7	25.21	19.43	-0.375710217273
ENSDART00000060550	ndufb9	45	20.7	19.0	4.8	8.5	31.4	41.4	49.27	12.14	-2.02094105006
ENSDART00000124384	FP236810.2	5	26.7	26.5	NA	NA	NA	NA	NA	NA	NA
ENSDART00000111709	CABZ01079251.1	1	9.2	9.2	NA	NA	NA	NA	NA	NA	NA
ENSDART00000087298	gmpr2	13	95.1	94.3	9.4	52.1	153.4	167.3	NA	NA	NA
ENSDART00000085039	mst4	213	127.8	140.7	34.9	98.3	171.1	187.3	15.03	265.58	4.14322959155
ENSDART00000011876	sycp1	69	33.7	29.8	11.5	17.0	45.8	63.1	13.47	3.79	-1.82948009729
ENSDART00000111708	B3GNT1	3	15.8	15.4	NA	NA	NA	NA	NA	NA	NA
ENSDART00000033211	zgc:66448	282	30.7	27.2	7.6	16.2	41.3	59.6	22.5	33.75	0.584962500721
ENSDART00000085031	ash2l	547	53.7	47.1	8.7	19.3	81.4	112.2	27.4	161.86	2.56249870228
ENSDART00000053011	LRRC14	313	31.5	26.7	7.9	16.4	45.8	62.8	35.59	21.45	-0.730494285123
ENSDART00000019442	xpnpep1	150	20.9	18.1	6.9	12.2	27.6	36.0	20.28	7.6	-1.41598632867
ENSDART00000075913	DCAF8	61	24.8	16.6	4.0	10.1	38.5	52.3	NA	NA	NA
ENSDART00000047126	CLCN4	64	24.9	18.1	4.9	11.0	31.5	45.9	NA	NA	NA
ENSDART00000045410	thy1	3733	32.0	27.5	7.3	14.7	44.4	62.6	378.1	961.81	1.34698407676
ENSDART00000041802	CCDC108	4	20.5	16.7	NA	NA	NA	NA	NA	NA	NA
ENSDART00000019053	faima	10	31.6	16.5	11.5	14.4	20.2	40.5	NA	NA	NA
ENSDART00000041805	metrn	6	9.6	7.8	NA	NA	NA	NA	NA	NA	NA
ENSDART00000026693	dmbx1b	3	4.6	17.0	NA	NA	NA	NA	NA	NA	NA
ENSDART00000075337	TESPA1	7	16.2	18.6	NA	NA	NA	NA	NA	NA	NA
ENSDART00000026694	rpp40	176	25.6	19.9	7.5	13.1	35.6	49.5	33.1	11.5	-1.52519735586
ENSDART00000093318	zgc:175222	0	NA	NA	NA	NA	NA	NA	5.34	1.45	-1.88078684167
ENSDART00000098123	si:ch211-224b1.4	12	15.0	14.6	3.9	6.0	20.9	24.7	NA	NA	NA
ENSDART00000113037	SEMA4C	18	24.8	22.0	7.3	12.6	39.5	48.3	NA	NA	NA
ENSDART00000098126	ncapd2	815	79.3	78.4	26.9	49.5	106.8	132.4	66.92	491.29	2.87606552345
ENSDART00000098643	tomm5	210	31.3	25.3	8.8	15.9	41.7	59.6	NA	NA	NA
ENSDART00000051271	fcho2	227	21.1	16.4	1.2	8.3	29.5	47.1	19.11	5.27	-1.85845291134
ENSDART00000144625	ndufb3	89	12.3	10.2	-0.2	4.8	16.7	25.0	NA	NA	NA
ENSDART00000129427	vkorc1	31	19.6	17.9	4.2	12.4	28.6	34.9	NA	NA	NA
ENSDART00000051278	tnpo1	210	27.5	22.4	7.6	13.0	37.6	54.1	NA	NA	NA
ENSDART00000113030	BX088708.1	38	30.3	27.1	9.6	16.6	43.1	55.4	NA	NA	NA
ENSDART00000130304	ATXN1L	19	16.2	11.0	-5.3	5.4	21.5	47.1	7.43	29.56	1.99221215361
ENSDART00000085009	coq6	272	17.3	12.8	3.3	7.0	20.8	31.1	NA	NA	NA
ENSDART00000013409	prmt3	12	19.2	13.0	1.2	6.2	33.3	43.5	18.04	18.44	0.031639317174
ENSDART00000135897	tmeff2a	9	13.2	11.5	NA	NA	NA	NA	NA	NA	NA
ENSDART00000134068	tln2a	3	81.3	64.7	NA	NA	NA	NA	NA	NA	NA
ENSDART00000013400	farp2	142	40.6	28.5	3.6	14.3	59.6	91.3	11.79	32.37	1.45709364723
ENSDART00000064993	wu:fb54a03	411	24.8	21.9	4.7	11.9	34.5	46.0	224.66	26.89	-3.06260161979
ENSDART00000050271	hexb	9	48.4	54.0	NA	NA	NA	NA	NA	NA	NA
ENSDART00000151193	gpatch8	9	64.7	51.0	NA	NA	NA	NA	9.34	14.02	0.585991894301
ENSDART00000059320	rab27a	51	30.6	20.1	5.6	9.5	33.1	72.1	NA	NA	NA
ENSDART00000059321	epcam	6662	36.5	31.3	8.2	17.4	50.1	71.4	959.19	2559.2	1.41580437439
ENSDART00000148115	trpc5b	20	13.7	11.7	2.5	6.1	21.8	27.9	NA	NA	NA
ENSDART00000059327	spsb4b	0	NA	NA	NA	NA	NA	NA	64.24	114.79	0.837453168272
ENSDART00000105516	nploc4	144	24.9	17.8	5.5	10.4	29.1	44.6	19.47	19.98	0.0373036990721
ENSDART00000073549	snai3	76	16.9	17.4	5.4	10.0	22.5	29.2	NA	NA	NA
ENSDART00000112333	CNNM2	2	13.2	13.2	NA	NA	NA	NA	NA	NA	NA
ENSDART00000128113	CABZ01073174.1	7	8.9	6.2	NA	NA	NA	NA	NA	NA	NA
ENSDART00000125625	znf511	1	30.8	30.8	NA	NA	NA	NA	NA	NA	NA
ENSDART00000110229	fam118b	3	36.9	42.6	NA	NA	NA	NA	NA	NA	NA
ENSDART00000043956	FBXO15	70	31.2	30.4	13.7	19.4	38.5	52.5	NA	NA	NA
ENSDART00000125621	abhd16a	131	31.0	22.9	8.4	14.1	42.6	62.2	NA	NA	NA
ENSDART00000132354	tjap1	100	99.1	108.8	26.7	59.7	136.9	158.9	NA	NA	NA
ENSDART00000082490	KCTD20	1	29.3	29.3	NA	NA	NA	NA	NA	NA	NA
ENSDART00000132687	rab3c	5	22.7	25.7	NA	NA	NA	NA	NA	NA	NA
ENSDART00000023346	gtf2b	105	39.8	32.2	12.8	19.2	51.1	77.4	17.31	198.69	3.52084163425
ENSDART00000032161	galnt14	1	5.3	5.3	NA	NA	NA	NA	NA	NA	NA
ENSDART00000153175	si:ch211-214e3.5	29	42.1	48.6	8.9	21.2	63.5	79.0	6.46	9.17	0.505387568901
ENSDART00000104519	stat3	24	43.6	30.4	6.9	17.8	62.9	101.5	11.07	76.38	2.78653969784
ENSDART00000059341	C1H11orf73	143	19.1	15.8	6.0	10.6	26.3	38.8	49.56	8.38	-2.56415403844
ENSDART00000083883	HERC4	157	14.1	12.6	1.6	5.7	20.0	30.4	10.42	1.66	-2.65010013093
ENSDART00000050865	surf4l	121	28.5	21.4	5.2	12.5	38.3	52.4	NA	NA	NA
ENSDART00000058051	phlda1	11	46.8	42.0	14.0	17.6	72.5	80.4	NA	NA	NA
ENSDART00000057052	slx4ip	122	40.7	35.0	12.4	20.2	55.6	76.6	NA	NA	NA
ENSDART00000053325	tomm40l	50	22.4	17.8	3.0	8.1	36.8	44.5	NA	NA	NA
ENSDART00000058056	mrps26	461	17.4	14.5	4.4	8.6	21.4	33.5	113.38	5.05	-4.48873897618
ENSDART00000078592	NPDC1	6	30.7	33.0	NA	NA	NA	NA	NA	NA	NA
ENSDART00000103361	zdhhc13	276	38.3	34.3	8.6	17.7	51.7	77.8	18.22	74.13	2.02453455225
ENSDART00000110226	nlrc3	1	23.5	23.5	NA	NA	NA	NA	NA	NA	NA
ENSDART00000078596	hspd1	795	26.1	21.0	4.3	10.9	38.1	54.8	112.35	142.8	0.345995854849
ENSDART00000103365	ociad1	1671	22.7	19.0	6.3	11.5	29.1	44.0	98.62	63.32	-0.639218997364
ENSDART00000097167	si:ch211-13k12.1	10	10.3	10.7	-1.1	4.6	18.3	20.9	NA	NA	NA
ENSDART00000092991	pigx	22	22.2	14.3	6.9	8.8	26.5	40.5	NA	NA	NA
ENSDART00000113890	rabep2	82	41.9	37.2	9.4	22.3	57.9	80.7	NA	NA	NA
ENSDART00000109070	si:ch73-360o10.1	55	37.9	29.8	5.2	12.3	54.3	80.5	17.99	19.61	0.124394348941
ENSDART00000112054	CABZ01031892.1	1	8.7	8.7	NA	NA	NA	NA	NA	NA	NA
ENSDART00000055380	tubb5	84	68.5	68.3	29.7	47.3	91.2	106.6	NA	NA	NA
ENSDART00000109071	si:dkey-46g23.3	5	10.7	11.3	NA	NA	NA	NA	NA	NA	NA
ENSDART00000152562	eif3f	133	23.3	21.3	5.5	12.6	31.4	44.3	74.99	19.58	-1.9373174585
ENSDART00000112053	fam89a	188	26.5	22.0	6.1	12.1	31.8	49.2	62.86	48.0	-0.389107866303
ENSDART00000032309	slc25a32b	12	22.8	18.6	6.2	17.2	22.7	53.5	NA	NA	NA
ENSDART00000081154	prpf18	234	25.8	22.1	8.4	13.6	35.2	47.6	90.96	44.44	-1.0333734375
ENSDART00000101292	si:dkey-238c7.16	571	27.9	22.7	5.8	13.1	38.2	57.0	40.96	49.3	0.267371931265
ENSDART00000032306	ywhae1	584	76.5	82.2	17.4	44.1	105.5	130.2	163.87	641.79	1.96954954894
ENSDART00000101296	si:dkey-30c15.2	1	76.8	76.8	NA	NA	NA	NA	NA	NA	NA
ENSDART00000102903	dmd	29	26.1	24.6	11.1	16.0	32.7	43.9	1.44	0.49	-1.55521515733
ENSDART00000102014	fam195b	94	89.6	96.6	24.7	67.3	116.8	134.7	NA	NA	NA
ENSDART00000058065	fam178a	43	21.5	15.2	2.5	6.1	23.3	52.8	NA	NA	NA
ENSDART00000102019	grxcr1	13	62.8	66.5	24.2	29.2	70.9	94.4	NA	NA	NA
ENSDART00000058277	znf800b	15	40.7	44.0	14.4	27.9	55.2	62.3	NA	NA	NA
ENSDART00000058271	RABEPK	1	19.1	19.1	NA	NA	NA	NA	NA	NA	NA
ENSDART00000083085	mtmr14	114	40.4	34.0	10.6	20.2	54.0	81.4	NA	NA	NA
ENSDART00000003826	rapgef2	199	20.0	15.4	5.4	9.6	24.9	39.9	NA	NA	NA
ENSDART00000130260	hoxc10a	4	8.0	11.9	NA	NA	NA	NA	NA	NA	NA
ENSDART00000054386	qdprb1	29	10.1	8.9	4.2	6.8	14.0	15.3	NA	NA	NA
ENSDART00000005431	psmd8	286	26.9	24.0	7.3	13.8	37.7	49.3	54.8	112.8	1.04151926944
ENSDART00000138055	iqgap2	16	9.5	8.5	0.9	5.4	14.7	20.7	NA	NA	NA
ENSDART00000149039	odc1	370	85.4	85.9	20.6	42.5	122.6	153.5	40.05	207.97	2.3765012846
ENSDART00000097345	TOM1L2	10	25.6	6.1	-1.8	2.1	30.3	80.8	NA	NA	NA
ENSDART00000097348	bmper	1	39.0	39.0	NA	NA	NA	NA	NA	NA	NA
ENSDART00000142545	mier1b	257	21.1	17.0	5.4	10.6	25.8	41.4	NA	NA	NA
ENSDART00000089622	kif14	190	42.7	37.8	10.4	21.1	54.9	82.3	23.13	53.85	1.2191810788
ENSDART00000041371	poli	25	27.0	20.7	7.8	16.5	34.7	50.7	NA	NA	NA
ENSDART00000053609	dolpp1	256	25.9	20.2	4.5	9.8	35.0	56.3	67.81	24.14	-1.49007236846
ENSDART00000037879	crx	2	27.7	27.7	NA	NA	NA	NA	NA	NA	NA
ENSDART00000056899	txndc12	61	34.1	21.5	3.4	10.2	43.8	93.2	NA	NA	NA
ENSDART00000149527	ADCK3	35	49.4	49.6	13.1	21.3	69.7	96.9	NA	NA	NA
ENSDART00000081449	BX640518.1	18	40.0	29.8	12.9	18.4	55.3	69.6	NA	NA	NA
ENSDART00000077664	atp2b1a	126	92.2	88.8	20.5	55.5	136.0	165.4	98.33	99.1	0.0112534145166
ENSDART00000127900	nop58	240	52.2	44.4	12.4	23.4	80.4	105.4	442.05	309.99	-0.511987884984
ENSDART00000127901	abhd6b	5	36.6	20.0	NA	NA	NA	NA	NA	NA	NA
ENSDART00000077660	mipep	33	36.7	39.6	8.8	23.0	46.7	63.4	NA	NA	NA
ENSDART00000127905	ntd5	1	42.9	42.9	NA	NA	NA	NA	NA	NA	NA
ENSDART00000131027	TMEM216	27	13.6	10.1	3.4	4.6	16.4	24.9	NA	NA	NA
ENSDART00000037576	CABZ01059390.1	191	59.0	50.0	13.2	27.7	88.4	117.2	NA	NA	NA
ENSDART00000078974	tmub2	5	52.5	64.5	NA	NA	NA	NA	NA	NA	NA
ENSDART00000078975	C2H6orf52	74	48.4	28.5	8.3	14.5	54.4	150.6	15.48	153.96	3.31407819967
ENSDART00000078977	si:busm1-163l24.3	3	137.9	137.1	NA	NA	NA	NA	NA	NA	NA
ENSDART00000010647	rcc2	480	58.6	45.0	11.9	22.8	90.7	123.6	28.73	332.55	3.53294137294
ENSDART00000131029	NXPH4	13	34.7	16.3	1.9	2.4	20.4	42.5	NA	NA	NA
ENSDART00000022830	pygb	93	36.1	28.7	8.7	16.5	53.1	75.2	8.24	17.49	1.08581404674
ENSDART00000058587	gbp	93	83.5	87.6	12.5	48.2	125.9	135.7	NA	NA	NA
ENSDART00000058586	dek	100	66.6	56.1	13.1	35.1	96.2	125.0	61.8	199.84	1.69316663882
ENSDART00000141911	si:dkey-12j5.1	66	27.5	17.9	4.1	9.2	30.7	69.2	11.76	20.7	0.81574270755
ENSDART00000022838	ctsc	249	84.1	88.3	18.0	47.8	120.0	137.7	19.99	429.96	4.42685207219
ENSDART00000048046	naglu	1	5.3	5.3	NA	NA	NA	NA	NA	NA	NA
ENSDART00000133550	FKBPL	348	18.9	16.2	2.4	6.9	27.8	37.6	NA	NA	NA
ENSDART00000105533	enthd2	14	17.8	17.8	6.4	8.5	24.3	29.2	NA	NA	NA
ENSDART00000138232	arl13a	18	23.2	15.7	3.0	9.2	30.3	42.9	NA	NA	NA
ENSDART00000150489	pla2g6	110	27.5	22.9	6.2	14.4	39.3	50.3	NA	NA	NA
ENSDART00000062309	prkrira	307	34.6	29.4	11.6	18.0	46.0	64.9	31.64	37.96	0.262730392548
ENSDART00000138236	cox8a	154	28.3	21.6	3.3	10.4	45.6	58.9	NA	NA	NA
ENSDART00000011910	arglu1a	181	28.3	27.2	9.7	17.6	37.6	48.3	69.36	10.13	-2.77546972442
ENSDART00000079738	hadhb	176	45.4	39.3	13.0	22.2	58.9	92.9	32.22	88.28	1.45413013557
ENSDART00000089616	C25H7orf60	114	61.0	59.2	6.6	14.1	99.5	130.0	NA	NA	NA
ENSDART00000084859	si:dkey-193b15.6	9	27.2	27.9	NA	NA	NA	NA	NA	NA	NA
ENSDART00000011919	ss18	332	31.8	23.3	7.5	13.9	38.3	70.6	34.11	109.28	1.67976272868
ENSDART00000121421	DOK7	84	32.9	24.0	8.5	16.4	45.0	72.2	18.3	16.56	-0.144140975672
ENSDART00000024367	anks1b	7	9.1	8.9	NA	NA	NA	NA	NA	NA	NA
ENSDART00000110201	hivep1	28	35.3	24.3	8.9	15.1	45.7	67.9	NA	NA	NA
ENSDART00000124104	sp1	179	36.9	23.0	6.9	13.4	37.6	97.2	27.45	145.75	2.40861782908
ENSDART00000046066	capn1a	48	56.7	47.2	15.7	26.0	83.5	122.4	10.46	54.13	2.37154553647
ENSDART00000128866	vasa	170	55.9	47.7	12.0	24.3	90.0	111.9	40.17	142.11	1.82281771126
ENSDART00000073912	rag2	3	86.6	119.9	NA	NA	NA	NA	NA	NA	NA
ENSDART00000029106	BX571811.1	1	16.9	16.9	NA	NA	NA	NA	NA	NA	NA
ENSDART00000125379	CUL3	342	27.7	21.2	6.7	11.9	37.5	59.3	25.34	33.0	0.381049499992
ENSDART00000113683	ubald2	369	29.1	21.0	6.0	11.6	39.2	66.6	NA	NA	NA
ENSDART00000129441	erbb2ip	103	43.5	27.8	2.9	11.9	71.9	106.1	11.45	96.89	3.0810001747
ENSDART00000149584	gng12a	1	47.4	47.4	NA	NA	NA	NA	NA	NA	NA
ENSDART00000145013	zgc:77262	101	31.6	27.6	8.7	14.9	41.2	62.2	NA	NA	NA
ENSDART00000129992	pax7b	6	19.9	12.7	NA	NA	NA	NA	NA	NA	NA
ENSDART00000113014	RB1CC1	140	27.0	21.4	6.4	11.9	33.2	52.6	21.74	4.44	-2.29172035868
ENSDART00000114041	anp32a	152	31.7	24.8	6.3	12.6	41.8	67.8	47.89	66.32	0.46971957126
ENSDART00000114040	ubr2	145	17.5	15.4	3.2	8.3	22.9	32.6	11.97	6.91	-0.792665536555
ENSDART00000130789	c1qc	1	1.2	1.2	NA	NA	NA	NA	NA	NA	NA
ENSDART00000104004	scn4ab	2	150.9	150.9	NA	NA	NA	NA	NA	NA	NA
ENSDART00000146766	rnf165a	8	23.7	22.4	NA	NA	NA	NA	NA	NA	NA
ENSDART00000122894	FP017279.3	1	25.4	25.4	NA	NA	NA	NA	NA	NA	NA
ENSDART00000105102	fopnl	74	89.7	89.0	38.3	58.1	126.3	145.8	NA	NA	NA
ENSDART00000081900	cldn10	2	14.3	14.3	NA	NA	NA	NA	NA	NA	NA
ENSDART00000007906	stmn1a	1853	18.3	14.3	1.5	7.0	24.6	40.8	338.79	179.8	-0.913998270691
ENSDART00000081909	C8H9orf116	14	47.9	32.4	11.1	19.5	79.7	91.4	NA	NA	NA
ENSDART00000039903	ass1	1	39.8	39.8	NA	NA	NA	NA	NA	NA	NA
ENSDART00000149010	hp	1	13.1	13.1	NA	NA	NA	NA	NA	NA	NA
ENSDART00000151114	myh10	205	32.6	27.1	9.8	18.0	45.4	61.1	26.83	8.84	-1.60172877987
ENSDART00000104009	slc30a1b	10	14.9	8.3	0.7	4.7	17.5	28.5	NA	NA	NA
ENSDART00000149018	cxcr4a	13	33.7	24.9	7.2	14.3	49.6	78.0	NA	NA	NA
ENSDART00000034580	calm1a	204	64.2	43.7	8.0	17.9	102.6	152.4	159.6	797.71	2.32140371193
ENSDART00000035245	spire2	9	44.7	46.8	NA	NA	NA	NA	NA	NA	NA
ENSDART00000003482	stk17b	320	20.0	17.5	4.9	9.4	26.4	39.8	NA	NA	NA
ENSDART00000061547	ltk	11	43.5	6.3	-5.0	-2.9	98.8	104.1	NA	NA	NA
ENSDART00000134029	si:ch211-125e6.12	5	18.4	13.6	NA	NA	NA	NA	NA	NA	NA
ENSDART00000099511	ELL3	12	22.6	16.0	5.4	7.2	30.3	52.5	NA	NA	NA
ENSDART00000145272	lrpap1	290	33.1	29.2	8.7	17.5	44.9	62.7	NA	NA	NA
ENSDART00000135256	ubtd2	1	3.9	3.9	NA	NA	NA	NA	NA	NA	NA
ENSDART00000145278	si:dkey-29b11.3	9	12.1	9.4	NA	NA	NA	NA	NA	NA	NA
ENSDART00000111674	F2RL3	1	64.8	64.8	NA	NA	NA	NA	NA	NA	NA
ENSDART00000143844	dennd2c	60	32.1	25.2	6.8	16.2	42.2	66.0	NA	NA	NA
ENSDART00000052260	zfpm2b	125	18.8	17.4	5.0	10.5	25.4	36.4	NA	NA	NA
ENSDART00000055541	gskip	197	40.5	28.7	7.5	14.3	56.3	97.5	NA	NA	NA
ENSDART00000055810	rab1ba	276	38.1	24.4	6.2	12.4	56.0	85.5	NA	NA	NA
ENSDART00000055817	PIGG	9	20.5	13.6	NA	NA	NA	NA	NA	NA	NA
ENSDART00000015040	hrasb	105	30.5	24.7	7.6	12.1	42.9	65.4	NA	NA	NA
ENSDART00000026064	larsb	199	16.8	13.8	3.4	7.4	23.0	35.2	NA	NA	NA
ENSDART00000142864	stag1b	43	36.0	28.7	2.0	9.2	53.1	85.4	15.13	115.54	2.93290850712
ENSDART00000031028	cnot6	846	29.3	22.6	6.9	13.8	39.2	63.0	41.41	161.84	1.96651711719
ENSDART00000100706	ndufaf2	190	27.0	23.5	6.9	14.7	38.0	49.2	NA	NA	NA
ENSDART00000145251	pir	81	29.8	23.0	6.3	10.6	38.1	75.8	NA	NA	NA
ENSDART00000077107	MAP7	192	28.8	27.4	10.3	16.5	39.0	50.8	NA	NA	NA
ENSDART00000134635	si:dkey-9i23.15	58	25.4	24.2	6.7	16.2	31.6	42.5	NA	NA	NA
ENSDART00000123375	zgc:113263	63	52.5	55.2	19.8	32.3	68.8	86.8	10.56	79.07	2.90452058995
ENSDART00000123374	dnajb11	245	35.7	30.6	9.1	17.4	49.6	74.1	57.5	165.18	1.5224051546
ENSDART00000128711	efr3a	2	61.8	61.8	NA	NA	NA	NA	NA	NA	NA
ENSDART00000128717	ran	521	30.2	17.4	2.0	7.2	35.6	84.3	227.16	945.04	2.05666657762
ENSDART00000123373	CABZ01071911.1	9	24.5	20.6	NA	NA	NA	NA	NA	NA	NA
ENSDART00000064462	psma6l	4	13.7	12.4	NA	NA	NA	NA	NA	NA	NA
ENSDART00000115312	ncdn	20	17.2	15.3	4.7	8.2	23.1	33.2	23.03	3.82	-2.59186986776
ENSDART00000128718	DTX3	253	35.7	30.1	8.6	14.9	47.1	71.1	NA	NA	NA
ENSDART00000143011	C8H17orf59	245	30.1	26.3	6.9	14.5	42.6	60.2	NA	NA	NA
ENSDART00000063167	sema6a	4	48.9	51.9	NA	NA	NA	NA	NA	NA	NA
ENSDART00000111156	pdp1	485	22.2	17.7	4.9	9.8	31.3	46.6	NA	NA	NA
ENSDART00000111150	birc2	1	18.2	18.2	NA	NA	NA	NA	NA	NA	NA
ENSDART00000111151	BX005076.1	17	44.2	17.9	5.1	12.6	56.9	122.7	NA	NA	NA
ENSDART00000130854	tspan3a	14	90.9	93.2	28.1	41.6	141.1	152.8	NA	NA	NA
ENSDART00000111158	C25H12orf5	1	2.2	2.2	NA	NA	NA	NA	NA	NA	NA
ENSDART00000135647	ZFP91	57	38.2	34.8	11.4	21.3	51.9	68.8	16.63	3.74	-2.1526779934
ENSDART00000145900	purg	4	46.0	50.0	NA	NA	NA	NA	NA	NA	NA
ENSDART00000112838	atf5b	2	9.0	9.0	NA	NA	NA	NA	NA	NA	NA
ENSDART00000145905	eno3	584	9.4	7.1	-1.7	2.4	13.8	22.0	283.56	8.42	-5.07368999163
ENSDART00000089021	canx	250	45.5	36.6	9.8	20.4	65.8	95.0	41.01	139.41	1.7652864019
ENSDART00000089025	lap3	187	25.9	22.1	8.2	12.6	36.3	49.4	28.23	13.85	-1.02734315251
ENSDART00000080160	lrrc28	11	16.0	17.5	4.9	7.8	23.5	29.5	NA	NA	NA
ENSDART00000125430	pprc1	1059	26.5	23.1	7.1	14.1	36.1	50.2	127.35	19.21	-2.7288695355
ENSDART00000125432	esrrd	1	3.7	3.7	NA	NA	NA	NA	NA	NA	NA
ENSDART00000105687	zbtb33	36	42.3	35.8	7.1	23.1	61.6	83.6	NA	NA	NA
ENSDART00000031535	arl4aa	623	23.7	19.8	5.6	11.4	31.7	46.3	NA	NA	NA
ENSDART00000064334	st6galnac1.1	2	50.1	50.1	NA	NA	NA	NA	NA	NA	NA
ENSDART00000075123	pcp4a	4	13.9	17.2	NA	NA	NA	NA	NA	NA	NA
ENSDART00000141579	FBXO10	10	46.0	42.7	8.7	23.6	64.1	78.9	NA	NA	NA
ENSDART00000078022	prex1	129	20.9	16.8	3.3	8.7	28.5	41.3	NA	NA	NA
ENSDART00000006703	maf1	97	44.8	35.2	11.5	17.5	60.7	82.4	NA	NA	NA
ENSDART00000103626	smcr7b	92	62.1	59.2	10.1	37.1	91.4	113.3	NA	NA	NA
ENSDART00000078024	crk	332	48.4	45.4	11.7	21.5	67.7	99.8	40.81	216.2	2.40537190736
ENSDART00000103622	irf7	16	12.6	12.6	3.2	5.1	15.4	23.5	NA	NA	NA
ENSDART00000078028	cyb5a	165	25.8	23.3	9.6	16.5	32.7	44.8	NA	NA	NA
ENSDART00000006709	dldh	363	31.4	22.5	6.3	12.4	45.5	67.7	49.76	57.91	0.218826011359
ENSDART00000085624	ipo13	60	43.8	33.5	7.7	16.5	54.0	92.1	NA	NA	NA
ENSDART00000002501	ip6k2	169	16.3	12.7	3.5	7.6	21.0	30.1	NA	NA	NA
ENSDART00000111565	pms2	167	24.9	20.1	4.9	11.4	33.7	48.1	NA	NA	NA
ENSDART00000151057	RIN2	9	24.1	12.2	NA	NA	NA	NA	NA	NA	NA
ENSDART00000108528	arhgef7b	420	23.2	19.4	6.7	12.3	32.1	46.6	NA	NA	NA
ENSDART00000111561	BX537350.1	18	37.4	33.8	11.5	19.1	59.3	64.7	NA	NA	NA
ENSDART00000111560	aatkb	15	61.7	58.9	21.5	49.0	79.1	90.5	NA	NA	NA
ENSDART00000111563	vwa8	24	26.4	29.3	5.2	14.8	36.7	43.7	NA	NA	NA
ENSDART00000111562	ZC3H7B	16	22.4	15.2	1.8	9.1	31.3	41.9	NA	NA	NA
ENSDART00000108523	si:ch211-149l1.2	2	31.9	31.9	NA	NA	NA	NA	NA	NA	NA
ENSDART00000043156	cyp17a1	187	62.1	58.0	16.0	32.7	87.8	113.1	NA	NA	NA
ENSDART00000030773	foxo3a	84	38.5	26.1	4.7	14.8	58.1	90.7	12.3	6.83	-0.848700831937
ENSDART00000100716	bida	229	14.6	12.9	2.6	7.7	21.0	27.9	NA	NA	NA
ENSDART00000103277	BX511021.1	1	10.7	10.7	NA	NA	NA	NA	NA	NA	NA
ENSDART00000084530	coro2ba	1	11.2	11.2	NA	NA	NA	NA	NA	NA	NA
ENSDART00000081016	smc1al	58	123.5	136.3	30.0	98.0	157.2	195.2	65.14	159.03	1.2876833216
ENSDART00000113025	CU468287.1	5	54.6	50.0	NA	NA	NA	NA	NA	NA	NA
ENSDART00000089853	fan1	212	22.5	17.3	3.2	8.4	31.2	45.9	31.16	10.3	-1.59705089599
ENSDART00000040812	nuf2	268	13.3	11.1	2.8	5.9	18.2	26.6	69.92	5.75	-3.60407132367
ENSDART00000045861	slc43a2a	1	19.8	19.8	NA	NA	NA	NA	NA	NA	NA
ENSDART00000127288	RBPMS	137	37.3	23.3	4.7	12.9	53.7	94.4	NA	NA	NA
ENSDART00000078369	zgc:136971	68	35.6	32.5	8.2	19.4	49.1	64.2	NA	NA	NA
ENSDART00000123590	C25HXorf38	28	34.5	29.6	9.1	19.3	45.1	64.1	NA	NA	NA
ENSDART00000123592	cat	973	18.1	14.9	3.2	8.0	23.9	35.3	90.62	47.64	-0.927656077649
ENSDART00000146192	TMEM55B	190	26.2	20.8	7.1	13.1	33.8	55.8	NA	NA	NA
ENSDART00000018475	snrpd3	1659	105.3	108.4	46.1	79.3	135.2	156.1	339.6	1342.75	1.98328235749
ENSDART00000043403	ethe1	41	19.6	18.8	5.4	11.9	26.7	29.2	NA	NA	NA
ENSDART00000066556	C24H7orf50	509	13.5	11.4	3.0	6.9	17.9	25.7	208.59	6.98	-4.9012991487
ENSDART00000085481	slc25a21	42	49.0	41.0	16.3	25.5	68.8	92.4	NA	NA	NA
ENSDART00000075151	amn1	33	12.2	11.9	3.8	6.2	15.3	23.9	NA	NA	NA
ENSDART00000121998	grwd1	115	26.8	21.1	6.9	11.9	33.6	52.8	94.3	23.82	-1.9850843577
ENSDART00000121993	acap1	2	63.2	63.2	NA	NA	NA	NA	NA	NA	NA
ENSDART00000124740	ncoa2	58	33.1	25.4	3.8	10.5	50.0	79.0	13.48	25.18	0.901457786537
ENSDART00000011480	zdhhc2	2	15.1	15.1	NA	NA	NA	NA	NA	NA	NA
ENSDART00000135215	tmem51a	317	26.2	20.6	5.0	10.4	36.2	58.6	NA	NA	NA
ENSDART00000040390	glrx3	324	26.8	21.3	6.1	11.4	34.7	55.7	36.28	33.94	-0.0961878909859
ENSDART00000004284	scnm1	455	13.6	11.5	1.5	5.9	18.4	26.0	NA	NA	NA
ENSDART00000033514	psen1	129	33.9	27.3	7.2	15.4	49.8	72.8	NA	NA	NA
ENSDART00000110783	chfr	414	32.0	25.3	7.4	14.0	42.0	65.9	35.25	57.86	0.714943065756
ENSDART00000127138	calub	398	50.6	47.6	16.2	31.3	68.2	86.7	NA	NA	NA
ENSDART00000075157	chic1	62	45.7	28.5	13.8	18.0	63.0	95.8	NA	NA	NA
ENSDART00000110785	BX323458.1	24	24.5	16.1	7.6	11.5	29.0	57.2	NA	NA	NA
ENSDART00000127131	mtmr10	102	51.1	46.5	18.5	29.5	63.2	88.5	NA	NA	NA
ENSDART00000102571	mettl6	207	32.1	28.3	9.8	16.8	43.5	61.5	NA	NA	NA
ENSDART00000127136	si:dkey-7l6.4	83	46.7	42.5	11.0	20.1	63.2	93.2	NA	NA	NA
ENSDART00000127134	TMEM241	8	10.6	14.1	NA	NA	NA	NA	NA	NA	NA
ENSDART00000074255	mgat2	191	21.4	19.2	5.1	11.2	26.8	40.2	33.69	5.25	-2.68193110057
ENSDART00000074706	azin1a	16	20.4	14.1	3.2	10.5	27.0	41.1	NA	NA	NA
ENSDART00000018654	rnd1l	5	17.4	14.2	NA	NA	NA	NA	NA	NA	NA
ENSDART00000131811	csrp2bp	187	22.2	18.0	5.2	11.1	27.7	42.4	NA	NA	NA
ENSDART00000055787	C3H17orf103	12	25.9	20.3	8.8	13.0	30.3	49.6	NA	NA	NA
ENSDART00000007587	gtf2h2	49	49.5	48.2	14.7	27.2	68.9	86.8	12.44	24.78	0.99418970201
ENSDART00000131819	letm2	88	33.6	26.9	4.6	12.9	47.4	75.9	NA	NA	NA
ENSDART00000140442	si:dkeyp-2e4.3	0	NA	NA	NA	NA	NA	NA	17.85	1.02	-4.12928301694
ENSDART00000114866	oat	3	28.9	32.1	NA	NA	NA	NA	NA	NA	NA
ENSDART00000126425	TFPT	123	21.2	18.2	5.3	10.2	29.9	40.0	40.93	3.68	-3.47538099539
ENSDART00000126420	slc38a10	40	31.5	23.3	10.6	16.3	38.0	65.4	15.52	12.36	-0.328449814283
ENSDART00000146103	dapk3	243	69.4	73.5	17.6	37.8	96.1	119.0	NA	NA	NA
ENSDART00000146101	mcoln1a	64	41.8	26.5	3.6	15.3	69.3	97.9	NA	NA	NA
ENSDART00000133763	si:ch211-161h7.5	2	19.0	19.0	NA	NA	NA	NA	NA	NA	NA
ENSDART00000130166	CABZ01066514.1	2	64.0	64.0	NA	NA	NA	NA	NA	NA	NA
ENSDART00000126428	mpp2b	2	28.9	28.9	NA	NA	NA	NA	NA	NA	NA
ENSDART00000146104	si:ch211-200p22.4	63	21.4	17.7	4.9	8.5	27.0	36.8	21.03	22.91	0.123528608573
ENSDART00000046889	dnmt5	313	19.7	14.4	3.3	7.6	24.1	42.7	21.81	6.45	-1.75761870433
ENSDART00000059514	prickle1a	17	18.9	13.6	4.5	8.2	26.7	38.8	7.04	4.98	-0.499429686569
ENSDART00000055780	hn1l	692	37.7	32.1	8.5	16.6	52.8	76.0	24.85	556.91	4.48612644132
ENSDART00000059046	prdm10	73	41.1	25.7	8.0	17.5	49.6	96.5	NA	NA	NA
ENSDART00000046880	PLEKHM3	150	38.4	33.4	8.5	17.0	52.6	79.2	NA	NA	NA
ENSDART00000034745	prkcha	55	51.4	46.6	10.7	21.9	68.1	111.4	NA	NA	NA
ENSDART00000046633	notch1a	0	NA	NA	NA	NA	NA	NA	21.0	21.32	0.0218181102057
ENSDART00000144076	nxt2	140	17.1	12.7	1.8	6.2	25.3	39.9	47.86	3.8	-3.65474907321
ENSDART00000143088	cbx1a	325	46.8	39.8	8.4	18.1	67.8	98.3	99.09	411.05	2.05250251812
ENSDART00000023153	rabgef1l	119	20.6	18.5	7.4	13.0	26.3	36.1	NA	NA	NA
ENSDART00000143084	aftphb	238	14.2	10.8	1.4	6.2	19.4	27.9	NA	NA	NA
ENSDART00000064646	tmem86a	1	16.7	16.7	NA	NA	NA	NA	NA	NA	NA
ENSDART00000012164	tmod2	203	22.8	19.3	3.0	8.3	29.5	47.7	NA	NA	NA
ENSDART00000010081	etfb	187	18.6	15.0	1.6	7.4	25.2	37.0	NA	NA	NA
ENSDART00000015566	scap	27	58.1	39.4	13.7	24.2	80.9	133.0	NA	NA	NA
ENSDART00000141553	pfkfb1	213	37.4	35.7	15.2	22.6	48.6	61.7	46.99	30.63	-0.617408400802
ENSDART00000106008	terf1	386	27.8	24.4	6.7	14.6	39.4	53.8	NA	NA	NA
ENSDART00000023963	ddx1	9	74.0	64.7	NA	NA	NA	NA	NA	NA	NA
ENSDART00000077742	CR848666.1	6	24.7	19.5	NA	NA	NA	NA	NA	NA	NA
ENSDART00000013211	KLHL24	10	11.8	11.4	2.6	3.9	13.1	28.1	NA	NA	NA
ENSDART00000023960	MCOLN2	310	25.3	21.8	7.2	12.3	34.0	44.4	NA	NA	NA
ENSDART00000105925	gtf3ab	2266	27.3	25.1	9.5	16.2	36.3	48.7	387.35	165.85	-1.22375872755
ENSDART00000038818	gga1	169	31.9	23.7	6.6	12.0	40.5	73.3	NA	NA	NA
ENSDART00000092502	creg1	107	27.6	24.6	4.9	10.8	35.6	59.7	NA	NA	NA
ENSDART00000052712	gnb1l	44	46.5	31.1	-2.2	12.2	69.1	121.7	NA	NA	NA
ENSDART00000097756	lcn15	1	9.1	9.1	NA	NA	NA	NA	NA	NA	NA
ENSDART00000097754	tmprss4b	481	13.6	10.5	1.3	4.9	19.2	29.1	51.53	2.57	-4.32557232796
ENSDART00000073735	rrad	17	26.7	17.6	4.6	16.3	39.9	62.6	NA	NA	NA
ENSDART00000078838	rab3aa	143	26.7	22.3	7.8	14.9	33.8	49.6	NA	NA	NA
ENSDART00000066125	dhrs3a	1	31.7	31.7	NA	NA	NA	NA	NA	NA	NA
ENSDART00000143885	gbp3	127	33.3	28.2	9.0	16.5	40.5	58.1	38.77	23.9	-0.697930116883
ENSDART00000140798	WDR6	9	22.7	16.3	NA	NA	NA	NA	NA	NA	NA
ENSDART00000131300	unk	55	38.5	26.5	11.4	19.1	50.5	84.3	NA	NA	NA
ENSDART00000017679	ppp2r2c	5	30.3	27.7	NA	NA	NA	NA	NA	NA	NA
ENSDART00000081072	ssbp3a	97	41.3	33.0	7.0	19.5	61.9	78.4	NA	NA	NA
ENSDART00000063147	sgsh	53	45.4	43.3	15.3	26.1	59.6	75.9	NA	NA	NA
ENSDART00000055956	enosf1	1	8.4	8.4	NA	NA	NA	NA	NA	NA	NA
ENSDART00000135008	gabpb2b	29	30.7	26.5	9.7	14.8	43.8	60.1	38.17	44.8	0.231059545729
ENSDART00000130038	zgc:112982	97	29.7	25.5	8.6	15.8	41.9	55.5	23.64	17.42	-0.440485411579
ENSDART00000130526	RFC4	320	25.2	22.6	7.9	13.9	33.8	44.2	107.25	48.17	-1.15477081869
ENSDART00000106474	zgc:158852	2723	59.1	56.1	22.4	37.4	77.7	100.9	NA	NA	NA
ENSDART00000130521	CACFD1	1	55.6	55.6	NA	NA	NA	NA	NA	NA	NA
ENSDART00000005667	gpt2l	2	31.7	31.7	NA	NA	NA	NA	NA	NA	NA
ENSDART00000005883	jagn1b	237	28.0	26.1	8.8	15.5	36.9	48.2	NA	NA	NA
ENSDART00000079165	ext2	43	29.5	25.8	9.6	15.3	40.7	50.1	NA	NA	NA
ENSDART00000148993	hdac6	21	54.1	29.3	9.6	18.7	93.5	99.0	NA	NA	NA
ENSDART00000005119	eif3i	673	30.0	26.0	4.8	12.7	43.3	59.6	137.92	63.19	-1.12606350862
ENSDART00000086592	vezf1b	93	39.0	31.0	6.9	15.5	52.9	84.8	NA	NA	NA
ENSDART00000148995	slc25a44a	13	38.1	25.2	6.9	8.8	45.8	89.1	NA	NA	NA
ENSDART00000104063	psmd4a	98	16.9	13.3	3.1	6.7	22.2	30.9	25.7	5.52	-2.2190281873
ENSDART00000038648	ptbp2b	9	135.8	160.0	NA	NA	NA	NA	NA	NA	NA
ENSDART00000152355	med13b	383	40.7	34.1	12.0	20.2	55.7	81.0	32.98	39.51	0.26062644754
ENSDART00000125195	evla	322	18.8	15.7	3.4	8.7	25.6	36.1	NA	NA	NA
ENSDART00000109599	URB1	66	41.3	41.2	8.3	20.3	56.7	80.5	7.01	10.68	0.607425297677
ENSDART00000125190	rrs1	488	25.2	20.9	7.3	12.9	32.9	48.9	101.84	53.0	-0.942240059563
ENSDART00000113911	micall1	30	19.3	17.2	2.5	10.3	28.8	31.2	NA	NA	NA
ENSDART00000109594	BX927371.1	0	NA	NA	NA	NA	NA	NA	5.54	10.14	0.872099770954
ENSDART00000109596	dpp4	28	21.7	18.6	6.9	9.4	31.3	41.0	NA	NA	NA
ENSDART00000153177	MKL2	2	11.1	11.1	NA	NA	NA	NA	NA	NA	NA
ENSDART00000109593	bloc1s3	43	11.5	10.8	0.8	5.2	17.0	22.6	NA	NA	NA
ENSDART00000125198	pfn1	1436	50.6	40.5	10.7	19.7	76.9	106.9	127.75	313.0	1.29283936599
ENSDART00000148338	si:dkey-11f4.7	1	35.2	35.2	NA	NA	NA	NA	NA	NA	NA
ENSDART00000104525	kmt2a	79	29.9	21.3	3.5	10.9	40.2	69.5	21.57	5.91	-1.86779614098
ENSDART00000109735	C20H8orf82	17	11.4	9.7	1.5	7.0	14.6	20.4	NA	NA	NA
ENSDART00000109042	CABZ01072083.1	119	17.3	16.2	4.5	8.4	23.2	33.2	NA	NA	NA
ENSDART00000109737	cox15	201	35.3	25.7	6.5	13.3	49.7	77.7	NA	NA	NA
ENSDART00000109040	gpr158	4	17.1	15.4	NA	NA	NA	NA	NA	NA	NA
ENSDART00000127480	add1	143	76.6	83.4	25.9	46.1	99.2	116.1	26.03	204.86	2.97639110114
ENSDART00000104528	tm4sf4	1	22.1	22.1	NA	NA	NA	NA	NA	NA	NA
ENSDART00000028673	lfng	5	27.9	24.7	NA	NA	NA	NA	NA	NA	NA
ENSDART00000087978	ctdspl2a	97	57.5	38.9	4.0	14.3	92.3	130.9	22.26	278.12	3.64318199685
ENSDART00000129870	syncrip	1021	35.6	28.8	7.3	15.0	51.8	73.5	493.11	155.63	-1.66378932211
ENSDART00000025570	calrl	983	19.5	16.1	5.1	9.7	25.3	38.0	64.95	82.69	0.348383343956
ENSDART00000114786	zgc:194336	7	18.7	16.1	NA	NA	NA	NA	NA	NA	NA
ENSDART00000087976	cyp4v7	1	50.1	50.1	NA	NA	NA	NA	NA	NA	NA
ENSDART00000114783	clip1a	136	24.7	20.1	5.0	11.1	32.3	48.0	20.93	25.47	0.283226648018
ENSDART00000052091	atp6v1c1b	140	22.4	19.9	4.9	10.3	30.4	40.3	NA	NA	NA
ENSDART00000129251	MTBP	402	23.7	19.2	3.9	9.3	32.8	50.0	51.07	55.84	0.128822882497
ENSDART00000086379	KIRREL3	18	31.2	24.0	12.3	20.8	38.6	54.8	NA	NA	NA
ENSDART00000152027	si:ch73-196k8.2	119	27.2	22.7	8.5	14.7	39.1	51.8	NA	NA	NA
ENSDART00000149229	si:ch73-30l9.1	9	60.2	40.9	NA	NA	NA	NA	NA	NA	NA
ENSDART00000057327	CACNG5	3	13.0	7.0	NA	NA	NA	NA	NA	NA	NA
ENSDART00000112555	spc25	260	39.9	36.0	11.6	22.1	53.9	72.1	74.12	129.22	0.801894593676
ENSDART00000144795	slc35g2a	3	16.2	13.3	NA	NA	NA	NA	NA	NA	NA
ENSDART00000086375	adnp2a	362	20.6	17.4	3.2	9.1	29.7	43.9	26.34	13.68	-0.945187115371
ENSDART00000055563	si:dkeyp-59c12.1	2	54.8	54.8	NA	NA	NA	NA	NA	NA	NA
ENSDART00000090907	DGKG	5	71.1	88.7	NA	NA	NA	NA	NA	NA	NA
ENSDART00000099628	eif3s6ip	213	18.0	15.7	4.1	9.7	24.4	35.8	14.26	12.88	-0.146841388329
ENSDART00000039369	fancg	249	31.0	25.1	8.7	14.3	44.0	60.6	34.64	53.92	0.638381566455
ENSDART00000125996	KHDRBS3	4	36.1	30.5	NA	NA	NA	NA	NA	NA	NA
ENSDART00000042972	srpk1b	101	62.9	43.7	8.2	19.2	102.4	144.9	17.8	100.37	2.49537897439
ENSDART00000128473	ttpal	53	32.1	27.1	6.5	15.1	43.8	61.9	NA	NA	NA
ENSDART00000125991	armc9	106	28.3	24.8	8.1	13.1	37.5	56.1	10.0	6.35	-0.655171503003
ENSDART00000099622	sept10	1	4.8	4.8	NA	NA	NA	NA	NA	NA	NA
ENSDART00000039027	golt1ba	63	19.6	16.7	4.3	7.9	23.8	38.1	NA	NA	NA
ENSDART00000003543	gmppaa	63	24.3	19.8	7.4	13.2	33.5	45.3	NA	NA	NA
ENSDART00000140861	taz	6	39.3	34.5	NA	NA	NA	NA	NA	NA	NA
ENSDART00000006061	tcea3	5	24.9	16.3	NA	NA	NA	NA	NA	NA	NA
ENSDART00000039028	nsmce4a	350	36.8	32.2	10.4	17.3	49.6	71.7	114.35	95.55	-0.259128587434
ENSDART00000003544	gabpb2a	113	33.9	19.7	5.1	11.5	36.0	78.6	34.4	107.04	1.63766955105
ENSDART00000111097	C10H8orf4	8	55.6	40.3	NA	NA	NA	NA	NA	NA	NA
ENSDART00000123178	slbp	2063	19.9	17.0	5.4	9.8	25.9	38.1	214.42	68.99	-1.63598031367
ENSDART00000059796	CTBP1	76	34.7	29.1	10.7	18.3	45.4	67.0	NA	NA	NA
ENSDART00000148576	pygmb	1	13.4	13.4	NA	NA	NA	NA	NA	NA	NA
ENSDART00000073634	slc30a5	61	24.7	19.7	6.7	13.2	32.1	44.3	21.09	3.77	-2.48392266653
ENSDART00000099027	fancc	64	32.3	25.4	10.1	15.2	46.0	63.7	NA	NA	NA
ENSDART00000075126	b3gnt7l	8	52.8	55.7	NA	NA	NA	NA	NA	NA	NA
ENSDART00000062175	derl2	192	45.9	41.6	17.8	29.8	58.6	78.0	34.38	124.01	1.85081501237
ENSDART00000132969	znf106a	74	34.5	31.4	7.3	14.0	47.3	63.4	7.33	23.51	1.68138943552
ENSDART00000053414	commd7	97	29.3	26.9	6.1	13.2	40.7	57.1	29.14	50.02	0.779504180116
ENSDART00000064439	nup43	327	27.0	22.3	5.8	11.3	39.5	55.6	72.77	51.36	-0.502698608246
ENSDART00000053416	si:ch211-226m16.2	27	37.4	26.9	10.7	19.7	48.4	53.6	NA	NA	NA
ENSDART00000127735	ugt5b2	6	42.5	33.3	NA	NA	NA	NA	NA	NA	NA
ENSDART00000127734	CABZ01066695.1	1	18.9	18.9	NA	NA	NA	NA	NA	NA	NA
ENSDART00000127737	ttll10	2	13.0	13.0	NA	NA	NA	NA	NA	NA	NA
ENSDART00000031234	stxbp2	152	25.8	19.7	5.0	10.7	38.0	55.6	NA	NA	NA
ENSDART00000084954	pign	100	11.3	9.7	0.8	3.8	16.2	24.9	NA	NA	NA
ENSDART00000029092	lrrc1	164	101.2	107.1	28.9	75.0	134.7	155.7	10.46	114.29	3.44974442129
ENSDART00000123298	BX569781.3	3	94.8	67.0	NA	NA	NA	NA	NA	NA	NA
ENSDART00000039796	CORO1C	10	35.0	26.0	9.7	21.9	47.5	64.5	NA	NA	NA
ENSDART00000123741	KBTBD2	209	63.7	62.8	25.2	38.4	87.2	106.5	26.97	70.38	1.38380999251
ENSDART00000054822	nkx3.2	7	41.3	40.5	NA	NA	NA	NA	NA	NA	NA
ENSDART00000139203	txnrd2	40	25.0	17.9	5.6	9.5	37.1	46.4	NA	NA	NA
ENSDART00000044658	LETMD1	105	23.2	16.2	5.2	11.0	26.9	50.6	NA	NA	NA
ENSDART00000011102	heatr1	5	36.6	37.2	NA	NA	NA	NA	3.28	1.34	-1.29146281416
ENSDART00000016488	gtf2e2	441	34.5	31.2	9.0	18.4	47.4	65.5	93.17	157.03	0.753102808574
ENSDART00000067526	lsm12b	1442	24.9	20.9	5.6	11.7	34.6	50.1	201.45	99.39	-1.01924919623
ENSDART00000114522	kif22	145	84.6	89.0	28.0	58.3	113.2	134.7	84.09	514.08	2.61198673572
ENSDART00000114523	JMJD1C	53	15.9	13.7	1.9	7.2	22.3	34.1	NA	NA	NA
ENSDART00000114521	colgalt1	1	16.5	16.5	NA	NA	NA	NA	NA	NA	NA
ENSDART00000114527	si:ch73-138e16.8	5	11.6	15.0	NA	NA	NA	NA	NA	NA	NA
ENSDART00000113204	LGALS3	5	11.3	7.7	NA	NA	NA	NA	22.09	31.56	0.514703786658
ENSDART00000121679	wu:fj13e08	406	39.3	34.6	9.6	19.1	56.9	72.7	NA	NA	NA
ENSDART00000146740	fra10ac1	27	33.7	26.0	9.9	15.7	41.5	57.2	12.57	10.15	-0.308504922348
ENSDART00000023931	eef2b	3036	24.6	22.4	5.8	12.8	34.4	45.7	479.23	56.86	-3.07523222014
ENSDART00000114528	tbc1d31	245	29.9	22.6	7.0	13.7	42.6	60.3	29.23	35.44	0.277928774749
ENSDART00000140765	si:ch73-138e16.2	4	24.8	20.0	NA	NA	NA	NA	NA	NA	NA
ENSDART00000125414	ccdc149b	81	27.0	23.7	8.2	15.2	34.9	47.3	NA	NA	NA
ENSDART00000140767	b3gnt2b	204	51.8	47.7	15.3	25.8	74.4	95.7	NA	NA	NA
ENSDART00000017686	hccs	317	29.0	20.4	5.3	11.8	36.7	60.5	40.78	148.99	1.8692818218
ENSDART00000110412	GPR78	1	28.0	28.0	NA	NA	NA	NA	NA	NA	NA
ENSDART00000084282	PAPD5	143	26.5	21.2	5.4	10.1	38.9	52.5	76.13	45.89	-0.730285271452
ENSDART00000138985	gnaia	178	56.9	43.4	3.3	15.8	95.2	128.6	33.73	628.09	4.21886707649
ENSDART00000127458	CU855686.2	4	40.8	40.2	NA	NA	NA	NA	NA	NA	NA
ENSDART00000015827	tnr	2	39.0	39.0	NA	NA	NA	NA	NA	NA	NA
ENSDART00000051531	iqcd	6	69.1	73.0	NA	NA	NA	NA	NA	NA	NA
ENSDART00000098578	golga1	240	26.9	23.3	6.2	13.4	38.6	49.9	NA	NA	NA
ENSDART00000082289	cpsf6	538	31.1	27.1	6.0	14.2	44.2	60.3	62.86	106.21	0.756705429488
ENSDART00000045809	srpx2	1	13.6	13.6	NA	NA	NA	NA	NA	NA	NA
ENSDART00000090010	phex	210	14.6	12.0	2.6	6.9	19.1	29.3	NA	NA	NA
ENSDART00000085971	nphs1	1	108.5	108.5	NA	NA	NA	NA	NA	NA	NA
ENSDART00000031498	ccna2	8	45.9	41.5	NA	NA	NA	NA	80.84	2281.85	4.8189908256
ENSDART00000113808	zgc:172122	4	49.3	52.0	NA	NA	NA	NA	NA	NA	NA
ENSDART00000115123	CRTC2	12	30.9	24.1	8.1	13.4	42.2	65.9	NA	NA	NA
ENSDART00000115129	CU655970.1	91	26.7	18.1	6.7	12.9	32.5	56.6	11.57	6.39	-0.85650102816
ENSDART00000025428	epha2	4	3.3	3.6	NA	NA	NA	NA	NA	NA	NA
ENSDART00000113802	CABZ01102082.1	93	46.5	42.1	6.7	14.0	67.3	90.4	NA	NA	NA
ENSDART00000113804	CABZ01005777.1	64	45.7	35.7	2.3	20.2	62.2	104.4	NA	NA	NA
ENSDART00000113806	hnrnpa0l	110	31.8	27.0	4.8	13.1	47.1	63.4	NA	NA	NA
ENSDART00000027630	kdelr2a	433	37.5	30.3	6.6	14.6	52.3	77.5	30.69	395.22	3.68681540504
ENSDART00000102868	etnk2	63	26.5	19.0	8.1	14.2	29.1	41.7	NA	NA	NA
ENSDART00000065212	ttc4	16	59.2	51.6	8.9	17.9	91.9	116.4	NA	NA	NA
ENSDART00000065211	pars2	217	16.6	13.9	3.3	8.3	21.2	35.0	NA	NA	NA
ENSDART00000088488	opa3	173	21.4	17.4	5.9	10.8	27.9	41.6	NA	NA	NA
ENSDART00000122378	CABZ01084007.1	264	32.6	27.0	10.4	17.6	44.9	59.1	56.98	25.69	-1.14924873142
ENSDART00000150221	sco2	7	18.3	14.5	NA	NA	NA	NA	NA	NA	NA
ENSDART00000007624	plch2a	78	30.3	25.0	5.5	16.0	38.7	61.6	NA	NA	NA
ENSDART00000007622	lace1a	117	18.3	14.6	2.0	6.9	24.4	38.1	NA	NA	NA
ENSDART00000038777	KCNS1	2	38.2	38.2	NA	NA	NA	NA	NA	NA	NA
ENSDART00000038157	naprt1	3	9.3	8.5	NA	NA	NA	NA	NA	NA	NA
ENSDART00000098101	zcchc17	168	25.4	23.6	5.9	12.9	37.1	43.5	76.14	14.33	-2.4096159603
ENSDART00000112987	stk32a	1	27.0	27.0	NA	NA	NA	NA	NA	NA	NA
ENSDART00000149812	ovol1	28	17.5	14.9	5.3	9.1	22.1	34.1	NA	NA	NA
ENSDART00000149813	rad50	27	41.7	41.6	9.9	24.3	60.7	70.5	15.03	13.16	-0.191685520181
ENSDART00000027255	tardbpl	136	50.3	38.6	11.6	19.1	74.8	106.3	20.25	133.04	2.71586626063
ENSDART00000140577	zgc:64085	10	41.6	37.2	15.3	28.4	55.4	63.1	NA	NA	NA
ENSDART00000106272	si:dkey-37o8.1	11	32.3	24.0	11.0	14.3	39.7	48.8	NA	NA	NA
ENSDART00000090676	si:ch211-210g13.5	11	39.3	50.8	4.7	13.1	57.5	60.8	NA	NA	NA
ENSDART00000111236	zgc:171220	128	48.8	45.0	22.9	31.7	59.7	79.7	NA	NA	NA
ENSDART00000110549	cisd1	207	24.6	19.1	5.4	11.1	31.8	50.6	NA	NA	NA
ENSDART00000033890	ptgs1	17	11.4	10.2	0.9	5.4	16.2	22.4	NA	NA	NA
ENSDART00000136795	gna11a	87	56.6	42.7	12.7	20.8	91.6	118.1	NA	NA	NA
ENSDART00000056319	cox6c	484	15.6	13.2	2.9	7.4	21.4	31.5	123.28	42.93	-1.52188068907
ENSDART00000135788	mcmbp	276	34.5	31.4	8.3	18.6	45.3	67.6	48.46	90.02	0.893451159934
ENSDART00000075421	sord	315	12.0	10.7	1.6	6.0	16.6	23.4	NA	NA	NA
ENSDART00000135787	hck	1	10.3	10.3	NA	NA	NA	NA	NA	NA	NA
ENSDART00000055737	tyw3	352	23.6	19.6	5.2	12.1	32.1	45.5	NA	NA	NA
ENSDART00000012816	sel1l	44	67.5	71.0	11.0	38.6	98.4	108.7	21.24	65.99	1.63546365161
ENSDART00000077862	cicb	70	28.0	21.2	6.2	13.2	40.5	56.0	6.79	3.03	-1.16409378077
ENSDART00000077861	FAM132B	7	15.4	15.0	NA	NA	NA	NA	NA	NA	NA
ENSDART00000137250	zgc:173856	178	18.3	15.1	4.4	8.2	23.7	35.7	22.95	16.41	-0.483918914787
ENSDART00000122654	rnd1	21	26.6	19.4	9.9	15.7	43.3	52.6	NA	NA	NA
ENSDART00000043930	bmpr1bb	3	35.9	37.4	NA	NA	NA	NA	NA	NA	NA
ENSDART00000081465	ccdc106	109	41.8	34.3	9.5	19.9	58.4	80.3	NA	NA	NA
ENSDART00000081563	si:dkey-178e17.3	3	18.0	18.5	NA	NA	NA	NA	NA	NA	NA
ENSDART00000132379	limch1a	27	23.8	17.1	5.5	10.8	36.1	52.9	NA	NA	NA
ENSDART00000051258	TERF2IP	393	18.2	16.6	4.5	9.4	24.3	36.8	37.04	6.6	-2.48854616901
ENSDART00000015170	mtdhb	10	59.0	27.1	7.0	20.5	113.9	127.5	24.0	25.83	0.106013237622
ENSDART00000043938	tram2	180	23.8	23.0	4.9	11.0	32.8	42.7	NA	NA	NA
ENSDART00000015682	ndufs3	218	17.8	15.3	4.4	9.1	23.4	35.1	71.51	14.86	-2.26671088744
ENSDART00000015681	dbx1b	7	10.1	8.3	NA	NA	NA	NA	NA	NA	NA
ENSDART00000023186	stk38b	20	44.7	35.8	10.2	14.9	58.4	97.6	NA	NA	NA
ENSDART00000018228	gsk3b	1	4.9	4.9	NA	NA	NA	NA	NA	NA	NA
ENSDART00000009276	ptpreb	1	7.3	7.3	NA	NA	NA	NA	NA	NA	NA
ENSDART00000015688	invs	19	19.2	19.9	5.1	12.7	26.0	33.8	NA	NA	NA
ENSDART00000082045	epm2a	2	13.7	13.7	NA	NA	NA	NA	NA	NA	NA
ENSDART00000088023	gon4l	340	24.0	17.3	4.8	9.6	31.4	52.1	31.44	2.74	-3.5203534193
ENSDART00000082046	ntf3	1	7.0	7.0	NA	NA	NA	NA	NA	NA	NA
ENSDART00000122341	zfr2	85	68.4	61.5	6.3	24.2	106.5	140.8	19.7	34.96	0.827509555157
ENSDART00000088027	SSX2IP	3	38.6	38.2	NA	NA	NA	NA	NA	NA	NA
ENSDART00000050258	zgc:165653	158	64.1	61.8	16.4	38.7	87.6	111.3	NA	NA	NA
ENSDART00000111954	CU234171.2	1	20.6	20.6	NA	NA	NA	NA	NA	NA	NA
ENSDART00000135877	als2a	41	25.3	17.0	7.8	12.0	31.6	54.1	NA	NA	NA
ENSDART00000075646	irf1a	1	9.2	9.2	NA	NA	NA	NA	NA	NA	NA
ENSDART00000111952	igsf9a	18	19.4	15.7	9.4	12.5	21.6	30.9	NA	NA	NA
ENSDART00000014887	eif4a3	262	69.3	65.7	17.3	39.3	98.4	119.7	89.89	565.06	2.65217153178
ENSDART00000108950	ttll4	342	21.4	18.7	4.7	10.8	28.1	40.8	50.72	3.34	-3.92463473767
ENSDART00000055019	ndufa4	1	23.7	23.7	NA	NA	NA	NA	NA	NA	NA
ENSDART00000125955	zgc:158614	171	19.5	16.6	3.8	9.2	25.8	42.0	NA	NA	NA
ENSDART00000053638	ctssa	3	33.4	36.4	NA	NA	NA	NA	NA	NA	NA
ENSDART00000108955	zgc:162161	96	23.5	21.6	4.2	12.2	33.9	42.6	NA	NA	NA
ENSDART00000023064	slc35b2	97	22.0	17.8	1.7	10.2	30.5	46.9	NA	NA	NA
ENSDART00000055011	PDILT	8	13.5	9.3	NA	NA	NA	NA	NA	NA	NA
ENSDART00000112317	zgc:194621	3	23.5	29.8	NA	NA	NA	NA	NA	NA	NA
ENSDART00000091813	ago3b	238	80.3	76.4	14.2	45.6	117.5	149.2	NA	NA	NA
ENSDART00000008355	cfl2	1	16.7	16.7	NA	NA	NA	NA	NA	NA	NA
ENSDART00000101726	slc35f2	352	37.7	32.3	11.1	20.2	52.2	67.5	NA	NA	NA
ENSDART00000101724	mos	900	12.2	10.3	0.9	5.3	16.9	24.2	NA	NA	NA
ENSDART00000102381	ube2d3	492	27.5	24.9	8.2	15.1	37.0	51.7	NA	NA	NA
ENSDART00000032141	spon2a	1	32.3	32.3	NA	NA	NA	NA	NA	NA	NA
ENSDART00000145448	anapc13	456	15.2	12.6	3.3	7.5	20.1	28.9	NA	NA	NA
ENSDART00000102384	sesn2	390	17.5	14.0	2.4	7.8	22.2	35.8	NA	NA	NA
ENSDART00000102386	si:ch211-167j6.4	6	29.2	30.5	NA	NA	NA	NA	NA	NA	NA
ENSDART00000109894	olfm2a	53	19.2	19.7	3.4	7.5	26.7	40.7	NA	NA	NA
ENSDART00000149371	idh3b	408	27.8	18.9	6.7	12.2	30.5	63.7	26.34	36.1	0.454743491518
ENSDART00000016501	cyp2v1	20	40.5	38.4	15.3	27.5	53.2	72.1	NA	NA	NA
ENSDART00000057700	naa20	130	25.3	21.6	7.8	16.2	30.5	40.0	NA	NA	NA
ENSDART00000086952	st14a	354	54.3	49.7	13.0	27.8	74.5	102.2	32.82	248.97	2.92332476918
ENSDART00000083622	tead3a	10	35.2	30.5	18.1	23.5	47.5	54.1	NA	NA	NA
ENSDART00000008096	aph1b	328	67.1	56.1	16.4	28.8	101.6	129.7	38.08	177.13	2.21770319415
ENSDART00000033093	lad1	3	38.2	29.7	NA	NA	NA	NA	NA	NA	NA
ENSDART00000090368	C24H8orf44	172	29.4	24.6	11.1	17.6	38.8	54.9	NA	NA	NA
ENSDART00000024058	kcnh2	1	40.9	40.9	NA	NA	NA	NA	NA	NA	NA
ENSDART00000103385	slc25a22	1	2.2	2.2	NA	NA	NA	NA	NA	NA	NA
ENSDART00000144886	dicp1.1	1	10.0	10.0	NA	NA	NA	NA	NA	NA	NA
ENSDART00000097691	ncana	3	9.1	8.5	NA	NA	NA	NA	NA	NA	NA
ENSDART00000028093	cldn15la	4	30.2	28.5	NA	NA	NA	NA	NA	NA	NA
ENSDART00000087426	bcl11aa	15	46.8	50.5	13.6	18.2	69.8	77.7	NA	NA	NA
ENSDART00000111537	zgc:162576	38	22.8	20.0	8.9	13.8	28.8	45.1	NA	NA	NA
ENSDART00000112788	slc39a5	5	20.9	22.5	NA	NA	NA	NA	NA	NA	NA
ENSDART00000086165	setd1ba	60	17.9	15.6	2.5	7.0	25.6	35.6	7.68	2.76	-1.47643804394
ENSDART00000089642	FBXO31	18	32.1	25.2	7.4	13.5	46.7	74.4	NA	NA	NA
ENSDART00000073839	slc38a7	225	102.4	110.3	40.0	67.2	137.0	158.7	26.67	192.36	2.85051910132
ENSDART00000089640	PDE3B	21	27.9	17.0	9.2	11.1	32.4	84.0	NA	NA	NA
ENSDART00000060545	dennd5a	4	35.0	8.2	NA	NA	NA	NA	NA	NA	NA
ENSDART00000112781	BX321870.1	2	2.7	2.7	NA	NA	NA	NA	NA	NA	NA
ENSDART00000112782	cspg4	1	13.8	13.8	NA	NA	NA	NA	NA	NA	NA
ENSDART00000112784	LYRM9	409	14.0	11.6	2.8	7.0	18.0	30.9	NA	NA	NA
ENSDART00000112787	CABZ01073641.1	1	49.0	49.0	NA	NA	NA	NA	NA	NA	NA
ENSDART00000032324	hddc3	59	43.0	35.7	13.5	20.4	56.4	100.2	NA	NA	NA
ENSDART00000032322	abcg2c	56	23.1	20.7	8.4	12.0	27.8	50.5	NA	NA	NA
ENSDART00000109926	man1b1	32	42.4	33.0	4.2	10.5	70.4	110.9	NA	NA	NA
ENSDART00000109927	CGREF1	2	28.7	28.7	NA	NA	NA	NA	NA	NA	NA
ENSDART00000108852	pkmyt1	247	16.5	14.2	1.8	7.6	23.6	33.5	NA	NA	NA
ENSDART00000074116	rab33ba	205	27.3	24.2	8.0	15.4	35.7	47.7	NA	NA	NA
ENSDART00000074117	aspa	4	26.7	28.3	NA	NA	NA	NA	NA	NA	NA
ENSDART00000003847	mylpfb	11	20.8	20.2	2.8	7.4	33.9	46.1	NA	NA	NA
ENSDART00000078642	VPS37B	239	31.6	26.2	5.9	13.2	44.7	66.6	NA	NA	NA
ENSDART00000130208	CARKD	300	21.5	18.2	6.7	10.6	27.9	44.2	34.19	16.04	-1.09190028098
ENSDART00000113353	BX248510.1	298	14.2	11.9	2.7	6.7	20.0	27.8	NA	NA	NA
ENSDART00000105586	srsf2b	17	37.3	29.7	16.4	23.7	49.4	67.4	NA	NA	NA
ENSDART00000104828	gtpbp2	2	16.3	16.3	NA	NA	NA	NA	NA	NA	NA
ENSDART00000124552	FASTKD5	134	35.5	36.2	9.9	18.2	48.6	63.7	NA	NA	NA
ENSDART00000023336	rps6	434	29.7	28.1	6.9	16.3	41.4	54.6	189.93	17.61	-3.43100098711
ENSDART00000109509	PTPLA	5	58.1	66.0	NA	NA	NA	NA	NA	NA	NA
ENSDART00000124559	C3H17orf104	28	24.5	17.9	5.3	11.3	37.1	51.0	NA	NA	NA
ENSDART00000062366	rsrc2	278	19.7	17.6	6.8	10.2	26.0	36.8	106.91	30.09	-1.8290407924
ENSDART00000080332	cops5	302	23.9	21.6	6.6	12.1	33.7	43.4	67.82	25.6	-1.40556697414
ENSDART00000127921	CCDC114	2	35.5	35.5	NA	NA	NA	NA	NA	NA	NA
ENSDART00000127923	nktr	64	40.3	39.6	15.5	25.9	58.4	68.4	19.16	12.83	-0.578576390646
ENSDART00000137920	CCDC120	1	17.3	17.3	NA	NA	NA	NA	NA	NA	NA
ENSDART00000131558	zgc:103438	6	24.9	19.1	NA	NA	NA	NA	NA	NA	NA
ENSDART00000077642	atoh1a	2	21.9	21.9	NA	NA	NA	NA	NA	NA	NA
ENSDART00000077641	cyb561d1	1	134.7	134.7	NA	NA	NA	NA	NA	NA	NA
ENSDART00000092118	erbb4a	1	17.2	17.2	NA	NA	NA	NA	NA	NA	NA
ENSDART00000009767	vac14	15	38.3	38.1	13.2	27.0	50.5	57.7	9.35	23.32	1.31852951843
ENSDART00000131557	mvd	55	15.8	14.8	5.5	9.1	22.1	28.9	NA	NA	NA
ENSDART00000091625	atp8a1	2	24.8	24.8	NA	NA	NA	NA	NA	NA	NA
ENSDART00000058256	zp3b	519	22.6	18.4	3.8	9.0	30.7	46.1	110.9	62.73	-0.822031897738
ENSDART00000058255	bbs5	25	15.7	8.0	2.6	4.1	27.7	31.0	NA	NA	NA
ENSDART00000081746	apoa1bp	457	16.2	13.7	3.5	7.9	21.2	31.3	NA	NA	NA
ENSDART00000080339	galm	16	25.5	21.0	3.7	9.1	36.4	53.4	NA	NA	NA
ENSDART00000058258	gng5	562	84.3	85.3	30.1	59.5	110.4	130.9	NA	NA	NA
ENSDART00000033630	OSBP2	18	36.1	26.9	12.7	18.1	41.7	71.9	NA	NA	NA
ENSDART00000124022	mapkap1	56	54.5	49.0	8.1	24.8	70.2	107.8	NA	NA	NA
ENSDART00000084834	SRGAP3	6	51.1	19.6	NA	NA	NA	NA	NA	NA	NA
ENSDART00000138783	rnf216	167	35.2	27.0	8.9	14.4	47.5	74.4	59.62	62.67	0.0719786177971
ENSDART00000100895	sh2d4b	1	13.4	13.4	NA	NA	NA	NA	NA	NA	NA
ENSDART00000124164	palm1b	126	30.7	19.6	4.5	11.1	41.8	74.9	15.29	22.81	0.577078039951
ENSDART00000121447	uvssa	50	19.8	15.5	1.3	9.3	27.7	45.0	NA	NA	NA
ENSDART00000035670	polr2eb	314	21.0	18.1	4.4	10.4	28.6	41.3	92.67	67.7	-0.452946537886
ENSDART00000024309	rb1	84	49.6	37.9	13.6	21.9	62.5	105.5	13.85	88.58	2.67709502095
ENSDART00000024304	per3	8	32.8	23.9	NA	NA	NA	NA	6.64	8.84	0.412863128045
ENSDART00000124168	ppp4r2b	242	69.3	65.8	7.0	23.5	114.3	141.8	46.8	600.18	3.6808148094
ENSDART00000006132	cfl1	3771	28.7	21.4	3.7	10.5	40.6	65.0	771.99	622.98	-0.309396311554
ENSDART00000019581	arih1	190	28.1	22.1	6.7	12.1	36.0	58.1	24.98	48.22	0.948858173995
ENSDART00000123274	papss1	119	39.0	33.1	7.0	16.8	55.3	76.2	NA	NA	NA
ENSDART00000081038	ndnl2	348	27.0	23.2	6.8	13.9	33.8	47.0	100.48	96.39	-0.0599529826991
ENSDART00000029797	faf2	456	56.7	52.4	24.5	37.2	73.7	94.8	64.72	252.64	1.96479956343
ENSDART00000143723	idi1	55	31.5	18.4	3.8	11.6	40.1	84.3	NA	NA	NA
ENSDART00000078916	smim7	222	33.3	26.5	8.3	15.6	46.2	63.5	NA	NA	NA
ENSDART00000135027	sgk2a	1	31.9	31.9	NA	NA	NA	NA	NA	NA	NA
ENSDART00000003715	actr6	33	82.3	73.7	44.8	55.4	107.1	144.6	12.22	25.33	1.05160279189
ENSDART00000025324	spns1	95	76.2	69.1	18.7	38.5	120.1	142.0	18.69	181.1	3.27644807209
ENSDART00000065183	cldn2	2	31.4	31.4	NA	NA	NA	NA	NA	NA	NA
ENSDART00000111506	fam211ba	311	18.6	17.3	4.4	10.3	25.1	31.8	NA	NA	NA
ENSDART00000013021	tlr3	1	22.7	22.7	NA	NA	NA	NA	NA	NA	NA
ENSDART00000047740	wdr32	272	25.7	21.3	4.4	12.2	35.0	50.5	25.39	22.59	-0.168576124254
ENSDART00000087566	trip12	169	60.0	54.2	12.6	30.8	82.5	112.4	26.25	47.96	0.869514235973
ENSDART00000129463	ago4	62	63.7	39.8	2.9	8.9	104.3	153.6	24.67	374.32	3.92344251306
ENSDART00000087563	bivm	6	39.2	37.1	NA	NA	NA	NA	NA	NA	NA
ENSDART00000007735	ust	16	18.5	13.9	5.3	10.9	21.7	42.0	NA	NA	NA
ENSDART00000114067	agrn	2	17.0	17.0	NA	NA	NA	NA	NA	NA	NA
ENSDART00000085021	mmaa	116	63.7	57.5	16.8	27.9	90.9	117.2	37.25	41.1	0.141897968332
ENSDART00000087568	nelfa	315	21.3	18.4	5.8	10.4	27.5	42.3	40.37	29.92	-0.432173411593
ENSDART00000114060	cdnf	3	24.5	12.3	NA	NA	NA	NA	NA	NA	NA
ENSDART00000026578	ube2v2	343	28.4	24.2	5.7	12.6	37.2	55.4	67.89	54.74	-0.310603650623
ENSDART00000079202	abcb8	120	35.2	26.9	8.8	15.7	44.9	64.6	NA	NA	NA
ENSDART00000017859	ddi2	117	87.8	98.1	10.4	39.0	127.0	148.0	14.09	295.26	4.38924240554
ENSDART00000079207	trim47	16	33.7	23.8	7.1	10.6	43.4	59.9	NA	NA	NA
ENSDART00000017854	lgi1a	82	74.5	68.8	12.6	28.3	116.4	146.3	NA	NA	NA
ENSDART00000081926	CU856539.1	16	48.2	34.1	10.9	16.3	75.7	112.5	NA	NA	NA
ENSDART00000017857	si:dkey-121j17.5	2	38.2	38.2	NA	NA	NA	NA	NA	NA	NA
ENSDART00000081922	SPIN2B	303	25.2	20.6	5.4	11.7	33.4	53.7	NA	NA	NA
ENSDART00000017852	ubxn7	288	22.4	19.5	4.6	11.7	29.9	44.9	32.09	20.04	-0.679241281087
ENSDART00000113202	CABZ01085594.1	3	24.1	24.3	NA	NA	NA	NA	NA	NA	NA
ENSDART00000124411	sumo2a	417	18.5	16.9	5.0	10.5	24.4	32.5	NA	NA	NA
ENSDART00000062587	klf2a	21	45.1	29.5	7.4	13.5	51.9	56.1	NA	NA	NA
ENSDART00000007012	EPS8	35	15.5	15.6	3.1	11.3	20.9	24.4	6.9	1.43	-2.27058121489
ENSDART00000090712	stox1	7	25.5	22.7	NA	NA	NA	NA	10.86	14.81	0.447547537484
ENSDART00000125383	meis1	2	27.9	27.9	NA	NA	NA	NA	NA	NA	NA
ENSDART00000125386	sgcd	2	17.8	17.8	NA	NA	NA	NA	NA	NA	NA
ENSDART00000125387	afmid	1	39.6	39.6	NA	NA	NA	NA	NA	NA	NA
ENSDART00000139560	ppp3r1a	151	21.2	18.6	5.4	10.6	27.3	39.0	NA	NA	NA
ENSDART00000139567	renbp	2	55.7	55.7	NA	NA	NA	NA	NA	NA	NA
ENSDART00000014649	ugt2a5	15	18.5	15.4	3.0	12.5	23.7	37.7	NA	NA	NA
ENSDART00000135273	hnrnpa3	1	-16.8	-16.8	NA	NA	NA	NA	NA	NA	NA
ENSDART00000137125	SPOP	4	23.1	19.9	NA	NA	NA	NA	NA	NA	NA
ENSDART00000087782	mrps9	168	21.6	18.3	5.1	10.4	29.1	42.8	34.87	33.38	-0.0630024094141
ENSDART00000148652	slc26a2	26	21.8	15.6	5.7	11.1	33.7	42.3	NA	NA	NA
ENSDART00000087786	slka	114	91.1	92.0	29.3	53.1	126.4	147.4	40.27	105.11	1.38412255417
ENSDART00000019459	fam91a1	99	19.5	17.1	5.2	11.8	23.7	32.5	NA	NA	NA
ENSDART00000130832	trmt61a	1	54.0	54.0	NA	NA	NA	NA	50.04	127.48	1.34911722961
ENSDART00000130833	CABZ01024770.1	105	21.5	17.1	5.5	9.7	30.1	42.6	NA	NA	NA
ENSDART00000130830	otomp	2	16.8	16.8	NA	NA	NA	NA	NA	NA	NA
ENSDART00000047358	fkbp6	351	18.6	14.9	5.0	8.8	24.3	37.7	NA	NA	NA
ENSDART00000017140	arhgef11	151	26.1	18.1	4.5	7.6	34.3	62.6	12.53	2.21	-2.50326813993
ENSDART00000017144	bag1	172	24.5	19.2	8.0	13.6	32.9	45.1	NA	NA	NA
ENSDART00000043117	fbxw4	36	22.8	18.8	4.4	9.8	33.4	45.0	NA	NA	NA
ENSDART00000017148	gclc	117	91.0	93.4	18.8	54.1	126.1	152.4	16.79	170.16	3.34121780302
ENSDART00000081054	tada3l	72	24.6	19.4	6.2	11.8	33.3	53.0	18.16	6.35	-1.51593570563
ENSDART00000128736	lmbrd2a	43	66.1	65.0	18.4	35.5	86.5	118.7	NA	NA	NA
ENSDART00000128737	fkbp7	4	55.1	50.6	NA	NA	NA	NA	NA	NA	NA
ENSDART00000128731	rnps1	769	63.1	57.5	18.1	37.6	89.2	115.2	81.15	742.76	3.19423312374
ENSDART00000123359	BX005472.1	15	52.6	42.9	6.8	20.8	81.5	104.4	NA	NA	NA
ENSDART00000123354	msl2b	161	24.0	20.7	5.8	13.1	31.0	51.0	15.67	6.11	-1.35876089465
ENSDART00000021231	slmapb	277	47.0	38.5	12.7	20.0	65.2	94.9	NA	NA	NA
ENSDART00000123350	sptlc2a	117	30.4	23.0	7.2	14.3	40.5	62.0	NA	NA	NA
ENSDART00000006490	tlk2	143	74.8	73.1	23.8	49.2	101.1	121.9	38.97	209.78	2.42844130423
ENSDART00000114340	plagl2	1	40.2	40.2	NA	NA	NA	NA	NA	NA	NA
ENSDART00000151404	abat	105	30.5	22.2	3.6	10.5	40.2	77.0	12.23	59.54	2.28343481771
ENSDART00000145848	si:dkey-61l1.4	4	53.3	60.7	NA	NA	NA	NA	NA	NA	NA
ENSDART00000097923	actr8	255	14.9	12.4	4.0	8.2	19.4	29.8	19.45	5.86	-1.73079758545
ENSDART00000138852	lcorl	94	49.0	35.6	9.3	20.2	71.1	98.7	18.05	40.94	1.18151226525
ENSDART00000108721	tjp1a	18	32.8	18.3	-2.3	4.5	46.0	89.4	12.91	56.85	2.13867134847
ENSDART00000148210	dnajc4	14	33.1	29.1	7.1	14.1	48.5	63.0	NA	NA	NA
ENSDART00000040499	pus7	116	41.3	36.7	11.5	20.5	56.9	78.4	25.46	15.31	-0.733758136402
ENSDART00000135667	si:dkey-88l16.5	267	51.6	44.8	11.8	23.0	75.1	100.5	NA	NA	NA
ENSDART00000098132	klhl24	20	19.8	19.1	2.4	7.0	24.6	48.9	6.73	10.72	0.671626495847
ENSDART00000124838	BX321921.1	3	42.7	24.0	NA	NA	NA	NA	NA	NA	NA
ENSDART00000122408	CCDC178	4	25.5	23.0	NA	NA	NA	NA	NA	NA	NA
ENSDART00000124833	pdcd11	116	34.4	33.1	10.4	20.9	45.6	59.5	36.99	33.87	-0.12712731363
ENSDART00000122405	jak2b	576	16.6	12.9	1.8	6.6	22.7	35.5	NA	NA	NA
ENSDART00000122407	cdk1	588	13.8	12.7	4.0	8.0	17.9	25.7	39.56	3.62	-3.44998082368
ENSDART00000122403	wu:fb55g09	49	19.8	18.6	6.2	11.6	29.6	35.4	NA	NA	NA
ENSDART00000147296	si:rp71-1f1.4	1	15.9	15.9	NA	NA	NA	NA	NA	NA	NA
ENSDART00000060321	RAMP1	2	13.8	13.8	NA	NA	NA	NA	NA	NA	NA
ENSDART00000141595	med23	78	43.7	34.1	9.1	19.7	55.3	99.4	9.92	18.48	0.897552731029
ENSDART00000034078	psmc4	475	23.9	21.2	6.6	11.6	32.1	45.1	79.34	124.8	0.653497631604
ENSDART00000141597	lrrfip1b	3	24.5	24.1	NA	NA	NA	NA	NA	NA	NA
ENSDART00000141596	agpat9	2	20.9	20.9	NA	NA	NA	NA	NA	NA	NA
ENSDART00000006724	smarcd3b	7	28.9	26.9	NA	NA	NA	NA	NA	NA	NA
ENSDART00000006726	irx1a	14	16.8	13.6	5.5	9.5	17.0	32.1	NA	NA	NA
ENSDART00000078000	C16H1orf43	418	29.4	24.8	6.0	12.8	40.3	59.6	NA	NA	NA
ENSDART00000099192	htr5al	18	18.5	16.7	7.6	12.2	20.1	29.4	NA	NA	NA
ENSDART00000103970	CU467865.1	1	14.4	14.4	NA	NA	NA	NA	NA	NA	NA
ENSDART00000016002	tspan7	313	37.3	31.4	6.0	14.5	54.3	79.5	21.07	107.41	2.34986609695
ENSDART00000104657	mrps21	422	17.4	15.2	3.6	8.8	23.9	34.3	NA	NA	NA
ENSDART00000108868	CT990569.2	47	28.3	22.5	5.2	11.2	39.0	57.8	7.61	11.88	0.642566477297
ENSDART00000011662	ppm1bb	45	54.2	42.3	1.6	15.5	90.8	120.0	20.3	156.58	2.9473483161
ENSDART00000097522	parvg	1	33.6	33.6	NA	NA	NA	NA	NA	NA	NA
ENSDART00000138818	arid1b	9	33.4	22.9	NA	NA	NA	NA	NA	NA	NA
ENSDART00000098728	CABZ01109624.1	2	10.1	10.1	NA	NA	NA	NA	NA	NA	NA
ENSDART00000111542	shroom4	75	48.9	40.9	11.4	23.5	80.4	92.0	14.13	18.67	0.401960461892
ENSDART00000139053	si:dkey-183c16.7	110	24.2	19.0	6.7	10.8	32.7	51.4	NA	NA	NA
ENSDART00000108893	kansl1l	2	10.4	10.4	NA	NA	NA	NA	NA	NA	NA
ENSDART00000098727	svopa	1	17.6	17.6	NA	NA	NA	NA	NA	NA	NA
ENSDART00000065556	POLQ	42	30.7	23.8	4.8	12.3	41.3	57.6	9.36	6.64	-0.495325288236
ENSDART00000023926	eif3eb	88	25.4	22.3	6.7	14.3	34.4	51.5	20.32	31.22	0.619570135206
ENSDART00000100778	C18H15orf38	43	18.1	14.2	4.4	10.6	24.6	37.9	NA	NA	NA
ENSDART00000100776	fam169b	2	68.7	68.7	NA	NA	NA	NA	NA	NA	NA
ENSDART00000084557	lhpp	39	29.8	27.1	6.5	14.9	36.8	56.4	NA	NA	NA
ENSDART00000140243	actn1	4	46.1	32.6	NA	NA	NA	NA	NA	NA	NA
ENSDART00000076321	si:dkeyp-66d1.2	2	19.0	19.0	NA	NA	NA	NA	NA	NA	NA
ENSDART00000083836	CCDC86	136	18.3	15.3	4.1	8.8	22.9	35.5	195.91	15.76	-3.63585160028
ENSDART00000097528	sp4	28	24.2	23.3	6.7	13.3	33.5	42.7	NA	NA	NA
ENSDART00000110892	b4galnt3b	32	61.3	59.9	8.2	33.1	86.7	108.9	NA	NA	NA
ENSDART00000045844	NBL1	1	-2.1	-2.1	NA	NA	NA	NA	NA	NA	NA
ENSDART00000060181	zgc:114174	5	15.7	14.7	NA	NA	NA	NA	NA	NA	NA
ENSDART00000029930	slc48a1b	259	37.8	28.5	6.9	14.2	51.0	89.9	NA	NA	NA
ENSDART00000018411	dyx1c1	13	11.1	9.7	-4.9	0.4	14.9	33.2	NA	NA	NA
ENSDART00000033957	UTP20	34	49.8	39.9	13.0	22.1	77.9	88.0	5.29	15.58	1.55835560595
ENSDART00000126092	irs4a	24	30.3	19.1	6.4	11.6	38.8	79.6	NA	NA	NA
ENSDART00000099994	hspa8	5438	41.3	38.9	17.9	27.4	52.0	66.9	776.34	417.88	-0.893599910608
ENSDART00000099992	C10H11orf63	237	20.6	16.5	4.0	10.4	26.0	43.0	NA	NA	NA
ENSDART00000114486	uhrf1bp1	1	5.5	5.5	NA	NA	NA	NA	NA	NA	NA
ENSDART00000039585	klhl36	5	27.7	21.2	NA	NA	NA	NA	NA	NA	NA
ENSDART00000077157	six3b	1	12.3	12.3	NA	NA	NA	NA	NA	NA	NA
ENSDART00000011627	irx7	3	14.8	6.7	NA	NA	NA	NA	NA	NA	NA
ENSDART00000019325	cyp20a1	180	15.3	13.1	3.3	8.0	19.7	27.5	21.78	5.64	-1.94923688632
ENSDART00000059285	yif1b	291	22.0	15.8	4.2	9.6	27.9	44.4	22.69	34.01	0.583902397036
ENSDART00000014769	chn2	1	21.6	21.6	NA	NA	NA	NA	NA	NA	NA
ENSDART00000124764	myoz2a	2	8.6	8.6	NA	NA	NA	NA	NA	NA	NA
ENSDART00000014766	casp8l2	16	25.8	16.6	2.0	8.1	38.0	67.9	NA	NA	NA
ENSDART00000014945	hcfc1a	107	79.1	54.5	5.4	18.1	129.4	179.3	28.22	285.12	3.33677934892
ENSDART00000148524	nol12	423	24.3	20.7	6.2	12.7	32.6	48.8	79.79	57.25	-0.478932253057
ENSDART00000136640	wwp2	211	36.6	26.4	10.0	17.1	47.0	81.5	9.96	32.16	1.69104975911
ENSDART00000102559	DNAJB5	1	41.0	41.0	NA	NA	NA	NA	NA	NA	NA
ENSDART00000102554	lrp8	2	8.5	8.5	NA	NA	NA	NA	NA	NA	NA
ENSDART00000102555	actr2b	17	36.5	37.8	5.9	12.3	44.2	83.6	NA	NA	NA
ENSDART00000127157	hlfa	62	19.7	13.9	3.5	8.6	20.9	33.6	NA	NA	NA
ENSDART00000014721	echdc2	14	15.4	14.6	3.3	9.4	17.9	24.7	NA	NA	NA
ENSDART00000102552	trmt11	313	35.2	31.1	9.8	18.1	46.6	63.6	46.18	94.93	1.03959591004
ENSDART00000102553	homer3	37	58.8	55.7	-4.1	31.5	99.6	108.4	NA	NA	NA
ENSDART00000034690	otud3	319	21.9	20.6	7.6	12.9	27.6	37.5	NA	NA	NA
ENSDART00000064975	rbm18	62	46.5	42.2	14.3	27.3	65.2	75.3	NA	NA	NA
ENSDART00000064974	anxa3b	36	38.7	34.4	13.0	22.3	57.2	74.6	NA	NA	NA
ENSDART00000074272	im:6904045	1	8.6	8.6	NA	NA	NA	NA	NA	NA	NA
ENSDART00000041714	atp6v0a1b	11	23.5	25.8	6.5	16.7	33.2	37.9	NA	NA	NA
ENSDART00000106391	pcdh15b	1	36.9	36.9	NA	NA	NA	NA	NA	NA	NA
ENSDART00000066583	zgc:112496	68	13.9	10.4	3.0	6.0	19.9	29.1	NA	NA	NA
ENSDART00000126406	FBXL3	1	22.8	22.8	NA	NA	NA	NA	NA	NA	NA
ENSDART00000085201	pmp22b	14	29.1	28.7	12.1	17.4	45.1	48.6	NA	NA	NA
ENSDART00000082526	zgc:111976	127	50.2	48.2	15.9	26.7	64.1	90.5	NA	NA	NA
ENSDART00000082256	ciao1	257	28.7	25.5	7.7	14.7	37.2	51.2	45.46	60.64	0.415672069353
ENSDART00000124492	zgc:111868	2895	17.9	15.2	3.5	8.5	24.6	35.7	193.7	31.88	-2.6031004195
ENSDART00000059063	ehd2	1	165.3	165.3	NA	NA	NA	NA	NA	NA	NA
ENSDART00000129598	usp36	322	31.9	25.0	9.2	17.1	42.0	63.7	76.0	13.04	-2.54305554899
ENSDART00000124499	hprt1	122	55.9	48.8	11.5	23.4	82.6	111.6	NA	NA	NA
ENSDART00000103357	vapb	181	24.5	19.0	6.4	11.4	32.7	49.4	NA	NA	NA
ENSDART00000004735	aaas	39	17.6	13.8	4.6	9.4	25.9	32.8	NA	NA	NA
ENSDART00000126802	ccdc43	79	37.3	29.2	10.8	16.6	57.1	77.1	38.27	58.47	0.611482690311
ENSDART00000061585	C9H2orf49	91	33.1	27.7	6.7	13.9	46.6	74.5	NA	NA	NA
ENSDART00000004739	nup50	403	51.7	40.6	7.6	17.1	77.9	118.9	24.15	157.31	2.70351528981
ENSDART00000021620	cldnd	16998	27.6	22.4	4.4	11.4	38.9	58.1	1572.26	2959.48	0.912503895614
ENSDART00000093122	lrp6	41	84.3	87.8	38.3	63.7	108.8	123.7	7.1	6.36	-0.158792259108
ENSDART00000093123	SMUG1	86	18.5	16.0	4.8	10.6	24.4	33.9	NA	NA	NA
ENSDART00000083784	ubtd1b	50	32.1	30.0	5.7	13.5	44.6	59.0	NA	NA	NA
ENSDART00000015547	cldng	10323	24.3	20.9	6.1	12.2	32.9	46.7	1906.45	1156.38	-0.721273132125
ENSDART00000083788	AL929217.1	5	33.7	31.8	NA	NA	NA	NA	NA	NA	NA
ENSDART00000111987	ATG7	5	14.5	12.2	NA	NA	NA	NA	NA	NA	NA
ENSDART00000123431	iqce	103	34.6	29.6	10.4	16.0	46.0	67.2	NA	NA	NA
ENSDART00000074850	tpra	1	39.9	39.9	NA	NA	NA	NA	10.36	25.24	1.2846879073
ENSDART00000047912	gpkow	120	48.2	44.6	11.9	30.2	64.0	84.1	36.38	107.12	1.55801041767
ENSDART00000026147	sgut1	587	54.9	40.1	7.7	16.0	87.9	124.9	54.74	339.77	2.63389113554
ENSDART00000138578	st13	148	40.4	25.0	6.1	12.6	55.6	95.7	25.75	152.16	2.5629448139
ENSDART00000066053	cbx2	96	82.4	82.6	12.1	37.2	123.2	159.6	23.4	149.36	2.67421339776
ENSDART00000126154	prpf3	9	58.7	55.5	NA	NA	NA	NA	10.03	33.2	1.72686163562
ENSDART00000140882	ispd	37	24.2	17.9	4.4	11.0	32.1	56.7	NA	NA	NA
ENSDART00000059311	siae	54	19.6	17.1	6.7	10.9	26.5	36.8	NA	NA	NA
ENSDART00000005067	rbpja	121	41.2	36.0	4.3	17.1	59.9	84.7	NA	NA	NA
ENSDART00000097732	dvl3a	177	47.6	44.8	8.9	25.8	66.5	86.5	58.72	80.33	0.452086908334
ENSDART00000055220	rab30	9	19.4	12.9	NA	NA	NA	NA	NA	NA	NA
ENSDART00000055225	wnt9b	1	30.1	30.1	NA	NA	NA	NA	NA	NA	NA
ENSDART00000055228	psmc3ip	151	23.3	21.4	6.3	12.3	32.8	43.2	64.91	24.15	-1.42641756711
ENSDART00000125012	casp6l1	2	58.7	58.7	NA	NA	NA	NA	NA	NA	NA
ENSDART00000125565	mafg1	1	12.6	12.6	NA	NA	NA	NA	NA	NA	NA
ENSDART00000085524	STRN	98	42.0	29.9	4.9	16.6	56.1	95.7	13.13	42.64	1.69934052187
ENSDART00000125019	dhcr24	21	22.7	18.6	5.3	10.8	32.9	40.1	NA	NA	NA
ENSDART00000134255	trim37	567	22.2	17.8	3.4	8.7	30.1	45.3	NA	NA	NA
ENSDART00000045210	mlf2	284	38.0	34.7	9.5	19.9	53.4	68.6	63.92	85.18	0.414247321622
ENSDART00000058628	ccsapb	21	26.2	16.7	7.3	9.5	33.5	62.6	NA	NA	NA
ENSDART00000058627	epb41l4a	9	27.7	14.5	NA	NA	NA	NA	NA	NA	NA
ENSDART00000058622	aak1	12	32.2	25.9	9.4	17.3	49.8	57.0	NA	NA	NA
ENSDART00000075184	snx1a	218	29.0	15.8	3.2	8.6	31.3	78.6	NA	NA	NA
ENSDART00000058620	zgc:66432	257	28.0	22.5	5.3	11.7	36.5	55.5	78.1	13.32	-2.55172846596
ENSDART00000135066	myo6a	160	24.7	19.9	5.6	12.6	33.1	49.8	43.44	19.98	-1.12046752001
ENSDART00000130628	p2rx4a	138	27.6	22.5	8.3	15.9	37.7	51.5	NA	NA	NA
ENSDART00000130543	CR812464.1	1	13.0	13.0	NA	NA	NA	NA	NA	NA	NA
ENSDART00000130540	pigv	208	30.4	21.2	3.8	8.5	42.9	82.1	NA	NA	NA
ENSDART00000052871	pop7	218	23.7	19.5	8.1	12.5	30.6	44.9	NA	NA	NA
ENSDART00000052703	nucb2b	93	19.7	14.9	4.5	8.5	27.9	42.6	NA	NA	NA
ENSDART00000130549	si:dkey-67c22.2	72	52.0	40.1	12.8	27.3	72.4	97.5	78.69	117.5	0.578408543354
ENSDART00000092522	si:ch211-1e14.1	3	22.7	29.4	NA	NA	NA	NA	NA	NA	NA
ENSDART00000142661	osbpl2a	1	16.8	16.8	NA	NA	NA	NA	NA	NA	NA
ENSDART00000089787	edc4	121	43.6	29.3	2.9	12.8	73.2	99.1	8.48	110.61	3.70527374725
ENSDART00000142917	rag1	5	64.6	35.6	NA	NA	NA	NA	NA	NA	NA
ENSDART00000101550	zgc:173577	22	16.9	11.8	6.7	8.1	17.4	25.4	NA	NA	NA
ENSDART00000049430	trim54	2	11.3	11.3	NA	NA	NA	NA	NA	NA	NA
ENSDART00000125176	AP1M2	245	48.2	38.0	12.5	18.8	67.3	99.4	16.75	25.66	0.615360074857
ENSDART00000032460	med21	223	19.0	17.1	4.4	9.5	25.7	34.6	NA	NA	NA
ENSDART00000081319	zrsr2	20	31.8	25.8	9.3	18.9	43.7	52.1	9.34	5.24	-0.833855738172
ENSDART00000109713	GLP2R	1	69.1	69.1	NA	NA	NA	NA	NA	NA	NA
ENSDART00000011706	adprhl2	42	17.3	14.8	3.9	8.2	26.7	34.2	NA	NA	NA
ENSDART00000109710	ZFAT	31	34.1	20.1	6.4	14.3	56.6	85.4	6.74	7.68	0.188357719539
ENSDART00000109714	usp53b	3	21.8	21.4	NA	NA	NA	NA	NA	NA	NA
ENSDART00000079968	cmasa	35	33.2	24.7	6.2	14.8	49.8	65.2	NA	NA	NA
ENSDART00000025229	adi1	236	16.6	12.4	3.9	6.6	21.2	34.8	34.99	19.42	-0.849399463821
ENSDART00000028285	pgbd5	3	19.4	15.8	NA	NA	NA	NA	NA	NA	NA
ENSDART00000111303	CU075695.3	15	27.8	16.2	9.1	14.1	29.2	52.0	NA	NA	NA
ENSDART00000025550	top1mt	59	16.9	14.7	3.9	8.6	23.4	28.0	20.13	3.08	-2.70834491623
ENSDART00000129817	zgc:55764	56	42.4	30.4	11.9	17.1	54.7	95.3	NA	NA	NA
ENSDART00000028301	tdo2b	1	40.2	40.2	NA	NA	NA	NA	NA	NA	NA
ENSDART00000151679	si:ch73-233k15.2	6	45.0	41.8	NA	NA	NA	NA	NA	NA	NA
ENSDART00000025227	picalm	267	26.5	23.0	8.6	15.2	33.3	48.5	NA	NA	NA
ENSDART00000025224	lrba	47	95.4	113.0	12.8	40.7	147.3	163.1	5.91	23.84	2.01215420028
ENSDART00000011890	ZBTB22	9	53.2	45.8	NA	NA	NA	NA	NA	NA	NA
ENSDART00000121722	C11H3orf14	41	32.2	20.2	8.4	12.5	43.6	69.9	NA	NA	NA
ENSDART00000076725	acot11a	16	14.8	11.3	3.2	5.6	24.4	29.7	NA	NA	NA
ENSDART00000109576	FAAH	3	32.8	30.8	NA	NA	NA	NA	NA	NA	NA
ENSDART00000125632	uggt2	161	53.2	47.1	13.1	24.7	80.0	104.7	14.85	52.67	1.82651852847
ENSDART00000086317	plxna1	138	20.4	16.5	2.8	9.3	28.5	38.9	25.98	8.62	-1.59164165636
ENSDART00000142002	map7d1a	17	29.3	28.0	5.4	14.7	40.2	55.8	NA	NA	NA
ENSDART00000060542	mrps25	183	64.3	53.0	15.0	23.2	91.3	130.5	63.91	93.28	0.545526101159
ENSDART00000027020	ankrd28b	492	23.6	18.5	4.7	10.8	30.1	50.3	36.25	25.54	-0.505222470087
ENSDART00000076200	h1fx	7	22.3	25.3	NA	NA	NA	NA	NA	NA	NA
ENSDART00000101142	chsy3	6	20.2	18.7	NA	NA	NA	NA	NA	NA	NA
ENSDART00000101143	mhc1zea	84	29.8	26.2	7.2	12.3	40.4	57.7	NA	NA	NA
ENSDART00000122523	akr1b1	1	-11.1	-11.1	NA	NA	NA	NA	NA	NA	NA
ENSDART00000040032	rtn4ip1	21	47.0	46.9	16.3	26.9	54.5	76.5	NA	NA	NA
ENSDART00000140478	olfm1b	2	1.8	1.8	NA	NA	NA	NA	NA	NA	NA
ENSDART00000008711	gys1	252	21.2	17.4	4.1	10.3	27.2	41.7	NA	NA	NA
ENSDART00000003035	amy2a	2	15.6	15.6	NA	NA	NA	NA	NA	NA	NA
ENSDART00000115218	lipeb	28	24.7	23.0	5.6	12.8	33.5	45.6	NA	NA	NA
ENSDART00000067096	THUMPD1	146	13.0	10.6	2.2	6.7	16.8	28.2	21.14	3.38	-2.6448802251
ENSDART00000067095	nek8	35	24.2	19.9	8.1	13.1	30.5	46.0	NA	NA	NA
ENSDART00000138576	zgc:171977	134	30.8	27.1	6.9	14.4	40.4	59.0	NA	NA	NA
ENSDART00000113199	CR942805.1	1	24.0	24.0	NA	NA	NA	NA	NA	NA	NA
ENSDART00000132945	CR293532.1	1	25.1	25.1	NA	NA	NA	NA	NA	NA	NA
ENSDART00000049399	ankrd9	13	18.2	16.0	1.9	10.0	31.0	38.4	NA	NA	NA
ENSDART00000127719	KDM6B	79	43.6	33.8	10.6	19.7	56.9	90.6	13.12	20.96	0.675870996919
ENSDART00000150675	si:dkey-82i20.2	1	11.1	11.1	NA	NA	NA	NA	NA	NA	NA
ENSDART00000110622	AL954137.2	18	20.7	12.1	-1.6	0.3	19.0	51.6	NA	NA	NA
ENSDART00000127710	apooa	29	16.8	14.3	5.9	10.3	20.1	29.3	NA	NA	NA
ENSDART00000127715	tbpl2	85	49.1	35.7	10.6	17.0	74.0	115.0	NA	NA	NA
ENSDART00000127436	zgc:92630	2	15.9	15.9	NA	NA	NA	NA	NA	NA	NA
ENSDART00000114840	zbtb17	212	36.8	32.7	8.7	19.5	51.4	63.0	28.52	22.07	-0.369887352164
ENSDART00000127430	CABZ01086292.1	58	14.5	14.3	2.7	6.9	20.4	28.9	NA	NA	NA
ENSDART00000127431	zgc:162936	45	24.8	16.9	4.1	6.0	37.8	57.7	46.57	22.56	-1.04563381442
ENSDART00000075718	ndufaf6	57	15.7	14.4	4.2	8.6	19.7	31.2	NA	NA	NA
ENSDART00000136084	mfhas1	15	47.6	41.8	15.6	30.7	59.0	89.6	NA	NA	NA
ENSDART00000007675	zgc:123105	321	36.6	28.7	6.7	14.2	52.7	76.1	19.54	53.86	1.46278376253
ENSDART00000123722	msxd	4	10.0	8.0	NA	NA	NA	NA	NA	NA	NA
ENSDART00000054843	C1H7orf26	47	24.6	23.1	7.4	13.8	33.1	45.2	NA	NA	NA
ENSDART00000002221	bco2l	3	8.5	8.2	NA	NA	NA	NA	NA	NA	NA
ENSDART00000016314	gfm2	38	18.8	18.1	5.1	10.9	26.4	35.4	NA	NA	NA
ENSDART00000016310	banp	75	25.5	22.4	4.8	13.0	38.3	46.7	NA	NA	NA
ENSDART00000011471	dhrs13a.2	471	30.7	24.0	8.6	14.2	42.2	61.2	96.01	85.55	-0.166416824026
ENSDART00000054848	pmm2	32	32.2	29.3	12.4	17.4	44.4	56.3	NA	NA	NA
ENSDART00000113224	gna13a	92	44.0	38.6	8.4	19.7	59.6	81.3	NA	NA	NA
ENSDART00000114505	BX005256.2	19	39.7	40.6	7.6	15.3	57.8	66.3	NA	NA	NA
ENSDART00000087040	acsf2	58	108.0	114.7	34.9	68.6	142.9	167.2	15.05	196.9	3.70962771914
ENSDART00000130952	CR407588.1	1	5.2	5.2	NA	NA	NA	NA	NA	NA	NA
ENSDART00000087047	rab40c	176	38.0	29.7	11.3	17.2	46.9	81.0	25.24	59.67	1.24129386657
ENSDART00000020333	rae1	257	31.5	28.8	9.3	17.5	42.6	55.5	34.5	91.64	1.40938109675
ENSDART00000075713	adrb3a	3	14.1	12.6	NA	NA	NA	NA	NA	NA	NA
ENSDART00000114508	hprt1l	319	25.2	22.5	5.9	10.8	35.3	49.8	NA	NA	NA
ENSDART00000113229	cib2	5	115.0	119.6	NA	NA	NA	NA	NA	NA	NA
ENSDART00000134848	si:dkeyp-19e1.3	17	26.6	26.4	4.3	13.3	40.8	47.8	NA	NA	NA
ENSDART00000084037	sphk2	180	27.5	20.5	4.7	11.5	37.6	61.7	NA	NA	NA
ENSDART00000121655	dnajb6a	0	NA	NA	NA	NA	NA	NA	44.55	143.02	1.68271957157
ENSDART00000110432	KAZN	2	14.3	14.3	NA	NA	NA	NA	NA	NA	NA
ENSDART00000093583	COX19	106	25.2	21.9	7.9	13.3	32.1	48.3	NA	NA	NA
ENSDART00000149137	rxfp2a	14	21.8	11.6	4.6	6.9	22.3	55.4	NA	NA	NA
ENSDART00000140749	DIDO1	94	32.5	24.4	6.1	14.9	41.7	68.9	9.08	18.73	1.04458669695
ENSDART00000110553	ranbp1	20	17.7	16.6	2.9	6.3	23.1	30.5	154.32	313.82	1.02401225085
ENSDART00000110550	bcar3	1	18.9	18.9	NA	NA	NA	NA	NA	NA	NA
ENSDART00000150204	atp5e	808	17.4	14.4	4.0	8.1	23.1	34.1	278.72	130.96	-1.08969030212
ENSDART00000150209	tfb2m	77	25.4	21.1	7.0	12.8	33.1	52.9	NA	NA	NA
ENSDART00000127383	stard8	167	28.8	25.2	6.3	14.2	40.0	54.1	38.19	10.91	-1.8075438183
ENSDART00000127384	hoxc9a	2	4.2	4.2	NA	NA	NA	NA	NA	NA	NA
ENSDART00000144153	mff	11	22.1	15.7	7.1	14.6	25.5	44.2	NA	NA	NA
ENSDART00000115109	zgc:195633	14	19.5	4.1	-4.3	1.2	12.7	38.7	NA	NA	NA
ENSDART00000115108	soul4	61	31.8	25.9	8.0	14.2	41.9	59.8	NA	NA	NA
ENSDART00000141437	sdc2	101	29.0	18.9	3.9	10.1	42.8	67.7	24.17	71.82	1.5711681799
ENSDART00000144406	ercc5	3	19.7	22.1	NA	NA	NA	NA	15.58	3.86	-2.01302248079
ENSDART00000062935	heca	1	31.9	31.9	NA	NA	NA	NA	NA	NA	NA
ENSDART00000126397	TSPAN4	2	14.4	14.4	NA	NA	NA	NA	NA	NA	NA
ENSDART00000063643	rmnd5b	591	35.5	29.7	7.3	14.9	49.4	75.0	65.87	166.16	1.33487966606
ENSDART00000063644	dph3	400	26.0	22.0	8.0	14.8	32.8	47.0	NA	NA	NA
ENSDART00000063648	nck2b	11	20.3	23.9	6.2	10.0	28.2	29.1	NA	NA	NA
ENSDART00000019667	rnf114	58	38.0	28.0	7.4	15.7	53.0	84.0	NA	NA	NA
ENSDART00000100544	taar10	2	12.2	12.2	NA	NA	NA	NA	NA	NA	NA
ENSDART00000137681	nudt4a	18	35.6	24.6	10.2	14.7	45.5	65.3	NA	NA	NA
ENSDART00000084780	rnf121	153	34.4	29.1	6.8	16.8	48.7	65.0	NA	NA	NA
ENSDART00000043582	CECR5	4	31.0	19.3	NA	NA	NA	NA	NA	NA	NA
ENSDART00000134124	znf692	12	30.3	26.3	10.0	12.7	46.4	58.0	NA	NA	NA
ENSDART00000137689	hnrnpm	214	81.2	83.4	23.8	48.1	110.5	138.1	65.19	319.34	2.29237069347
ENSDART00000009256	brd9	114	31.2	25.1	6.7	12.7	45.0	61.1	41.24	25.93	-0.669422126515
ENSDART00000110881	si:ch211-150j10.4	1	17.7	17.7	NA	NA	NA	NA	NA	NA	NA
ENSDART00000110883	akap12b	2	32.2	32.2	NA	NA	NA	NA	NA	NA	NA
ENSDART00000110882	dido1	164	31.3	24.7	5.9	12.1	41.9	62.9	48.77	14.12	-1.78825388376
ENSDART00000045985	phkg1a	1	33.6	33.6	NA	NA	NA	NA	NA	NA	NA
ENSDART00000134816	slc2a3a	8	19.0	18.1	NA	NA	NA	NA	NA	NA	NA
ENSDART00000010786	dmrt2a	10	8.5	5.5	-7.6	-2.2	16.4	28.6	NA	NA	NA
ENSDART00000122099	dynll2a	713	30.2	22.9	5.4	12.7	39.9	68.0	122.55	241.57	0.979070816739
ENSDART00000122098	rhogc	182	57.5	52.5	14.1	26.7	84.1	110.3	29.85	221.58	2.89202483177
ENSDART00000040171	qrich1	214	42.0	32.2	10.0	19.0	52.4	90.7	24.45	231.28	3.24173414364
ENSDART00000015377	rnaseh2b	110	16.2	12.3	4.3	8.0	21.0	32.5	48.63	8.68	-2.48607964379
ENSDART00000064017	rapgef1a	54	20.5	20.2	2.4	8.1	29.9	40.8	NA	NA	NA
ENSDART00000109327	wu:fu71h07	1	15.2	15.2	NA	NA	NA	NA	NA	NA	NA
ENSDART00000060049	hspa13	7	16.3	15.3	NA	NA	NA	NA	NA	NA	NA
ENSDART00000106253	CABZ01054394.2	8	16.4	13.9	NA	NA	NA	NA	NA	NA	NA
ENSDART00000124273	kif20a	533	67.1	68.5	15.0	34.7	94.6	118.4	32.9	205.1	2.64016800274
ENSDART00000085786	znf346	84	98.6	110.8	17.2	43.9	146.5	176.0	NA	NA	NA
ENSDART00000114778	amot	39	97.7	110.9	7.9	56.6	141.2	176.5	NA	NA	NA
ENSDART00000098911	si:dkey-3b8.4	6	32.3	32.0	NA	NA	NA	NA	NA	NA	NA
ENSDART00000011780	xab2	110	31.3	26.8	7.3	15.9	43.2	62.1	12.66	38.74	1.61354654917
ENSDART00000082668	C5H2orf68	10	26.4	25.7	4.9	22.7	38.1	42.8	NA	NA	NA
ENSDART00000075400	eif3jb	43	39.1	24.9	4.9	13.3	50.3	106.6	65.45	48.67	-0.427360417554
ENSDART00000030691	clic4	26	49.4	29.5	5.6	13.3	78.0	124.1	NA	NA	NA
ENSDART00000012877	ero1l	42	18.9	14.0	4.0	7.3	33.9	39.5	NA	NA	NA
ENSDART00000137355	tet3	5	31.7	24.6	NA	NA	NA	NA	NA	NA	NA
ENSDART00000137353	klhl17	35	21.3	21.3	6.3	12.4	28.3	32.4	NA	NA	NA
ENSDART00000012873	klf12a	12	10.8	7.4	-0.4	3.0	19.3	28.8	NA	NA	NA
ENSDART00000023040	hes6	16	25.3	21.8	6.9	11.4	25.1	57.5	NA	NA	NA
ENSDART00000081445	ubox5	76	16.4	13.5	3.2	7.4	20.5	32.8	NA	NA	NA
ENSDART00000081446	zgc:123008	98	20.0	15.5	2.4	8.4	30.2	41.3	NA	NA	NA
ENSDART00000137230	pde11a	3	12.5	24.7	NA	NA	NA	NA	NA	NA	NA
ENSDART00000081442	fubp1	573	38.7	28.4	8.3	15.0	52.0	84.5	65.86	341.29	2.37352372619
ENSDART00000026567	foxn1	20	43.3	43.3	14.1	30.9	55.6	64.8	NA	NA	NA
ENSDART00000051236	mink1	53	51.1	47.4	2.4	19.1	76.2	103.8	15.14	29.69	0.971611888001
ENSDART00000026569	gpc4	144	30.7	22.2	7.3	13.9	39.4	68.0	9.41	27.75	1.5602211434
ENSDART00000051234	tnika	100	35.6	26.7	3.1	11.1	46.9	84.2	NA	NA	NA
ENSDART00000122670	ufsp2	83	16.4	14.9	3.8	9.5	23.1	31.9	NA	NA	NA
ENSDART00000081448	osbpl2b	342	26.9	23.5	6.2	14.0	38.8	51.2	NA	NA	NA
ENSDART00000051231	gnb2	2	6.8	6.8	NA	NA	NA	NA	NA	NA	NA
ENSDART00000015154	papolg	289	39.9	34.4	10.9	17.9	52.3	79.6	39.33	327.63	3.05836537447
ENSDART00000047552	sptlc3	99	46.7	42.1	11.7	29.1	65.5	80.3	30.05	32.65	0.119718000835
ENSDART00000111362	slc37a4b	1	48.9	48.9	NA	NA	NA	NA	NA	NA	NA
ENSDART00000078141	ribc1	1	9.8	9.8	NA	NA	NA	NA	NA	NA	NA
ENSDART00000015159	tns1	11	25.1	20.8	15.2	17.8	33.4	41.7	NA	NA	NA
ENSDART00000099381	zgc:162184	6	26.8	23.7	NA	NA	NA	NA	NA	NA	NA
ENSDART00000090292	ctnnd2b	1	16.2	16.2	NA	NA	NA	NA	NA	NA	NA
ENSDART00000123916	eif4e2	144	23.2	20.9	8.2	12.3	31.7	42.5	NA	NA	NA
ENSDART00000104043	dkk3b	3	20.7	12.0	NA	NA	NA	NA	NA	NA	NA
ENSDART00000082066	atpv0e2	215	19.8	18.1	3.7	10.6	26.6	39.3	NA	NA	NA
ENSDART00000103010	sft2d3	127	40.1	35.4	11.4	20.2	57.7	74.8	NA	NA	NA
ENSDART00000099389	DNLZ	93	22.6	20.9	2.2	10.9	33.2	45.8	NA	NA	NA
ENSDART00000082063	fam114a1	78	34.2	30.9	7.9	20.2	50.7	57.8	27.79	20.12	-0.465935529395
ENSDART00000088006	kcng3	7	41.5	34.6	NA	NA	NA	NA	NA	NA	NA
ENSDART00000085565	CAPN15	119	43.5	36.4	14.8	25.1	58.9	79.0	20.29	34.65	0.772086487268
ENSDART00000088004	sorbs2b	3	34.8	37.6	NA	NA	NA	NA	NA	NA	NA
ENSDART00000089279	CLCN2	21	17.0	16.9	5.7	10.2	19.2	27.4	NA	NA	NA
ENSDART00000089278	si:ch211-236l14.4	1	111.9	111.9	NA	NA	NA	NA	NA	NA	NA
ENSDART00000112379	fam198b	2	9.3	9.3	NA	NA	NA	NA	NA	NA	NA
ENSDART00000082667	fgfrl1a	1	9.8	9.8	NA	NA	NA	NA	NA	NA	NA
ENSDART00000112375	BX537138.1	187	113.1	125.9	35.2	91.4	146.8	159.8	12.1	83.06	2.77914682426
ENSDART00000067513	OAZ2	5	35.4	18.0	NA	NA	NA	NA	NA	NA	NA
ENSDART00000108978	CCDC61	70	35.1	31.1	5.2	15.9	51.2	69.6	NA	NA	NA
ENSDART00000111938	elmod2	388	21.9	18.1	5.4	11.3	29.2	44.3	NA	NA	NA
ENSDART00000152528	r3hcc1l	95	40.9	27.4	8.0	16.8	58.6	96.6	16.56	44.89	1.43869142342
ENSDART00000046983	PDXK	190	24.1	21.3	5.6	11.7	34.4	44.7	NA	NA	NA
ENSDART00000101709	HBZ	1	5.3	5.3	NA	NA	NA	NA	NA	NA	NA
ENSDART00000065940	opn1lw2	1	4.2	4.2	NA	NA	NA	NA	NA	NA	NA
ENSDART00000112010	lzts2b	13	24.5	14.5	7.8	13.6	30.9	51.7	NA	NA	NA
ENSDART00000152521	ca15b	820	14.8	12.3	2.1	6.6	19.7	32.6	NA	NA	NA
ENSDART00000112014	mplkip	8	30.2	35.6	NA	NA	NA	NA	NA	NA	NA
ENSDART00000065949	top1l	823	32.1	26.4	6.5	14.2	44.4	66.5	249.56	166.21	-0.586379530291
ENSDART00000106654	znf711	182	26.2	21.5	4.5	9.7	38.3	58.4	NA	NA	NA
ENSDART00000103945	FGD5	10	26.4	25.3	10.2	22.2	31.9	41.2	NA	NA	NA
ENSDART00000025013	kptn	123	27.7	25.3	10.3	18.9	36.8	47.5	NA	NA	NA
ENSDART00000032123	TSHZ3	20	28.2	26.0	2.8	14.3	36.7	51.5	NA	NA	NA
ENSDART00000002465	msh2	107	20.7	16.2	5.5	10.4	26.2	43.1	46.54	42.85	-0.119176006405
ENSDART00000083330	lrrc8c	21	60.8	47.7	8.3	33.3	89.9	102.5	NA	NA	NA
ENSDART00000153135	si:dkeyp-67e6.5	9	25.8	31.0	NA	NA	NA	NA	NA	NA	NA
ENSDART00000153136	psme4b	78	107.6	119.7	30.1	68.5	145.5	169.4	4.42	66.33	3.90754325115
ENSDART00000060426	fam173a	98	23.8	18.4	7.3	12.9	29.1	50.3	NA	NA	NA
ENSDART00000018205	aanat2	10	23.9	20.8	5.5	16.1	29.6	36.8	NA	NA	NA
ENSDART00000066269	arl4d	383	19.9	16.5	5.5	9.3	27.1	39.4	62.77	12.74	-2.30070993133
ENSDART00000018758	METRNL	5	22.9	22.2	NA	NA	NA	NA	NA	NA	NA
ENSDART00000112067	hmcn2	24	35.5	28.7	12.7	17.1	51.6	62.4	NA	NA	NA
ENSDART00000084495	arhgap24	44	48.0	41.8	8.5	19.9	69.4	86.3	NA	NA	NA
ENSDART00000092953	cnot7	67	49.0	32.9	5.6	14.2	77.3	116.6	NA	NA	NA
ENSDART00000126443	galnt18a	53	12.5	11.7	0.3	5.2	19.1	25.5	NA	NA	NA
ENSDART00000142275	triqk	90	39.7	32.6	8.2	15.6	61.8	78.8	NA	NA	NA
ENSDART00000114908	CR762436.4	16	2.1	-3.1	-7.2	-6.4	6.7	18.4	NA	NA	NA
ENSDART00000142270	ccdc79	3	20.6	15.9	NA	NA	NA	NA	NA	NA	NA
ENSDART00000041402	pfkfb3	2	15.4	15.4	NA	NA	NA	NA	NA	NA	NA
ENSDART00000065169	siah2l	198	17.7	13.2	0.3	5.9	25.4	44.0	NA	NA	NA
ENSDART00000018071	eif3g	185	18.4	15.8	2.5	7.6	26.2	38.5	58.11	8.97	-2.69560656441
ENSDART00000033774	edem2	32	23.6	18.0	5.5	11.4	26.8	49.5	NA	NA	NA
ENSDART00000073676	isca1	228	28.9	18.6	4.8	11.2	32.8	58.7	NA	NA	NA
ENSDART00000009298	tmem248	51	50.1	24.6	5.8	11.6	75.8	121.5	NA	NA	NA
ENSDART00000102843	src	144	24.4	21.7	5.5	9.7	32.3	46.8	NA	NA	NA
ENSDART00000004075	MNF1	161	24.5	21.0	6.8	13.3	32.3	46.0	NA	NA	NA
ENSDART00000098833	nfkbie	17	80.0	88.5	14.4	41.5	120.9	133.1	NA	NA	NA
ENSDART00000032877	ino80e	2	29.9	29.9	NA	NA	NA	NA	NA	NA	NA
ENSDART00000055890	ZNF385C	153	21.9	19.6	7.5	12.8	27.5	41.4	NA	NA	NA
ENSDART00000098834	prpf4ba	133	33.5	27.0	5.0	14.1	47.0	71.8	15.4	54.17	1.81456373989
ENSDART00000001201	bysl	171	16.6	13.5	3.0	7.4	22.0	34.5	48.59	4.6	-3.40095366617
ENSDART00000073397	NFATC3	36	27.4	22.1	7.3	14.5	34.0	50.3	NA	NA	NA
ENSDART00000130229	wdr45	66	20.7	17.3	5.8	12.8	26.0	40.2	NA	NA	NA
ENSDART00000057761	rrh	1	29.1	29.1	NA	NA	NA	NA	NA	NA	NA
ENSDART00000088315	CR382363.1	21	31.5	30.8	4.7	13.6	44.0	65.1	NA	NA	NA
ENSDART00000113422	LRRTM4	5	25.1	25.6	NA	NA	NA	NA	NA	NA	NA
ENSDART00000138019	piwil1	49	39.4	30.5	8.6	17.9	48.5	84.1	NA	NA	NA
ENSDART00000027213	inaa	17	30.1	28.4	10.7	13.0	43.9	51.7	NA	NA	NA
ENSDART00000097388	napg	47	14.1	15.7	3.6	9.1	22.2	27.2	NA	NA	NA
ENSDART00000027214	slc25a25a	2161	18.7	15.3	2.5	7.9	24.6	40.0	NA	NA	NA
ENSDART00000027217	CWC15	875	40.0	33.9	10.8	19.9	55.2	77.5	181.12	184.06	0.0232302703488
ENSDART00000128326	sppl2	54	43.4	25.3	3.5	12.4	57.3	103.1	NA	NA	NA
ENSDART00000005479	chm	43	42.9	36.3	11.9	19.3	64.4	86.3	8.68	73.81	3.08804934239
ENSDART00000097381	zgc:154075	74	17.7	15.3	3.5	7.0	27.7	34.7	NA	NA	NA
ENSDART00000124530	irak4	32	11.6	10.4	0.3	4.6	15.4	26.7	NA	NA	NA
ENSDART00000138017	pura	2	7.2	7.2	NA	NA	NA	NA	NA	NA	NA
ENSDART00000062348	mrps24	162	22.4	19.3	5.6	11.0	30.5	45.6	NA	NA	NA
ENSDART00000062343	hipk2	24	21.9	13.8	2.0	6.1	20.7	43.5	NA	NA	NA
ENSDART00000053860	fam154b	2	26.4	26.4	NA	NA	NA	NA	NA	NA	NA
ENSDART00000077119	bcat2	177	105.5	119.3	16.1	62.7	149.5	173.5	NA	NA	NA
ENSDART00000127945	egr2a	1	12.8	12.8	NA	NA	NA	NA	NA	NA	NA
ENSDART00000131579	ptprdb	3	9.2	9.1	NA	NA	NA	NA	NA	NA	NA
ENSDART00000127940	abi1b	21	32.9	20.1	3.1	13.0	39.4	83.3	NA	NA	NA
ENSDART00000053642	ensaa	3	26.1	25.6	NA	NA	NA	NA	NA	NA	NA
ENSDART00000077113	mta2	111	70.0	63.8	18.0	33.0	98.2	133.2	15.89	173.86	3.45173501993
ENSDART00000053868	aldh9a1b	153	28.0	26.2	7.5	13.4	36.8	49.9	19.4	11.69	-0.730781722543
ENSDART00000077117	TP53BP2	17	44.9	36.2	18.2	25.0	60.7	87.0	NA	NA	NA
ENSDART00000127948	mob1a	2	22.9	22.9	NA	NA	NA	NA	NA	NA	NA
ENSDART00000088968	ube3b	89	37.7	32.4	11.0	17.8	54.9	73.0	NA	NA	NA
ENSDART00000109944	E2F1	13	19.6	17.5	2.5	7.1	30.0	37.2	NA	NA	NA
ENSDART00000057981	CABZ01055869.1	1	23.8	23.8	NA	NA	NA	NA	NA	NA	NA
ENSDART00000109942	mctp2b	159	44.3	38.5	12.2	19.6	63.3	86.3	31.66	55.31	0.804879086579
ENSDART00000057288	zgc:77439	4	102.0	95.5	NA	NA	NA	NA	NA	NA	NA
ENSDART00000022874	psma6a	249	44.2	41.1	14.4	24.4	58.9	73.7	75.79	165.07	1.12299853533
ENSDART00000109948	qser1	1	5.8	5.8	NA	NA	NA	NA	NA	NA	NA
ENSDART00000054077	tpbgb	8	25.5	22.1	NA	NA	NA	NA	NA	NA	NA
ENSDART00000033617	stil	956	15.0	12.1	1.7	6.2	21.1	32.6	22.58	10.33	-1.12820523191
ENSDART00000133599	eif4enif1	165	22.4	16.3	2.8	8.7	29.9	46.2	24.78	52.3	1.07763475899
ENSDART00000054071	FAM46A	1	40.2	40.2	NA	NA	NA	NA	NA	NA	NA
ENSDART00000020654	psmd4b	58	17.6	14.5	2.1	5.7	25.4	38.3	NA	NA	NA
ENSDART00000058598	cx45.6	1	78.4	78.4	NA	NA	NA	NA	NA	NA	NA
ENSDART00000113764	zgc:174888	5	13.1	9.0	NA	NA	NA	NA	NA	NA	NA
ENSDART00000133593	swt1	114	26.5	24.2	6.5	10.8	36.7	54.7	14.39	15.02	0.061818220774
ENSDART00000121468	phf20b	47	24.1	20.1	7.5	10.5	33.2	48.2	NA	NA	NA
ENSDART00000005299	hsd17b12a	85	43.1	29.9	6.2	11.5	65.3	105.3	48.47	418.49	3.11002916175
ENSDART00000145502	insb	30	13.0	12.1	2.9	7.6	15.6	21.1	NA	NA	NA
ENSDART00000012419	actr5	270	19.4	16.6	3.6	9.8	23.9	37.1	37.58	17.62	-1.0927511425
ENSDART00000124141	CABZ01085085.1	176	23.3	19.2	4.0	9.7	33.3	47.4	NA	NA	NA
ENSDART00000124140	zgc:101566	109	72.8	51.4	11.6	19.8	120.2	163.1	NA	NA	NA
ENSDART00000024320	ybx1	460	66.3	65.5	12.0	33.8	97.0	120.8	284.31	312.8	0.137775669006
ENSDART00000024647	dennd6b	231	98.7	107.9	29.3	65.3	135.0	150.1	NA	NA	NA
ENSDART00000142492	eno1b	13	18.5	20.2	5.8	8.5	23.7	32.6	NA	NA	NA
ENSDART00000088961	edem1	104	88.1	93.0	30.1	69.7	114.2	125.9	7.59	42.08	2.47096291388
ENSDART00000024328	slc34a2a	1	19.8	19.8	NA	NA	NA	NA	NA	NA	NA
ENSDART00000140154	si:dkey-65b12.12	1	47.4	47.4	NA	NA	NA	NA	NA	NA	NA
ENSDART00000029588	kng1	2	23.3	23.3	NA	NA	NA	NA	NA	NA	NA
ENSDART00000128815	stra13	98	12.3	11.6	0.9	6.1	17.1	23.2	NA	NA	NA
ENSDART00000006923	atp5s	53	14.5	12.7	5.6	8.7	16.6	28.1	NA	NA	NA
ENSDART00000006927	use1	219	26.7	21.2	7.0	12.8	37.1	54.1	NA	NA	NA
ENSDART00000078936	her9	1	34.4	34.4	NA	NA	NA	NA	NA	NA	NA
ENSDART00000004120	adamts18	4	16.2	10.7	NA	NA	NA	NA	NA	NA	NA
ENSDART00000145728	sdhc	285	14.7	11.6	3.5	6.8	19.5	31.8	NA	NA	NA
ENSDART00000128799	gid8a	359	23.2	19.8	7.0	12.0	30.2	41.5	NA	NA	NA
ENSDART00000058260	gstal	26	13.1	12.6	2.7	7.8	19.3	21.3	NA	NA	NA
ENSDART00000057185	map3k9	1	29.1	29.1	NA	NA	NA	NA	NA	NA	NA
ENSDART00000130482	tmed9	330	45.0	33.3	6.9	14.4	62.3	105.2	43.8	433.13	3.3057973267
ENSDART00000130486	bgnb	9	36.6	30.3	NA	NA	NA	NA	NA	NA	NA
ENSDART00000145057	tsc1b	158	37.0	27.9	6.9	14.8	54.1	79.3	15.11	10.62	-0.508719894361
ENSDART00000146434	zgc:153115	162	59.1	62.8	11.6	25.1	83.6	109.9	NA	NA	NA
ENSDART00000002029	fkbp8	214	28.8	23.4	5.6	12.0	40.1	64.5	NA	NA	NA
ENSDART00000005359	def6a	2	58.7	58.7	NA	NA	NA	NA	NA	NA	NA
ENSDART00000076574	rtn1a	23	26.2	24.1	6.1	11.3	32.1	51.2	NA	NA	NA
ENSDART00000076575	rhof	7	28.5	30.6	NA	NA	NA	NA	NA	NA	NA
ENSDART00000079226	cpeb4	289	32.9	28.0	8.0	14.6	45.0	67.1	52.4	71.04	0.439064769925
ENSDART00000081385	ccdc172	31	24.0	20.8	8.9	12.6	36.8	43.1	NA	NA	NA
ENSDART00000080051	CR848745.1	10	32.1	35.7	-2.4	10.1	48.9	61.4	NA	NA	NA
ENSDART00000014153	cyb5r3	108	28.2	25.2	9.3	16.0	38.6	51.6	NA	NA	NA
ENSDART00000098499	dck	178	13.8	11.8	4.0	7.4	19.3	25.6	NA	NA	NA
ENSDART00000046077	adssl1	2	6.0	6.0	NA	NA	NA	NA	NA	NA	NA
ENSDART00000007030	klhl42	16	23.9	19.1	6.9	10.3	34.8	38.6	NA	NA	NA
ENSDART00000122845	CABZ01115256.1	63	13.8	11.4	4.6	7.6	17.0	24.6	NA	NA	NA
ENSDART00000122841	CR954963.1	398	29.8	26.2	7.9	14.4	41.5	55.8	103.01	51.51	-0.999859952915
ENSDART00000128282	C11H9orf89	31	14.8	10.6	4.1	6.1	20.5	28.6	NA	NA	NA
ENSDART00000131681	asnsd1	99	55.1	53.3	14.7	27.3	80.4	99.4	43.44	21.11	-1.04109752446
ENSDART00000134064	mxd1	5	50.8	46.4	NA	NA	NA	NA	NA	NA	NA
ENSDART00000128530	snrpa1	353	69.2	69.1	23.3	37.7	95.3	117.8	184.73	605.74	1.71328050497
ENSDART00000134066	TDRD15	32	88.0	83.7	19.7	53.9	114.5	148.9	6.14	18.25	1.57158590328
ENSDART00000125815	krr1	175	18.9	15.8	4.5	9.9	24.4	36.0	46.47	11.29	-2.04125415874
ENSDART00000045403	etv2	2	23.1	23.1	NA	NA	NA	NA	NA	NA	NA
ENSDART00000109367	si:ch73-70k4.1	7	46.8	48.4	NA	NA	NA	NA	NA	NA	NA
ENSDART00000097374	rasa4	15	25.0	20.3	12.5	17.0	32.0	38.9	NA	NA	NA
ENSDART00000082409	rpn1	433	32.4	22.6	4.5	10.5	44.6	79.3	48.07	149.2	1.634038827
ENSDART00000067392	C4H12orf5	134	22.9	20.0	6.6	12.3	31.3	41.9	NA	NA	NA
ENSDART00000057867	sfxn3	372	62.0	56.5	16.3	28.0	91.2	117.2	NA	NA	NA
ENSDART00000063437	adam17a	38	51.5	47.3	8.9	24.3	79.5	90.6	NA	NA	NA
ENSDART00000067397	ndufaf7	25	19.3	17.4	5.0	8.2	23.8	38.5	NA	NA	NA
ENSDART00000151420	glrx2	44	19.6	18.4	6.7	11.5	26.8	34.5	NA	NA	NA
ENSDART00000130819	ppox	43	20.6	21.3	5.2	13.1	28.5	37.0	NA	NA	NA
ENSDART00000151426	si:ch73-91k6.2	25	20.7	22.3	5.1	8.4	28.8	39.2	NA	NA	NA
ENSDART00000055859	pold1	273	31.5	27.5	8.7	16.2	44.1	58.9	45.68	32.21	-0.50405398998
ENSDART00000130810	atpaf1	105	13.5	11.8	2.7	7.0	17.5	25.9	12.69	1.08	-3.55458885168
ENSDART00000076103	bc2	93	32.2	25.6	3.6	14.0	47.7	69.2	31.18	101.91	1.7086027909
ENSDART00000130815	E2F3	162	51.5	44.6	10.5	23.2	74.2	98.1	28.16	123.23	2.12963427979
ENSDART00000047377	crata	180	22.0	20.4	4.8	11.0	30.5	40.2	NA	NA	NA
ENSDART00000132084	si:ch211-127i16.2	6	22.1	18.1	NA	NA	NA	NA	NA	NA	NA
ENSDART00000132087	pogzb	60	30.9	25.2	8.2	12.8	42.4	58.9	NA	NA	NA
ENSDART00000026020	wdr54	14	10.2	9.8	-3.8	6.8	16.4	21.4	NA	NA	NA
ENSDART00000103124	p4hb	1494	45.4	42.0	12.8	24.7	62.2	84.7	187.13	1529.76	3.03119256022
ENSDART00000043466	BX901915.1	36	22.6	16.2	3.1	7.2	28.6	51.0	NA	NA	NA
ENSDART00000022498	tti1	8	47.6	48.9	NA	NA	NA	NA	NA	NA	NA
ENSDART00000090731	dhx37	119	30.3	26.5	8.4	18.3	39.6	56.4	38.48	15.1	-1.34956024956
ENSDART00000080014	rps8b	2	13.9	13.9	NA	NA	NA	NA	NA	NA	NA
ENSDART00000090739	NARS2	26	23.8	20.3	4.7	8.4	29.2	37.8	NA	NA	NA
ENSDART00000080016	ppp3ccb	281	28.2	24.7	6.1	14.4	40.6	53.4	NA	NA	NA
ENSDART00000144890	bokb	360	48.4	44.9	11.8	24.7	68.6	90.8	NA	NA	NA
ENSDART00000144232	ficd	105	17.6	15.1	3.2	10.1	23.6	34.5	NA	NA	NA
ENSDART00000101085	morc3a	57	19.7	17.7	5.7	9.4	27.9	35.9	NA	NA	NA
ENSDART00000033325	SLC25A24	89	43.7	35.0	9.2	16.6	68.0	82.4	NA	NA	NA
ENSDART00000003195	chmp4c	403	20.2	17.7	3.6	10.0	28.1	40.4	NA	NA	NA
ENSDART00000126100	si:ch211-136m16.8	41	9.7	7.0	-0.1	2.9	14.1	20.2	NA	NA	NA
ENSDART00000099019	tmem91	1	8.1	8.1	NA	NA	NA	NA	NA	NA	NA
ENSDART00000103839	DDO	1	56.8	56.8	NA	NA	NA	NA	NA	NA	NA
ENSDART00000016780	gspt1l	310	45.9	40.0	11.9	21.7	64.2	91.2	112.13	300.28	1.42113607017
ENSDART00000103957	exoc3l1	4	76.9	62.3	NA	NA	NA	NA	NA	NA	NA
ENSDART00000104674	camk1db	3	16.1	19.6	NA	NA	NA	NA	NA	NA	NA
ENSDART00000148724	slc1a2b	21	24.7	11.9	1.2	7.6	31.4	50.8	NA	NA	NA
ENSDART00000000566	gtf2e1	168	43.0	34.5	12.6	21.0	62.6	91.3	27.7	164.77	2.5724957107
ENSDART00000019245	ARHGAP42	14	30.9	21.7	7.3	11.4	42.5	67.7	NA	NA	NA
ENSDART00000110723	SGIP1	1	46.3	46.3	NA	NA	NA	NA	NA	NA	NA
ENSDART00000108703	tegt	488	39.8	33.1	10.4	18.0	56.7	78.1	43.13	84.01	0.961869351006
ENSDART00000108701	GDPD4	1	24.8	24.8	NA	NA	NA	NA	NA	NA	NA
ENSDART00000148236	tmem179b	2	20.2	20.2	NA	NA	NA	NA	NA	NA	NA
ENSDART00000026794	nt5dc1	30	25.1	15.8	2.7	5.5	32.4	59.3	NA	NA	NA
ENSDART00000141241	gb:ai877918	3	32.3	36.3	NA	NA	NA	NA	NA	NA	NA
ENSDART00000012506	eng1a	2	24.8	24.8	NA	NA	NA	NA	NA	NA	NA
ENSDART00000046179	mafg2	10	25.6	15.0	5.9	12.7	45.0	55.8	NA	NA	NA
ENSDART00000064376	sod1	2080	26.3	21.8	8.1	14.3	33.4	50.6	257.38	124.82	-1.04405083488
ENSDART00000064375	tmem244	22	42.2	27.0	15.3	16.8	61.3	85.1	NA	NA	NA
ENSDART00000034054	nus1	134	27.7	21.9	-0.1	9.9	39.5	60.9	NA	NA	NA
ENSDART00000051003	cdk7	539	15.7	13.8	3.8	8.3	20.4	29.3	64.3	5.77	-3.47817551357
ENSDART00000101887	ostm1	19	56.4	52.5	15.2	33.9	80.1	97.9	NA	NA	NA
ENSDART00000006748	yipf1	161	33.9	29.0	7.4	15.9	44.8	61.0	NA	NA	NA
ENSDART00000078066	spire1a	148	32.3	26.9	9.1	15.0	48.7	59.1	NA	NA	NA
ENSDART00000054982	gabra6a	12	37.1	36.4	25.7	29.7	47.9	51.2	NA	NA	NA
ENSDART00000054981	zgc:112980	681	33.5	30.2	10.3	19.3	44.4	61.0	113.59	403.68	1.82937627998
ENSDART00000078062	C20H6orf211	292	21.1	16.9	5.0	10.1	28.0	44.4	NA	NA	NA
ENSDART00000017941	tprb	234	59.9	57.3	15.9	29.3	83.4	109.1	52.53	107.86	1.03794644936
ENSDART00000078324	nipa1	74	27.2	24.1	6.0	12.0	35.6	55.0	NA	NA	NA
ENSDART00000103486	TNRC18	7	26.0	25.4	NA	NA	NA	NA	20.06	27.87	0.474391396492
ENSDART00000027772	pcyt1ab	103	37.5	29.7	4.7	13.7	54.7	86.7	NA	NA	NA
ENSDART00000081599	ptpn11a	78	58.9	45.2	10.9	25.7	88.7	123.0	60.31	112.67	0.90163428813
ENSDART00000103489	APITD1	60	20.2	16.4	3.3	8.8	27.8	43.7	NA	NA	NA
ENSDART00000011645	coro2a	57	17.0	14.8	-0.1	5.4	25.5	34.3	NA	NA	NA
ENSDART00000130057	rps6ka3b	70	52.8	35.7	10.3	18.0	83.0	114.8	NA	NA	NA
ENSDART00000000744	sypl2b	14	45.1	47.6	16.7	21.9	59.9	79.0	NA	NA	NA
ENSDART00000030738	lmf2b	281	28.1	22.7	6.0	14.5	36.9	56.0	23.01	40.56	0.817796668779
ENSDART00000144104	sycp2	13	24.7	26.8	6.5	13.9	32.2	40.1	NA	NA	NA
ENSDART00000019248	tmem110	123	36.8	26.2	6.6	12.6	48.7	87.6	NA	NA	NA
ENSDART00000075876	dclre1a	108	15.9	12.2	1.9	6.7	16.7	31.0	19.82	5.85	-1.76044843272
ENSDART00000037501	fam50a	259	26.0	23.6	6.5	12.3	34.8	48.0	131.1	39.84	-1.71837813304
ENSDART00000051005	thbs4a	1	16.5	16.5	NA	NA	NA	NA	NA	NA	NA
ENSDART00000081272	gcn1l1	115	45.6	35.7	13.8	19.8	63.9	90.8	10.36	13.77	0.410504556448
ENSDART00000122465	GGT7	154	31.8	22.7	5.9	10.9	47.5	72.0	27.03	36.15	0.419434135304
ENSDART00000149221	grhl2b	2	9.4	9.4	NA	NA	NA	NA	NA	NA	NA
ENSDART00000075080	prpf38b	253	66.6	64.4	19.0	40.1	89.9	110.0	63.36	198.8	1.64967351637
ENSDART00000060251	wdr18	262	39.4	34.5	10.8	20.4	56.0	78.5	52.89	99.69	0.914453818372
ENSDART00000113789	zgc:198419	16	29.2	25.2	8.0	12.8	34.6	50.1	47.76	1.73	-4.78695889363
ENSDART00000003425	irf2bp2b	12	36.4	33.6	3.1	5.8	56.2	75.6	NA	NA	NA
ENSDART00000054674	mtnr1aa	19	14.8	13.3	4.8	9.3	16.3	32.2	NA	NA	NA
ENSDART00000126566	SLC22A23	30	43.4	29.0	11.7	17.5	49.8	78.0	NA	NA	NA
ENSDART00000126564	fbxo30b	221	34.2	25.0	5.8	12.3	47.8	77.0	NA	NA	NA
ENSDART00000037600	ankrd16	2	44.1	44.1	NA	NA	NA	NA	NA	NA	NA
ENSDART00000080904	sardh	187	22.2	14.5	2.5	7.1	29.8	42.7	14.37	6.31	-1.18734815147
ENSDART00000136334	si:ch211-250e5.16	693	10.9	9.4	1.3	5.0	15.2	21.6	NA	NA	NA
ENSDART00000078497	slc4a1b	5	63.9	26.4	NA	NA	NA	NA	NA	NA	NA
ENSDART00000078494	l3mbtl2	98	45.1	39.8	14.3	22.7	59.5	86.4	19.24	47.03	1.28947253309
ENSDART00000124093	SH2D6	3	12.2	14.4	NA	NA	NA	NA	NA	NA	NA
ENSDART00000146493	zeb1a	38	37.7	31.3	14.1	19.8	50.4	76.1	6.69	8.85	0.403671244329
ENSDART00000008170	RFFL	130	19.1	15.3	6.1	9.0	25.6	36.3	NA	NA	NA
ENSDART00000124705	histh1l	8	9.1	6.4	NA	NA	NA	NA	NA	NA	NA
ENSDART00000124704	mb21d2b	20	12.1	10.3	1.7	6.4	16.2	24.3	NA	NA	NA
ENSDART00000015554	ubiad1	331	16.4	14.3	3.6	8.0	22.7	30.0	29.67	2.05	-3.85530911197
ENSDART00000124701	CABZ01088691.2	3	54.3	65.0	NA	NA	NA	NA	NA	NA	NA
ENSDART00000087196	C3H17orf75	56	19.3	16.9	4.8	10.2	24.5	40.4	NA	NA	NA
ENSDART00000093046	uba5	220	22.6	19.0	5.9	11.3	29.9	45.7	95.85	26.94	-1.83102858109
ENSDART00000059261	dusp19	2	60.7	60.7	NA	NA	NA	NA	NA	NA	NA
ENSDART00000050603	hadh	78	22.6	20.3	5.0	13.1	31.5	45.1	NA	NA	NA
ENSDART00000100022	zgc:101846	442	26.4	19.1	5.7	11.7	33.9	61.8	45.37	119.58	1.39816555121
ENSDART00000042486	C14H4orf29	139	40.3	34.7	5.3	18.1	58.5	83.0	25.84	52.71	1.02847062204
ENSDART00000061076	cav1	1	12.8	12.8	NA	NA	NA	NA	NA	NA	NA
ENSDART00000140266	mfn2	162	31.1	26.0	7.4	15.3	40.2	60.7	NA	NA	NA
ENSDART00000100757	oxa1l	125	15.1	14.0	2.9	9.0	20.1	28.5	15.19	1.14	-3.73601614034
ENSDART00000131051	ifnlr1	9	25.6	13.0	NA	NA	NA	NA	NA	NA	NA
ENSDART00000081059	rps6kb1b	323	25.4	20.5	4.0	9.8	32.5	57.0	33.56	72.5	1.11123827935
ENSDART00000127177	MRPL52	14	18.3	12.4	7.8	8.9	23.0	35.0	NA	NA	NA
ENSDART00000079413	ttc12	3	21.6	22.8	NA	NA	NA	NA	NA	NA	NA
ENSDART00000102530	kdm2bb	22	32.4	20.7	4.5	6.5	40.3	61.8	NA	NA	NA
ENSDART00000082886	RECQL5	159	31.5	28.3	11.3	16.7	39.6	58.7	24.75	3.01	-3.03959313309
ENSDART00000102538	pitx3	4	23.6	24.2	NA	NA	NA	NA	NA	NA	NA
ENSDART00000060702	rmdn3	87	21.1	19.7	6.7	10.6	30.8	37.4	NA	NA	NA
ENSDART00000060706	rad51	75	9.1	7.5	-0.7	3.9	12.2	23.5	105.85	2.34	-5.49936892931
ENSDART00000097256	SLC6A13	1	20.7	20.7	NA	NA	NA	NA	NA	NA	NA
ENSDART00000006338	mterfd1	155	22.6	20.2	6.8	12.4	31.4	42.4	NA	NA	NA
ENSDART00000146631	espn	5	22.5	18.5	NA	NA	NA	NA	NA	NA	NA
ENSDART00000082506	myef2	736	78.1	79.3	29.6	54.0	103.4	123.2	57.38	268.37	2.22560353427
ENSDART00000103222	NUDT7	12	38.9	31.8	13.2	25.8	56.8	80.9	NA	NA	NA
ENSDART00000081494	vsig10	72	23.5	23.2	0.3	9.0	35.2	47.2	79.29	32.69	-1.2782895486
ENSDART00000085222	ATL2	450	46.3	43.0	15.8	28.3	63.8	81.0	51.55	56.39	0.129466915358
ENSDART00000146636	hoxb2a	9	14.4	14.7	NA	NA	NA	NA	NA	NA	NA
ENSDART00000099863	slc25a37	41	24.8	22.1	-7.2	13.0	45.3	55.7	NA	NA	NA
ENSDART00000033429	npbwr2a	2	49.0	49.0	NA	NA	NA	NA	NA	NA	NA
ENSDART00000085228	pik3r4	84	45.2	42.2	10.1	18.7	62.4	84.0	10.13	27.9	1.46163094792
ENSDART00000079816	lppr5b	5	18.5	15.2	NA	NA	NA	NA	NA	NA	NA
ENSDART00000060162	hspb1	2	36.9	36.9	NA	NA	NA	NA	NA	NA	NA
ENSDART00000004716	acp5a	7723	17.6	15.0	3.1	8.0	24.5	35.0	1389.14	134.68	-3.36658447263
ENSDART00000038257	PARP4	5	92.6	84.9	NA	NA	NA	NA	NA	NA	NA
ENSDART00000073442	flna	483	21.9	16.5	5.5	10.0	27.1	44.3	38.55	27.02	-0.512703185477
ENSDART00000073447	FHOD1	33	45.7	41.2	7.6	22.8	65.1	86.7	8.16	83.35	3.3525411419
ENSDART00000122281	tatdn2	586	52.5	48.4	18.0	29.3	70.3	91.9	59.73	213.04	1.83459670677
ENSDART00000142897	si:dkey-193c22.2	5	13.1	16.9	NA	NA	NA	NA	NA	NA	NA
ENSDART00000093415	rbm45	52	58.0	43.5	12.4	23.8	91.1	114.6	7.63	100.46	3.71879431284
ENSDART00000105934	si:dkey-253d23.9	1	29.1	29.1	NA	NA	NA	NA	NA	NA	NA
ENSDART00000040723	psmg3	361	20.3	17.5	5.8	10.7	26.6	36.7	NA	NA	NA
ENSDART00000093148	rab43	203	30.3	23.0	10.2	14.9	37.8	56.4	18.92	69.75	1.88228112826
ENSDART00000057379	vti1b	74	42.1	33.9	14.8	19.2	56.1	84.8	NA	NA	NA
ENSDART00000057378	emc4	5	17.1	20.3	NA	NA	NA	NA	NA	NA	NA
ENSDART00000002938	mtmr8	184	30.8	26.1	6.0	12.4	43.8	64.8	NA	NA	NA
ENSDART00000112680	RMDN1	25	16.5	7.9	0.3	4.8	22.3	43.3	NA	NA	NA
ENSDART00000025496	rras	300	87.0	94.1	18.9	50.1	120.5	141.4	NA	NA	NA
ENSDART00000074830	rgrb	2	-4.5	-4.5	NA	NA	NA	NA	NA	NA	NA
ENSDART00000057377	arg2	7	55.8	44.5	NA	NA	NA	NA	NA	NA	NA
ENSDART00000124627	strap	244	58.5	47.3	9.4	17.7	94.1	121.5	107.7	192.32	0.83649055128
ENSDART00000013257	cul2	154	24.5	23.9	6.0	12.2	35.5	43.7	31.52	10.75	-1.55193087498
ENSDART00000066703	rdh10a	31	29.4	18.8	5.2	12.6	35.0	49.2	NA	NA	NA
ENSDART00000130182	NUMA1	240	24.8	17.6	3.9	8.9	35.1	56.2	53.97	44.82	-0.268015038462
ENSDART00000005593	casp3a	256	27.6	21.9	6.8	12.9	34.2	54.8	NA	NA	NA
ENSDART00000005590	churc1	33	44.5	32.9	9.5	19.2	73.9	96.0	NA	NA	NA
ENSDART00000112684	setmar	14	22.0	18.7	7.9	14.4	31.6	40.8	NA	NA	NA
ENSDART00000053926	ankrd10a	17	34.4	30.8	6.9	13.8	52.2	65.3	12.22	34.69	1.50527555547
ENSDART00000014843	bdnf	10	10.0	12.1	-3.1	2.0	14.3	23.2	NA	NA	NA
ENSDART00000055201	foxk1	336	27.3	22.6	6.4	11.5	37.7	57.1	23.04	37.95	0.719959168861
ENSDART00000141248	rad21a	1	17.5	17.5	NA	NA	NA	NA	6.42	77.73	3.59782631378
ENSDART00000018117	ppp1r14aa	566	20.0	18.2	5.3	10.9	27.0	37.4	NA	NA	NA
ENSDART00000064833	mafa	2	10.5	10.5	NA	NA	NA	NA	NA	NA	NA
ENSDART00000104708	abhd12	86	26.1	21.3	5.0	9.6	35.6	50.9	NA	NA	NA
ENSDART00000110499	ATXN7	13	21.8	10.5	6.1	8.6	20.9	53.1	NA	NA	NA
ENSDART00000125039	six6b	14	36.1	28.4	3.1	13.5	52.2	59.1	NA	NA	NA
ENSDART00000126824	asb13b	9	53.0	50.1	NA	NA	NA	NA	NA	NA	NA
ENSDART00000109889	CABZ01061914.1	225	32.5	23.6	5.2	13.6	47.0	66.5	NA	NA	NA
ENSDART00000083108	nt5dc2	129	50.4	39.3	5.3	22.9	76.6	104.1	12.25	170.16	3.79603828407
ENSDART00000057519	zgc:194209	38	40.8	36.7	13.6	19.0	54.8	72.8	NA	NA	NA
ENSDART00000088819	ankrd13a	53	46.4	31.5	12.6	17.3	57.4	107.5	NA	NA	NA
ENSDART00000123518	tuba1b	67	15.3	13.6	3.5	7.6	19.2	34.4	NA	NA	NA
ENSDART00000109883	zgc:86725	3	30.5	27.7	NA	NA	NA	NA	NA	NA	NA
ENSDART00000109882	LYRM7	124	24.3	20.8	6.2	12.6	30.7	47.5	NA	NA	NA
ENSDART00000134272	zgc:66313	101	27.2	24.9	7.2	15.2	36.4	51.1	28.16	6.96	-2.01648812279
ENSDART00000104875	trap1	4	37.3	32.2	NA	NA	NA	NA	NA	NA	NA
ENSDART00000104874	p4ha1b	120	43.6	31.8	6.9	13.6	62.7	103.4	NA	NA	NA
ENSDART00000104877	CHCHD3	1	31.4	31.4	NA	NA	NA	NA	NA	NA	NA
ENSDART00000130568	drd3	1	16.2	16.2	NA	NA	NA	NA	NA	NA	NA
ENSDART00000058351	gnpnat1	106	24.1	20.6	6.3	10.8	32.9	48.5	NA	NA	NA
ENSDART00000058605	scpep1	315	27.0	21.6	4.9	12.2	38.2	54.8	70.98	87.11	0.295425771547
ENSDART00000135042	MRPS36	350	18.0	16.0	2.5	8.3	23.9	35.9	NA	NA	NA
ENSDART00000130565	TMEM132E	11	46.6	39.2	16.4	20.9	66.0	78.9	NA	NA	NA
ENSDART00000130567	C25H11orf49	2	16.7	16.7	NA	NA	NA	NA	NA	NA	NA
ENSDART00000097712	CR753866.2	53	16.0	12.9	1.5	5.4	22.8	34.4	NA	NA	NA
ENSDART00000097710	ppargc1a	1	33.0	33.0	NA	NA	NA	NA	NA	NA	NA
ENSDART00000086087	MBTD1	82	34.6	27.3	1.9	11.3	42.5	88.3	NA	NA	NA
ENSDART00000035869	fam219b	23	30.3	19.8	9.0	11.1	31.0	70.3	NA	NA	NA
ENSDART00000097719	cdh1	274	83.8	85.0	14.3	40.7	124.2	146.1	32.76	476.84	3.8634980001
ENSDART00000086556	fam160a1	50	37.5	34.0	4.3	15.9	57.9	71.7	NA	NA	NA
ENSDART00000101571	tyw5	65	27.5	24.2	5.4	14.2	38.9	55.5	NA	NA	NA
ENSDART00000101576	zgc:162251	10	23.1	19.7	1.2	5.9	41.4	43.7	NA	NA	NA
ENSDART00000023515	CHMP4B	91	93.3	107.3	12.5	66.0	128.1	151.1	NA	NA	NA
ENSDART00000123040	pfkpb	3	26.6	32.9	NA	NA	NA	NA	NA	NA	NA
ENSDART00000084867	dcaf5	73	36.2	29.3	9.9	16.8	51.3	69.5	17.72	9.24	-0.939413847139
ENSDART00000130583	aatf	145	28.3	20.6	7.1	10.8	36.6	61.6	37.83	48.78	0.366758981747
ENSDART00000122288	ctsla	353	85.7	87.9	23.8	54.3	117.4	141.3	286.01	2156.02	2.91423306598
ENSDART00000109083	txnl4b	215	42.0	36.3	9.8	20.4	57.7	84.3	NA	NA	NA
ENSDART00000109082	BX511129.1	95	28.4	23.9	8.1	13.4	38.8	59.2	NA	NA	NA
ENSDART00000111328	cutc	29	22.5	17.5	4.2	11.4	33.4	43.3	NA	NA	NA
ENSDART00000109089	cdc25d	1	14.7	14.7	NA	NA	NA	NA	NA	NA	NA
ENSDART00000091017	PKN1	28	24.5	19.7	4.9	11.5	27.1	51.6	NA	NA	NA
ENSDART00000111321	zgc:152830	105	32.4	31.8	10.6	18.3	41.4	58.7	25.38	31.55	0.313947936029
ENSDART00000052853	CPNE4	1	1.5	1.5	NA	NA	NA	NA	NA	NA	NA
ENSDART00000133675	mapk7	103	27.7	23.0	10.0	14.4	34.0	49.0	10.19	10.61	0.058270604749
ENSDART00000005625	glipr2l	363	25.9	20.5	4.7	12.0	36.9	54.6	NA	NA	NA
ENSDART00000076742	imp4	392	15.2	12.1	2.1	6.3	20.8	30.5	34.89	34.87	-0.00082723341767
ENSDART00000052859	dync1li1	219	30.8	26.4	10.4	17.2	41.8	53.4	NA	NA	NA
ENSDART00000089855	hace1	95	45.4	34.5	6.7	17.3	67.3	101.6	NA	NA	NA
ENSDART00000062441	rnaseh1	50	39.3	30.4	4.9	14.8	56.6	92.5	NA	NA	NA
ENSDART00000142026	si:dkey-167i21.2	2679	9.9	8.8	-3.5	2.8	14.9	22.8	413.21	13.05	-4.98475345705
ENSDART00000112590	APBA3	104	51.2	51.6	15.7	33.8	66.1	83.5	21.67	56.53	1.38331754356
ENSDART00000001907	slc16a3	195	66.5	71.6	8.7	21.9	104.0	128.8	79.1	1378.7	4.12348706099
ENSDART00000149347	chchd7	7	11.0	12.4	NA	NA	NA	NA	NA	NA	NA
ENSDART00000026090	gtf2f1	380	30.7	26.6	8.8	16.3	41.7	60.4	142.68	37.76	-1.9178524511
ENSDART00000090942	ccdc126	175	17.5	13.3	3.0	6.6	24.2	36.8	NA	NA	NA
ENSDART00000053180	ift27	98	24.6	20.0	5.0	10.4	31.9	48.6	33.15	12.98	-1.352718487
ENSDART00000044150	dnajc9	506	14.9	12.1	3.2	7.4	19.3	29.0	81.3	9.06	-3.16567239692
ENSDART00000131219	E2F6	219	20.9	18.0	6.2	11.0	28.8	40.0	38.55	5.22	-2.88460914823
ENSDART00000133369	ptprk	123	28.3	21.2	5.4	11.9	39.9	61.3	12.31	6.5	-0.921319138569
ENSDART00000056132	tprkb	3	26.8	21.7	NA	NA	NA	NA	NA	NA	NA
ENSDART00000028029	cenpj	179	16.2	12.8	1.8	6.0	22.8	36.1	25.41	1.46	-4.12135610117
ENSDART00000056134	STMN3	1	39.9	39.9	NA	NA	NA	NA	NA	NA	NA
ENSDART00000060175	si:dkey-12e7.4	1	3.2	3.2	NA	NA	NA	NA	NA	NA	NA
ENSDART00000136531	wrn	28	32.2	26.4	2.5	10.8	49.0	63.3	NA	NA	NA
ENSDART00000101161	impdh1a	104	22.6	19.3	6.1	10.6	32.2	43.4	NA	NA	NA
ENSDART00000131212	FBXO46	254	27.0	20.4	7.4	13.0	34.7	61.6	NA	NA	NA
ENSDART00000006390	igfbp7	2	70.2	70.2	NA	NA	NA	NA	NA	NA	NA
ENSDART00000131217	ippk	224	35.7	29.4	8.7	16.1	49.7	73.6	NA	NA	NA
ENSDART00000003505	ADM	1	8.8	8.8	NA	NA	NA	NA	NA	NA	NA
ENSDART00000081954	haus1	200	17.4	14.7	5.1	10.0	22.9	33.6	NA	NA	NA
ENSDART00000056634	ubtfl	65	34.8	23.5	10.1	17.4	38.8	74.3	32.02	66.43	1.05286160656
ENSDART00000024354	csad	40	35.2	30.9	7.9	16.6	44.6	67.0	NA	NA	NA
ENSDART00000129342	SETDB2	39	20.8	20.7	2.5	9.4	28.0	41.0	10.58	1.69	-2.64624447583
ENSDART00000010777	ldhba	3000	26.1	19.3	4.4	10.4	36.0	58.2	206.17	168.04	-0.295029729063
ENSDART00000087684	ncaph	597	29.9	24.0	5.4	12.5	41.9	62.8	94.67	257.74	1.44493722662
ENSDART00000087687	dsel	1	25.0	25.0	NA	NA	NA	NA	NA	NA	NA
ENSDART00000129838	BX005356.3	39	21.2	16.7	7.0	13.3	26.6	38.2	NA	NA	NA
ENSDART00000114741	polr1b	58	26.6	20.6	7.5	12.7	36.1	47.7	6.35	10.39	0.710367157245
ENSDART00000087939	TMEM121	2	23.1	23.1	NA	NA	NA	NA	NA	NA	NA
ENSDART00000110185	yme1l1a	185	25.5	18.8	5.4	10.7	34.0	54.9	NA	NA	NA
ENSDART00000062135	zgc:103681	11	21.6	25.1	9.2	13.5	27.1	34.7	NA	NA	NA
ENSDART00000124283	gpcpd1	43	43.2	41.3	10.1	23.6	63.4	75.3	NA	NA	NA
ENSDART00000110182	rabep1	109	32.9	29.0	9.0	16.3	46.6	63.4	NA	NA	NA
ENSDART00000020409	hand2	1	16.2	16.2	NA	NA	NA	NA	NA	NA	NA
ENSDART00000050988	gcnt4a	5	13.6	15.6	NA	NA	NA	NA	NA	NA	NA
ENSDART00000099607	slc6a17	3	63.1	7.6	NA	NA	NA	NA	NA	NA	NA
ENSDART00000012089	stim2	8	29.2	21.1	NA	NA	NA	NA	NA	NA	NA
ENSDART00000087533	csgalnact2	47	48.6	31.2	3.2	15.7	76.4	117.2	7.81	4.81	-0.699285654372
ENSDART00000127417	slc4a11	4	52.2	43.8	NA	NA	NA	NA	NA	NA	NA
ENSDART00000130914	CABZ01026370.1	1	62.2	62.2	NA	NA	NA	NA	NA	NA	NA
ENSDART00000099984	glo1	295	23.0	18.9	4.5	11.0	31.8	44.6	57.41	62.83	0.130151524475
ENSDART00000103943	BX005175.1	8	24.5	21.0	NA	NA	NA	NA	NA	NA	NA
ENSDART00000027364	rbfox1l	1	8.4	8.4	NA	NA	NA	NA	NA	NA	NA
ENSDART00000042478	enkur	129	24.9	22.4	7.2	13.4	34.0	45.4	26.32	8.09	-1.70194788131
ENSDART00000054861	fnta	381	20.9	17.4	5.9	12.2	26.5	40.4	41.13	20.24	-1.02298178181
ENSDART00000123251	dus3l	617	32.8	29.0	8.5	16.3	44.7	62.7	76.21	64.15	-0.248531050039
ENSDART00000123257	mknk1	92	81.3	89.5	7.7	32.9	122.0	147.1	NA	NA	NA
ENSDART00000054866	loxl3a	1	30.9	30.9	NA	NA	NA	NA	NA	NA	NA
ENSDART00000054867	aup1	140	75.1	77.5	27.0	51.9	105.0	120.6	16.65	69.09	2.05295473456
ENSDART00000087065	timp2a	9	52.8	53.7	NA	NA	NA	NA	NA	NA	NA
ENSDART00000129140	sf3b1	255	64.2	62.7	10.2	22.6	102.3	124.4	15.66	181.98	3.53862378605
ENSDART00000087067	HEXDC	187	22.0	19.7	4.7	9.7	28.0	42.2	NA	NA	NA
ENSDART00000063087	BX539313.1	182	37.9	29.4	8.6	16.1	56.3	79.4	30.04	97.23	1.69451670852
ENSDART00000148531	arhgef25b	2	15.1	15.1	NA	NA	NA	NA	NA	NA	NA
ENSDART00000080545	dnmt3	32	40.9	27.4	10.0	20.1	44.8	94.1	16.64	19.55	0.232513174054
ENSDART00000020350	snx5	209	32.0	26.9	7.8	12.6	44.8	64.4	NA	NA	NA
ENSDART00000114561	AL929453.1	3	52.3	39.6	NA	NA	NA	NA	NA	NA	NA
ENSDART00000140724	gab1	113	40.5	30.3	9.6	17.0	54.2	94.2	NA	NA	NA
ENSDART00000140720	si:dkey-182g1.2	174	45.9	37.3	9.0	22.0	62.1	91.4	NA	NA	NA
ENSDART00000140890	pnpla6	21	23.4	17.1	5.3	12.1	20.0	59.1	NA	NA	NA
ENSDART00000003993	itk	4	21.6	22.6	NA	NA	NA	NA	NA	NA	NA
ENSDART00000038415	rhoq	53	50.9	39.7	6.6	14.6	86.7	104.7	NA	NA	NA
ENSDART00000100241	haao	5	27.3	11.6	NA	NA	NA	NA	NA	NA	NA
ENSDART00000145879	paqr3b	5	58.0	56.5	NA	NA	NA	NA	NA	NA	NA
ENSDART00000129854	tp53rk	248	37.9	34.2	10.1	20.4	53.4	68.7	34.7	83.55	1.26770416548
ENSDART00000149620	pmvk	67	42.7	37.2	14.2	24.9	60.7	82.3	NA	NA	NA
ENSDART00000042663	ryroxd1	77	24.2	20.8	7.5	12.5	33.3	45.2	NA	NA	NA
ENSDART00000110538	MPRIP	183	36.0	29.3	10.6	17.0	49.1	72.7	25.23	15.76	-0.67887267152
ENSDART00000141414	C24H8orf33	20	29.0	28.5	9.2	20.9	38.0	47.5	NA	NA	NA
ENSDART00000060283	gpr19	59	28.9	22.4	8.6	15.1	42.7	52.9	NA	NA	NA
ENSDART00000081894	FP340265.2	36	21.7	16.9	2.9	6.0	29.4	43.6	NA	NA	NA
ENSDART00000115161	REPS2	1	34.9	34.9	NA	NA	NA	NA	NA	NA	NA
ENSDART00000011414	elf2b	232	16.5	12.7	2.4	6.8	21.3	32.4	16.54	9.11	-0.860436275369
ENSDART00000016370	dirc2	60	103.9	114.5	29.0	85.6	136.1	157.3	NA	NA	NA
ENSDART00000007783	eefsec	73	25.9	24.7	8.5	14.0	34.3	46.4	NA	NA	NA
ENSDART00000055443	tpk1	5	27.9	23.6	NA	NA	NA	NA	NA	NA	NA
ENSDART00000052322	zgc:110699	4	26.0	28.9	NA	NA	NA	NA	NA	NA	NA
ENSDART00000052325	f2	1	46.8	46.8	NA	NA	NA	NA	NA	NA	NA
ENSDART00000052324	atg13	192	22.0	19.8	6.9	11.3	30.5	40.6	13.5	5.17	-1.38472322162
ENSDART00000140098	cdk20	8	27.9	26.9	NA	NA	NA	NA	NA	NA	NA
ENSDART00000140096	metap1	79	28.1	21.8	5.5	13.4	37.9	58.1	14.77	32.55	1.13998771729
ENSDART00000019648	slc2a8	48	31.4	30.5	5.8	11.3	41.7	60.9	14.63	23.27	0.669541441267
ENSDART00000030509	glra4a	4	14.8	11.1	NA	NA	NA	NA	NA	NA	NA
ENSDART00000012857	alg6	112	31.5	24.6	10.0	14.9	37.1	68.5	17.45	17.01	-0.0368438954336
ENSDART00000137371	atp8b3	28	27.3	21.2	2.8	14.5	34.6	48.7	NA	NA	NA
ENSDART00000012855	sart1	97	81.4	81.5	31.3	60.7	109.4	123.5	42.65	103.37	1.27719990137
ENSDART00000137373	CKAP2	838	24.8	20.1	5.6	11.3	33.9	51.1	NA	NA	NA
ENSDART00000002826	gmppb	184	13.7	12.3	1.4	5.1	18.7	28.3	20.5	6.72	-1.60909077161
ENSDART00000122071	tsc2	62	37.0	26.9	3.4	9.2	49.7	84.4	8.39	7.02	-0.257199780135
ENSDART00000098146	zgc:152670	10	22.2	13.9	8.6	9.8	36.3	44.2	NA	NA	NA
ENSDART00000012859	psma6b	42	14.7	12.7	0.9	6.3	20.9	29.1	NA	NA	NA
ENSDART00000122076	RIIAD1	9	38.7	27.8	NA	NA	NA	NA	NA	NA	NA
ENSDART00000040116	tnrc5	275	29.0	23.6	5.7	13.6	38.6	53.7	87.56	34.89	-1.32745835699
ENSDART00000064031	rab3db	110	23.4	17.2	5.8	8.9	28.3	47.5	NA	NA	NA
ENSDART00000064032	eif4ebp1	587	17.0	14.7	3.1	7.5	22.8	33.4	34.98	29.46	-0.247772858886
ENSDART00000122952	TUBGCP6	9	29.3	23.9	NA	NA	NA	NA	13.07	2.69	-2.28058106324
ENSDART00000031638	slc48a1a	4	17.9	16.4	NA	NA	NA	NA	NA	NA	NA
ENSDART00000085769	lrsam1	1	26.4	26.4	NA	NA	NA	NA	NA	NA	NA
ENSDART00000141329	zgc:113625	6	39.2	34.6	NA	NA	NA	NA	NA	NA	NA
ENSDART00000004666	tmem63ba	148	43.5	37.5	7.1	20.4	61.1	89.4	NA	NA	NA
ENSDART00000023803	c1d	446	33.1	29.4	11.3	18.6	44.2	58.4	107.2	138.04	0.36478147309
ENSDART00000085761	slc45a4	3	15.4	14.4	NA	NA	NA	NA	NA	NA	NA
ENSDART00000047190	vps52	48	25.3	22.8	7.3	12.9	34.2	46.7	NA	NA	NA
ENSDART00000021009	CBFA2T3	4	12.8	6.8	NA	NA	NA	NA	NA	NA	NA
ENSDART00000047191	glb1l	3	19.0	9.9	NA	NA	NA	NA	NA	NA	NA
ENSDART00000055771	hdlbp	729	28.6	23.3	6.0	12.7	39.4	58.7	76.88	82.22	0.0968810357902
ENSDART00000092393	plbd1	9	28.2	25.3	NA	NA	NA	NA	NA	NA	NA
ENSDART00000075462	serinc2l	30	39.5	35.4	12.4	26.4	53.9	66.3	NA	NA	NA
ENSDART00000083756	RPTOR	70	27.0	22.8	6.7	10.1	37.9	56.5	NA	NA	NA
ENSDART00000085454	dis3	41	83.9	75.0	32.2	41.6	112.4	151.4	10.61	154.97	3.86849239581
ENSDART00000041897	inppl1a	77	34.6	24.4	4.2	10.3	48.1	78.8	9.81	8.14	-0.269224341953
ENSDART00000055055	sox8	21	20.8	21.3	4.7	11.9	30.1	38.8	NA	NA	NA
ENSDART00000132336	znf687b	115	33.7	26.6	7.7	15.8	45.8	70.1	15.4	13.15	-0.227867551403
ENSDART00000122617	BX572630.2	24	23.1	19.2	6.6	14.2	32.4	39.9	NA	NA	NA
ENSDART00000077823	LRIT3	46	73.9	69.5	23.1	41.6	92.4	146.2	NA	NA	NA
ENSDART00000137212	dip2c	17	32.3	29.6	9.5	17.8	37.4	56.1	NA	NA	NA
ENSDART00000150885	vdrb	11	45.0	43.2	22.0	24.9	50.2	67.2	NA	NA	NA
ENSDART00000025196	bin2a	2	17.5	17.5	NA	NA	NA	NA	NA	NA	NA
ENSDART00000150886	eif2a	990	19.8	15.4	3.2	8.0	26.0	41.8	15.13	3.86	-1.97073923495
ENSDART00000112389	wdr43	1005	14.4	12.6	3.3	7.0	19.2	27.2	71.0	12.63	-2.49096438549
ENSDART00000110621	ncoa3	151	40.1	33.4	11.6	20.2	56.3	74.6	9.37	66.0	2.81634507147
ENSDART00000033858	akt2l	156	13.8	12.2	3.5	6.5	19.7	29.2	12.63	0.3	-5.39574832818
ENSDART00000099819	bcl7ba	117	54.9	52.7	9.4	25.1	78.4	103.7	43.56	201.48	2.20956077694
ENSDART00000085505	ctdspl2b	75	65.5	47.5	5.8	19.1	103.1	157.9	17.13	77.25	2.1730097816
ENSDART00000085507	snx22	2	13.7	13.7	NA	NA	NA	NA	NA	NA	NA
ENSDART00000055068	pvalb5	1	9.7	9.7	NA	NA	NA	NA	NA	NA	NA
ENSDART00000112746	zgc:171459	36	15.4	12.1	3.4	6.3	22.9	32.5	NA	NA	NA
ENSDART00000103033	unc45a	3	16.2	17.8	NA	NA	NA	NA	NA	NA	NA
ENSDART00000111669	zgc:112175	9	32.5	33.2	NA	NA	NA	NA	NA	NA	NA
ENSDART00000108918	OVOL3	2	12.8	12.8	NA	NA	NA	NA	NA	NA	NA
ENSDART00000074786	ctso	137	21.4	17.1	3.2	10.4	28.8	44.5	NA	NA	NA
ENSDART00000108916	SIPA1	1	17.2	17.2	NA	NA	NA	NA	NA	NA	NA
ENSDART00000111912	RBM12B	83	64.9	59.3	22.6	43.6	87.1	106.1	22.86	85.46	1.90242391347
ENSDART00000111666	npdc1	142	21.6	14.6	3.4	8.7	27.9	50.4	NA	NA	NA
ENSDART00000151137	oxr1b	202	20.1	16.0	2.3	8.9	26.0	45.9	NA	NA	NA
ENSDART00000079091	cyp2r1	26	38.1	36.3	7.8	22.5	49.4	67.1	NA	NA	NA
ENSDART00000014049	wdr36	355	32.3	23.6	7.3	13.0	41.3	74.1	30.67	70.49	1.2005904388
ENSDART00000093250	pou3f2b	4	34.6	30.4	NA	NA	NA	NA	NA	NA	NA
ENSDART00000123972	smarca5	479	64.0	60.8	15.3	29.1	93.3	119.7	59.42	362.39	2.60852263508
ENSDART00000020834	CABZ01111496.1	47	36.0	25.0	3.6	11.5	50.3	95.9	NA	NA	NA
ENSDART00000037140	ing3	583	22.8	19.2	6.5	12.0	29.3	45.5	79.22	50.89	-0.638482509927
ENSDART00000046961	CABZ01058863.1	1	12.1	12.1	NA	NA	NA	NA	NA	NA	NA
ENSDART00000014046	specc1la	12	66.6	56.5	14.6	25.2	102.9	127.7	NA	NA	NA
ENSDART00000109065	ccng1	548	68.8	53.5	9.5	21.7	118.3	143.3	192.38	126.51	-0.604707395562
ENSDART00000101765	RBM44	74	45.2	34.0	9.5	17.0	61.6	118.0	NA	NA	NA
ENSDART00000101762	stxbp5a	5	18.3	14.1	NA	NA	NA	NA	NA	NA	NA
ENSDART00000006221	NBEAL1	189	32.9	23.7	2.6	11.2	44.4	78.0	11.01	10.91	-0.0131633672408
ENSDART00000108928	pnpla8	106	25.9	21.2	6.6	12.1	33.2	50.1	NA	NA	NA
ENSDART00000031823	triobp	397	55.2	47.4	14.8	26.2	73.6	98.7	72.09	59.86	-0.268206870353
ENSDART00000136294	atp9b	63	23.6	21.1	3.4	7.9	32.8	48.2	NA	NA	NA
ENSDART00000123971	BX936443.2	1	34.2	34.2	NA	NA	NA	NA	NA	NA	NA
ENSDART00000076030	fbl	219	42.4	28.1	6.4	15.0	58.7	109.5	145.24	655.86	2.1749490545
ENSDART00000138204	myo1b	139	30.8	20.6	7.9	11.9	35.0	65.1	7.53	24.28	1.68904665158
ENSDART00000140330	si:ch211-198m1.1	80	29.7	24.2	11.9	18.3	38.2	50.5	NA	NA	NA
ENSDART00000121431	WDSUB1	10	24.0	16.6	9.0	9.4	33.5	43.7	NA	NA	NA
ENSDART00000066933	itih2	2	36.1	36.1	NA	NA	NA	NA	NA	NA	NA
ENSDART00000066930	atp5c1	1445	17.9	14.0	3.5	8.0	22.8	38.2	192.77	62.73	-1.6196530806
ENSDART00000066935	tmem110l	38	37.1	36.2	4.4	23.8	50.2	65.1	13.06	10.37	-0.332739002733
ENSDART00000092977	si:ch211-248g20.5	60	29.6	25.7	8.8	15.2	38.4	54.9	NA	NA	NA
ENSDART00000055566	xpa	6	20.2	19.0	NA	NA	NA	NA	NA	NA	NA
ENSDART00000073419	ccnd2a	44	19.3	17.8	4.1	10.8	24.4	35.9	NA	NA	NA
ENSDART00000124510	prkcbp1l	59	26.3	21.9	9.5	14.6	36.0	52.4	8.86	8.36	-0.0838037564741
ENSDART00000124514	usp44	122	43.4	36.1	7.2	15.8	63.3	90.1	21.09	108.94	2.36890277205
ENSDART00000081411	pole	126	20.1	16.0	3.2	9.8	27.6	39.1	9.61	10.44	0.119513375796
ENSDART00000041468	CABZ01003022.1	8	49.8	37.9	NA	NA	NA	NA	NA	NA	NA
ENSDART00000041466	SLC35E2B	179	30.4	23.8	5.4	13.1	40.5	64.8	NA	NA	NA
ENSDART00000142256	si:dkey-32e6.3	2	34.3	34.3	NA	NA	NA	NA	NA	NA	NA
ENSDART00000041397	flvcr1	1	15.7	15.7	NA	NA	NA	NA	NA	NA	NA
ENSDART00000148893	cdadc1	2	36.5	36.5	NA	NA	NA	NA	NA	NA	NA
ENSDART00000148892	extl3	73	46.6	31.4	9.1	17.9	65.9	110.7	8.75	19.73	1.173036034
ENSDART00000142251	wdr47a	18	27.5	16.8	8.5	13.1	27.5	65.4	10.14	28.79	1.50551013656
ENSDART00000073654	pc	5	21.4	9.2	NA	NA	NA	NA	NA	NA	NA
ENSDART00000125690	ints12	60	38.0	33.5	11.7	17.4	51.8	66.0	NA	NA	NA
ENSDART00000081915	cdcp1a	99	28.9	24.9	12.9	17.3	39.6	49.4	21.09	11.42	-0.884996444431
ENSDART00000073650	dok1b	108	23.3	23.5	6.5	12.3	31.7	41.2	NA	NA	NA
ENSDART00000073651	ergic2	64	17.3	17.0	5.1	10.4	23.3	32.1	12.14	3.45	-1.81510015459
ENSDART00000125691	sntb1	27	33.5	27.5	10.0	18.5	50.0	54.1	NA	NA	NA
ENSDART00000001755	RGL3	1	69.9	69.9	NA	NA	NA	NA	NA	NA	NA
ENSDART00000004504	dag1	249	69.3	69.0	14.6	31.1	106.4	121.9	16.24	98.12	2.59499560137
ENSDART00000122653	CABZ01113414.1	3	0.9	0.0	NA	NA	NA	NA	NA	NA	NA
ENSDART00000051774	zgc:110697	144	25.2	20.3	6.5	11.0	34.1	50.6	29.25	26.19	-0.159420565008
ENSDART00000017881	eif4e1b	200	26.2	21.3	5.0	12.0	33.6	56.4	47.05	75.04	0.673465104899
ENSDART00000074158	B4GALT1	148	23.2	18.9	6.1	11.1	29.1	44.3	29.04	7.23	-2.00597390104
ENSDART00000083351	capn2l	8	26.7	26.1	NA	NA	NA	NA	NA	NA	NA
ENSDART00000058036	emx2	3	4.9	13.4	NA	NA	NA	NA	NA	NA	NA
ENSDART00000057742	ssx2ip	51	32.1	29.1	7.9	14.6	40.1	60.4	NA	NA	NA
ENSDART00000074155	BX322787.1	3	18.8	17.9	NA	NA	NA	NA	NA	NA	NA
ENSDART00000074150	disp1	9	13.9	9.1	NA	NA	NA	NA	NA	NA	NA
ENSDART00000083359	si:ch211-89f7.1	1	16.9	16.9	NA	NA	NA	NA	NA	NA	NA
ENSDART00000123886	uggt1	356	28.1	22.6	6.8	12.8	37.3	59.5	11.33	35.69	1.65537204023
ENSDART00000003888	snapc1b	157	42.4	37.5	10.7	24.5	61.3	75.9	36.56	73.44	1.00629998836
ENSDART00000123884	zgc:109889	139	26.6	23.0	-1.4	11.8	37.6	61.0	NA	NA	NA
ENSDART00000113400	CABZ01081747.1	1	16.6	16.6	NA	NA	NA	NA	NA	NA	NA
ENSDART00000123882	mecp2	17	34.5	25.2	7.6	16.6	44.1	71.0	NA	NA	NA
ENSDART00000114929	ZFYVE1	44	33.9	27.8	10.8	17.4	42.2	69.8	NA	NA	NA
ENSDART00000051770	fam203a	131	15.5	13.9	1.4	6.4	21.2	33.0	NA	NA	NA
ENSDART00000005453	chd4a	198	96.5	106.5	25.0	59.0	131.8	150.9	38.8	178.93	2.2052667372
ENSDART00000074959	slc35f1	1	29.8	29.8	NA	NA	NA	NA	NA	NA	NA
ENSDART00000003884	mynn	358	31.4	28.0	8.3	16.0	42.8	57.6	60.97	49.38	-0.304172709514
ENSDART00000033494	klf6a	48	29.2	24.5	8.2	11.3	38.0	55.5	NA	NA	NA
ENSDART00000105864	zgc:171500	8	23.4	19.8	NA	NA	NA	NA	NA	NA	NA
ENSDART00000138290	CDH26	1	47.7	47.7	NA	NA	NA	NA	NA	NA	NA
ENSDART00000020631	hnrpdl	249	44.4	34.8	9.6	19.3	64.7	92.4	70.87	235.41	1.73192865189
ENSDART00000020638	rcan1a	18	63.2	60.8	2.5	19.0	97.8	132.0	NA	NA	NA
ENSDART00000020299	rpl5b	1655	26.6	24.2	8.1	14.8	36.5	49.0	625.65	30.41	-4.36273809147
ENSDART00000077178	tnw	7	54.4	52.8	NA	NA	NA	NA	NA	NA	NA
ENSDART00000056830	pacsin1b	28	36.0	21.3	10.6	13.0	43.5	100.9	NA	NA	NA
ENSDART00000053841	ddhd1b	11	53.0	39.8	16.0	26.5	81.9	97.8	NA	NA	NA
ENSDART00000127963	CABZ01031170.1	65	21.1	16.2	8.2	10.6	25.6	35.3	NA	NA	NA
ENSDART00000127964	zgc:194578	23	23.2	17.4	2.4	7.2	28.0	55.1	NA	NA	NA
ENSDART00000127965	tp63	11	19.2	21.0	8.5	14.2	24.4	30.0	NA	NA	NA
ENSDART00000152237	FBXO48	37	18.2	14.2	5.1	10.9	24.0	40.1	NA	NA	NA
ENSDART00000102072	BX119963.1	3	16.7	10.0	NA	NA	NA	NA	NA	NA	NA
ENSDART00000102070	ATF6B	94	33.4	25.2	6.4	14.4	50.3	75.0	19.72	12.8	-0.623515741491
ENSDART00000112160	SLC5A10	1	102.3	102.3	NA	NA	NA	NA	NA	NA	NA
ENSDART00000028406	dlg1	115	25.2	17.0	5.3	8.4	30.1	57.6	NA	NA	NA
ENSDART00000091955	nrxn2b	8	22.3	14.8	NA	NA	NA	NA	NA	NA	NA
ENSDART00000037541	rmnd1	141	41.1	33.1	11.7	20.2	61.0	86.4	27.42	22.42	-0.290442292974
ENSDART00000053880	tmem242	98	26.1	22.9	5.5	12.6	39.1	49.5	NA	NA	NA
ENSDART00000129134	pard3	2	11.0	11.0	NA	NA	NA	NA	26.0	35.08	0.432137124529
ENSDART00000141548	hibch	53	29.6	23.2	7.3	13.5	44.8	61.4	NA	NA	NA
ENSDART00000129395	uvrag	113	25.4	21.7	9.3	13.9	35.1	49.8	NA	NA	NA
ENSDART00000087216	BX005001.1	1	51.3	51.3	NA	NA	NA	NA	NA	NA	NA
ENSDART00000052351	cnep1r1	539	50.9	41.5	14.4	24.6	70.5	103.3	NA	NA	NA
ENSDART00000145617	sec23a	376	25.7	19.7	5.0	10.9	32.0	55.5	NA	NA	NA
ENSDART00000005903	atp5g3b	2234	12.9	10.4	-0.0	4.9	18.0	28.8	258.39	53.6	-2.2692453313
ENSDART00000020183	fam102bb	66	25.1	19.6	5.4	13.0	37.0	47.9	NA	NA	NA
ENSDART00000076082	fetub	1	16.6	16.6	NA	NA	NA	NA	NA	NA	NA
ENSDART00000076083	cdc42ep2	103	28.5	25.4	4.8	14.1	41.3	58.0	NA	NA	NA
ENSDART00000005906	stk38a	113	37.3	33.7	9.6	18.2	49.2	73.7	NA	NA	NA
ENSDART00000092023	PTDSS2	312	23.1	20.1	6.7	14.3	30.4	44.5	NA	NA	NA
ENSDART00000092752	wash	188	15.0	12.4	3.1	7.8	19.6	31.0	NA	NA	NA
ENSDART00000098706	LAMC2	1	26.4	26.4	NA	NA	NA	NA	NA	NA	NA
ENSDART00000098701	slc7a4	59	21.8	17.4	4.4	5.8	26.9	49.4	NA	NA	NA
ENSDART00000100060	dsc2l	20	22.3	19.9	-0.1	7.4	34.7	43.6	NA	NA	NA
ENSDART00000081152	cep76	5	22.8	25.7	NA	NA	NA	NA	NA	NA	NA
ENSDART00000013313	itfg2	138	25.7	21.0	5.6	12.5	31.2	49.9	NA	NA	NA
ENSDART00000128931	igf2bp2a	9	39.9	22.3	NA	NA	NA	NA	NA	NA	NA
ENSDART00000131515	tmc1	2	25.8	25.8	NA	NA	NA	NA	NA	NA	NA
ENSDART00000129393	trmt1	64	50.3	47.3	16.2	26.4	69.2	85.7	13.27	52.61	1.98716867936
ENSDART00000131510	b3gnt2l	27	33.6	28.8	11.1	18.7	46.7	57.9	NA	NA	NA
ENSDART00000150989	march7	1146	20.7	17.3	5.2	10.3	27.1	41.5	78.77	24.42	-1.6895830754
ENSDART00000134597	usp42	230	42.8	35.3	10.0	21.8	57.5	87.7	57.07	56.04	-0.0262756072456
ENSDART00000136544	aars	150	24.2	19.6	4.9	10.9	33.5	52.7	29.3	10.48	-1.48326194777
ENSDART00000074728	zfyve21	14	40.2	21.4	10.5	16.9	40.8	111.3	NA	NA	NA
ENSDART00000131518	si:dkey-284p5.3	2	13.0	13.0	NA	NA	NA	NA	NA	NA	NA
ENSDART00000134592	lmbrd2b	45	32.1	22.4	10.1	15.1	45.9	60.0	NA	NA	NA
ENSDART00000151081	SEPT12	10	72.6	57.3	27.8	45.7	69.9	152.1	NA	NA	NA
ENSDART00000045391	srgap2a	2	29.7	29.7	NA	NA	NA	NA	NA	NA	NA
ENSDART00000139746	si:dkey-261l7.2	7	21.6	12.9	NA	NA	NA	NA	NA	NA	NA
ENSDART00000139744	scai	12	35.6	33.2	10.7	18.1	39.7	74.5	NA	NA	NA
ENSDART00000047707	znf740	82	35.3	29.7	9.6	17.3	50.5	68.1	26.97	63.96	1.24581441724
ENSDART00000032277	ddx51	80	16.7	13.5	3.8	7.3	24.3	32.3	56.98	6.08	-3.22831239288
ENSDART00000013063	CT573103.1	23	22.5	14.7	1.7	11.3	38.8	42.7	8.92	7.58	-0.234845861749
ENSDART00000130601	CABZ01020840.1	182	13.4	10.3	0.1	5.0	18.4	29.3	NA	NA	NA
ENSDART00000135236	si:ch211-216l23.2	121	39.7	35.3	13.7	21.5	52.8	69.2	11.12	42.49	1.93396655559
ENSDART00000130603	sept2	176	101.6	110.7	15.4	51.6	147.2	170.2	14.13	317.75	4.49105875445
ENSDART00000079248	slc6a19b	2	47.5	47.5	NA	NA	NA	NA	NA	NA	NA
ENSDART00000130609	runx2b	14	19.7	14.3	10.0	10.8	25.9	30.6	NA	NA	NA
ENSDART00000129399	C3H19orf43	204	23.7	20.4	5.9	12.8	33.9	45.1	68.72	11.41	-2.59043124485
ENSDART00000002046	opn1mw1	1	40.6	40.6	NA	NA	NA	NA	NA	NA	NA
ENSDART00000135239	brd3a	261	46.0	31.4	7.5	15.4	63.1	111.2	324.35	272.3	-0.252354456435
ENSDART00000025698	zgc:153311	7	14.1	16.7	NA	NA	NA	NA	NA	NA	NA
ENSDART00000138431	zgc:152951	161	19.1	15.5	4.0	8.7	27.0	39.0	NA	NA	NA
ENSDART00000076554	wu:fd14a06	53	25.8	23.7	10.0	14.7	32.0	45.6	NA	NA	NA
ENSDART00000132044	trmt44	43	41.4	39.7	9.1	24.8	50.2	81.7	21.19	35.08	0.727265160073
ENSDART00000076229	irs1	44	55.0	56.1	4.3	28.2	72.0	123.5	7.06	38.41	2.44374187526
ENSDART00000023721	cpsf5	301	44.1	40.0	10.4	22.7	62.6	80.2	67.46	97.58	0.532553164908
ENSDART00000110701	si:dkey-266m15.5	2	17.3	17.3	NA	NA	NA	NA	NA	NA	NA
ENSDART00000138369	CDCA4	109	48.9	37.1	4.9	15.6	72.5	110.8	30.06	48.93	0.702874273517
ENSDART00000049224	taf1b	188	17.1	13.8	3.3	8.4	24.6	36.8	NA	NA	NA
ENSDART00000146859	cables2a	127	53.4	45.8	11.1	20.0	83.8	107.9	NA	NA	NA
ENSDART00000125836	CR376785.2	314	56.7	51.5	22.9	36.7	72.4	98.1	NA	NA	NA
ENSDART00000108960	FAM131A	4	31.9	35.6	NA	NA	NA	NA	NA	NA	NA
ENSDART00000109344	BX005272.1	96	25.3	21.1	7.5	14.1	32.6	51.0	NA	NA	NA
ENSDART00000109346	FUZ	40	37.1	36.2	12.8	20.9	47.1	70.5	NA	NA	NA
ENSDART00000011583	mkks	46	28.2	23.9	8.4	14.4	42.7	55.0	NA	NA	NA
ENSDART00000007638	bcap29	32	30.1	25.0	5.3	9.3	39.5	56.0	NA	NA	NA
ENSDART00000040275	kcnj11l	2	32.9	32.9	NA	NA	NA	NA	NA	NA	NA
ENSDART00000091229	crym	2	33.4	33.4	NA	NA	NA	NA	NA	NA	NA
ENSDART00000015076	C5H9orf78	361	23.0	19.2	6.2	10.8	32.5	47.6	143.49	28.55	-2.32938754646
ENSDART00000046783	zgc:113294	16	21.3	14.4	8.9	11.5	32.5	42.6	NA	NA	NA
ENSDART00000055872	dnajc15	42	28.2	25.5	8.4	16.1	36.7	49.0	NA	NA	NA
ENSDART00000134624	adamts15a	2	25.9	25.9	NA	NA	NA	NA	NA	NA	NA
ENSDART00000114177	mutyh	65	27.9	25.5	5.1	10.7	36.6	54.9	NA	NA	NA
ENSDART00000055878	rcl1	134	43.1	39.8	12.4	23.9	58.6	72.1	76.25	74.6	-0.0315617070824
ENSDART00000039054	mecr	16	17.1	10.7	-0.3	5.7	23.7	42.4	NA	NA	NA
ENSDART00000090280	FTCDNL1	70	26.7	20.5	7.5	12.5	35.1	53.9	NA	NA	NA
ENSDART00000143878	arhgef9a	1	52.7	52.7	NA	NA	NA	NA	NA	NA	NA
ENSDART00000102791	klhl31	2	24.9	24.9	NA	NA	NA	NA	NA	NA	NA
ENSDART00000037949	slc25a3a	1	45.1	45.1	NA	NA	NA	NA	NA	NA	NA
ENSDART00000090286	HECW2	6	26.3	17.4	NA	NA	NA	NA	NA	NA	NA
ENSDART00000128773	DOC2B	6	48.0	49.0	NA	NA	NA	NA	NA	NA	NA
ENSDART00000099031	zgc:136254	5	14.9	20.7	NA	NA	NA	NA	NA	NA	NA
ENSDART00000103858	B4GALNT2	18	24.4	17.7	2.1	6.3	37.7	58.7	NA	NA	NA
ENSDART00000115370	mettl22	52	63.7	56.4	14.7	39.4	89.0	125.1	NA	NA	NA
ENSDART00000053418	dnmt4	47	38.9	32.6	8.2	15.4	53.7	86.1	5.68	10.44	0.878158877065
ENSDART00000115373	FAM196A	4	34.2	36.1	NA	NA	NA	NA	NA	NA	NA
ENSDART00000115375	zgc:171901	98	25.2	22.3	4.4	10.6	34.1	47.5	NA	NA	NA
ENSDART00000103850	atp1a1a.3	3	28.5	26.6	NA	NA	NA	NA	NA	NA	NA
ENSDART00000080079	slc44a5b	20	42.2	44.9	5.4	25.5	53.7	72.3	NA	NA	NA
ENSDART00000097312	SCO1	62	18.9	15.3	3.8	9.4	26.4	32.1	NA	NA	NA
ENSDART00000006765	tm9sf4	183	59.6	54.6	9.4	26.0	84.6	117.0	21.95	273.18	3.63755902032
ENSDART00000003314	nusap1	487	25.3	19.8	5.2	11.0	35.2	53.8	69.13	176.46	1.3519573593
ENSDART00000104612	hmx3	2	24.6	24.6	NA	NA	NA	NA	NA	NA	NA
ENSDART00000088270	yjefn3	19	24.8	20.4	6.4	15.0	32.5	44.4	NA	NA	NA
ENSDART00000010824	CU896698.1	1	24.5	24.5	NA	NA	NA	NA	NA	NA	NA
ENSDART00000148251	si:ch211-89o9.4	6	30.1	31.3	NA	NA	NA	NA	NA	NA	NA
ENSDART00000145966	mapkapk5	91	38.2	34.4	8.3	15.3	58.1	76.7	NA	NA	NA
ENSDART00000130317	arhgap20	6	51.2	54.4	NA	NA	NA	NA	NA	NA	NA
ENSDART00000141782	si:dkey-226k3.4	114	20.0	17.4	4.1	11.9	25.5	40.5	NA	NA	NA
ENSDART00000148709	brd2b	319	26.1	23.6	9.8	16.2	32.7	46.1	20.78	15.41	-0.431328792389
ENSDART00000054274	macf1	20	31.7	23.2	4.2	10.6	42.8	63.4	3.25	2.59	-0.327487620229
ENSDART00000006612	tbr1b	12	16.4	14.1	6.7	7.2	27.4	30.1	NA	NA	NA
ENSDART00000136761	prkx	23	23.1	19.4	6.4	11.2	29.9	32.5	NA	NA	NA
ENSDART00000136763	vav3a	16	26.8	23.9	5.2	14.4	39.2	50.2	NA	NA	NA
ENSDART00000041677	serpine2	164	53.4	44.6	8.5	21.9	82.0	105.4	24.96	231.32	3.21220016792
ENSDART00000080290	ST3GAL1	492	23.9	20.1	5.3	11.6	32.6	46.1	128.14	6.14	-4.38333842979
ENSDART00000042867	DEDD	319	36.7	31.8	12.0	19.6	45.6	66.9	123.08	58.51	-1.07284122551
ENSDART00000021209	uxt	95	27.3	24.4	7.8	13.3	42.0	53.0	NA	NA	NA
ENSDART00000123062	insig1	58	29.3	20.2	3.2	10.5	39.3	66.9	NA	NA	NA
ENSDART00000044429	rnf123	44	15.9	12.8	-6.4	4.1	24.0	41.3	NA	NA	NA
ENSDART00000054652	MARVELD3	527	39.2	30.5	9.9	16.8	49.0	84.1	NA	NA	NA
ENSDART00000027756	arhgef39	143	53.2	50.8	11.6	22.9	77.0	97.0	20.93	79.59	1.92701486469
ENSDART00000018908	slc27a1a	100	50.7	45.4	15.9	31.8	71.2	92.3	28.69	51.31	0.838692057423
ENSDART00000054659	fam58a	204	39.3	36.7	14.0	23.9	52.5	68.4	NA	NA	NA
ENSDART00000054809	trappc11	120	33.6	28.8	8.1	16.3	49.2	64.3	17.18	23.82	0.471443376726
ENSDART00000011337	surf1	36	16.1	17.9	3.0	6.6	21.6	30.3	NA	NA	NA
ENSDART00000108585	SOWAHA	2	28.7	28.7	NA	NA	NA	NA	NA	NA	NA
ENSDART00000065318	C21HXorf40B	47	28.8	19.0	7.1	13.3	38.8	57.2	NA	NA	NA
ENSDART00000108587	sec31a	16	20.7	14.5	7.6	12.3	33.1	41.2	4.32	22.75	2.39676332781
ENSDART00000081215	krt8	4	26.2	16.9	NA	NA	NA	NA	NA	NA	NA
ENSDART00000122449	ccnb3	181	12.8	11.4	-0.4	4.8	17.9	29.0	20.11	2.87	-2.80879043963
ENSDART00000124875	u2af2a	75	90.7	84.6	15.9	34.0	141.3	169.6	33.12	291.57	3.13806770866
ENSDART00000105691	COX4I2	3	29.2	37.8	NA	NA	NA	NA	NA	NA	NA
ENSDART00000147702	zdhhc5a	113	55.5	54.7	9.9	32.6	74.3	94.6	NA	NA	NA
ENSDART00000105694	adprm	47	18.2	13.2	6.4	8.8	22.6	42.6	NA	NA	NA
ENSDART00000081212	polr2l	371	26.7	23.3	5.8	11.9	37.5	52.0	179.77	200.47	0.157234071803
ENSDART00000122441	CABZ01073069.1	1	29.8	29.8	NA	NA	NA	NA	NA	NA	NA
ENSDART00000051025	zgc:110249	1	12.8	12.8	NA	NA	NA	NA	NA	NA	NA
ENSDART00000122445	AKT3	4	64.7	63.0	NA	NA	NA	NA	NA	NA	NA
ENSDART00000056248	wdr48	180	26.8	23.6	4.5	14.1	37.3	54.2	25.25	39.58	0.648488224521
ENSDART00000138360	myo10l3	1	6.4	6.4	NA	NA	NA	NA	NA	NA	NA
ENSDART00000029974	clcnk	12	48.2	45.8	22.3	24.3	69.5	83.9	NA	NA	NA
ENSDART00000126589	CU695232.1	50	47.5	38.0	10.4	17.0	60.5	95.1	NA	NA	NA
ENSDART00000080925	impad1	114	19.8	16.0	3.9	9.9	24.2	41.8	NA	NA	NA
ENSDART00000144616	DHRS4	2	57.8	57.8	NA	NA	NA	NA	NA	NA	NA
ENSDART00000126587	samd7	21	18.9	16.5	5.2	9.8	25.3	31.2	NA	NA	NA
ENSDART00000126586	si:ch211-197l9.5	29	17.1	13.7	4.8	8.9	23.1	32.2	NA	NA	NA
ENSDART00000027532	mapkapk2a	290	42.3	32.8	7.9	16.6	62.9	92.0	38.91	290.34	2.89953045963
ENSDART00000050379	JHDM1D	93	36.2	28.8	6.7	13.5	48.7	78.4	17.95	17.97	0.00160656479953
ENSDART00000082740	tead1b	1	41.9	41.9	NA	NA	NA	NA	NA	NA	NA
ENSDART00000124724	dpydb	60	25.9	21.0	8.2	14.9	29.3	42.4	NA	NA	NA
ENSDART00000121936	CU571169.3	1	37.2	37.2	NA	NA	NA	NA	NA	NA	NA
ENSDART00000084598	vimp	190	38.7	28.6	8.2	15.4	55.8	83.0	NA	NA	NA
ENSDART00000105526	nub1	44	47.0	48.8	10.1	33.1	62.0	74.5	NA	NA	NA
ENSDART00000061016	fam192a	168	26.6	19.1	8.2	13.0	26.2	58.6	33.74	18.44	-0.871621317858
ENSDART00000105520	pias4a	319	27.1	17.6	3.5	8.3	32.7	67.2	36.04	131.81	1.87078891086
ENSDART00000061013	sncb	7	48.0	35.6	NA	NA	NA	NA	NA	NA	NA
ENSDART00000105523	timm23	568	23.5	18.6	4.5	10.8	31.3	46.5	52.64	23.52	-1.1622714289
ENSDART00000050311	RLTPR	130	61.2	49.0	9.9	27.5	88.7	128.5	NA	NA	NA
ENSDART00000084597	d2hgdh	50	27.1	19.1	7.8	12.8	38.0	55.2	NA	NA	NA
ENSDART00000123086	pitpnb	45	35.5	22.7	-4.9	5.7	56.2	100.5	NA	NA	NA
ENSDART00000102518	wu:fc28f08	38	17.9	14.1	-0.1	6.8	27.5	36.8	NA	NA	NA
ENSDART00000098285	atf5a	28	80.2	82.3	10.7	23.0	131.6	149.3	NA	NA	NA
ENSDART00000102510	zgc:77056	31	77.7	64.1	5.0	23.1	135.0	163.0	44.78	139.83	1.64274748541
ENSDART00000102511	ccdc104	86	21.9	19.4	6.8	13.5	27.0	37.1	21.32	0.41	-5.70043971814
ENSDART00000127194	ghra	3	33.1	41.5	NA	NA	NA	NA	NA	NA	NA
ENSDART00000040701	ing5a	24	18.6	12.9	3.0	7.8	20.4	32.6	NA	NA	NA
ENSDART00000015051	gdf5	1	22.4	22.4	NA	NA	NA	NA	NA	NA	NA
ENSDART00000060723	CU862021.1	224	34.6	23.0	7.0	12.8	50.9	81.8	NA	NA	NA
ENSDART00000040708	caprin2	612	29.2	22.4	8.1	14.6	36.7	59.9	68.34	59.62	-0.196933872438
ENSDART00000058992	gli3	1	19.9	19.9	NA	NA	NA	NA	NA	NA	NA
ENSDART00000058993	psph	148	19.8	13.3	2.7	7.2	25.1	46.7	37.98	24.3	-0.644283591656
ENSDART00000060729	YRDC	46	48.4	37.8	7.7	15.7	78.8	91.4	NA	NA	NA
ENSDART00000066894	dcp1b	17	44.2	40.8	9.9	30.6	55.1	78.0	NA	NA	NA
ENSDART00000146619	dram2b	25	24.2	23.8	5.3	14.5	34.7	43.1	NA	NA	NA
ENSDART00000005609	kifap3a	81	22.5	19.4	7.0	12.0	31.1	39.9	NA	NA	NA
ENSDART00000066891	gsap	26	34.6	26.1	12.0	18.0	48.4	59.5	NA	NA	NA
ENSDART00000082296	ptger4a	1	14.7	14.7	NA	NA	NA	NA	NA	NA	NA
ENSDART00000146610	ms4a17a.8	1	21.7	21.7	NA	NA	NA	NA	NA	NA	NA
ENSDART00000066898	rps16	404	34.6	32.7	9.6	18.8	46.4	61.7	341.08	28.88	-3.5619675144
ENSDART00000146616	si:dkey-189h5.6	2	15.7	15.7	NA	NA	NA	NA	NA	NA	NA
ENSDART00000112252	CABZ01079241.1	0	NA	NA	NA	NA	NA	NA	10.64	1.83	-2.53958259722
ENSDART00000135950	smg6	17	51.3	52.3	17.1	32.5	69.9	82.5	NA	NA	NA
ENSDART00000135951	SLC46A3	7	17.6	13.4	NA	NA	NA	NA	NA	NA	NA
ENSDART00000019364	bmp2a	1	5.5	5.5	NA	NA	NA	NA	NA	NA	NA
ENSDART00000135959	thumpd3	143	28.5	21.5	5.1	10.2	38.2	58.0	35.37	36.14	0.0310702871637
ENSDART00000079852	ikbkg	334	15.4	13.1	1.2	5.9	21.3	34.5	51.03	4.95	-3.36584521142
ENSDART00000125584	im:7136729	6	26.8	26.9	NA	NA	NA	NA	NA	NA	NA
ENSDART00000132294	fut8	10	20.2	23.3	3.7	9.9	26.5	30.8	NA	NA	NA
ENSDART00000132295	rnf17	366	23.2	20.3	6.4	12.7	32.2	46.1	31.27	5.55	-2.49421954269
ENSDART00000132297	adam9	19	56.1	57.4	14.6	25.2	85.2	105.7	NA	NA	NA
ENSDART00000093160	ch1073-291c23.1	52	62.2	62.8	16.8	33.7	87.4	107.7	NA	NA	NA
ENSDART00000134606	otpb	50	15.6	11.8	5.3	7.2	21.5	27.7	NA	NA	NA
ENSDART00000134601	prpf8	132	104.9	115.4	28.2	74.0	141.4	163.0	14.31	215.81	3.91466613944
ENSDART00000079855	FAM98C	67	19.0	15.5	5.4	10.0	24.8	36.3	NA	NA	NA
ENSDART00000143395	sh3kbp1	29	25.8	16.8	6.3	10.4	37.6	48.3	NA	NA	NA
ENSDART00000057689	bag3	18	45.4	36.1	8.9	15.2	67.1	97.4	NA	NA	NA
ENSDART00000143390	vps41	39	20.3	17.8	5.4	8.5	29.1	39.0	NA	NA	NA
ENSDART00000023867	lsg1	342	35.9	33.6	10.2	18.1	49.7	66.6	57.19	94.42	0.723329577401
ENSDART00000057687	si:dkey-51a16.9	1	17.7	17.7	NA	NA	NA	NA	NA	NA	NA
ENSDART00000134661	gstcd	46	54.9	51.6	12.5	32.1	76.9	95.2	NA	NA	NA
ENSDART00000013278	sirt2	19	33.5	30.1	8.7	18.3	47.2	58.0	NA	NA	NA
ENSDART00000074814	ppib	966	20.6	16.7	3.7	8.5	28.0	43.7	299.94	97.74	-1.61765292316
ENSDART00000037986	zgc:91844	38	35.9	31.9	7.0	14.5	50.8	72.1	15.48	22.26	0.524048121198
ENSDART00000018017	gmcl1	35	21.3	16.9	2.7	6.2	33.3	52.9	25.86	54.99	1.08844701145
ENSDART00000136976	pam	157	32.8	26.6	7.8	16.1	43.3	71.3	NA	NA	NA
ENSDART00000129560	dusp7	13	23.5	14.1	7.9	9.7	26.3	52.8	NA	NA	NA
ENSDART00000066767	CABZ01090951.1	30	49.7	47.2	7.0	21.5	73.5	95.9	NA	NA	NA
ENSDART00000066764	commd3	188	18.9	16.2	3.9	8.9	26.1	36.1	NA	NA	NA
ENSDART00000066097	pygo1	9	9.2	8.9	NA	NA	NA	NA	NA	NA	NA
ENSDART00000047954	ugcg	74	54.5	33.1	7.1	15.3	77.5	145.2	15.49	220.69	3.83261220984
ENSDART00000066760	cct5	402	23.7	18.4	5.0	9.6	33.0	48.4	56.24	53.31	-0.0771904123227
ENSDART00000113867	SLC41A2	146	15.7	11.9	0.6	6.1	21.9	32.8	NA	NA	NA
ENSDART00000055269	gng13b	1	5.5	5.5	NA	NA	NA	NA	NA	NA	NA
ENSDART00000111497	ITCH	8	37.5	24.7	NA	NA	NA	NA	NA	NA	NA
ENSDART00000123082	crygn1	66	26.9	20.2	3.2	11.3	38.7	61.5	NA	NA	NA
ENSDART00000055266	rbbp6	2	27.7	27.7	NA	NA	NA	NA	NA	NA	NA
ENSDART00000061396	chmp5b	309	19.7	16.9	4.3	10.0	27.2	39.9	59.32	29.07	-1.02898752632
ENSDART00000055263	itga3a	22	31.0	17.7	6.0	13.0	44.6	61.8	NA	NA	NA
ENSDART00000059028	hvcn1	108	25.9	23.1	8.0	15.0	32.3	44.6	NA	NA	NA
ENSDART00000152413	txndc11	56	27.2	22.7	7.0	10.5	42.7	53.8	17.14	2.36	-2.86050834475
ENSDART00000152482	pagr1	160	25.0	17.2	4.3	10.0	35.5	55.9	45.5	9.8	-2.21501289097
ENSDART00000125058	nipsnap3	137	22.1	18.0	4.5	8.9	32.4	46.2	NA	NA	NA
ENSDART00000037385	appa	30	27.6	30.6	-4.4	13.6	39.4	56.7	NA	NA	NA
ENSDART00000125054	slc23a3	6	11.4	12.1	NA	NA	NA	NA	NA	NA	NA
ENSDART00000037389	zgc:55413	1	28.4	28.4	NA	NA	NA	NA	399.2	41.77	-3.25657267206
ENSDART00000051973	sirt3	38	49.0	44.6	9.4	32.2	61.8	97.7	NA	NA	NA
ENSDART00000125136	CT573476.2	524	46.0	42.3	10.9	20.8	65.0	86.1	56.2	77.01	0.454475666188
ENSDART00000125131	smad6a	2	14.5	14.5	NA	NA	NA	NA	NA	NA	NA
ENSDART00000125130	CABZ01033205.2	1	41.1	41.1	NA	NA	NA	NA	NA	NA	NA
ENSDART00000049503	peli2	206	44.4	32.5	8.7	18.4	60.1	100.1	NA	NA	NA
ENSDART00000020813	sytl4	5	29.8	23.9	NA	NA	NA	NA	NA	NA	NA
ENSDART00000076373	st8sia7.1	360	30.5	24.3	6.2	12.8	42.3	61.0	NA	NA	NA
ENSDART00000020542	PLEKHO2	3	18.9	25.0	NA	NA	NA	NA	NA	NA	NA
ENSDART00000088876	satb2	4	39.0	24.0	NA	NA	NA	NA	NA	NA	NA
ENSDART00000109577	CABP7	41	19.5	17.7	4.6	12.0	26.9	30.3	NA	NA	NA
ENSDART00000125850	CABZ01055500.1	31	21.5	13.3	2.3	4.9	24.5	34.3	NA	NA	NA
ENSDART00000083499	kdm6al	526	20.8	18.6	5.7	10.0	27.1	40.3	39.69	3.44	-3.5282950923
ENSDART00000109578	FAM117A	10	21.9	17.3	8.7	16.4	27.4	39.8	NA	NA	NA
ENSDART00000140518	rpl27	753	24.6	22.8	7.1	12.2	35.4	45.3	308.19	9.76	-4.98079509273
ENSDART00000005027	si:ch211-212o1.2	133	56.7	51.8	12.9	27.9	81.7	106.8	NA	NA	NA
ENSDART00000005025	hdr	209	33.1	31.2	6.6	15.7	45.4	61.8	NA	NA	NA
ENSDART00000047418	notum1a	3	6.5	1.0	NA	NA	NA	NA	NA	NA	NA
ENSDART00000111160	ptmab	597	42.1	34.5	10.4	18.2	59.1	86.6	264.54	388.02	0.552645133432
ENSDART00000044282	hif1aa	17	54.3	52.5	15.3	43.0	79.3	94.9	NA	NA	NA
ENSDART00000097267	MATR3	75	58.2	49.4	15.6	24.0	83.3	115.9	20.93	114.21	2.44804475903
ENSDART00000140621	adck4	176	42.4	40.2	12.4	23.4	58.1	72.2	NA	NA	NA
ENSDART00000086534	cyb5d2	18	32.4	26.2	7.1	14.0	48.2	69.9	NA	NA	NA
ENSDART00000086537	ankfy1	46	39.3	31.5	8.6	14.7	63.6	80.1	4.73	21.48	2.18308190465
ENSDART00000086531	cox11	151	31.3	26.3	8.9	18.2	40.5	58.9	NA	NA	NA
ENSDART00000086533	atp10a	162	55.4	53.4	6.7	24.2	84.2	110.9	11.62	51.38	2.1445968215
ENSDART00000023531	hey2	16	34.3	32.6	13.2	21.5	45.2	49.6	NA	NA	NA
ENSDART00000112607	wu:fe36b12	28	25.1	21.8	10.7	14.7	35.0	43.1	NA	NA	NA
ENSDART00000001253	si:busm1-57f23.1	23	36.3	26.3	19.5	24.1	37.7	61.1	NA	NA	NA
ENSDART00000002507	rhoj	1	21.0	21.0	NA	NA	NA	NA	NA	NA	NA
ENSDART00000039388	pcyox1	35	17.5	13.6	6.2	9.9	22.0	36.4	NA	NA	NA
ENSDART00000134665	cenph	2	13.8	13.8	NA	NA	NA	NA	NA	NA	NA
ENSDART00000039386	zgc:66427	862	14.5	11.8	1.6	5.8	19.2	31.1	NA	NA	NA
ENSDART00000128183	BX005410.2	3	10.5	9.3	NA	NA	NA	NA	NA	NA	NA
ENSDART00000039381	cops7a	415	19.5	16.5	4.6	9.3	26.4	37.2	30.17	12.95	-1.22016259857
ENSDART00000128181	ripk4	146	33.9	29.5	8.0	16.6	45.3	63.0	NA	NA	NA
ENSDART00000109605	si:dkey-219c3.2	197	39.1	33.3	5.6	13.3	59.3	82.0	19.33	127.51	2.72169685254
ENSDART00000143930	tmem238	5	94.8	98.0	NA	NA	NA	NA	NA	NA	NA
ENSDART00000143933	chchd6a	377	16.1	14.4	4.1	8.2	21.3	29.4	NA	NA	NA
ENSDART00000104581	ccnk	44	105.0	110.6	38.4	67.0	143.1	163.2	NA	NA	NA
ENSDART00000109752	serpinh1a	11	28.5	14.3	3.9	6.4	38.7	83.9	NA	NA	NA
ENSDART00000009464	slc30a7	0	NA	NA	NA	NA	NA	NA	9.46	36.92	1.96449046431
ENSDART00000109750	CABZ01067868.1	21	34.4	22.6	6.9	13.1	39.7	90.9	NA	NA	NA
ENSDART00000135606	si:dkey-205h13.1	5	19.1	12.4	NA	NA	NA	NA	NA	NA	NA
ENSDART00000133659	ncapg	561	67.0	63.2	15.6	30.7	98.7	124.2	47.92	248.78	2.3761706953
ENSDART00000129583	fbxo8	53	95.5	103.7	15.0	47.4	141.0	165.9	NA	NA	NA
ENSDART00000048901	itgb2	1	26.4	26.4	NA	NA	NA	NA	NA	NA	NA
ENSDART00000002691	tspan7b	90	33.3	25.9	6.5	13.8	49.4	69.5	NA	NA	NA
ENSDART00000002693	stx16	41	31.1	20.0	6.3	10.6	41.7	71.3	NA	NA	NA
ENSDART00000076946	si:ch211-242b18.1	2	16.7	16.7	NA	NA	NA	NA	NA	NA	NA
ENSDART00000101504	tmem160	18	20.3	13.5	2.1	7.9	23.3	39.6	NA	NA	NA
ENSDART00000138606	las1l	341	20.1	18.0	4.9	10.0	26.6	35.8	38.68	34.88	-0.1491877547
ENSDART00000101282	bcr	11	61.7	57.0	7.8	52.6	75.2	115.0	NA	NA	NA
ENSDART00000062736	coasy	42	53.5	39.8	6.8	24.5	76.3	114.8	14.26	74.8	2.39106428833
ENSDART00000061665	mrps7	39	12.4	11.4	0.3	2.8	18.1	26.1	NA	NA	NA
ENSDART00000053095	rhbdf1	97	24.6	20.8	7.4	12.4	31.4	49.5	NA	NA	NA
ENSDART00000129713	rnf139	34	29.5	24.6	7.8	17.5	44.3	57.1	16.84	11.82	-0.510662102889
ENSDART00000129009	mettl21d	66	24.0	19.8	5.9	12.5	28.1	43.2	NA	NA	NA
ENSDART00000053304	si:ch211-114n24.6	1	16.4	16.4	NA	NA	NA	NA	9.89	7.93	-0.318649655055
ENSDART00000018868	pdia4	1128	22.5	19.4	4.8	11.0	30.7	42.1	175.32	88.27	-0.989995481139
ENSDART00000105514	ZNF576	301	28.8	22.0	5.1	12.3	38.0	65.5	60.57	149.94	1.30770999076
ENSDART00000129240	si:dkey-253d23.4	3	32.5	10.3	NA	NA	NA	NA	NA	NA	NA
ENSDART00000131729	tnc	1	-5.2	-5.2	NA	NA	NA	NA	NA	NA	NA
ENSDART00000055619	phactr4a	182	33.7	30.2	9.7	16.6	43.1	69.9	NA	NA	NA
ENSDART00000078385	ppat	126	23.9	20.9	4.2	11.6	34.1	45.8	31.47	15.92	-0.983136842755
ENSDART00000025308	tbc1d19	55	18.8	17.0	5.4	10.5	25.0	39.1	NA	NA	NA
ENSDART00000042674	helz	84	20.7	18.5	4.0	8.4	31.2	46.5	45.69	1.12	-5.35030780515
ENSDART00000042672	guf1	25	18.4	10.8	1.5	8.5	30.2	40.9	NA	NA	NA
ENSDART00000113692	CABZ01066734.1	1162	26.4	23.7	6.4	13.8	36.5	50.6	159.53	69.15	-1.20602659529
ENSDART00000008752	pck1	1	3.6	3.6	NA	NA	NA	NA	NA	NA	NA
ENSDART00000028612	pde4ba	123	13.6	11.4	1.1	5.7	20.4	27.9	NA	NA	NA
ENSDART00000126807	zgc:113100	6	30.4	27.7	NA	NA	NA	NA	NA	NA	NA
ENSDART00000114769	SBSPON	4	28.5	27.5	NA	NA	NA	NA	NA	NA	NA
ENSDART00000129362	eef1a1l1	1	9.2	9.2	NA	NA	NA	NA	67.04	58.65	-0.192891040783
ENSDART00000114642	ibtk	84	23.2	18.8	6.4	9.8	29.6	52.0	7.52	1.37	-2.45655676872
ENSDART00000087662	phf14	57	34.8	26.5	7.3	18.1	46.9	77.3	17.29	44.48	1.36321891908
ENSDART00000087663	sema5b	1	1.6	1.6	NA	NA	NA	NA	NA	NA	NA
ENSDART00000114766	grik5	11	24.5	26.2	8.6	14.5	34.4	39.7	NA	NA	NA
ENSDART00000114762	nanog	240	72.3	44.0	-1.3	17.8	122.7	176.2	129.57	2301.3	4.15064543964
ENSDART00000028349	c4	2	52.4	52.4	NA	NA	NA	NA	NA	NA	NA
ENSDART00000050969	TMEM150A	76	23.5	17.3	4.2	11.8	34.4	51.0	NA	NA	NA
ENSDART00000105323	C22H6orf89	29	29.0	26.0	8.4	11.7	39.2	66.6	NA	NA	NA
ENSDART00000105326	TONSL	184	15.7	13.3	3.3	6.6	20.7	29.3	15.49	8.05	-0.944276455788
ENSDART00000140917	prkra	49	22.8	14.6	4.4	8.1	27.8	51.0	NA	NA	NA
ENSDART00000144633	si:ch73-387e10.3	62	30.0	21.5	5.7	11.8	38.5	64.5	NA	NA	NA
ENSDART00000063786	cab39	63	72.3	74.2	11.1	29.4	105.7	126.5	NA	NA	NA
ENSDART00000123104	notch2	34	45.1	36.3	4.1	13.1	58.0	95.5	NA	NA	NA
ENSDART00000124264	GTF3C1	24	104.7	105.8	48.0	91.3	125.7	150.1	11.33	19.1	0.753424777103
ENSDART00000050966	slc25a46	108	29.1	26.3	5.1	12.2	40.9	58.9	NA	NA	NA
ENSDART00000043774	sde2	45	33.0	27.4	8.9	17.7	42.8	67.3	42.29	236.55	2.48375669537
ENSDART00000149398	si:ch73-132k15.2	76	25.2	18.4	3.6	8.9	32.2	66.8	65.17	10.43	-2.6434688371
ENSDART00000110923	cnksr2b	7	17.0	13.6	NA	NA	NA	NA	NA	NA	NA
ENSDART00000007170	prpsap2	225	50.9	40.8	10.8	24.0	72.0	109.1	NA	NA	NA
ENSDART00000146211	h3f3a	2034	55.1	48.7	11.6	23.7	79.1	110.0	509.35	2440.45	2.26041794358
ENSDART00000026213	MARK3	76	47.8	41.8	6.0	15.2	71.5	111.5	NA	NA	NA
ENSDART00000126733	CARD14	2	27.2	27.2	NA	NA	NA	NA	NA	NA	NA
ENSDART00000144379	ndufaf1	26	28.3	26.4	8.5	16.2	36.0	46.5	NA	NA	NA
ENSDART00000112845	CR391995.1	4	24.4	21.7	NA	NA	NA	NA	NA	NA	NA
ENSDART00000035150	spast	174	45.9	29.2	10.2	17.3	64.2	118.8	18.82	47.28	1.32896340745
ENSDART00000042492	sepsecs	338	12.9	11.1	1.8	6.0	18.1	25.8	NA	NA	NA
ENSDART00000144373	zgc:153499	381	32.8	18.4	4.3	10.4	37.0	88.9	155.8	339.16	1.12227079734
ENSDART00000049462	rab15	181	21.2	18.3	4.1	11.2	27.8	44.6	NA	NA	NA
ENSDART00000042496	tango6	255	34.0	29.8	10.7	17.8	45.5	62.1	23.0	20.01	-0.200912693926
ENSDART00000123271	rcan1b	26	39.6	30.7	12.0	15.8	56.9	81.1	NA	NA	NA
ENSDART00000042495	sat1b	6	23.8	18.2	NA	NA	NA	NA	NA	NA	NA
ENSDART00000067764	stk17a	70	34.1	23.9	8.7	14.9	46.6	75.3	NA	NA	NA
ENSDART00000067762	si:ch211-94l19.4	104	28.9	20.2	4.3	9.0	43.2	69.8	NA	NA	NA
ENSDART00000145571	epb41l4b	38	52.4	47.3	12.5	24.6	67.3	106.4	NA	NA	NA
ENSDART00000087002	plekho1a	3	37.7	35.4	NA	NA	NA	NA	NA	NA	NA
ENSDART00000087001	cnnm2a	51	42.4	34.0	11.0	17.3	59.9	96.1	NA	NA	NA
ENSDART00000114544	cdk13	25	112.4	104.5	27.8	77.3	168.0	191.1	16.66	42.2	1.34085459823
ENSDART00000121699	wee2	1162	62.9	59.3	16.4	36.8	86.0	112.7	129.98	683.46	2.39456725242
ENSDART00000114546	dusp12	33	30.1	23.0	6.6	15.0	39.9	60.2	NA	NA	NA
ENSDART00000020370	zgc:123107	5	19.1	12.5	NA	NA	NA	NA	NA	NA	NA
ENSDART00000140706	chrna9	1	3.2	3.2	NA	NA	NA	NA	NA	NA	NA
ENSDART00000121691	slc35c1	7	20.3	14.7	NA	NA	NA	NA	NA	NA	NA
ENSDART00000140877	si:ch1073-15f19.2	4	34.4	26.6	NA	NA	NA	NA	NA	NA	NA
ENSDART00000035152	KIF26A	15	67.2	80.8	10.4	18.2	111.9	130.8	NA	NA	NA
ENSDART00000050847	GLDC	739	16.7	13.7	2.4	7.2	23.6	34.6	39.78	6.55	-2.60247646441
ENSDART00000017593	tmem237a	3	11.1	11.1	NA	NA	NA	NA	NA	NA	NA
ENSDART00000076084	NPM2	1084	24.4	21.2	6.4	13.4	32.8	47.2	336.61	49.2	-2.77434781617
ENSDART00000017594	hoxb10a	1	30.1	30.1	NA	NA	NA	NA	NA	NA	NA
ENSDART00000017599	rem1	91	18.5	14.0	3.0	8.5	23.5	41.3	NA	NA	NA
ENSDART00000149646	slc31a1	322	33.6	25.8	7.5	14.6	47.6	70.2	NA	NA	NA
ENSDART00000149640	egln3	1	76.8	76.8	NA	NA	NA	NA	NA	NA	NA
ENSDART00000007310	zgc:171731	30	62.2	68.4	15.6	39.7	86.9	98.6	NA	NA	NA
ENSDART00000149642	h6pd	2	27.5	27.5	NA	NA	NA	NA	NA	NA	NA
ENSDART00000064586	cyp2x7	139	31.9	32.4	7.3	15.5	42.7	59.7	NA	NA	NA
ENSDART00000091158	irg1l	2	9.3	9.3	NA	NA	NA	NA	NA	NA	NA
ENSDART00000144116	si:ch211-274p24.2	1	24.0	24.0	NA	NA	NA	NA	NA	NA	NA
ENSDART00000064233	efcab11	263	53.3	46.7	12.7	24.5	77.9	103.0	NA	NA	NA
ENSDART00000131951	clpp	243	38.2	34.5	10.9	17.7	53.0	74.4	49.24	174.92	1.8287925866
ENSDART00000030566	galk1	59	26.4	25.8	7.3	15.7	34.3	47.8	NA	NA	NA
ENSDART00000045615	qrsl1	240	18.1	15.8	4.3	8.8	25.4	34.3	NA	NA	NA
ENSDART00000139265	si:ch211-12e13.12	3	29.4	23.6	NA	NA	NA	NA	NA	NA	NA
ENSDART00000021394	mettl13	49	37.3	31.3	6.2	11.7	57.5	86.0	NA	NA	NA
ENSDART00000139267	ZMAT1	66	35.2	27.2	8.3	14.4	51.0	67.4	NA	NA	NA
ENSDART00000016422	mknk2b	127	29.8	21.9	6.2	12.1	38.9	71.2	14.47	32.03	1.14635887624
ENSDART00000011432	reep3l	5	44.4	43.1	NA	NA	NA	NA	NA	NA	NA
ENSDART00000149299	cers2b	13	29.4	22.5	13.4	19.4	35.3	48.5	NA	NA	NA
ENSDART00000016103	nxnl2	133	26.7	22.0	8.4	13.6	33.6	53.3	NA	NA	NA
ENSDART00000011435	cox5ab	444	21.6	18.4	4.1	10.5	29.4	44.2	103.81	26.54	-1.96770514914
ENSDART00000028960	ndufa2	151	9.1	7.3	-0.7	2.3	13.0	19.7	NA	NA	NA
ENSDART00000019620	ddx23	183	62.5	61.3	19.1	37.7	85.1	106.2	25.15	91.55	1.86400148599
ENSDART00000019991	slc7a6os	220	13.3	11.5	-0.1	5.0	20.0	27.2	NA	NA	NA
ENSDART00000065728	nrsn1	1	51.8	51.8	NA	NA	NA	NA	NA	NA	NA
ENSDART00000136402	zgc:56585	2	20.2	20.2	NA	NA	NA	NA	NA	NA	NA
ENSDART00000052307	arrdc3b	1	23.4	23.4	NA	NA	NA	NA	NA	NA	NA
ENSDART00000055242	nde1	121	41.4	32.5	7.0	19.2	56.8	88.2	NA	NA	NA
ENSDART00000112995	wu:fi34b01	314	18.0	14.7	2.8	8.3	24.5	36.5	20.83	15.62	-0.415268385899
ENSDART00000122589	rnf113a	108	35.5	29.5	10.7	18.6	49.0	68.6	38.12	27.14	-0.490127398491
ENSDART00000002842	cyp2y3	11	22.5	21.5	8.6	19.1	29.6	34.1	NA	NA	NA
ENSDART00000122584	tmem176l.2	1	43.7	43.7	NA	NA	NA	NA	NA	NA	NA
ENSDART00000043727	slc7a3a	11	36.2	21.5	2.4	12.7	52.2	80.9	NA	NA	NA
ENSDART00000023889	barx1	1	36.1	36.1	NA	NA	NA	NA	NA	NA	NA
ENSDART00000122582	gbas	453	38.6	24.0	5.3	11.1	57.3	99.0	44.33	18.27	-1.27880672854
ENSDART00000122053	map2k6	188	18.5	15.8	2.7	8.0	25.4	36.4	44.02	3.28	-3.74639142527
ENSDART00000137024	ska3	412	13.5	12.0	0.8	6.3	18.6	27.9	46.41	8.79	-2.40050062703
ENSDART00000031658	tpgs2	14	18.6	14.3	6.2	9.1	25.8	41.8	NA	NA	NA
ENSDART00000060005	rpl32	1123	26.1	24.9	7.2	14.8	36.4	46.6	893.36	68.87	-3.69729407759
ENSDART00000015991	il1b	7	7.2	5.4	NA	NA	NA	NA	NA	NA	NA
ENSDART00000015333	gbx2	11	31.2	28.2	11.0	24.6	36.7	48.2	NA	NA	NA
ENSDART00000040346	efr3ba	1	102.7	102.7	NA	NA	NA	NA	NA	NA	NA
ENSDART00000010210	lect1	1	23.7	23.7	NA	NA	NA	NA	NA	NA	NA
ENSDART00000054337	gpr157	122	27.2	22.9	5.7	12.6	33.8	52.3	NA	NA	NA
ENSDART00000123182	mgat1a	412	30.3	26.9	7.2	15.7	42.6	56.9	NA	NA	NA
ENSDART00000123181	rbp2b	8	22.0	20.2	NA	NA	NA	NA	NA	NA	NA
ENSDART00000103158	rarga	58	20.2	18.4	5.8	11.7	27.2	35.9	NA	NA	NA
ENSDART00000088591	egfra	1	42.8	42.8	NA	NA	NA	NA	NA	NA	NA
ENSDART00000123851	FUT8	3	37.9	25.5	NA	NA	NA	NA	NA	NA	NA
ENSDART00000111702	CABZ01055652.1	7	29.9	19.4	NA	NA	NA	NA	NA	NA	NA
ENSDART00000097865	ints9	105	32.5	30.6	8.5	13.4	45.7	62.7	12.22	29.3	1.26165637949
ENSDART00000097864	ankrd12	423	17.0	14.1	3.6	8.2	22.2	32.4	66.2	1.4	-5.56333248475
ENSDART00000075331	insm1b	1	24.5	24.5	NA	NA	NA	NA	NA	NA	NA
ENSDART00000019196	lft1	2	35.1	35.1	NA	NA	NA	NA	NA	NA	NA
ENSDART00000075333	map3k4	58	38.5	33.4	9.4	18.0	52.9	72.4	44.39	44.56	0.00551452401494
ENSDART00000085748	NDST1	214	43.2	33.2	7.9	15.9	66.1	94.3	14.51	16.8	0.211413713599
ENSDART00000115307	CR847496.2	179	24.6	18.9	3.9	9.2	35.0	49.9	NA	NA	NA
ENSDART00000141039	polk	43	22.1	20.9	2.2	9.1	32.0	45.0	NA	NA	NA
ENSDART00000129166	CU855931.2	145	17.4	12.0	2.9	6.3	24.6	38.8	NA	NA	NA
ENSDART00000089234	slc12a7a	85	34.6	28.4	6.8	16.5	45.5	71.2	NA	NA	NA
ENSDART00000025877	cldn12	54	34.7	23.1	7.6	15.3	52.8	76.9	NA	NA	NA
ENSDART00000023089	acadvl	99	36.0	29.7	7.9	17.7	54.5	72.2	30.4	47.72	0.650522719364
ENSDART00000108938	BX324131.3	2	15.5	15.5	NA	NA	NA	NA	NA	NA	NA
ENSDART00000055071	nptx2a	1	6.4	6.4	NA	NA	NA	NA	NA	NA	NA
ENSDART00000033132	fam126a	27	56.7	37.7	9.7	18.8	93.7	126.3	NA	NA	NA
ENSDART00000081156	timm13	188	48.1	46.5	18.8	32.0	61.9	78.7	NA	NA	NA
ENSDART00000057268	greb1l	1	120.9	120.9	NA	NA	NA	NA	NA	NA	NA
ENSDART00000029133	nhp2l1b	5	-0.1	-5.5	NA	NA	NA	NA	707.48	709.21	0.00352351419346
ENSDART00000080343	ppp1r42	17	20.5	16.5	4.5	11.9	24.0	41.7	NA	NA	NA
ENSDART00000051763	rps3a	500	29.2	27.4	6.0	13.2	42.5	55.3	509.38	29.4	-4.11485425541
ENSDART00000122639	vipr2	4	24.1	15.3	NA	NA	NA	NA	NA	NA	NA
ENSDART00000103980	crip2	44	43.7	31.2	8.8	17.4	70.1	88.8	NA	NA	NA
ENSDART00000018570	wars2	11	16.4	10.5	4.2	8.1	20.5	40.0	NA	NA	NA
ENSDART00000129161	wrap53	247	22.1	17.3	2.7	8.0	31.8	52.7	31.29	34.11	0.124493096372
ENSDART00000033871	ap2s1	303	18.8	15.4	3.5	8.6	23.7	40.4	NA	NA	NA
ENSDART00000099832	TSC22D4	114	24.7	21.0	6.7	11.5	30.8	44.9	NA	NA	NA
ENSDART00000103054	lysmd1	106	40.2	35.5	10.6	17.5	58.9	76.1	NA	NA	NA
ENSDART00000088041	UFSP1	103	21.3	19.0	5.9	10.4	29.3	40.7	NA	NA	NA
ENSDART00000125116	tnfaip8l3	4	16.2	15.4	NA	NA	NA	NA	NA	NA	NA
ENSDART00000062080	chrac1	350	16.3	12.8	2.4	6.8	21.8	35.5	NA	NA	NA
ENSDART00000111646	suds3	285	45.6	45.6	12.1	26.6	61.8	76.9	23.92	120.05	2.32734610892
ENSDART00000059907	gas8	114	22.3	18.7	4.8	10.3	32.1	47.0	50.83	9.32	-2.44727837079
ENSDART00000111641	morn4	24	17.9	11.9	7.9	9.2	24.2	35.5	NA	NA	NA
ENSDART00000111643	cetn2	1	11.0	11.0	NA	NA	NA	NA	NA	NA	NA
ENSDART00000060695	zc3h14	99	43.7	41.2	16.9	25.3	61.6	80.0	31.15	123.16	1.98322970413
ENSDART00000103986	fam3a	151	23.5	20.8	8.3	13.5	32.9	43.6	33.25	24.28	-0.45358591902
ENSDART00000077829	pelo	230	31.5	29.6	10.0	18.0	43.0	57.7	59.11	36.18	-0.70820981263
ENSDART00000113714	mtx1a	82	70.2	69.7	14.5	30.8	105.3	128.7	NA	NA	NA
ENSDART00000103987	psmd6	614	30.4	26.3	10.2	17.3	40.5	55.3	140.12	36.37	-1.94584206235
ENSDART00000141898	ZNF281	140	49.9	41.0	7.4	15.5	74.3	105.9	32.97	234.56	2.83073121646
ENSDART00000000595	CR936437.1	22	13.3	10.7	3.9	7.5	18.7	25.4	NA	NA	NA
ENSDART00000086437	TMCC1	86	61.8	55.2	16.7	27.7	95.5	119.4	NA	NA	NA
ENSDART00000065985	fmoda	1	19.7	19.7	NA	NA	NA	NA	NA	NA	NA
ENSDART00000141895	plcd4b	1	27.1	27.1	NA	NA	NA	NA	NA	NA	NA
ENSDART00000015193	chmp4b	139	33.5	24.0	6.1	12.1	42.8	71.0	54.38	97.3	0.839363653644
ENSDART00000015190	ptrhd1	190	17.5	15.3	4.4	9.5	23.5	34.3	NA	NA	NA
ENSDART00000040397	prdx2	2590	17.6	13.5	3.2	8.0	22.1	35.8	122.29	76.37	-0.679228506593
ENSDART00000015199	rpl36	542	26.5	24.1	7.4	14.0	37.5	48.3	242.45	18.94	-3.67817901782
ENSDART00000074317	GSK3B	2	31.4	31.4	NA	NA	NA	NA	NA	NA	NA
ENSDART00000041351	hapln4	90	43.2	38.7	13.1	22.3	63.9	79.2	25.26	71.65	1.50411206536
ENSDART00000009889	zgc:110540	72	24.0	21.9	7.8	13.1	31.9	42.0	NA	NA	NA
ENSDART00000140159	myo10	50	37.3	32.0	12.3	21.7	44.3	69.9	7.53	4.27	-0.818413795051
ENSDART00000008038	sulf2	22	59.6	57.1	14.0	22.3	105.9	111.6	NA	NA	NA
ENSDART00000066951	si:ch211-244b2.4	3	19.3	23.6	NA	NA	NA	NA	NA	NA	NA
ENSDART00000004601	laptm4a	92	74.1	67.0	11.7	35.6	106.7	139.4	NA	NA	NA
ENSDART00000083635	FAM135B	1	19.6	19.6	NA	NA	NA	NA	NA	NA	NA
ENSDART00000126248	tmem120b	113	51.3	44.1	6.9	19.3	76.3	101.0	NA	NA	NA
ENSDART00000008035	trabd	102	29.5	26.8	6.2	17.2	38.1	48.4	NA	NA	NA
ENSDART00000111576	EIF4G3	70	35.6	26.2	1.6	13.6	53.3	71.8	9.45	35.55	1.9114633254
ENSDART00000146260	msrb1b	172	42.0	31.5	12.5	18.6	51.7	94.1	NA	NA	NA
ENSDART00000146261	ranbp10	138	34.9	20.5	6.8	12.8	48.5	83.1	NA	NA	NA
ENSDART00000102134	SGOL1	322	40.6	35.9	6.1	15.5	60.8	81.6	29.42	73.74	1.32565016984
ENSDART00000001803	tomm34	162	37.9	30.6	10.1	17.1	50.6	77.5	NA	NA	NA
ENSDART00000028085	ttc14	35	42.7	39.2	17.6	21.9	54.6	85.8	NA	NA	NA
ENSDART00000050140	CABZ01088365.1	1	-6.3	-6.3	NA	NA	NA	NA	NA	NA	NA
ENSDART00000014240	sult1st3	3	44.1	44.6	NA	NA	NA	NA	NA	NA	NA
ENSDART00000149835	mtm1	69	31.2	29.7	3.7	14.9	41.6	56.0	NA	NA	NA
ENSDART00000004034	hpca	45	18.4	16.7	-0.7	8.5	31.7	37.8	NA	NA	NA
ENSDART00000073635	nsmaf	32	73.4	81.9	8.0	18.8	124.6	148.2	11.27	143.75	3.67300253543
ENSDART00000004521	arih2	156	26.1	21.2	2.2	9.5	39.1	59.5	36.65	40.24	0.134817106784
ENSDART00000046498	sema3fa	3	25.0	28.7	NA	NA	NA	NA	NA	NA	NA
ENSDART00000004031	hacl1	47	40.3	39.0	8.9	15.7	56.0	78.3	NA	NA	NA
ENSDART00000102891	fbxl5	161	29.9	23.6	5.3	11.6	37.2	59.7	18.93	48.67	1.36235836357
ENSDART00000102893	ALDH1L2	12	25.6	27.3	6.2	20.3	33.9	37.6	NA	NA	NA
ENSDART00000083807	cbfa2t2	8	13.6	12.0	NA	NA	NA	NA	NA	NA	NA
ENSDART00000074170	zgc:173573	11	29.8	26.6	9.7	16.4	37.8	40.9	NA	NA	NA
ENSDART00000074172	sgcb	16	27.3	28.7	1.7	12.9	35.3	56.9	NA	NA	NA
ENSDART00000074174	tbl3	479	19.7	16.8	4.6	10.1	24.2	38.2	27.98	4.15	-2.75321272093
ENSDART00000113468	CABZ01112215.1	166	24.2	20.0	6.1	11.8	28.3	46.2	NA	NA	NA
ENSDART00000113469	ccrn4la	90	13.4	12.2	3.1	6.6	16.9	22.0	NA	NA	NA
ENSDART00000020575	axin2	90	25.3	21.2	5.8	11.4	36.4	47.7	11.2	7.46	-0.58625119669
ENSDART00000113467	igdcc4	2	9.3	9.3	NA	NA	NA	NA	NA	NA	NA
ENSDART00000113465	BX005256.1	52	39.7	31.7	7.9	15.9	58.5	90.5	NA	NA	NA
ENSDART00000113166	FP325123.1	1	23.6	23.6	NA	NA	NA	NA	NA	NA	NA
ENSDART00000113460	BX510926.2	10	32.6	29.9	4.7	14.3	40.0	59.7	NA	NA	NA
ENSDART00000113461	PCDH11Y	27	39.7	26.4	4.1	15.3	67.5	90.4	NA	NA	NA
ENSDART00000148508	tert	30	22.2	17.6	7.2	10.1	29.6	52.3	NA	NA	NA
ENSDART00000066373	vdac1	610	16.2	12.8	2.9	7.2	21.2	33.5	26.92	14.98	-0.845640786152
ENSDART00000126635	sirt6	255	24.4	20.6	5.8	12.2	33.5	48.4	57.5	34.19	-0.749987533286
ENSDART00000036448	lias	78	28.5	25.6	7.8	14.5	39.9	53.5	NA	NA	NA
ENSDART00000113728	arvcfa	3	7.6	4.2	NA	NA	NA	NA	NA	NA	NA
ENSDART00000020616	zgc:194189	1	43.3	43.3	NA	NA	NA	NA	NA	NA	NA
ENSDART00000097690	PRKAB2	146	33.8	24.6	10.2	14.9	41.8	72.0	NA	NA	NA
ENSDART00000035432	entpd6	249	28.1	23.1	4.6	12.3	38.6	57.3	31.5	10.61	-1.56992717236
ENSDART00000097695	CNTNAP3	16	23.2	18.8	8.9	9.8	29.9	44.1	NA	NA	NA
ENSDART00000146867	aldoaa	756	20.9	18.4	3.5	10.1	29.2	40.8	78.98	44.02	-0.843328222569
ENSDART00000098875	tpm2	10	20.7	13.3	3.5	9.7	17.6	51.1	NA	NA	NA
ENSDART00000099702	mfsd12a	71	32.9	26.1	6.9	12.1	47.8	71.2	NA	NA	NA
ENSDART00000032389	plekhf2	318	22.9	16.7	3.8	9.1	28.6	53.1	NA	NA	NA
ENSDART00000143721	adpgk	61	66.3	67.4	10.5	36.2	96.7	119.3	NA	NA	NA
ENSDART00000098879	CABZ01101003.1	217	34.0	30.7	11.7	18.3	46.5	61.4	63.36	11.74	-2.43213992697
ENSDART00000102096	ppp5c	368	28.8	26.6	8.6	15.1	38.6	51.6	NA	NA	NA
ENSDART00000091932	GUSB	1	14.0	14.0	NA	NA	NA	NA	NA	NA	NA
ENSDART00000013591	tfg	626	45.9	39.2	14.2	23.6	63.7	84.7	22.36	158.8	2.82821881919
ENSDART00000013590	wnt11	11	13.3	12.1	4.6	6.4	19.1	21.3	NA	NA	NA
ENSDART00000077549	ncs1a	3	23.5	26.5	NA	NA	NA	NA	NA	NA	NA
ENSDART00000145767	celsr2	3	31.5	39.5	NA	NA	NA	NA	NA	NA	NA
ENSDART00000145762	dnaaf1	6	30.3	12.7	NA	NA	NA	NA	NA	NA	NA
ENSDART00000106573	BX005085.1	12	17.9	12.0	5.6	7.7	21.8	29.5	NA	NA	NA
ENSDART00000113099	tm2d1	303	9.8	8.1	-1.0	2.7	14.0	22.6	NA	NA	NA
ENSDART00000113096	PUSL1	38	36.3	27.7	10.4	17.8	47.4	57.5	NA	NA	NA
ENSDART00000113093	gba	36	35.7	35.7	14.5	20.4	51.1	57.8	NA	NA	NA
ENSDART00000113092	abhd10b	553	53.2	45.6	12.3	23.2	78.4	102.2	50.01	204.29	2.03033007569
ENSDART00000145769	RABGAP1L	162	36.2	26.4	7.9	15.7	46.4	79.8	NA	NA	NA
ENSDART00000079003	si:ch211-234p6.10	1	50.2	50.2	NA	NA	NA	NA	NA	NA	NA
ENSDART00000097525	snx18a	137	35.7	29.0	6.3	15.1	53.5	71.1	NA	NA	NA
ENSDART00000079001	FRG1	172	22.6	19.4	6.1	12.9	30.8	39.8	48.77	22.08	-1.14325380026
ENSDART00000092002	pomt1	95	49.4	50.0	10.0	29.6	69.3	86.8	NA	NA	NA
ENSDART00000110288	ZBTB11	102	18.2	17.3	3.2	10.0	24.2	34.1	29.21	6.57	-2.15249708251
ENSDART00000110287	il12rb2l	4	21.3	17.6	NA	NA	NA	NA	NA	NA	NA
ENSDART00000110283	iqgap1	61	98.7	109.7	16.8	52.1	147.1	163.6	7.2	122.33	4.08663753454
ENSDART00000092009	tfam	1	13.9	13.9	NA	NA	NA	NA	NA	NA	NA
ENSDART00000007412	zmat2	136	45.1	36.5	10.1	18.2	61.1	88.8	130.87	194.7	0.573118465244
ENSDART00000131538	celf4	2	23.8	23.8	NA	NA	NA	NA	NA	NA	NA
ENSDART00000137944	asb16	14	12.9	12.0	4.2	5.6	18.8	22.7	NA	NA	NA
ENSDART00000031625	aldh3a2a	248	40.9	36.7	10.5	19.1	57.1	77.7	NA	NA	NA
ENSDART00000092579	ZNF462	19	38.3	31.4	12.4	20.1	44.1	76.2	NA	NA	NA
ENSDART00000084528	atp2c1	138	45.8	34.0	8.8	17.2	66.2	101.1	11.06	78.15	2.82089448765
ENSDART00000009076	pik3cg	24	45.5	27.3	9.8	14.7	56.2	81.0	NA	NA	NA
ENSDART00000139727	si:dkey-14o18.2	2	11.7	11.7	NA	NA	NA	NA	NA	NA	NA
ENSDART00000101700	pold3	241	29.7	25.8	8.1	15.2	41.1	57.2	127.18	80.67	-0.6567676529
ENSDART00000145664	kidins220a	15	20.1	16.5	5.2	8.3	29.8	40.1	NA	NA	NA
ENSDART00000006960	POLR3D	233	20.4	18.2	4.8	10.5	27.5	38.5	NA	NA	NA
ENSDART00000139890	clk4b	81	17.1	15.5	3.7	8.3	21.9	30.9	12.71	3.58	-1.82793253774
ENSDART00000021628	reep3	374	42.5	38.2	11.0	21.8	59.9	79.5	53.3	104.75	0.974742805828
ENSDART00000009788	ddx19	1141	68.4	65.2	14.6	27.5	104.8	129.5	102.13	709.66	2.79672128067
ENSDART00000139899	mybpc3	1	17.4	17.4	NA	NA	NA	NA	NA	NA	NA
ENSDART00000147767	si:dkey-3h3.3	75	54.5	50.1	20.5	28.2	74.6	92.5	NA	NA	NA
ENSDART00000063476	sox4b	113	31.6	25.2	5.4	13.8	37.7	59.2	13.82	4.02	-1.78149020921
ENSDART00000105610	WDR48	31	26.7	21.1	4.6	9.6	40.4	54.8	NA	NA	NA
ENSDART00000130623	dus4l	48	54.4	51.6	32.2	37.2	66.1	77.7	16.07	11.14	-0.528620696335
ENSDART00000138416	tfcp2	59	80.0	70.8	5.8	25.1	135.7	158.7	NA	NA	NA
ENSDART00000125838	BX539313.4	227	39.3	34.3	9.2	18.9	54.7	77.2	46.1	44.91	-0.0377300285371
ENSDART00000076209	ddx42	56	48.4	37.9	11.8	19.0	64.8	93.7	26.53	117.54	2.14745522276
ENSDART00000112415	lcmt2	95	27.9	22.6	4.8	12.9	38.6	53.7	NA	NA	NA
ENSDART00000128894	dchs1b	7	25.6	21.6	NA	NA	NA	NA	NA	NA	NA
ENSDART00000112417	timeless	251	38.4	34.0	10.2	18.2	53.7	71.5	39.12	82.53	1.07701227009
ENSDART00000089956	cacna1da	11	42.2	42.9	20.6	25.7	58.2	69.3	NA	NA	NA
ENSDART00000122800	BX511061.2	2	1.1	1.1	NA	NA	NA	NA	NA	NA	NA
ENSDART00000122801	mtor	43	21.2	20.2	3.3	10.1	31.1	40.4	NA	NA	NA
ENSDART00000099586	zgc:162945	4	27.9	19.8	NA	NA	NA	NA	NA	NA	NA
ENSDART00000122803	usp9	57	47.7	33.1	8.3	17.7	58.9	121.1	15.53	28.68	0.884987194315
ENSDART00000122804	CABZ01022575.2	14	49.0	49.2	12.4	31.8	64.2	83.5	NA	NA	NA
ENSDART00000049240	tob1a	314	35.4	29.3	7.1	15.4	50.7	71.6	49.35	113.52	1.20182450472
ENSDART00000088605	ift46	9	31.9	29.1	NA	NA	NA	NA	NA	NA	NA
ENSDART00000122809	CABZ01054405.2	4	32.0	25.3	NA	NA	NA	NA	NA	NA	NA
ENSDART00000088607	tmem194a	228	55.3	50.7	17.6	30.5	73.1	99.2	NA	NA	NA
ENSDART00000139091	greb1	15	16.7	11.1	1.6	5.7	27.0	42.6	NA	NA	NA
ENSDART00000103872	rca2.1	340	28.4	26.1	6.4	14.5	40.5	51.0	NA	NA	NA
ENSDART00000153457	si:dkeyp-67e6.4	116	35.3	20.1	3.8	9.6	47.2	89.0	6.16	21.47	1.80131993516
ENSDART00000140290	kat8	494	19.3	17.0	4.3	9.5	25.0	35.4	61.88	11.22	-2.46340052084
ENSDART00000106564	znf185	1	28.7	28.7	NA	NA	NA	NA	NA	NA	NA
ENSDART00000103878	vhl	113	11.5	9.7	0.4	4.3	16.3	27.2	NA	NA	NA
ENSDART00000025016	krt15	1	5.6	5.6	NA	NA	NA	NA	NA	NA	NA
ENSDART00000091205	sdk1b	3	77.1	46.4	NA	NA	NA	NA	NA	NA	NA
ENSDART00000075918	pcmtd2	19	41.3	41.4	11.8	20.1	57.4	75.6	NA	NA	NA
ENSDART00000114158	adamts22	1	8.9	8.9	NA	NA	NA	NA	NA	NA	NA
ENSDART00000055446	zgc:66014	179	26.3	18.9	6.2	10.6	36.7	56.7	NA	NA	NA
ENSDART00000145187	ERAP1	193	35.2	32.2	10.7	21.1	47.0	63.7	31.36	24.24	-0.371535860642
ENSDART00000030873	parn	2231	24.4	19.3	4.7	10.2	33.1	52.6	340.85	147.81	-1.20539310556
ENSDART00000058796	fstl5	21	44.2	37.0	7.1	11.6	70.5	80.8	NA	NA	NA
ENSDART00000114151	mccc1	11	48.0	46.4	16.7	20.6	69.6	72.4	15.9	34.86	1.13254580395
ENSDART00000011332	zmynd19	340	34.8	27.7	7.3	16.1	47.4	72.8	NA	NA	NA
ENSDART00000062073	BCR	4	61.5	56.6	NA	NA	NA	NA	NA	NA	NA
ENSDART00000090608	rspry1	82	21.4	16.5	2.4	7.0	27.0	46.5	7.63	4.16	-0.875099528693
ENSDART00000149092	glyctk	17	28.8	24.7	12.3	17.1	42.1	51.4	NA	NA	NA
ENSDART00000130781	eif4a2	4	14.7	17.0	NA	NA	NA	NA	NA	NA	NA
ENSDART00000078378	cflara	94	27.7	23.0	6.1	14.0	36.5	57.5	NA	NA	NA
ENSDART00000131390	fignl1	232	29.9	25.7	7.9	15.5	40.8	57.3	30.15	16.91	-0.834281342377
ENSDART00000128793	sp7	16	28.4	27.1	2.9	21.3	41.6	49.2	NA	NA	NA
ENSDART00000128790	cdr2l	114	25.7	22.6	5.2	11.8	37.7	56.0	NA	NA	NA
ENSDART00000128797	zgc:173556	26	15.3	11.0	4.0	5.6	18.8	24.8	78.32	12.94	-2.59754314761
ENSDART00000059762	INHBE	1	22.5	22.5	NA	NA	NA	NA	NA	NA	NA
ENSDART00000039657	tpma	1	16.1	16.1	NA	NA	NA	NA	NA	NA	NA
ENSDART00000099131	si:zfos-1762d12.1	6	71.1	71.8	NA	NA	NA	NA	NA	NA	NA
ENSDART00000104639	GCGR	1	14.6	14.6	NA	NA	NA	NA	NA	NA	NA
ENSDART00000007204	ddx49	246	15.9	12.9	2.8	7.0	19.9	29.6	76.43	1.37	-5.80189123206
ENSDART00000006783	snrnp25	92	29.5	25.2	12.4	15.7	37.0	53.7	NA	NA	NA
ENSDART00000137315	rdh12	28	41.6	39.1	20.6	28.9	56.8	66.8	NA	NA	NA
ENSDART00000003338	UNKL	18	28.1	26.3	19.4	20.9	31.9	43.3	NA	NA	NA
ENSDART00000103911	CABZ01077217.1	4	33.1	30.5	NA	NA	NA	NA	NA	NA	NA
ENSDART00000149266	anapc10	249	24.0	20.6	6.1	13.4	32.5	47.1	86.42	55.88	-0.62903321018
ENSDART00000130434	col18a1	4	108.2	125.4	NA	NA	NA	NA	NA	NA	NA
ENSDART00000134115	C8H22orf39	90	25.9	20.8	7.0	13.3	31.4	44.3	NA	NA	NA
ENSDART00000124948	srp68	387	35.6	26.5	8.4	14.1	48.2	75.8	54.63	175.21	1.68131979005
ENSDART00000088193	hcn2	5	20.4	20.4	NA	NA	NA	NA	NA	NA	NA
ENSDART00000017122	asah1a	237	23.7	17.9	3.2	9.4	30.9	51.6	NA	NA	NA
ENSDART00000124092	tbcela	76	24.1	21.3	6.5	13.1	31.1	49.4	NA	NA	NA
ENSDART00000124097	PLCE1	78	17.5	13.7	5.9	8.2	19.8	37.2	NA	NA	NA
ENSDART00000017017	zdhhc3	44	74.5	70.8	12.9	29.8	100.5	132.1	NA	NA	NA
ENSDART00000077903	AVL9	5	34.0	34.6	NA	NA	NA	NA	NA	NA	NA
ENSDART00000136707	mical1	2	21.4	21.4	NA	NA	NA	NA	NA	NA	NA
ENSDART00000136701	tmem234	242	24.0	21.9	6.0	12.1	33.6	44.9	NA	NA	NA
ENSDART00000126038	tcp1	433	25.9	21.5	8.5	14.4	34.0	48.4	82.29	48.9	-0.75088265773
ENSDART00000063721	slc8a2b	4	35.3	32.0	NA	NA	NA	NA	NA	NA	NA
ENSDART00000123041	CABZ01092286.1	3	19.7	19.2	NA	NA	NA	NA	NA	NA	NA
ENSDART00000126032	st3gal2	17	56.4	40.0	18.5	26.7	81.4	131.6	NA	NA	NA
ENSDART00000123047	ehmt1b	47	42.6	33.8	7.2	13.7	65.5	97.4	19.6	78.13	1.99502295985
ENSDART00000126037	sf1	180	43.9	28.9	9.8	15.7	64.5	103.3	26.08	251.01	3.26672906624
ENSDART00000052805	ftsjd1	58	47.0	44.4	15.1	26.0	64.7	75.1	NA	NA	NA
ENSDART00000133822	dock9a	17	44.5	39.7	16.0	26.8	52.5	77.2	NA	NA	NA
ENSDART00000000069	slc9a3r1	154	26.6	20.9	5.2	11.9	35.4	59.0	NA	NA	NA
ENSDART00000097531	tomm7	650	26.3	21.7	5.8	11.6	36.4	54.4	NA	NA	NA
ENSDART00000133398	si:ch211-197h24.6	167	123.3	130.8	44.7	103.6	158.0	180.8	23.85	373.54	3.96920156889
ENSDART00000147728	si:dkey-286j15.3	198	17.8	15.6	5.5	9.6	22.8	30.9	NA	NA	NA
ENSDART00000081234	ropn1l	21	26.7	24.8	8.9	12.1	29.6	53.7	NA	NA	NA
ENSDART00000100246	xrn2	255	68.6	60.9	18.1	31.1	90.2	134.0	102.6	540.93	2.39841118069
ENSDART00000028883	gna13b	111	65.0	61.6	10.3	19.7	100.8	137.7	15.44	164.29	3.41150001131
ENSDART00000127209	pttg1ipa	4	12.2	11.9	NA	NA	NA	NA	NA	NA	NA
ENSDART00000127208	CU468142.1	2	23.3	23.3	NA	NA	NA	NA	NA	NA	NA
ENSDART00000150182	hepacam	1	20.5	20.5	NA	NA	NA	NA	NA	NA	NA
ENSDART00000056032	SBNO2	48	21.9	21.4	3.4	12.1	31.4	39.3	NA	NA	NA
ENSDART00000150184	gpatch4	52	37.0	26.0	6.4	13.9	47.0	64.4	346.27	48.81	-2.82664874448
ENSDART00000092015	dcaf12	84	22.0	18.9	3.3	10.2	28.6	42.4	NA	NA	NA
ENSDART00000150186	AIMP1	1	13.3	13.3	NA	NA	NA	NA	NA	NA	NA
ENSDART00000007789	idh1	853	16.1	13.8	3.1	7.8	22.2	30.8	39.49	14.45	-1.45041787507
ENSDART00000149878	otud4	148	74.8	77.3	13.6	38.7	104.3	134.9	22.69	103.3	2.18671174008
ENSDART00000106379	CABZ01066717.2	1	8.9	8.9	NA	NA	NA	NA	NA	NA	NA
ENSDART00000074789	zfr	227	42.2	34.5	9.7	19.9	61.4	86.2	17.6	120.24	2.77226958039
ENSDART00000106375	med24	36	63.0	42.9	9.0	19.7	96.9	130.6	7.51	109.28	3.86307267078
ENSDART00000136374	mier2	85	45.2	37.8	12.5	21.9	70.6	88.4	NA	NA	NA
ENSDART00000080943	hcfc2	40	67.7	63.7	14.8	22.6	99.4	125.3	NA	NA	NA
ENSDART00000132727	aftpha	90	36.0	26.3	9.4	19.1	45.5	64.5	NA	NA	NA
ENSDART00000053518	rhcgb	5	22.1	16.6	NA	NA	NA	NA	NA	NA	NA
ENSDART00000146451	sqrdl	14	32.0	26.5	10.2	16.1	36.7	57.2	NA	NA	NA
ENSDART00000152285	schip1	1	85.1	85.1	NA	NA	NA	NA	NA	NA	NA
ENSDART00000098983	agpat2	13	54.1	46.0	12.2	22.9	83.1	110.4	NA	NA	NA
ENSDART00000075837	OSBPL1A	1	119.3	119.3	NA	NA	NA	NA	NA	NA	NA
ENSDART00000100798	BX322601.2	60	58.0	43.1	10.0	17.3	93.4	132.1	10.81	91.33	3.07872231021
ENSDART00000075785	cldn17	17	52.5	62.0	28.2	34.9	64.6	75.0	NA	NA	NA
ENSDART00000105546	cks2	12	10.1	10.7	1.1	3.0	14.1	21.8	NA	NA	NA
ENSDART00000105545	arl3	94	59.2	52.2	14.6	35.0	87.2	113.9	NA	NA	NA
ENSDART00000100063	nphp4	6	65.5	63.9	NA	NA	NA	NA	NA	NA	NA
ENSDART00000147582	agmo	17	105.0	103.0	47.4	89.8	120.7	160.7	NA	NA	NA
ENSDART00000100061	prdx4	86	14.0	11.3	2.8	6.5	18.1	28.5	NA	NA	NA
ENSDART00000103940	mgat1b	27	34.4	34.7	6.3	16.4	50.1	56.8	NA	NA	NA
ENSDART00000081094	glmna	94	33.1	25.2	9.4	13.1	47.9	67.9	NA	NA	NA
ENSDART00000098263	KCTD9	157	21.0	17.8	5.3	11.0	28.2	40.1	NA	NA	NA
ENSDART00000110704	kif5aa	1	45.7	45.7	NA	NA	NA	NA	NA	NA	NA
ENSDART00000134626	dok1a	38	21.2	18.6	3.8	10.5	29.7	43.8	NA	NA	NA
ENSDART00000141476	sgms2	4	79.4	82.3	NA	NA	NA	NA	NA	NA	NA
ENSDART00000102795	dctn1a	55	37.0	26.9	9.6	17.4	53.8	86.5	31.1	33.81	0.120535435875
ENSDART00000010550	pigc	108	35.8	30.6	12.7	18.3	47.9	70.8	NA	NA	NA
ENSDART00000060745	uba52	255	23.9	19.8	1.9	6.5	36.9	51.8	58.24	11.07	-2.39535513342
ENSDART00000040278	efna2	8	24.7	13.8	NA	NA	NA	NA	NA	NA	NA
ENSDART00000102798	si:ch211-225p5.3	82	17.8	16.2	4.8	8.2	25.4	31.8	NA	NA	NA
ENSDART00000106081	BX511034.2	1	19.9	19.9	NA	NA	NA	NA	NA	NA	NA
ENSDART00000103265	MAL	3	16.3	14.8	NA	NA	NA	NA	NA	NA	NA
ENSDART00000036630	RHOXF1	7	33.2	22.7	NA	NA	NA	NA	NA	NA	NA
ENSDART00000103267	fam212ab	873	8.4	6.6	-0.4	2.6	11.6	19.7	88.51	4.95	-4.16034003207
ENSDART00000103266	wdyhv1	11	25.6	19.0	8.7	13.3	28.4	40.3	NA	NA	NA
ENSDART00000036635	fynb	11	21.0	18.6	5.2	13.8	26.2	35.4	NA	NA	NA
ENSDART00000033865	serp1	1799	29.6	26.4	7.2	14.5	41.6	57.3	301.01	382.15	0.344327614097
ENSDART00000033716	socs3a	2	8.6	8.6	NA	NA	NA	NA	NA	NA	NA
ENSDART00000059227	ndufs8a	555	22.2	19.0	6.8	12.1	28.9	41.2	NA	NA	NA
ENSDART00000059226	BX088718.1	30	16.2	14.8	-1.3	7.7	23.8	31.3	NA	NA	NA
ENSDART00000124300	rhoab	1	103.5	103.5	NA	NA	NA	NA	NA	NA	NA
ENSDART00000059228	vil1	1	46.0	46.0	NA	NA	NA	NA	NA	NA	NA
ENSDART00000061293	neb	35	12.4	7.0	-0.2	3.4	12.8	29.0	NA	NA	NA
ENSDART00000152723	si:zfos-2269b6.1	35	20.1	15.1	6.1	9.6	24.9	43.1	NA	NA	NA
ENSDART00000132278	rnf144ab	118	17.7	16.6	4.2	8.9	24.4	32.1	NA	NA	NA
ENSDART00000004200	sarm1	1	75.2	75.2	NA	NA	NA	NA	NA	NA	NA
ENSDART00000112254	NHS	10	32.3	25.4	11.7	16.8	47.6	63.7	NA	NA	NA
ENSDART00000073402	si:ch211-113a14.16	7	6.1	9.9	NA	NA	NA	NA	NA	NA	NA
ENSDART00000061299	tsn	40	60.3	50.6	5.8	20.3	96.9	128.3	NA	NA	NA
ENSDART00000004209	mdn1	89	37.6	32.0	14.2	20.9	47.0	74.0	8.61	6.68	-0.366165134923
ENSDART00000038294	tp53inp1	9	16.8	19.2	NA	NA	NA	NA	NA	NA	NA
ENSDART00000038642	slc26a5	47	65.1	58.5	13.9	27.5	96.4	123.3	NA	NA	NA
ENSDART00000051403	sh3glb2a	27	27.8	22.2	6.3	11.4	36.4	61.4	NA	NA	NA
ENSDART00000125074	KCNAB2	4	29.7	30.3	NA	NA	NA	NA	NA	NA	NA
ENSDART00000147793	gcdh	157	30.5	25.4	6.1	13.8	42.2	62.2	NA	NA	NA
ENSDART00000125077	jam3a	12	61.7	51.3	24.1	35.2	85.9	109.7	NA	NA	NA
ENSDART00000021813	glulb	672	69.7	72.1	12.4	29.5	102.9	125.7	142.44	461.69	1.69657014378
ENSDART00000021814	gltscr2	271	14.2	10.1	1.3	5.6	18.7	33.4	99.56	2.35	-5.40483356842
ENSDART00000124991	LMCD1	14	18.8	19.1	5.1	12.4	22.0	29.8	NA	NA	NA
ENSDART00000102583	SYTL1	9	49.4	43.9	NA	NA	NA	NA	NA	NA	NA
ENSDART00000092665	srebf1	168	24.1	16.6	3.3	9.3	32.7	57.0	NA	NA	NA
ENSDART00000058171	gucy2c	3	30.4	25.3	NA	NA	NA	NA	NA	NA	NA
ENSDART00000018037	CT955984.1	9	22.5	21.8	NA	NA	NA	NA	NA	NA	NA
ENSDART00000018036	zgc:55621	60	24.5	21.3	3.7	10.9	30.5	55.2	NA	NA	NA
ENSDART00000058174	toporsb	56	17.9	12.2	3.4	8.3	18.8	37.8	12.53	10.25	-0.289762504929
ENSDART00000052639	hibadha	129	28.4	23.5	6.9	11.8	36.8	59.8	NA	NA	NA
ENSDART00000085263	EPT1	141	27.9	23.0	8.3	13.4	39.2	54.4	NA	NA	NA
ENSDART00000126303	lzic	213	26.0	23.7	7.3	15.4	35.2	44.6	NA	NA	NA
ENSDART00000146186	si:dkey-104n9.1	171	19.2	16.8	3.8	9.5	26.0	40.4	NA	NA	NA
ENSDART00000039822	ptbp1b	250	45.1	35.4	9.1	17.5	67.9	94.6	12.25	287.24	4.55140301329
ENSDART00000023379	mgme1	101	32.2	32.5	9.9	18.9	43.5	54.2	NA	NA	NA
ENSDART00000137029	prpf31	237	60.3	56.5	21.8	35.9	77.0	103.8	68.12	302.1	2.14887584394
ENSDART00000055241	ppl	35	42.6	28.7	9.5	17.2	64.5	96.7	7.15	11.03	0.625417643926
ENSDART00000013376	cant1a	151	26.3	19.6	2.2	7.7	39.0	61.8	20.39	15.56	-0.39001971503
ENSDART00000137020	bop1	279	28.9	21.7	5.9	12.3	37.1	61.2	60.47	103.78	0.779236956887
ENSDART00000055248	alkbh7	103	20.0	17.4	4.9	10.2	25.4	40.8	NA	NA	NA
ENSDART00000101537	mex3b	8	46.1	38.3	NA	NA	NA	NA	NA	NA	NA
ENSDART00000111971	WDR1	593	64.5	63.0	25.8	43.2	84.0	105.2	71.16	203.86	1.51844031176
ENSDART00000101533	calm1b	371	20.5	18.3	4.7	10.7	27.7	40.4	148.24	18.39	-3.01094140162
ENSDART00000023550	hsp90aa1.2	13	60.7	53.3	25.5	37.2	75.4	114.1	NA	NA	NA
ENSDART00000125117	tmem51b	307	29.2	25.5	5.9	14.2	43.0	57.7	NA	NA	NA
ENSDART00000125111	cnot10	398	23.1	20.1	4.2	10.7	31.9	44.3	30.8	14.1	-1.1272351883
ENSDART00000125110	CABZ01072037.1	25	34.1	26.8	9.2	15.1	44.8	69.7	37.58	11.75	-1.67730430997
ENSDART00000104835	hps5	133	21.8	18.5	3.9	9.9	29.8	46.0	NA	NA	NA
ENSDART00000083633	exosc1	402	22.7	19.0	5.0	10.9	29.7	45.9	NA	NA	NA
ENSDART00000104831	naa10	611	38.4	35.0	9.3	18.5	54.1	72.4	234.04	182.67	-0.357515404494
ENSDART00000132927	snx33	5	29.2	26.8	NA	NA	NA	NA	NA	NA	NA
ENSDART00000075624	usp11	127	57.6	54.8	9.8	22.8	79.3	122.6	NA	NA	NA
ENSDART00000104838	psmb8	3	26.8	27.5	NA	NA	NA	NA	NA	NA	NA
ENSDART00000058311	rictorb	161	26.2	22.6	7.4	14.1	34.0	48.6	NA	NA	NA
ENSDART00000018640	snx3	276	33.7	25.7	7.7	13.5	45.9	74.3	NA	NA	NA
ENSDART00000078723	dixdc1a	1	12.1	12.1	NA	NA	NA	NA	NA	NA	NA
ENSDART00000003922	erlin1	224	47.9	39.3	12.4	21.2	64.6	103.5	19.31	98.2	2.34637486025
ENSDART00000078724	atpaf2	268	23.9	22.0	6.3	12.3	30.8	45.3	65.41	18.56	-1.81731450397
ENSDART00000003926	fbp1a	3	66.3	67.9	NA	NA	NA	NA	NA	NA	NA
ENSDART00000003929	midn	155	24.8	21.0	5.5	12.0	33.1	49.4	17.59	21.21	0.269989138059
ENSDART00000097201	si:ch73-44m9.1	31	14.9	14.8	2.4	9.1	21.5	25.6	NA	NA	NA
ENSDART00000015891	fzr1	603	22.8	18.4	6.9	12.1	29.5	44.8	48.13	14.41	-1.73986608779
ENSDART00000089725	ino80db	239	26.0	20.4	5.5	12.5	36.0	51.0	NA	NA	NA
ENSDART00000086512	FBXW7	172	34.0	28.5	6.6	15.1	48.9	71.8	43.25	56.0	0.372726694421
ENSDART00000086511	RPUSD2	133	36.4	32.1	9.9	20.2	47.3	61.2	29.28	21.88	-0.420302815491
ENSDART00000131806	hlx1	1	23.9	23.9	NA	NA	NA	NA	NA	NA	NA
ENSDART00000076320	MRPS17	73	17.5	15.4	4.0	10.3	22.7	31.1	NA	NA	NA
ENSDART00000056822	pik3r2	37	61.0	51.5	4.0	17.3	102.9	126.8	8.94	14.28	0.675649242846
ENSDART00000009443	csnk1a1	0	NA	NA	NA	NA	NA	NA	9.56	61.29	2.68056918147
ENSDART00000143912	fbxo36b	5	30.0	27.0	NA	NA	NA	NA	NA	NA	NA
ENSDART00000076929	prkg2	1	19.7	19.7	NA	NA	NA	NA	NA	NA	NA
ENSDART00000048383	creld2	32	31.1	28.5	8.7	14.7	44.1	56.4	NA	NA	NA
ENSDART00000048921	rgp1	437	17.3	14.8	3.1	8.0	23.4	34.0	NA	NA	NA
ENSDART00000048430	zgc:194845	1	31.6	31.6	NA	NA	NA	NA	NA	NA	NA
ENSDART00000026800	kifap3b	54	59.0	51.3	12.2	19.7	84.0	116.1	NA	NA	NA
ENSDART00000048927	cox10	2	15.4	15.4	NA	NA	NA	NA	NA	NA	NA
ENSDART00000053596	scamp1	127	18.8	16.4	4.6	9.9	24.1	32.4	NA	NA	NA
ENSDART00000138622	C1H4orf33	361	44.8	41.5	14.9	26.4	59.4	80.8	76.34	122.83	0.686151875926
ENSDART00000138625	eya4	23	24.3	20.6	3.6	7.0	33.8	54.3	NA	NA	NA
ENSDART00000124309	nsmce1	105	37.8	28.6	6.7	14.0	55.1	80.2	NA	NA	NA
ENSDART00000052140	tmem106bb	1	35.2	35.2	NA	NA	NA	NA	NA	NA	NA
ENSDART00000123973	lace1b	43	20.8	18.6	5.7	10.2	32.2	39.0	NA	NA	NA
ENSDART00000053369	prmt10	83	35.4	30.5	11.6	22.6	43.9	67.3	20.99	12.78	-0.715814330345
ENSDART00000053494	anks4b	2	51.1	51.1	NA	NA	NA	NA	NA	NA	NA
ENSDART00000050949	btg4	6115	13.9	10.9	1.2	5.4	19.2	29.3	NA	NA	NA
ENSDART00000110583	eif3ha	845	13.9	11.7	2.9	6.9	18.7	26.4	57.15	19.57	-1.54610974248
ENSDART00000053362	CABZ01059234.1	103	33.5	26.0	5.9	12.1	49.1	75.0	NA	NA	NA
ENSDART00000128968	nr2c1	55	32.2	24.7	11.0	17.2	42.8	70.5	NA	NA	NA
ENSDART00000131257	wdr19	28	21.7	21.3	4.9	8.6	36.7	40.1	NA	NA	NA
ENSDART00000114873	C5H12orf49	124	19.9	16.0	5.5	9.7	26.3	43.1	NA	NA	NA
ENSDART00000136570	slc25a15b	3	32.1	32.4	NA	NA	NA	NA	NA	NA	NA
ENSDART00000136573	ddah2	88	14.7	11.4	2.7	6.6	19.7	30.8	NA	NA	NA
ENSDART00000128960	CR548626.3	3	14.3	13.5	NA	NA	NA	NA	NA	NA	NA
ENSDART00000042123	cx52.6	1	42.8	42.8	NA	NA	NA	NA	NA	NA	NA
ENSDART00000113171	nlgn1	6	26.6	17.0	NA	NA	NA	NA	NA	NA	NA
ENSDART00000136579	si:dkey-15h8.7	3	35.2	37.9	NA	NA	NA	NA	NA	NA	NA
ENSDART00000136578	syn1	1	12.0	12.0	NA	NA	NA	NA	NA	NA	NA
ENSDART00000153179	zdhhc6	111	33.7	26.7	8.2	15.1	47.6	67.2	NA	NA	NA
ENSDART00000149117	si:ch1073-296i8.2	172	16.6	14.3	2.7	6.5	22.4	37.3	NA	NA	NA
ENSDART00000111064	shmt2	625	23.6	19.2	5.8	11.5	29.6	47.1	NA	NA	NA
ENSDART00000091052	CPNE7	1	41.4	41.4	NA	NA	NA	NA	NA	NA	NA
ENSDART00000127558	dhrs13b	1	-9.0	-9.0	NA	NA	NA	NA	NA	NA	NA
ENSDART00000129302	emc3	83	35.7	16.1	2.8	7.0	51.6	99.0	NA	NA	NA
ENSDART00000087643	tesk2	379	16.5	13.6	1.7	7.2	23.3	38.1	NA	NA	NA
ENSDART00000140932	CR387997.1	2	13.4	13.4	NA	NA	NA	NA	NA	NA	NA
ENSDART00000124244	rtn3	2	10.6	10.6	NA	NA	NA	NA	NA	NA	NA
ENSDART00000124246	mtdha	119	39.9	29.5	9.1	16.9	48.0	78.8	43.36	41.98	-0.0466625900617
ENSDART00000105308	si:ch211-226h8.4	7	30.1	27.4	NA	NA	NA	NA	NA	NA	NA
ENSDART00000124242	lamp2	1585	35.9	28.3	7.3	15.3	51.5	72.4	146.23	1307.4	3.1603893776
ENSDART00000140856	ccdc120	101	34.7	34.2	10.3	21.4	48.8	56.6	NA	NA	NA
ENSDART00000106537	zgc:171599	22	20.4	17.7	7.3	10.4	27.2	39.5	NA	NA	NA
ENSDART00000110496	zgc:136410	1	1.5	1.5	NA	NA	NA	NA	NA	NA	NA
ENSDART00000110497	tmem63a	171	29.2	24.6	9.7	16.7	40.4	54.8	NA	NA	NA
ENSDART00000110495	akap9	102	33.9	24.2	5.9	9.8	46.3	60.9	9.55	3.48	-1.45641342707
ENSDART00000029549	mapk6	209	72.6	62.0	15.6	29.8	114.6	147.4	66.08	24.98	-1.40344020981
ENSDART00000020655	psma5	456	21.6	17.6	4.3	9.8	29.0	43.9	73.66	76.32	0.0511797741058
ENSDART00000022045	plcg1	140	85.8	83.8	11.9	29.1	133.1	159.1	17.56	78.56	2.16150208478
ENSDART00000149408	THEM4	69	19.7	15.9	3.5	6.9	27.2	43.3	NA	NA	NA
ENSDART00000022042	scn8aa	11	18.0	19.6	12.1	14.7	20.8	24.7	NA	NA	NA
ENSDART00000067039	CABZ01003826.1	5	19.8	17.1	NA	NA	NA	NA	NA	NA	NA
ENSDART00000134363	cabp2b	6	15.8	12.6	NA	NA	NA	NA	NA	NA	NA
ENSDART00000045583	MTA1	107	32.0	21.2	3.3	12.4	39.3	63.3	14.48	60.85	2.07119566052
ENSDART00000075277	zgc:113090	10	30.4	29.6	5.8	21.7	47.9	51.4	NA	NA	NA
ENSDART00000082604	galnt18b	1	1.3	1.3	NA	NA	NA	NA	NA	NA	NA
ENSDART00000134364	lrrc8da	1	88.2	88.2	NA	NA	NA	NA	NA	NA	NA
ENSDART00000125440	si:ch211-113a14.10	4	19.4	16.8	NA	NA	NA	NA	NA	NA	NA
ENSDART00000151338	ndfip1l	48	76.0	78.0	1.6	24.6	123.2	149.2	NA	NA	NA
ENSDART00000063047	ptk6a	4	25.9	19.5	NA	NA	NA	NA	NA	NA	NA
ENSDART00000063592	prkcz	16	53.5	44.4	11.8	35.4	67.3	106.2	NA	NA	NA
ENSDART00000067037	syt8	2	43.3	43.3	NA	NA	NA	NA	NA	NA	NA
ENSDART00000067036	si:dkey-14k9.3	6	27.8	25.9	NA	NA	NA	NA	NA	NA	NA
ENSDART00000087023	ttc7b	99	38.1	29.5	8.5	16.9	54.7	80.6	NA	NA	NA
ENSDART00000135376	si:dkey-200l5.4	14	33.5	30.7	5.1	15.0	39.0	66.3	NA	NA	NA
ENSDART00000019818	ric8b	44	35.6	26.2	6.7	18.6	51.1	77.4	NA	NA	NA
ENSDART00000113281	ABCA7	39	36.8	27.9	7.2	15.8	54.4	70.5	NA	NA	NA
ENSDART00000113286	phf19	3	30.2	14.2	NA	NA	NA	NA	NA	NA	NA
ENSDART00000083367	prcp	12	28.5	23.8	11.5	13.9	41.9	48.5	NA	NA	NA
ENSDART00000079701	rnf180	314	45.9	40.6	11.8	24.6	60.0	84.1	32.85	145.29	2.14497013311
ENSDART00000113285	TAPT1	5	16.4	10.7	NA	NA	NA	NA	NA	NA	NA
ENSDART00000043298	fos	1	8.7	8.7	NA	NA	NA	NA	NA	NA	NA
ENSDART00000126862	FUT9	15	30.5	30.5	5.8	17.3	38.5	56.8	NA	NA	NA
ENSDART00000012091	rrm1	1294	24.0	20.5	5.8	11.6	33.0	46.0	151.57	165.98	0.131025180905
ENSDART00000043522	tmem198b	121	26.6	21.7	4.4	8.4	38.0	57.4	NA	NA	NA
ENSDART00000137624	eef2a.2	1	56.9	56.9	NA	NA	NA	NA	NA	NA	NA
ENSDART00000149666	dock3	2	15.7	15.7	NA	NA	NA	NA	NA	NA	NA
ENSDART00000007333	slc25a36a	22	52.8	51.2	11.1	25.0	85.6	99.5	NA	NA	NA
ENSDART00000007335	ndc80	497	24.9	19.9	4.5	11.4	33.6	51.4	86.6	163.21	0.914290524968
ENSDART00000064215	cops4	282	28.5	24.8	8.3	14.6	39.1	54.7	NA	NA	NA
ENSDART00000112404	cgnb	97	31.8	25.0	6.2	14.5	43.3	62.2	16.75	58.91	1.81435145743
ENSDART00000064210	cwc27	113	30.5	27.7	7.9	15.5	40.1	56.0	40.4	21.36	-0.919443645952
ENSDART00000064212	srek1ip1	159	15.5	12.9	0.3	6.2	21.5	33.0	134.75	17.95	-2.90822952382
ENSDART00000049707	gsk3aa	4	28.0	28.3	NA	NA	NA	NA	NA	NA	NA
ENSDART00000045639	rint1	98	19.9	16.7	4.0	9.7	26.2	42.0	NA	NA	NA
ENSDART00000123210	med22	106	43.7	37.8	11.6	22.4	57.8	80.5	NA	NA	NA
ENSDART00000123211	pkp3	1	63.6	63.6	NA	NA	NA	NA	NA	NA	NA
ENSDART00000134276	synj1	96	19.6	17.7	6.3	11.4	27.0	36.5	NA	NA	NA
ENSDART00000016407	arf2	548	23.5	16.3	3.9	9.5	28.4	47.9	64.98	97.54	0.585998228706
ENSDART00000015951	bsg	952	109.5	114.5	34.2	71.0	146.6	174.6	84.59	699.05	3.04683662193
ENSDART00000123218	try	4	18.1	13.4	NA	NA	NA	NA	NA	NA	NA
ENSDART00000028945	zfpl1	141	27.4	26.1	7.0	15.2	38.5	48.0	NA	NA	NA
ENSDART00000125846	VWA3A	3	30.7	33.6	NA	NA	NA	NA	NA	NA	NA
ENSDART00000052365	cebpg	260	38.5	38.2	7.4	21.0	52.4	69.5	NA	NA	NA
ENSDART00000047452	UBE2S	841	25.1	21.9	7.9	13.9	33.0	46.7	NA	NA	NA
ENSDART00000019976	rhbdd1	175	21.4	16.1	3.2	7.8	32.3	46.0	NA	NA	NA
ENSDART00000144700	si:dkeyp-7a3.1	4	25.5	23.0	NA	NA	NA	NA	NA	NA	NA
ENSDART00000135706	LDLRAD4	13	25.2	14.1	3.6	7.3	43.3	55.6	NA	NA	NA
ENSDART00000108487	phb	464	30.2	25.3	7.3	13.7	42.2	60.8	23.95	155.63	2.70002262701
ENSDART00000002867	rfng	46	28.6	21.1	-1.1	7.9	41.6	63.5	NA	NA	NA
ENSDART00000026635	nr2e1	1	33.5	33.5	NA	NA	NA	NA	NA	NA	NA
ENSDART00000114701	SZT2	12	26.4	22.0	6.5	10.5	38.6	50.6	3.23	2.46	-0.392875849355
ENSDART00000043743	HSPA8	2	20.6	20.6	NA	NA	NA	NA	NA	NA	NA
ENSDART00000081393	iqcb1	35	32.5	33.4	6.7	17.2	47.2	55.2	NA	NA	NA
ENSDART00000112900	si:ch211-150i13.1	1	87.5	87.5	NA	NA	NA	NA	NA	NA	NA
ENSDART00000022870	fam110a	835	29.4	25.5	7.3	14.5	40.9	58.0	NA	NA	NA
ENSDART00000124938	CU929307.1	1	7.4	7.4	NA	NA	NA	NA	NA	NA	NA
ENSDART00000141326	stom	56	32.5	25.5	6.1	17.6	39.5	65.1	NA	NA	NA
ENSDART00000141455	ggt1a	1	15.5	15.5	NA	NA	NA	NA	NA	NA	NA
ENSDART00000124240	CU929119.2	197	38.2	35.4	9.0	20.6	52.2	72.5	NA	NA	NA
ENSDART00000111806	cenpe	432	19.3	15.6	4.2	8.6	25.0	37.5	79.58	8.02	-3.31073175724
ENSDART00000115000	boc	51	24.8	19.2	5.8	11.0	39.6	47.4	5.62	0.78	-2.84902410136
ENSDART00000104790	znf292b	110	38.7	28.2	4.6	16.1	56.3	88.4	28.07	57.71	1.03979226716
ENSDART00000085727	CHD1	0	NA	NA	NA	NA	NA	NA	31.34	86.22	1.46001738271
ENSDART00000014292	larp6	397	20.7	17.5	3.3	8.8	29.3	42.6	63.46	71.9	0.180144249409
ENSDART00000111720	haus7	330	39.1	36.5	10.4	20.8	52.6	71.3	37.77	91.6	1.27810681454
ENSDART00000085728	KLF8	52	57.5	43.4	6.7	22.1	94.4	113.0	NA	NA	NA
ENSDART00000111724	si:ch211-113a14.9	82	0.2	-5.3	-10.0	-8.1	1.6	16.4	NA	NA	NA
ENSDART00000111626	RNF111	98	44.9	36.2	9.1	17.4	69.5	96.1	23.93	46.39	0.954993449311
ENSDART00000059967	polr3c	185	28.6	22.4	4.4	11.1	39.2	63.8	32.9	41.18	0.32385624601
ENSDART00000111622	FP236812.4	122	19.3	16.0	5.9	9.5	24.8	34.4	54.51	5.98	-3.18830353076
ENSDART00000111623	cluap1	51	26.5	23.9	9.9	15.5	34.0	46.1	NA	NA	NA
ENSDART00000020017	aldh3b1	214	23.3	18.7	6.3	11.1	30.3	45.4	26.58	23.94	-0.150917952333
ENSDART00000148138	lrrc8a	102	67.6	63.7	-4.9	16.2	111.4	144.1	12.95	72.05	2.47604633249
ENSDART00000090427	si:dkey-6n6.1	1	16.2	16.2	NA	NA	NA	NA	NA	NA	NA
ENSDART00000111629	CINP	88	33.2	26.1	7.8	15.3	42.2	65.4	NA	NA	NA
ENSDART00000112392	si:ch73-389b16.2	23	15.9	12.9	2.9	5.8	19.1	38.4	NA	NA	NA
ENSDART00000084417	timm17b	1	6.8	6.8	NA	NA	NA	NA	NA	NA	NA
ENSDART00000081170	cux1a	40	36.7	24.9	10.5	15.7	43.9	84.4	NA	NA	NA
ENSDART00000055237	ramp2	7	34.9	24.7	NA	NA	NA	NA	NA	NA	NA
ENSDART00000061196	ccdc92	22	27.2	24.2	4.0	9.7	40.7	47.4	NA	NA	NA
ENSDART00000112394	ywhabb	263	74.2	70.9	14.3	35.7	105.2	138.4	27.84	511.89	4.20060270661
ENSDART00000147449	FAM222A	68	16.1	14.0	1.0	7.4	21.1	30.9	NA	NA	NA
ENSDART00000125686	arfip1	137	33.8	26.3	6.9	12.9	47.3	69.0	NA	NA	NA
ENSDART00000130680	pdzd11	169	43.9	42.1	11.3	25.0	58.2	77.5	NA	NA	NA
ENSDART00000097163	zgc:158482	3	20.1	16.2	NA	NA	NA	NA	NA	NA	NA
ENSDART00000125682	chmp2bb	405	88.1	89.1	36.7	67.2	112.4	134.7	68.91	253.83	1.88107732788
ENSDART00000103862	mrpl36	709	17.3	15.5	4.1	8.9	23.6	32.3	112.22	7.23	-3.95619036052
ENSDART00000034287	herpud1	629	20.4	17.5	5.6	10.9	27.4	39.9	NA	NA	NA
ENSDART00000060024	rabl3	17	28.7	20.6	7.9	11.1	39.4	49.8	NA	NA	NA
ENSDART00000031676	nrbf2	80	55.5	40.1	7.0	20.7	84.5	119.6	NA	NA	NA
ENSDART00000064078	tom1	386	18.6	14.6	3.1	7.8	25.6	39.8	NA	NA	NA
ENSDART00000039466	rnf25	133	28.3	26.3	10.7	17.4	38.1	49.2	63.21	5.76	-3.4560120981
ENSDART00000063832	rbbp8	58	23.4	19.5	6.1	9.6	29.2	45.9	NA	NA	NA
ENSDART00000018553	rpa3	905	41.0	38.6	11.8	23.2	54.2	74.1	267.73	500.62	0.902937121895
ENSDART00000033817	scyl3	302	37.6	34.7	9.0	19.9	52.2	72.8	62.48	67.15	0.103992946173
ENSDART00000011652	eya2	2	7.0	7.0	NA	NA	NA	NA	NA	NA	NA
ENSDART00000103070	cdk16	108	36.6	28.2	5.0	13.4	56.4	78.4	NA	NA	NA
ENSDART00000145835	tmx3	3	41.6	33.6	NA	NA	NA	NA	NA	NA	NA
ENSDART00000147034	gpr155a	33	41.9	42.7	8.0	18.9	62.0	73.5	4.23	5.45	0.365598566544
ENSDART00000123665	arpc4l	240	18.5	16.0	3.1	8.2	26.8	35.8	NA	NA	NA
ENSDART00000033819	prkcda	65	26.4	23.3	4.9	11.8	38.1	48.8	NA	NA	NA
ENSDART00000044214	wbp1lb	28	18.9	18.5	3.0	9.0	24.3	38.7	NA	NA	NA
ENSDART00000011018	sipa1l1	273	17.3	14.1	3.5	7.4	23.6	34.3	14.21	10.02	-0.504024046048
ENSDART00000060949	zfpm1	31	37.0	33.5	4.7	14.7	49.4	83.6	NA	NA	NA
ENSDART00000014007	gys2	36	31.8	22.4	7.9	14.6	47.3	65.2	NA	NA	NA
ENSDART00000061376	STARD10	127	29.3	24.4	7.1	16.0	39.3	55.8	34.88	6.86	-2.3461195586
ENSDART00000061377	MPP7	1	101.9	101.9	NA	NA	NA	NA	NA	NA	NA
ENSDART00000046922	rab13	123	37.4	34.4	13.1	21.5	51.5	64.9	61.64	66.51	0.109704409074
ENSDART00000041609	tm9sf3	160	32.5	22.6	6.3	14.2	43.4	72.1	26.44	95.36	1.85066205895
ENSDART00000010495	znrf1	2	22.3	22.3	NA	NA	NA	NA	NA	NA	NA
ENSDART00000010494	fgfr1op	153	12.8	10.4	1.7	5.9	17.8	28.4	13.63	0.63	-4.43528992331
ENSDART00000056458	fggy	79	56.5	49.9	13.3	25.1	83.0	108.7	18.9	12.13	-0.639806683988
ENSDART00000056453	igfbp1b	2	-3.6	-3.6	NA	NA	NA	NA	NA	NA	NA
ENSDART00000127018	si:dkey-222b8.4	6	36.1	39.9	NA	NA	NA	NA	NA	NA	NA
ENSDART00000018743	phf20a	39	32.3	31.8	14.5	23.9	40.5	46.9	6.04	3.99	-0.598159803103
ENSDART00000126266	btr30	3	36.8	36.3	NA	NA	NA	NA	NA	NA	NA
ENSDART00000067828	BRPF1	0	NA	NA	NA	NA	NA	NA	47.22	3.39	-3.80004086309
ENSDART00000018735	dnaja2l	237	26.0	16.7	2.7	8.3	35.6	64.4	14.99	62.23	2.05360986294
ENSDART00000066979	cbll1	300	32.8	26.2	6.0	14.7	47.4	67.5	20.82	109.0	2.38828616125
ENSDART00000066977	bik	1	0.9	0.9	NA	NA	NA	NA	NA	NA	NA
ENSDART00000025024	slc38a5b	74	37.4	29.6	8.0	14.4	56.0	77.6	NA	NA	NA
ENSDART00000055385	crls1	206	42.9	32.8	9.6	17.7	65.5	88.0	21.53	25.61	0.25035893343
ENSDART00000066973	impdh1b	12	43.8	23.3	11.5	15.7	44.2	73.2	NA	NA	NA
ENSDART00000125133	mysm1	144	41.4	36.8	14.8	24.4	53.1	69.2	34.59	29.55	-0.227196883308
ENSDART00000027274	efna3a	1	18.4	18.4	NA	NA	NA	NA	NA	NA	NA
ENSDART00000123847	si:ch211-226h8.14	5	14.9	12.0	NA	NA	NA	NA	NA	NA	NA
ENSDART00000036285	HID1	8	31.8	15.8	NA	NA	NA	NA	NA	NA	NA
ENSDART00000020806	wwox	2	31.6	31.6	NA	NA	NA	NA	NA	NA	NA
ENSDART00000050125	nupl2	74	22.3	15.5	5.0	9.3	29.2	42.5	23.17	4.16	-2.47760261072
ENSDART00000020808	paqr3a	157	81.6	87.2	18.9	47.5	115.2	140.4	19.52	124.69	2.67532080925
ENSDART00000146248	znf532	14	31.3	27.3	12.2	19.5	41.4	44.1	NA	NA	NA
ENSDART00000082154	trim35-39	1	8.7	8.7	NA	NA	NA	NA	NA	NA	NA
ENSDART00000112946	DOCK10	27	23.7	14.4	6.2	10.7	28.5	67.1	NA	NA	NA
ENSDART00000048191	map2k7	59	38.7	32.1	14.1	20.6	56.8	69.9	19.16	32.13	0.745823419735
ENSDART00000110257	TRAPPC10	106	30.7	28.4	8.4	14.2	44.5	58.6	30.71	4.53	-2.76112555693
ENSDART00000105471	COX18	175	32.8	30.0	9.6	15.9	43.2	59.1	NA	NA	NA
ENSDART00000057999	alg14	16	9.9	9.8	3.4	6.1	12.3	20.2	NA	NA	NA
ENSDART00000038330	khsrp	526	141.1	156.5	45.4	120.8	177.1	195.5	51.68	1098.54	4.40983752182
ENSDART00000028019	tgds	1	21.0	21.0	NA	NA	NA	NA	NA	NA	NA
ENSDART00000110934	nfe2l1b	2	26.0	26.0	NA	NA	NA	NA	NA	NA	NA
ENSDART00000138244	rhbdl2	27	21.3	16.7	6.4	11.8	35.5	42.1	NA	NA	NA
ENSDART00000149984	irf2a	215	27.9	22.7	5.7	13.3	40.1	54.6	52.98	260.33	2.2968218263
ENSDART00000083820	VPS16	129	40.4	33.5	14.9	23.4	56.1	79.0	14.12	29.25	1.05069653609
ENSDART00000102304	lman1	796	21.8	19.0	6.8	11.8	28.3	38.8	51.82	25.22	-1.03894073985
ENSDART00000045948	ncoa1	47	26.8	19.1	5.5	10.1	34.4	57.5	NA	NA	NA
ENSDART00000106143	lonp1	199	12.0	9.7	1.2	5.1	16.2	25.5	23.08	3.2	-2.85049941376
ENSDART00000106142	zgc:171566	388	30.6	28.0	8.7	18.1	41.1	55.0	34.74	181.15	2.38251514663
ENSDART00000106141	tma7	550	39.8	28.0	8.7	15.9	59.2	86.9	221.56	260.07	0.231202545258
ENSDART00000034829	rrp12	269	23.6	18.4	4.7	10.2	31.9	49.1	42.74	10.35	-2.04595614027
ENSDART00000106147	slc43a1a	142	30.3	24.6	8.5	16.8	41.3	56.8	16.48	60.46	1.87526473644
ENSDART00000127259	setd3	57	48.0	40.0	4.4	15.6	82.8	99.2	NA	NA	NA
ENSDART00000129175	nubpl	10	31.7	24.9	4.4	11.2	48.1	61.8	NA	NA	NA
ENSDART00000129174	PRKAG2	155	22.4	17.2	0.5	7.9	30.8	50.6	NA	NA	NA
ENSDART00000126656	CABZ01100187.1	2	81.4	81.4	NA	NA	NA	NA	NA	NA	NA
ENSDART00000036461	arhgap1	364	25.5	22.0	4.8	12.1	34.3	52.5	NA	NA	NA
ENSDART00000036462	dctn4	98	58.3	53.4	19.4	36.2	81.7	103.2	17.47	76.05	2.1220686397
ENSDART00000036463	dnd	244	22.4	14.3	1.8	6.3	28.0	59.6	NA	NA	NA
ENSDART00000113707	fbln2	3	25.7	27.3	NA	NA	NA	NA	NA	NA	NA
ENSDART00000113706	trnt1	18	42.4	31.5	11.1	15.5	58.1	87.8	NA	NA	NA
ENSDART00000008174	pfkma	17	11.5	10.8	0.9	4.0	16.9	23.1	NA	NA	NA
ENSDART00000126659	CR391924.1	2	38.3	38.3	NA	NA	NA	NA	NA	NA	NA
ENSDART00000105823	insrb	143	37.4	25.7	6.6	12.7	44.9	87.3	NA	NA	NA
ENSDART00000041070	mest	16	12.9	11.6	6.4	7.7	18.9	20.7	NA	NA	NA
ENSDART00000100813	rps24	1039	24.0	20.4	3.2	9.9	34.2	49.7	487.8	19.89	-4.61617457685
ENSDART00000100817	msmo1	5	8.7	8.7	NA	NA	NA	NA	NA	NA	NA
ENSDART00000024076	scamp2l	782	58.7	55.3	12.1	29.5	80.8	105.6	NA	NA	NA
ENSDART00000139636	zgc:152968	114	26.6	21.5	6.8	12.9	37.0	56.5	23.55	15.21	-0.630706906776
ENSDART00000004546	pabpc1l	496	16.8	14.8	2.8	7.9	23.1	32.8	106.83	22.97	-2.21749407971
ENSDART00000097966	sh3gl1a	268	27.3	20.2	5.4	11.1	35.4	55.4	67.91	70.19	0.0476414714548
ENSDART00000149089	anxa11b	60	26.6	22.1	3.1	10.6	37.6	61.1	NA	NA	NA
ENSDART00000132486	rasa1b	1	16.5	16.5	NA	NA	NA	NA	NA	NA	NA
ENSDART00000132489	si:dkey-4c15.19	4	14.5	16.3	NA	NA	NA	NA	NA	NA	NA
ENSDART00000062066	si:dkey-177p2.6	105	15.5	12.4	1.1	6.7	19.9	35.0	NA	NA	NA
ENSDART00000098896	zgc:101553	1	37.7	37.7	NA	NA	NA	NA	NA	NA	NA
ENSDART00000015710	snrkb	8	29.3	23.4	NA	NA	NA	NA	NA	NA	NA
ENSDART00000143744	mgat4c	1	15.5	15.5	NA	NA	NA	NA	NA	NA	NA
ENSDART00000015712	znf710a	185	31.2	25.3	6.2	13.0	44.3	66.0	NA	NA	NA
ENSDART00000009277	TUBA1A	10	16.1	14.1	5.0	11.2	20.2	31.3	NA	NA	NA
ENSDART00000022899	pigo	126	41.7	32.9	6.6	16.3	62.6	90.8	12.55	42.19	1.74921372338
ENSDART00000143740	ptprq	4	18.3	16.9	NA	NA	NA	NA	NA	NA	NA
ENSDART00000045036	NFKBIB	66	47.6	41.9	11.9	16.9	69.6	101.8	NA	NA	NA
ENSDART00000045038	fnbp1l	156	83.8	59.9	19.1	34.3	135.4	187.0	48.45	308.59	2.67112274072
ENSDART00000139918	GPN1	142	13.1	10.6	2.9	5.8	18.0	24.9	NA	NA	NA
ENSDART00000091700	C6H2orf62	2	21.6	21.6	NA	NA	NA	NA	NA	NA	NA
ENSDART00000100756	tmem199	316	20.5	17.1	3.9	9.7	29.0	42.7	NA	NA	NA
ENSDART00000145748	TMEM87A	110	29.4	22.0	7.9	11.3	37.5	52.8	NA	NA	NA
ENSDART00000145749	si:dkeyp-113d7.1	23	17.3	15.9	4.4	7.7	23.4	32.5	NA	NA	NA
ENSDART00000109667	trip11	48	58.6	53.7	6.2	23.3	85.7	120.9	25.86	53.0	1.03527008453
ENSDART00000057471	GPR180	30	15.7	16.1	4.7	10.1	21.6	29.4	NA	NA	NA
ENSDART00000058785	fam210a	24	32.6	25.6	7.7	16.2	49.1	60.1	NA	NA	NA
ENSDART00000050898	ncf1	7	18.8	14.9	NA	NA	NA	NA	NA	NA	NA
ENSDART00000058789	qdpra	47	34.5	24.9	5.2	12.4	54.0	79.5	NA	NA	NA
ENSDART00000015418	irf2bpl	115	31.1	27.1	7.5	12.1	47.1	65.2	10.56	22.15	1.06869686408
ENSDART00000087250	crebbpa	35	24.2	17.4	1.2	8.2	35.9	46.0	33.88	2.58	-3.71499090391
ENSDART00000079065	ccz1	344	24.8	20.9	5.7	11.5	33.8	50.7	NA	NA	NA
ENSDART00000005944	rpl5a	251	41.2	39.7	14.3	25.0	56.9	71.1	104.65	13.99	-2.90310444398
ENSDART00000008906	znf503	271	21.8	17.3	5.4	11.1	26.6	39.1	22.02	5.8	-1.92468966355
ENSDART00000008904	im:7162965	110	29.6	22.1	7.1	13.4	33.6	52.9	NA	NA	NA
ENSDART00000097546	ARID3C	4	23.0	10.9	NA	NA	NA	NA	NA	NA	NA
ENSDART00000097547	trpc6b	9	21.2	20.7	NA	NA	NA	NA	NA	NA	NA
ENSDART00000076040	srfa	25	32.7	20.9	6.3	11.4	53.8	62.4	NA	NA	NA
ENSDART00000097543	BCL11B	1	22.3	22.3	NA	NA	NA	NA	NA	NA	NA
ENSDART00000097540	MRPL51	52	23.0	23.3	6.7	11.8	31.6	41.2	57.53	5.1	-3.49574531803
ENSDART00000065045	prrc1	174	41.4	25.2	4.9	12.8	49.6	81.3	26.11	167.83	2.68432626114
ENSDART00000017451	CDS1	23	40.8	29.0	10.3	16.4	51.1	82.4	NA	NA	NA
ENSDART00000053763	dctd	223	39.7	31.3	8.5	15.7	51.1	86.4	NA	NA	NA
ENSDART00000088973	SYTL2	2	10.4	10.4	NA	NA	NA	NA	NA	NA	NA
ENSDART00000132736	lca5	32	38.3	34.0	9.1	16.5	47.0	73.3	13.76	7.39	-0.896834200556
ENSDART00000089035	ppfibp2b	0	NA	NA	NA	NA	NA	NA	20.94	40.61	0.955573584994
ENSDART00000021604	gins4	60	48.2	49.0	8.7	24.8	71.1	88.1	NA	NA	NA
ENSDART00000153080	capg	35	22.6	21.0	5.3	9.9	32.3	43.9	15.41	17.57	0.189247329494
ENSDART00000056963	stk25b	259	26.1	23.2	8.3	15.2	33.7	48.6	59.87	13.7	-2.12765737705
ENSDART00000153082	si:dkey-11e23.5	69	21.5	17.2	4.2	9.5	29.0	47.9	NA	NA	NA
ENSDART00000139871	socs6b	229	41.5	39.6	11.0	19.2	58.2	77.6	12.47	52.9	2.08480625717
ENSDART00000134550	ormdl2	97	61.0	59.8	13.8	31.3	86.1	109.9	NA	NA	NA
ENSDART00000006942	TXNDC15	68	27.7	23.1	7.4	15.6	32.9	60.1	21.53	2.55	-3.07777916731
ENSDART00000139703	RC3H1	189	30.9	24.6	3.7	11.9	44.8	66.5	15.37	20.26	0.39851700911
ENSDART00000021609	gad2	4	16.2	13.7	NA	NA	NA	NA	NA	NA	NA
ENSDART00000139701	zfand5a	202	19.3	14.5	2.6	7.6	25.2	45.8	NA	NA	NA
ENSDART00000134556	taf11	192	19.7	14.9	4.9	8.7	24.5	37.7	35.28	9.62	-1.87474176179
ENSDART00000077445	pim3	137	33.3	23.6	4.4	12.4	51.6	73.1	38.58	245.66	2.67073791909
ENSDART00000088624	rpgrb	48	13.1	10.4	4.4	7.0	17.7	25.0	NA	NA	NA
ENSDART00000151778	si:ch1073-263o8.2	222	31.6	23.5	4.9	11.9	43.5	69.9	14.3	17.86	0.320716933455
ENSDART00000135374	ptpn21	59	23.2	20.3	6.9	11.9	32.5	47.8	14.19	3.87	-1.87446911792
ENSDART00000109306	zgc:173770	3	29.1	8.4	NA	NA	NA	NA	NA	NA	NA
ENSDART00000130641	bcl3	52	26.9	27.4	8.6	14.6	35.0	44.8	NA	NA	NA
ENSDART00000130640	wu:fb63d05	1	61.9	61.9	NA	NA	NA	NA	NA	NA	NA
ENSDART00000130643	CABZ01069020.1	1	20.5	20.5	NA	NA	NA	NA	NA	NA	NA
ENSDART00000130642	STRADB	63	35.2	32.9	7.3	16.9	50.2	67.5	NA	NA	NA
ENSDART00000121805	bbox1	13	36.9	43.6	7.3	20.6	49.7	61.7	NA	NA	NA
ENSDART00000076269	CR387932.1	1	9.3	9.3	NA	NA	NA	NA	NA	NA	NA
ENSDART00000079283	tmeff1b	1	52.7	52.7	NA	NA	NA	NA	NA	NA	NA
ENSDART00000076265	TMEM30B	426	29.6	26.0	7.2	15.9	40.9	54.6	67.95	62.1	-0.129880282547
ENSDART00000024386	frmd6	150	21.2	17.0	3.4	10.1	28.7	43.1	17.61	11.5	-0.614761047999
ENSDART00000086250	znf592	107	31.9	27.1	6.0	13.9	45.3	59.1	NA	NA	NA
ENSDART00000142167	st6gal2	277	22.1	19.9	6.9	11.8	28.4	39.5	23.7	6.65	-1.8334608134
ENSDART00000152149	si:dkey-121j17.6	15	27.0	16.4	3.6	10.9	41.6	57.2	NA	NA	NA
ENSDART00000112474	arl6ip5a	27	19.7	15.4	6.4	10.7	27.7	38.3	NA	NA	NA
ENSDART00000023766	vldlr	800	18.7	15.5	3.0	8.3	25.2	37.2	66.98	9.99	-2.74517379291
ENSDART00000152143	peli1a	11	35.8	28.0	13.2	17.0	45.8	66.3	NA	NA	NA
ENSDART00000023763	C20H2orf44	8	33.8	35.6	NA	NA	NA	NA	NA	NA	NA
ENSDART00000073963	LHX6	4	4.6	4.2	NA	NA	NA	NA	NA	NA	NA
ENSDART00000125309	rnf20	172	26.3	21.1	5.3	12.0	37.6	50.4	65.98	19.94	-1.72636336817
ENSDART00000128222	snrpc	425	97.2	105.5	19.7	66.1	132.8	156.4	87.8	933.86	3.41091343906
ENSDART00000128223	CHCHD5	227	15.9	13.0	2.9	7.3	21.0	32.0	NA	NA	NA
ENSDART00000039267	ptgdsb	3	15.9	4.3	NA	NA	NA	NA	NA	NA	NA
ENSDART00000128227	gle1	129	46.6	37.9	11.7	21.2	63.6	99.2	61.08	139.2	1.18838724394
ENSDART00000039265	naa40	497	64.8	56.5	12.4	23.3	101.5	131.3	47.61	239.96	2.33345740261
ENSDART00000078886	si:dkey-46g23.5	18	26.1	25.3	3.5	11.4	38.8	48.1	NA	NA	NA
ENSDART00000078887	tmem222a	9	19.5	17.0	NA	NA	NA	NA	NA	NA	NA
ENSDART00000099074	CU928854.1	2	39.5	39.5	NA	NA	NA	NA	NA	NA	NA
ENSDART00000100622	slc15a2	29	35.5	30.3	10.5	17.2	51.6	69.2	NA	NA	NA
ENSDART00000099078	jph1b	12	18.7	13.6	3.0	7.5	23.8	44.0	NA	NA	NA
ENSDART00000003133	yipf2	64	27.7	28.2	8.2	16.9	40.3	46.5	NA	NA	NA
ENSDART00000078888	dusp22a	68	29.2	26.9	6.9	16.7	37.1	52.6	NA	NA	NA
ENSDART00000078889	helt	2	1.5	1.5	NA	NA	NA	NA	NA	NA	NA
ENSDART00000103894	cacng8b	3	15.7	2.7	NA	NA	NA	NA	NA	NA	NA
ENSDART00000025036	gap43	3	23.1	15.2	NA	NA	NA	NA	NA	NA	NA
ENSDART00000012098	hs3st1	119	30.0	23.9	9.7	17.4	40.4	59.0	NA	NA	NA
ENSDART00000025033	gpx1a	43	36.4	35.9	9.5	13.9	54.7	67.7	NA	NA	NA
ENSDART00000025031	pou4f1	3	11.5	11.5	NA	NA	NA	NA	NA	NA	NA
ENSDART00000078791	ints2	216	43.1	36.2	7.6	18.3	63.0	86.3	13.0	51.9	1.99722291533
ENSDART00000028009	gkap1	357	76.6	74.1	31.0	47.5	102.9	127.1	86.24	490.37	2.5074416369
ENSDART00000114134	wrb	59	11.5	9.3	3.3	5.8	16.5	25.6	NA	NA	NA
ENSDART00000114137	sh3yl1	390	41.4	24.8	4.0	11.5	60.4	101.2	NA	NA	NA
ENSDART00000114136	WDR89	57	26.5	24.3	5.5	10.5	35.0	52.2	NA	NA	NA
ENSDART00000138011	ZNF646	347	33.5	27.4	8.8	15.3	47.4	67.7	11.91	23.97	1.00905649579
ENSDART00000148727	si:dkey-32e10.4-001	6	23.4	23.9	NA	NA	NA	NA	NA	NA	NA
ENSDART00000146701	si:dkey-184p9.7	2	15.5	15.5	NA	NA	NA	NA	NA	NA	NA
ENSDART00000062507	CABZ01078431.1	69	20.2	17.6	5.3	9.0	27.6	41.7	NA	NA	NA
ENSDART00000017728	pgd	62	54.4	55.8	11.7	19.9	79.0	109.7	7.37	79.06	3.42321143072
ENSDART00000137012	myom1a	2	12.5	12.5	NA	NA	NA	NA	NA	NA	NA
ENSDART00000127652	lypd6	5	15.7	15.0	NA	NA	NA	NA	NA	NA	NA
ENSDART00000053773	lsm6	110	22.4	18.3	4.9	9.5	29.8	45.1	NA	NA	NA
ENSDART00000127657	mrps34	20	15.1	11.7	0.6	3.7	21.8	34.8	117.29	36.34	-1.69044969153
ENSDART00000053776	fkbp11	3	24.0	29.0	NA	NA	NA	NA	NA	NA	NA
ENSDART00000143324	spsb3a	15	29.2	15.6	-0.2	8.7	40.0	80.7	NA	NA	NA
ENSDART00000101023	oep	276	37.8	28.0	11.4	16.6	51.3	79.3	31.21	64.58	1.04907908369
ENSDART00000127659	stk19	18	26.6	21.5	9.6	13.4	38.7	46.6	NA	NA	NA
ENSDART00000136492	si:ch211-158d24.4	33	21.1	15.9	0.3	8.4	35.7	47.9	NA	NA	NA
ENSDART00000091021	col10a1	1	5.0	5.0	NA	NA	NA	NA	NA	NA	NA
ENSDART00000144837	hectd3	168	19.6	16.4	2.8	8.6	28.3	42.3	36.88	4.37	-3.07713347093
ENSDART00000101026	mical3a	74	22.1	17.2	2.8	7.8	31.4	47.7	7.2	4.25	-0.760534065305
ENSDART00000131113	LPHN3	9	31.6	30.3	NA	NA	NA	NA	NA	NA	NA
ENSDART00000136722	cdkn1a	3	9.5	13.6	NA	NA	NA	NA	NA	NA	NA
ENSDART00000131116	ttyh3b	7	17.2	12.1	NA	NA	NA	NA	NA	NA	NA
ENSDART00000104303	actl6a	310	66.6	62.6	19.9	40.2	92.4	112.4	27.99	235.77	3.07439676563
ENSDART00000066450	DUSP19	1	33.0	33.0	NA	NA	NA	NA	NA	NA	NA
ENSDART00000121698	senp3b	1061	63.7	54.5	4.4	22.7	101.2	133.9	48.4	189.06	1.96576520758
ENSDART00000078086	CU655961.1	2	11.2	11.2	NA	NA	NA	NA	NA	NA	NA
ENSDART00000049849	col4a3	2	60.1	60.1	NA	NA	NA	NA	NA	NA	NA
ENSDART00000016096	dnajc11	243	53.0	42.0	11.0	23.0	78.8	105.8	42.53	59.81	0.491905862642
ENSDART00000067261	tmtc2	12	51.4	52.3	11.7	29.8	66.6	88.6	NA	NA	NA
ENSDART00000067262	mettl25	40	24.9	21.9	9.7	15.1	32.7	44.8	NA	NA	NA
ENSDART00000016090	pla2g7	52	34.3	26.0	8.9	13.2	41.9	62.0	NA	NA	NA
ENSDART00000121867	eif3c	286	29.2	24.0	7.4	15.3	40.8	58.2	62.79	61.67	-0.0259659659988
ENSDART00000127374	DDHD1	18	30.8	32.7	11.8	16.8	42.4	50.6	NA	NA	NA
ENSDART00000020233	zdhhc7	146	20.3	18.8	3.8	9.7	28.6	38.5	NA	NA	NA
ENSDART00000121558	atg4b	290	15.3	11.0	1.8	5.4	20.6	33.3	NA	NA	NA
ENSDART00000020234	fam175b	1	27.4	27.4	NA	NA	NA	NA	NA	NA	NA
ENSDART00000043190	lsm12a	393	43.5	35.8	10.6	21.5	58.9	89.0	150.66	317.31	1.07459655395
ENSDART00000121552	slc44a1b	23	37.2	24.8	4.6	12.3	53.4	91.3	NA	NA	NA
ENSDART00000043193	si:ch211-161h7.6	31	16.2	14.2	2.5	8.8	21.8	31.4	NA	NA	NA
ENSDART00000012396	ik	157	29.1	21.6	6.7	12.3	40.7	60.7	33.05	43.4	0.393044770937
ENSDART00000121554	CABZ01069022.1	4	24.6	25.0	NA	NA	NA	NA	NA	NA	NA
ENSDART00000024922	jag2	97	19.2	14.5	3.5	7.7	25.0	37.1	NA	NA	NA
ENSDART00000046115	mfsd2aa	174	16.3	14.4	3.5	8.6	23.2	29.6	NA	NA	NA
ENSDART00000024925	gcc1	73	40.0	35.9	11.6	23.7	53.4	72.6	24.57	44.44	0.854960959027
ENSDART00000078358	pip5k1aa	64	39.1	28.6	3.2	12.6	62.5	86.1	21.48	77.73	1.85547752292
ENSDART00000009863	DGKA	87	14.0	11.5	-1.7	6.1	20.5	26.8	NA	NA	NA
ENSDART00000013294	anxa13	46	29.5	23.4	8.1	11.8	34.0	52.6	NA	NA	NA
ENSDART00000056205	satb1a	4	7.8	11.1	NA	NA	NA	NA	NA	NA	NA
ENSDART00000123026	si:dkey-241l7.5	55	18.0	16.0	5.8	9.8	22.5	33.1	NA	NA	NA
ENSDART00000056208	snap29	151	33.6	28.9	8.8	16.0	45.7	60.3	22.63	111.46	2.30021756881
ENSDART00000027718	fxr2	0	NA	NA	NA	NA	NA	NA	43.49	59.62	0.455112666527
ENSDART00000123532	pkp1a	10	35.9	33.2	19.6	23.5	51.0	58.4	NA	NA	NA
ENSDART00000115260	si:ch211-113g11.6	9	32.3	34.1	NA	NA	NA	NA	NA	NA	NA
ENSDART00000057541	APOOL	203	33.0	20.0	5.2	11.2	44.3	80.8	NA	NA	NA
ENSDART00000126015	etv5a	210	60.0	37.1	8.6	15.4	95.4	144.2	NA	NA	NA
ENSDART00000123534	cacna1g	8	12.3	7.5	NA	NA	NA	NA	NA	NA	NA
ENSDART00000016677	C11H6orf120	160	34.6	29.3	7.6	14.7	50.0	69.9	NA	NA	NA
ENSDART00000016891	hsd17b10	545	38.0	32.9	9.2	18.5	53.0	74.8	94.28	148.83	0.658641699364
ENSDART00000016890	eif6	632	42.7	35.6	9.4	17.4	62.3	89.8	120.57	227.83	0.918086746263
ENSDART00000112898	si:ch211-67f13.8	1	2.5	2.5	NA	NA	NA	NA	NA	NA	NA
ENSDART00000138116	surf6	304	13.8	10.6	1.2	5.6	19.0	28.1	188.21	2.49	-6.24005373106
ENSDART00000074561	litaf	36	30.3	23.4	7.6	13.5	42.1	61.1	NA	NA	NA
ENSDART00000100265	tmem194b	144	66.5	61.1	11.3	24.3	100.7	129.6	NA	NA	NA
ENSDART00000017413	zmynd10	17	27.0	19.9	4.1	9.3	44.7	59.1	NA	NA	NA
ENSDART00000112896	BX294110.1	224	23.4	21.9	6.6	14.6	31.6	40.7	54.48	5.46	-3.31875384709
ENSDART00000098307	ZNF800	20	51.7	42.2	17.4	22.6	77.2	103.5	6.41	47.34	2.88466344412
ENSDART00000090096	PAXBP1	40	49.8	40.0	17.6	32.0	70.1	84.8	11.53	28.52	1.30658146879
ENSDART00000051186	nccrp1	311	20.3	17.5	6.4	11.0	27.2	37.7	55.85	22.16	-1.33359939932
ENSDART00000144659	CABZ01112215.2	3	40.2	48.0	NA	NA	NA	NA	NA	NA	NA
ENSDART00000131683	sytl5	2	25.5	25.5	NA	NA	NA	NA	NA	NA	NA
ENSDART00000110030	lmtk2	94	37.3	31.6	4.6	15.1	53.4	74.6	9.92	9.92	0.0
ENSDART00000063467	nfia	7	31.1	33.8	NA	NA	NA	NA	NA	NA	NA
ENSDART00000139288	si:dkey-121h17.7	185	19.7	12.0	2.1	6.3	22.6	41.3	NA	NA	NA
ENSDART00000130514	EML4	63	94.7	105.8	13.2	46.5	142.5	160.1	NA	NA	NA
ENSDART00000080969	trim55b	12	21.9	20.1	7.6	15.1	27.2	38.2	NA	NA	NA
ENSDART00000004092	brox	31	22.8	18.7	4.7	12.0	34.7	42.2	NA	NA	NA
ENSDART00000110987	TXNRD2	40	25.0	17.9	5.6	9.5	37.1	46.4	NA	NA	NA
ENSDART00000036421	chek2	601	23.4	16.7	2.3	8.4	33.6	53.5	68.82	72.77	0.0805159186316
ENSDART00000098889	caprin1b	719	48.6	34.2	9.4	16.9	74.9	109.2	107.96	354.41	1.7149224295
ENSDART00000019017	CT485993.2	269	23.4	18.3	3.1	9.3	28.8	49.1	NA	NA	NA
ENSDART00000105561	si:dkey-42p8.3	1	5.1	5.1	NA	NA	NA	NA	NA	NA	NA
ENSDART00000147319	scml4	28	62.3	50.8	10.4	21.2	90.5	132.0	NA	NA	NA
ENSDART00000131025	KCNN4	1	33.1	33.1	NA	NA	NA	NA	NA	NA	NA
ENSDART00000007458	ppp6c	239	45.1	38.0	11.2	21.8	59.6	95.9	45.46	254.7	2.48612937034
ENSDART00000100046	C8H1orf174	321	49.9	48.9	12.9	28.1	65.1	89.6	NA	NA	NA
ENSDART00000147878	ankrd39	21	13.5	13.6	-0.5	10.0	16.4	17.8	NA	NA	NA
ENSDART00000007454	bty	3	24.0	24.7	NA	NA	NA	NA	NA	NA	NA
ENSDART00000045675	slc52a2	1	22.6	22.6	NA	NA	NA	NA	NA	NA	NA
ENSDART00000079150	grpr	1	7.4	7.4	NA	NA	NA	NA	NA	NA	NA
ENSDART00000122773	nr6a1b	3	24.2	22.2	NA	NA	NA	NA	NA	NA	NA
ENSDART00000033922	kcnn1a	1	83.8	83.8	NA	NA	NA	NA	NA	NA	NA
ENSDART00000010022	xpnpep2	1	72.8	72.8	NA	NA	NA	NA	NA	NA	NA
ENSDART00000060764	spred1	2	45.4	45.4	NA	NA	NA	NA	NA	NA	NA
ENSDART00000060766	rab11a	497	32.7	23.6	3.3	9.8	44.0	77.8	37.83	212.91	2.49264103067
ENSDART00000133121	bub1	253	31.0	26.1	7.8	14.1	42.9	57.8	48.15	48.96	0.0240677599618
ENSDART00000122117	SACS	1	36.6	36.6	NA	NA	NA	NA	NA	NA	NA
ENSDART00000146470	arpc4	163	50.5	44.9	9.2	18.3	72.2	107.0	NA	NA	NA
ENSDART00000082702	mlxip	142	61.2	57.9	14.8	26.7	90.6	111.4	10.07	46.42	2.20468283934
ENSDART00000059209	wdfy2	47	28.7	28.6	2.7	11.0	39.4	60.0	NA	NA	NA
ENSDART00000135919	amd1	64	34.4	22.8	-1.5	13.2	52.4	80.1	NA	NA	NA
ENSDART00000059207	pemt	109	28.7	23.7	7.2	14.0	36.2	56.7	NA	NA	NA
ENSDART00000050332	gna12a	1	54.7	54.7	NA	NA	NA	NA	NA	NA	NA
ENSDART00000152705	api5	140	66.5	68.6	9.5	27.3	101.9	130.9	33.27	507.3	3.93054538914
ENSDART00000026409	cct4	194	24.1	21.0	6.4	11.7	34.5	47.7	53.31	11.01	-2.27559171319
ENSDART00000097949	surf4	107	30.5	31.9	7.0	19.0	41.3	50.2	NA	NA	NA
ENSDART00000125729	dnmt3b	29	63.7	48.0	6.0	18.3	95.0	132.8	4.96	34.92	2.81564153324
ENSDART00000023162	FANCA	18	25.7	17.7	4.9	11.0	43.3	49.8	9.08	0.9	-3.33469539096
ENSDART00000026401	TMEM178B	3	51.6	51.2	NA	NA	NA	NA	NA	NA	NA
ENSDART00000112279	kmt2cb	8	36.3	24.9	NA	NA	NA	NA	1.18	0.37	-1.67318968373
ENSDART00000004220	rab34a	5	80.2	45.1	NA	NA	NA	NA	NA	NA	NA
ENSDART00000125099	tbck	54	46.4	44.0	9.8	21.3	70.7	87.9	5.26	18.3	1.79870894388
ENSDART00000010257	fam73a	76	30.1	25.8	7.6	16.3	42.4	57.6	8.62	10.55	0.291483224505
ENSDART00000053936	pfdn6	240	11.5	10.6	0.8	4.5	15.9	24.5	NA	NA	NA
ENSDART00000152449	si:ch211-113a14.29	1	11.1	11.1	NA	NA	NA	NA	NA	NA	NA
ENSDART00000089232	SLC12A7	100	25.8	18.2	5.0	11.1	32.6	55.0	NA	NA	NA
ENSDART00000057641	tspan15	101	33.9	26.3	7.4	16.4	46.4	68.8	NA	NA	NA
ENSDART00000057315	cep78	21	40.5	36.8	11.9	21.4	52.0	66.0	NA	NA	NA
ENSDART00000057642	acbd6	24	22.9	18.5	3.4	9.4	30.5	46.5	NA	NA	NA
ENSDART00000057645	qsox1	155	34.4	28.2	11.4	16.2	46.4	68.2	23.98	36.96	0.624133098002
ENSDART00000053932	cbsa	14	45.5	38.3	7.4	26.8	57.3	101.4	NA	NA	NA
ENSDART00000014851	tpm1	767	26.1	19.9	5.9	11.3	36.8	54.7	NA	NA	NA
ENSDART00000078652	CAMK2G	3	65.7	51.8	NA	NA	NA	NA	NA	NA	NA
ENSDART00000082830	BX255936.1	65	32.5	26.1	10.0	16.3	43.0	64.9	NA	NA	NA
ENSDART00000146650	asah2	1	55.2	55.2	NA	NA	NA	NA	NA	NA	NA
ENSDART00000104219	rcor1	408	59.4	53.6	13.5	27.5	87.8	113.3	99.1	384.18	1.95482545327
ENSDART00000064694	TATDN3	11	27.9	20.8	8.4	17.2	37.4	45.7	NA	NA	NA
ENSDART00000085281	EPB41L2	1	39.9	39.9	NA	NA	NA	NA	NA	NA	NA
ENSDART00000139983	si:dkey-57k2.6	7	35.2	31.8	NA	NA	NA	NA	NA	NA	NA
ENSDART00000004959	det1	466	24.0	20.6	6.1	12.0	32.9	45.2	NA	NA	NA
ENSDART00000086060	mrpl22	93	14.2	10.4	2.5	6.3	17.3	24.1	56.1	5.18	-3.43697676781
ENSDART00000061417	si:ch211-245h14.1	5	10.9	10.6	NA	NA	NA	NA	NA	NA	NA
ENSDART00000004483	zgc:162969	732	17.0	13.3	2.8	7.4	21.3	36.0	133.02	36.93	-1.84877800838
ENSDART00000023571	u2af2b	134	52.4	37.3	10.5	19.1	81.1	122.0	88.61	261.33	1.56033132468
ENSDART00000023575	robo3	4	25.8	9.8	NA	NA	NA	NA	NA	NA	NA
ENSDART00000129624	tbrg1	129	28.3	24.5	8.3	15.4	38.7	53.0	39.83	32.99	-0.271826701799
ENSDART00000102727	zgc:162971	2	23.5	23.5	NA	NA	NA	NA	NA	NA	NA
ENSDART00000036354	mkln1	87	76.3	74.7	14.0	28.5	115.3	145.1	NA	NA	NA
ENSDART00000109538	CU855953.1	3	8.3	5.2	NA	NA	NA	NA	NA	NA	NA
ENSDART00000109537	snphb	16	29.5	20.4	4.6	6.3	41.3	58.6	NA	NA	NA
ENSDART00000109535	gmps	255	39.3	31.0	7.0	13.0	56.8	91.0	24.74	146.69	2.56785311901
ENSDART00000109534	CDH16	1	70.8	70.8	NA	NA	NA	NA	NA	NA	NA
ENSDART00000102118	gtf2f2a	141	36.9	29.3	11.6	20.2	49.3	72.0	49.44	109.83	1.15152153112
ENSDART00000104812	cbx6a	30	25.8	18.7	4.4	9.7	28.3	59.3	NA	NA	NA
ENSDART00000055848	zgc:103559	1	30.4	30.4	NA	NA	NA	NA	NA	NA	NA
ENSDART00000078708	zgc:162952	28	13.0	13.7	-0.3	3.4	18.1	28.1	NA	NA	NA
ENSDART00000084855	stk40	163	43.7	31.6	8.0	15.8	64.0	90.7	14.39	77.46	2.42838490929
ENSDART00000005573	tmem237b	184	28.1	24.2	6.9	13.0	39.2	54.2	25.39	16.08	-0.658992988469
ENSDART00000026634	ccdc127b	2	13.3	13.3	NA	NA	NA	NA	NA	NA	NA
ENSDART00000050597	XPR1	86	39.7	31.8	5.0	15.7	52.2	85.4	NA	NA	NA
ENSDART00000041035	snap91	1	20.2	20.2	NA	NA	NA	NA	NA	NA	NA
ENSDART00000138234	tomm20b	730	29.6	24.9	7.3	13.5	42.5	58.0	109.89	50.5	-1.1217048139
ENSDART00000122164	b3gat3	0	NA	NA	NA	NA	NA	NA	20.33	4.9	-2.05275656084
ENSDART00000122503	BX000690.1	9	14.9	9.7	NA	NA	NA	NA	NA	NA	NA
ENSDART00000137603	si:ch211-225b11.4	39	31.5	29.9	8.1	14.1	48.4	55.7	NA	NA	NA
ENSDART00000014632	katnb1	21	76.7	87.7	6.6	46.3	119.7	128.4	12.79	14.1	0.140678898405
ENSDART00000062263	zfand6	1377	24.2	19.7	5.1	11.6	32.0	48.8	131.79	113.97	-0.209586787428
ENSDART00000124518	C7H19orf12	7	54.6	50.5	NA	NA	NA	NA	NA	NA	NA
ENSDART00000142080	kpna1	32	26.1	16.6	5.1	9.8	29.2	67.3	NA	NA	NA
ENSDART00000062264	sdhb	181	38.0	34.6	8.6	16.4	52.1	70.7	41.95	77.47	0.884966929008
ENSDART00000062269	sos1	63	36.2	28.1	8.6	15.3	58.1	77.0	19.6	2.28	-3.10374792484
ENSDART00000142088	si:ch211-218c6.8	59	23.4	22.5	7.2	12.7	30.6	40.0	NA	NA	NA
ENSDART00000077053	plcxd3	6	40.1	32.2	NA	NA	NA	NA	NA	NA	NA
ENSDART00000129698	rps9	1020	27.6	25.4	8.9	15.7	37.0	49.4	579.65	45.31	-3.67728064966
ENSDART00000061996	tmem231	42	33.7	30.9	12.8	15.5	48.1	65.0	NA	NA	NA
ENSDART00000032788	rdh8a	3	49.8	59.7	NA	NA	NA	NA	NA	NA	NA
ENSDART00000077059	anp32e	459	109.4	122.5	19.3	77.7	147.8	165.9	84.79	515.93	2.60520930719
ENSDART00000006881	ZBTB39	73	44.7	39.9	13.0	27.0	58.0	83.9	NA	NA	NA
ENSDART00000006883	hnf1ba	2	43.9	43.9	NA	NA	NA	NA	NA	NA	NA
ENSDART00000143972	rif1	630	109.9	115.8	57.6	84.3	138.5	156.4	56.89	433.97	2.93134832761
ENSDART00000058843	krcp	1347	32.1	24.8	5.5	13.2	45.3	69.7	41.81	227.27	2.4424873102
ENSDART00000113502	si:dkey-84j12.1	6	77.0	83.0	NA	NA	NA	NA	NA	NA	NA
ENSDART00000058336	arpp19b	1136	27.7	22.1	7.6	13.7	35.1	54.1	62.13	173.87	1.48464706822
ENSDART00000111254	nadka	56	15.3	12.5	2.6	7.9	20.4	33.9	NA	NA	NA
ENSDART00000058339	ap3s2	106	16.3	15.5	2.8	7.0	23.2	29.2	NA	NA	NA
ENSDART00000056649	tmem53	306	21.7	19.8	5.7	12.1	29.9	40.2	NA	NA	NA
ENSDART00000130095	tmem179	2	31.6	31.6	NA	NA	NA	NA	NA	NA	NA
ENSDART00000129542	crispld1b	2	10.1	10.1	NA	NA	NA	NA	NA	NA	NA
ENSDART00000129543	asmtl	175	23.2	19.3	4.1	9.9	31.0	45.2	NA	NA	NA
ENSDART00000082438	DLGAP2	10	28.0	29.6	4.6	14.9	41.8	45.7	NA	NA	NA
ENSDART00000005682	actn3a	1	16.6	16.6	NA	NA	NA	NA	NA	NA	NA
ENSDART00000090528	rhoae	141	22.5	18.7	3.7	9.0	32.1	46.9	45.83	47.52	0.0522425504265
ENSDART00000055504	cyc1	637	21.7	17.7	3.9	9.2	29.8	47.9	62.17	54.17	-0.198724488066
ENSDART00000124321	crp3	1	0.7	0.7	NA	NA	NA	NA	NA	NA	NA
ENSDART00000076399	nat10	151	64.1	62.2	20.4	45.9	81.6	100.7	40.19	79.58	0.985569321635
ENSDART00000124326	slc4a1a	2	21.6	21.6	NA	NA	NA	NA	NA	NA	NA
ENSDART00000124324	slc1a7a	3	12.2	14.9	NA	NA	NA	NA	NA	NA	NA
ENSDART00000124225	zgc:91909	4	10.5	4.8	NA	NA	NA	NA	NA	NA	NA
ENSDART00000062190	smarcb1b	82	44.3	35.8	11.2	21.9	59.0	81.2	20.49	115.29	2.49227549277
ENSDART00000092479	C2H1orf123	88	19.2	14.9	7.1	10.3	28.7	37.2	NA	NA	NA
ENSDART00000110123	MAN2C1	1	34.8	34.8	NA	NA	NA	NA	NA	NA	NA
ENSDART00000110126	cacng3b	39	32.9	32.5	11.3	15.8	45.8	62.4	NA	NA	NA
ENSDART00000142881	fryb	1	10.9	10.9	NA	NA	NA	NA	NA	NA	NA
ENSDART00000056640	abcf2a	793	46.8	40.1	9.1	19.1	67.6	95.5	133.33	398.03	1.57787574108
ENSDART00000131274	tbcelb	4	13.3	15.8	NA	NA	NA	NA	NA	NA	NA
ENSDART00000136553	si:ch211-209a2.2	4	17.4	18.1	NA	NA	NA	NA	NA	NA	NA
ENSDART00000012899	s1pr5b	1	14.7	14.7	NA	NA	NA	NA	NA	NA	NA
ENSDART00000058530	neurod6a	19	25.0	16.4	3.6	7.3	30.6	61.4	NA	NA	NA
ENSDART00000109791	zgc:92066	0	NA	NA	NA	NA	NA	NA	108.21	5.25	-4.36537259596
ENSDART00000057774	mrps6	32	14.0	13.1	3.6	5.7	18.7	27.4	38.02	12.15	-1.64580221816
ENSDART00000063789	rps5	1118	26.3	24.6	6.4	14.3	35.9	48.5	298.93	19.44	-3.94270756613
ENSDART00000091070	zgc:158403	21	40.6	32.7	15.2	29.3	47.9	81.6	NA	NA	NA
ENSDART00000008468	msxb	87	18.4	15.6	4.3	9.5	23.1	36.2	NA	NA	NA
ENSDART00000145681	atp6v1h	166	27.4	25.0	9.6	15.6	35.4	45.2	NA	NA	NA
ENSDART00000008310	sf3b3	37	54.2	52.2	7.9	19.1	78.6	110.9	4.64	41.22	3.15114779441
ENSDART00000126840	supt16h	105	82.3	88.6	6.6	26.8	135.1	151.7	27.48	184.65	2.74833935327
ENSDART00000013363	slco3a1	1	41.8	41.8	NA	NA	NA	NA	NA	NA	NA
ENSDART00000126844	CABZ01050100.1	2	60.6	60.6	NA	NA	NA	NA	NA	NA	NA
ENSDART00000048675	mrps33	158	16.9	14.0	2.5	6.3	25.3	35.1	NA	NA	NA
ENSDART00000048676	prkar2aa	85	35.1	26.7	9.3	15.9	44.2	71.4	53.91	25.36	-1.08799816409
ENSDART00000126849	senp6a	210	24.6	21.2	5.2	10.8	33.3	50.3	24.66	8.23	-1.58320846398
ENSDART00000114722	dennd4c	121	37.2	28.8	10.5	18.1	51.5	77.0	10.53	23.68	1.1691636446
ENSDART00000113116	polg2	4	15.9	9.8	NA	NA	NA	NA	NA	NA	NA
ENSDART00000114725	oscp1a	4	36.5	35.2	NA	NA	NA	NA	NA	NA	NA
ENSDART00000129898	ctsf	17	35.5	28.4	13.4	24.1	45.6	64.6	NA	NA	NA
ENSDART00000113508	FP085405.1	59	65.4	46.3	19.2	28.4	99.3	128.3	28.55	167.91	2.55612550287
ENSDART00000038929	zgc:153924	48	56.3	36.9	8.7	21.2	73.0	103.0	NA	NA	NA
ENSDART00000002741	itprip	74	59.0	41.4	7.4	24.0	85.7	98.0	NA	NA	NA
ENSDART00000105021	CABZ01089980.1	2	24.7	24.7	NA	NA	NA	NA	NA	NA	NA
ENSDART00000073689	btr01	1	39.8	39.8	NA	NA	NA	NA	NA	NA	NA
ENSDART00000079549	tpte	118	15.5	13.0	1.6	7.5	22.5	32.4	NA	NA	NA
ENSDART00000038924	sult1st1	2	18.6	18.6	NA	NA	NA	NA	NA	NA	NA
ENSDART00000086935	MARCH4	23	18.9	17.6	2.0	6.2	22.5	45.4	NA	NA	NA
ENSDART00000140012	ca8	4	41.7	27.6	NA	NA	NA	NA	NA	NA	NA
ENSDART00000076097	sfi1	129	27.2	21.6	8.5	13.9	33.3	53.6	33.05	3.47	-3.25164270382
ENSDART00000029521	asrgl1	97	23.0	18.3	5.2	9.2	28.2	51.0	NA	NA	NA
ENSDART00000090306	xpr1	17	19.7	16.9	6.5	10.4	28.9	37.9	NA	NA	NA
ENSDART00000006085	cbl	135	36.3	28.6	6.1	15.4	53.1	74.2	NA	NA	NA
ENSDART00000128940	mlpha	38	31.5	25.4	3.7	13.7	44.8	60.5	NA	NA	NA
ENSDART00000134340	GRIK5	3	90.1	99.5	NA	NA	NA	NA	NA	NA	NA
ENSDART00000104444	slmapa	215	27.8	22.4	6.0	12.0	41.4	56.3	36.72	9.62	-1.93245725964
ENSDART00000025501	zgc:56072	95	25.9	17.8	3.8	9.2	33.2	62.1	69.45	142.25	1.03438205321
ENSDART00000061886	sema3ab	10	32.0	27.6	12.8	18.1	46.3	49.9	NA	NA	NA
ENSDART00000064112	glrx5	721	26.3	21.2	6.6	12.9	35.4	50.9	141.61	180.68	0.351513671822
ENSDART00000135359	macc1	416	15.0	12.8	2.3	7.2	19.4	31.0	NA	NA	NA
ENSDART00000114582	BX511086.1	17	18.3	13.2	6.9	9.2	25.4	39.1	NA	NA	NA
ENSDART00000145538	zgc:193505	1	48.6	48.6	NA	NA	NA	NA	NA	NA	NA
ENSDART00000052346	gnao1b	1	3.4	3.4	NA	NA	NA	NA	NA	NA	NA
ENSDART00000052345	tradd	434	20.9	19.1	6.8	11.6	28.4	36.6	NA	NA	NA
ENSDART00000052342	thap11	382	17.0	12.9	1.8	6.7	23.8	34.6	34.39	24.9	-0.465843373571
ENSDART00000101406	rab39b	1	14.2	14.2	NA	NA	NA	NA	NA	NA	NA
ENSDART00000052439	CU929089.1	24	16.8	14.0	3.7	8.7	29.4	34.3	NA	NA	NA
ENSDART00000124167	vcl	4	70.7	73.6	NA	NA	NA	NA	NA	NA	NA
ENSDART00000052349	ogfod1	227	15.6	13.0	3.3	7.6	21.6	29.6	NA	NA	NA
ENSDART00000100254	atp6v0d1	495	16.7	14.0	4.0	7.8	22.3	31.6	NA	NA	NA
ENSDART00000104420	samm50	362	17.1	14.1	4.8	8.8	23.0	34.3	NA	NA	NA
ENSDART00000149688	mycbpap	3	5.8	3.0	NA	NA	NA	NA	NA	NA	NA
ENSDART00000043507	C19H1orf51	148	40.3	39.6	9.9	22.3	54.7	70.1	NA	NA	NA
ENSDART00000149685	gnao1a	92	22.0	20.9	8.0	11.9	28.4	39.2	NA	NA	NA
ENSDART00000027982	col14a1a	9	39.4	26.7	NA	NA	NA	NA	NA	NA	NA
ENSDART00000149687	si:dkey-16n15.6	1	42.1	42.1	NA	NA	NA	NA	NA	NA	NA
ENSDART00000080396	foxj2	25	27.7	23.9	5.7	8.6	39.9	43.9	NA	NA	NA
ENSDART00000080395	golga7	673	50.9	43.4	7.8	18.9	77.0	105.7	44.62	480.57	3.42898417109
ENSDART00000045659	tcp11l1	123	36.4	29.6	7.2	14.1	52.7	77.3	NA	NA	NA
ENSDART00000104791	zgc:153722	15	27.6	22.4	3.7	12.1	34.5	60.2	NA	NA	NA
ENSDART00000049109	seta	325	47.8	33.6	8.3	16.9	69.4	115.7	116.21	545.39	2.23055402836
ENSDART00000013497	mylipa	1410	30.6	25.9	8.0	14.4	42.8	59.7	114.02	258.43	1.18048664928
ENSDART00000123237	fam8a1	78	22.3	18.9	6.3	12.0	29.2	46.2	NA	NA	NA
ENSDART00000022051	gins1	158	21.2	17.7	5.0	10.5	29.0	42.5	NA	NA	NA
ENSDART00000085913	btbd2	115	23.4	20.7	9.7	14.1	26.8	43.0	NA	NA	NA
ENSDART00000016464	dcps	288	44.5	35.2	11.2	20.8	58.1	91.5	34.62	228.39	2.72182185422
ENSDART00000085917	BTBD2	212	21.2	18.5	6.1	10.5	26.6	40.0	NA	NA	NA
ENSDART00000111290	CZv9_NA429H14orf28	54	26.9	24.5	10.9	14.3	35.7	49.2	NA	NA	NA
ENSDART00000111294	zgc:174315	41	24.3	22.0	4.7	10.5	35.7	44.7	NA	NA	NA
ENSDART00000148486	scaf11	233	43.7	32.6	13.0	21.1	50.5	93.2	38.63	61.92	0.680683793912
ENSDART00000108469	spata2l	150	37.4	32.9	8.9	19.6	55.8	67.9	NA	NA	NA
ENSDART00000135762	btr22	106	22.7	22.2	6.1	14.9	29.8	37.5	NA	NA	NA
ENSDART00000148333	nle1	60	26.6	21.2	6.7	11.3	38.8	54.8	9.65	13.73	0.508730777992
ENSDART00000089144	vps51	260	31.0	28.6	11.4	17.1	42.0	55.3	NA	NA	NA
ENSDART00000147686	si:dkey-222p3.1	3	24.6	25.5	NA	NA	NA	NA	NA	NA	NA
ENSDART00000152935	mkl1b	11	32.7	32.2	13.2	15.1	48.3	60.7	NA	NA	NA
ENSDART00000122540	aldh7a1	110	26.8	21.5	6.9	14.5	35.4	46.7	47.52	66.26	0.47960336728
ENSDART00000021218	rpe	129	18.2	14.4	2.7	6.1	23.1	41.5	NA	NA	NA
ENSDART00000081374	TTC18	3	4.3	5.6	NA	NA	NA	NA	NA	NA	NA
ENSDART00000122546	CT583700.1	4	28.7	21.6	NA	NA	NA	NA	NA	NA	NA
ENSDART00000067288	adal	23	12.2	9.4	6.4	7.2	13.6	19.7	NA	NA	NA
ENSDART00000031470	pafah1b1b	499	16.4	13.2	3.1	6.9	21.8	31.8	36.94	14.97	-1.30310964492
ENSDART00000021060	eaf2	125	89.9	83.7	27.6	65.2	125.7	153.0	NA	NA	NA
ENSDART00000078140	vps26a	465	21.4	16.9	4.0	9.4	28.9	45.9	NA	NA	NA
ENSDART00000021062	slc9a8	104	33.2	24.3	4.0	10.5	44.6	66.6	NA	NA	NA
ENSDART00000006622	kat6a	18	39.2	21.0	11.0	15.6	40.5	94.7	18.19	29.09	0.677377753449
ENSDART00000115187	LRRC29	29	40.7	30.3	17.0	20.2	55.3	75.3	NA	NA	NA
ENSDART00000021065	rab5b	1	63.5	63.5	NA	NA	NA	NA	NA	NA	NA
ENSDART00000021069	rpl38	1537	24.2	22.5	5.8	12.0	34.6	44.3	778.88	50.85	-3.93708139397
ENSDART00000097827	AL929007.2	11	23.2	18.6	10.2	17.0	31.8	33.5	NA	NA	NA
ENSDART00000111746	CU693494.3	5	25.6	3.9	NA	NA	NA	NA	NA	NA	NA
ENSDART00000111740	CU459094.3	117	14.8	12.2	0.8	6.4	19.6	31.8	NA	NA	NA
ENSDART00000104774	tmbim1	201	70.0	68.0	14.2	31.1	103.5	128.6	NA	NA	NA
ENSDART00000039415	nup153	665	36.8	27.7	6.2	14.3	51.9	81.0	34.21	140.36	2.03664184363
ENSDART00000025183	CABZ01064447.1	56	19.5	21.6	2.0	9.2	26.4	36.6	40.19	4.55	-3.14289812697
ENSDART00000148154	stx2a	1	56.2	56.2	NA	NA	NA	NA	NA	NA	NA
ENSDART00000111603	zgc:174697	7	23.8	17.8	NA	NA	NA	NA	NA	NA	NA
ENSDART00000111604	atr	31	39.8	35.4	13.8	22.4	50.0	65.4	NA	NA	NA
ENSDART00000111605	STAC	3	19.0	15.9	NA	NA	NA	NA	NA	NA	NA
ENSDART00000064111	faub	1133	27.5	23.3	7.8	13.8	37.1	53.0	321.64	193.66	-0.731920835466
ENSDART00000147468	bdh1	14	16.9	11.3	5.4	8.0	27.6	37.4	NA	NA	NA
ENSDART00000111325	CU179656.1	4	44.1	52.7	NA	NA	NA	NA	1.56	2.08	0.415037499279
ENSDART00000058735	glt8d1	8	13.0	11.1	NA	NA	NA	NA	NA	NA	NA
ENSDART00000140303	NYNRIN	2	54.5	54.5	NA	NA	NA	NA	NA	NA	NA
ENSDART00000061173	hsdl1	15	45.4	51.3	18.7	25.3	55.0	68.4	NA	NA	NA
ENSDART00000147467	tmem243a	130	17.3	14.0	2.6	7.5	21.8	34.7	NA	NA	NA
ENSDART00000102268	pcsk7	6	20.7	21.1	NA	NA	NA	NA	17.88	20.17	0.17386434743
ENSDART00000080958	zgc:113279	11	18.4	19.4	-3.8	14.6	26.3	33.5	NA	NA	NA
ENSDART00000058737	cdc42l	243	78.3	69.3	8.6	24.9	126.8	164.4	48.9	321.04	2.71484669094
ENSDART00000045901	rps10	564	34.2	32.9	11.5	20.1	44.8	56.0	307.84	77.18	-1.99588175523
ENSDART00000098864	si:ch211-288d18.1	2	47.5	47.5	NA	NA	NA	NA	NA	NA	NA
ENSDART00000064097	ntm	63	25.8	22.4	6.7	11.4	31.6	51.1	NA	NA	NA
ENSDART00000137030	apba1a	27	26.2	23.6	8.6	13.6	36.0	40.1	NA	NA	NA
ENSDART00000123495	cacnb2b	19	17.8	14.0	1.2	7.8	22.8	40.2	NA	NA	NA
ENSDART00000123496	rhobtb2b	8	23.8	21.0	NA	NA	NA	NA	NA	NA	NA
ENSDART00000123497	cry3	337	27.6	22.3	7.0	12.7	38.9	56.7	NA	NA	NA
ENSDART00000099302	ftr72	1	17.7	17.7	NA	NA	NA	NA	NA	NA	NA
ENSDART00000138496	rad54b	201	32.4	25.8	6.8	12.4	48.4	68.2	NA	NA	NA
ENSDART00000078557	polr2gl	71	44.8	30.8	7.0	18.5	55.4	102.7	42.95	500.99	3.54405177035
ENSDART00000121892	smad2	561	40.7	30.0	8.4	16.5	50.9	99.2	NA	NA	NA
ENSDART00000014028	ppm1db	240	19.0	16.8	4.6	9.6	25.4	34.7	NA	NA	NA
ENSDART00000082664	sbf2	45	60.4	55.7	13.9	26.1	90.2	119.2	NA	NA	NA
ENSDART00000014021	slc25a39	593	14.5	12.5	1.8	6.3	20.2	30.2	51.55	3.02	-4.09335197293
ENSDART00000046902	pdcd10a	275	24.1	20.9	6.3	12.1	32.3	44.1	84.16	33.05	-1.3484844329
ENSDART00000030125	znhit3	293	18.2	15.0	4.3	9.8	22.4	34.9	NA	NA	NA
ENSDART00000012493	rap2ip	19	54.8	43.2	14.0	26.6	82.8	111.3	NA	NA	NA
ENSDART00000028617	mpc2	176	28.2	22.1	5.2	10.6	40.4	61.8	NA	NA	NA
ENSDART00000127072	tmem107l	2	20.2	20.2	NA	NA	NA	NA	NA	NA	NA
ENSDART00000056432	zswim8	163	14.1	11.1	1.0	4.7	21.4	31.3	14.51	1.27	-3.51414711729
ENSDART00000074428	fgfrl1b	1	50.4	50.4	NA	NA	NA	NA	NA	NA	NA
ENSDART00000064896	gnat1	3	40.2	25.5	NA	NA	NA	NA	NA	NA	NA
ENSDART00000074422	CDIP1	26	27.8	23.4	6.7	11.9	38.8	59.7	NA	NA	NA
ENSDART00000146468	ccdc132	150	29.5	22.4	6.6	12.4	42.7	65.7	NA	NA	NA
ENSDART00000126205	st6gal1	5	39.4	31.2	NA	NA	NA	NA	NA	NA	NA
ENSDART00000074426	lig3	41	35.4	26.9	8.2	14.3	50.0	62.2	8.18	37.47	2.19556322939
ENSDART00000136234	UBAP2	1108	28.5	23.3	8.9	15.0	37.0	56.2	81.08	13.21	-2.61771562222
ENSDART00000123825	fbxw10	178	29.2	25.6	10.2	15.6	39.1	55.6	NA	NA	NA
ENSDART00000113936	SAMD8	202	23.3	19.3	5.0	11.0	33.2	47.0	NA	NA	NA
ENSDART00000113937	hsd17b3	3	31.1	19.4	NA	NA	NA	NA	NA	NA	NA
ENSDART00000113930	npb	1	27.9	27.9	NA	NA	NA	NA	NA	NA	NA
ENSDART00000123820	tmem135	60	38.9	31.4	11.0	19.4	50.8	74.4	NA	NA	NA
ENSDART00000149600	tpp1	220	35.6	32.7	8.9	15.8	48.1	67.0	14.11	102.81	2.86519070464
ENSDART00000113938	spag9a	18	33.5	20.4	3.1	14.9	50.7	75.8	NA	NA	NA
ENSDART00000100479	slc7a9	7	36.9	31.3	NA	NA	NA	NA	NA	NA	NA
ENSDART00000050457	zgc:65895	5	21.9	20.0	NA	NA	NA	NA	NA	NA	NA
ENSDART00000124369	PHTF1	82	34.2	29.8	10.1	16.3	47.9	67.7	7.85	8.64	0.138338658384
ENSDART00000123266	CABZ01076817.1	1	54.4	54.4	NA	NA	NA	NA	NA	NA	NA
ENSDART00000105103	bcmo1a	152	20.3	19.6	7.2	12.4	27.1	35.8	NA	NA	NA
ENSDART00000038315	nvl	50	29.2	26.1	10.5	19.9	42.2	53.0	46.55	29.96	-0.635743543987
ENSDART00000038310	ormdl3	72	25.0	20.6	4.7	12.9	34.5	48.4	NA	NA	NA
ENSDART00000093021	si:ch1073-219n12.1	54	32.8	29.4	13.2	18.1	40.1	60.8	11.64	6.58	-0.822931569173
ENSDART00000110964	bag6	228	34.7	29.8	11.3	18.1	42.5	65.6	19.42	18.64	-0.0591413407649
ENSDART00000134987	si:ch211-156j16.1	1	44.8	44.8	NA	NA	NA	NA	NA	NA	NA
ENSDART00000034802	APOLD1	13	21.9	19.3	7.5	15.7	31.4	37.7	NA	NA	NA
ENSDART00000138492	irf4b	2	24.7	24.7	NA	NA	NA	NA	NA	NA	NA
ENSDART00000085943	taok3a	205	37.2	31.8	7.1	16.6	49.7	77.0	21.96	37.13	0.75770726085
ENSDART00000102328	pfkfb2a	104	25.4	19.9	6.5	10.9	32.9	58.0	NA	NA	NA
ENSDART00000083848	HYAL1	1	21.0	21.0	NA	NA	NA	NA	NA	NA	NA
ENSDART00000003001	rpl23a	1176	36.2	35.7	13.0	22.6	48.3	58.1	532.08	18.84	-4.81977230598
ENSDART00000020824	pank1b	295	25.2	17.9	4.2	10.3	35.3	53.6	NA	NA	NA
ENSDART00000040434	asah1b	3	27.0	21.4	NA	NA	NA	NA	NA	NA	NA
ENSDART00000129156	adcy7	3	23.0	21.0	NA	NA	NA	NA	NA	NA	NA
ENSDART00000013553	zgc:100868	2	15.4	15.4	NA	NA	NA	NA	NA	NA	NA
ENSDART00000126674	trip4	86	30.4	27.7	6.0	18.3	39.6	58.3	41.63	24.06	-0.790986915964
ENSDART00000066331	svila	527	13.2	11.4	1.5	6.1	17.8	26.4	NA	NA	NA
ENSDART00000129150	CABZ01066957.1	76	13.4	10.4	0.3	4.6	17.0	27.9	NA	NA	NA
ENSDART00000100877	C13H10orf53	3	22.8	24.4	NA	NA	NA	NA	NA	NA	NA
ENSDART00000092264	rev3l	123	28.1	19.2	4.9	9.8	37.6	59.1	12.03	1.46	-3.0425963683
ENSDART00000151847	arid4a	220	24.5	21.1	4.1	10.2	31.6	50.7	125.54	22.85	-2.45788104364
ENSDART00000043802	uspl1	385	38.9	31.3	9.4	18.4	54.1	74.6	28.28	33.59	0.248249675425
ENSDART00000149546	myo15aa	16	31.8	29.4	14.5	20.9	42.8	55.9	NA	NA	NA
ENSDART00000055160	il11a	3	4.8	5.5	NA	NA	NA	NA	NA	NA	NA
ENSDART00000055161	cox6b2	295	16.0	11.5	-0.4	4.8	24.2	36.1	76.86	94.76	0.302045222177
ENSDART00000093248	CABZ01088930.1	4	44.2	25.4	NA	NA	NA	NA	NA	NA	NA
ENSDART00000081386	si:dkey-30c15.12	6	5.8	3.1	NA	NA	NA	NA	NA	NA	NA
ENSDART00000077336	nkrf	211	27.5	23.6	6.3	12.5	36.5	53.0	41.08	29.68	-0.468945089697
ENSDART00000137181	si:dkey-111e8.5	4	26.1	25.6	NA	NA	NA	NA	NA	NA	NA
ENSDART00000093240	zgc:162913	79	35.9	30.5	13.7	20.6	48.9	62.1	NA	NA	NA
ENSDART00000057565	C13H6orf57	119	15.1	13.7	2.1	7.8	21.4	28.8	NA	NA	NA
ENSDART00000043881	zgc:77880	226	40.2	34.7	9.7	17.5	56.1	83.3	NA	NA	NA
ENSDART00000009214	grb2a	83	20.8	17.1	4.8	10.9	26.6	38.4	NA	NA	NA
ENSDART00000009217	ddx11	111	26.4	19.9	5.9	12.8	38.9	54.2	NA	NA	NA
ENSDART00000040538	add3a	141	36.5	28.0	8.2	15.2	49.1	74.0	12.96	45.35	1.80703683253
ENSDART00000054690	st3gal5	61	47.0	48.7	10.8	23.8	71.4	79.0	57.14	70.39	0.300869449759
ENSDART00000143765	gorab	278	26.2	24.4	5.4	13.2	35.5	49.4	58.05	51.23	-0.180307175298
ENSDART00000045015	gnb4b	39	49.8	36.7	4.8	26.4	63.7	83.9	NA	NA	NA
ENSDART00000040534	rgs12a	4	107.1	116.7	NA	NA	NA	NA	NA	NA	NA
ENSDART00000139852	foxq1b	38	19.5	18.6	6.7	10.5	24.6	32.4	NA	NA	NA
ENSDART00000066590	rdh12l	38	26.1	25.9	8.7	16.8	33.1	42.6	NA	NA	NA
ENSDART00000109493	TSHZ2	28	38.3	35.2	12.4	19.2	49.3	58.2	NA	NA	NA
ENSDART00000109494	C12H10orf2	92	13.4	12.0	1.5	5.1	19.6	26.5	18.24	0.65	-4.81052220114
ENSDART00000134576	GSG2	387	24.0	19.7	5.5	11.5	30.7	45.7	61.84	28.81	-1.10197065876
ENSDART00000139855	g3bp1	1772	45.7	38.2	9.0	18.3	67.7	96.6	153.53	653.03	2.08862868228
ENSDART00000057458	CABZ01088149.1	3	4.1	5.0	NA	NA	NA	NA	NA	NA	NA
ENSDART00000057459	trim35-24	18	26.0	20.3	11.0	16.5	31.7	39.0	NA	NA	NA
ENSDART00000013082	st8sia2	61	29.5	20.6	8.3	10.5	40.6	57.2	NA	NA	NA
ENSDART00000130407	snrpd3l	338	91.1	92.6	33.6	59.2	119.4	146.6	133.67	560.01	2.06677687641
ENSDART00000013085	dcn	1	22.9	22.9	NA	NA	NA	NA	NA	NA	NA
ENSDART00000138186	trpv4	58	49.5	36.4	5.7	21.8	71.7	106.8	NA	NA	NA
ENSDART00000076066	lin37	294	23.8	23.6	4.8	11.1	33.8	44.3	152.22	40.91	-1.8956324829
ENSDART00000138182	araf	7	49.0	49.5	NA	NA	NA	NA	NA	NA	NA
ENSDART00000079042	copb1	367	26.5	20.5	6.3	11.8	36.0	55.3	32.99	63.7	0.949264594579
ENSDART00000005217	alas1	685	19.8	16.7	4.6	10.2	24.3	38.6	90.56	25.32	-1.8385965534
ENSDART00000114524	nop56	548	43.4	38.4	13.6	23.2	56.8	77.7	306.73	178.01	-0.785010988377
ENSDART00000090494	golga3	139	28.7	24.0	6.7	16.6	37.3	53.3	16.03	13.69	-0.227651978897
ENSDART00000110719	foxred2	4	81.8	95.4	NA	NA	NA	NA	NA	NA	NA
ENSDART00000123879	CABZ01115179.1	1	33.8	33.8	NA	NA	NA	NA	NA	NA	NA
ENSDART00000132123	thsd7ba	2	16.5	16.5	NA	NA	NA	NA	NA	NA	NA
ENSDART00000112183	CABZ01060331.1	274	28.9	26.1	6.3	12.7	40.4	55.5	22.05	34.23	0.634482636565
ENSDART00000023293	kcnk5b	24	26.4	21.5	2.1	6.3	32.5	69.4	NA	NA	NA
ENSDART00000077191	arl2	157	18.9	15.6	6.1	10.5	23.2	31.5	NA	NA	NA
ENSDART00000137980	med19b	112	30.2	23.5	7.5	13.8	39.0	61.9	NA	NA	NA
ENSDART00000148011	cby1	28	33.3	24.2	12.4	17.2	43.6	61.4	NA	NA	NA
ENSDART00000101474	rbm38	219	51.3	45.4	14.3	26.9	74.1	96.4	NA	NA	NA
ENSDART00000021666	rtca	14	23.4	16.3	1.5	6.3	38.5	52.8	29.84	95.15	1.67295612091
ENSDART00000021664	cldnb	1	4.6	4.6	NA	NA	NA	NA	NA	NA	NA
ENSDART00000101479	ddx43	95	53.6	48.7	14.8	24.9	79.7	97.1	36.62	63.29	0.789345776605
ENSDART00000045488	ck2a2b	336	19.2	16.8	3.7	11.0	26.5	35.2	52.73	11.47	-2.20075860536
ENSDART00000043316	katna1	382	25.1	21.1	6.9	12.3	33.6	49.3	NA	NA	NA
ENSDART00000058459	rspo1	7	30.5	29.5	NA	NA	NA	NA	NA	NA	NA
ENSDART00000109672	mical2b	33	15.4	16.3	0.5	6.8	19.4	31.2	NA	NA	NA
ENSDART00000109673	tirap	2	9.2	9.2	NA	NA	NA	NA	NA	NA	NA
ENSDART00000058457	ST7	296	17.7	14.8	3.2	9.2	22.0	34.2	26.94	2.77	-3.28179196941
ENSDART00000109678	USP38	91	42.2	36.6	9.8	16.6	57.8	90.0	15.43	64.74	2.06891930364
ENSDART00000085942	CU915738.1	108	80.8	86.8	15.7	33.1	122.7	146.2	NA	NA	NA
ENSDART00000105322	C17H10orf137	135	33.5	28.9	9.7	17.8	45.0	62.0	22.89	29.55	0.368440667509
ENSDART00000130665	ttll3	6	46.2	35.5	NA	NA	NA	NA	NA	NA	NA
ENSDART00000054078	rpa2	96	14.5	11.9	3.5	7.4	18.3	25.6	63.92	81.15	0.344323686507
ENSDART00000135299	tmem11	335	39.1	33.6	8.5	17.9	55.1	77.0	94.99	78.37	-0.277474145797
ENSDART00000132916	SCFD2	33	42.1	39.2	7.9	22.2	60.8	74.3	NA	NA	NA
ENSDART00000142418	sgms1	132	24.5	20.1	6.1	11.6	34.9	46.0	NA	NA	NA
ENSDART00000100788	commd1	14	34.3	30.5	8.8	20.5	44.9	63.2	NA	NA	NA
ENSDART00000035693	ppp4r2a	131	62.1	58.9	11.9	31.2	91.3	112.8	29.83	375.3	3.65320840744
ENSDART00000097566	itpkcb	70	60.2	41.5	9.2	18.9	102.1	134.4	NA	NA	NA
ENSDART00000092047	ppwd1	26	28.1	27.2	7.7	17.8	39.1	51.4	7.78	6.15	-0.33918374476
ENSDART00000089916	edaradd	3	9.4	10.0	NA	NA	NA	NA	NA	NA	NA
ENSDART00000110715	cmbl	12	19.7	17.0	3.0	12.0	27.4	34.1	NA	NA	NA
ENSDART00000142141	grin2aa	1	34.9	34.9	NA	NA	NA	NA	NA	NA	NA
ENSDART00000142147	dnal4b	38	87.3	82.1	23.4	62.1	119.5	145.6	NA	NA	NA
ENSDART00000023747	thrap3b	224	29.3	22.4	6.0	11.7	38.9	59.7	47.93	46.03	-0.0583544973951
ENSDART00000112453	pikfyve	49	24.3	18.7	6.0	9.6	29.5	50.9	NA	NA	NA
ENSDART00000150991	uqcrb	570	18.1	16.2	3.9	9.0	24.2	35.6	117.39	13.4	-3.13100461028
ENSDART00000077850	galnt12	68	26.5	21.4	7.2	14.1	37.2	50.0	NA	NA	NA
ENSDART00000039204	trim25l	2	3.4	3.4	NA	NA	NA	NA	NA	NA	NA
ENSDART00000125326	si:ch211-107o23.1	53	42.2	37.5	16.2	23.9	59.6	73.9	NA	NA	NA
ENSDART00000111837	raver2	2	64.2	64.2	NA	NA	NA	NA	NA	NA	NA
ENSDART00000144813	march8	43	39.9	26.6	5.3	17.2	57.6	91.1	NA	NA	NA
ENSDART00000144812	tubgcp5	119	36.8	31.7	7.0	17.3	52.6	67.8	NA	NA	NA
ENSDART00000101000	zgc:172049	132	35.7	29.9	10.3	17.2	50.3	67.7	NA	NA	NA
ENSDART00000080762	CU928061.2	3	118.6	157.9	NA	NA	NA	NA	50.26	100.01	0.99266168596
ENSDART00000006439	ext1a	27	40.8	25.6	11.6	14.6	59.4	92.0	NA	NA	NA
ENSDART00000021299	nmd3	345	23.2	21.4	6.8	11.4	29.4	44.5	33.35	18.63	-0.84005908713
ENSDART00000021298	asb3	272	25.6	22.6	8.9	13.9	36.7	44.7	46.45	19.76	-1.23309564969
ENSDART00000006436	pink1	127	25.2	17.5	3.8	9.4	30.3	53.5	NA	NA	NA
ENSDART00000111198	CCDC88A	28	38.0	32.0	13.7	20.5	50.1	67.4	8.29	0.83	-3.32018886015
ENSDART00000091533	clk2a	81	12.8	11.2	0.2	4.8	17.1	26.8	NA	NA	NA
ENSDART00000091532	NDNF	8	16.9	11.3	NA	NA	NA	NA	NA	NA	NA
ENSDART00000091241	si:ch73-22o12.1	22	31.5	30.0	7.8	11.0	51.1	65.4	NA	NA	NA
ENSDART00000028022	cyth4b	1	0.6	0.6	NA	NA	NA	NA	NA	NA	NA
ENSDART00000111193	CNTNAP5	7	52.1	46.2	NA	NA	NA	NA	NA	NA	NA
ENSDART00000111836	pan2	140	36.2	32.5	8.2	14.1	52.0	76.8	12.23	19.0	0.635575014691
ENSDART00000091249	CU928061.1	4	27.5	20.6	NA	NA	NA	NA	NA	NA	NA
ENSDART00000017709	ccdc82	296	26.9	24.6	6.1	14.0	35.1	52.9	102.53	87.89	-0.222275168141
ENSDART00000133405	ripply1	1	17.8	17.8	NA	NA	NA	NA	NA	NA	NA
ENSDART00000062525	acbd3	144	43.3	37.5	10.5	18.9	60.2	81.0	57.49	155.26	1.43330325681
ENSDART00000062520	aqp11	1	29.9	29.9	NA	NA	NA	NA	NA	NA	NA
ENSDART00000132808	nanp	8	24.3	23.4	NA	NA	NA	NA	NA	NA	NA
ENSDART00000127675	LURAP1	1	40.1	40.1	NA	NA	NA	NA	NA	NA	NA
ENSDART00000060304	dhrs13a.3	13	26.4	24.2	11.2	14.3	39.7	41.2	NA	NA	NA
ENSDART00000053756	CABZ01076234.1	1	33.8	33.8	NA	NA	NA	NA	NA	NA	NA
ENSDART00000046689	tmed3	36	22.5	18.0	7.5	10.1	27.3	41.3	NA	NA	NA
ENSDART00000131134	FOXO6	2	11.5	11.5	NA	NA	NA	NA	NA	NA	NA
ENSDART00000131137	arhgef16	74	32.6	23.2	2.8	12.9	49.2	71.2	18.7	11.49	-0.702659472129
ENSDART00000112956	slc9a6b	36	19.3	15.5	2.5	9.7	21.9	28.8	NA	NA	NA
ENSDART00000064403	nptnb	2	9.3	9.3	NA	NA	NA	NA	NA	NA	NA
ENSDART00000131132	scfd2	33	42.1	39.2	7.9	22.2	60.8	74.3	NA	NA	NA
ENSDART00000049829	BX571679.1	3	15.7	17.0	NA	NA	NA	NA	NA	NA	NA
ENSDART00000148743	hhat	14	38.0	22.2	12.8	15.9	27.1	56.7	NA	NA	NA
ENSDART00000024615	RNPEPL1	97	44.9	39.0	8.8	21.0	64.4	88.1	NA	NA	NA
ENSDART00000042376	snapc1a	67	28.9	28.6	8.9	13.1	39.5	50.4	NA	NA	NA
ENSDART00000102788	epha7	1	13.1	13.1	NA	NA	NA	NA	NA	NA	NA
ENSDART00000139323	znrd1	522	18.1	14.7	3.9	8.6	24.2	38.9	172.9	19.72	-3.13220641215
ENSDART00000004664	tram1	326	41.6	35.6	11.5	22.3	57.6	78.7	62.27	246.19	1.98316297781
ENSDART00000139329	cry-dash	167	38.9	36.0	10.2	18.8	56.7	76.9	NA	NA	NA
ENSDART00000054909	gss	115	27.8	23.7	5.3	12.1	37.3	57.1	NA	NA	NA
ENSDART00000045754	grtp1b	6	23.1	21.1	NA	NA	NA	NA	NA	NA	NA
ENSDART00000127728	PEBP4	15	10.8	6.4	3.5	5.3	17.6	21.7	NA	NA	NA
ENSDART00000008589	chp2	71	43.0	36.5	10.3	18.3	59.7	95.6	NA	NA	NA
ENSDART00000114442	fndc5b	3	6.5	8.3	NA	NA	NA	NA	NA	NA	NA
ENSDART00000113325	ube2j2	448	18.0	14.5	2.5	7.9	23.8	38.6	29.43	45.41	0.625722494484
ENSDART00000114111	PHF13	22	29.6	27.6	6.7	11.4	42.8	47.4	NA	NA	NA
ENSDART00000114449	si:ch211-89o9.6	38	40.9	39.1	12.0	25.5	52.9	84.7	24.62	24.51	-0.00646027761762
ENSDART00000114448	CHST8	1	36.5	36.5	NA	NA	NA	NA	NA	NA	NA
ENSDART00000121537	AL935272.2	11	37.0	41.6	28.1	30.1	44.3	45.6	NA	NA	NA
ENSDART00000054243	dpf2l	93	70.5	63.4	4.8	13.5	118.7	149.5	12.29	172.16	3.80819316218
ENSDART00000121531	mat2aa	641	66.4	71.4	9.5	24.9	101.9	122.1	31.14	1087.61	5.12624856671
ENSDART00000121533	CABZ01053483.1	1	34.0	34.0	NA	NA	NA	NA	NA	NA	NA
ENSDART00000114118	FIBCD1	6	19.9	18.9	NA	NA	NA	NA	NA	NA	NA
ENSDART00000110351	CABZ01079192.1	9	25.5	27.6	NA	NA	NA	NA	NA	NA	NA
ENSDART00000035031	sgk1	209	29.5	22.5	8.7	14.0	40.0	61.5	NA	NA	NA
ENSDART00000024900	zgc:165453	16	45.7	33.4	10.6	15.4	64.2	89.4	NA	NA	NA
ENSDART00000110356	TTC9	2	41.9	41.9	NA	NA	NA	NA	NA	NA	NA
ENSDART00000110359	vps13a	103	39.3	26.9	9.1	15.6	54.0	82.8	12.4	12.17	-0.0270109525605
ENSDART00000110358	wu:fb11h05	4	10.4	9.0	NA	NA	NA	NA	NA	NA	NA
ENSDART00000127241	EXD1	262	21.0	17.1	4.2	9.9	28.7	40.1	36.8	8.49	-2.11586930739
ENSDART00000149144	chrnb1l	2	10.8	10.8	NA	NA	NA	NA	NA	NA	NA
ENSDART00000144804	mxra7	46	65.5	64.1	14.7	30.0	97.9	120.6	NA	NA	NA
ENSDART00000149149	zfx	257	16.3	13.8	4.5	7.8	21.2	33.1	23.37	1.72	-3.76417726408
ENSDART00000123007	CU929143.1	361	37.8	28.9	10.7	18.7	52.3	73.4	9.62	4.79	-1.00601123803
ENSDART00000123004	CR391977.3	1	19.7	19.7	NA	NA	NA	NA	NA	NA	NA
ENSDART00000123550	PTP4A2	90	43.1	38.1	9.8	23.8	56.0	86.8	111.67	18.59	-2.58664298436
ENSDART00000123001	ergic1	133	28.3	21.8	4.6	10.6	39.9	66.9	NA	NA	NA
ENSDART00000126072	CABZ01100267.1	10	16.0	16.0	-2.6	6.6	24.0	32.3	NA	NA	NA
ENSDART00000016614	dlst	382	32.2	24.8	9.4	15.0	41.9	63.9	49.28	39.66	-0.313317578466
ENSDART00000016616	arl5c	286	22.0	19.6	5.6	11.8	30.4	42.1	39.21	28.75	-0.447659685797
ENSDART00000126079	chtopa	410	43.2	38.8	16.3	26.7	53.4	77.9	308.07	201.53	-0.612263582831
ENSDART00000115249	ABCC10	57	59.5	54.0	18.5	31.3	81.1	110.1	25.98	16.61	-0.645349357486
ENSDART00000123009	si:dkeyp-72e1.9	2	20.3	20.3	NA	NA	NA	NA	NA	NA	NA
ENSDART00000016612	spop	85	15.8	12.5	1.6	5.1	21.3	40.9	NA	NA	NA
ENSDART00000000876	nr4a1	80	44.7	38.7	5.9	19.5	66.0	98.1	NA	NA	NA
ENSDART00000138170	plscr3a	3	32.6	41.5	NA	NA	NA	NA	NA	NA	NA
ENSDART00000150148	slc7a6	111	46.3	39.3	11.9	26.7	60.7	79.0	NA	NA	NA
ENSDART00000150149	tdp1	25	28.4	27.8	11.2	17.2	37.0	49.3	NA	NA	NA
ENSDART00000110167	rpap1	77	42.4	40.3	13.5	27.1	56.4	70.3	NA	NA	NA
ENSDART00000017536	cnot1	97	50.0	34.4	7.4	15.8	72.6	115.0	15.63	56.26	1.84779177432
ENSDART00000110746	blm	423	15.4	13.4	2.6	7.2	20.9	30.6	34.72	4.18	-3.05419210036
ENSDART00000066477	dkk1b	1	26.6	26.6	NA	NA	NA	NA	NA	NA	NA
ENSDART00000038120	CACUL1	116	59.3	52.8	8.8	22.0	91.7	121.2	NA	NA	NA
ENSDART00000038128	mcts1	367	22.8	16.9	4.5	9.3	31.1	51.9	61.23	52.43	-0.223846137238
ENSDART00000098229	psmd7	265	36.0	32.8	5.2	15.1	52.5	72.8	58.07	80.75	0.475669225766
ENSDART00000144672	paxip1	600	36.8	27.5	5.1	12.7	56.1	79.9	45.47	95.51	1.0707367887
ENSDART00000034639	ugt2a4	81	27.6	20.3	3.7	10.2	40.1	58.0	NA	NA	NA
ENSDART00000075299	zgc:153911	29	43.2	42.4	15.1	25.1	53.1	78.1	NA	NA	NA
ENSDART00000075744	aldob	6	43.7	30.5	NA	NA	NA	NA	NA	NA	NA
ENSDART00000130987	rps17	2410	34.9	33.1	12.3	22.0	47.5	58.0	1031.27	47.57	-4.4382262631
ENSDART00000130980	TMEM240	1	17.3	17.3	NA	NA	NA	NA	NA	NA	NA
ENSDART00000075743	eprs	242	45.8	40.0	10.3	22.4	64.3	90.5	30.17	72.88	1.27240826266
ENSDART00000105588	pcdh1b	1	23.8	23.8	NA	NA	NA	NA	NA	NA	NA
ENSDART00000130955	ppp1cb	410	17.4	15.4	3.3	9.3	22.4	32.2	14.49	3.8	-1.93098627123
ENSDART00000012918	psmd9	107	23.7	22.9	7.7	13.2	33.8	42.0	NA	NA	NA
ENSDART00000012919	ift57	129	18.9	15.5	1.2	6.8	25.2	38.8	23.49	5.29	-2.1507070859
ENSDART00000105583	nat9	45	14.1	13.0	1.8	5.7	18.6	24.1	NA	NA	NA
ENSDART00000105580	ap3d1	165	25.5	20.5	4.9	11.1	33.3	50.1	26.65	16.1	-0.727074844645
ENSDART00000132117	rab9b	14	31.3	26.3	13.4	16.6	37.7	56.3	NA	NA	NA
ENSDART00000152899	ddit4	218	52.6	45.7	12.7	24.4	74.4	103.6	114.93	1282.73	3.48039019486
ENSDART00000132115	AEBP1	5	32.3	16.0	NA	NA	NA	NA	NA	NA	NA
ENSDART00000132237	zgc:175136	47	38.4	27.6	10.7	18.7	55.4	79.8	NA	NA	NA
ENSDART00000122756	CR790368.1	7	13.8	9.8	NA	NA	NA	NA	NA	NA	NA
ENSDART00000051198	mis18a	182	16.9	13.9	2.6	6.4	25.1	35.0	NA	NA	NA
ENSDART00000051621	pgam5	264	25.1	19.3	6.3	12.1	31.3	48.5	NA	NA	NA
ENSDART00000032821	cyth1b	9	27.6	19.1	NA	NA	NA	NA	NA	NA	NA
ENSDART00000051623	zgc:113208	28	69.6	70.2	23.3	42.1	93.3	122.7	NA	NA	NA
ENSDART00000122201	CR854948.2	2	23.1	23.1	NA	NA	NA	NA	NA	NA	NA
ENSDART00000122758	CREB3L4	41	32.6	28.7	7.1	14.5	37.2	44.7	NA	NA	NA
ENSDART00000111580	tmem65	11	23.2	13.1	6.3	9.3	29.1	63.9	NA	NA	NA
ENSDART00000123023	si:ch211-251f6.7	100	22.8	16.5	3.8	7.9	31.0	50.1	NA	NA	NA
ENSDART00000050308	calm3a	2	69.4	69.4	NA	NA	NA	NA	NA	NA	NA
ENSDART00000010046	rhpn2	656	16.0	12.2	2.2	6.5	20.7	32.5	35.55	7.5	-2.24488705912
ENSDART00000010512	zgc:92907	90	19.7	16.6	4.2	8.6	25.8	38.2	NA	NA	NA
ENSDART00000040235	zmynd8	8	37.3	35.4	NA	NA	NA	NA	NA	NA	NA
ENSDART00000010040	hspbp1	84	23.3	20.0	9.6	14.7	31.4	41.9	NA	NA	NA
ENSDART00000055139	col9a3	2	27.4	27.4	NA	NA	NA	NA	NA	NA	NA
ENSDART00000122625	elp2	149	35.6	29.2	11.7	19.2	46.5	71.6	NA	NA	NA
ENSDART00000010048	map2k2a	60	38.9	24.6	5.6	13.0	53.2	97.1	NA	NA	NA
ENSDART00000050534	crim1	4	59.3	35.0	NA	NA	NA	NA	NA	NA	NA
ENSDART00000104180	zranb2	79	29.3	24.9	8.9	15.0	39.1	58.7	36.01	60.19	0.741126217211
ENSDART00000088346	MAST3	126	87.1	92.1	24.6	46.3	121.5	148.1	9.85	59.94	2.60532345417
ENSDART00000146410	zgc:195282	12	18.5	13.8	-0.9	8.1	23.3	38.0	NA	NA	NA
ENSDART00000121957	nt5c1a	1	18.8	18.8	NA	NA	NA	NA	NA	NA	NA
ENSDART00000104188	igsf21b	1	22.0	22.0	NA	NA	NA	NA	NA	NA	NA
ENSDART00000059886	ldha	130	22.7	16.9	4.9	9.9	33.8	46.0	NA	NA	NA
ENSDART00000146418	shda	7	24.4	23.3	NA	NA	NA	NA	NA	NA	NA
ENSDART00000027598	tpm3	0	NA	NA	NA	NA	NA	NA	41.83	261.12	2.64210305933
ENSDART00000108691	kcnj14	1	24.9	24.9	NA	NA	NA	NA	NA	NA	NA
ENSDART00000108693	mpzl3	392	22.3	18.8	5.2	11.1	30.4	42.4	NA	NA	NA
ENSDART00000089357	pkn2	100	51.7	45.5	8.6	16.1	82.7	111.2	NA	NA	NA
ENSDART00000152768	syne2a	28	34.6	29.7	11.3	20.7	44.3	60.8	3.95	4.64	0.232272152063
ENSDART00000025997	si:dkey-7l6.7	214	39.7	28.5	5.4	12.5	52.1	89.1	NA	NA	NA
ENSDART00000023105	fign	15	24.9	19.3	6.1	11.2	29.1	54.5	NA	NA	NA
ENSDART00000112217	pask	831	23.5	20.1	5.0	11.0	33.5	46.9	63.2	58.97	-0.0999433642425
ENSDART00000152762	ERBB4	11	37.4	28.1	11.1	17.2	35.6	46.5	NA	NA	NA
ENSDART00000055757	tnpo2	323	48.6	38.0	3.5	16.7	70.6	117.4	34.81	433.77	3.63935655894
ENSDART00000055756	tbc1d12a	18	43.9	37.2	13.2	25.9	57.7	80.2	NA	NA	NA
ENSDART00000132589	mef2d	94	23.7	17.8	4.6	12.0	26.9	42.5	NA	NA	NA
ENSDART00000037670	orc5	61	26.9	22.9	6.7	16.3	37.8	52.1	NA	NA	NA
ENSDART00000130105	psma3	320	23.5	18.3	3.6	10.0	33.4	47.6	124.74	145.59	0.222987101906
ENSDART00000061786	ncs1b	5	19.1	20.4	NA	NA	NA	NA	NA	NA	NA
ENSDART00000101641	prmt6	647	19.4	17.4	5.6	11.1	25.7	36.1	83.16	28.59	-1.54037913823
ENSDART00000137061	klc1a	101	47.2	38.7	5.7	21.6	65.4	99.9	NA	NA	NA
ENSDART00000128847	C13H10orf71	2	31.7	31.7	NA	NA	NA	NA	NA	NA	NA
ENSDART00000081636	chmp1a	273	37.0	27.0	6.9	14.5	48.8	82.8	47.4	103.6	1.12806503879
ENSDART00000132586	nit2	130	18.9	15.3	3.1	9.2	27.2	36.6	NA	NA	NA
ENSDART00000132587	mpg	25	24.6	24.3	8.7	16.7	29.8	37.8	NA	NA	NA
ENSDART00000051998	gata6	6	27.2	27.4	NA	NA	NA	NA	NA	NA	NA
ENSDART00000036674	tnfsf10l3	1	12.2	12.2	NA	NA	NA	NA	NA	NA	NA
ENSDART00000103519	wasla	237	26.9	23.2	8.3	13.5	36.8	51.0	NA	NA	NA
ENSDART00000103513	cpne1	62	53.7	40.5	10.2	21.6	79.7	125.6	NA	NA	NA
ENSDART00000008010	si:dkeyp-67g8.1	1	13.8	13.8	NA	NA	NA	NA	NA	NA	NA
ENSDART00000136406	PRIM2	334	19.4	17.3	7.1	11.6	24.5	33.8	74.7	23.99	-1.63867508538
ENSDART00000102701	CR788231.1	1	4.7	4.7	NA	NA	NA	NA	NA	NA	NA
ENSDART00000130648	SCARB2	14	46.9	32.6	3.9	13.0	64.0	118.7	NA	NA	NA
ENSDART00000008013	sec11a	246	42.6	37.4	11.2	21.2	58.0	77.6	110.89	197.05	0.829432479566
ENSDART00000086001	arl10	9	16.6	14.8	NA	NA	NA	NA	NA	NA	NA
ENSDART00000142313	si:dkeyp-46h3.8	730	17.3	13.8	3.4	7.6	23.4	34.7	NA	NA	NA
ENSDART00000113441	im:7148400	20	30.9	25.1	4.7	14.6	34.9	49.1	18.19	22.68	0.318275097291
ENSDART00000112667	PPP1R12B	1	11.6	11.6	NA	NA	NA	NA	NA	NA	NA
ENSDART00000112665	WDPCP	21	13.6	10.9	6.0	8.6	18.8	21.9	NA	NA	NA
ENSDART00000061435	hsbp1b	192	70.4	56.0	13.8	26.0	106.6	148.5	117.57	265.58	1.17562652715
ENSDART00000098914	yap1	60	63.2	62.0	1.7	23.2	97.2	126.9	10.82	128.3	3.56774876615
ENSDART00000036283	trim35-34	1	5.9	5.9	NA	NA	NA	NA	NA	NA	NA
ENSDART00000083679	ube2c	936	17.3	13.8	3.6	7.9	21.6	35.8	74.8	26.03	-1.52286295837
ENSDART00000078518	nrbp1	131	52.0	43.7	6.8	25.4	74.9	110.1	NA	NA	NA
ENSDART00000098912	znf131	188	33.8	28.3	7.7	17.0	47.1	67.3	91.49	97.49	0.0916401793605
ENSDART00000147670	npepps	255	31.4	23.6	8.0	13.4	40.5	67.5	16.51	43.9	1.41088081951
ENSDART00000098758	setd8b	643	45.9	36.0	10.7	21.0	59.4	99.9	145.29	427.89	1.55830455409
ENSDART00000146241	atp2a2a	146	73.7	75.9	11.9	38.1	106.0	130.4	NA	NA	NA
ENSDART00000074653	grina	221	21.0	18.7	2.9	9.4	29.3	40.0	NA	NA	NA
ENSDART00000066788	epdr1	19	34.8	36.6	7.8	20.0	47.6	53.1	NA	NA	NA
ENSDART00000136912	DOC2A	1	10.6	10.6	NA	NA	NA	NA	NA	NA	NA
ENSDART00000136911	acer1	15	27.4	21.5	-2.8	7.9	41.8	55.1	NA	NA	NA
ENSDART00000136910	armc1l	576	18.8	15.9	3.6	8.7	25.6	37.4	52.45	21.74	-1.27059083244
ENSDART00000145642	si:rp71-1g18.1	203	32.8	26.4	7.2	13.9	44.9	69.2	NA	NA	NA
ENSDART00000066782	gnal	18	43.9	30.3	6.9	17.4	70.8	104.9	NA	NA	NA
ENSDART00000003962	wdr55	46	31.8	31.2	7.2	12.5	40.0	56.7	NA	NA	NA
ENSDART00000005516	abl1	47	49.0	35.7	11.0	17.0	70.0	112.3	9.32	3.16	-1.56040539648
ENSDART00000091156	tacc1	2	5.8	5.8	NA	NA	NA	NA	NA	NA	NA
ENSDART00000027331	mrpl46	235	16.2	13.8	3.1	7.6	22.4	30.5	NA	NA	NA
ENSDART00000020297	brf2	6	27.9	22.6	NA	NA	NA	NA	NA	NA	NA
ENSDART00000124691	smpd5	68	44.2	47.6	12.5	24.5	58.2	75.4	13.92	7.7	-0.854228860266
ENSDART00000067164	irf5	666	13.4	10.8	0.9	5.2	18.4	29.0	NA	NA	NA
ENSDART00000097792	tnikb	98	48.7	30.4	6.3	14.8	81.0	112.6	16.47	94.78	2.52474210591
ENSDART00000059623	plekha8	15	23.0	24.2	7.9	11.5	32.5	40.4	NA	NA	NA
ENSDART00000133023	tmem106a	409	30.1	24.3	6.8	14.0	43.3	61.7	34.68	35.66	0.0402028044032
ENSDART00000111080	bai3	23	31.3	29.0	10.5	17.8	42.6	55.3	NA	NA	NA
ENSDART00000059628	nab1b	8	19.2	21.9	NA	NA	NA	NA	NA	NA	NA
ENSDART00000053106	s1pr2	9	26.3	27.8	NA	NA	NA	NA	NA	NA	NA
ENSDART00000053102	pdxkb	7	50.8	46.0	NA	NA	NA	NA	NA	NA	NA
ENSDART00000127805	pom121	450	34.6	28.8	6.9	15.1	48.7	72.1	27.63	91.89	1.73367230551
ENSDART00000076519	DCTPP1	1430	29.0	24.7	8.6	15.9	37.2	51.7	188.61	327.44	0.795824402943
ENSDART00000043069	march5	165	22.2	17.4	5.2	10.8	27.6	38.7	NA	NA	NA
ENSDART00000044859	znf207a	136	99.9	115.5	24.5	64.2	137.5	153.0	17.33	184.25	3.41032105971
ENSDART00000109807	EMILIN3	1	28.4	28.4	NA	NA	NA	NA	NA	NA	NA
ENSDART00000057590	dmrta2	2	26.0	26.0	NA	NA	NA	NA	NA	NA	NA
ENSDART00000113567	RLIM	176	36.2	28.9	7.8	18.2	50.3	71.7	19.64	145.37	2.8878627363
ENSDART00000058680	psma2	311	17.9	14.4	2.5	8.3	24.8	36.6	67.66	31.48	-1.10386763629
ENSDART00000057599	fuom	22	23.5	22.3	-2.3	12.8	37.8	49.9	NA	NA	NA
ENSDART00000058685	zfpm2a	19	34.7	28.4	3.3	16.9	54.0	69.6	NA	NA	NA
ENSDART00000129526	zgc:56630	92	58.4	47.1	5.2	20.0	96.6	127.6	NA	NA	NA
ENSDART00000036090	pdlim5b	169	17.9	14.2	3.0	7.7	24.7	37.1	22.27	12.58	-0.823969635909
ENSDART00000085387	ECEL1	1	31.6	31.6	NA	NA	NA	NA	NA	NA	NA
ENSDART00000126917	tollip	476	26.1	23.4	7.3	14.5	35.5	49.7	57.67	35.02	-0.719641938624
ENSDART00000124345	vamp4	308	44.8	37.3	5.6	16.7	66.8	97.2	NA	NA	NA
ENSDART00000124346	fn1	107	68.2	64.9	15.5	39.1	95.8	129.0	4.47	37.16	3.0554037652
ENSDART00000042895	cdh17	1	103.1	103.1	NA	NA	NA	NA	NA	NA	NA
ENSDART00000138661	tspan11	5	21.7	8.9	NA	NA	NA	NA	NA	NA	NA
ENSDART00000040753	nudt1	39	40.5	37.3	14.0	27.4	52.4	60.9	NA	NA	NA
ENSDART00000081426	odf2	5	43.7	57.9	NA	NA	NA	NA	NA	NA	NA
ENSDART00000105344	TBC1D2	1	49.2	49.2	NA	NA	NA	NA	NA	NA	NA
ENSDART00000079385	HNRNPUL2	41	37.3	34.7	6.7	19.1	58.4	68.3	NA	NA	NA
ENSDART00000105346	anxa6	87	16.1	14.8	3.8	9.7	22.6	28.2	NA	NA	NA
ENSDART00000124201	bcl2l1	302	27.2	21.7	7.1	12.3	36.8	57.7	NA	NA	NA
ENSDART00000110100	hint3	23	22.9	21.2	7.0	9.5	33.5	42.2	NA	NA	NA
ENSDART00000124205	CU856359.2	3	81.2	85.6	NA	NA	NA	NA	NA	NA	NA
ENSDART00000058160	ss18l2	51	24.4	20.7	9.7	15.2	34.3	46.7	NA	NA	NA
ENSDART00000112754	CCNJL	221	69.2	66.5	17.3	37.6	96.9	118.8	19.71	202.43	3.36042343089
ENSDART00000008077	spint1b	236	40.3	36.0	7.7	16.7	56.0	77.3	28.64	134.18	2.22806625109
ENSDART00000145907	gc3	4	83.0	82.3	NA	NA	NA	NA	NA	NA	NA
ENSDART00000099776	tspan13a	129	29.1	26.0	8.2	14.4	42.6	54.7	NA	NA	NA
ENSDART00000145330	apoc1l	5	14.5	20.3	NA	NA	NA	NA	NA	NA	NA
ENSDART00000007842	isoc2	2	8.2	8.2	NA	NA	NA	NA	NA	NA	NA
ENSDART00000145332	adcy6b	8	25.4	17.5	NA	NA	NA	NA	NA	NA	NA
ENSDART00000087604	inpp5f	278	25.2	19.6	3.9	10.8	34.6	54.7	NA	NA	NA
ENSDART00000113131	INTU	112	21.7	16.1	4.2	9.8	26.6	38.9	NA	NA	NA
ENSDART00000113132	gnpat	62	60.7	61.9	11.2	32.5	79.7	108.8	NA	NA	NA
ENSDART00000002764	polb	289	21.6	18.7	3.4	10.2	30.4	42.7	77.74	33.32	-1.22226870697
ENSDART00000055604	si:dkeyp-94b4.1	1	34.0	34.0	NA	NA	NA	NA	NA	NA	NA
ENSDART00000055993	pdgfab	1	0.0	0.0	NA	NA	NA	NA	NA	NA	NA
ENSDART00000138351	cth	22	38.7	32.5	7.1	18.3	48.0	92.4	NA	NA	NA
ENSDART00000105273	polr3a	163	20.6	15.4	4.2	9.5	25.7	47.2	9.9	8.39	-0.238757714527
ENSDART00000140811	snx12	7	41.9	37.6	NA	NA	NA	NA	NA	NA	NA
ENSDART00000038942	adnp2b	361	31.8	27.6	6.5	13.6	42.9	64.4	30.24	106.16	1.81171023115
ENSDART00000007119	mfsd6l	68	26.2	24.1	5.0	13.0	36.5	47.1	NA	NA	NA
ENSDART00000103253	bmp8a	2	18.9	18.9	NA	NA	NA	NA	NA	NA	NA
ENSDART00000038495	ctnnb1	238	98.8	103.3	16.0	48.0	143.9	161.0	24.64	576.23	4.54757061168
ENSDART00000027459	GRK6	41	63.2	47.0	8.5	32.0	102.8	127.4	NA	NA	NA
ENSDART00000005355	C17H14orf166	213	21.4	18.6	3.0	9.8	31.2	41.8	41.69	18.31	-1.18706958101
ENSDART00000122358	tank	74	40.6	34.1	6.9	14.0	61.1	88.5	NA	NA	NA
ENSDART00000128927	cep97	176	49.1	49.1	17.4	31.7	65.3	78.4	51.54	73.51	0.51224798444
ENSDART00000128694	si:dkey-77p23.3	4	17.8	18.6	NA	NA	NA	NA	NA	NA	NA
ENSDART00000103257	alg2	98	25.1	18.8	7.1	12.4	33.9	48.9	NA	NA	NA
ENSDART00000128928	CABZ01074298.1	5	52.4	55.3	NA	NA	NA	NA	NA	NA	NA
ENSDART00000063008	mfng	1	41.0	41.0	NA	NA	NA	NA	NA	NA	NA
ENSDART00000067072	nfybb	28	32.9	24.3	7.2	13.7	43.3	67.8	NA	NA	NA
ENSDART00000063005	gpr173	1	31.3	31.3	NA	NA	NA	NA	NA	NA	NA
ENSDART00000135330	uhrf1bp1l	46	31.9	23.6	4.8	11.5	44.6	68.3	NA	NA	NA
ENSDART00000019936	prkacab	12	45.0	25.8	5.9	17.1	63.7	112.1	NA	NA	NA
ENSDART00000028906	pigk	17	24.2	20.6	-0.7	7.1	42.2	45.3	NA	NA	NA
ENSDART00000035046	fbxl3b	30	33.5	21.4	5.8	12.7	48.0	75.7	NA	NA	NA
ENSDART00000019939	bin2b	285	24.2	21.8	8.0	13.8	31.1	42.1	NA	NA	NA
ENSDART00000092613	grin2bb	2	58.1	58.1	NA	NA	NA	NA	NA	NA	NA
ENSDART00000137665	frs2b	74	63.8	54.8	22.9	34.7	76.7	123.1	15.95	47.06	1.56094489657
ENSDART00000122351	cyp2ad3	2	29.6	29.6	NA	NA	NA	NA	NA	NA	NA
ENSDART00000124042	smyd5	129	20.5	17.2	4.3	9.3	27.4	43.1	25.12	38.45	0.614147133958
ENSDART00000130129	CT573389.2	434	39.3	30.1	8.2	17.1	52.9	86.7	NA	NA	NA
ENSDART00000051515	zgc:110329	249	34.9	27.0	8.0	15.6	47.5	73.3	NA	NA	NA
ENSDART00000042766	adh8b	32	34.1	26.9	4.3	12.7	44.4	76.9	15.96	10.06	-0.665830346417
ENSDART00000035737	slc11a2	237	23.5	18.4	6.4	11.0	29.3	45.7	NA	NA	NA
ENSDART00000141142	mvp	125	25.0	20.0	8.1	13.1	30.4	52.3	20.07	10.27	-0.966604435044
ENSDART00000090329	rnf115	223	15.8	12.5	2.8	7.0	21.7	31.4	NA	NA	NA
ENSDART00000128070	gnai2a	285	23.3	19.3	2.9	10.1	31.9	50.7	44.85	40.81	-0.136185274549
ENSDART00000074833	rx3	1	20.6	20.6	NA	NA	NA	NA	NA	NA	NA
ENSDART00000098622	lrch4	1	24.7	24.7	NA	NA	NA	NA	NA	NA	NA
ENSDART00000085931	acap2	49	63.8	54.5	18.3	30.3	91.1	124.3	8.63	72.02	3.06096513501
ENSDART00000104437	si:ch211-262h13.5	6	18.4	22.3	NA	NA	NA	NA	NA	NA	NA
ENSDART00000045679	gro2	59	51.8	29.3	5.8	15.4	82.4	114.9	25.68	149.24	2.53891715769
ENSDART00000088573	si:ch211-194e15.5	12	42.1	38.6	26.0	34.2	50.5	63.1	NA	NA	NA
ENSDART00000126230	zgc:113411	52	18.5	14.8	4.6	9.0	27.0	33.8	NA	NA	NA
ENSDART00000145808	C2H14orf164	2	12.1	12.1	NA	NA	NA	NA	NA	NA	NA
ENSDART00000111763	six6a	4	2.0	2.4	NA	NA	NA	NA	NA	NA	NA
ENSDART00000111762	usp10	106	60.8	48.8	10.4	21.8	102.5	121.4	37.6	184.6	2.29559798597
ENSDART00000085855	DNAJC16	201	21.9	15.8	4.8	9.9	28.7	42.2	NA	NA	NA
ENSDART00000067696	hoxc12b	1	17.9	17.9	NA	NA	NA	NA	NA	NA	NA
ENSDART00000148314	ddx31	98	25.5	21.7	8.4	13.5	30.4	44.0	16.19	14.8	-0.129505809786
ENSDART00000148317	pcbp3	6	19.8	13.4	NA	NA	NA	NA	NA	NA	NA
ENSDART00000034011	fmo5	189	12.7	9.9	0.0	3.8	16.9	28.0	NA	NA	NA
ENSDART00000098627	pros1	308	66.6	66.7	24.0	42.8	89.1	109.4	21.74	78.64	1.85491138131
ENSDART00000114301	si:ch211-152p11.4	55	29.0	27.6	8.9	17.6	36.0	48.5	NA	NA	NA
ENSDART00000152951	cdc42ep4b	65	45.3	36.5	4.9	17.4	77.2	97.7	NA	NA	NA
ENSDART00000081359	zgc:110425	3	20.9	16.6	NA	NA	NA	NA	NA	NA	NA
ENSDART00000124978	DPYD	10	24.3	15.7	-2.3	4.0	36.9	52.1	NA	NA	NA
ENSDART00000023823	CASS4	2	23.0	23.0	NA	NA	NA	NA	NA	NA	NA
ENSDART00000124974	LRRC47	4	30.2	26.5	NA	NA	NA	NA	NA	NA	NA
ENSDART00000124971	BX088562.1	2	117.5	117.5	NA	NA	NA	NA	NA	NA	NA
ENSDART00000064335	st6galnac1.2	148	35.8	32.1	10.8	21.9	44.2	65.5	NA	NA	NA
ENSDART00000046094	arl6	67	29.7	24.6	8.1	15.2	40.8	55.0	NA	NA	NA
ENSDART00000055432	rbx1	756	35.5	32.1	11.0	19.7	47.6	62.7	220.4	172.04	-0.357380187514
ENSDART00000064523	etfa	49	11.4	10.6	2.2	6.3	16.7	21.5	NA	NA	NA
ENSDART00000060205	tufm	532	18.0	14.7	2.6	7.9	24.8	36.6	50.5	12.7	-1.99145489087
ENSDART00000140519	zgc:153284	116	11.3	9.4	0.9	5.6	14.4	21.9	NA	NA	NA
ENSDART00000060203	rtn1b	5	34.6	25.5	NA	NA	NA	NA	NA	NA	NA
ENSDART00000080510	ndufb4	345	21.3	18.0	6.8	11.9	29.2	39.1	74.39	25.98	-1.51770726689
ENSDART00000141361	glipr2	38	30.9	22.7	8.2	13.3	41.7	64.2	NA	NA	NA
ENSDART00000019698	anxa5b	189	31.2	26.0	7.1	13.8	41.9	66.2	25.48	72.08	1.50023373356
ENSDART00000019699	mettl3	10	50.5	60.7	-1.0	15.9	84.1	98.6	28.48	102.51	1.84774360218
ENSDART00000078163	tmem115	206	28.6	19.0	3.7	10.9	41.7	70.7	54.04	42.3	-0.353370011318
ENSDART00000021083	calm2b	70	93.0	108.2	13.4	52.1	135.2	158.3	63.53	950.26	3.90281237802
ENSDART00000104757	casp8	68	53.5	45.4	11.5	31.5	72.3	102.2	NA	NA	NA
ENSDART00000078167	dffa	25	34.7	34.4	19.0	22.4	43.6	56.4	NA	NA	NA
ENSDART00000104751	mxi1	328	35.0	26.3	7.6	14.9	47.5	79.9	NA	NA	NA
ENSDART00000044784	RBM25	12	49.2	49.2	21.3	25.2	64.1	79.1	NA	NA	NA
ENSDART00000112656	NFATC2	5	30.0	23.9	NA	NA	NA	NA	NA	NA	NA
ENSDART00000104616	lepr	3	5.2	4.8	NA	NA	NA	NA	NA	NA	NA
ENSDART00000016916	gria4b	1	21.6	21.6	NA	NA	NA	NA	NA	NA	NA
ENSDART00000108997	ADAD2	70	13.1	11.1	3.1	7.9	18.9	24.5	NA	NA	NA
ENSDART00000148175	LONRF2	5	18.5	11.9	NA	NA	NA	NA	NA	NA	NA
ENSDART00000037119	slc46a1	26	52.2	43.0	9.5	31.8	75.0	92.4	NA	NA	NA
ENSDART00000148179	fam221a	2	24.8	24.8	NA	NA	NA	NA	NA	NA	NA
ENSDART00000061156	raph1	94	29.6	22.8	9.4	14.7	40.4	59.1	NA	NA	NA
ENSDART00000023540	BX004980.1	4	36.6	30.3	NA	NA	NA	NA	NA	NA	NA
ENSDART00000108588	inpp5ja	2	21.7	21.7	NA	NA	NA	NA	NA	NA	NA
ENSDART00000015938	larp1	165	60.8	61.2	9.0	20.4	94.0	118.5	58.24	140.0	1.26534456652
ENSDART00000125936	naga	94	33.7	26.6	7.4	16.1	43.3	72.8	NA	NA	NA
ENSDART00000122564	TRMT10A	156	28.5	24.8	8.5	14.7	41.8	51.8	NA	NA	NA
ENSDART00000015932	TCEB3C	603	25.1	19.1	5.4	10.5	34.4	55.9	55.6	43.63	-0.349764409234
ENSDART00000127583	pank1a	120	35.2	25.4	7.8	16.3	44.0	72.9	NA	NA	NA
ENSDART00000127580	CPEB4	295	25.7	22.4	6.0	13.8	34.9	50.9	NA	NA	NA
ENSDART00000127581	trim23	152	34.9	29.2	8.4	16.6	46.3	67.9	18.93	62.99	1.73444840018
ENSDART00000018519	zgc:153896	31	16.0	14.1	-1.1	7.4	25.2	29.8	NA	NA	NA
ENSDART00000029695	pnp4a	5	38.7	0.2	NA	NA	NA	NA	NA	NA	NA
ENSDART00000018512	pofut1	56	33.3	28.5	7.0	15.5	48.8	66.5	15.61	100.78	2.69066691899
ENSDART00000099327	rab8b	14	17.3	15.0	0.8	5.8	22.8	27.6	NA	NA	NA
ENSDART00000099320	dhrs13a.1	1	5.5	5.5	NA	NA	NA	NA	NA	NA	NA
ENSDART00000018515	dohh	277	22.8	20.9	7.9	13.2	30.0	39.1	80.33	10.5	-2.93554954862
ENSDART00000054710	polr1d	281	26.2	23.8	9.3	15.7	35.4	45.3	112.24	68.11	-0.720648376781
ENSDART00000126220	BX324132.5	2	7.2	7.2	NA	NA	NA	NA	NA	NA	NA
ENSDART00000091835	gtf3c5	237	13.0	10.9	1.0	5.5	18.6	27.2	31.33	1.68	-4.22101163159
ENSDART00000017755	ubxn6	106	23.6	22.1	7.3	11.6	30.7	45.1	NA	NA	NA
ENSDART00000008053	mcm3ap	73	98.4	98.4	23.6	62.2	130.0	168.4	14.05	122.42	3.1231972377
ENSDART00000011052	eif3d	368	22.3	17.5	4.5	9.6	30.6	46.8	59.39	21.18	-1.4875174433
ENSDART00000062917	cx35.4	4	57.3	52.0	NA	NA	NA	NA	NA	NA	NA
ENSDART00000078576	coq10b	173	33.9	26.5	4.0	13.7	46.2	72.9	36.55	183.74	2.32972242251
ENSDART00000105820	mbtps2	55	30.2	18.8	6.2	10.7	45.3	67.8	NA	NA	NA
ENSDART00000150232	fyna	45	38.0	26.0	5.2	13.8	55.8	93.0	NA	NA	NA
ENSDART00000144948	ponzr1	155	23.5	20.8	7.1	14.0	30.4	40.5	NA	NA	NA
ENSDART00000030141	pdcd4a	25	50.7	45.3	3.8	18.8	84.7	99.3	8.62	106.2	3.6229520866
ENSDART00000019206	ngly1	108	45.2	39.6	10.1	19.5	68.6	85.1	13.26	60.29	2.18483795393
ENSDART00000122696	hnrnpub	312	61.3	51.7	8.2	23.7	90.9	126.5	172.89	804.8	2.21877587959
ENSDART00000084327	btaf1	603	21.8	18.3	4.4	10.3	29.8	43.0	56.33	48.95	-0.202594611748
ENSDART00000122693	NDUFC2	221	49.4	44.8	15.2	26.9	67.3	87.4	137.5	175.05	0.348335443129
ENSDART00000083605	tbc1d25	67	32.6	21.7	8.3	13.1	45.2	66.6	NA	NA	NA
ENSDART00000051291	hexa	23	20.8	15.1	2.1	8.4	28.8	35.3	NA	NA	NA
ENSDART00000131705	lamp1	787	32.0	25.0	6.4	12.8	44.6	68.7	NA	NA	NA
ENSDART00000127050	nrxn3b	3	27.2	18.2	NA	NA	NA	NA	NA	NA	NA
ENSDART00000127053	kdm5c	168	30.1	25.6	5.5	14.4	42.2	60.0	33.13	33.62	0.0211815211552
ENSDART00000127055	CABZ01057951.1	67	15.7	16.1	3.2	10.1	21.4	26.3	64.89	12.97	-2.32281768643
ENSDART00000127059	CABZ01080590.2	11	16.6	14.8	5.1	12.7	19.0	23.4	NA	NA	NA
ENSDART00000131937	orai2	20	17.6	12.1	-2.9	6.5	28.9	34.2	NA	NA	NA
ENSDART00000074400	tia1	269	94.8	96.7	30.3	60.7	126.1	151.0	61.09	645.65	3.40174416165
ENSDART00000136213	bzw2	79	75.9	74.5	38.1	49.6	100.5	116.2	12.49	31.69	1.34325418277
ENSDART00000149354	sar1b	232	39.8	27.7	5.0	11.8	52.2	103.3	57.98	203.79	1.81345602151
ENSDART00000116357	prnprs3	14	31.9	25.3	8.5	15.1	41.6	68.7	NA	NA	NA
ENSDART00000033369	axin1	188	48.2	40.8	9.1	23.9	67.7	97.1	44.38	46.15	0.0564209803361
ENSDART00000106100	zgc:171490	36	32.0	31.2	7.9	14.2	47.0	67.7	NA	NA	NA
ENSDART00000113956	SYDE2	16	46.3	23.3	7.9	12.0	66.9	125.0	NA	NA	NA
ENSDART00000036797	uchl1	2528	20.6	18.1	5.5	11.0	27.2	39.2	309.39	105.99	-1.54549841217
ENSDART00000111567	sgpl1	360	23.6	18.2	5.3	9.9	34.3	48.4	NA	NA	NA
ENSDART00000113483	trim71	172	62.6	59.7	12.8	30.7	94.4	116.3	24.83	17.17	-0.532194222175
ENSDART00000146752	lrrc9	8	15.5	10.9	NA	NA	NA	NA	NA	NA	NA
ENSDART00000146202	aktip	458	74.9	72.5	20.0	42.7	105.7	133.8	56.62	305.57	2.43211925624
ENSDART00000111566	tmem184c	20	45.4	47.8	9.5	23.6	66.0	79.1	NA	NA	NA
ENSDART00000082445	prr11	1681	22.2	19.2	4.8	10.9	29.2	43.6	160.13	33.7	-2.24842312237
ENSDART00000085327	SHANK1	1	22.3	22.3	NA	NA	NA	NA	NA	NA	NA
ENSDART00000050478	mpped2	113	25.0	18.7	6.2	10.0	31.2	60.3	NA	NA	NA
ENSDART00000146758	fam105bb	206	35.2	32.4	9.9	18.1	48.4	62.9	67.67	17.91	-1.91775105122
ENSDART00000026963	pmpcb	49	28.0	27.6	6.9	13.5	41.5	51.7	12.2	10.95	-0.155950277962
ENSDART00000111880	PDE2A	2	-3.4	-3.4	NA	NA	NA	NA	NA	NA	NA
ENSDART00000130582	foxn2b	89	39.6	35.4	7.5	15.7	55.6	79.6	NA	NA	NA
ENSDART00000109831	CD93	1	-3.7	-3.7	NA	NA	NA	NA	NA	NA	NA
ENSDART00000061334	ift172	56	25.9	20.1	5.6	11.8	37.2	49.5	6.31	4.41	-0.516861349425
ENSDART00000002974	pitpnab	2	13.6	13.6	NA	NA	NA	NA	NA	NA	NA
ENSDART00000087111	itsn2b	63	61.8	57.8	18.7	29.8	86.5	114.0	46.62	32.68	-0.512541020983
ENSDART00000109836	acd	240	15.2	12.9	3.4	6.7	21.1	31.1	NA	NA	NA
ENSDART00000093003	SYT7	3	24.9	19.8	NA	NA	NA	NA	NA	NA	NA
ENSDART00000023470	pgrmc2	323	63.2	48.4	10.7	22.2	96.7	142.0	57.97	393.15	2.76170146366
ENSDART00000010189	igf1ra	11	42.6	48.6	-2.6	20.3	56.9	76.9	NA	NA	NA
ENSDART00000087445	tsen34	14	38.0	38.0	13.6	17.5	55.2	58.3	NA	NA	NA
ENSDART00000093005	DGKI	2	41.7	41.7	NA	NA	NA	NA	NA	NA	NA
ENSDART00000093004	map4k3b	10	30.2	26.8	2.2	10.9	47.3	61.5	NA	NA	NA
ENSDART00000145137	zgc:194007	2	25.3	25.3	NA	NA	NA	NA	NA	NA	NA
ENSDART00000093009	dgkza	96	27.5	21.5	1.9	10.0	39.2	56.2	NA	NA	NA
ENSDART00000102348	CEP250	1	58.6	58.6	NA	NA	NA	NA	26.68	2.79	-3.25742163936
ENSDART00000047624	tmem165	51	31.8	27.3	6.2	11.3	46.0	59.7	NA	NA	NA
ENSDART00000005829	gde1	50	48.0	50.3	9.6	30.8	64.7	74.3	NA	NA	NA
ENSDART00000111568	polr2k	175	19.7	18.1	3.9	10.9	28.6	35.5	NA	NA	NA
ENSDART00000066645	eif1axa	440	26.1	20.5	6.2	10.9	36.0	54.3	172.53	208.27	0.271607799523
ENSDART00000013575	bzw1a	814	94.1	102.0	27.3	71.8	121.4	139.7	273.02	1323.5	2.2772796505
ENSDART00000124169	si:ch211-207j7.2	16	21.3	17.2	8.2	13.1	32.2	38.0	NA	NA	NA
ENSDART00000055148	zgc:101663	288	29.6	26.2	6.2	14.2	39.0	56.2	NA	NA	NA
ENSDART00000059208	fam214a	194	15.8	13.4	2.3	6.5	23.3	34.1	9.13	1.84	-2.31090909393
ENSDART00000113780	FOXD4L1	1	-15.7	-15.7	NA	NA	NA	NA	NA	NA	NA
ENSDART00000112670	usp12a	136	16.4	13.1	2.5	7.0	22.5	37.8	NA	NA	NA
ENSDART00000032893	otud6b	124	22.8	18.2	4.2	8.1	34.1	48.2	13.29	5.23	-1.34545825303
ENSDART00000015755	rasl11b	1	0.1	0.1	NA	NA	NA	NA	NA	NA	NA
ENSDART00000040557	CRIP2	11	21.7	18.7	10.6	16.1	26.8	32.5	NA	NA	NA
ENSDART00000009234	rbm14a	104	47.9	37.8	6.0	16.0	76.4	103.1	7.41	100.87	3.76687980993
ENSDART00000032899	clpxa	81	61.0	57.7	11.8	29.4	90.0	110.1	NA	NA	NA
ENSDART00000139835	nme4	26	31.1	28.0	8.6	13.0	42.4	58.2	NA	NA	NA
ENSDART00000009092	fam208ab	137	34.7	29.1	7.1	13.5	49.2	70.2	36.67	22.33	-0.715617014889
ENSDART00000134516	btf3	398	35.2	31.8	6.7	16.6	50.5	65.7	114.36	85.9	-0.412852488605
ENSDART00000021644	taldo1	289	23.9	17.0	4.5	9.3	31.4	55.3	45.01	56.21	0.320581250189
ENSDART00000083241	slc29a4	3	64.4	78.5	NA	NA	NA	NA	NA	NA	NA
ENSDART00000057439	parla	20	30.1	27.3	8.6	18.5	41.3	56.7	NA	NA	NA
ENSDART00000045311	syngr2b	1	50.7	50.7	NA	NA	NA	NA	NA	NA	NA
ENSDART00000109477	socs9	38	14.8	14.3	0.3	8.0	21.5	33.1	NA	NA	NA
ENSDART00000138475	sorbs2a	2	27.9	27.9	NA	NA	NA	NA	NA	NA	NA
ENSDART00000127239	AL935200.4	1	89.6	89.6	NA	NA	NA	NA	NA	NA	NA
ENSDART00000048869	mrgbp	305	40.9	34.8	9.5	22.4	55.3	78.5	92.01	66.21	-0.474741536987
ENSDART00000130467	chp1	90	22.7	16.9	2.8	10.8	30.7	44.0	NA	NA	NA
ENSDART00000051614	tchp	79	28.0	24.5	6.4	15.1	36.9	52.8	25.72	10.5	-1.29250131477
ENSDART00000066759	mtrr	17	80.1	84.3	31.2	51.7	98.3	135.8	NA	NA	NA
ENSDART00000027957	hmgcl	303	21.7	17.7	4.9	10.5	28.2	43.4	NA	NA	NA
ENSDART00000039880	AL929434.1	38	26.9	24.3	5.9	13.3	42.4	47.6	NA	NA	NA
ENSDART00000005720	stat1a	40	54.1	54.4	17.8	29.3	73.9	92.4	NA	NA	NA
ENSDART00000048866	ipmkb	229	33.9	25.7	4.6	14.8	49.5	76.4	49.28	52.33	0.0866360029198
ENSDART00000151865	NLRC5	4	54.6	20.2	NA	NA	NA	NA	NA	NA	NA
ENSDART00000135070	ELOVL4	2	25.1	25.1	NA	NA	NA	NA	NA	NA	NA
ENSDART00000103524	myclb	323	21.7	18.6	5.1	10.4	28.7	42.5	NA	NA	NA
ENSDART00000024031	dnm2a	1	49.7	49.7	NA	NA	NA	NA	NA	NA	NA
ENSDART00000092209	BAZ1A	427	24.2	19.1	5.2	10.9	32.0	49.2	54.5	36.52	-0.577569464567
ENSDART00000141964	CABZ01028770.2	2	52.2	52.2	NA	NA	NA	NA	NA	NA	NA
ENSDART00000143745	trmt2b	38	22.8	22.4	7.2	12.5	28.7	38.0	NA	NA	NA
ENSDART00000037279	plekhj1	167	18.6	15.5	5.0	9.3	21.9	34.1	NA	NA	NA
ENSDART00000125347	cry2b	203	31.5	27.8	7.3	13.0	44.8	66.6	NA	NA	NA
ENSDART00000099528	spry4	3	-0.3	4.6	NA	NA	NA	NA	NA	NA	NA
ENSDART00000110789	ESYT2	26	26.9	24.4	5.0	12.8	36.4	52.3	NA	NA	NA
ENSDART00000032540	usp14	300	15.9	13.7	3.5	7.7	22.7	33.3	79.73	20.06	-1.99080106315
ENSDART00000109615	TMEM255A	1	23.7	23.7	NA	NA	NA	NA	NA	NA	NA
ENSDART00000019476	eif5	364	51.6	45.9	13.3	25.2	72.9	98.6	110.05	36.51	-1.59179557134
ENSDART00000125349	BAD	24	16.4	16.0	-0.4	8.9	22.9	34.9	NA	NA	NA
ENSDART00000151730	ptpn23b	100	30.3	28.4	6.2	15.5	42.0	47.6	NA	NA	NA
ENSDART00000028592	pdcd6ip	280	41.1	33.6	8.4	18.2	58.5	84.2	NA	NA	NA
ENSDART00000130682	MED8	290	26.2	23.5	8.4	13.8	33.1	45.4	108.2	36.44	-1.57010563491
ENSDART00000130685	TIAM2	22	21.6	15.9	6.3	9.1	29.9	35.8	NA	NA	NA
ENSDART00000007972	DLGAP4	4	28.0	26.5	NA	NA	NA	NA	NA	NA	NA
ENSDART00000076004	tmem62	32	35.6	21.4	5.5	11.6	41.1	98.6	NA	NA	NA
ENSDART00000005237	lppr2a	6	20.9	22.7	NA	NA	NA	NA	NA	NA	NA
ENSDART00000079716	C1H4orf27	904	49.9	44.6	9.7	21.2	73.9	101.1	93.04	313.29	1.75157571869
ENSDART00000076000	cpdb	8	17.9	17.2	NA	NA	NA	NA	NA	NA	NA
ENSDART00000142124	nol9	351	29.7	23.7	6.9	13.6	42.8	62.1	25.18	32.63	0.373920704373
ENSDART00000097580	pigl	35	56.7	54.2	14.4	29.2	79.3	103.9	NA	NA	NA
ENSDART00000145606	lyrm1	28	14.3	11.0	2.2	7.1	19.8	27.0	NA	NA	NA
ENSDART00000142123	ap5m1	130	23.5	20.5	6.4	12.6	33.0	43.9	NA	NA	NA
ENSDART00000076009	hadhab	185	34.8	30.7	7.6	14.0	53.5	71.6	57.5	33.32	-0.787173555354
ENSDART00000086746	nars	328	18.7	15.6	4.4	8.8	24.8	36.2	36.17	19.4	-0.898736945581
ENSDART00000086211	pcgf5b	49	19.3	15.3	2.6	10.0	27.0	37.9	NA	NA	NA
ENSDART00000089934	adam23a	3	72.6	39.4	NA	NA	NA	NA	NA	NA	NA
ENSDART00000148907	mcph1	178	19.1	16.6	3.4	8.3	25.6	38.9	NA	NA	NA
ENSDART00000099265	ddx46	45	70.2	69.8	17.5	29.3	98.7	146.2	34.66	107.39	1.63151609831
ENSDART00000130027	BX005085.3	14	14.4	11.4	2.0	7.5	19.3	28.5	NA	NA	NA
ENSDART00000152184	ZNF507	50	25.5	20.9	5.7	11.4	30.7	49.7	NA	NA	NA
ENSDART00000101067	zgc:171570	43	24.8	23.2	12.6	15.7	31.5	45.5	NA	NA	NA
ENSDART00000131339	capns1a	179	88.9	90.5	39.7	67.7	111.7	132.5	41.77	288.73	2.78918196753
ENSDART00000144870	asap1a	6	17.5	10.8	NA	NA	NA	NA	NA	NA	NA
ENSDART00000144879	mtif3	3	30.7	26.5	NA	NA	NA	NA	NA	NA	NA
ENSDART00000136455	si:dkeyp-2e4.2	100	30.6	26.4	12.3	18.9	39.3	59.8	NA	NA	NA
ENSDART00000067448	acat1	567	27.0	22.8	6.8	12.7	36.8	52.2	NA	NA	NA
ENSDART00000028048	necap1	176	16.5	13.7	2.9	7.2	23.9	32.6	NA	NA	NA
ENSDART00000003170	mid1ip1l	3519	22.1	17.8	5.0	10.2	29.4	44.8	539.49	520.09	-0.0528349192637
ENSDART00000091513	prkar1b	103	29.2	25.1	8.8	12.9	38.3	49.8	15.5	15.07	-0.0405887985638
ENSDART00000091512	cmip	66	33.2	23.5	7.4	13.2	44.9	72.4	NA	NA	NA
ENSDART00000090611	sh3gl2	74	24.5	20.8	4.1	9.3	33.1	47.3	NA	NA	NA
ENSDART00000067190	tspan9b	1	-13.9	-13.9	NA	NA	NA	NA	NA	NA	NA
ENSDART00000138304	si:dkey-85k15.4	44	17.0	14.7	3.3	8.3	22.5	30.7	NA	NA	NA
ENSDART00000138305	r3hdml	1	10.3	10.3	NA	NA	NA	NA	NA	NA	NA
ENSDART00000132829	inadl	75	39.2	33.5	4.1	14.3	53.9	85.7	14.3	37.44	1.38856528792
ENSDART00000054237	ptges3a	239	27.3	19.1	5.0	11.5	30.6	63.0	NA	NA	NA
ENSDART00000114689	pus10	53	21.6	20.6	5.9	9.2	28.6	37.4	16.21	8.71	-0.896139466919
ENSDART00000132820	bend3	5	35.2	37.2	NA	NA	NA	NA	NA	NA	NA
ENSDART00000062010	CCDC88C	169	25.9	16.7	4.7	10.1	31.3	52.7	NA	NA	NA
ENSDART00000024695	dazap2	184	39.3	24.0	3.7	11.5	57.0	111.2	NA	NA	NA
ENSDART00000127616	slc35f3a	7	29.9	29.2	NA	NA	NA	NA	NA	NA	NA
ENSDART00000127617	fabp10b	1	-0.1	-0.1	NA	NA	NA	NA	NA	NA	NA
ENSDART00000046663	CR847998.1	14	19.2	19.4	5.7	9.1	24.9	32.6	NA	NA	NA
ENSDART00000130423	cbx3a	880	60.2	54.6	11.7	28.7	88.7	114.1	220.05	1392.16	2.66142175183
ENSDART00000127610	dnajc12	5	14.4	13.6	NA	NA	NA	NA	NA	NA	NA
ENSDART00000100351	MAP4K2	10	57.3	56.5	24.8	33.4	75.2	85.6	NA	NA	NA
ENSDART00000149782	CHST6	31	43.1	39.0	11.1	28.4	50.9	77.6	NA	NA	NA
ENSDART00000149787	col4a3bpa	159	21.1	17.4	3.7	9.8	29.4	44.9	11.0	43.2	1.97352778864
ENSDART00000131157	CABZ01005649.2	12	51.2	26.3	16.0	21.8	77.0	113.9	NA	NA	NA
ENSDART00000131154	CU929415.1	1	52.7	52.7	NA	NA	NA	NA	NA	NA	NA
ENSDART00000132992	sox18	3	44.9	20.4	NA	NA	NA	NA	NA	NA	NA
ENSDART00000042311	fut10	4	29.0	25.5	NA	NA	NA	NA	NA	NA	NA
ENSDART00000060946	SGSM1	2	16.6	16.6	NA	NA	NA	NA	NA	NA	NA
ENSDART00000054967	rangrf	114	18.3	14.8	1.9	8.2	25.9	37.6	NA	NA	NA
ENSDART00000003390	sb:cb54	44	34.4	30.0	13.6	22.5	45.6	56.5	NA	NA	NA
ENSDART00000125969	ube2ka	167	21.7	16.5	2.6	8.5	27.8	50.5	NA	NA	NA
ENSDART00000123574	CABZ01044943.1	70	46.6	39.4	14.0	23.9	66.8	86.6	22.29	38.03	0.770741322371
ENSDART00000112328	HAP1	17	23.3	23.0	4.4	14.0	27.8	47.1	NA	NA	NA
ENSDART00000145477	zgc:158409	321	34.4	27.4	8.4	15.0	48.0	69.7	68.62	76.0	0.147370292661
ENSDART00000079064	tango2	223	29.4	25.2	9.3	15.1	41.4	53.5	NA	NA	NA
ENSDART00000020270	osr1	1	13.8	13.8	NA	NA	NA	NA	NA	NA	NA
ENSDART00000114464	tpst1	20	101.6	98.4	34.4	66.1	144.3	168.2	NA	NA	NA
ENSDART00000038574	trappc5	267	17.9	14.3	3.8	8.3	21.0	35.0	NA	NA	NA
ENSDART00000098698	sec22bb	1	-2.3	-2.3	NA	NA	NA	NA	NA	NA	NA
ENSDART00000150023	SLC16A1	48	30.8	17.9	7.2	11.7	35.6	89.0	NA	NA	NA
ENSDART00000098692	eps15	87	17.6	14.1	2.3	6.9	26.3	34.8	11.71	15.15	0.371576717859
ENSDART00000098691	rnf11b	188	17.3	14.1	2.5	8.4	23.2	35.4	NA	NA	NA
ENSDART00000114987	SUSD3	43	15.7	12.7	2.6	6.5	21.7	31.1	NA	NA	NA
ENSDART00000152178	zgc:174890	143	25.5	20.2	7.2	12.5	32.5	50.4	NA	NA	NA
ENSDART00000017188	ncl	820	30.6	22.8	5.9	12.4	41.8	66.6	540.93	840.56	0.635908892492
ENSDART00000150024	acyp1	6	27.1	30.8	NA	NA	NA	NA	NA	NA	NA
ENSDART00000008133	CR318593.1	2	15.9	15.9	NA	NA	NA	NA	NA	NA	NA
ENSDART00000110943	ift88	39	20.9	18.1	5.2	11.5	28.9	35.5	NA	NA	NA
ENSDART00000124748	b2ml	20	53.9	47.7	-0.1	14.1	91.1	115.4	NA	NA	NA
ENSDART00000127266	CABZ01088149.2	113	21.3	19.0	7.3	12.0	27.0	37.5	NA	NA	NA
ENSDART00000090174	dock9b	25	58.2	62.1	16.6	35.8	80.1	90.8	NA	NA	NA
ENSDART00000149169	ssr2	1647	20.9	18.2	3.9	9.8	29.1	41.2	328.7	265.79	-0.306484630291
ENSDART00000127261	apaf1	107	15.7	13.6	3.0	7.9	21.9	29.6	9.52	2.85	-1.73999965426
ENSDART00000141771	gnptg	247	35.0	31.3	8.8	17.5	51.2	66.3	54.76	27.46	-0.995790821111
ENSDART00000029313	cdkal1	176	57.4	46.5	5.6	14.5	88.9	118.9	24.81	63.8	1.36263468876
ENSDART00000017553	serinc1	24	75.9	62.9	14.9	38.4	114.7	137.1	8.78	136.08	3.95409029613
ENSDART00000022526	gtpbp3	64	49.9	37.5	18.0	23.8	62.5	90.5	22.82	9.98	-1.19318707095
ENSDART00000109785	CABIN1	25	30.1	23.3	6.9	11.1	37.4	57.1	5.02	25.76	2.35937332416
ENSDART00000123577	FAM177A1	3	17.2	10.8	NA	NA	NA	NA	NA	NA	NA
ENSDART00000115224	pvrl1a	1	92.1	92.1	NA	NA	NA	NA	NA	NA	NA
ENSDART00000126053	cry4	94	23.3	13.7	4.6	7.2	24.2	40.6	NA	NA	NA
ENSDART00000126052	map3k1	139	69.6	61.4	7.0	25.0	108.4	143.4	14.99	67.42	2.16917624404
ENSDART00000043946	ccdc65	2	54.0	54.0	NA	NA	NA	NA	NA	NA	NA
ENSDART00000063761	BX682552.2	25	23.3	23.5	3.3	11.5	33.2	46.3	NA	NA	NA
ENSDART00000016057	ctnnal1	85	44.1	41.3	8.8	20.6	63.5	85.8	NA	NA	NA
ENSDART00000148789	wfs1b	43	31.9	23.3	7.6	11.0	42.1	69.4	NA	NA	NA
ENSDART00000148788	per2	110	27.3	24.6	6.8	12.8	38.7	49.9	NA	NA	NA
ENSDART00000148787	s100a1	310	23.5	19.2	2.0	10.0	31.8	55.4	764.69	597.09	-0.356926600988
ENSDART00000148780	mtmr1a	4	35.6	33.7	NA	NA	NA	NA	NA	NA	NA
ENSDART00000140179	si:dkeyp-4c7.3	33	19.9	18.5	1.4	4.8	25.0	44.8	NA	NA	NA
ENSDART00000052061	cnn2	3	142.8	145.5	NA	NA	NA	NA	NA	NA	NA
ENSDART00000077496	hp1bp3	100	33.7	19.9	3.9	10.8	40.1	78.9	18.9	98.65	2.3839328165
ENSDART00000146795	lzts2a	2	36.8	36.8	NA	NA	NA	NA	NA	NA	NA
ENSDART00000131488	MAP4K4	131	43.7	26.7	4.0	10.6	73.9	108.5	15.62	25.19	0.689456668592
ENSDART00000105613	C22H1orf53	120	32.0	27.2	10.0	13.5	46.7	59.8	NA	NA	NA
ENSDART00000100222	cry2a	386	41.2	33.1	7.9	16.9	58.2	89.0	12.52	72.95	2.54267341587
ENSDART00000037601	rpp30	136	26.9	26.5	6.4	14.4	38.4	46.5	45.99	37.53	-0.293275907493
ENSDART00000121991	aspscr1	211	23.7	19.5	5.7	10.3	30.2	46.2	47.16	10.22	-2.20616852204
ENSDART00000100226	ctdsp1	208	16.0	14.3	2.1	6.6	23.1	32.2	NA	NA	NA
ENSDART00000098209	sirt1	316	22.5	18.1	5.6	10.3	30.0	45.6	26.28	13.83	-0.926164119172
ENSDART00000122601	pgam1b	340	18.7	16.3	5.6	11.0	24.3	31.5	NA	NA	NA
ENSDART00000012241	kif23	241	30.0	25.2	3.9	10.6	45.6	63.2	105.57	487.86	2.20826728056
ENSDART00000012938	phgdh	538	18.3	15.4	4.9	9.2	23.6	34.9	72.99	18.94	-1.94626249019
ENSDART00000041549	zc3h10	20	44.4	21.8	8.3	14.0	49.0	64.4	8.98	5.0	-0.844787350079
ENSDART00000038149	fntb	308	40.9	29.1	9.6	17.3	54.1	92.1	35.26	80.65	1.19364205872
ENSDART00000055006	tlr2	1	4.6	4.6	NA	NA	NA	NA	NA	NA	NA
ENSDART00000110767	nav3	15	30.1	29.8	1.1	16.1	46.5	60.0	NA	NA	NA
ENSDART00000144699	pter	22	25.7	13.0	5.4	8.0	22.6	73.2	NA	NA	NA
ENSDART00000121755	CU463790.1	3	22.4	17.6	NA	NA	NA	NA	NA	NA	NA
ENSDART00000031153	ccdc174	259	32.5	29.9	9.6	18.2	42.0	56.9	108.65	22.54	-2.2691287539
ENSDART00000015232	cyp2k22	1	23.4	23.4	NA	NA	NA	NA	NA	NA	NA
ENSDART00000040033	nup107	152	48.1	43.4	10.3	23.5	62.2	88.7	36.17	64.3	0.83002513956
ENSDART00000015230	gchfr	23	23.9	25.5	6.8	10.6	30.3	41.0	NA	NA	NA
ENSDART00000034652	TMEM254	54	66.6	61.2	16.1	22.7	97.0	124.4	NA	NA	NA
ENSDART00000101937	pgm2l1	60	34.0	30.4	9.0	14.9	50.9	72.5	NA	NA	NA
ENSDART00000060417	cetn4	200	32.7	24.1	8.6	14.0	42.8	69.9	67.17	68.7	0.0324930701317
ENSDART00000113639	zgc:174931	2	18.1	18.1	NA	NA	NA	NA	NA	NA	NA
ENSDART00000144696	pdxdc1	212	49.8	45.3	14.4	26.1	68.2	89.1	18.72	120.35	2.68458380178
ENSDART00000016635	bccip	79	14.3	13.2	4.5	7.2	19.6	26.5	25.83	11.74	-1.13761523501
ENSDART00000133882	rock2a	89	20.5	15.3	1.2	6.7	30.9	44.3	37.54	16.13	-1.21868221168
ENSDART00000135540	nrip1a	31	34.1	27.5	10.1	17.5	45.0	68.2	4.08	5.87	0.524791351139
ENSDART00000020497	snx13	147	47.5	31.1	7.6	18.5	59.0	123.0	NA	NA	NA
ENSDART00000133888	CABZ01079009.1	1	31.4	31.4	NA	NA	NA	NA	NA	NA	NA
ENSDART00000109235	BICD2	5	23.7	22.7	NA	NA	NA	NA	NA	NA	NA
ENSDART00000047201	atp2a2b	152	42.7	32.2	7.0	14.4	69.1	95.1	44.52	208.15	2.22509806069
ENSDART00000041146	nrbp2	229	39.0	31.2	8.0	16.8	52.2	81.2	NA	NA	NA
ENSDART00000064546	si:ch211-241j12.3	315	12.4	10.5	-0.3	5.2	16.7	27.0	70.66	3.96	-4.15732141381
ENSDART00000019050	rps6kb1a	5	52.7	11.7	NA	NA	NA	NA	NA	NA	NA
ENSDART00000065590	map1lc3c	3380	23.5	20.0	6.6	12.4	30.7	44.8	904.88	517.69	-0.805638032397
ENSDART00000137416	si:ch211-269e2.1	6	40.6	39.4	NA	NA	NA	NA	NA	NA	NA
ENSDART00000137411	dpf1	11	28.5	27.6	0.2	7.3	43.9	71.0	NA	NA	NA
ENSDART00000048391	braf	56	20.0	14.3	1.7	5.6	26.7	40.0	NA	NA	NA
ENSDART00000019059	lmx1a	227	16.9	16.1	3.5	9.0	23.2	31.8	NA	NA	NA
ENSDART00000130973	pomgnt1	105	45.7	40.7	13.3	22.4	58.6	86.9	28.72	36.4	0.341882701263
ENSDART00000112232	TBC1D13	126	22.7	17.6	3.7	9.6	27.9	49.2	14.57	7.13	-1.03102689562
ENSDART00000126780	rnaset2	113	36.9	31.7	7.2	13.0	43.6	65.7	NA	NA	NA
ENSDART00000122228	prr14	432	23.6	19.9	6.2	11.6	31.5	46.2	NA	NA	NA
ENSDART00000112944	TRIM65	1	58.9	58.9	NA	NA	NA	NA	NA	NA	NA
ENSDART00000148081	cratb	126	28.0	22.7	7.8	14.1	39.7	52.2	19.57	33.24	0.764276626144
ENSDART00000152748	tom1l2	130	45.8	32.8	4.2	14.1	67.2	107.5	NA	NA	NA
ENSDART00000122222	suclg2	19	50.3	38.0	7.4	19.5	82.0	105.3	NA	NA	NA
ENSDART00000122223	ITGA2	11	31.0	23.7	14.9	18.8	50.3	50.7	NA	NA	NA
ENSDART00000134685	zgc:113691	95	34.0	33.2	14.0	20.1	45.4	53.9	NA	NA	NA
ENSDART00000134684	FDXACB1	95	47.6	43.5	13.0	28.4	68.0	82.9	NA	NA	NA
ENSDART00000051607	ISCU	400	25.0	20.0	6.3	11.8	35.9	51.9	40.35	46.94	0.218249168358
ENSDART00000126785	pds5a	285	49.0	42.2	8.7	19.8	71.1	104.2	47.61	197.2	2.05032301771
ENSDART00000134682	slc31a2	45	53.8	53.0	12.2	34.7	69.3	88.1	NA	NA	NA
ENSDART00000004286	anxa3a	1	61.3	61.3	NA	NA	NA	NA	NA	NA	NA
ENSDART00000149363	stk25a	11	21.0	22.6	10.2	13.9	27.4	31.0	NA	NA	NA
ENSDART00000124335	SMIM4	121	17.9	12.8	3.5	8.1	21.7	35.9	NA	NA	NA
ENSDART00000085135	tbl1x	212	30.8	23.1	8.2	13.6	39.4	60.0	19.85	40.73	1.03695280697
ENSDART00000085136	im:6903943	24	10.5	9.6	-1.7	3.3	15.8	26.0	NA	NA	NA
ENSDART00000103755	fn1b	1	32.8	32.8	NA	NA	NA	NA	NA	NA	NA
ENSDART00000146924	trmt1l	92	48.0	47.2	14.5	25.2	65.9	84.9	8.43	45.05	2.41792256976
ENSDART00000073441	SNTB2	29	22.1	21.9	3.2	11.7	28.3	42.7	NA	NA	NA
ENSDART00000151293	znrf2a	74	21.0	18.8	4.9	10.7	29.8	39.9	NA	NA	NA
ENSDART00000089339	dph7	127	22.3	19.8	6.3	12.5	30.4	41.4	NA	NA	NA
ENSDART00000062278	ndufa12	209	19.6	15.2	4.7	9.3	24.5	36.8	NA	NA	NA
ENSDART00000123166	zgc:152891	8	29.6	20.6	NA	NA	NA	NA	NA	NA	NA
ENSDART00000151299	scn8ab	3	11.7	11.1	NA	NA	NA	NA	NA	NA	NA
ENSDART00000041787	trim35-28	184	45.0	41.1	12.1	22.0	61.0	89.9	22.39	59.21	1.40298632557
ENSDART00000014183	colgalt2	7	38.2	30.6	NA	NA	NA	NA	NA	NA	NA
ENSDART00000014182	ern1	13	46.7	31.9	9.1	17.6	36.7	132.6	NA	NA	NA
ENSDART00000147343	dnase2	167	36.6	31.7	5.7	15.1	55.5	75.2	NA	NA	NA
ENSDART00000081652	rfesd	2	21.9	21.9	NA	NA	NA	NA	NA	NA	NA
ENSDART00000073440	DNAJA4	8	20.1	19.0	NA	NA	NA	NA	NA	NA	NA
ENSDART00000101661	C10H11orf30	271	30.4	24.9	7.3	16.4	40.5	59.2	13.91	14.19	0.0287521695183
ENSDART00000110781	NFATC4	28	22.7	21.9	7.1	9.7	36.6	43.2	NA	NA	NA
ENSDART00000101667	MAP4K3	188	58.4	52.0	10.0	21.2	84.2	123.2	NA	NA	NA
ENSDART00000045292	spred2b	6	18.2	11.9	NA	NA	NA	NA	NA	NA	NA
ENSDART00000102484	fam49bb	95	28.1	23.5	7.6	13.5	38.0	46.3	NA	NA	NA
ENSDART00000012212	commd2	180	17.9	14.5	4.8	8.4	22.2	33.1	19.72	5.27	-1.90378468474
ENSDART00000102482	eny2	557	68.2	67.7	22.3	43.8	91.7	110.4	139.76	418.31	1.58162097368
ENSDART00000102483	rgs4	1	14.4	14.4	NA	NA	NA	NA	NA	NA	NA
ENSDART00000018895	srrt	147	84.7	74.5	11.9	20.9	139.9	170.1	81.32	292.36	1.84606381839
ENSDART00000078295	spock3	2	15.9	15.9	NA	NA	NA	NA	NA	NA	NA
ENSDART00000132405	lef1	43	69.6	60.2	11.0	29.0	107.5	128.5	NA	NA	NA
ENSDART00000066816	CT573322.1	1	16.5	16.5	NA	NA	NA	NA	NA	NA	NA
ENSDART00000103570	BRPF3	18	26.0	25.5	9.9	18.1	31.0	43.0	NA	NA	NA
ENSDART00000133225	SPP2	4	13.2	14.2	NA	NA	NA	NA	NA	NA	NA
ENSDART00000138948	ccs	11	25.9	23.6	2.9	7.8	38.3	64.6	NA	NA	NA
ENSDART00000111414	alkbh6	15	15.0	16.9	4.6	7.3	18.6	24.6	NA	NA	NA
ENSDART00000111417	meaf6	179	66.0	63.8	21.3	43.1	94.1	109.3	NA	NA	NA
ENSDART00000054175	smad5	321	102.9	109.5	35.0	75.3	133.3	157.4	24.65	487.49	4.3057130731
ENSDART00000099911	zgc:136605	1	69.6	69.6	NA	NA	NA	NA	NA	NA	NA
ENSDART00000025885	pcbp2	520	50.3	43.5	8.1	20.5	77.4	102.6	85.53	504.52	2.56040901615
ENSDART00000089747	nfs1	670	29.2	23.9	7.4	13.6	38.0	60.8	NA	NA	NA
ENSDART00000142334	hnrnpl2	533	120.4	127.1	55.2	92.1	152.8	174.8	18.91	528.36	4.80429998171
ENSDART00000086021	foxred1	2	37.4	37.4	NA	NA	NA	NA	NA	NA	NA
ENSDART00000077278	zgc:66475	273	64.3	57.8	12.8	28.6	93.4	126.4	16.52	127.07	2.94333787231
ENSDART00000098976	wu:fb17g07	8	26.4	19.9	NA	NA	NA	NA	NA	NA	NA
ENSDART00000109304	C23H20orf24	712	24.3	19.9	4.4	11.0	33.4	50.7	97.12	62.66	-0.632223651885
ENSDART00000077908	appb	4	46.0	27.3	NA	NA	NA	NA	NA	NA	NA
ENSDART00000105146	edn1	1	5.7	5.7	NA	NA	NA	NA	NA	NA	NA
ENSDART00000109305	tbc1d12b	12	45.2	35.7	19.7	30.4	59.0	74.5	NA	NA	NA
ENSDART00000057605	adka	69	45.6	36.6	12.6	19.8	55.5	99.3	NA	NA	NA
ENSDART00000057601	snrpb2	599	58.4	53.1	18.9	30.9	80.5	106.7	386.75	657.93	0.766532805926
ENSDART00000018091	mroh1	37	63.7	56.6	16.4	27.2	86.3	127.6	5.94	20.36	1.77720272527
ENSDART00000058111	grin3b	23	48.3	51.6	16.1	35.2	60.9	69.8	NA	NA	NA
ENSDART00000074895	irx3a	7	31.2	28.0	NA	NA	NA	NA	NA	NA	NA
ENSDART00000018095	SH3GLB1	256	30.0	26.7	6.1	14.8	40.6	56.4	33.5	57.06	0.768318651349
ENSDART00000003947	flot2a	5	41.8	32.4	NA	NA	NA	NA	NA	NA	NA
ENSDART00000133168	atxn2l	557	27.4	23.8	8.4	14.5	37.7	52.5	107.52	139.52	0.375866901998
ENSDART00000027316	cnot3b	134	27.7	22.1	6.4	11.9	38.0	58.5	39.87	45.23	0.181976390634
ENSDART00000074256	ppp1r12c	144	35.0	19.0	3.0	10.2	45.7	94.7	NA	NA	NA
ENSDART00000143240	inpp5e	27	22.6	16.3	8.2	10.8	32.8	48.0	NA	NA	NA
ENSDART00000027313	ndufv2	122	14.3	10.5	0.7	5.0	20.3	31.0	NA	NA	NA
ENSDART00000074703	zgc:113098	26	32.4	19.5	10.7	14.0	27.2	38.5	NA	NA	NA
ENSDART00000133165	jam2a	199	48.6	49.0	17.9	29.2	62.6	82.9	NA	NA	NA
ENSDART00000128341	AKAP12	1	29.8	29.8	NA	NA	NA	NA	NA	NA	NA
ENSDART00000124366	DNAJC11	1	62.8	62.8	NA	NA	NA	NA	NA	NA	NA
ENSDART00000062229	p2rx7	44	23.6	24.5	5.5	14.3	29.6	41.8	NA	NA	NA
ENSDART00000005373	spo11	19	65.1	59.6	11.6	29.0	108.9	119.6	NA	NA	NA
ENSDART00000062220	gstt1a	25	28.1	22.5	8.1	13.6	38.1	55.1	NA	NA	NA
ENSDART00000050217	efna1a	1	-0.1	-0.1	NA	NA	NA	NA	NA	NA	NA
ENSDART00000053129	snrpf	508	15.5	13.2	3.6	7.6	20.5	29.5	155.67	4.3	-5.17801047167
ENSDART00000104613	pex6	29	34.5	27.8	6.5	14.8	41.8	80.3	NA	NA	NA
ENSDART00000132365	b3gnt5a	1	44.8	44.8	NA	NA	NA	NA	NA	NA	NA
ENSDART00000141704	si:rp71-45k5.2	52	19.8	18.1	5.8	9.8	25.4	38.0	NA	NA	NA
ENSDART00000056951	dcp2	14	68.2	58.2	22.2	48.2	105.1	113.7	NA	NA	NA
ENSDART00000053125	sema3e	51	35.8	29.7	7.2	17.1	49.8	76.3	NA	NA	NA
ENSDART00000053126	aanat1	7	28.5	24.5	NA	NA	NA	NA	NA	NA	NA
ENSDART00000083656	atxn2	163	21.7	17.2	3.3	8.3	31.6	43.8	NA	NA	NA
ENSDART00000053482	tsen54	19	34.6	25.3	8.2	11.6	53.5	80.9	NA	NA	NA
ENSDART00000102629	nit1	83	18.7	14.8	3.0	7.7	26.6	39.6	NA	NA	NA
ENSDART00000083659	ABCC1	184	17.7	16.0	3.2	8.2	26.0	34.4	NA	NA	NA
ENSDART00000129509	emc8	396	33.8	25.7	7.0	15.0	45.9	71.1	51.37	147.89	1.52552652504
ENSDART00000129058	rheb	353	16.9	14.6	2.2	7.5	22.5	36.1	NA	NA	NA
ENSDART00000126739	tspan5a	7	18.8	17.4	NA	NA	NA	NA	NA	NA	NA
ENSDART00000054552	CDH8	31	14.6	9.5	3.1	5.6	23.6	33.6	NA	NA	NA
ENSDART00000123091	mthfsd	3	13.1	10.8	NA	NA	NA	NA	NA	NA	NA
ENSDART00000048322	ftr67	410	24.1	21.9	6.5	13.2	31.6	43.5	51.52	8.54	-2.59282461849
ENSDART00000048323	zdhhc18b	1	3.1	3.1	NA	NA	NA	NA	NA	NA	NA
ENSDART00000057073	zgc:123010	213	83.5	83.9	17.4	42.5	124.2	152.2	NA	NA	NA
ENSDART00000126524	tbc1d23	143	29.5	24.2	4.1	12.7	38.7	54.5	20.47	17.26	-0.246078637844
ENSDART00000113157	hemk1	90	11.7	9.4	-0.2	3.6	17.4	25.1	NA	NA	NA
ENSDART00000140998	tceb2	47	30.9	26.4	7.5	17.6	38.5	58.2	16.44	4.18	-1.9756354516
ENSDART00000066101	neurl1b	22	38.3	38.7	8.9	18.4	52.2	71.6	NA	NA	NA
ENSDART00000066107	bcap31	203	25.9	20.1	5.1	8.9	35.4	55.6	40.34	70.46	0.804593390882
ENSDART00000092435	mgat4a	52	47.5	34.7	9.4	17.1	69.0	124.1	NA	NA	NA
ENSDART00000147975	rad54l2	31	42.6	38.2	10.6	22.3	67.2	70.8	10.93	15.84	0.535278934408
ENSDART00000077631	rab18a	168	24.6	20.7	5.4	11.1	35.3	50.9	NA	NA	NA
ENSDART00000002166	ccna1	1845	73.0	64.7	9.4	21.6	115.7	150.0	301.19	3213.13	3.41523357589
ENSDART00000020048	gsna	12	38.2	23.2	8.3	15.7	51.7	98.8	NA	NA	NA
ENSDART00000002164	unc45b	3	47.0	49.2	NA	NA	NA	NA	NA	NA	NA
ENSDART00000121743	CU571169.5	348	20.3	16.7	5.2	10.3	26.9	41.0	60.03	12.47	-2.2672222028
ENSDART00000024207	tbx2a	3	43.3	43.6	NA	NA	NA	NA	NA	NA	NA
ENSDART00000024206	celf3b	1	35.0	35.0	NA	NA	NA	NA	NA	NA	NA
ENSDART00000110162	ush1g	3	15.0	14.2	NA	NA	NA	NA	NA	NA	NA
ENSDART00000024750	hmgb3b	1169	26.8	20.8	5.3	11.0	35.3	56.8	272.51	219.32	-0.313271793108
ENSDART00000142846	cux2b	12	32.0	32.9	19.5	24.2	41.6	47.2	NA	NA	NA
ENSDART00000009172	ttyh2	13	29.1	16.1	9.8	12.3	37.0	63.2	NA	NA	NA
ENSDART00000006840	dnm1l	189	39.9	35.4	12.7	22.2	53.0	73.8	NA	NA	NA
ENSDART00000009178	impdh2	498	18.2	16.1	3.6	8.7	24.5	34.5	45.54	12.82	-1.82873802952
ENSDART00000129325	EXT1	17	18.8	18.9	4.4	12.5	29.0	31.7	NA	NA	NA
ENSDART00000143424	zgc:100832	1	60.7	60.7	NA	NA	NA	NA	NA	NA	NA
ENSDART00000113423	bin3	100	90.1	104.0	5.6	39.0	131.8	155.4	NA	NA	NA
ENSDART00000126889	CCNA2	272	65.3	51.5	4.7	16.1	112.5	146.7	364.07	1893.9	2.37907238672
ENSDART00000082163	FP102888.1	131	14.2	11.5	1.8	6.7	19.4	28.2	NA	NA	NA
ENSDART00000106672	arl9	119	31.7	21.1	4.0	11.4	42.2	77.1	17.57	32.8	0.900581623497
ENSDART00000028694	gnsa	24	37.5	32.7	10.4	19.6	55.6	71.7	NA	NA	NA
ENSDART00000130142	ube2w	55	18.6	13.5	6.8	8.3	23.0	30.9	NA	NA	NA
ENSDART00000055978	PARL	62	34.3	34.2	6.7	17.2	50.2	66.3	26.58	7.63	-1.80058614244
ENSDART00000087080	BX649282.1	1	15.4	15.4	NA	NA	NA	NA	NA	NA	NA
ENSDART00000079506	tfip11	334	27.8	24.7	5.3	11.2	40.5	53.7	35.69	62.1	0.799073367059
ENSDART00000079502	dbr1	115	52.8	55.5	14.1	24.6	74.1	96.1	56.67	216.58	1.9342429164
ENSDART00000052656	rras2	13	62.0	39.8	9.8	15.3	93.5	147.6	NA	NA	NA
ENSDART00000053924	IRS2	15	51.8	43.2	30.6	34.1	70.7	79.5	NA	NA	NA
ENSDART00000015956	efna1b	9	28.2	24.4	NA	NA	NA	NA	NA	NA	NA
ENSDART00000098590	cyb561a3a	116	18.9	15.5	3.9	8.8	24.6	39.4	NA	NA	NA
ENSDART00000129319	pax6a	1	20.8	20.8	NA	NA	NA	NA	NA	NA	NA
ENSDART00000101269	epb41l5	73	55.2	40.7	3.3	13.6	89.5	132.8	10.69	263.79	4.62505611641
ENSDART00000062957	paip1	348	26.2	19.9	5.6	11.5	34.2	49.4	NA	NA	NA
ENSDART00000128229	CR524823.3	8	21.4	16.8	NA	NA	NA	NA	NA	NA	NA
ENSDART00000053847	rad51b	60	55.2	53.8	12.0	20.0	84.5	106.0	NA	NA	NA
ENSDART00000023463	uap1l1	108	23.2	18.5	7.9	12.2	30.4	43.9	NA	NA	NA
ENSDART00000112478	MYO9B	12	30.6	26.1	13.0	19.7	34.1	57.6	13.82	45.4	1.71593468179
ENSDART00000128907	ACTN4	136	47.8	33.8	9.1	19.2	66.2	105.3	NA	NA	NA
ENSDART00000128670	dusp1	585	18.2	14.9	3.7	8.2	25.2	37.6	18.22	19.34	0.0860648356748
ENSDART00000128672	CABZ01012857.1	83	45.4	40.8	16.2	28.2	61.6	77.5	NA	NA	NA
ENSDART00000128902	PROSER1	38	19.5	12.3	1.7	7.5	29.2	43.7	NA	NA	NA
ENSDART00000128677	mapk8b	11	20.5	20.9	7.6	15.9	26.3	33.5	NA	NA	NA
ENSDART00000128676	NCR3LG1	43	23.3	22.4	5.0	13.8	31.5	41.9	NA	NA	NA
ENSDART00000053925	mtmr7a	138	25.2	21.2	6.6	11.9	31.4	50.2	NA	NA	NA
ENSDART00000109282	swi5	149	24.0	17.2	4.4	11.4	33.6	47.6	NA	NA	NA
ENSDART00000063578	srd5a3	45	20.9	16.4	5.1	6.7	30.2	42.7	NA	NA	NA
ENSDART00000109284	ap4e1	151	21.2	17.7	3.8	8.8	30.6	41.8	NA	NA	NA
ENSDART00000067059	CR854923.1	2	32.3	32.3	NA	NA	NA	NA	NA	NA	NA
ENSDART00000025256	igfbp2b	21	28.7	19.2	7.8	11.4	36.7	55.1	NA	NA	NA
ENSDART00000067057	alkbh3	82	27.1	22.0	8.2	13.7	34.1	48.0	NA	NA	NA
ENSDART00000063575	si:dkeyp-53d3.6	18	22.6	16.0	-0.1	8.4	30.3	50.6	NA	NA	NA
ENSDART00000063570	polm	2	42.5	42.5	NA	NA	NA	NA	18.37	6.06	-1.59996192764
ENSDART00000063571	zgc:112958	18	39.6	31.1	11.8	16.1	44.5	76.5	NA	NA	NA
ENSDART00000063572	gtf3c6	68	21.5	17.5	6.1	10.9	27.0	31.2	42.18	6.19	-2.76854778058
ENSDART00000151226	zgc:136851	2	12.1	12.1	NA	NA	NA	NA	NA	NA	NA
ENSDART00000151502	si:ch1073-127d16.1	20	21.1	15.8	7.7	10.2	25.7	31.3	NA	NA	NA
ENSDART00000130286	CR762484.3	3	14.6	13.8	NA	NA	NA	NA	NA	NA	NA
ENSDART00000052474	tipin	528	35.0	27.2	6.2	14.2	50.5	74.4	62.77	200.67	1.67667783707
ENSDART00000091169	abcb7	114	49.3	44.5	18.5	26.5	68.5	89.0	20.64	55.03	1.41477535791
ENSDART00000043239	glulc	7	31.4	25.1	NA	NA	NA	NA	NA	NA	NA
ENSDART00000114096	arrdc1b	11	27.0	16.2	7.6	11.7	31.5	49.8	NA	NA	NA
ENSDART00000052385	tph1b	11	27.3	24.0	6.9	14.3	38.2	40.9	NA	NA	NA
ENSDART00000083898	ppap2b	32	46.2	46.3	14.4	22.0	65.7	87.6	NA	NA	NA
ENSDART00000012747	slain1a	3	31.9	24.1	NA	NA	NA	NA	NA	NA	NA
ENSDART00000148660	arntl1a	479	21.7	18.5	5.0	10.5	29.4	41.7	NA	NA	NA
ENSDART00000086576	DNER	6	24.6	23.6	NA	NA	NA	NA	NA	NA	NA
ENSDART00000058066	CPXM1	4	21.5	21.5	NA	NA	NA	NA	NA	NA	NA
ENSDART00000112918	fbxo11a	23	21.9	15.2	-0.5	6.9	26.9	45.1	17.57	4.05	-2.11712037824
ENSDART00000149311	gpr63	163	38.9	33.2	9.2	16.8	55.2	81.3	21.65	6.09	-1.82985289171
ENSDART00000062459	rbm19	15	50.7	30.9	10.6	16.4	78.3	121.4	15.64	12.09	-0.371426268058
ENSDART00000129329	rpain	9	10.5	11.3	NA	NA	NA	NA	NA	NA	NA
ENSDART00000049147	rbm48	35	19.6	17.5	-0.4	8.9	27.3	34.9	21.45	4.66	-2.20257578773
ENSDART00000004288	ift81	26	26.2	27.7	7.1	18.1	35.1	37.1	NA	NA	NA
ENSDART00000127982	SUOX	1	8.0	8.0	NA	NA	NA	NA	NA	NA	NA
ENSDART00000128012	wu:fb12e11	325	22.7	18.2	4.4	10.5	31.9	47.7	NA	NA	NA
ENSDART00000099751	fance	16	12.6	10.5	4.0	7.6	13.1	25.9	NA	NA	NA
ENSDART00000080351	dhx57	136	29.8	25.4	7.2	16.6	40.4	55.4	NA	NA	NA
ENSDART00000099754	CCDC97	85	23.6	21.2	6.7	12.1	31.7	44.8	NA	NA	NA
ENSDART00000085956	RPRD1A	111	20.9	18.8	6.0	12.7	26.1	35.0	NA	NA	NA
ENSDART00000109130	RECQL4	117	64.4	65.5	19.1	37.2	89.1	105.5	22.81	62.57	1.45580465739
ENSDART00000109137	TBC1D4	31	30.2	19.6	3.5	11.9	30.0	49.8	NA	NA	NA
ENSDART00000021317	ctr9	34	56.2	47.8	20.5	29.1	80.6	101.5	15.11	82.2	2.4436347334
ENSDART00000045697	zgc:56493	990	20.3	17.8	4.9	9.8	27.8	38.6	229.72	311.17	0.437826509498
ENSDART00000109134	plekhm2	441	37.0	28.8	7.1	16.6	49.5	75.2	NA	NA	NA
ENSDART00000145868	pold2	140	31.2	24.0	8.3	15.8	43.0	60.2	25.18	39.48	0.648843706737
ENSDART00000088513	gnl1	67	31.6	23.5	8.6	11.5	40.5	54.7	NA	NA	NA
ENSDART00000145864	psd3l	4	54.9	30.1	NA	NA	NA	NA	NA	NA	NA
ENSDART00000145867	znf451	232	26.3	20.9	8.9	13.4	34.2	49.5	21.26	2.95	-2.84935473728
ENSDART00000111784	rin1a	3	17.6	18.0	NA	NA	NA	NA	NA	NA	NA
ENSDART00000148669	GLTPD2	11	32.6	19.9	9.5	14.7	52.7	66.6	NA	NA	NA
ENSDART00000128550	palb2	108	29.8	24.7	8.9	15.2	41.2	57.6	15.35	4.73	-1.69832656692
ENSDART00000114326	si:dkey-228b2.5	47	34.2	30.4	8.3	16.4	45.1	65.2	NA	NA	NA
ENSDART00000114322	rusc1	3	39.4	36.3	NA	NA	NA	NA	NA	NA	NA
ENSDART00000048107	ltbp3	17	60.9	76.7	12.8	20.1	93.2	113.2	NA	NA	NA
ENSDART00000140695	cdca7a	1464	88.6	92.2	23.3	59.0	120.5	143.0	91.01	1608.29	4.14335868585
ENSDART00000023806	zgc:110319	54	31.5	27.5	13.6	16.5	38.2	70.2	23.07	69.83	1.5978289687
ENSDART00000114328	wdr11	28	17.3	12.9	2.9	6.2	22.5	32.0	NA	NA	NA
ENSDART00000089108	fndc3ba	15	26.8	17.4	8.4	13.8	20.2	54.2	NA	NA	NA
ENSDART00000004756	hsp90aa1.1	1	27.8	27.8	NA	NA	NA	NA	NA	NA	NA
ENSDART00000115011	CABZ01009712.1	15	23.8	20.2	6.3	10.3	27.3	48.0	NA	NA	NA
ENSDART00000067709	SLC27A6	3	47.3	29.9	NA	NA	NA	NA	NA	NA	NA
ENSDART00000007392	arl5a	270	21.6	18.8	5.2	11.3	28.4	42.7	71.47	22.41	-1.67319513943
ENSDART00000064509	stmn4l	1	54.6	54.6	NA	NA	NA	NA	NA	NA	NA
ENSDART00000007827	spra	11	17.1	17.6	9.1	10.7	19.2	21.8	NA	NA	NA
ENSDART00000031304	derl1	135	50.8	40.8	6.4	22.0	76.1	106.4	14.74	92.76	2.65376629555
ENSDART00000060880	ppih	86	109.1	119.8	19.0	85.8	148.1	163.8	37.52	221.9	2.56417793457
ENSDART00000007398	gcat	427	27.6	22.4	5.6	12.9	36.9	59.7	53.48	48.17	-0.150864541506
ENSDART00000140926	zmym4	109	28.7	20.8	5.6	11.0	37.0	67.6	24.97	50.47	1.01523026537
ENSDART00000141340	si:dkey-183n20.15	1	15.4	15.4	NA	NA	NA	NA	NA	NA	NA
ENSDART00000144195	casp8ap2	407	21.9	16.3	3.1	9.2	28.9	46.3	35.21	16.42	-1.10053110009
ENSDART00000006669	SCML2	11	22.1	21.9	13.1	14.2	26.6	36.9	NA	NA	NA
ENSDART00000141345	si:ch211-133l5.7	9	25.5	14.7	NA	NA	NA	NA	NA	NA	NA
ENSDART00000136666	mmp11b	3	45.6	59.8	NA	NA	NA	NA	NA	NA	NA
ENSDART00000030213	mapk1	177	18.3	13.2	3.2	7.4	23.6	35.6	NA	NA	NA
ENSDART00000141349	gpat2	55	62.2	63.7	11.5	26.5	91.2	115.5	10.37	64.57	2.63844813293
ENSDART00000029719	si:ch211-114c12.2	29	45.4	28.9	10.0	13.7	55.7	109.3	11.01	81.98	2.89645752107
ENSDART00000008421	spata6l	138	21.3	19.7	7.7	12.0	26.8	39.5	NA	NA	NA
ENSDART00000039485	gabarapl2	256	26.6	21.3	5.8	10.9	37.5	56.6	NA	NA	NA
ENSDART00000063320	cldne	1	46.3	46.3	NA	NA	NA	NA	NA	NA	NA
ENSDART00000103898	srd5a1	1	79.5	79.5	NA	NA	NA	NA	NA	NA	NA
ENSDART00000062666	il15l	45	26.5	23.4	6.3	17.7	32.5	54.2	NA	NA	NA
ENSDART00000081513	col4a2	15	23.9	16.2	6.8	12.9	27.1	43.9	NA	NA	NA
ENSDART00000111367	si:dkey-56e3.3	256	22.0	19.1	6.6	12.7	31.0	39.3	36.69	15.68	-1.22646134513
ENSDART00000000552	ofd1	105	49.0	48.1	13.0	27.5	62.1	86.1	28.55	36.94	0.371693120732
ENSDART00000122275	ATG16L2	4	13.1	11.6	NA	NA	NA	NA	NA	NA	NA
ENSDART00000126348	BX601644.1	2	67.7	67.7	NA	NA	NA	NA	NA	NA	NA
ENSDART00000147642	CABZ01118769.1	1	66.7	66.7	NA	NA	NA	NA	NA	NA	NA
ENSDART00000047461	mfsd2ab	442	19.0	15.0	3.2	8.2	25.7	38.5	NA	NA	NA
ENSDART00000124955	ezrb	286	40.4	29.4	6.7	16.4	59.2	89.1	42.22	169.41	2.00452055336
ENSDART00000121704	sirt5	69	37.6	31.2	7.7	14.9	52.8	74.5	NA	NA	NA
ENSDART00000124957	ankzf1	61	33.1	29.7	12.2	20.2	45.6	56.0	27.16	3.86	-2.81481072698
ENSDART00000134717	tspan18a	18	20.2	18.5	9.0	13.1	27.7	32.6	NA	NA	NA
ENSDART00000122273	FP085386.1	102	21.0	18.7	5.3	11.4	26.7	34.1	NA	NA	NA
ENSDART00000081338	slc9a5	28	46.5	44.5	10.6	20.9	61.9	91.9	NA	NA	NA
ENSDART00000125552	adprh	14	31.3	30.1	13.9	19.8	42.5	47.5	NA	NA	NA
ENSDART00000081515	zgc:113385	34	21.0	18.5	4.4	9.2	30.9	38.0	NA	NA	NA
ENSDART00000144732	LRRC8A	1	10.5	10.5	NA	NA	NA	NA	NA	NA	NA
ENSDART00000131957	crfb2	8	32.4	26.1	NA	NA	NA	NA	NA	NA	NA
ENSDART00000136274	si:ch211-146l10.7	473	29.0	24.1	6.1	13.5	41.6	57.0	22.08	9.11	-1.27721721298
ENSDART00000018792	spag7	202	66.9	49.2	13.7	26.8	105.5	137.2	59.28	252.47	2.09049461561
ENSDART00000080829	hspa14	403	28.8	23.3	8.4	14.4	37.9	56.2	42.66	55.72	0.385311292261
ENSDART00000132411	si:ch1073-184j22.2	2	13.9	13.9	NA	NA	NA	NA	NA	NA	NA
ENSDART00000123639	taf12	1	24.7	24.7	NA	NA	NA	NA	NA	NA	NA
ENSDART00000074468	zgc:163083	1	32.1	32.1	NA	NA	NA	NA	NA	NA	NA
ENSDART00000006417	pgm1	130	13.3	10.7	1.6	4.9	20.1	28.8	NA	NA	NA
ENSDART00000044270	ttc21b	67	18.9	15.7	3.8	8.7	23.2	37.3	7.76	9.79	0.335252207417
ENSDART00000146591	GUCA1A	1	1.4	1.4	NA	NA	NA	NA	NA	NA	NA
ENSDART00000121859	fa2h	1	12.4	12.4	NA	NA	NA	NA	NA	NA	NA
ENSDART00000019269	lnpep	117	49.3	43.2	9.7	16.8	75.7	104.3	NA	NA	NA
ENSDART00000146595	zgc:193742	24	20.3	15.7	7.3	9.6	21.3	40.4	NA	NA	NA
ENSDART00000011076	cers5	218	30.3	22.6	7.0	13.7	38.3	61.0	NA	NA	NA
ENSDART00000019267	kcnj1b	5	121.0	130.7	NA	NA	NA	NA	NA	NA	NA
ENSDART00000082688	WASF3	3	31.9	12.8	NA	NA	NA	NA	NA	NA	NA
ENSDART00000065103	opa1	3	42.7	39.6	NA	NA	NA	NA	NA	NA	NA
ENSDART00000147426	pdrg1	170	21.0	19.2	8.2	13.1	26.4	38.9	NA	NA	NA
ENSDART00000073648	kxd1	154	30.2	29.3	8.9	18.9	40.3	55.0	NA	NA	NA
ENSDART00000061135	gopc	219	26.8	21.8	7.8	13.0	37.7	51.1	33.15	49.44	0.576669872904
ENSDART00000147423	gpx4a	40	29.1	27.9	3.9	12.6	40.1	61.3	NA	NA	NA
ENSDART00000105427	mif	93	22.2	19.8	2.0	7.9	31.4	46.5	NA	NA	NA
ENSDART00000065104	TMEM185B	154	31.4	25.2	7.7	14.9	42.7	66.8	NA	NA	NA
ENSDART00000031127	snx4	182	33.7	28.4	8.4	15.1	46.1	73.4	NA	NA	NA
ENSDART00000121592	acvr2b	50	38.6	32.9	1.2	12.5	59.4	89.6	22.8	71.91	1.65715858532
ENSDART00000028003	ankrd22	325	23.3	17.3	5.5	11.2	31.7	44.9	NA	NA	NA
ENSDART00000140349	cd247l	1	41.3	41.3	NA	NA	NA	NA	NA	NA	NA
ENSDART00000019957	ddx39ab	617	94.7	100.1	20.3	57.7	130.1	151.9	214.89	1796.44	3.06347049801
ENSDART00000007531	slit2	3	21.9	23.8	NA	NA	NA	NA	NA	NA	NA
ENSDART00000111201	il4r	1	6.3	6.3	NA	NA	NA	NA	NA	NA	NA
ENSDART00000018514	dlc	2	12.0	12.0	NA	NA	NA	NA	NA	NA	NA
ENSDART00000060625	lgi3	1	-0.0	-0.0	NA	NA	NA	NA	NA	NA	NA
ENSDART00000028007	supt6h	46	106.5	121.0	18.4	52.4	154.3	171.6	23.23	164.9	2.82753033952
ENSDART00000018832	ZCCHC4	15	37.3	40.5	12.9	19.3	48.6	65.2	NA	NA	NA
ENSDART00000053509	plagx	29	35.6	36.0	7.1	20.6	47.6	69.2	NA	NA	NA
ENSDART00000081990	STRIP2	23	19.7	13.8	3.9	7.2	29.8	39.0	NA	NA	NA
ENSDART00000103144	dctn2	214	23.7	21.1	6.6	12.7	29.8	43.9	NA	NA	NA
ENSDART00000113971	iqsec3a	15	26.0	22.1	3.0	11.8	36.9	52.1	NA	NA	NA
ENSDART00000103147	hoxc12a	4	0.3	-0.7	NA	NA	NA	NA	NA	NA	NA
ENSDART00000020861	pdk1	53	24.6	21.1	5.2	11.3	33.7	49.2	NA	NA	NA
ENSDART00000067489	si:ch211-51e12.7	826	58.4	56.3	12.8	29.7	83.9	109.9	58.17	292.24	2.32880644953
ENSDART00000133156	hnrpkl	29	23.3	16.3	3.7	6.8	26.5	43.6	NA	NA	NA
ENSDART00000011534	ipo9	238	31.2	21.3	6.4	12.5	40.5	66.5	19.47	46.76	1.26402204581
ENSDART00000082467	ptrfb	1	50.5	50.5	NA	NA	NA	NA	NA	NA	NA
ENSDART00000082465	slc39a4	7	31.0	17.2	NA	NA	NA	NA	NA	NA	NA
ENSDART00000082464	NHSL2	11	17.5	15.1	6.3	7.2	27.8	29.3	NA	NA	NA
ENSDART00000132052	pnkp	295	30.1	24.1	9.4	15.7	39.8	58.4	49.88	47.79	-0.0617526975832
ENSDART00000065365	tpst1l	147	27.6	22.6	6.7	12.8	34.9	55.3	NA	NA	NA
ENSDART00000074546	fermt1	1	12.6	12.6	NA	NA	NA	NA	NA	NA	NA
ENSDART00000077386	PRSS16	85	51.5	44.1	11.1	27.8	69.8	91.0	10.06	32.02	1.67034300271
ENSDART00000043492	trappc6bl	277	31.5	25.2	8.1	14.7	41.2	66.2	NA	NA	NA
ENSDART00000149969	znf367	202	34.7	23.9	5.8	13.5	45.4	77.7	NA	NA	NA
ENSDART00000110951	megf8	43	26.8	19.6	11.4	13.4	33.4	55.8	3.8	0.91	-2.06206096813
ENSDART00000110950	rxrgb	1	7.3	7.3	NA	NA	NA	NA	NA	NA	NA
ENSDART00000075070	hsf2	214	29.2	27.9	3.3	15.9	39.1	55.7	18.19	65.81	1.85516127888
ENSDART00000093068	zgc:112425	782	102.6	119.7	11.8	38.3	154.4	175.7	252.56	1146.32	2.18231176377
ENSDART00000140386	rasgrp4	5	18.1	14.1	NA	NA	NA	NA	NA	NA	NA
ENSDART00000015777	abce1	465	26.1	21.4	4.9	11.2	36.2	51.7	43.15	67.19	0.638885970862
ENSDART00000045056	lrrc42	397	26.5	23.8	8.7	14.7	35.4	49.0	NA	NA	NA
ENSDART00000092138	ubap2l	486	15.0	12.3	0.3	5.2	21.0	30.7	60.1	23.7	-1.34247793181
ENSDART00000043496	zgc:172121	13	14.4	7.8	3.2	5.4	15.3	18.9	NA	NA	NA
ENSDART00000013217	snrpd1	177	86.0	72.7	15.8	35.3	138.8	167.3	282.58	157.07	-0.84725170491
ENSDART00000074285	syngr2a	15	52.4	36.1	-0.1	7.8	81.4	129.2	NA	NA	NA
ENSDART00000136898	lpp	40	29.2	17.1	2.6	5.6	33.3	68.3	NA	NA	NA
ENSDART00000077381	nxf1	398	18.9	14.2	2.3	7.4	24.2	41.5	27.16	32.64	0.265157577727
ENSDART00000066665	ctnnd2a	8	13.4	12.4	NA	NA	NA	NA	NA	NA	NA
ENSDART00000142474	phc2a	1502	26.6	22.2	6.3	13.0	36.1	52.7	20.24	36.39	0.846332761147
ENSDART00000055129	polr3k	95	20.1	19.3	6.8	10.4	26.0	35.5	NA	NA	NA
ENSDART00000041992	dhrs12	127	17.9	14.9	2.3	9.4	23.8	32.4	NA	NA	NA
ENSDART00000093289	xrcc6bp1	239	15.0	13.0	2.4	6.4	21.2	30.3	NA	NA	NA
ENSDART00000067004	phpt1	248	30.6	26.1	4.3	12.0	44.3	69.8	NA	NA	NA
ENSDART00000102027	kpna5	7	22.1	20.3	NA	NA	NA	NA	NA	NA	NA
ENSDART00000051818	utp6	74	34.8	28.8	11.6	18.6	42.3	60.7	88.6	104.02	0.231482339154
ENSDART00000043843	siah1	325	21.4	18.2	4.5	9.6	29.9	43.9	NA	NA	NA
ENSDART00000051815	rhot1b	13	42.3	38.1	12.3	16.8	60.5	80.5	NA	NA	NA
ENSDART00000063587	st6galnac5b	35	29.6	25.1	9.3	15.4	35.4	57.6	NA	NA	NA
ENSDART00000056105	FER1L6	1	18.9	18.9	NA	NA	NA	NA	NA	NA	NA
ENSDART00000109459	SMG9	29	22.5	20.4	9.8	12.2	27.5	41.9	NA	NA	NA
ENSDART00000083229	mblac2	30	43.2	40.6	10.4	19.9	63.7	76.4	NA	NA	NA
ENSDART00000109455	TDRD12	55	14.4	10.6	2.6	5.6	19.8	35.0	5.51	7.19	0.383939451868
ENSDART00000035538	ptp4a3	283	55.6	55.9	13.0	29.1	78.0	100.7	NA	NA	NA
ENSDART00000109450	fam171a1	171	85.0	94.4	7.2	25.6	132.9	150.6	14.64	109.3	2.90030594228
ENSDART00000130338	pou6f1	37	33.5	26.6	7.4	12.6	47.9	62.9	NA	NA	NA
ENSDART00000135128	bag6l	91	52.6	52.2	11.3	30.1	74.1	95.4	14.08	61.74	2.13255814898
ENSDART00000135125	serp2	10	19.4	16.8	10.2	15.1	26.5	28.9	NA	NA	NA
ENSDART00000135124	acbd5a	41	55.1	58.5	7.3	20.2	86.1	102.4	NA	NA	NA
ENSDART00000130442	col4a1	1	9.8	9.8	NA	NA	NA	NA	NA	NA	NA
ENSDART00000109356	klf7a	1	31.6	31.6	NA	NA	NA	NA	NA	NA	NA
ENSDART00000092884	lrrc58b	26	42.3	38.9	6.6	24.0	60.1	82.5	NA	NA	NA
ENSDART00000097618	si:dkey-40c11.2	2	44.5	44.5	NA	NA	NA	NA	NA	NA	NA
ENSDART00000063052	hook1	96	21.2	17.6	4.6	10.8	29.5	38.7	NA	NA	NA
ENSDART00000097615	mob1ba	101	54.8	44.7	18.4	28.6	71.0	112.9	NA	NA	NA
ENSDART00000132799	WNK3	97	29.9	27.8	7.1	16.3	41.3	59.3	13.92	4.46	-1.64204359593
ENSDART00000097429	BX470189.1	117	26.6	23.1	5.7	14.9	39.1	49.9	NA	NA	NA
ENSDART00000035531	C3H16orf13	168	23.9	18.5	7.1	11.6	29.9	44.8	NA	NA	NA
ENSDART00000065817	pou5f3	367	63.6	43.0	7.2	18.7	108.1	143.6	57.42	951.31	4.05029030794
ENSDART00000141906	trpa1a	1	19.4	19.4	NA	NA	NA	NA	NA	NA	NA
ENSDART00000037904	socs3b	93	23.4	21.3	10.0	14.9	29.6	37.7	NA	NA	NA
ENSDART00000023255	btd	9	26.0	19.5	NA	NA	NA	NA	NA	NA	NA
ENSDART00000112147	sp8b	11	24.7	27.6	0.3	14.5	34.1	51.3	NA	NA	NA
ENSDART00000098038	dscamb	20	42.5	44.2	20.2	32.6	55.3	65.7	NA	NA	NA
ENSDART00000001376	arl14ep	521	18.9	15.3	3.4	7.7	26.8	38.8	99.5	58.35	-0.769963869724
ENSDART00000037906	hirip3	623	21.0	18.5	6.1	10.9	28.0	40.3	350.71	4.39	-6.3199138176
ENSDART00000023784	pdha1a	473	21.2	18.0	4.6	10.1	27.1	40.1	49.37	42.92	-0.201984568985
ENSDART00000049793	gstm	424	43.0	34.3	9.6	20.2	60.6	86.5	58.76	152.85	1.37921025122
ENSDART00000125364	rufy3	148	21.8	18.1	5.9	11.1	28.9	42.8	41.06	9.28	-2.14553691698
ENSDART00000125365	CT027744.3	1	6.8	6.8	NA	NA	NA	NA	NA	NA	NA
ENSDART00000128246	polr1c	128	38.5	36.2	16.2	24.6	52.9	64.4	22.27	52.85	1.24680191348
ENSDART00000102858	nucks1a	317	125.3	139.8	28.6	96.7	167.0	184.8	129.25	889.9	2.78347894586
ENSDART00000073640	plag1	1	4.4	4.4	NA	NA	NA	NA	NA	NA	NA
ENSDART00000058491	ppt1	167	33.7	30.0	10.0	15.1	44.8	61.8	77.66	156.6	1.01184060027
ENSDART00000045894	rnaseh2a	177	45.3	40.3	15.1	24.8	55.8	85.4	30.73	106.8	1.79719197498
ENSDART00000133471	msrb1a	100	48.5	38.7	9.5	24.4	64.7	100.9	NA	NA	NA
ENSDART00000058496	phc1	176	22.2	18.3	6.0	11.8	30.1	39.8	14.0	15.91	0.184507008499
ENSDART00000048843	supt4h1	40	64.9	69.4	16.8	31.7	96.8	114.0	103.98	210.95	1.02059502723
ENSDART00000076023	angpt2b	1	25.7	25.7	NA	NA	NA	NA	NA	NA	NA
ENSDART00000005258	fam184a	9	13.1	11.1	NA	NA	NA	NA	NA	NA	NA
ENSDART00000092082	manf	770	24.0	20.8	7.2	12.8	32.5	44.1	NA	NA	NA
ENSDART00000142455	sdccag3	3	53.9	56.5	NA	NA	NA	NA	NA	NA	NA
ENSDART00000142454	si:dkey-121a11.3	1	19.5	19.5	NA	NA	NA	NA	NA	NA	NA
ENSDART00000142457	stau2	166	27.8	24.9	8.9	16.4	38.3	50.2	58.8	7.87	-2.90138061422
ENSDART00000142104	si:ch211-198c19.2	43	24.9	19.7	9.1	13.0	32.5	41.4	NA	NA	NA
ENSDART00000112495	C5H8orf4	2	29.1	29.1	NA	NA	NA	NA	NA	NA	NA
ENSDART00000112490	FNIP2	43	64.9	69.0	22.1	30.8	85.5	122.8	5.48	18.96	1.79071116594
ENSDART00000041229	fabp7b	1	65.4	65.4	NA	NA	NA	NA	NA	NA	NA
ENSDART00000052422	mtx1b	102	21.1	19.6	5.0	11.0	27.8	38.9	NA	NA	NA
ENSDART00000046641	map3k5	22	36.8	39.3	12.9	19.7	53.3	62.9	NA	NA	NA
ENSDART00000131319	ctps1a	42	50.2	50.2	23.8	33.7	63.4	74.7	46.6	47.63	0.0315405938224
ENSDART00000144859	pus1	207	37.1	31.8	5.9	15.6	53.6	72.7	105.47	183.67	0.800283305493
ENSDART00000143652	zgc:63972	18	26.1	23.4	5.7	12.8	35.1	49.7	NA	NA	NA
ENSDART00000127638	AMPD2	1	38.8	38.8	NA	NA	NA	NA	NA	NA	NA
ENSDART00000144856	LENG9	43	34.1	26.9	9.6	13.5	42.5	73.6	NA	NA	NA
ENSDART00000144855	tpd52l2a	102	25.1	15.6	4.1	9.4	34.2	48.5	NA	NA	NA
ENSDART00000046648	clptm1	133	30.9	22.5	7.0	12.8	41.8	62.4	15.67	45.4	1.53468711771
ENSDART00000131310	si:dkey-93n13.2	36	19.3	16.7	4.7	6.5	25.8	32.5	NA	NA	NA
ENSDART00000077736	vtna	3	17.8	8.9	NA	NA	NA	NA	NA	NA	NA
ENSDART00000077734	C3H16orf72	124	25.2	17.7	2.3	9.7	34.3	56.3	27.76	53.32	0.941669212511
ENSDART00000045881	dicer1	106	35.1	25.9	5.6	11.8	43.4	87.1	11.4	19.36	0.764045128222
ENSDART00000061713	nudt3a	31	33.5	24.0	7.8	12.5	43.0	70.4	NA	NA	NA
ENSDART00000078822	dlg2	3	8.3	4.9	NA	NA	NA	NA	NA	NA	NA
ENSDART00000003621	sinup	664	29.8	24.9	7.6	14.7	38.7	55.7	NA	NA	NA
ENSDART00000091570	fam69a	108	29.9	24.4	5.3	13.0	37.9	59.0	NA	NA	NA
ENSDART00000126941	CABZ01080590.1	66	34.5	19.6	3.1	10.5	42.2	90.7	NA	NA	NA
ENSDART00000114668	sccpdha	4	15.9	16.1	NA	NA	NA	NA	NA	NA	NA
ENSDART00000129265	SIMC1	55	22.0	18.3	5.3	10.4	30.3	45.1	NA	NA	NA
ENSDART00000078297	zgc:153215	203	35.9	32.0	11.8	21.1	48.1	65.3	44.93	58.4	0.378289307244
ENSDART00000126947	CU463857.1	17	23.3	19.1	7.7	12.5	31.8	50.7	NA	NA	NA
ENSDART00000145685	srsf3b	474	110.1	117.1	44.0	83.8	138.6	159.1	73.59	597.38	3.02106729798
ENSDART00000020786	eif2b3	72	22.0	21.6	5.6	12.8	31.4	38.4	NA	NA	NA
ENSDART00000133447	si:ch211-288g17.4	1	8.9	8.9	NA	NA	NA	NA	NA	NA	NA
ENSDART00000131115	ap1s2	50	47.4	49.8	14.1	22.6	69.7	83.8	NA	NA	NA
ENSDART00000084184	aimp1	128	23.1	18.5	5.1	10.7	31.5	47.2	46.93	13.15	-1.83544766085
ENSDART00000044860	maff	43	13.1	10.7	1.3	4.3	18.2	30.6	NA	NA	NA
ENSDART00000114667	zgc:161969	37	49.2	47.2	15.5	28.8	68.3	86.6	5.06	24.82	2.29429382544
ENSDART00000133441	pcnxl3	91	22.7	16.2	1.2	8.9	26.9	50.3	12.45	4.52	-1.46175106454
ENSDART00000062569	acad8	135	32.4	25.9	8.3	17.8	42.0	58.4	NA	NA	NA
ENSDART00000052359	gtf2h4	94	25.9	20.6	5.3	11.2	38.1	48.3	16.75	7.36	-1.18638342418
ENSDART00000062563	rreb1b	47	32.0	24.8	9.2	14.9	46.5	62.4	NA	NA	NA
ENSDART00000014568	urod	41	22.7	18.0	5.1	11.0	26.7	31.1	17.54	39.19	1.15983682516
ENSDART00000092183	lrrc3b	5	14.6	11.5	NA	NA	NA	NA	NA	NA	NA
ENSDART00000090486	PARP9	26	55.4	53.2	26.4	41.2	72.9	83.4	NA	NA	NA
ENSDART00000090484	tecpr1a	67	29.6	23.8	9.3	14.4	40.9	55.4	NA	NA	NA
ENSDART00000149761	aurkaip1	1441	17.8	16.2	4.9	9.5	23.7	31.9	177.57	13.75	-3.69088433887
ENSDART00000019519	ada	1	11.7	11.7	NA	NA	NA	NA	NA	NA	NA
ENSDART00000115166	zgc:152863	738	17.2	13.9	2.2	7.3	22.3	35.6	NA	NA	NA
ENSDART00000136784	samd10a	13	25.9	29.1	-0.8	3.6	45.9	52.5	NA	NA	NA
ENSDART00000131174	fgf20b	1	20.7	20.7	NA	NA	NA	NA	NA	NA	NA
ENSDART00000131176	ORC2	103	34.6	32.7	14.9	22.7	44.2	60.3	NA	NA	NA
ENSDART00000106101	si:dkey-19a16.7	67	23.2	18.0	2.8	8.7	30.0	46.2	NA	NA	NA
ENSDART00000125949	cep68	68	39.6	25.1	8.2	13.7	53.3	103.3	NA	NA	NA
ENSDART00000079310	manba	1	55.2	55.2	NA	NA	NA	NA	NA	NA	NA
ENSDART00000067426	nisch	45	44.4	43.1	8.2	17.6	60.8	87.0	NA	NA	NA
ENSDART00000067427	yeats4	38	56.0	37.3	4.2	14.2	102.6	125.6	23.9	37.43	0.647184430032
ENSDART00000145109	slco2b1	1	14.8	14.8	NA	NA	NA	NA	NA	NA	NA
ENSDART00000145103	cntfr	2	18.9	18.9	NA	NA	NA	NA	NA	NA	NA
ENSDART00000114401	ppp2r2d	396	34.5	29.6	7.5	16.0	51.1	65.2	59.66	108.31	0.860330566849
ENSDART00000113360	arid2	118	50.0	43.1	6.4	17.0	70.8	102.0	50.17	50.82	0.0185714372891
ENSDART00000113362	IP6K1	29	22.1	14.9	4.3	9.2	29.6	34.7	NA	NA	NA
ENSDART00000020251	srsf6a	443	82.4	86.0	23.6	54.8	111.2	128.4	73.45	910.24	3.63141259025
ENSDART00000020252	pdip5	935	23.6	18.1	3.5	8.8	32.6	51.7	224.86	227.79	0.0186773688687
ENSDART00000020256	lgsn	3	17.1	16.3	NA	NA	NA	NA	NA	NA	NA
ENSDART00000005879	atp5o	1257	15.0	10.8	1.4	5.4	19.4	36.9	177.22	11.97	-3.88804636971
ENSDART00000020259	zgc:77158	107	17.2	12.2	1.2	6.6	23.4	45.2	NA	NA	NA
ENSDART00000110316	fasn	35	119.0	124.9	57.0	101.1	146.6	175.2	NA	NA	NA
ENSDART00000131077	sp3a	86	43.3	33.3	4.5	17.0	58.0	92.5	12.49	78.49	2.65173538254
ENSDART00000150040	si:ch211-274k16.2	11	48.2	55.0	6.1	27.1	63.8	94.4	NA	NA	NA
ENSDART00000101404	KIF13A	35	38.7	32.2	8.8	16.0	50.5	84.0	NA	NA	NA
ENSDART00000024598	zp2.5	30	36.0	28.8	10.4	18.9	56.8	66.2	24.19	1.34	-4.17410586352
ENSDART00000098364	ehmt1a	151	49.7	33.6	7.2	15.1	81.7	116.3	32.38	74.64	1.20484600055
ENSDART00000098363	tprg1l	14	21.8	22.6	9.5	13.0	26.8	32.7	NA	NA	NA
ENSDART00000007857	mettl2a	260	70.8	68.1	26.1	46.7	92.3	114.0	69.11	119.16	0.785933644427
ENSDART00000098361	nmba	2	17.1	17.1	NA	NA	NA	NA	NA	NA	NA
ENSDART00000098360	arrdc1a	32	47.8	38.7	20.4	28.0	67.2	94.4	NA	NA	NA
ENSDART00000043689	nitr3a	1	12.7	12.7	NA	NA	NA	NA	NA	NA	NA
ENSDART00000081819	endog	38	44.8	39.6	23.5	26.6	54.8	79.5	NA	NA	NA
ENSDART00000150103	si:ch1073-95o12.1	1	70.1	70.1	NA	NA	NA	NA	NA	NA	NA
ENSDART00000098368	si:dkey-77f17.1	238	17.1	14.9	1.7	7.7	23.5	34.8	NA	NA	NA
ENSDART00000064194	asf1bb	512	17.3	14.2	2.9	7.6	23.5	36.2	NA	NA	NA
ENSDART00000031828	spon1b	5	70.5	56.7	NA	NA	NA	NA	NA	NA	NA
ENSDART00000144506	ptpn13	56	47.1	42.9	9.7	23.7	64.1	89.6	12.39	59.09	2.25373781143
ENSDART00000010932	snx15	222	17.3	15.1	2.6	7.5	24.2	33.0	NA	NA	NA
ENSDART00000136180	dis3l2	137	56.6	44.3	9.8	19.1	88.0	120.8	17.51	155.12	3.14713371967
ENSDART00000149691	ep300a	0	NA	NA	NA	NA	NA	NA	4.99	5.73	0.19949532342
ENSDART00000100658	esrra	24	33.2	21.1	7.2	15.8	51.6	77.9	NA	NA	NA
ENSDART00000063214	VDR	39	28.0	24.2	8.5	15.2	32.2	46.8	NA	NA	NA
ENSDART00000145487	klf11b	71	19.0	17.4	5.7	9.7	25.5	34.2	NA	NA	NA
ENSDART00000100800	TTC37	94	25.9	22.6	3.2	9.4	35.0	54.8	NA	NA	NA
ENSDART00000030448	vsx2	5	35.5	28.3	NA	NA	NA	NA	NA	NA	NA
ENSDART00000137784	SPAG17	1	28.7	28.7	NA	NA	NA	NA	NA	NA	NA
ENSDART00000105636	myoz1b	1	7.5	7.5	NA	NA	NA	NA	NA	NA	NA
ENSDART00000078634	eif5a2	890	39.5	33.3	6.5	16.4	54.9	78.0	137.16	777.73	2.5034095807
ENSDART00000105485	C22H19orf70	131	20.1	17.6	5.2	9.9	29.1	37.6	NA	NA	NA
ENSDART00000132153	cryba1a	3	16.6	15.7	NA	NA	NA	NA	NA	NA	NA
ENSDART00000045616	gabbr1b	1	117.6	117.6	NA	NA	NA	NA	NA	NA	NA
ENSDART00000132151	si:dkey-1b17.11	4	18.8	21.4	NA	NA	NA	NA	NA	NA	NA
ENSDART00000012399	armc1	242	37.8	28.5	10.0	17.5	47.4	78.8	NA	NA	NA
ENSDART00000038163	rad18	541	34.3	31.2	13.7	20.9	45.3	59.4	61.59	80.29	0.382524185244
ENSDART00000123207	TDG	22	23.0	20.8	6.0	8.6	31.9	47.9	NA	NA	NA
ENSDART00000130033	CABZ01055170.1	106	29.5	25.0	7.0	14.0	41.8	57.0	31.28	11.34	-1.46381987237
ENSDART00000130045	pbx2	144	38.4	25.9	5.3	11.9	53.4	95.1	NA	NA	NA
ENSDART00000138914	si:ch73-314g15.3	153	31.3	26.5	10.0	16.0	41.5	62.2	NA	NA	NA
ENSDART00000031173	rps27.1	767	36.7	36.6	11.2	22.6	48.9	63.1	317.46	57.11	-2.47475953387
ENSDART00000064772	cyb561d2	29	31.7	26.1	3.1	9.7	49.3	65.2	NA	NA	NA
ENSDART00000064995	sumo1	117	74.4	80.0	27.2	50.3	98.9	113.9	NA	NA	NA
ENSDART00000078266	RSL1D1	230	19.7	18.2	5.2	10.9	26.6	37.7	99.06	9.37	-3.40218166798
ENSDART00000060432	cdc40	187	61.8	60.8	18.8	35.7	81.5	106.0	39.99	169.61	2.0845100457
ENSDART00000123200	traf3	90	30.4	23.4	6.4	12.6	40.6	63.6	NA	NA	NA
ENSDART00000115200	alg12	3	25.2	13.8	NA	NA	NA	NA	NA	NA	NA
ENSDART00000021120	athl1	61	20.5	17.7	7.2	10.4	29.5	39.2	NA	NA	NA
ENSDART00000115202	CU467854.2	2	90.3	90.3	NA	NA	NA	NA	NA	NA	NA
ENSDART00000047175	ssr4	344	23.9	19.5	5.4	10.9	34.8	47.7	112.8	174.78	0.631773039575
ENSDART00000115208	FBXO33	267	60.4	56.4	13.9	27.6	91.6	114.2	NA	NA	NA
ENSDART00000122102	wee1	109	30.0	29.1	6.5	16.1	38.5	57.0	NA	NA	NA
ENSDART00000038391	pkz	16	12.9	9.6	3.1	5.9	19.9	23.3	NA	NA	NA
ENSDART00000111043	fyco1a	21	58.5	35.7	12.0	16.4	83.4	141.3	9.53	35.92	1.91423923083
ENSDART00000151311	GPR161	2	46.8	46.8	NA	NA	NA	NA	NA	NA	NA
ENSDART00000151314	srpk3	3	12.9	14.9	NA	NA	NA	NA	NA	NA	NA
ENSDART00000135464	srrd	10	19.8	20.1	4.0	11.8	30.3	32.7	NA	NA	NA
ENSDART00000122101	tbx2b	3	22.4	18.1	NA	NA	NA	NA	NA	NA	NA
ENSDART00000112960	POLD4	2	31.9	31.9	NA	NA	NA	NA	NA	NA	NA
ENSDART00000055710	aldh4a1	21	16.3	13.0	4.7	6.7	21.5	30.5	NA	NA	NA
ENSDART00000055491	smurf2	21	48.9	33.5	3.3	20.1	62.7	124.9	10.52	78.25	2.89495604742
ENSDART00000026313	tmx1	432	18.7	16.1	5.3	9.8	25.3	36.4	NA	NA	NA
ENSDART00000112969	GPR125	190	33.8	27.9	8.1	15.4	48.2	63.6	34.84	8.28	-2.0730419511
ENSDART00000026314	phf8	111	27.8	20.7	4.9	12.5	36.4	59.8	13.18	17.43	0.403222199118
ENSDART00000051664	ypel1	229	34.9	27.2	8.1	14.0	47.1	70.1	NA	NA	NA
ENSDART00000122245	trrap	31	63.3	30.2	7.3	21.2	105.0	154.3	8.19	79.37	3.2766584485
ENSDART00000125561	atp6ap2	246	19.1	16.2	4.4	9.2	25.1	37.2	NA	NA	NA
ENSDART00000051668	zgc:194112	1	76.3	76.3	NA	NA	NA	NA	NA	NA	NA
ENSDART00000040900	baxb	55	12.5	10.8	0.8	4.0	16.4	27.9	NA	NA	NA
ENSDART00000103220	KRTCAP2	547	30.8	28.3	8.9	16.7	41.8	55.6	NA	NA	NA
ENSDART00000099283	DALRD3	222	19.8	16.9	4.3	9.1	26.3	38.9	NA	NA	NA
ENSDART00000111286	znrf2b	2	25.0	25.0	NA	NA	NA	NA	NA	NA	NA
ENSDART00000099285	atmin	10	40.6	39.6	21.8	24.7	57.6	64.8	NA	NA	NA
ENSDART00000057972	SLC36A4	44	24.5	18.3	5.6	12.6	32.1	48.1	NA	NA	NA
ENSDART00000085158	tmem259	108	53.6	48.7	10.5	27.6	73.5	106.6	18.83	85.73	2.18676714345
ENSDART00000000160	thraa	90	25.0	24.6	7.6	13.1	35.1	44.8	NA	NA	NA
ENSDART00000014168	zfp36l1b	2	25.1	25.1	NA	NA	NA	NA	NA	NA	NA
ENSDART00000111435	HDAC5	11	31.3	43.1	-5.7	6.9	55.0	57.4	NA	NA	NA
ENSDART00000111434	INPP5K	27	27.3	20.7	4.9	8.6	40.8	54.2	NA	NA	NA
ENSDART00000014163	fndc1	3	45.0	20.8	NA	NA	NA	NA	NA	NA	NA
ENSDART00000111438	mgea5	52	28.8	26.9	4.9	10.1	38.3	55.6	5.09	16.97	1.73724900347
ENSDART00000091982	r3hdm1	227	49.5	45.0	11.6	26.9	73.0	86.0	14.76	50.45	1.77316154793
ENSDART00000081676	ubap1	190	30.6	25.3	7.8	14.1	41.7	58.0	34.52	53.59	0.634531351532
ENSDART00000100606	C18H15orf61	2	12.0	12.0	NA	NA	NA	NA	NA	NA	NA
ENSDART00000101603	kidins220b	1	-4.6	-4.6	NA	NA	NA	NA	NA	NA	NA
ENSDART00000100605	ttc32	530	23.8	18.1	4.1	9.8	30.6	49.9	NA	NA	NA
ENSDART00000147368	osbp2	1	113.2	113.2	NA	NA	NA	NA	NA	NA	NA
ENSDART00000051483	TM2D2	587	20.5	17.0	4.4	9.7	28.0	42.5	NA	NA	NA
ENSDART00000102519	kif3b	182	58.9	54.2	11.7	24.5	87.7	114.4	19.18	58.89	1.61841995317
ENSDART00000147317	si:dkey-117m1.3	50	24.6	22.1	8.7	16.6	31.5	47.2	NA	NA	NA
ENSDART00000126630	cx52.9	3	34.0	21.0	NA	NA	NA	NA	NA	NA	NA
ENSDART00000018301	itga5	67	61.5	55.1	8.3	24.2	93.3	118.3	5.74	90.18	3.97368486796
ENSDART00000074070	aff2	2	13.5	13.5	NA	NA	NA	NA	NA	NA	NA
ENSDART00000074073	alkbh4	172	10.7	9.2	0.2	4.0	14.3	23.8	NA	NA	NA
ENSDART00000019941	CU694256.1	6	38.9	28.8	NA	NA	NA	NA	NA	NA	NA
ENSDART00000104271	csk	12	49.3	46.0	8.5	30.8	62.6	84.4	NA	NA	NA
ENSDART00000082893	PXMP4	148	22.7	16.5	2.1	10.1	29.1	45.9	NA	NA	NA
ENSDART00000133143	gpd1b	5	26.0	16.1	NA	NA	NA	NA	NA	NA	NA
ENSDART00000127222	aes	64	22.1	15.8	3.8	8.6	31.0	47.3	NA	NA	NA
ENSDART00000050533	ccni2	26	71.5	58.9	13.3	29.1	109.1	140.6	NA	NA	NA
ENSDART00000014306	mpp5a	56	36.6	30.7	4.4	17.7	47.2	75.7	NA	NA	NA
ENSDART00000020096	fgf13b	3	28.7	31.5	NA	NA	NA	NA	NA	NA	NA
ENSDART00000041503	slc4a4a	9	29.2	27.5	NA	NA	NA	NA	NA	NA	NA
ENSDART00000035062	nf2b	27	40.6	27.6	10.2	15.3	69.4	86.8	NA	NA	NA
ENSDART00000053863	kmt2d	152	33.3	27.2	8.1	17.1	44.7	67.3	15.96	17.61	0.141934257609
ENSDART00000001148	znf384l	16	30.7	22.1	8.5	10.2	36.0	77.4	NA	NA	NA
ENSDART00000004398	cope	539	25.9	21.5	5.7	12.5	34.9	51.7	139.18	158.92	0.191348786015
ENSDART00000077259	ebna1bp2	381	33.9	31.5	11.0	21.2	44.1	59.3	190.58	133.49	-0.513665055905
ENSDART00000050671	rap1a	166	94.9	101.2	13.2	23.7	158.4	178.2	20.94	215.35	3.3623499762
ENSDART00000061470	mtss1l	8	41.5	26.6	NA	NA	NA	NA	NA	NA	NA
ENSDART00000004423	iars	76	19.4	16.0	4.3	8.9	27.0	38.2	7.88	1.18	-2.73940877009
ENSDART00000073597	dhodh	212	18.8	15.1	3.5	7.8	23.8	34.7	32.2	6.62	-2.28215756619
ENSDART00000077251	kifc3	337	37.0	25.4	3.9	12.1	50.0	87.7	32.22	134.6	2.06265001079
ENSDART00000073595	SLC7A5	1	19.0	19.0	NA	NA	NA	NA	NA	NA	NA
ENSDART00000073594	ANKRD11	123	26.7	18.5	5.1	9.7	33.0	57.8	83.29	5.25	-3.98775396462
ENSDART00000133547	pik3c2a	237	32.4	28.2	11.4	17.9	42.7	61.1	21.7	11.6	-0.903570237317
ENSDART00000056627	cstf2	0	NA	NA	NA	NA	NA	NA	12.47	46.13	1.88724382724
ENSDART00000056622	hgs	320	24.8	22.0	5.9	12.9	31.8	50.2	17.55	21.75	0.309544370432
ENSDART00000100885	nrn1la	8	18.4	16.7	NA	NA	NA	NA	NA	NA	NA
ENSDART00000057622	FAIM2	2	7.5	7.5	NA	NA	NA	NA	NA	NA	NA
ENSDART00000049036	zgc:92275	1	9.0	9.0	NA	NA	NA	NA	NA	NA	NA
ENSDART00000021977	dnmt1	1643	32.0	22.5	4.6	10.5	44.0	76.4	176.7	809.25	2.19528342054
ENSDART00000054442	med28	85	65.6	56.3	22.7	33.3	92.7	129.5	33.52	137.22	2.03339671743
ENSDART00000054440	tmem144a	15	50.8	28.7	9.2	12.5	76.2	129.9	NA	NA	NA
ENSDART00000054441	zgc:111991	144	28.2	22.4	8.6	12.9	39.9	55.4	29.64	7.71	-1.94274268239
ENSDART00000139355	arhgef1b	264	52.9	46.2	15.7	29.0	68.2	95.8	37.24	120.39	1.69279058394
ENSDART00000011878	eif4a1b	273	28.2	24.0	8.4	14.1	35.9	53.2	39.52	48.66	0.300153373354
ENSDART00000082325	aamp	80	16.3	13.0	3.4	6.9	21.8	38.3	10.15	0.43	-4.56099925737
ENSDART00000097684	nova1	127	27.4	20.6	8.0	13.3	36.4	52.6	NA	NA	NA
ENSDART00000110840	SYNDIG1	8	34.5	25.6	NA	NA	NA	NA	NA	NA	NA
ENSDART00000146018	mthfr	11	36.7	23.7	14.5	18.3	48.1	83.9	NA	NA	NA
ENSDART00000059667	wdr75	196	48.5	41.1	12.8	26.6	67.1	96.3	63.27	171.79	1.4410525578
ENSDART00000020680	nup133	73	35.5	32.8	7.8	20.2	48.9	65.9	11.62	14.83	0.35190852905
ENSDART00000082329	evx2	1	8.0	8.0	NA	NA	NA	NA	NA	NA	NA
ENSDART00000049589	col11a1b	1	8.5	8.5	NA	NA	NA	NA	NA	NA	NA
ENSDART00000039438	jkamp	370	28.1	23.2	6.6	13.0	39.4	56.4	NA	NA	NA
ENSDART00000127846	nfasca	3	4.3	8.5	NA	NA	NA	NA	NA	NA	NA
ENSDART00000127845	ssh2a	487	61.8	57.8	16.7	32.8	86.1	112.1	24.41	126.42	2.37268051976
ENSDART00000127842	ZNF768	95	36.0	30.7	8.8	16.3	55.5	75.2	NA	NA	NA
ENSDART00000127841	atl2	289	38.7	29.6	10.2	17.2	51.0	79.7	NA	NA	NA
ENSDART00000146735	tubd1	22	21.0	22.3	6.3	13.2	25.9	31.8	NA	NA	NA
ENSDART00000054693	asb12b	1	11.2	11.2	NA	NA	NA	NA	NA	NA	NA
ENSDART00000098953	pargl	69	18.0	15.4	2.3	8.1	28.1	37.3	13.81	2.97	-2.21717848346
ENSDART00000085341	zer1	165	24.5	19.9	5.9	11.9	29.2	49.9	15.85	11.29	-0.489437354254
ENSDART00000109849	kif2c	1050	19.3	15.6	5.0	9.1	25.3	38.7	74.32	20.79	-1.83786074352
ENSDART00000098958	ttc9b	1	37.3	37.3	NA	NA	NA	NA	NA	NA	NA
ENSDART00000109846	zgc:171673	3	19.6	26.1	NA	NA	NA	NA	NA	NA	NA
ENSDART00000143191	lcor	28	28.9	26.5	4.8	8.3	37.2	61.8	NA	NA	NA
ENSDART00000109843	osbpl5	12	38.7	39.3	14.7	25.5	47.0	60.7	NA	NA	NA
ENSDART00000054691	uba1	200	51.6	36.6	9.8	18.2	78.4	110.3	64.42	176.85	1.45694565321
ENSDART00000124922	CLIP3	4	24.1	14.9	NA	NA	NA	NA	NA	NA	NA
ENSDART00000126718	fam131a	1	87.2	87.2	NA	NA	NA	NA	NA	NA	NA
ENSDART00000026768	bmpr1aa	421	24.7	20.0	5.7	10.8	35.4	52.6	14.68	14.99	0.0301484151046
ENSDART00000067803	rps3	405	21.7	19.3	3.5	11.0	30.7	43.8	295.49	19.12	-3.94995487898
ENSDART00000129076	acrc	885	19.0	14.7	2.6	7.3	26.0	41.6	NA	NA	NA
ENSDART00000126717	CABZ01079302.1	3	6.6	2.2	NA	NA	NA	NA	NA	NA	NA
ENSDART00000102981	col8a1a	1	12.0	12.0	NA	NA	NA	NA	NA	NA	NA
ENSDART00000113179	sas	170	78.1	78.5	30.7	48.0	103.8	127.6	NA	NA	NA
ENSDART00000130783	fam168a	1	87.2	87.2	NA	NA	NA	NA	NA	NA	NA
ENSDART00000043776	prrc2a	91	36.4	27.0	4.2	11.8	54.5	85.0	10.35	50.41	2.28407918662
ENSDART00000145665	ccnh	571	30.4	27.1	8.3	16.1	40.0	56.6	172.77	117.26	-0.559141766021
ENSDART00000066123	KPNA6	132	48.8	38.6	7.6	17.9	77.3	99.9	NA	NA	NA
ENSDART00000114443	si:ch211-74m13.3	247	12.4	10.1	0.5	5.0	17.5	26.6	NA	NA	NA
ENSDART00000145669	dtnbb	3	7.6	6.5	NA	NA	NA	NA	NA	NA	NA
ENSDART00000106658	zdhhc15b	272	33.2	24.7	5.1	12.6	48.1	72.7	NA	NA	NA
ENSDART00000079692	ndr1	25	15.4	13.5	5.9	7.8	21.9	25.2	NA	NA	NA
ENSDART00000079342	si:dkeyp-87a6.1	1	67.8	67.8	NA	NA	NA	NA	NA	NA	NA
ENSDART00000079343	jazf1b	12	33.2	19.9	8.6	13.4	35.9	84.1	NA	NA	NA
ENSDART00000092416	rabl2	126	29.2	24.5	6.0	12.2	37.6	58.8	22.02	32.95	0.581463996331
ENSDART00000035247	lamb1a	2	27.1	27.1	NA	NA	NA	NA	NA	NA	NA
ENSDART00000109732	amigo1	1	94.9	94.9	NA	NA	NA	NA	NA	NA	NA
ENSDART00000097424	kcmf1	269	16.6	15.4	2.5	7.7	22.3	35.6	41.43	5.17	-3.00243963466
ENSDART00000092411	galnt10	68	27.5	19.3	10.0	12.7	33.8	58.9	21.61	2.39	-3.17661654888
ENSDART00000024777	C19H1orf109	92	10.5	9.1	-1.4	3.6	16.0	22.3	NA	NA	NA
ENSDART00000150692	zgc:172139	25	24.2	12.7	3.3	6.8	19.3	66.0	NA	NA	NA
ENSDART00000142867	si:dkey-58f10.7	8	32.2	30.1	NA	NA	NA	NA	NA	NA	NA
ENSDART00000142862	TTF1	8	33.8	25.8	NA	NA	NA	NA	152.56	43.68	-1.80433198739
ENSDART00000150697	ZNF48	27	29.0	23.3	10.8	15.6	41.8	50.6	13.31	24.14	0.858915104843
ENSDART00000102879	scube3	6	11.9	7.3	NA	NA	NA	NA	NA	NA	NA
ENSDART00000077039	faah2b	81	19.5	18.5	5.9	11.4	24.7	35.0	24.56	4.26	-2.52738522514
ENSDART00000122557	kcnma1a	14	47.9	50.0	19.2	22.5	60.5	86.0	NA	NA	NA
ENSDART00000134491	med13a	301	28.0	23.1	7.1	13.7	41.8	53.5	34.92	13.24	-1.39915043682
ENSDART00000134492	alkbh2	51	36.5	33.9	7.0	14.8	55.3	73.6	NA	NA	NA
ENSDART00000006867	ddx3	215	57.4	44.6	8.4	18.3	88.3	128.8	26.57	184.93	2.79910914989
ENSDART00000027864	hnrnpr	256	150.8	161.3	69.7	129.1	187.4	208.9	18.75	270.92	3.85290440015
ENSDART00000143995	si:ch211-190p8.2	1	1.8	1.8	NA	NA	NA	NA	NA	NA	NA
ENSDART00000006868	uqcrfs1	79	42.8	37.6	10.7	20.5	57.3	82.2	31.45	14.63	-1.10413024763
ENSDART00000091567	CT030046.1	35	35.8	34.6	9.7	20.9	43.6	60.1	NA	NA	NA
ENSDART00000019898	mrpl11	191	14.1	11.4	3.0	5.7	19.7	31.3	NA	NA	NA
ENSDART00000130161	peli1b	115	30.8	27.4	6.5	13.6	46.5	56.0	NA	NA	NA
ENSDART00000130162	TCF24	37	-1.4	-2.8	-8.4	-6.3	1.2	8.6	NA	NA	NA
ENSDART00000089506	larp4b	165	15.7	14.3	0.0	7.1	21.5	33.7	15.38	29.15	0.922440380126
ENSDART00000064201	cdc45	70	13.5	11.4	0.6	5.3	19.6	30.1	NA	NA	NA
ENSDART00000076345	CR352249.1	50	23.5	17.9	4.3	10.3	33.1	44.4	NA	NA	NA
ENSDART00000076344	hectd1	146	27.0	19.5	3.2	11.5	31.2	50.9	34.01	23.06	-0.560566493056
ENSDART00000079528	ilk	114	45.0	32.3	7.7	17.4	68.0	101.6	NA	NA	NA
ENSDART00000078453	hoxb7a	4	14.1	11.3	NA	NA	NA	NA	NA	NA	NA
ENSDART00000005118	gpx8	314	32.8	28.4	10.0	17.3	44.1	69.1	NA	NA	NA
ENSDART00000006288	dhx16	81	50.4	50.0	10.3	20.6	72.3	96.8	49.15	76.03	0.629377374506
ENSDART00000052904	SLC16A13	16	40.2	32.6	13.3	19.4	50.3	76.2	NA	NA	NA
ENSDART00000112771	ap5s1	16	27.4	26.6	9.6	14.2	32.7	48.4	NA	NA	NA
ENSDART00000112774	mrps30	532	40.0	40.4	12.6	23.6	51.8	66.9	54.84	85.24	0.636302022003
ENSDART00000112777	si:dkey-197c15.6	106	20.4	18.7	1.5	9.2	26.9	37.8	NA	NA	NA
ENSDART00000152026	slco5a1	2	44.3	44.3	NA	NA	NA	NA	NA	NA	NA
ENSDART00000128384	CABZ01041493.1	3	50.3	49.5	NA	NA	NA	NA	NA	NA	NA
ENSDART00000086053	prdm16	6	21.9	17.6	NA	NA	NA	NA	NA	NA	NA
ENSDART00000131782	sh2d5	180	34.3	18.6	6.2	11.9	34.9	71.9	NA	NA	NA
ENSDART00000139178	slc25a14	115	71.2	61.4	5.0	19.1	113.1	159.3	NA	NA	NA
ENSDART00000128652	CABZ01088509.1	13	10.4	2.9	-1.1	1.3	19.4	28.0	NA	NA	NA
ENSDART00000153254	cdca9	1262	11.0	9.1	-0.1	4.3	14.8	23.1	NA	NA	NA
ENSDART00000128655	wipi2	124	40.5	27.6	5.6	12.7	63.7	92.2	17.41	117.82	2.75859635001
ENSDART00000141338	enc1	1	8.2	8.2	NA	NA	NA	NA	NA	NA	NA
ENSDART00000139174	fam46c	82	22.6	18.3	-3.0	6.0	34.5	49.7	117.61	237.1	1.01148492971
ENSDART00000045504	trit1	30	63.0	54.7	13.4	35.8	99.2	116.4	NA	NA	NA
ENSDART00000111238	mocs1	1	50.9	50.9	NA	NA	NA	NA	NA	NA	NA
ENSDART00000091140	snx21	41	23.5	22.5	3.6	11.9	34.4	42.0	NA	NA	NA
ENSDART00000100611	si:ch211-244b2.3	11	25.3	24.4	12.2	14.2	29.9	44.4	NA	NA	NA
ENSDART00000085976	smg7	121	63.0	49.5	6.3	16.5	111.3	130.2	16.1	54.79	1.7668519153
ENSDART00000152257	PPP1R16A	80	25.9	20.5	4.8	9.0	34.9	53.8	NA	NA	NA
ENSDART00000129873	ZNF365	4	9.6	9.7	NA	NA	NA	NA	NA	NA	NA
ENSDART00000002250	hs6st2	110	20.7	18.6	3.7	10.4	27.0	39.0	11.19	4.5	-1.31421312976
ENSDART00000111234	gdpd5a	94	29.4	24.3	8.8	14.3	37.2	55.5	NA	NA	NA
ENSDART00000111237	BX469922.1	2	15.3	15.3	NA	NA	NA	NA	NA	NA	NA
ENSDART00000025131	wdr33	160	15.4	12.9	2.3	6.0	22.2	30.6	19.31	2.83	-2.77047420612
ENSDART00000138555	casd1	702	18.3	15.5	4.2	8.9	25.0	35.7	NA	NA	NA
ENSDART00000055487	chmp3	514	21.4	19.0	7.0	11.7	27.9	41.1	NA	NA	NA
ENSDART00000129926	si:dkey-100n23.5	437	13.7	11.1	1.5	5.4	17.3	26.2	NA	NA	NA
ENSDART00000052907	acy3.1	68	28.2	25.1	9.0	15.9	40.5	50.6	NA	NA	NA
ENSDART00000052906	CR376787.1	13	29.3	30.4	9.8	19.3	42.7	51.1	NA	NA	NA
ENSDART00000023210	trim13	99	44.7	44.8	9.6	24.2	65.5	78.8	NA	NA	NA
ENSDART00000086405	rnf217	40	21.5	18.2	2.3	10.2	29.2	42.9	NA	NA	NA
ENSDART00000033072	epc1	48	18.2	12.5	1.1	6.5	27.0	37.0	21.05	3.81	-2.46595733046
ENSDART00000149373	aass	94	42.0	35.9	8.6	22.0	58.1	83.7	NA	NA	NA
ENSDART00000090810	kcnh8	4	24.7	22.0	NA	NA	NA	NA	NA	NA	NA
ENSDART00000129081	tmem145	5	53.9	55.9	NA	NA	NA	NA	NA	NA	NA
ENSDART00000141106	gps1	397	16.8	14.7	2.7	8.4	23.4	33.9	100.98	46.3	-1.1249854839
ENSDART00000099779	tmem101	183	41.2	33.0	7.7	15.3	59.0	84.2	NA	NA	NA
ENSDART00000080333	ppapdc2	93	58.9	46.6	11.0	19.0	92.0	125.7	NA	NA	NA
ENSDART00000128030	zgc:171759	15	16.3	12.5	1.1	5.0	22.6	45.0	NA	NA	NA
ENSDART00000104475	TMSB10	87	31.4	25.8	2.4	10.7	41.1	77.0	NA	NA	NA
ENSDART00000078156	srm	180	42.7	33.0	6.5	14.4	66.1	92.9	NA	NA	NA
ENSDART00000021336	dnaja1l	115	29.8	23.1	5.5	12.9	38.3	64.1	14.68	61.96	2.07748517595
ENSDART00000104476	snx9a	44	29.0	23.4	2.6	9.4	44.8	60.9	NA	NA	NA
ENSDART00000099777	si:dkey-103i16.6	761	19.3	12.9	1.3	6.3	25.4	45.0	NA	NA	NA
ENSDART00000080338	dusp14	8	27.3	21.9	NA	NA	NA	NA	NA	NA	NA
ENSDART00000104718	KIF20B	57	74.4	67.5	15.5	32.3	117.6	129.6	36.26	136.28	1.91012302235
ENSDART00000078124	trim35-29	269	24.2	21.4	6.6	12.7	33.8	45.4	NA	NA	NA
ENSDART00000111769	MKL1	4	39.5	35.9	NA	NA	NA	NA	NA	NA	NA
ENSDART00000104712	hmg20a	44	114.9	126.4	29.7	54.9	155.7	186.5	35.14	56.82	0.693284640181
ENSDART00000088531	BX908793.1	2	54.5	54.5	NA	NA	NA	NA	NA	NA	NA
ENSDART00000104717	rsl24d1	773	27.7	24.4	8.0	14.2	38.1	52.1	155.66	72.0	-1.11232945057
ENSDART00000148358	gpr133	19	27.2	28.9	3.2	9.5	33.6	49.0	NA	NA	NA
ENSDART00000088542	si:dkey-110c1.10	1	10.9	10.9	NA	NA	NA	NA	NA	NA	NA
ENSDART00000111957	fam208b	107	38.2	34.1	9.0	20.5	56.0	74.2	8.69	17.27	0.990840000715
ENSDART00000089333	dak	43	28.1	20.5	5.5	10.4	44.6	54.7	NA	NA	NA
ENSDART00000089121	CU019652.1	25	66.0	62.5	17.3	40.5	89.9	127.1	NA	NA	NA
ENSDART00000089120	adnpa	333	47.7	45.3	12.9	25.9	64.9	87.2	62.02	122.72	0.98456495689
ENSDART00000062603	cadm1b	1	38.4	38.4	NA	NA	NA	NA	NA	NA	NA
ENSDART00000121497	wdr47b	52	26.8	20.6	2.5	10.1	39.6	67.9	NA	NA	NA
ENSDART00000139318	si:dkey-1d7.3	29	46.7	49.2	14.7	23.8	65.4	78.2	NA	NA	NA
ENSDART00000022495	ndel1a	10	26.5	25.8	12.3	17.2	36.6	38.1	NA	NA	NA
ENSDART00000121498	narg2	129	18.2	15.2	2.2	8.5	24.9	35.7	NA	NA	NA
ENSDART00000043218	ube2j1	515	18.7	14.6	3.0	8.3	24.0	39.4	NA	NA	NA
ENSDART00000129450	slc18b1	10	32.9	25.2	13.6	15.4	44.7	59.3	NA	NA	NA
ENSDART00000053502	DOM3Z	119	46.7	45.6	9.9	22.1	64.0	87.2	38.09	91.28	1.26088650373
ENSDART00000136649	si:dkey-92i17.2	7	23.9	20.7	NA	NA	NA	NA	16.17	4.05	-1.9973258657
ENSDART00000053505	PITPNC1	90	34.9	24.6	3.4	10.4	49.1	86.1	15.54	15.47	-0.00651330695867
ENSDART00000131743	C22H19orf60	74	11.2	9.6	1.9	5.7	15.9	21.3	NA	NA	NA
ENSDART00000085865	stim1a	51	52.6	33.0	1.9	12.9	97.3	124.9	19.59	59.29	1.59767139912
ENSDART00000084675	WDR44	239	27.2	21.4	5.1	11.2	38.2	55.7	31.13	33.04	0.0859081099503
ENSDART00000136646	gpatch2	114	50.2	36.0	2.6	19.5	84.0	115.7	NA	NA	NA
ENSDART00000123384	FP326665.1	64	33.2	27.5	11.1	15.7	51.4	62.7	NA	NA	NA
ENSDART00000123386	rnf126	1	1.1	1.1	NA	NA	NA	NA	NA	NA	NA
ENSDART00000123387	dpf3	1	54.9	54.9	NA	NA	NA	NA	NA	NA	NA
ENSDART00000123381	AL929286.1	32	22.5	20.6	8.2	10.6	27.9	38.7	NA	NA	NA
ENSDART00000111634	wdr4	1	27.4	27.4	NA	NA	NA	NA	NA	NA	NA
ENSDART00000099360	zp2.1	318	22.7	16.8	5.7	10.0	30.2	50.5	15.01	0.67	-4.48561907116
ENSDART00000133927	sptlc1	228	29.5	25.3	5.9	12.2	40.2	59.9	NA	NA	NA
ENSDART00000099364	taf10	226	46.1	41.9	13.5	26.0	57.2	78.6	91.01	120.73	0.407687233939
ENSDART00000142069	ndufb7	160	18.4	15.3	2.6	8.1	23.9	37.6	34.65	6.29	-2.46172343015
ENSDART00000059976	nr2f2	13	19.0	17.7	7.8	8.3	25.6	35.3	NA	NA	NA
ENSDART00000132452	SYMPK	35	36.2	34.1	8.9	13.7	49.0	66.6	15.14	20.28	0.421692447018
ENSDART00000112553	rims1a	14	53.0	46.9	24.0	32.2	73.0	78.4	NA	NA	NA
ENSDART00000151161	GCNT4	1	-5.8	-5.8	NA	NA	NA	NA	NA	NA	NA
ENSDART00000000392	pde6a	1	83.5	83.5	NA	NA	NA	NA	NA	NA	NA
ENSDART00000122760	SH3D21	419	12.9	10.2	2.0	5.7	17.9	26.7	NA	NA	NA
ENSDART00000059322	CSGALNACT1	1	18.6	18.6	NA	NA	NA	NA	NA	NA	NA
ENSDART00000121724	lrp5	10	52.0	34.7	12.8	26.0	77.1	106.0	5.32	15.35	1.52874050476
ENSDART00000121725	zcchc10	384	44.6	37.7	13.4	21.3	58.6	92.9	54.23	315.72	2.54148257887
ENSDART00000147627	jarid2b	114	36.3	28.9	8.5	14.4	46.1	76.3	15.53	32.81	1.07907776413
ENSDART00000147620	si:ch211-102c2.8	2	34.0	34.0	NA	NA	NA	NA	NA	NA	NA
ENSDART00000026816	COX20	147	14.0	11.9	1.6	5.7	19.5	33.0	NA	NA	NA
ENSDART00000013033	etv4	10	27.4	28.6	6.5	12.2	41.7	46.3	NA	NA	NA
ENSDART00000085685	sirt7	60	34.5	25.1	5.8	13.5	53.8	71.7	NA	NA	NA
ENSDART00000122525	CABZ01080568.2	143	31.6	25.3	5.7	12.1	46.7	68.5	42.63	48.44	0.18432980973
ENSDART00000121728	rpl19	1620	19.2	13.3	1.7	6.1	29.9	44.4	456.74	27.96	-4.02993687658
ENSDART00000147998	si:dkey-164k14.1	10	32.3	24.2	7.7	13.2	33.5	56.3	NA	NA	NA
ENSDART00000025820	hoga1	1	7.6	7.6	NA	NA	NA	NA	NA	NA	NA
ENSDART00000127548	etv5b	343	24.0	20.8	4.1	11.1	32.0	44.9	31.04	36.95	0.251445806846
ENSDART00000061794	nr1h4	15	21.9	22.7	1.4	9.0	29.0	47.1	NA	NA	NA
ENSDART00000099030	si:ch211-251f6.6	20	23.8	16.3	10.6	12.5	37.9	42.4	NA	NA	NA
ENSDART00000015979	farsb	205	18.5	14.5	4.2	8.9	25.4	41.4	15.77	12.27	-0.362047411128
ENSDART00000127547	or111-10	1	18.0	18.0	NA	NA	NA	NA	NA	NA	NA
ENSDART00000136259	kctd10	251	44.6	39.3	12.1	22.2	64.1	86.2	NA	NA	NA
ENSDART00000080808	six3a	21	15.6	14.7	-11.1	5.5	27.1	32.0	NA	NA	NA
ENSDART00000123656	ATP6AP1L	17	32.8	24.2	13.3	18.0	50.0	60.3	NA	NA	NA
ENSDART00000131972	bckdhbl	6	15.7	10.5	NA	NA	NA	NA	NA	NA	NA
ENSDART00000123655	psip1	84	64.9	63.9	21.8	42.9	87.2	106.5	NA	NA	NA
ENSDART00000123652	si:dkeyp-86f7.3	1	14.2	14.2	NA	NA	NA	NA	NA	NA	NA
ENSDART00000131975	telo2	83	32.0	25.9	4.1	12.2	43.2	70.4	12.51	12.85	0.0386865699154
ENSDART00000080805	six2a	3	25.7	22.2	NA	NA	NA	NA	NA	NA	NA
ENSDART00000131977	ppp2r3a	8	41.4	27.8	NA	NA	NA	NA	NA	NA	NA
ENSDART00000152975	MSL1	53	33.3	24.6	10.6	14.3	44.4	69.6	8.27	10.63	0.36218236236
ENSDART00000147778	usp19	13	33.0	31.6	8.9	15.7	41.5	52.2	9.25	44.7	2.27274956067
ENSDART00000079541	tmem56a	31	57.9	43.2	7.6	22.7	89.0	114.1	NA	NA	NA
ENSDART00000078447	tprg1	158	24.6	22.5	8.8	14.8	30.1	39.4	NA	NA	NA
ENSDART00000121878	znf277	131	15.7	12.8	1.2	7.7	21.0	32.1	NA	NA	NA
ENSDART00000121875	xirp2b	2	23.1	23.1	NA	NA	NA	NA	NA	NA	NA
ENSDART00000121872	BX004890.2	199	25.7	20.9	6.7	12.9	34.1	50.2	NA	NA	NA
ENSDART00000144986	otud5a	53	23.5	22.5	5.6	9.2	33.4	49.1	28.09	8.31	-1.75713624236
ENSDART00000036801	slc17a9a	6	16.2	9.1	NA	NA	NA	NA	NA	NA	NA
ENSDART00000037401	herpud2	56	17.7	15.7	4.7	9.3	25.1	31.8	NA	NA	NA
ENSDART00000105403	CU138503.3	1	73.0	73.0	NA	NA	NA	NA	NA	NA	NA
ENSDART00000105402	zgc:154040	1	12.8	12.8	NA	NA	NA	NA	NA	NA	NA
ENSDART00000100160	chtf8	175	16.4	13.5	2.5	6.5	23.6	35.9	NA	NA	NA
ENSDART00000105405	cirbp	897	110.7	124.5	13.3	50.4	165.7	190.2	211.41	1513.74	2.84000190427
ENSDART00000061117	rrbp1b	678	15.8	13.5	3.4	7.8	20.7	30.0	100.94	5.45	-4.21109795163
ENSDART00000007512	pole3	85	55.2	46.0	18.5	27.5	73.2	109.2	92.89	223.64	1.2675830522
ENSDART00000128122	KLHL9	127	56.0	57.2	13.2	31.5	79.8	101.1	20.34	105.96	2.38112816451
ENSDART00000103798	nme6	38	28.5	27.5	13.4	20.5	33.8	38.6	NA	NA	NA
ENSDART00000113159	prickle3	45	20.1	16.2	7.4	12.4	25.6	39.4	NA	NA	NA
ENSDART00000034536	rab5c	104	53.0	39.8	7.2	16.7	81.0	133.2	35.55	269.42	2.92193548618
ENSDART00000149905	mrpl17	289	16.4	15.0	4.0	9.2	21.6	29.1	NA	NA	NA
ENSDART00000149902	ddr2a	8	39.4	37.5	NA	NA	NA	NA	NA	NA	NA
ENSDART00000105114	btr16	183	19.6	14.4	4.7	10.0	25.5	37.4	NA	NA	NA
ENSDART00000134554	cmpk	876	20.7	14.5	4.1	7.9	26.4	43.0	73.69	113.33	0.620989054039
ENSDART00000152973	RNF157	1	149.2	149.2	NA	NA	NA	NA	NA	NA	NA
ENSDART00000105117	sptssa	95	31.5	26.0	2.8	12.5	42.9	67.1	NA	NA	NA
ENSDART00000045539	MYO5C	3	51.6	50.0	NA	NA	NA	NA	NA	NA	NA
ENSDART00000099945	pdlim5a	1	1.1	1.1	NA	NA	NA	NA	NA	NA	NA
ENSDART00000113998	CR376738.1	9	35.2	42.5	NA	NA	NA	NA	NA	NA	NA
ENSDART00000042755	ampd1	1	46.3	46.3	NA	NA	NA	NA	NA	NA	NA
ENSDART00000033980	lims1	60	34.3	30.7	11.0	20.4	50.4	59.4	NA	NA	NA
ENSDART00000142244	dnajb1b	96	68.0	70.7	12.7	38.0	97.9	115.6	35.57	397.15	3.48095112379
ENSDART00000099943	PSMB10	40	20.9	14.8	-0.6	8.0	33.4	45.4	NA	NA	NA
ENSDART00000146717	clica	4	30.6	22.4	NA	NA	NA	NA	NA	NA	NA
ENSDART00000036204	cdv3	171	23.2	17.6	3.3	8.1	31.0	50.4	57.51	22.26	-1.36935924505
ENSDART00000103123	anapc11	517	29.4	25.1	6.6	14.3	42.1	58.7	268.01	163.28	-0.7149387441
ENSDART00000050535	rrnad1	11	30.3	32.0	15.4	22.2	39.2	41.9	NA	NA	NA
ENSDART00000135690	lactbl1a	1	16.4	16.4	NA	NA	NA	NA	NA	NA	NA
ENSDART00000047013	srprb	764	44.2	40.0	15.1	25.2	59.6	79.7	63.55	256.44	2.01265728349
ENSDART00000047015	CCDC115	132	15.2	14.1	3.3	9.1	21.0	29.0	NA	NA	NA
ENSDART00000134723	prr15la	1	1.2	1.2	NA	NA	NA	NA	NA	NA	NA
ENSDART00000065385	nr4a2b	17	24.3	19.7	6.5	11.6	30.3	45.5	NA	NA	NA
ENSDART00000002930	phf20l1	96	40.5	33.7	6.6	15.3	54.0	84.2	34.67	18.77	-0.885259186372
ENSDART00000002932	marcksb	569	129.4	144.4	34.5	102.6	167.9	184.7	85.7	990.07	3.53016342088
ENSDART00000026766	aldocb	111	26.0	19.8	7.6	11.5	36.4	53.4	NA	NA	NA
ENSDART00000026767	akt2	511	16.7	13.3	3.3	7.5	22.7	33.8	36.86	23.7	-0.637169011845
ENSDART00000104549	hcrt	1	28.2	28.2	NA	NA	NA	NA	NA	NA	NA
ENSDART00000098010	ptger4b	2	42.3	42.3	NA	NA	NA	NA	NA	NA	NA
ENSDART00000126414	eml1	8	31.9	36.8	NA	NA	NA	NA	NA	NA	NA
ENSDART00000126759	cnih4	264	29.8	21.7	5.4	10.8	38.5	59.0	NA	NA	NA
ENSDART00000010322	SENP8	35	19.4	15.8	4.6	9.6	23.7	36.4	NA	NA	NA
ENSDART00000102184	arl13b	1	14.8	14.8	NA	NA	NA	NA	NA	NA	NA
ENSDART00000143295	hnmt	5	48.0	13.9	NA	NA	NA	NA	NA	NA	NA
ENSDART00000018114	usp33	426	31.6	27.3	8.7	16.6	41.0	59.4	NA	NA	NA
ENSDART00000130190	uros	122	39.0	28.2	6.4	12.0	48.6	94.9	NA	NA	NA
ENSDART00000074919	ubqln4	162	16.6	15.2	2.1	7.5	23.3	29.2	12.28	25.28	1.04168590281
ENSDART00000033188	btg1	29	36.1	31.6	10.9	16.9	46.7	69.8	NA	NA	NA
ENSDART00000008737	efhc2	1	-0.9	-0.9	NA	NA	NA	NA	NA	NA	NA
ENSDART00000066604	gpr137c	367	27.9	18.6	2.4	8.0	38.2	74.2	NA	NA	NA
ENSDART00000018119	e2f4	67	31.0	21.4	6.9	14.5	39.3	75.5	9.58	19.77	1.04521530999
ENSDART00000100941	chchd1	308	20.6	18.0	5.7	10.8	27.6	39.1	NA	NA	NA
ENSDART00000080916	fgfr2	2	18.3	18.3	NA	NA	NA	NA	NA	NA	NA
ENSDART00000111590	vps35	140	49.1	38.9	6.9	15.9	75.5	105.1	21.11	49.97	1.24313563939
ENSDART00000111591	slc16a6a	2	14.0	14.0	NA	NA	NA	NA	NA	NA	NA
ENSDART00000111842	sall1a	12	70.3	55.8	27.5	40.7	82.1	96.8	NA	NA	NA
ENSDART00000111841	AL840638.1	9	21.3	22.1	NA	NA	NA	NA	NA	NA	NA
ENSDART00000059476	psmg1	63	32.6	28.4	8.1	12.1	47.1	63.9	33.6	41.36	0.299774952649
ENSDART00000137128	ap1b1	280	28.4	22.3	6.6	13.4	37.6	56.1	NA	NA	NA
ENSDART00000121550	ktn1	198	37.5	27.4	6.5	13.6	52.1	90.0	69.29	26.6	-1.38122091051
ENSDART00000030984	wdr73	280	19.0	17.0	5.2	10.1	25.9	34.3	NA	NA	NA
ENSDART00000125714	CR788311.1	1	69.5	69.5	NA	NA	NA	NA	NA	NA	NA
ENSDART00000043866	plk4	238	15.8	13.9	2.8	8.0	20.9	30.7	16.0	2.05	-2.96437609027
ENSDART00000073694	SMU1	11	50.6	41.7	23.5	28.5	68.9	92.5	NA	NA	NA
ENSDART00000077937	p2ry8	1	46.3	46.3	NA	NA	NA	NA	NA	NA	NA
ENSDART00000077936	lcmt1	94	32.8	26.1	8.1	16.3	37.7	67.3	NA	NA	NA
ENSDART00000141921	arhgap29b	3	14.0	14.8	NA	NA	NA	NA	NA	NA	NA
ENSDART00000101413	si:ch211-214c7.4	428	38.6	30.7	9.8	17.1	53.4	77.3	32.14	126.96	1.98193219916
ENSDART00000101414	hnrnpd	0	NA	NA	NA	NA	NA	NA	27.35	22.34	-0.291911647197
ENSDART00000004896	kat7	384	38.5	31.1	8.6	16.3	50.7	82.0	38.09	204.13	2.42200403086
ENSDART00000004899	ccnl1b	556	26.6	23.0	6.0	12.4	38.7	51.7	77.24	97.87	0.341518535336
ENSDART00000023278	fads2	5	29.0	12.4	NA	NA	NA	NA	NA	NA	NA
ENSDART00000129248	clstn1	296	21.9	18.2	4.8	9.5	27.9	43.7	11.97	17.24	0.526336622146
ENSDART00000109434	AIFM2	171	19.6	16.6	2.1	7.4	25.3	39.3	NA	NA	NA
ENSDART00000083203	mamdc2a	1	20.9	20.9	NA	NA	NA	NA	NA	NA	NA
ENSDART00000109432	cercam	7	54.2	31.3	NA	NA	NA	NA	NA	NA	NA
ENSDART00000058703	ccrl1b	1	8.1	8.1	NA	NA	NA	NA	NA	NA	NA
ENSDART00000142575	tceb1b	128	41.6	31.9	8.6	13.9	53.1	91.4	NA	NA	NA
ENSDART00000057164	cox16	22	30.9	28.4	-0.1	15.7	38.7	61.0	NA	NA	NA
ENSDART00000058707	CU694315.1	5	23.0	11.3	NA	NA	NA	NA	NA	NA	NA
ENSDART00000078460	si:dkey-191g9.5	2	30.3	30.3	NA	NA	NA	NA	NA	NA	NA
ENSDART00000097631	SLC9A1	72	32.5	20.1	6.6	13.0	36.6	75.9	23.66	14.57	-0.699449196275
ENSDART00000112169	rbm4.2	83	71.4	64.5	6.7	19.1	111.5	148.6	27.11	507.02	4.22514563886
ENSDART00000080103	mxd3	636	13.7	11.3	1.5	5.4	18.7	27.7	NA	NA	NA
ENSDART00000112165	pi4kb	89	42.7	28.1	5.5	12.9	55.7	114.1	8.34	41.14	2.30242250508
ENSDART00000112167	srfbp1	163	38.7	33.4	12.9	21.0	52.5	68.2	80.08	32.01	-1.32291929729
ENSDART00000053883	si:dkey-60a16.1	93	26.1	22.1	5.7	12.1	37.1	54.3	NA	NA	NA
ENSDART00000089465	mxra8b	2	115.4	115.4	NA	NA	NA	NA	NA	NA	NA
ENSDART00000122321	slc33a1	44	20.7	17.6	7.5	9.7	26.8	40.2	NA	NA	NA
ENSDART00000032275	atp6v1c1a	213	15.0	13.0	4.2	7.6	19.9	28.2	NA	NA	NA
ENSDART00000039917	acsl1	5	21.2	12.2	NA	NA	NA	NA	NA	NA	NA
ENSDART00000103068	exoc1	36	40.3	40.0	-5.5	15.7	62.7	87.6	14.58	32.31	1.14799003094
ENSDART00000039911	PKD1	4	29.9	22.6	NA	NA	NA	NA	NA	NA	NA
ENSDART00000001359	psmb11	24	27.8	23.0	11.0	17.6	32.5	56.0	NA	NA	NA
ENSDART00000039913	hspbap1	39	16.5	11.3	4.8	7.3	20.9	38.9	NA	NA	NA
ENSDART00000099566	CDCA2	461	54.0	44.0	15.3	27.5	69.3	104.7	38.16	94.87	1.31389077582
ENSDART00000089274	tab3	417	28.9	21.2	5.6	10.7	35.0	66.8	22.92	18.03	-0.346207647325
ENSDART00000009586	CAMTA2	50	31.5	28.0	8.1	15.3	39.3	61.8	NA	NA	NA
ENSDART00000128002	adrm1	304	16.2	13.6	4.3	9.5	21.9	30.9	21.78	8.5	-1.35746920769
ENSDART00000062359	unga	447	33.8	26.3	9.9	15.4	45.3	68.1	48.02	258.24	2.42700517505
ENSDART00000130311	naa30	265	30.9	23.6	6.9	13.8	41.5	60.9	NA	NA	NA
ENSDART00000048821	plxnb2a	174	47.7	37.0	8.7	18.6	74.6	102.0	10.73	70.34	2.71269525887
ENSDART00000003493	nfyal	48	99.4	95.1	17.2	33.2	135.4	163.6	NA	NA	NA
ENSDART00000079758	eif4g2b	370	51.2	48.3	11.2	21.4	76.2	95.1	37.86	145.63	1.94356126736
ENSDART00000002556	mrto4	21	28.2	23.1	7.6	11.1	38.7	49.9	NA	NA	NA
ENSDART00000008980	babam1	83	23.1	20.1	4.9	12.1	33.2	42.9	NA	NA	NA
ENSDART00000008986	si:ch211-266k8.3	1	-0.7	-0.7	NA	NA	NA	NA	NA	NA	NA
ENSDART00000048828	atp1a1a.4	12	27.2	17.9	7.4	13.9	38.0	66.2	NA	NA	NA
ENSDART00000138162	arhgap35	105	40.3	33.5	8.4	17.8	55.9	86.8	8.65	16.65	0.944750139435
ENSDART00000124440	CABZ01029822.1	1	8.5	8.5	NA	NA	NA	NA	NA	NA	NA
ENSDART00000041249	CHORDC1	278	20.7	18.3	4.1	9.8	28.1	40.9	NA	NA	NA
ENSDART00000124448	metap2b	2	64.6	64.6	NA	NA	NA	NA	56.7	57.91	0.0304637616602
ENSDART00000146870	CEBPZ	315	25.5	21.1	3.7	11.1	35.7	54.2	335.02	48.65	-2.78373551393
ENSDART00000125638	tbx5b	1	24.7	24.7	NA	NA	NA	NA	NA	NA	NA
ENSDART00000098711	eif3k	84	24.0	20.4	5.2	11.0	31.9	50.1	74.68	10.7	-2.80311113094
ENSDART00000110166	zmiz2	210	20.9	17.9	3.2	9.4	30.1	42.9	12.59	13.42	0.0921063884812
ENSDART00000032393	ginm1	60	28.6	23.7	6.7	13.0	36.9	51.3	NA	NA	NA
ENSDART00000065325	cdc23	123	18.9	16.9	5.6	9.8	26.2	35.1	17.67	8.83	-1.0008166969
ENSDART00000097478	lsmd1	506	16.4	13.4	3.4	8.1	21.8	33.5	113.63	9.25	-3.6187466021
ENSDART00000000698	psmb9a	8	23.3	20.2	NA	NA	NA	NA	NA	NA	NA
ENSDART00000129772	gck	4	16.4	17.6	NA	NA	NA	NA	NA	NA	NA
ENSDART00000053267	hnrnpa1	1604	104.9	112.1	38.7	80.9	134.3	152.0	439.16	1812.27	2.04497935
ENSDART00000077753	foxc1b	3	8.0	7.2	NA	NA	NA	NA	NA	NA	NA
ENSDART00000136416	abhd4	58	27.4	26.0	8.7	16.4	38.1	46.3	NA	NA	NA
ENSDART00000092116	extl2	178	23.4	20.5	3.9	10.2	31.2	46.9	NA	NA	NA
ENSDART00000131375	bspry	3	15.0	12.1	NA	NA	NA	NA	NA	NA	NA
ENSDART00000136412	tex30	110	21.6	16.4	4.5	9.1	29.7	43.7	NA	NA	NA
ENSDART00000078800	lim2.1	1	8.7	8.7	NA	NA	NA	NA	NA	NA	NA
ENSDART00000139690	si:dkey-224e22.2	20	29.2	25.0	9.5	12.1	43.9	53.5	NA	NA	NA
ENSDART00000022903	b4galt4	21	17.1	10.3	1.4	7.2	17.8	34.9	NA	NA	NA
ENSDART00000097475	plcl1	4	20.9	21.0	NA	NA	NA	NA	NA	NA	NA
ENSDART00000091777	bap1	110	21.7	17.5	1.6	9.0	28.3	45.3	21.84	5.46	-2.0
ENSDART00000113698	LIMA1	120	57.7	51.8	15.3	29.1	79.9	105.8	7.04	19.13	1.44218953971
ENSDART00000127730	chd2	67	30.0	26.5	5.0	13.7	42.7	55.3	17.24	2.42	-2.83268082181
ENSDART00000129710	crtac1a	1	9.6	9.6	NA	NA	NA	NA	NA	NA	NA
ENSDART00000129241	ERICH2	28	17.0	13.3	3.5	7.8	23.8	37.0	NA	NA	NA
ENSDART00000126960	samd1a	117	26.0	18.4	6.1	9.6	37.4	56.0	NA	NA	NA
ENSDART00000126967	strn3	276	19.4	15.1	4.0	8.1	26.4	39.8	25.51	9.62	-1.40695409983
ENSDART00000129714	spcs3	362	34.3	30.2	7.9	16.0	47.6	65.3	76.69	59.47	-0.366876393918
ENSDART00000092113	zranb1b	105	26.7	24.7	6.1	12.7	37.5	52.7	29.4	9.02	-1.70461681647
ENSDART00000133461	camk2b1	15	38.1	29.5	13.0	21.9	49.2	72.3	NA	NA	NA
ENSDART00000114646	NIPBL	199	21.9	18.5	3.8	11.8	29.4	44.8	44.38	10.77	-2.04289141765
ENSDART00000110084	CT573494.2	3	21.4	21.3	NA	NA	NA	NA	NA	NA	NA
ENSDART00000035581	OTOP1	3	23.6	32.9	NA	NA	NA	NA	NA	NA	NA
ENSDART00000110337	KCNT2	2	39.9	39.9	NA	NA	NA	NA	NA	NA	NA
ENSDART00000124032	SERBP1	411	63.7	52.3	9.2	22.5	101.9	138.2	71.75	280.97	1.96936536094
ENSDART00000150064	cdc14b	484	36.8	33.3	10.5	18.9	50.5	68.2	100.38	150.11	0.580548238139
ENSDART00000150062	ap1g1	243	51.6	42.7	11.3	23.6	72.8	103.6	26.19	97.5	1.89638615917
ENSDART00000149744	mllt10	85	27.2	16.3	4.2	8.9	40.7	68.6	16.18	30.91	0.933862046428
ENSDART00000149297	slc20a2	88	36.4	27.9	3.5	15.3	54.0	78.3	11.61	46.8	2.01114055761
ENSDART00000092609	pvrl2l	9	39.5	31.8	NA	NA	NA	NA	NA	NA	NA
ENSDART00000150068	sox6	3	20.3	22.7	NA	NA	NA	NA	NA	NA	NA
ENSDART00000101124	rnaseka	92	19.1	16.3	4.1	10.4	23.7	37.4	NA	NA	NA
ENSDART00000029680	cadpsa	1	52.8	52.8	NA	NA	NA	NA	NA	NA	NA
ENSDART00000061679	dmap1	23	33.4	26.6	9.0	12.9	44.2	64.2	31.72	94.89	1.58086328553
ENSDART00000131193	C25H11orf74	97	29.7	26.7	10.2	17.5	38.7	50.2	NA	NA	NA
ENSDART00000125925	tead1a	119	13.3	10.3	-0.4	5.1	17.7	29.3	NA	NA	NA
ENSDART00000125923	cxcl14	12	18.8	17.7	7.7	12.8	21.2	34.6	NA	NA	NA
ENSDART00000125920	pdlim2	18	9.7	7.7	-7.8	1.1	12.7	21.5	NA	NA	NA
ENSDART00000022307	atic	271	15.7	11.0	1.2	5.4	20.4	33.5	21.34	13.41	-0.67025093892
ENSDART00000067159	tph1a	34	24.6	21.1	4.4	12.3	27.8	38.7	NA	NA	NA
ENSDART00000091550	LPHN2	33	16.5	15.6	1.2	9.4	19.8	33.8	2.93	1.05	-1.48051133676
ENSDART00000145124	si:ch211-242f23.7	2	16.3	16.3	NA	NA	NA	NA	NA	NA	NA
ENSDART00000101120	zgc:92664	88	36.5	33.9	9.2	20.3	53.6	63.1	NA	NA	NA
ENSDART00000145120	PARP14	1	43.4	43.4	NA	NA	NA	NA	3.61	8.55	1.24392558289
ENSDART00000028087	cds2	156	25.7	22.6	6.2	13.6	34.6	53.2	NA	NA	NA
ENSDART00000113345	LENG8	87	34.1	32.2	7.0	18.7	47.8	66.0	6.23	41.48	2.73511182579
ENSDART00000113344	kiss2	11	35.9	24.2	8.5	16.7	54.1	69.7	NA	NA	NA
ENSDART00000114423	rapgef3	1	0.9	0.9	NA	NA	NA	NA	NA	NA	NA
ENSDART00000113342	tox3	79	25.2	18.6	0.7	10.2	33.2	54.2	NA	NA	NA
ENSDART00000005853	otub1b	92	35.1	28.2	7.5	15.4	54.7	78.2	NA	NA	NA
ENSDART00000087438	cog7	300	25.6	22.1	6.0	13.1	36.6	49.8	12.48	15.23	0.287298007625
ENSDART00000005857	PRICKLE2	73	32.5	31.3	6.2	13.1	48.4	62.9	NA	NA	NA
ENSDART00000114429	CR381676.2	105	33.6	25.9	9.8	16.1	44.4	64.7	NA	NA	NA
ENSDART00000075584	kctd12.2	1	48.1	48.1	NA	NA	NA	NA	NA	NA	NA
ENSDART00000017493	nkx2.1b	3	35.6	22.0	NA	NA	NA	NA	NA	NA	NA
ENSDART00000048775	mbd3b	52	22.1	18.1	4.3	8.0	31.1	41.8	NA	NA	NA
ENSDART00000043660	copg2	702	22.6	20.1	6.7	12.7	30.8	42.1	62.33	59.69	-0.0624374589611
ENSDART00000019235	atp5d	406	17.4	14.3	3.0	8.2	23.5	35.5	80.24	18.07	-2.15072509975
ENSDART00000133747	CU302436.4	3	4.9	6.9	NA	NA	NA	NA	NA	NA	NA
ENSDART00000124943	aldh16a1	71	41.3	42.9	7.8	19.0	65.1	74.5	NA	NA	NA
ENSDART00000103776	hdhd3	119	17.9	15.6	2.3	7.5	23.5	36.5	NA	NA	NA
ENSDART00000149124	ttc1	124	16.8	13.6	4.4	6.8	22.1	33.7	18.08	5.16	-1.80895170699
ENSDART00000007726	ccdc101	287	18.2	16.3	6.4	10.8	24.3	33.7	61.58	6.47	-3.25062425005
ENSDART00000151218	tpd52	195	17.3	15.1	2.8	8.0	21.9	34.4	NA	NA	NA
ENSDART00000042430	dlg4	4	10.2	10.2	NA	NA	NA	NA	NA	NA	NA
ENSDART00000064172	gpd1a	7	18.5	10.3	NA	NA	NA	NA	NA	NA	NA
ENSDART00000031775	zgc:73226	17	15.2	14.4	5.1	9.1	19.5	27.5	NA	NA	NA
ENSDART00000141730	rabif	105	25.5	23.0	4.9	12.1	34.1	53.2	NA	NA	NA
ENSDART00000124464	sox9b	69	30.8	23.6	4.7	11.1	40.0	63.6	NA	NA	NA
ENSDART00000139432	gtdc2	54	35.0	32.7	7.0	15.5	48.3	60.1	NA	NA	NA
ENSDART00000138107	rps2	1213	25.0	22.7	4.8	11.9	35.7	49.7	275.77	9.28	-4.89319690434
ENSDART00000113427	TMEM260	11	83.6	88.3	38.0	71.7	101.3	112.3	NA	NA	NA
ENSDART00000028885	hmga1a	1216	108.5	118.7	20.7	71.4	149.7	171.8	115.81	1652.32	3.83466137824
ENSDART00000028887	tmem9b	532	21.7	18.9	5.2	10.9	29.2	41.4	NA	NA	NA
ENSDART00000052029	CU469544.1	1	73.6	73.6	NA	NA	NA	NA	NA	NA	NA
ENSDART00000135508	josd2	243	15.5	13.0	3.1	7.6	21.3	31.6	NA	NA	NA
ENSDART00000099885	XAF1	108	25.7	21.9	7.1	13.8	34.3	48.0	NA	NA	NA
ENSDART00000088363	setdb1b	97	47.9	31.9	6.1	14.9	75.1	111.0	24.77	129.22	2.38316360646
ENSDART00000026152	asap2a	23	29.6	25.6	3.0	9.2	34.7	62.3	NA	NA	NA
ENSDART00000043002	rab1a	94	29.6	20.0	5.1	10.4	38.6	63.1	NA	NA	NA
ENSDART00000134461	zgc:193690	88	23.4	16.2	4.2	9.3	37.1	48.2	NA	NA	NA
ENSDART00000054823	aurkb	1757	13.4	10.3	0.3	4.8	18.3	29.7	243.38	17.7	-3.78138935256
ENSDART00000088367	KDM5A	73	27.7	24.1	11.3	15.8	34.9	52.6	29.02	4.45	-2.70517027821
ENSDART00000080472	fut11	38	47.1	35.8	11.9	19.7	65.5	98.2	12.75	33.62	1.39882247749
ENSDART00000080477	EPHB6	16	19.0	15.7	2.7	8.7	27.6	41.3	NA	NA	NA
ENSDART00000144525	EPG5	101	25.2	21.2	5.9	13.8	36.8	48.0	NA	NA	NA
ENSDART00000080479	SHC3	18	28.2	20.6	6.6	8.9	33.8	75.3	NA	NA	NA
ENSDART00000088490	neurlb	15	32.7	32.1	12.5	20.6	43.6	51.1	NA	NA	NA
ENSDART00000111065	smtna	1	46.9	46.9	NA	NA	NA	NA	NA	NA	NA
ENSDART00000151336	si:ch73-367f21.5	12	15.6	11.5	4.9	7.1	16.1	27.1	NA	NA	NA
ENSDART00000130968	rcbtb2	40	19.2	15.8	2.4	6.8	27.1	38.2	NA	NA	NA
ENSDART00000111063	kctd1	1	12.6	12.6	NA	NA	NA	NA	NA	NA	NA
ENSDART00000075275	CABZ01066502.1	2	15.4	15.4	NA	NA	NA	NA	NA	NA	NA
ENSDART00000075270	zgc:153733	36	19.7	17.0	1.9	9.1	28.2	40.6	NA	NA	NA
ENSDART00000130961	hsf4	4	37.4	30.1	NA	NA	NA	NA	NA	NA	NA
ENSDART00000135443	kdm5ba	160	29.5	23.5	5.6	14.3	40.5	62.6	22.27	16.0	-0.477029653013
ENSDART00000075186	GALNT16	1	28.0	28.0	NA	NA	NA	NA	NA	NA	NA
ENSDART00000059861	rp42-pen	107	27.4	24.3	6.5	15.5	36.1	49.8	NA	NA	NA
ENSDART00000152788	MKI67	183	82.2	85.9	12.7	34.8	124.1	156.5	61.82	337.98	2.4507923181
ENSDART00000152789	etaa1	299	13.3	11.2	1.3	5.6	20.3	28.3	NA	NA	NA
ENSDART00000112908	PELP1	98	67.7	61.3	14.7	32.0	97.0	135.0	23.97	57.46	1.26132808388
ENSDART00000025931	tfap2e	18	12.0	10.6	1.6	8.9	16.1	24.0	NA	NA	NA
ENSDART00000148659	clip2	37	28.1	26.9	8.0	15.5	39.7	48.9	5.31	4.92	-0.110053545465
ENSDART00000075188	zgc:112399	644	27.0	23.4	8.1	14.1	36.3	49.5	NA	NA	NA
ENSDART00000051139	ncor2	89	27.5	19.0	3.5	9.7	34.3	60.1	18.47	28.16	0.608463467655
ENSDART00000122269	CABZ01074130.1	3	20.9	14.3	NA	NA	NA	NA	NA	NA	NA
ENSDART00000140061	sqstm1	162	14.9	13.0	2.7	6.2	19.7	33.4	NA	NA	NA
ENSDART00000051649	xbp1	2625	15.3	13.8	4.2	8.6	19.8	28.0	131.14	33.75	-1.9581483927
ENSDART00000122260	heatr5a	186	32.1	25.8	5.8	13.9	40.4	73.1	27.16	29.38	0.113350916312
ENSDART00000051644	COQ5	43	22.3	21.9	2.3	10.9	29.5	43.2	NA	NA	NA
ENSDART00000051135	emc6	1046	37.4	30.6	9.5	17.4	52.4	74.9	158.42	165.83	0.065950543365
ENSDART00000030103	zgc:153629	4	15.2	14.6	NA	NA	NA	NA	NA	NA	NA
ENSDART00000101977	kctd12.1	34	23.8	19.0	2.0	5.0	35.1	45.9	NA	NA	NA
ENSDART00000101974	erh	343	83.5	85.8	20.6	50.2	116.6	141.0	124.35	1036.38	3.05907466719
ENSDART00000060453	mfsd11	59	75.4	75.4	5.9	31.3	119.6	137.3	NA	NA	NA
ENSDART00000011456	TSG101	101	31.4	27.4	7.0	17.2	43.9	57.6	NA	NA	NA
ENSDART00000152706	nlrx1	43	34.8	29.1	8.8	14.7	41.9	80.0	NA	NA	NA
ENSDART00000146965	dnttip2	495	34.9	31.3	13.6	20.4	46.6	63.6	129.94	41.56	-1.64457805094
ENSDART00000146966	si:ch211-28e16.5	1	22.4	22.4	NA	NA	NA	NA	NA	NA	NA
ENSDART00000008215	pip5k1bb	114	20.3	17.9	5.4	11.0	26.2	39.4	NA	NA	NA
ENSDART00000112270	tanc2	188	15.1	12.1	0.8	6.6	20.9	30.0	NA	NA	NA
ENSDART00000091894	MAN2A2	35	41.4	37.1	10.1	23.9	55.6	71.1	NA	NA	NA
ENSDART00000111454	UBA6	38	31.7	25.0	4.9	10.4	39.8	67.0	NA	NA	NA
ENSDART00000111453	CU655870.1	58	75.8	82.2	12.8	36.6	106.3	135.6	NA	NA	NA
ENSDART00000075989	zgc:123248	9	12.6	9.6	NA	NA	NA	NA	NA	NA	NA
ENSDART00000057238	olfm3b	3	51.8	59.4	NA	NA	NA	NA	NA	NA	NA
ENSDART00000075982	ankrd55	13	33.4	25.3	7.8	14.7	42.3	70.1	NA	NA	NA
ENSDART00000111458	FRMD1	1	53.0	53.0	NA	NA	NA	NA	NA	NA	NA
ENSDART00000030643	irf10	7	16.8	12.5	NA	NA	NA	NA	NA	NA	NA
ENSDART00000014140	rundc3b	43	34.6	31.0	5.6	21.4	41.1	70.6	16.25	90.72	2.48098092214
ENSDART00000100620	si:dkeyp-50f7.2	0	NA	NA	NA	NA	NA	NA	8.01	3.18	-1.33277547712
ENSDART00000101629	efhb	8	23.4	12.1	NA	NA	NA	NA	NA	NA	NA
ENSDART00000101627	IGLON5	66	16.6	14.0	2.8	6.1	23.1	34.2	NA	NA	NA
ENSDART00000144203	sec61g	1478	12.6	9.8	1.0	5.1	17.0	27.6	174.36	58.07	-1.58620416965
ENSDART00000127370	mtmr7b	2	32.5	32.5	NA	NA	NA	NA	NA	NA	NA
ENSDART00000040292	cpsf3	462	23.4	20.6	6.8	12.3	31.6	44.4	55.0	26.17	-1.07151769425
ENSDART00000040926	eif4ebp2	214	53.1	40.9	3.9	16.3	90.2	118.8	NA	NA	NA
ENSDART00000126361	arhgap27	2	43.0	43.0	NA	NA	NA	NA	NA	NA	NA
ENSDART00000126362	anapc16	137	38.7	22.4	6.4	11.6	59.1	93.1	36.06	104.17	1.53046855267
ENSDART00000139076	hbs1l	221	26.8	22.8	7.2	14.8	35.6	51.5	12.3	41.36	1.74957787009
ENSDART00000140760	e2f7	2	39.6	39.6	NA	NA	NA	NA	NA	NA	NA
ENSDART00000078250	nr4a3	9	7.8	4.4	NA	NA	NA	NA	NA	NA	NA
ENSDART00000104292	pde4cb	1	48.3	48.3	NA	NA	NA	NA	NA	NA	NA
ENSDART00000137959	il7r	13	22.0	24.1	6.4	13.0	27.7	36.3	NA	NA	NA
ENSDART00000078256	dopey2	171	23.9	19.4	5.3	11.9	29.2	46.0	NA	NA	NA
ENSDART00000124638	stat5.2	26	33.2	18.0	4.7	10.2	39.6	89.7	NA	NA	NA
ENSDART00000133126	fibpa	86	35.9	34.0	11.8	22.4	46.2	61.0	NA	NA	NA
ENSDART00000134053	usp2a	25	10.9	9.9	-5.2	5.1	17.3	25.4	NA	NA	NA
ENSDART00000027424	sars2	63	31.3	25.4	7.5	13.2	42.4	68.6	NA	NA	NA
ENSDART00000124633	nkain2	2	39.6	39.6	NA	NA	NA	NA	NA	NA	NA
ENSDART00000124635	zgc:162472	128	62.9	55.5	15.6	32.5	87.9	119.7	12.37	30.71	1.311863012
ENSDART00000124634	BX511013.1	4	14.9	20.7	NA	NA	NA	NA	NA	NA	NA
ENSDART00000124637	dmrt1	6	107.6	98.3	NA	NA	NA	NA	NA	NA	NA
ENSDART00000017684	KCNN2	2	16.5	16.5	NA	NA	NA	NA	NA	NA	NA
ENSDART00000061499	cxcr4b	9	27.1	23.9	NA	NA	NA	NA	NA	NA	NA
ENSDART00000048599	rps19	884	31.5	29.8	11.1	20.3	40.7	53.2	523.9	34.18	-3.93806715988
ENSDART00000146258	zgc:85910	298	23.5	20.8	6.0	12.0	32.7	43.5	NA	NA	NA
ENSDART00000123346	CCNB1	561	33.8	29.1	5.8	14.3	48.0	67.9	92.23	218.1	1.24168176702
ENSDART00000136431	rtkn2	80	36.4	23.9	4.1	9.7	54.0	88.1	NA	NA	NA
ENSDART00000140766	gbgt1l2	5	28.9	24.7	NA	NA	NA	NA	NA	NA	NA
ENSDART00000113904	STARD5	7	54.9	64.7	NA	NA	NA	NA	NA	NA	NA
ENSDART00000093383	vps72	184	57.6	45.7	12.5	25.7	83.3	118.1	NA	NA	NA
ENSDART00000110854	elk1	9	21.7	14.2	NA	NA	NA	NA	NA	NA	NA
ENSDART00000102993	mettl14	175	42.2	39.0	14.0	25.6	52.5	75.9	55.96	148.95	1.41236025597
ENSDART00000145156	glsa	4	33.3	26.7	NA	NA	NA	NA	NA	NA	NA
ENSDART00000056645	puf60a	156	51.2	46.0	4.8	22.5	79.5	103.5	55.51	183.53	1.72519630853
ENSDART00000056642	tmub1	395	47.8	43.4	10.8	25.6	68.2	92.3	NA	NA	NA
ENSDART00000102445	clasp1a	154	37.6	31.2	10.3	17.5	50.7	71.6	12.2	7.44	-0.713506621342
ENSDART00000020550	ube2e3	187	21.6	20.2	3.2	11.6	31.6	40.8	41.32	6.07	-2.76707183261
ENSDART00000106285	CT030204.3	49	14.9	10.7	3.4	5.6	20.3	29.7	NA	NA	NA
ENSDART00000110411	cerkl	1	27.8	27.8	NA	NA	NA	NA	NA	NA	NA
ENSDART00000054469	s100a10a	2	53.8	53.8	NA	NA	NA	NA	NA	NA	NA
ENSDART00000074630	C5HXorf56	150	40.1	35.1	8.6	17.2	56.9	79.1	55.87	76.58	0.454893839896
ENSDART00000113505	myl9b	3	86.5	120.1	NA	NA	NA	NA	NA	NA	NA
ENSDART00000054462	SMIM19	277	56.6	46.2	12.2	24.4	87.0	113.8	52.63	164.98	1.6483338418
ENSDART00000074638	ankrd31	3	35.7	30.7	NA	NA	NA	NA	NA	NA	NA
ENSDART00000129016	CABZ01068263.1	371	24.7	21.6	5.0	11.2	35.4	49.0	29.72	0.72	-5.3672933991
ENSDART00000126777	kctd8	4	19.4	16.5	NA	NA	NA	NA	NA	NA	NA
ENSDART00000079130	atad1b	52	32.5	26.6	4.2	12.0	39.2	73.7	NA	NA	NA
ENSDART00000048365	SYT6	2	68.1	68.1	NA	NA	NA	NA	NA	NA	NA
ENSDART00000131353	si:dkey-98j1.5	2	65.5	65.5	NA	NA	NA	NA	NA	NA	NA
ENSDART00000127073	BX005006.2	1	36.5	36.5	NA	NA	NA	NA	NA	NA	NA
ENSDART00000076986	pax5	5	22.4	13.2	NA	NA	NA	NA	NA	NA	NA
ENSDART00000082344	hoxd11a	11	30.5	22.3	10.6	18.8	42.4	52.1	NA	NA	NA
ENSDART00000082340	ppie	6	12.7	16.3	NA	NA	NA	NA	138.51	23.93	-2.53309783623
ENSDART00000151921	dnmt3ab	1	11.7	11.7	NA	NA	NA	NA	NA	NA	NA
ENSDART00000149483	si:dkey-229b18.3	131	39.6	36.6	10.6	20.7	53.3	76.0	NA	NA	NA
ENSDART00000123838	fbxo30a	104	34.0	31.8	11.3	20.0	46.8	62.1	NA	NA	NA
ENSDART00000016219	ppme1	316	42.7	36.0	12.0	21.6	60.2	80.5	NA	NA	NA
ENSDART00000092389	nup210	54	64.0	58.6	18.7	39.7	97.2	111.2	4.85	21.65	2.15831037254
ENSDART00000077235	alg1	384	15.7	12.9	3.0	7.6	20.6	32.1	NA	NA	NA
ENSDART00000126658	ppm1aa	48	25.4	20.6	3.9	11.4	34.6	52.2	25.66	25.65	-0.000562344595266
ENSDART00000077231	mc2r	1	11.0	11.0	NA	NA	NA	NA	NA	NA	NA
ENSDART00000020970	pgm2	1	6.4	6.4	NA	NA	NA	NA	NA	NA	NA
ENSDART00000009356	ppp2r5ea	614	19.6	15.2	3.4	8.3	23.6	39.2	NA	NA	NA
ENSDART00000102197	fam129ba	385	51.6	41.9	12.0	20.0	75.5	108.0	NA	NA	NA
ENSDART00000102662	rpp25l	175	37.0	33.5	10.1	17.1	52.8	69.3	84.46	136.92	0.696993045209
ENSDART00000077238	zgc:113381	72	21.8	20.8	4.1	15.3	28.1	37.9	NA	NA	NA
ENSDART00000015632	nkain1	57	63.8	59.5	9.1	18.4	95.0	127.1	19.26	14.62	-0.397664391891
ENSDART00000083690	blvra	43	19.1	16.5	5.4	8.6	28.3	36.3	NA	NA	NA
ENSDART00000015636	hnrnph1l	106	81.1	83.9	20.0	53.4	114.3	132.4	35.11	237.2	2.75615010855
ENSDART00000015634	NUDT8	139	26.0	21.4	7.9	13.4	34.3	50.1	NA	NA	NA
ENSDART00000046599	zar1l	2095	11.1	9.0	0.8	4.7	14.7	23.1	171.39	7.92	-4.43563869523
ENSDART00000087339	cdon	2	6.7	6.7	NA	NA	NA	NA	NA	NA	NA
ENSDART00000152075	DYNLRB2	1	48.0	48.0	NA	NA	NA	NA	NA	NA	NA
ENSDART00000106631	si:dkeyp-53d3.3	102	17.2	13.3	3.9	7.7	22.7	33.8	NA	NA	NA
ENSDART00000125258	zgc:73349	1	79.5	79.5	NA	NA	NA	NA	NA	NA	NA
ENSDART00000056544	tox4	218	34.8	32.0	11.2	19.3	46.0	63.8	31.69	55.67	0.812872423484
ENSDART00000130761	map2k4a	103	19.1	16.4	5.2	9.0	27.4	36.3	NA	NA	NA
ENSDART00000130764	MAP4	6	30.2	16.6	NA	NA	NA	NA	NA	NA	NA
ENSDART00000091718	CABZ01039235.1	7	39.7	33.4	NA	NA	NA	NA	NA	NA	NA
ENSDART00000129223	CABZ01111990.1	2	54.3	54.3	NA	NA	NA	NA	NA	NA	NA
ENSDART00000112721	BX548000.1	280	32.8	28.4	9.0	15.7	46.7	59.1	50.68	46.78	-0.115524662788
ENSDART00000076189	zgc:171779	633	19.7	14.8	2.6	8.7	24.8	41.1	128.72	12.21	-3.39810112574
ENSDART00000092164	prmt2	20	33.1	34.1	3.9	13.7	41.7	69.8	NA	NA	NA
ENSDART00000129733	c1galt1b	97	36.5	29.7	6.6	13.1	55.0	76.6	NA	NA	NA
ENSDART00000136936	trak1	31	50.9	48.6	9.3	18.3	76.2	98.2	NA	NA	NA
ENSDART00000057423	terfa	198	25.1	20.5	6.0	11.8	33.2	53.5	57.66	22.08	-1.38483066472
ENSDART00000077582	pitpnm3	25	17.8	17.6	7.5	13.2	23.0	26.8	NA	NA	NA
ENSDART00000090016	nudt14	58	55.4	44.5	14.0	20.3	89.9	103.3	NA	NA	NA
ENSDART00000132619	mafk	13	20.5	16.7	3.1	11.0	26.5	39.8	NA	NA	NA
ENSDART00000006802	cct7	910	25.5	21.0	6.7	12.3	34.7	49.2	97.4	45.63	-1.09393911852
ENSDART00000134472	taok3b	7	31.2	20.5	NA	NA	NA	NA	NA	NA	NA
ENSDART00000063539	PRRG1	2	18.4	18.4	NA	NA	NA	NA	NA	NA	NA
ENSDART00000112826	TMEM186	15	29.7	19.6	13.7	14.1	31.8	53.8	NA	NA	NA
ENSDART00000125839	bmpr1ab	53	21.6	19.2	8.8	11.7	31.1	40.6	NA	NA	NA
ENSDART00000058513	xkr8.3	130	30.0	29.2	6.9	15.1	40.1	56.8	NA	NA	NA
ENSDART00000052080	laptm4b	86	47.3	39.1	12.2	20.0	67.0	97.6	NA	NA	NA
ENSDART00000130107	nfkbiaa	7	7.8	6.8	NA	NA	NA	NA	NA	NA	NA
ENSDART00000130104	gnb1a	42	25.3	18.8	3.1	11.4	33.1	51.7	45.12	60.26	0.417433605196
ENSDART00000089034	CABZ01041769.2	184	26.1	20.9	4.9	10.0	37.4	53.4	35.76	7.65	-2.2248150836
ENSDART00000125232	nr2c2	32	34.0	24.9	13.5	17.2	40.1	62.6	NA	NA	NA
ENSDART00000103659	msgn1	3	35.5	40.5	NA	NA	NA	NA	NA	NA	NA
ENSDART00000055932	pigh	67	23.1	19.2	5.3	8.1	31.7	45.0	NA	NA	NA
ENSDART00000076362	phkg2	282	35.8	27.1	7.8	14.3	49.0	78.9	NA	NA	NA
ENSDART00000138750	adora2aa	3	23.3	29.4	NA	NA	NA	NA	NA	NA	NA
ENSDART00000128350	rad51d	21	41.7	34.1	12.8	16.1	56.6	89.8	NA	NA	NA
ENSDART00000138754	col6a3	1	9.2	9.2	NA	NA	NA	NA	NA	NA	NA
ENSDART00000124824	sun1	217	30.4	22.6	6.0	11.0	43.7	66.5	15.31	31.25	1.02938190694
ENSDART00000142804	arhgap12a	5	46.4	42.2	NA	NA	NA	NA	NA	NA	NA
ENSDART00000089694	TIAM1	3	48.8	14.8	NA	NA	NA	NA	NA	NA	NA
ENSDART00000087112	pfdn4	226	15.5	12.2	1.4	6.0	20.4	35.2	NA	NA	NA
ENSDART00000112750	dhx32a	215	22.5	19.4	6.2	12.4	30.9	42.3	27.01	5.0	-2.43349363985
ENSDART00000112757	FAM149A	16	26.1	27.0	7.9	13.3	34.8	40.4	NA	NA	NA
ENSDART00000023421	hif1al	28	80.5	90.7	11.2	34.3	121.7	144.1	NA	NA	NA
ENSDART00000085282	mrpl32	67	24.7	22.3	4.6	12.9	31.3	46.8	39.8	7.63	-2.3830134686
ENSDART00000049425	sec61al2	907	22.3	17.5	3.6	9.4	30.0	48.5	52.14	120.33	1.206533884
ENSDART00000147185	rpl35a	419	16.9	13.3	2.2	6.6	23.0	38.0	279.24	10.62	-4.71664994532
ENSDART00000003296	sars	477	22.9	20.3	6.9	12.7	30.6	41.7	26.14	11.2	-1.22276040885
ENSDART00000093031	nhp2l1a	212	36.7	30.5	7.7	16.6	50.7	72.7	NA	NA	NA
ENSDART00000003293	mid2	41	38.5	37.5	10.8	15.7	55.5	67.8	NA	NA	NA
ENSDART00000122349	hiat1b	124	75.1	74.8	14.1	29.5	112.8	144.8	NA	NA	NA
ENSDART00000109171	rce1a	20	25.8	19.9	6.1	11.3	39.6	47.0	NA	NA	NA
ENSDART00000085993	PXN	2	25.3	25.3	NA	NA	NA	NA	NA	NA	NA
ENSDART00000003299	HABP4	957	24.7	18.7	5.2	10.2	33.4	52.8	274.99	95.26	-1.52943670223
ENSDART00000129906	tax1bp1b	36	115.5	136.7	27.3	58.7	162.7	180.5	11.26	84.18	2.90227068226
ENSDART00000087597	col6a2	1	9.3	9.3	NA	NA	NA	NA	NA	NA	NA
ENSDART00000111216	trim32	74	41.0	36.7	12.4	19.4	57.5	75.3	NA	NA	NA
ENSDART00000129902	ephx1l	95	26.0	24.1	5.4	11.9	35.1	47.7	20.83	13.01	-0.679041877323
ENSDART00000129903	mfsd10	14	40.1	42.6	16.2	24.7	50.1	62.9	NA	NA	NA
ENSDART00000108742	NFX1	375	21.2	18.4	5.9	11.0	27.6	41.0	45.65	12.2	-1.90373371242
ENSDART00000125425	snap47	6	29.6	22.0	NA	NA	NA	NA	NA	NA	NA
ENSDART00000104299	cnp	6	38.8	25.9	NA	NA	NA	NA	NA	NA	NA
ENSDART00000114408	METTL12	35	18.2	16.0	5.1	11.2	25.5	33.4	NA	NA	NA
ENSDART00000142730	si:dkey-72l14.7	1	2.2	2.2	NA	NA	NA	NA	NA	NA	NA
ENSDART00000105457	morn2	2	32.4	32.4	NA	NA	NA	NA	NA	NA	NA
ENSDART00000149357	rabggta	131	37.5	30.5	8.3	16.6	52.0	78.5	14.83	56.6	1.93228345526
ENSDART00000149355	si:ch73-361h17.1	5	13.4	12.5	NA	NA	NA	NA	NA	NA	NA
ENSDART00000142738	PBLD	2	24.7	24.7	NA	NA	NA	NA	NA	NA	NA
ENSDART00000149351	scd	1	3.4	3.4	NA	NA	NA	NA	NA	NA	NA
ENSDART00000149350	fkbp4	221	58.5	41.2	13.2	21.2	88.6	130.6	58.11	179.69	1.62865176331
ENSDART00000001830	echs1	311	27.6	24.4	6.8	12.8	37.1	55.3	44.4	27.72	-0.6796324191
ENSDART00000083830	sdc4	214	43.2	37.0	6.5	16.2	61.7	95.9	28.79	233.19	3.01786622806
ENSDART00000090837	zc3hc1	346	40.1	28.7	8.8	16.8	55.3	88.2	32.46	218.36	2.7499736972
ENSDART00000085980	ankib1a	75	23.4	19.8	5.3	12.1	29.5	46.9	NA	NA	NA
ENSDART00000099242	si:dkey-217f16.1	6	9.6	7.0	NA	NA	NA	NA	NA	NA	NA
ENSDART00000125420	CU570781.1	14	20.3	16.2	11.3	13.2	19.2	25.3	NA	NA	NA
ENSDART00000141124	si:dkey-25o1.5	3	20.9	21.0	NA	NA	NA	NA	NA	NA	NA
ENSDART00000031047	cd63	9	20.8	17.3	NA	NA	NA	NA	NA	NA	NA
ENSDART00000083389	BX511065.1	1	28.2	28.2	NA	NA	NA	NA	NA	NA	NA
ENSDART00000144955	mzt2b	128	50.9	43.4	5.2	17.1	75.6	118.9	NA	NA	NA
ENSDART00000042271	irx3b	1	18.4	18.4	NA	NA	NA	NA	NA	NA	NA
ENSDART00000135417	bmi1b	524	28.2	24.2	6.6	12.1	37.9	57.2	NA	NA	NA
ENSDART00000098635	vamp5	107	16.2	12.6	3.5	6.9	21.7	35.0	NA	NA	NA
ENSDART00000003475	ppef1	4	19.9	22.6	NA	NA	NA	NA	NA	NA	NA
ENSDART00000063396	bag4	243	51.2	48.9	12.7	26.5	74.2	93.0	NA	NA	NA
ENSDART00000127198	rps26	772	26.7	23.9	7.2	15.2	37.3	48.7	464.16	19.47	-4.57529741148
ENSDART00000063392	lsm1	237	28.1	19.5	6.0	11.1	31.3	47.0	NA	NA	NA
ENSDART00000060311	paqr5a	134	14.7	12.8	2.3	6.6	20.2	32.6	NA	NA	NA
ENSDART00000148403	ahi1	13	28.0	30.0	-7.2	8.8	43.3	44.7	5.97	0.85	-2.81219618513
ENSDART00000111266	THEG	1	20.4	20.4	NA	NA	NA	NA	NA	NA	NA
ENSDART00000062629	zbtb37	10	30.2	28.0	13.1	21.3	39.1	48.4	NA	NA	NA
ENSDART00000062628	bora	339	32.7	30.3	8.2	16.4	45.5	62.7	36.41	177.46	2.28508722771
ENSDART00000017551	slc6a1b	1	15.9	15.9	NA	NA	NA	NA	NA	NA	NA
ENSDART00000124192	CR855307.2	32	25.6	23.3	7.2	17.1	30.7	43.5	NA	NA	NA
ENSDART00000064542	rpf2	431	17.9	15.0	4.0	8.2	24.2	37.9	98.35	32.13	-1.61400407169
ENSDART00000060844	CR382327.1	1	31.6	31.6	NA	NA	NA	NA	NA	NA	NA
ENSDART00000136623	zgc:174906	423	35.0	27.9	7.7	15.8	47.4	72.3	NA	NA	NA
ENSDART00000003748	C18H15orf26	11	17.6	12.9	5.7	7.5	19.4	23.2	NA	NA	NA
ENSDART00000126178	egf	7	36.4	38.3	NA	NA	NA	NA	NA	NA	NA
ENSDART00000103276	fam206a	84	27.3	25.4	10.3	15.6	34.6	46.9	NA	NA	NA
ENSDART00000126175	si:dkeyp-72e1.6	1	19.0	19.0	NA	NA	NA	NA	NA	NA	NA
ENSDART00000123417	znf668	36	50.5	43.7	28.2	31.5	67.2	84.6	10.48	38.26	1.86819815681
ENSDART00000133905	pcca	130	31.1	25.9	6.6	14.5	40.5	62.8	14.6	30.12	1.0447534009
ENSDART00000133904	si:ch211-274f20.2	1	12.9	12.9	NA	NA	NA	NA	NA	NA	NA
ENSDART00000011250	tfe3b	1	16.9	16.9	NA	NA	NA	NA	NA	NA	NA
ENSDART00000011251	rpl3	97	14.9	9.9	2.0	5.1	17.7	32.0	505.39	31.47	-4.00534803464
ENSDART00000016973	gipc1	31	28.5	20.4	4.5	9.0	31.8	55.5	NA	NA	NA
ENSDART00000016976	nucks1b	71	43.6	38.0	7.6	17.0	56.7	94.2	26.16	49.67	0.925012205939
ENSDART00000147978	zgc:114037	12	16.4	12.1	5.3	6.3	26.7	33.7	NA	NA	NA
ENSDART00000114362	trim45	6	29.2	18.1	NA	NA	NA	NA	NA	NA	NA
ENSDART00000023842	ppm1da	267	29.3	25.3	6.4	14.5	39.8	56.8	35.94	33.25	-0.112236068234
ENSDART00000129916	tmem69	116	17.0	17.4	5.2	9.6	22.2	30.4	NA	NA	NA
ENSDART00000091298	arhgap21b	84	33.2	27.3	5.7	10.8	47.7	72.6	16.56	29.14	0.815298204565
ENSDART00000127568	ankha	169	44.8	40.2	10.6	17.9	64.2	87.7	NA	NA	NA
ENSDART00000046382	C5H9orf41	40	57.8	59.0	28.5	39.9	76.4	87.0	NA	NA	NA
ENSDART00000078035	cpda	139	70.5	67.8	11.8	34.0	106.9	129.0	4.41	64.78	3.87669790724
ENSDART00000132551	zgc:162144	2	16.4	16.4	NA	NA	NA	NA	NA	NA	NA
ENSDART00000046384	trmt2a	117	46.8	40.5	14.6	24.3	65.0	82.8	28.25	82.25	1.54176481132
ENSDART00000030444	tesca	1	101.8	101.8	NA	NA	NA	NA	NA	NA	NA
ENSDART00000126431	pik3r3a	11	25.1	18.9	-2.0	6.9	36.0	56.5	NA	NA	NA
ENSDART00000080864	magt1	114	26.2	19.7	5.6	11.7	34.5	54.7	NA	NA	NA
ENSDART00000034730	sec61a1	1282	30.3	25.9	9.7	16.6	39.4	57.8	50.04	238.03	2.24998971977
ENSDART00000115419	faf1	163	29.5	27.3	7.3	13.2	40.9	58.0	53.77	48.18	-0.158367078037
ENSDART00000088545	KLHL2	114	14.0	9.8	4.1	6.9	17.8	28.0	NA	NA	NA
ENSDART00000126286	nt5c2b	2	17.4	17.4	NA	NA	NA	NA	NA	NA	NA
ENSDART00000115010	prep	182	30.3	25.1	9.7	15.6	40.6	64.7	NA	NA	NA
ENSDART00000115016	pmchl	1	23.5	23.5	NA	NA	NA	NA	NA	NA	NA
ENSDART00000146554	tmem79a	124	20.5	16.6	2.7	8.8	28.2	42.0	NA	NA	NA
ENSDART00000125406	fam102ba	7	12.5	12.9	NA	NA	NA	NA	NA	NA	NA
ENSDART00000074068	dhps	2	34.0	34.0	NA	NA	NA	NA	NA	NA	NA
ENSDART00000098932	wbp2	21	26.4	23.9	9.7	14.5	31.6	48.4	NA	NA	NA
ENSDART00000100108	cuedc1b	40	38.2	27.0	3.0	10.7	58.6	93.3	NA	NA	NA
ENSDART00000100867	fam3c	108	59.2	48.3	9.0	22.6	92.0	122.7	30.79	161.44	2.39046430706
ENSDART00000100105	swap70b	148	54.1	48.4	14.7	30.1	75.6	102.0	13.06	52.13	1.99695896305
ENSDART00000100104	skor1a	1	30.5	30.5	NA	NA	NA	NA	NA	NA	NA
ENSDART00000140476	atp6v0a2a	2	31.4	31.4	NA	NA	NA	NA	NA	NA	NA
ENSDART00000065143	unc119b	82	42.1	39.0	9.3	18.8	57.5	82.5	NA	NA	NA
ENSDART00000105460	si:ch211-197g15.5	12	38.7	42.8	16.7	24.0	51.7	60.0	NA	NA	NA
ENSDART00000100102	BX511006.2	2	38.3	38.3	NA	NA	NA	NA	NA	NA	NA
ENSDART00000137572	mpc1	126	19.9	18.1	4.5	9.8	25.8	41.0	NA	NA	NA
ENSDART00000132050	hltf	7	37.0	34.8	NA	NA	NA	NA	NA	NA	NA
ENSDART00000132054	ABR	1	22.8	22.8	NA	NA	NA	NA	NA	NA	NA
ENSDART00000137575	dock11	86	55.3	41.7	9.7	21.4	79.6	118.2	NA	NA	NA
ENSDART00000007576	rbp1a	12	20.0	19.3	10.0	13.4	23.5	31.9	NA	NA	NA
ENSDART00000150226	mst1ra	6	17.4	10.6	NA	NA	NA	NA	NA	NA	NA
ENSDART00000062430	MIS18BP1	164	29.6	25.0	6.5	10.9	41.1	59.3	27.05	42.22	0.642297984633
ENSDART00000102855	pdhx	118	17.0	12.6	4.3	8.2	22.2	31.6	6.95	1.29	-2.42964191219
ENSDART00000010699	sf3a2	242	71.3	74.0	27.3	47.0	94.2	111.5	65.76	409.26	2.63773546431
ENSDART00000098036	gpr107	23	23.2	22.5	1.4	15.9	32.1	41.4	21.74	180.09	3.05029422832
ENSDART00000051586	hs3st1l2	2	47.1	47.1	NA	NA	NA	NA	NA	NA	NA
ENSDART00000110994	sqlea	6	14.1	17.8	NA	NA	NA	NA	NA	NA	NA
ENSDART00000015401	ercc6l	187	29.5	26.5	6.4	14.2	42.0	56.8	38.24	29.11	-0.393567683858
ENSDART00000034555	ddx56	619	28.4	23.3	6.6	14.3	38.4	55.7	70.92	33.75	-1.07130503407
ENSDART00000010124	slc7a8a	1	17.6	17.6	NA	NA	NA	NA	NA	NA	NA
ENSDART00000034550	llgl2	37	59.4	31.5	-2.9	9.7	107.7	145.3	13.27	190.14	3.84082178973
ENSDART00000034883	mcf2a	13	25.5	15.9	5.0	7.0	22.2	58.2	NA	NA	NA
ENSDART00000079390	exo1	398	28.9	24.5	8.9	15.3	41.0	53.9	56.29	46.53	-0.274717461111
ENSDART00000109495	nudt19	16	34.2	34.5	14.6	22.7	43.8	49.6	NA	NA	NA
ENSDART00000032978	nsl1	208	20.9	17.8	5.1	10.6	27.7	41.6	NA	NA	NA
ENSDART00000099921	si:ch211-264e16.1	1	30.3	30.3	NA	NA	NA	NA	NA	NA	NA
ENSDART00000075519	aldh1a2	1	23.1	23.1	NA	NA	NA	NA	NA	NA	NA
ENSDART00000053681	rnf24	3	28.9	23.9	NA	NA	NA	NA	NA	NA	NA
ENSDART00000075049	GIPC3	2	43.3	43.3	NA	NA	NA	NA	NA	NA	NA
ENSDART00000075048	gnas	135	34.0	27.6	5.4	15.7	46.9	67.6	NA	NA	NA
ENSDART00000082647	acp1	407	18.1	15.1	1.4	8.0	24.8	36.5	60.48	51.44	-0.233567496893
ENSDART00000121813	wdr41	172	80.2	82.5	18.8	47.9	115.5	133.1	NA	NA	NA
ENSDART00000085054	MTFR2	165	39.0	32.7	7.0	13.1	53.3	81.1	43.0	231.24	2.42698241254
ENSDART00000075517	gdf6a	28	22.7	21.4	6.0	10.2	34.2	39.2	NA	NA	NA
ENSDART00000109532	GANC	6	29.4	24.1	NA	NA	NA	NA	NA	NA	NA
ENSDART00000016808	aldh2.1	6	25.9	27.2	NA	NA	NA	NA	NA	NA	NA
ENSDART00000026747	dgcr6	75	16.8	11.8	1.2	7.1	22.0	39.0	NA	NA	NA
ENSDART00000061829	drc1	1	63.1	63.1	NA	NA	NA	NA	NA	NA	NA
ENSDART00000100869	ppp3r1b	59	34.5	20.7	10.7	13.9	43.7	68.8	NA	NA	NA
ENSDART00000026749	nipsnap1	74	13.6	11.8	2.2	7.0	19.0	25.5	NA	NA	NA
ENSDART00000125737	mpp1	3	39.2	33.3	NA	NA	NA	NA	NA	NA	NA
ENSDART00000098108	viml	2	18.2	18.2	NA	NA	NA	NA	NA	NA	NA
ENSDART00000125731	CR548630.1	30	20.9	19.4	8.5	13.8	27.6	39.1	NA	NA	NA
ENSDART00000077914	mpp7	73	46.0	36.4	13.2	24.0	63.5	92.9	NA	NA	NA
ENSDART00000122108	PDZD8	56	54.6	43.8	7.7	17.7	90.1	132.1	NA	NA	NA
ENSDART00000129656	tmem108	2	70.0	70.0	NA	NA	NA	NA	NA	NA	NA
ENSDART00000104293	pex5la	2	72.1	72.1	NA	NA	NA	NA	NA	NA	NA
ENSDART00000125739	minos1	320	28.4	24.2	7.3	14.0	38.7	53.5	NA	NA	NA
ENSDART00000045093	arhgef7a	134	42.8	38.2	11.5	21.8	59.2	74.7	12.59	44.32	1.81567959833
ENSDART00000045099	yipf4	353	35.1	29.9	8.8	15.7	47.6	68.6	49.01	52.74	0.105821424455
ENSDART00000103100	cbx8b	215	23.7	21.9	5.4	12.6	31.7	42.3	NA	NA	NA
ENSDART00000088110	stag1a	5	34.9	38.3	NA	NA	NA	NA	NA	NA	NA
ENSDART00000082425	gata2a	1	14.9	14.9	NA	NA	NA	NA	NA	NA	NA
ENSDART00000146733	si:dkey-225k4.1	2	56.1	56.1	NA	NA	NA	NA	NA	NA	NA
ENSDART00000104336	tnnc2	1	26.8	26.8	NA	NA	NA	NA	NA	NA	NA
ENSDART00000104334	taf13	288	80.0	79.7	27.6	50.9	106.5	129.9	171.64	255.65	0.574784219826
ENSDART00000103455	tarbp2	70	112.0	119.5	37.8	72.2	151.5	173.6	27.62	188.07	2.7674845109
ENSDART00000104338	pitpnbl	176	33.0	24.1	8.7	15.5	43.2	68.9	42.38	56.48	0.414356500899
ENSDART00000111860	syvn1	779	49.1	40.4	8.8	16.5	75.3	104.2	50.72	223.89	2.14216344137
ENSDART00000111862	ldlrad3	1	7.8	7.8	NA	NA	NA	NA	NA	NA	NA
ENSDART00000111863	C5H9orf142	578	26.7	22.1	5.4	12.3	37.9	50.8	NA	NA	NA
ENSDART00000108822	CABZ01093445.1	31	15.5	12.6	3.7	7.6	20.2	30.6	NA	NA	NA
ENSDART00000108825	adh5	424	29.1	23.2	7.7	13.1	38.6	62.9	62.11	39.2	-0.663971913444
ENSDART00000037282	ccdc25	145	20.6	17.8	4.6	10.4	28.3	36.6	55.07	9.2	-2.58156084221
ENSDART00000037287	CABZ01072585.1	178	24.6	17.4	4.6	10.1	31.1	56.0	NA	NA	NA
ENSDART00000029157	mfsd4a	386	17.7	15.1	2.6	8.3	25.5	35.4	45.98	11.69	-1.97573153619
ENSDART00000141393	ptpn3	87	19.7	16.3	3.4	10.8	26.1	39.2	NA	NA	NA
ENSDART00000012580	slc6a2	1	17.4	17.4	NA	NA	NA	NA	NA	NA	NA
ENSDART00000004879	hsp90b1	844	25.5	20.9	4.5	10.8	35.4	53.2	216.08	115.33	-0.90579770481
ENSDART00000112103	gnsb	154	110.2	125.5	17.0	66.5	160.5	176.4	14.86	96.85	2.70431793295
ENSDART00000061535	irf6	476	40.2	31.4	6.0	14.4	61.7	90.3	21.4	146.52	2.77541490442
ENSDART00000139151	si:ch211-193k19.1	127	27.0	20.4	4.6	10.8	35.5	59.8	NA	NA	NA
ENSDART00000004871	lrrc23	3	19.1	4.8	NA	NA	NA	NA	NA	NA	NA
ENSDART00000023218	stat6	22	29.6	24.2	13.8	16.5	33.5	51.6	NA	NA	NA
ENSDART00000109418	spoplb	148	35.1	29.9	7.5	14.7	53.0	72.4	16.56	11.29	-0.552657186726
ENSDART00000083777	CABZ01034602.1	31	40.8	38.2	8.3	16.8	54.6	81.0	NA	NA	NA
ENSDART00000102275	zgc:153258	186	18.0	13.7	2.7	8.0	23.6	34.5	28.89	20.49	-0.495650219553
ENSDART00000153063	sec22ba	164	22.1	18.2	6.1	11.6	28.8	45.3	NA	NA	NA
ENSDART00000102279	lingo2	1	8.7	8.7	NA	NA	NA	NA	NA	NA	NA
ENSDART00000131646	slc29a2	237	14.8	11.1	1.4	6.2	18.6	33.2	NA	NA	NA
ENSDART00000109412	helq	81	29.1	24.9	9.4	16.6	42.0	52.6	NA	NA	NA
ENSDART00000083778	eral1	175	18.4	16.7	2.8	7.2	26.0	37.7	NA	NA	NA
ENSDART00000100701	gabpa	8	58.9	47.4	NA	NA	NA	NA	8.86	120.97	3.77119880116
ENSDART00000109416	smc2	361	74.8	73.8	12.5	30.2	115.8	141.3	38.32	295.8	2.94845258625
ENSDART00000081797	SASH1	35	91.5	99.1	23.4	65.9	114.8	145.5	NA	NA	NA
ENSDART00000078441	rhoac	240	71.7	68.6	8.4	25.7	112.6	138.2	32.42	285.73	3.13969652291
ENSDART00000066621	si:ch1073-473i7.3	1	32.4	32.4	NA	NA	NA	NA	NA	NA	NA
ENSDART00000105887	dlx4b	2	39.0	39.0	NA	NA	NA	NA	NA	NA	NA
ENSDART00000066629	sumo2b	212	62.4	56.6	17.9	36.0	86.3	116.2	NA	NA	NA
ENSDART00000097656	ppapdc1a	8	20.9	21.3	NA	NA	NA	NA	NA	NA	NA
ENSDART00000065859	cdk9	446	32.4	28.2	11.3	19.8	42.2	59.8	118.45	130.69	0.141870556156
ENSDART00000109288	myo16	1	23.6	23.6	NA	NA	NA	NA	NA	NA	NA
ENSDART00000043397	ZBTB26	23	18.6	15.8	5.4	10.8	26.8	39.6	NA	NA	NA
ENSDART00000089445	AGAP9	189	46.0	41.0	7.8	19.6	69.8	96.8	NA	NA	NA
ENSDART00000012194	gata5	1	9.5	9.5	NA	NA	NA	NA	NA	NA	NA
ENSDART00000065853	dhrs3b	3	24.7	29.5	NA	NA	NA	NA	NA	NA	NA
ENSDART00000038577	rab36	1	18.1	18.1	NA	NA	NA	NA	NA	NA	NA
ENSDART00000046542	igf1rb	65	34.5	27.5	5.0	14.4	47.4	74.1	NA	NA	NA
ENSDART00000041265	rad23aa	32	26.5	18.6	4.4	10.0	33.4	56.2	NA	NA	NA
ENSDART00000041269	cryba2a	1	10.2	10.2	NA	NA	NA	NA	NA	NA	NA
ENSDART00000089999	BX323050.1	47	18.0	16.1	5.2	9.3	24.0	35.4	NA	NA	NA
ENSDART00000039280	fzd7b	117	44.0	41.0	9.4	17.3	58.8	87.1	17.17	85.61	2.31788928658
ENSDART00000143819	VASH1	1	18.5	18.5	NA	NA	NA	NA	NA	NA	NA
ENSDART00000079016	thoc3	943	21.0	18.3	5.6	11.1	28.1	40.7	143.32	75.53	-0.924118256665
ENSDART00000114777	nckipsd	234	56.9	51.8	18.4	29.5	80.3	103.3	33.21	20.73	-0.679897606393
ENSDART00000137746	slc7a14a	25	23.4	16.1	4.1	10.4	39.3	53.0	NA	NA	NA
ENSDART00000143811	baiap2l2	2	16.8	16.8	NA	NA	NA	NA	NA	NA	NA
ENSDART00000114010	SLITRK3	16	41.7	38.1	5.4	17.0	62.3	81.7	NA	NA	NA
ENSDART00000130377	gb:bc139653	27	17.0	13.2	5.3	7.8	22.4	36.1	NA	NA	NA
ENSDART00000058720	CABZ01066717.1	1	19.5	19.5	NA	NA	NA	NA	NA	NA	NA
ENSDART00000130371	kif19	16	33.1	38.6	-3.7	24.7	48.2	58.0	NA	NA	NA
ENSDART00000130370	smtnl	438	34.8	32.8	10.9	19.2	47.2	60.0	22.03	17.4	-0.340382188965
ENSDART00000058725	atg10	79	22.3	19.5	5.9	11.3	30.4	40.0	NA	NA	NA
ENSDART00000058728	nek4	174	32.9	27.8	11.1	16.2	45.2	63.2	31.53	19.85	-0.667586162653
ENSDART00000130379	psap	2807	55.9	52.7	18.6	33.2	75.4	97.1	164.42	1274.28	2.95422461479
ENSDART00000108965	gra	260	31.5	24.7	9.2	15.2	40.3	62.7	80.5	79.9	-0.010793280074
ENSDART00000138106	phip	2	31.6	31.6	NA	NA	NA	NA	NA	NA	NA
ENSDART00000124465	junbb	2	6.4	6.4	NA	NA	NA	NA	NA	NA	NA
ENSDART00000138103	skor1b	7	22.9	24.3	NA	NA	NA	NA	NA	NA	NA
ENSDART00000067350	tnnt2e	1	56.7	56.7	NA	NA	NA	NA	NA	NA	NA
ENSDART00000074740	alad	60	27.0	22.0	4.7	13.8	32.3	49.0	NA	NA	NA
ENSDART00000024185	zgc:56231	1159	35.0	29.8	10.0	17.2	47.2	65.0	251.17	200.68	-0.323767314343
ENSDART00000024639	tshz1	196	21.8	16.6	5.0	9.1	29.3	44.8	NA	NA	NA
ENSDART00000092596	akt3a	16	23.3	14.8	4.3	7.8	24.8	45.7	NA	NA	NA
ENSDART00000053208	rps14	2174	36.5	35.4	14.9	24.5	47.3	58.3	1115.45	142.89	-2.96464898664
ENSDART00000038888	hsdl2	324	42.5	39.3	14.0	24.0	56.3	76.8	55.1	117.0	1.0863843059
ENSDART00000053201	polr2f	581	28.1	23.0	7.3	13.3	39.0	55.6	214.64	128.41	-0.741161402199
ENSDART00000053203	plp2	15	22.8	24.1	7.6	18.1	28.6	35.6	NA	NA	NA
ENSDART00000042049	hif1an	26	24.0	20.8	2.2	14.4	28.1	46.4	29.99	198.05	2.72331127392
ENSDART00000136439	bcl7a	118	27.8	19.7	1.2	10.3	42.4	57.8	NA	NA	NA
ENSDART00000077775	kat6b	68	40.4	31.2	9.6	20.9	63.5	75.7	NA	NA	NA
ENSDART00000042517	dgat1a	1	30.2	30.2	NA	NA	NA	NA	NA	NA	NA
ENSDART00000042514	atrnl1b	46	66.9	64.3	16.8	35.6	98.8	114.6	NA	NA	NA
ENSDART00000131357	parp12b	88	23.8	20.7	7.8	13.2	32.2	42.8	NA	NA	NA
ENSDART00000099988	glceb	173	92.8	97.8	38.1	70.7	118.8	135.2	NA	NA	NA
ENSDART00000022920	foxa1	2	11.4	11.4	NA	NA	NA	NA	NA	NA	NA
ENSDART00000129228	AL929092.3	2	13.3	13.3	NA	NA	NA	NA	NA	NA	NA
ENSDART00000054605	aasdhppt	7	19.4	23.0	NA	NA	NA	NA	NA	NA	NA
ENSDART00000028247	gdap2	242	41.9	34.9	9.0	16.9	57.2	88.7	NA	NA	NA
ENSDART00000025326	csnk1da	745	19.0	14.0	3.1	7.8	24.0	38.8	59.12	64.73	0.130788234389
ENSDART00000126907	cog6	43	41.7	33.4	5.1	11.5	61.6	98.1	13.23	66.6	2.33170911568
ENSDART00000126110	ace2	4	15.8	13.5	NA	NA	NA	NA	NA	NA	NA
ENSDART00000125630	pcdh17	2	2.7	2.7	NA	NA	NA	NA	NA	NA	NA
ENSDART00000033702	comtb	4	46.5	41.6	NA	NA	NA	NA	NA	NA	NA
ENSDART00000114996	SYDE1	30	16.1	14.7	4.3	10.2	24.2	31.1	NA	NA	NA
ENSDART00000033701	sema3ga	3	19.3	15.5	NA	NA	NA	NA	NA	NA	NA
ENSDART00000114993	CABZ01024201.1	8	24.0	23.4	NA	NA	NA	NA	NA	NA	NA
ENSDART00000129736	HDAC11	34	43.1	33.1	15.6	22.5	54.3	91.9	NA	NA	NA
ENSDART00000129735	PDZRN4	15	13.1	9.9	4.7	6.1	15.6	20.9	NA	NA	NA
ENSDART00000020743	cmss1	300	29.2	24.0	7.5	14.3	40.9	57.1	130.34	32.99	-1.98217921705
ENSDART00000032331	gmppab	33	58.0	56.9	29.9	37.7	76.0	99.7	NA	NA	NA
ENSDART00000039572	znf326	169	42.0	36.1	7.4	17.3	61.8	81.1	87.72	51.16	-0.777889547792
ENSDART00000098639	cntn5	11	45.8	40.6	14.9	22.3	61.7	92.1	NA	NA	NA
ENSDART00000076796	smg1	10	79.9	62.6	11.3	16.7	148.3	162.6	5.91	3.12	-0.921612101315
ENSDART00000076794	gltpd2	10	24.7	21.2	1.0	4.6	45.6	51.7	NA	NA	NA
ENSDART00000018401	ORAI1	44	66.2	55.2	8.0	34.3	89.1	131.4	NA	NA	NA
ENSDART00000124059	dapk1	211	20.2	15.8	5.3	9.6	27.4	41.8	NA	NA	NA
ENSDART00000024453	usp7	153	72.5	63.4	14.5	35.5	100.0	144.0	33.98	177.6	2.38587382405
ENSDART00000024450	zfand5b	1807	33.4	28.7	8.3	16.2	45.2	64.6	197.83	709.19	1.84191097284
ENSDART00000150086	C2H1orf27	116	20.6	16.9	3.2	8.0	28.6	39.1	29.74	13.49	-1.1405142991
ENSDART00000104394	smx5	1824	23.2	16.9	3.8	9.1	29.0	49.2	NA	NA	NA
ENSDART00000090991	unc5da	1	65.7	65.7	NA	NA	NA	NA	NA	NA	NA
ENSDART00000149720	znf236	24	58.1	45.2	22.5	25.8	98.3	103.4	5.25	17.52	1.73861344705
ENSDART00000022676	asns	42	19.8	15.0	3.2	9.8	22.7	40.3	NA	NA	NA
ENSDART00000078866	ifi30	242	36.8	31.4	10.3	18.9	46.3	73.3	70.5	70.27	-0.00471435894968
ENSDART00000134283	sorbs3	127	26.1	22.3	4.1	11.7	36.5	59.1	NA	NA	NA
ENSDART00000091828	syne1b	9	35.2	32.8	NA	NA	NA	NA	NA	NA	NA
ENSDART00000067179	mrpl23	48	21.0	16.3	3.6	11.0	30.9	42.1	NA	NA	NA
ENSDART00000078860	noxo1b	20	40.1	37.2	9.9	20.8	51.1	68.7	NA	NA	NA
ENSDART00000067174	zcrb1	170	43.1	36.9	10.6	22.3	58.4	76.9	115.72	62.47	-0.889402793364
ENSDART00000067175	pphln1	53	78.2	81.2	14.0	38.0	120.6	131.4	11.23	154.95	3.78637292207
ENSDART00000133300	zbtb34	40	54.6	48.4	5.7	26.7	82.0	116.8	NA	NA	NA
ENSDART00000087107	zgc:158450	207	24.2	18.8	5.1	9.4	31.5	50.0	58.54	15.53	-1.91436491602
ENSDART00000145413	si:ch211-253p2.2	4	26.9	11.6	NA	NA	NA	NA	NA	NA	NA
ENSDART00000114194	FAM188B	12	41.2	31.8	15.1	18.9	50.4	70.0	NA	NA	NA
ENSDART00000151236	si:dkey-260c8.4	3	27.0	11.6	NA	NA	NA	NA	NA	NA	NA
ENSDART00000050884	sepw1	120	67.0	62.8	21.3	41.5	95.4	116.4	NA	NA	NA
ENSDART00000114190	AL929222.1	6	44.6	36.8	NA	NA	NA	NA	NA	NA	NA
ENSDART00000079359	PDE5A	26	27.5	20.8	5.8	13.4	35.6	54.1	NA	NA	NA
ENSDART00000076425	cog4	183	23.0	20.5	6.1	11.7	34.1	43.5	36.8	12.77	-1.52694724124
ENSDART00000132999	vwde	1	12.6	12.6	NA	NA	NA	NA	NA	NA	NA
ENSDART00000132998	si:ch73-27e22.7	4	28.5	28.6	NA	NA	NA	NA	NA	NA	NA
ENSDART00000017968	SIRT4	10	18.8	20.3	3.3	9.1	26.8	32.2	NA	NA	NA
ENSDART00000052005	ostc	282	24.1	20.5	6.0	11.6	32.9	48.2	53.72	44.29	-0.278478307542
ENSDART00000017965	slkb	1	24.2	24.2	NA	NA	NA	NA	NA	NA	NA
ENSDART00000105672	mybpc2b	3	2.4	8.9	NA	NA	NA	NA	NA	NA	NA
ENSDART00000105675	ttc39c	71	38.7	37.1	10.2	20.2	58.5	68.3	NA	NA	NA
ENSDART00000132995	ak3	7	62.4	82.9	NA	NA	NA	NA	NA	NA	NA
ENSDART00000012191	hiat1a	249	26.4	21.9	5.5	12.5	37.0	52.0	NA	NA	NA
ENSDART00000007961	nt5c2l1	3	30.1	30.6	NA	NA	NA	NA	NA	NA	NA
ENSDART00000007744	slc30a1a	34	36.8	34.2	5.3	17.9	49.6	74.6	NA	NA	NA
ENSDART00000027014	rab7	389	19.1	17.4	3.9	9.3	26.6	35.7	NA	NA	NA
ENSDART00000007741	HPS6	100	20.6	17.3	5.2	11.7	28.5	38.1	NA	NA	NA
ENSDART00000090669	pleca	1	19.8	19.8	NA	NA	NA	NA	NA	NA	NA
ENSDART00000090196	slc35a4	5	28.6	27.4	NA	NA	NA	NA	NA	NA	NA
ENSDART00000124184	CABZ01054405.1	6	27.0	21.7	NA	NA	NA	NA	NA	NA	NA
ENSDART00000090191	flcn	159	22.7	17.0	6.3	9.6	28.5	45.6	NA	NA	NA
ENSDART00000064483	mei4	21	33.6	32.9	7.4	19.3	43.0	52.5	NA	NA	NA
ENSDART00000132376	C5H11orf88	3	13.6	18.6	NA	NA	NA	NA	NA	NA	NA
ENSDART00000125901	tnnt3a	10	29.0	32.4	21.1	23.7	33.7	37.8	NA	NA	NA
ENSDART00000122657	nrarpa	17	31.7	24.6	10.5	14.7	46.2	63.0	NA	NA	NA
ENSDART00000128174	foxp1b	19	43.3	31.7	13.4	20.7	56.2	89.4	NA	NA	NA
ENSDART00000091876	CT573393.1	3	47.9	30.3	NA	NA	NA	NA	NA	NA	NA
ENSDART00000007672	dmgdh	2	6.3	6.3	NA	NA	NA	NA	NA	NA	NA
ENSDART00000092071	UBN1	50	12.0	10.2	-0.2	5.1	18.5	26.8	NA	NA	NA
ENSDART00000139411	ppap2c	182	43.5	36.8	11.4	20.7	55.7	75.5	NA	NA	NA
ENSDART00000010975	tmem206	15	51.0	34.0	13.3	17.0	64.7	76.7	NA	NA	NA
ENSDART00000134134	tlr20a	2	29.2	29.2	NA	NA	NA	NA	NA	NA	NA
ENSDART00000063706	fndc4a	2	24.8	24.8	NA	NA	NA	NA	NA	NA	NA
ENSDART00000063703	si:dkey-71h2.2	1	96.4	96.4	NA	NA	NA	NA	NA	NA	NA
ENSDART00000025583	fgf8a	4	16.7	19.6	NA	NA	NA	NA	NA	NA	NA
ENSDART00000063251	ctsz	42	41.7	38.1	6.5	21.7	53.4	77.9	NA	NA	NA
ENSDART00000076056	dhx38	36	52.7	43.4	10.4	21.4	68.3	111.5	13.42	87.81	2.71000057493
ENSDART00000020745	wu:fb30e12	9	31.8	23.3	NA	NA	NA	NA	NA	NA	NA
ENSDART00000130906	zgc:136763	12	30.6	25.4	13.3	17.8	36.6	62.1	NA	NA	NA
ENSDART00000153403	dnajb12b	300	17.8	14.1	2.1	7.6	22.8	38.7	NA	NA	NA
ENSDART00000077868	CD68	614	19.8	17.7	5.7	11.1	26.4	35.5	NA	NA	NA
ENSDART00000135422	si:ch211-170d8.5	1	29.7	29.7	NA	NA	NA	NA	NA	NA	NA
ENSDART00000023985	zgc:153952	656	14.8	12.3	1.0	6.5	21.0	30.6	NA	NA	NA
ENSDART00000023983	psat1	128	36.8	31.5	13.4	21.2	51.8	64.4	26.29	18.92	-0.474602053279
ENSDART00000130909	edc3	80	28.2	20.3	2.5	11.2	40.1	60.4	9.83	48.31	2.29705853109
ENSDART00000132193	wnt8a	147	20.1	17.3	4.1	9.8	28.3	39.3	NA	NA	NA
ENSDART00000132192	CR936975.4	30	18.2	18.6	1.4	9.1	27.3	37.5	NA	NA	NA
ENSDART00000132190	cdc27	711	47.8	44.8	15.6	27.9	64.4	87.2	31.68	268.71	3.08440577149
ENSDART00000125609	CABZ01088039.1	101	24.6	18.6	5.9	10.6	31.5	56.5	12.59	13.21	0.0693521835278
ENSDART00000026174	dgkh	5	17.6	21.1	NA	NA	NA	NA	NA	NA	NA
ENSDART00000026178	KIF4A	1210	21.0	16.8	4.0	8.9	29.4	44.7	56.55	50.19	-0.172127078118
ENSDART00000053531	slc2a12	39	18.8	16.7	8.5	11.2	24.4	33.6	NA	NA	NA
ENSDART00000144545	rc3h1	5	74.9	54.1	NA	NA	NA	NA	NA	NA	NA
ENSDART00000141715	si:dkey-16p19.5	1	15.5	15.5	NA	NA	NA	NA	NA	NA	NA
ENSDART00000064157	vstm2l	10	29.9	29.4	11.5	18.7	41.4	47.9	NA	NA	NA
ENSDART00000021168	rxrga	20	24.0	21.9	7.3	13.3	34.4	47.1	NA	NA	NA
ENSDART00000022581	rab22a	89	28.5	24.9	5.0	17.4	38.9	53.1	NA	NA	NA
ENSDART00000101198	recql	20	39.9	36.0	14.6	22.8	57.6	69.4	NA	NA	NA
ENSDART00000080100	SLC24A2	11	15.0	10.8	-9.2	-6.7	31.9	45.7	NA	NA	NA
ENSDART00000024064	galnt6	648	22.0	16.0	4.3	9.1	27.6	47.5	NA	NA	NA
ENSDART00000080458	nsdhl	164	23.2	20.8	7.2	13.2	30.8	43.6	NA	NA	NA
ENSDART00000080107	si:dkey-228d14.5	4	28.1	28.7	NA	NA	NA	NA	NA	NA	NA
ENSDART00000123081	si:ch211-113a14.14	13	33.4	19.5	4.0	7.1	44.3	54.1	NA	NA	NA
ENSDART00000124267	si:ch211-67e16.4	75	26.3	24.9	8.2	14.3	35.8	44.9	NA	NA	NA
ENSDART00000059196	polr2i	251	57.1	55.8	13.1	26.9	84.0	103.5	100.18	488.57	2.28597076282
ENSDART00000016696	rhoad	463	25.0	22.4	5.3	12.9	33.5	48.5	73.59	38.75	-0.92531342423
ENSDART00000016690	tmpoa	135	57.3	52.1	11.6	25.8	84.9	107.3	27.06	217.98	3.00996202716
ENSDART00000151358	rgl3a	130	14.3	11.5	1.9	6.5	19.6	29.8	NA	NA	NA
ENSDART00000088146	ensab	4	4.8	4.7	NA	NA	NA	NA	NA	NA	NA
ENSDART00000111002	C7H20orf27	169	67.0	60.7	3.0	25.6	106.3	139.6	NA	NA	NA
ENSDART00000151351	prrg4	235	72.5	72.3	18.2	46.6	98.7	120.1	40.22	143.94	1.83948257671
ENSDART00000067822	dynlt3	193	25.0	21.4	4.9	10.8	35.3	49.0	NA	NA	NA
ENSDART00000063870	rpl11	1768	27.8	26.3	7.0	13.5	39.4	51.7	712.5	56.16	-3.66527517341
ENSDART00000137997	sept6	154	93.3	97.2	11.2	32.7	144.0	167.1	35.98	521.64	3.85778740975
ENSDART00000059800	lactb	103	21.2	17.7	7.1	10.8	26.9	43.2	49.96	15.46	-1.69223315768
ENSDART00000067824	b3galnt2	9	32.0	22.9	NA	NA	NA	NA	NA	NA	NA
ENSDART00000025910	apmap	96	46.2	41.8	6.4	20.8	69.2	93.6	13.28	61.66	2.21507974276
ENSDART00000025912	si:dkey-32n7.4	1	57.7	57.7	NA	NA	NA	NA	NA	NA	NA
ENSDART00000046098	plcd1b	575	90.5	91.8	43.1	65.4	115.9	132.6	62.83	349.69	2.47655105503
ENSDART00000148675	ddx21	850	13.6	10.9	1.8	5.7	17.6	29.0	168.36	9.46	-4.153565421
ENSDART00000147019	TMEM71	1	10.7	10.7	NA	NA	NA	NA	NA	NA	NA
ENSDART00000112291	CU683901.1	1	20.8	20.8	NA	NA	NA	NA	NA	NA	NA
ENSDART00000065288	pcyt1ba	22	16.1	13.5	7.7	10.3	20.4	25.7	NA	NA	NA
ENSDART00000129091	ubr3	451	21.9	18.9	5.5	11.1	28.6	42.3	39.67	5.45	-2.86372026248
ENSDART00000081505	pggt1b	45	19.2	19.2	2.7	9.2	28.5	39.3	16.74	2.34	-2.83871909297
ENSDART00000112298	map2	24	32.2	29.8	8.5	18.3	43.7	60.3	NA	NA	NA
ENSDART00000101992	lipt2	32	21.8	21.8	8.3	13.0	27.6	35.1	NA	NA	NA
ENSDART00000101994	pnisr	139	29.9	23.5	6.0	14.2	41.0	62.2	139.0	56.27	-1.30464701444
ENSDART00000064738	atpif1b	127	19.2	16.4	5.3	8.5	24.2	33.7	NA	NA	NA
ENSDART00000039700	itgb1a	46	20.1	13.9	2.7	9.0	23.6	48.2	NA	NA	NA
ENSDART00000128284	nudt9	308	22.1	20.2	8.5	13.5	28.1	37.5	28.25	5.19	-2.44444442383
ENSDART00000103733	atad5a	221	51.2	44.4	16.0	25.7	69.0	91.7	60.79	65.9	0.116444446449
ENSDART00000103592	FAM83F	89	15.6	14.2	2.0	8.4	21.9	31.2	NA	NA	NA
ENSDART00000103596	npc1	448	29.8	25.2	7.3	14.7	39.9	57.3	27.76	36.41	0.391327172866
ENSDART00000133246	hsf2bp	7	36.6	31.6	NA	NA	NA	NA	NA	NA	NA
ENSDART00000133247	rusc2	4	15.8	14.2	NA	NA	NA	NA	NA	NA	NA
ENSDART00000111477	METTL18	63	17.9	14.6	5.7	9.3	22.2	37.1	NA	NA	NA
ENSDART00000111472	brca2	391	20.8	18.0	4.1	9.4	29.1	41.8	21.07	6.11	-1.785946029
ENSDART00000041725	sfmbt1	54	25.0	16.3	1.8	10.3	38.9	51.1	NA	NA	NA
ENSDART00000041895	ssu72	179	26.2	23.1	7.1	13.6	34.5	51.1	39.2	53.25	0.441927870998
ENSDART00000049151	gli1	10	39.7	39.1	13.8	18.2	60.9	67.0	NA	NA	NA
ENSDART00000135428	si:ch211-284e13.5	112	28.6	26.7	6.2	13.7	40.3	57.8	NA	NA	NA
ENSDART00000113020	tet2	1	9.0	9.0	NA	NA	NA	NA	NA	NA	NA
ENSDART00000100642	ell	380	44.6	33.5	7.5	15.2	63.2	101.5	NA	NA	NA
ENSDART00000061706	inpp5b	79	28.2	22.7	5.3	13.6	41.0	58.5	14.99	4.22	-1.82868547924
ENSDART00000124289	si:ch73-29c22.1	2	10.8	10.8	NA	NA	NA	NA	NA	NA	NA
ENSDART00000065563	ccdc90b	16	60.5	57.1	13.1	28.3	93.2	111.2	NA	NA	NA
ENSDART00000146350	far1	82	18.5	12.1	2.4	6.4	26.6	42.0	NA	NA	NA
ENSDART00000127353	nr1d2b	12	41.4	34.4	11.0	18.8	52.1	77.0	NA	NA	NA
ENSDART00000127350	enpp1	32	31.7	29.3	12.7	20.7	37.5	53.2	NA	NA	NA
ENSDART00000055973	cyp2k19	1	18.3	18.3	NA	NA	NA	NA	NA	NA	NA
ENSDART00000127355	IER2	1	14.8	14.8	NA	NA	NA	NA	NA	NA	NA
ENSDART00000027090	yes1	92	53.6	40.8	11.5	23.8	82.8	113.4	10.91	155.76	3.8356017824
ENSDART00000074034	vps54	334	31.9	23.1	6.5	12.9	41.2	74.3	NA	NA	NA
ENSDART00000018347	cab39l1	289	39.2	30.6	6.6	15.4	52.9	88.7	NA	NA	NA
ENSDART00000074036	rcvrna	1	10.4	10.4	NA	NA	NA	NA	NA	NA	NA
ENSDART00000126341	CCPG1	8	14.9	9.9	NA	NA	NA	NA	NA	NA	NA
ENSDART00000109030	HERC1	27	18.6	18.3	8.7	12.6	25.1	28.1	5.44	0.65	-3.06509502822
ENSDART00000111956	gramd1a	20	30.8	23.1	10.1	16.2	40.4	60.2	NA	NA	NA
ENSDART00000136199	dtd2	17	37.1	41.5	13.1	17.0	48.5	56.7	NA	NA	NA
ENSDART00000113526	optn	24	23.5	17.7	11.2	12.3	34.3	44.0	NA	NA	NA
ENSDART00000065562	pcf11	112	21.5	14.8	3.6	7.1	31.4	42.4	15.48	3.26	-2.24746160191
ENSDART00000102562	ankrd10b	7	33.6	38.5	NA	NA	NA	NA	NA	NA	NA
ENSDART00000133106	si:ch211-264f5.6	1	17.8	17.8	NA	NA	NA	NA	NA	NA	NA
ENSDART00000123404	il17rd	117	49.6	48.4	14.7	24.3	69.2	84.8	13.3	82.95	2.64081573545
ENSDART00000016960	prkg1a	8	44.6	40.1	NA	NA	NA	NA	NA	NA	NA
ENSDART00000128551	ttll9	4	14.4	11.2	NA	NA	NA	NA	NA	NA	NA
ENSDART00000124615	rad23b	262	50.7	31.8	4.9	12.8	85.8	118.2	66.83	221.66	1.72978067062
ENSDART00000129940	MTMR4	143	31.0	25.9	7.5	15.7	43.5	58.3	13.82	59.05	2.0951794439
ENSDART00000014696	pdx1	15	32.7	31.1	14.1	25.8	33.2	60.1	NA	NA	NA
ENSDART00000014871	akr7a3	119	24.6	21.1	4.3	11.0	30.7	53.1	NA	NA	NA
ENSDART00000123409	PARP10	59	32.1	27.6	8.4	12.9	45.9	62.8	NA	NA	NA
ENSDART00000014691	eif4e2rs1	371	39.7	38.0	11.4	21.5	54.2	71.1	48.81	128.97	1.40178685931
ENSDART00000109312	HMGXB4	9	11.3	7.8	NA	NA	NA	NA	NA	NA	NA
ENSDART00000098194	raf1a	29	50.8	35.3	7.8	20.6	79.2	103.4	NA	NA	NA
ENSDART00000147912	si:dkey-20d21.12	159	23.2	19.8	7.5	11.5	32.3	42.1	NA	NA	NA
ENSDART00000110871	zgc:171531	2	42.5	42.5	NA	NA	NA	NA	NA	NA	NA
ENSDART00000008898	foxm1	433	25.5	22.7	8.9	15.9	31.9	45.4	NA	NA	NA
ENSDART00000044043	rbm17	173	42.1	37.1	11.5	22.1	56.5	83.5	60.68	99.99	0.720562732584
ENSDART00000102463	zgc:162344	304	39.4	37.4	13.4	22.8	52.7	68.8	39.01	123.5	1.66259513833
ENSDART00000056666	klhl20	127	70.3	76.5	16.6	38.0	99.9	120.0	24.66	163.56	2.72957526312
ENSDART00000056667	cenpl	504	17.7	12.9	2.8	7.0	22.2	37.7	NA	NA	NA
ENSDART00000014232	znf330	221	23.4	19.2	3.5	10.5	31.3	47.7	54.99	40.74	-0.432723306295
ENSDART00000083908	dab1a	2	20.2	20.2	NA	NA	NA	NA	NA	NA	NA
ENSDART00000136990	si:dkey-117m1.4	41	21.4	14.2	6.4	9.8	30.7	44.8	NA	NA	NA
ENSDART00000033069	bxdc2	369	18.0	14.1	4.6	8.8	23.7	35.5	116.71	25.85	-2.17469199435
ENSDART00000137801	rasgef1ba	441	17.0	14.7	2.8	8.5	22.8	34.5	32.96	3.46	-3.25187229955
ENSDART00000129031	nsmfb	9	41.3	43.8	NA	NA	NA	NA	NA	NA	NA
ENSDART00000129033	SB:CB827	9	23.0	24.3	NA	NA	NA	NA	NA	NA	NA
ENSDART00000036015	ryr1b	2	87.5	87.5	NA	NA	NA	NA	NA	NA	NA
ENSDART00000129035	prdx5	12	15.0	14.7	0.8	5.6	22.5	29.1	NA	NA	NA
ENSDART00000082362	mak	110	31.9	25.6	8.7	14.4	41.5	63.3	NA	NA	NA
ENSDART00000064150	SAYSD1	156	17.2	15.8	3.8	8.9	25.8	33.5	NA	NA	NA
ENSDART00000109319	arf1	276	68.9	52.2	11.5	24.3	105.1	147.0	NA	NA	NA
ENSDART00000078795	ahcyl1	6	31.5	31.6	NA	NA	NA	NA	NA	NA	NA
ENSDART00000059117	mmd	57	24.8	21.1	1.3	10.7	32.5	48.1	NA	NA	NA
ENSDART00000064156	tbccd1	107	27.9	21.9	7.5	12.7	38.8	52.8	NA	NA	NA
ENSDART00000079902	slc25a16	1	19.6	19.6	NA	NA	NA	NA	NA	NA	NA
ENSDART00000077219	badb	373	23.2	18.3	4.8	9.6	32.1	47.4	NA	NA	NA
ENSDART00000098999	zgc:114119	241	24.8	20.5	8.4	12.7	33.6	47.0	63.57	52.0	-0.289834465178
ENSDART00000127955	lysmd2	452	16.8	14.8	3.2	7.6	21.8	31.7	NA	NA	NA
ENSDART00000004462	heg	1	38.5	38.5	NA	NA	NA	NA	NA	NA	NA
ENSDART00000136306	SYCE3	83	22.5	16.8	6.5	9.8	31.1	50.9	NA	NA	NA
ENSDART00000074854	im:7154842	30	17.3	14.1	3.3	11.2	17.6	31.0	NA	NA	NA
ENSDART00000077216	astn1	67	54.1	54.3	11.2	26.2	75.4	103.5	NA	NA	NA
ENSDART00000077217	zgc:101765	164	27.1	23.8	6.3	13.9	36.2	49.9	NA	NA	NA
ENSDART00000009337	eno1a	44	22.1	22.6	5.4	12.0	30.1	39.2	NA	NA	NA
ENSDART00000045177	cdk10	13	35.0	32.7	9.6	17.9	49.1	65.5	NA	NA	NA
ENSDART00000102645	stk11ip	221	18.7	15.4	4.1	8.0	26.4	38.8	NA	NA	NA
ENSDART00000056138	IGSF8	34	27.0	21.9	6.8	11.9	33.6	59.0	NA	NA	NA
ENSDART00000046954	kcnip1a	1	27.6	27.6	NA	NA	NA	NA	NA	NA	NA
ENSDART00000130675	pi4k2a	219	45.4	40.2	11.1	22.4	63.7	86.9	NA	NA	NA
ENSDART00000146106	nfil3-5	3	7.3	5.8	NA	NA	NA	NA	NA	NA	NA
ENSDART00000025620	ppiaa	4055	28.3	25.3	6.7	13.8	39.5	54.9	625.15	254.69	-1.29546007946
ENSDART00000130299	DEAF1	25	20.9	21.8	5.8	7.6	29.8	36.1	NA	NA	NA
ENSDART00000130296	CABZ01088071.1	122	25.6	21.0	7.5	13.1	36.1	49.7	20.83	6.53	-1.67350794249
ENSDART00000130746	zgc:112962	121	48.8	44.2	15.7	29.2	66.2	86.2	16.13	17.04	0.0791788970702
ENSDART00000130741	fam20c	1	0.2	0.2	NA	NA	NA	NA	NA	NA	NA
ENSDART00000147941	me1	111	25.0	21.1	7.5	12.8	33.4	47.0	NA	NA	NA
ENSDART00000005485	zgc:136902	1	20.2	20.2	NA	NA	NA	NA	NA	NA	NA
ENSDART00000048206	C18H12orf23	757	25.7	20.0	5.3	11.1	35.8	55.2	NA	NA	NA
ENSDART00000097469	fdx1l	107	37.5	36.0	5.4	11.6	57.4	79.2	20.47	22.46	0.133846825377
ENSDART00000081983	SLC35A2	9	14.6	14.0	NA	NA	NA	NA	NA	NA	NA
ENSDART00000131276	si:ch211-150o23.2	202	28.9	23.7	8.3	14.6	38.9	54.8	NA	NA	NA
ENSDART00000097465	CEP57	146	25.5	21.5	7.0	12.6	34.3	50.2	28.99	22.33	-0.376572082239
ENSDART00000048201	SMAD4	7	39.7	24.8	NA	NA	NA	NA	NA	NA	NA
ENSDART00000076163	hoxb1b	5	19.9	15.3	NA	NA	NA	NA	NA	NA	NA
ENSDART00000005331	klhl15	229	28.3	24.3	5.9	12.7	37.8	54.0	NA	NA	NA
ENSDART00000002104	sema3c	3	25.3	17.9	NA	NA	NA	NA	NA	NA	NA
ENSDART00000005337	rimkla	423	79.4	85.2	20.2	49.3	109.3	125.4	38.12	364.9	3.25888112656
ENSDART00000079655	enpep	2	-4.3	-4.3	NA	NA	NA	NA	NA	NA	NA
ENSDART00000004689	VWA5A	3	75.3	65.1	NA	NA	NA	NA	NA	NA	NA
ENSDART00000055312	nosip	105	51.0	47.5	15.9	28.2	62.9	96.5	30.57	145.16	2.24745550459
ENSDART00000112030	CABZ01084950.1	95	16.0	12.5	4.0	6.4	19.1	30.5	NA	NA	NA
ENSDART00000042100	homez	164	37.5	27.4	6.5	11.6	54.5	89.6	37.18	179.49	2.27130479346
ENSDART00000115339	scmh1	19	36.9	27.7	12.3	14.9	41.8	78.8	NA	NA	NA
ENSDART00000134459	LMTK3	1	4.9	4.9	NA	NA	NA	NA	NA	NA	NA
ENSDART00000134455	zgc:100906	1	12.8	12.8	NA	NA	NA	NA	NA	NA	NA
ENSDART00000143483	nr2c2ap	69	23.9	20.9	5.2	11.5	34.2	44.0	NA	NA	NA
ENSDART00000143482	fsd1l	1	45.2	45.2	NA	NA	NA	NA	NA	NA	NA
ENSDART00000134450	ebpl	16	25.3	25.6	13.5	18.8	35.1	35.6	NA	NA	NA
ENSDART00000109990	ABHD15	202	28.3	26.8	6.5	14.0	37.6	54.3	NA	NA	NA
ENSDART00000088908	srgap1	44	60.9	49.0	10.2	22.3	94.9	129.4	NA	NA	NA
ENSDART00000146175	CEP350	464	30.7	26.7	8.2	16.0	41.8	57.6	55.07	16.47	-1.74142605342
ENSDART00000058578	rspo3	3	17.5	15.8	NA	NA	NA	NA	NA	NA	NA
ENSDART00000057223	rhebl1	48	67.9	71.9	17.3	34.2	96.0	108.2	NA	NA	NA
ENSDART00000109152	CABZ01062452.1	51	29.2	21.7	5.9	11.1	45.4	57.0	NA	NA	NA
ENSDART00000017966	nudt17	165	31.4	28.2	9.9	16.7	43.7	56.7	NA	NA	NA
ENSDART00000058571	snai2	34	53.6	50.9	13.7	27.3	68.5	96.2	NA	NA	NA
ENSDART00000130122	CDHR5	19	22.9	21.3	1.4	9.6	33.1	43.5	NA	NA	NA
ENSDART00000130126	CABZ01054394.3	44	40.2	37.0	12.7	22.9	52.6	71.5	NA	NA	NA
ENSDART00000052638	slc27a2a	2	23.9	23.9	NA	NA	NA	NA	NA	NA	NA
ENSDART00000052636	evx1	32	21.6	18.5	7.4	12.7	31.0	40.9	NA	NA	NA
ENSDART00000055913	hist2h2l	71	19.4	15.8	6.4	10.4	26.2	37.8	NA	NA	NA
ENSDART00000075146	alg3	64	51.0	44.0	13.8	27.1	74.9	94.8	NA	NA	NA
ENSDART00000142284	meig1	14	28.5	27.3	11.7	18.1	35.7	46.0	NA	NA	NA
ENSDART00000050037	chrnb3b	3	43.1	41.6	NA	NA	NA	NA	NA	NA	NA
ENSDART00000124487	hinfp	65	42.7	40.2	11.4	19.6	56.9	86.8	NA	NA	NA
ENSDART00000035939	panx1a	22	22.6	17.1	7.8	12.2	30.1	47.4	25.14	26.07	0.052405933115
ENSDART00000142825	SMIM13	3	45.5	51.9	NA	NA	NA	NA	NA	NA	NA
ENSDART00000125228	BX571715.2	6	33.1	32.5	NA	NA	NA	NA	NA	NA	NA
ENSDART00000073883	dtymk	551	13.1	10.0	0.9	4.8	18.0	27.4	129.78	13.9	-3.22291128307
ENSDART00000099795	sdad1	260	23.8	20.0	2.1	10.3	33.0	47.1	106.04	30.63	-1.79159130327
ENSDART00000101205	phkg1b	4	12.6	4.9	NA	NA	NA	NA	NA	NA	NA
ENSDART00000128619	PRODH2	1	57.0	57.0	NA	NA	NA	NA	NA	NA	NA
ENSDART00000128618	and1	1	82.6	82.6	NA	NA	NA	NA	NA	NA	NA
ENSDART00000101209	fbxo43	979	43.4	36.5	7.2	18.8	62.8	87.2	140.13	375.1	1.42050941203
ENSDART00000125223	dcun1d1	278	44.9	32.7	7.2	13.4	66.7	96.4	NA	NA	NA
ENSDART00000128613	rps15a	720	29.2	27.2	8.9	17.5	39.7	52.7	440.61	32.32	-3.76900313534
ENSDART00000128612	ubxn2a	392	16.3	13.4	2.7	7.6	21.5	33.0	NA	NA	NA
ENSDART00000049437	cdc42bpb	197	37.5	32.4	6.7	14.1	51.3	74.2	35.04	21.14	-0.729027398218
ENSDART00000153212	GPR123	15	37.1	42.3	7.2	22.9	51.6	57.2	NA	NA	NA
ENSDART00000108619	farp1	105	35.4	30.5	11.1	17.7	48.4	66.6	NA	NA	NA
ENSDART00000099735	MLLT1	6	32.7	21.3	NA	NA	NA	NA	NA	NA	NA
ENSDART00000109798	dna2	318	25.4	21.4	5.3	11.6	34.3	52.0	48.25	74.22	0.621279058655
ENSDART00000099733	f2rl1.1	259	44.2	30.2	7.6	15.3	62.5	105.4	NA	NA	NA
ENSDART00000103150	calcoco1	25	33.0	29.3	6.1	18.4	47.3	66.2	NA	NA	NA
ENSDART00000108618	AP5Z1	88	29.5	28.0	9.3	17.9	37.3	52.2	NA	NA	NA
ENSDART00000142406	si:ch73-160h15.3	2	6.4	6.4	NA	NA	NA	NA	NA	NA	NA
ENSDART00000003273	rchy1	171	18.9	15.6	5.3	9.1	25.5	34.3	39.8	10.57	-1.91279305405
ENSDART00000104926	EPS8L2	2	38.9	38.9	NA	NA	NA	NA	NA	NA	NA
ENSDART00000091103	CABZ01073054.1	1	0.4	0.4	NA	NA	NA	NA	NA	NA	NA
ENSDART00000091105	MFAP3L	27	21.0	12.9	5.3	9.1	29.9	41.7	NA	NA	NA
ENSDART00000102388	cyp2aa1	1	23.7	23.7	NA	NA	NA	NA	NA	NA	NA
ENSDART00000145083	brd1a	9	32.3	17.6	NA	NA	NA	NA	NA	NA	NA
ENSDART00000091109	naif1	24	26.1	18.5	6.7	12.7	34.1	47.2	NA	NA	NA
ENSDART00000129965	CABZ01079490.1	287	19.6	14.9	4.1	9.2	27.5	41.4	76.12	10.03	-2.92395395566
ENSDART00000145087	lmna	4	26.9	24.2	NA	NA	NA	NA	NA	NA	NA
ENSDART00000129963	rbp1b	207	21.6	19.3	4.2	10.3	30.2	42.6	NA	NA	NA
ENSDART00000087862	SAMD14	9	29.1	30.1	NA	NA	NA	NA	NA	NA	NA
ENSDART00000145084	lsm10	4	31.4	25.4	NA	NA	NA	NA	NA	NA	NA
ENSDART00000129320	celf2	24	19.1	19.2	8.3	12.6	25.7	30.4	NA	NA	NA
ENSDART00000131236	si:dkey-246j7.1	1	44.2	44.2	NA	NA	NA	NA	NA	NA	NA
ENSDART00000063877	prdx6	210	27.9	22.0	6.9	12.7	36.5	58.1	54.28	91.31	0.750352147781
ENSDART00000142758	si:dkey-163f12.10	1	8.5	8.5	NA	NA	NA	NA	NA	NA	NA
ENSDART00000114729	OSCP1	21	31.5	30.5	6.7	20.3	45.3	56.0	NA	NA	NA
ENSDART00000062422	zgc:63691	207	24.6	21.4	7.8	12.9	31.0	43.0	NA	NA	NA
ENSDART00000013360	ppp1r3cb	4	27.4	23.1	NA	NA	NA	NA	NA	NA	NA
ENSDART00000082448	zgc:66127	133	83.2	93.0	12.5	26.5	130.1	158.1	168.89	861.63	2.35098457362
ENSDART00000062930	phlda2	2	2.2	2.2	NA	NA	NA	NA	NA	NA	NA
ENSDART00000090855	megf11	1	36.1	36.1	NA	NA	NA	NA	NA	NA	NA
ENSDART00000127990	BCKDHB	336	48.1	44.0	12.4	24.7	66.1	93.9	71.19	140.1	0.976710449403
ENSDART00000127993	dnajb6b	47	38.8	35.6	10.5	18.4	53.2	72.5	NA	NA	NA
ENSDART00000090851	ydjc	10	20.7	8.7	-2.1	3.2	33.9	58.3	NA	NA	NA
ENSDART00000083314	ptprfb	12	33.6	29.3	15.6	23.4	43.2	45.4	NA	NA	NA
ENSDART00000086994	nat15	139	38.7	28.7	8.0	18.3	50.2	78.7	NA	NA	NA
ENSDART00000029586	dnaja2	1167	23.2	17.5	3.8	9.4	31.1	52.0	231.97	105.43	-1.13765279509
ENSDART00000145356	si:ch211-13c6.2	133	51.8	47.3	17.8	27.8	72.0	91.3	32.9	75.91	1.20620236756
ENSDART00000131651	si:ch211-160j14.2	790	21.8	18.1	5.0	10.2	30.0	44.0	NA	NA	NA
ENSDART00000017962	eci1	448	32.0	27.0	6.2	13.4	45.2	64.6	NA	NA	NA
ENSDART00000131652	gpr146	3	29.3	35.2	NA	NA	NA	NA	NA	NA	NA
ENSDART00000060866	ACVR2B	210	69.1	60.1	8.5	19.8	114.2	145.9	18.13	71.56	1.98077446231
ENSDART00000064805	cenpp	40	16.6	14.1	4.9	7.5	21.8	30.9	NA	NA	NA
ENSDART00000042701	pip5k2	86	46.2	42.8	12.5	25.4	66.8	81.6	18.36	179.06	3.28580512753
ENSDART00000103388	wu:fi42e03	164	59.8	56.0	13.6	26.7	88.8	113.6	59.79	14.47	-2.04683928903
ENSDART00000006173	cldn7b	196	96.9	109.8	20.7	56.1	136.2	157.8	38.18	810.95	4.40872395841
ENSDART00000136744	foxq2	1	10.0	10.0	NA	NA	NA	NA	NA	NA	NA
ENSDART00000139064	pfn2l	228	31.1	23.6	6.7	16.1	39.2	57.1	75.66	542.35	2.84162149904
ENSDART00000139068	zgc:114130	675	42.1	31.9	7.2	15.9	61.0	95.2	51.51	825.41	4.0021864718
ENSDART00000139069	decr1	143	26.2	20.7	5.1	11.1	37.8	58.6	NA	NA	NA
ENSDART00000140954	asb13a.2	20	30.1	35.1	2.7	13.3	41.0	59.8	NA	NA	NA
ENSDART00000101246	vps29	349	23.8	20.4	7.3	12.4	31.7	42.6	45.96	39.65	-0.213057932055
ENSDART00000115337	fastkd3	52	37.0	32.7	11.3	17.6	45.9	69.5	NA	NA	NA
ENSDART00000113060	dnph1	11	20.2	21.8	-1.6	9.2	30.0	41.2	NA	NA	NA
ENSDART00000113061	bbs1	3	28.4	12.9	NA	NA	NA	NA	NA	NA	NA
ENSDART00000113066	amer1	18	53.3	39.6	15.0	25.8	73.2	97.7	5.77	23.8	2.04431834955
ENSDART00000020174	dynll2b	99	68.1	70.1	16.1	34.7	98.8	111.3	75.6	249.11	1.72032479716
ENSDART00000043259	entpd2a.2	2	16.4	16.4	NA	NA	NA	NA	NA	NA	NA
ENSDART00000012055	rpl28	592	29.0	27.7	7.7	17.2	39.0	52.3	416.86	19.48	-4.41949736176
ENSDART00000017572	asun	239	54.2	45.6	10.8	25.0	82.2	107.3	49.52	92.81	0.906268945253
ENSDART00000043251	derl3	7	19.1	11.4	NA	NA	NA	NA	NA	NA	NA
ENSDART00000049375	ube2e2	1	21.7	21.7	NA	NA	NA	NA	NA	NA	NA
ENSDART00000110270	pwp2h	64	55.7	42.1	3.9	25.6	94.1	112.9	27.4	184.33	2.75004309269
ENSDART00000007883	ccne1	442	122.9	133.4	38.7	94.7	154.7	175.3	129.32	1258.34	3.28250446942
ENSDART00000024847	TMEM196	1	65.2	65.2	NA	NA	NA	NA	NA	NA	NA
ENSDART00000024846	ubr4	82	53.3	45.6	12.2	23.3	77.6	109.4	6.64	28.56	2.10474083268
ENSDART00000053546	sh3bgrl2	6	16.3	13.2	NA	NA	NA	NA	NA	NA	NA
ENSDART00000110278	rassf9	24	29.5	30.2	5.5	12.8	42.7	56.8	NA	NA	NA
ENSDART00000056324	CR628323.3	8	25.4	22.3	NA	NA	NA	NA	NA	NA	NA
ENSDART00000023977	fbxw2	162	54.3	53.7	13.3	26.8	78.3	99.8	NA	NA	NA
ENSDART00000127502	cdkl5	7	23.5	23.7	NA	NA	NA	NA	NA	NA	NA
ENSDART00000144288	pcmt	79	24.9	19.3	7.6	13.2	30.1	45.5	20.77	11.86	-0.808397206299
ENSDART00000022110	slc24a3	1	16.2	16.2	NA	NA	NA	NA	NA	NA	NA
ENSDART00000022112	zgc:56628	103	35.2	27.1	5.6	15.3	48.8	70.3	NA	NA	NA
ENSDART00000056328	elovl4b	53	54.6	49.9	9.9	27.8	78.6	98.1	NA	NA	NA
ENSDART00000022445	cand2	2	120.5	120.5	NA	NA	NA	NA	NA	NA	NA
ENSDART00000008099	b9d2	68	29.0	24.3	8.6	14.3	41.0	52.1	NA	NA	NA
ENSDART00000064860	rbms1a	2	30.1	30.1	NA	NA	NA	NA	NA	NA	NA
ENSDART00000044705	RPS6KA2	1	3.9	3.9	NA	NA	NA	NA	NA	NA	NA
ENSDART00000123478	CU570791.5	118	32.7	30.7	6.1	17.8	43.7	60.3	NA	NA	NA
ENSDART00000114382	stard13b	13	31.0	24.1	3.6	12.5	28.4	80.6	NA	NA	NA
ENSDART00000114384	znf654	28	26.9	22.4	7.2	14.3	40.3	51.9	6.2	8.6	0.472068444315
ENSDART00000114385	CEP152	337	32.0	26.9	6.3	15.9	44.6	63.0	46.11	27.3	-0.756178714605
ENSDART00000140673	galnt1	6	75.1	73.8	NA	NA	NA	NA	NA	NA	NA
ENSDART00000121762	CR354382.1	23	25.5	26.1	12.1	17.2	32.1	41.4	NA	NA	NA
ENSDART00000010092	gas6	57	50.9	46.4	13.2	26.4	68.0	100.2	NA	NA	NA
ENSDART00000098461	ptk7a	134	79.2	71.7	13.7	34.1	123.3	155.7	22.47	265.34	3.56177014858
ENSDART00000129670	BX640547.1	1	36.1	36.1	NA	NA	NA	NA	NA	NA	NA
ENSDART00000121769	REXO4	148	25.0	22.2	3.0	9.4	39.3	51.8	96.03	26.95	-1.83319990463
ENSDART00000103882	grin2db	16	31.1	25.7	8.1	10.1	36.9	63.2	7.46	0.16	-5.54303182026
ENSDART00000060399	drap1	167	122.6	136.6	20.4	91.1	160.4	182.1	54.65	388.05	2.82794915373
ENSDART00000150336	tmem243b	24	47.1	33.6	20.7	26.4	57.8	88.7	NA	NA	NA
ENSDART00000110605	plekha7b	1	52.1	52.1	NA	NA	NA	NA	NA	NA	NA
ENSDART00000110609	samsn1b	1	27.6	27.6	NA	NA	NA	NA	NA	NA	NA
ENSDART00000090790	cadm2b	1	19.5	19.5	NA	NA	NA	NA	NA	NA	NA
ENSDART00000080843	ndufa8	398	15.2	12.4	2.9	6.4	20.7	34.7	75.99	23.41	-1.69868464332
ENSDART00000153406	casp7	1	17.5	17.5	NA	NA	NA	NA	NA	NA	NA
ENSDART00000141504	si:dkey-105h11.2	14	20.4	18.9	5.3	10.1	30.1	38.2	NA	NA	NA
ENSDART00000115031	MRPL47	348	17.9	15.5	6.6	10.5	24.4	31.9	71.43	5.62	-3.66788808577
ENSDART00000115037	FOXJ3	20	38.6	23.8	7.3	10.1	47.3	95.5	NA	NA	NA
ENSDART00000115034	brwd1	152	39.4	35.3	12.8	22.5	49.9	70.4	29.4	21.54	-0.44879790518
ENSDART00000019759	aven	396	20.7	17.6	6.3	11.5	27.3	38.9	NA	NA	NA
ENSDART00000019750	wdr5	472	39.2	31.0	8.9	16.4	52.8	82.7	30.61	321.97	3.39485131952
ENSDART00000137554	si:ch211-219a15.4	1	6.2	6.2	NA	NA	NA	NA	NA	NA	NA
ENSDART00000100126	AKIP1	847	37.9	35.7	11.8	22.1	50.4	67.8	NA	NA	NA
ENSDART00000137556	fam102ab	65	26.1	23.1	2.3	10.8	40.6	51.0	NA	NA	NA
ENSDART00000132073	eif4e1c	309	30.3	23.4	4.8	10.8	40.0	65.8	79.36	274.22	1.78884986584
ENSDART00000099340	pccb	331	22.2	18.7	5.4	10.9	28.0	44.0	44.57	24.77	-0.847479092366
ENSDART00000029528	mospd2	125	20.9	16.6	5.8	10.1	29.9	43.0	14.57	7.85	-0.892236318286
ENSDART00000086166	NCKAP1L	6	28.1	28.1	NA	NA	NA	NA	NA	NA	NA
ENSDART00000134928	nfatc3b	1	3.0	3.0	NA	NA	NA	NA	NA	NA	NA
ENSDART00000046431	hsd17b4	21	22.6	14.2	9.0	11.2	36.0	50.1	NA	NA	NA
ENSDART00000102876	cybrd1	57	11.8	8.3	-2.8	4.2	15.3	34.3	NA	NA	NA
ENSDART00000051566	C5H9orf85	658	19.9	15.5	3.7	8.6	26.2	41.0	161.73	109.93	-0.557002162555
ENSDART00000014552	arl8ba	337	31.3	26.0	8.9	16.4	41.2	58.0	NA	NA	NA
ENSDART00000134922	kctd7	3	22.0	21.7	NA	NA	NA	NA	NA	NA	NA
ENSDART00000051565	cyp1d1	11	47.6	33.4	13.7	23.6	78.5	83.9	NA	NA	NA
ENSDART00000090301	HECW1	1	18.6	18.6	NA	NA	NA	NA	NA	NA	NA
ENSDART00000010101	aacs	84	25.6	20.2	3.9	10.3	32.2	56.0	NA	NA	NA
ENSDART00000060134	piga	138	30.3	25.5	6.9	12.0	42.2	62.9	NA	NA	NA
ENSDART00000142217	magi1a	20	33.9	18.6	8.7	12.0	64.6	67.9	NA	NA	NA
ENSDART00000083505	dad1	522	24.8	21.0	5.6	12.6	34.4	46.2	81.37	77.34	-0.0732822262775
ENSDART00000075028	rps11	1161	22.3	18.7	3.9	10.5	32.8	44.2	395.91	54.21	-2.86854159577
ENSDART00000057819	ptk2bb	9	69.6	46.4	NA	NA	NA	NA	NA	NA	NA
ENSDART00000019573	zgc:65894	11	15.6	11.9	-4.3	6.7	25.1	27.9	NA	NA	NA
ENSDART00000075533	tmem209	219	100.3	107.0	41.2	72.4	130.3	153.0	13.71	168.14	3.61636250198
ENSDART00000148280	prr18	4	18.0	12.8	NA	NA	NA	NA	NA	NA	NA
ENSDART00000084354	cpeb3	2	15.0	15.0	NA	NA	NA	NA	NA	NA	NA
ENSDART00000077394	fam184b	1	55.9	55.9	NA	NA	NA	NA	NA	NA	NA
ENSDART00000026726	diexf	292	23.7	16.7	5.2	9.2	32.9	49.3	35.35	35.59	0.00976171781302
ENSDART00000055676	RDM1	68	45.3	38.7	15.9	22.5	63.5	76.6	NA	NA	NA
ENSDART00000055677	STARD4	1	9.4	9.4	NA	NA	NA	NA	NA	NA	NA
ENSDART00000132445	rbfa	339	24.3	21.0	7.4	11.8	33.1	45.7	NA	NA	NA
ENSDART00000088325	mast4	10	28.0	32.1	9.3	14.3	39.6	43.0	NA	NA	NA
ENSDART00000081183	enc1l	128	18.9	15.6	3.3	8.1	28.6	39.5	NA	NA	NA
ENSDART00000062518	zgc:162356	89	27.1	21.3	3.0	12.0	37.5	50.9	NA	NA	NA
ENSDART00000043823	osbpl10	9	41.7	37.5	NA	NA	NA	NA	NA	NA	NA
ENSDART00000137169	C2H7orf25	238	14.5	12.0	2.9	6.8	20.6	29.8	NA	NA	NA
ENSDART00000077978	s100t	25	37.8	31.0	6.7	12.8	61.2	88.0	NA	NA	NA
ENSDART00000021976	nsa2	290	13.0	9.5	0.9	5.0	17.0	27.5	25.79	3.82	-2.75516722975
ENSDART00000038651	znf804a	18	46.5	36.8	10.4	15.7	69.0	102.0	NA	NA	NA
ENSDART00000134347	zgc:113162	108	46.2	37.0	9.7	19.4	71.3	91.2	NA	NA	NA
ENSDART00000126543	CR848746.2	240	18.8	16.0	4.0	10.2	24.9	34.6	NA	NA	NA
ENSDART00000010362	supt7l	84	28.8	25.2	7.6	12.9	38.6	53.6	NA	NA	NA
ENSDART00000083572	C1H19orf53	5	47.2	49.2	NA	NA	NA	NA	60.22	43.2	-0.479211395674
ENSDART00000083571	MYOM3	1	9.2	9.2	NA	NA	NA	NA	NA	NA	NA
ENSDART00000076586	si:ch211-198n5.11	75	17.1	16.1	4.5	9.6	22.8	32.1	NA	NA	NA
ENSDART00000066424	pofut2	7	61.8	68.1	NA	NA	NA	NA	NA	NA	NA
ENSDART00000099903	uckl1b	113	40.4	34.7	8.7	16.6	57.1	81.7	NA	NA	NA
ENSDART00000103470	arid3b	118	91.2	96.5	14.6	43.6	136.3	155.8	7.53	162.09	4.42800141268
ENSDART00000103471	khdrbs1b	264	39.4	26.4	4.7	12.1	52.5	96.0	27.34	216.23	2.98348155008
ENSDART00000105284	ncoa6	136	40.9	32.3	11.6	18.4	59.5	75.9	23.76	39.11	0.719002699932
ENSDART00000146280	bbip1	240	12.6	11.4	1.9	5.6	18.4	26.1	NA	NA	NA
ENSDART00000146281	FAM65C	858	16.4	14.7	3.3	7.9	22.2	31.0	73.2	3.66	-4.32192809489
ENSDART00000082193	zmpste24	131	44.3	33.8	10.3	20.9	60.5	81.6	NA	NA	NA
ENSDART00000085416	atad2b	149	37.7	20.1	7.0	11.3	45.1	108.0	23.0	55.62	1.27396988351
ENSDART00000089528	atrn	133	27.1	22.2	4.8	14.3	34.5	57.4	NA	NA	NA
ENSDART00000104107	zgc:173544	37	20.7	21.1	7.3	10.8	29.6	36.8	NA	NA	NA
ENSDART00000103730	pmpca	161	36.9	33.8	6.8	19.9	53.4	68.7	NA	NA	NA
ENSDART00000089526	otc	15	23.9	16.5	8.1	14.0	38.1	46.8	NA	NA	NA
ENSDART00000101675	capn5a	107	67.9	59.8	9.8	24.2	102.6	143.0	NA	NA	NA
ENSDART00000056457	mitfa	1	1.3	1.3	NA	NA	NA	NA	NA	NA	NA
ENSDART00000089425	papd7	353	95.9	108.1	17.1	45.9	140.1	161.4	34.46	492.87	3.83821256308
ENSDART00000131436	CR854963.2	8	18.4	15.4	NA	NA	NA	NA	NA	NA	NA
ENSDART00000037007	tpi1a	461	22.5	18.2	5.7	11.2	30.0	44.1	NA	NA	NA
ENSDART00000023238	emc2	161	49.5	47.0	14.4	30.7	66.5	85.0	20.68	71.56	1.79091720174
ENSDART00000097729	zgc:162967	56	15.5	13.0	3.7	7.0	20.0	28.0	11.86	2.42	-2.29302505727
ENSDART00000103591	fbxo7	201	23.6	20.9	8.3	14.6	31.2	41.9	13.76	2.19	-2.6514776951
ENSDART00000089428	ctdspla	113	25.5	21.3	9.0	12.7	35.6	46.2	NA	NA	NA
ENSDART00000093193	CABZ01090021.1	1	112.1	112.1	NA	NA	NA	NA	NA	NA	NA
ENSDART00000086651	TMEM106C	444	27.6	22.6	9.1	14.4	34.3	52.1	NA	NA	NA
ENSDART00000083719	shrprbck1r	87	29.9	27.0	8.6	14.7	40.9	53.5	NA	NA	NA
ENSDART00000102251	spna2	185	28.6	25.6	6.5	15.0	36.8	55.5	36.05	14.32	-1.33196776686
ENSDART00000052918	EMP3	4	32.7	33.5	NA	NA	NA	NA	NA	NA	NA
ENSDART00000102257	zgc:110251	186	45.3	39.6	11.1	25.9	59.4	83.9	14.6	75.88	2.37775130964
ENSDART00000083713	clk2b	493	19.9	17.0	4.5	10.2	25.8	39.4	84.88	15.61	-2.44295411894
ENSDART00000083710	cactin	96	55.9	52.8	17.1	27.1	80.3	100.9	26.81	79.87	1.57488249436
ENSDART00000013865	seh1l	222	30.7	24.1	6.3	13.0	41.9	56.6	47.15	128.28	1.44396658288
ENSDART00000136383	cd99	17	52.4	52.1	6.8	25.6	65.9	93.8	NA	NA	NA
ENSDART00000131861	si:ch211-11c15.3	2	56.3	56.3	NA	NA	NA	NA	NA	NA	NA
ENSDART00000018626	pdap1b	254	24.7	21.1	7.2	13.0	32.6	46.8	236.51	27.44	-3.10754879756
ENSDART00000074777	htt	198	30.8	25.2	6.8	11.2	43.3	68.9	12.96	15.38	0.246989785077
ENSDART00000074774	fgfr1a	115	57.8	47.2	7.0	20.2	88.0	121.1	7.76	60.73	2.96828081166
ENSDART00000018625	napa	100	50.6	49.3	13.2	22.9	70.6	94.8	28.48	154.16	2.43640742533
ENSDART00000066397	phf5a	555	46.2	42.9	12.7	24.4	65.0	84.6	177.04	215.62	0.284415646341
ENSDART00000018159	FOXK2	407	26.5	23.0	6.9	14.5	36.1	49.2	21.38	20.97	-0.0279349916239
ENSDART00000066393	pdap1a	1021	18.4	14.4	4.1	8.4	23.2	36.2	184.35	54.59	-1.75573881423
ENSDART00000078423	atp5g1	3815	20.9	17.6	5.4	10.5	27.4	40.4	375.21	516.02	0.459728704276
ENSDART00000066391	csnk1e	16	21.2	15.3	0.8	4.4	26.3	55.2	NA	NA	NA
ENSDART00000078421	cyb5d1	11	18.2	17.9	5.9	10.3	24.2	33.8	NA	NA	NA
ENSDART00000097679	zgc:171844	3	22.8	24.8	NA	NA	NA	NA	NA	NA	NA
ENSDART00000010862	mrpl24	74	10.7	9.9	0.7	3.1	14.9	22.2	NA	NA	NA
ENSDART00000097677	micu2	5	8.6	4.4	NA	NA	NA	NA	NA	NA	NA
ENSDART00000059560	kiaa0907	110	23.4	19.2	5.6	11.7	31.8	50.3	26.65	14.64	-0.864219979362
ENSDART00000149934	kl	4	16.8	16.3	NA	NA	NA	NA	NA	NA	NA
ENSDART00000134915	rev1	437	13.1	11.4	1.0	5.5	18.8	27.7	NA	NA	NA
ENSDART00000086295	anln	148	42.0	32.4	6.3	13.7	55.0	96.7	37.94	402.2	3.40612149778
ENSDART00000086296	trim62	16	14.9	12.4	5.9	10.8	23.0	26.7	NA	NA	NA
ENSDART00000073740	znf207b	113	27.4	21.7	5.8	12.8	34.5	57.9	NA	NA	NA
ENSDART00000053045	ccnt2b	434	45.9	36.3	6.0	14.4	75.3	99.4	29.93	192.59	2.685868611
ENSDART00000105455	si:ch211-197g15.9	2	19.8	19.8	NA	NA	NA	NA	NA	NA	NA
ENSDART00000039443	tuba8l4	1450	15.2	11.8	0.2	5.5	21.3	33.9	87.13	91.83	0.0757960024302
ENSDART00000001649	actn3b	1	9.4	9.4	NA	NA	NA	NA	NA	NA	NA
ENSDART00000106198	zgc:66433	110	50.6	39.4	12.2	20.6	72.0	96.9	10.13	35.93	1.8265547612
ENSDART00000114587	si:dkeyp-2e4.6	49	21.0	20.1	8.1	14.7	24.9	34.5	NA	NA	NA
ENSDART00000058965	apoeb	2	28.5	28.5	NA	NA	NA	NA	NA	NA	NA
ENSDART00000123998	zgc:162946	11	50.8	51.0	11.7	22.1	74.4	82.3	NA	NA	NA
ENSDART00000130359	BX323016.2	9	28.7	29.2	NA	NA	NA	NA	NA	NA	NA
ENSDART00000058742	zgc:92287	981	32.6	19.8	5.0	9.8	42.1	84.3	NA	NA	NA
ENSDART00000058969	ndr2	1	2.2	2.2	NA	NA	NA	NA	NA	NA	NA
ENSDART00000123997	AL929192.2	105	13.2	10.3	2.5	6.2	17.8	26.4	NA	NA	NA
ENSDART00000130354	ric8a	34	21.2	17.0	7.5	10.8	31.0	40.4	NA	NA	NA
ENSDART00000048753	ddx18	458	19.8	15.9	3.4	8.8	26.2	38.5	83.42	22.81	-1.87072686558
ENSDART00000138129	WWC1	12	50.6	45.1	6.9	18.7	80.7	101.9	NA	NA	NA
ENSDART00000114810	SYCP2L	59	29.0	24.7	1.0	14.3	41.2	63.8	NA	NA	NA
ENSDART00000065467	dedd1	146	19.9	19.1	3.5	9.1	27.9	37.4	NA	NA	NA
ENSDART00000078647	si:dkey-98p3.7	14	42.9	35.7	15.3	26.8	45.7	65.2	NA	NA	NA
ENSDART00000138120	pbdc1	93	34.4	30.0	9.2	18.9	47.0	58.7	46.4	86.26	0.89456691072
ENSDART00000138123	tpcn1	45	24.2	15.1	2.4	7.2	26.7	50.2	NA	NA	NA
ENSDART00000146195	lamtor3	184	12.2	12.1	1.7	5.6	18.5	23.1	NA	NA	NA
ENSDART00000052430	PTDSS1	21	41.1	33.8	12.1	21.9	57.4	68.7	NA	NA	NA
ENSDART00000110040	sox11a	9	27.5	9.3	NA	NA	NA	NA	NA	NA	NA
ENSDART00000024616	fam219aa	65	32.8	26.0	8.4	13.5	47.0	70.2	NA	NA	NA
ENSDART00000110042	si:ch211-241b2.4	199	12.6	11.5	2.4	7.0	17.7	22.7	NA	NA	NA
ENSDART00000062094	tmem251	335	46.7	39.1	8.6	16.7	68.4	106.4	NA	NA	NA
ENSDART00000047471	cluh	147	30.1	24.6	5.9	12.8	42.5	59.2	14.0	18.46	0.398975725813
ENSDART00000062096	si:dkeyp-55f12.3	77	16.8	14.5	3.2	6.3	23.0	33.7	NA	NA	NA
ENSDART00000098980	znf296	19	24.4	19.7	10.3	13.0	29.1	49.7	NA	NA	NA
ENSDART00000127697	abi1a	34	23.1	17.4	4.2	11.4	32.4	45.7	NA	NA	NA
ENSDART00000037848	dpp6b	7	12.4	10.5	NA	NA	NA	NA	NA	NA	NA
ENSDART00000137838	aldh9a1a.1	298	36.4	32.2	7.5	15.6	52.4	73.9	55.18	64.32	0.221121949826
ENSDART00000127692	CU929408.1	127	21.5	17.3	4.1	9.2	28.3	50.5	NA	NA	NA
ENSDART00000053222	rcbtb1	127	25.1	16.5	2.3	8.8	37.4	55.6	NA	NA	NA
ENSDART00000102210	itga6b	1	73.0	73.0	NA	NA	NA	NA	NA	NA	NA
ENSDART00000053958	c1galt1a	117	29.9	29.6	10.3	19.3	38.3	49.3	NA	NA	NA
ENSDART00000109694	ca5	45	58.2	36.8	0.7	14.6	71.9	103.6	NA	NA	NA
ENSDART00000022949	parp3	7	69.0	66.9	NA	NA	NA	NA	NA	NA	NA
ENSDART00000091735	dok6	99	17.2	14.2	6.2	8.8	20.7	30.3	NA	NA	NA
ENSDART00000143349	zgc:66455	47	21.4	16.7	4.4	8.3	29.7	45.1	NA	NA	NA
ENSDART00000109698	NACC1	5	38.4	30.9	NA	NA	NA	NA	NA	NA	NA
ENSDART00000041728	cyp26a1	127	48.0	48.2	13.2	25.2	65.4	76.2	14.75	71.7	2.28125816445
ENSDART00000033724	fabp3	574	18.6	15.5	4.6	9.3	23.9	38.5	117.68	41.2	-1.51415290918
ENSDART00000129754	CABZ01021433.1	141	17.1	14.1	4.8	8.9	22.9	34.7	NA	NA	NA
ENSDART00000129205	rfx1a	1	19.9	19.9	NA	NA	NA	NA	NA	NA	NA
ENSDART00000129202	DDX17	16	80.6	70.6	13.8	33.9	151.5	162.9	NA	NA	NA
ENSDART00000020765	sdr42e1	7	26.5	24.0	NA	NA	NA	NA	NA	NA	NA
ENSDART00000114973	cdx4	2	16.0	16.0	NA	NA	NA	NA	NA	NA	NA
ENSDART00000114601	sema4aa	2	13.9	13.9	NA	NA	NA	NA	NA	NA	NA
ENSDART00000079460	LTBP1	4	25.8	23.7	NA	NA	NA	NA	NA	NA	NA
ENSDART00000113381	AL929192.3	684	12.1	10.1	1.1	4.9	16.5	24.9	NA	NA	NA
ENSDART00000113387	tmed1b	13	56.3	51.5	8.4	9.8	71.4	111.9	NA	NA	NA
ENSDART00000145118	commd5	59	17.1	15.7	4.6	10.2	23.1	29.3	NA	NA	NA
ENSDART00000092648	tmem5	22	57.1	60.6	13.4	34.1	77.9	92.7	NA	NA	NA
ENSDART00000113384	lyrm4	93	9.1	7.5	-1.1	2.0	14.3	19.4	NA	NA	NA
ENSDART00000113388	dlx5a	3	18.4	13.8	NA	NA	NA	NA	NA	NA	NA
ENSDART00000035762	ube2d1b	55	55.3	53.7	16.1	31.3	72.8	92.5	29.63	238.22	3.00716400979
ENSDART00000057823	pa2g4a	581	23.7	19.6	4.3	9.8	34.6	49.0	55.08	87.63	0.669896299415
ENSDART00000098610	RELL1	732	27.9	22.7	5.6	12.6	38.0	58.2	NA	NA	NA
ENSDART00000086871	gfod2	258	15.1	12.2	3.3	6.8	19.8	30.5	NA	NA	NA
ENSDART00000098615	nanos3	479	13.7	11.7	0.8	6.2	19.6	28.8	NA	NA	NA
ENSDART00000062898	ephx1	82	19.2	17.3	1.6	8.1	27.7	45.4	NA	NA	NA
ENSDART00000149702	bscl2	46	19.5	16.3	1.1	8.3	25.0	48.0	NA	NA	NA
ENSDART00000055428	cbx7a	1	104.4	104.4	NA	NA	NA	NA	NA	NA	NA
ENSDART00000086879	zfp64	228	24.3	21.1	8.0	14.1	31.5	46.1	NA	NA	NA
ENSDART00000146546	mrpl37	110	16.3	14.3	3.0	8.1	22.9	30.2	26.18	2.08	-3.6538096638
ENSDART00000003648	wdr3	99	17.0	12.6	3.0	7.3	21.6	40.8	15.42	5.24	-1.55716404838
ENSDART00000007688	SLC22A16	1	27.3	27.3	NA	NA	NA	NA	NA	NA	NA
ENSDART00000042060	phf17	433	19.1	16.6	4.7	9.6	25.2	36.9	28.96	12.23	-1.24363719856
ENSDART00000105721	lnx2b	324	62.6	54.5	13.1	26.2	95.2	122.5	26.25	209.7	2.99793753354
ENSDART00000042064	tubgcp3	204	33.7	26.8	7.7	15.6	46.1	67.2	NA	NA	NA
ENSDART00000127796	gaa	1	9.8	9.8	NA	NA	NA	NA	NA	NA	NA
ENSDART00000110835	myo18aa	2	19.2	19.2	NA	NA	NA	NA	NA	NA	NA
ENSDART00000067117	ube2v1	284	17.1	13.5	3.6	8.7	20.6	33.7	60.57	30.76	-0.977547908091
ENSDART00000128049	hunk	11	49.9	41.9	33.1	35.9	67.7	72.5	NA	NA	NA
ENSDART00000091595	fam45a	108	33.8	31.1	8.5	15.6	47.7	63.9	NA	NA	NA
ENSDART00000087478	HUS1B	72	12.0	10.2	-0.3	6.0	19.3	24.4	NA	NA	NA
ENSDART00000087477	smg8	121	30.2	23.4	7.6	12.6	39.5	65.1	14.5	20.9	0.527450042066
ENSDART00000087474	efcab1	12	10.4	11.5	1.8	7.2	14.5	15.4	NA	NA	NA
ENSDART00000008532	mbip	170	29.2	20.8	8.0	12.3	39.2	55.6	NA	NA	NA
ENSDART00000019290	mef2aa	3	23.7	22.3	NA	NA	NA	NA	NA	NA	NA
ENSDART00000093163	galnt11	238	33.9	26.8	6.4	14.8	48.7	71.3	17.75	3.49	-2.34652008307
ENSDART00000005086	atp1a1b	1	8.6	8.6	NA	NA	NA	NA	NA	NA	NA
ENSDART00000012421	minpp1b	156	19.4	15.6	4.9	9.8	25.6	36.3	NA	NA	NA
ENSDART00000007767	got2b	897	14.1	12.4	2.3	6.6	19.3	27.8	60.21	3.27	-4.20264057659
ENSDART00000007766	agla	12	23.4	21.6	9.1	14.3	29.2	33.5	NA	NA	NA
ENSDART00000137768	zzz3	210	26.3	20.8	5.1	11.0	39.0	54.0	22.62	6.1	-1.89071778154
ENSDART00000098163	slc25a25b	26	52.8	54.8	14.3	20.5	84.7	97.7	NA	NA	NA
ENSDART00000139479	slc12a9	156	22.3	19.6	5.5	11.2	30.5	44.4	NA	NA	NA
ENSDART00000127986	CABZ01072607.1	11	36.2	32.1	12.5	24.1	50.6	57.8	NA	NA	NA
ENSDART00000139475	samd10b	9	21.6	21.0	NA	NA	NA	NA	NA	NA	NA
ENSDART00000080763	GOLPH3	288	33.7	22.9	4.3	11.6	42.7	88.4	NA	NA	NA
ENSDART00000134157	il1rapl1a	13	25.8	25.9	12.2	16.2	32.9	45.0	NA	NA	NA
ENSDART00000128401	hk2	190	21.6	18.2	5.3	10.8	30.9	44.3	NA	NA	NA
ENSDART00000021491	csnk1db	1192	26.3	20.2	6.4	11.6	35.7	55.4	32.83	162.25	2.3051318232
ENSDART00000139382	fbxo3	25	26.4	23.8	2.7	9.7	37.1	66.2	NA	NA	NA
ENSDART00000045752	tbc1d20	25	16.7	13.5	2.8	7.9	25.3	34.3	NA	NA	NA
ENSDART00000139385	si:ch211-288g17.3	167	59.2	50.1	8.1	23.5	96.0	123.3	55.69	806.11	3.85548652144
ENSDART00000016502	dlat	42	45.9	45.8	8.3	26.1	62.4	80.1	7.95	22.3	1.48801694464
ENSDART00000111397	GDPD2	18	35.7	26.6	8.9	17.4	52.3	70.4	NA	NA	NA
ENSDART00000063274	kctd6a	3	31.1	30.8	NA	NA	NA	NA	NA	NA	NA
ENSDART00000009093	esyt2a	185	15.7	13.8	2.6	7.3	21.7	31.1	NA	NA	NA
ENSDART00000061832	C8H5orf51	320	16.7	13.3	2.9	7.4	21.0	30.8	NA	NA	NA
ENSDART00000114113	sox19a	2	68.2	68.2	NA	NA	NA	NA	NA	NA	NA
ENSDART00000111026	CCRN4L	115	21.9	18.4	5.8	11.0	31.4	42.3	NA	NA	NA
ENSDART00000111027	dcaf6	26	36.0	32.3	9.0	15.0	44.7	74.4	NA	NA	NA
ENSDART00000130920	arfip2b	68	34.2	23.5	7.2	13.7	52.9	74.6	NA	NA	NA
ENSDART00000135403	nuak2	48	22.8	19.0	6.3	12.4	28.6	45.7	6.12	7.34	0.262248410151
ENSDART00000152876	bahcc1	7	13.2	8.9	NA	NA	NA	NA	NA	NA	NA
ENSDART00000077897	otub1a	103	38.1	33.3	11.2	21.8	53.5	67.5	15.48	24.46	0.660018932383
ENSDART00000152879	ablim2	2	20.1	20.1	NA	NA	NA	NA	NA	NA	NA
ENSDART00000141263	ENKD1	2	8.0	8.0	NA	NA	NA	NA	NA	NA	NA
ENSDART00000113335	map2k4b	319	28.4	22.9	6.7	12.8	39.2	58.2	39.98	15.83	-1.33661721661
ENSDART00000141267	si:ch211-199o1.2	6	18.2	15.5	NA	NA	NA	NA	NA	NA	NA
ENSDART00000080430	gfra2b	3	26.7	31.7	NA	NA	NA	NA	NA	NA	NA
ENSDART00000128059	HIST1H4C	12	-0.0	0.0	-8.7	-7.3	6.9	8.0	NA	NA	NA
ENSDART00000021145	slc25a40	48	30.0	27.8	5.5	12.5	42.2	60.7	NA	NA	NA
ENSDART00000088459	htr3b	1	17.5	17.5	NA	NA	NA	NA	NA	NA	NA
ENSDART00000113965	s1pr4	1	22.1	22.1	NA	NA	NA	NA	NA	NA	NA
ENSDART00000006549	pif1	1283	32.3	27.1	6.5	13.5	44.4	64.3	199.64	302.04	0.597338813381
ENSDART00000076739	NHSL1	1	28.4	28.4	NA	NA	NA	NA	NA	NA	NA
ENSDART00000077966	MIB1	1	147.3	147.3	NA	NA	NA	NA	NA	NA	NA
ENSDART00000030946	prdm8	2	17.0	17.0	NA	NA	NA	NA	NA	NA	NA
ENSDART00000053300	znf865	110	38.7	32.7	3.9	15.1	59.6	78.9	51.08	45.69	-0.160880082494
ENSDART00000148614	PLEKHA1	4	52.9	35.2	NA	NA	NA	NA	NA	NA	NA
ENSDART00000063857	scrn2	13	18.7	17.0	-0.4	3.3	28.6	33.0	NA	NA	NA
ENSDART00000147230	zgc:158868	6	33.0	21.5	NA	NA	NA	NA	NA	NA	NA
ENSDART00000059820	ncf4	3	36.1	33.5	NA	NA	NA	NA	NA	NA	NA
ENSDART00000108633	RFX7	41	53.1	43.4	13.0	30.2	69.5	102.6	NA	NA	NA
ENSDART00000131000	WDR77	149	12.5	10.1	2.2	6.0	16.9	24.5	15.8	3.22	-2.29479196495
ENSDART00000108631	CR848664.2	23	17.4	14.6	-3.0	4.0	27.2	44.3	7.14	4.73	-0.59408389069
ENSDART00000076735	LRP10	103	74.6	73.1	16.6	42.0	103.3	128.5	NA	NA	NA
ENSDART00000065262	rps6ka4	85	36.8	23.4	6.6	13.7	48.0	91.1	NA	NA	NA
ENSDART00000065266	sap130b	241	24.1	19.4	5.7	10.5	33.1	45.7	14.43	19.15	0.408273092321
ENSDART00000084730	zgc:162160	11	33.8	16.5	-3.1	5.9	40.5	82.1	NA	NA	NA
ENSDART00000065264	cdca5	348	27.9	24.6	6.1	13.4	36.7	56.6	45.57	112.82	1.30786656638
ENSDART00000079174	htatsf1	324	25.1	17.6	4.8	9.7	27.5	44.9	114.64	34.74	-1.72244085555
ENSDART00000137170	dars2	18	46.2	44.2	18.1	23.4	67.5	79.6	NA	NA	NA
ENSDART00000122133	C11H3orf83	3	20.4	17.4	NA	NA	NA	NA	NA	NA	NA
ENSDART00000005676	sox9a	1	34.5	34.5	NA	NA	NA	NA	NA	NA	NA
ENSDART00000022325	parp16	1	35.6	35.6	NA	NA	NA	NA	NA	NA	NA
ENSDART00000136018	nsun4	70	31.3	27.9	10.7	15.4	45.1	56.2	NA	NA	NA
ENSDART00000079170	rltpr	80	43.5	42.4	9.9	24.3	60.2	70.8	80.13	121.51	0.600660667471
ENSDART00000099224	dld	5	12.3	18.0	NA	NA	NA	NA	NA	NA	NA
ENSDART00000008337	zgc:153845	3	22.0	30.2	NA	NA	NA	NA	NA	NA	NA
ENSDART00000020969	gtf3c2	168	16.2	13.0	2.5	7.7	21.1	32.0	NA	NA	NA
ENSDART00000113893	tmco4	9	27.6	33.2	NA	NA	NA	NA	NA	NA	NA
ENSDART00000078213	BX682558.1	1	17.7	17.7	NA	NA	NA	NA	NA	NA	NA
ENSDART00000064028	tmem205	183	23.4	20.9	4.0	12.4	28.5	45.4	NA	NA	NA
ENSDART00000113899	zgc:193801	32	24.0	15.9	4.2	6.1	31.4	67.9	NA	NA	NA
ENSDART00000044574	adarb1a	4	36.1	28.6	NA	NA	NA	NA	NA	NA	NA
ENSDART00000019145	lbr	158	45.0	38.5	8.5	18.2	62.0	96.3	22.83	238.68	3.38607491733
ENSDART00000075497	rybpb	89	23.4	17.2	5.7	10.2	28.8	47.8	NA	NA	NA
ENSDART00000075491	pop5	115	33.6	27.1	7.0	13.8	48.6	58.7	NA	NA	NA
ENSDART00000041707	unc119a	16	25.2	20.1	7.4	10.1	43.0	49.8	NA	NA	NA
ENSDART00000075943	ei24	191	102.2	111.6	20.4	60.3	142.8	167.7	12.32	105.38	3.09652692368
ENSDART00000075941	plekhh1	7	35.5	20.7	NA	NA	NA	NA	NA	NA	NA
ENSDART00000014103	zgc:112148	85	19.4	14.6	4.0	8.8	26.5	42.8	NA	NA	NA
ENSDART00000041877	csrnp1a	7	27.0	20.6	NA	NA	NA	NA	NA	NA	NA
ENSDART00000065401	zgc:110782	7	22.3	21.1	NA	NA	NA	NA	NA	NA	NA
ENSDART00000127339	NRG3	19	20.0	20.9	2.0	11.1	30.4	34.6	NA	NA	NA
ENSDART00000127331	cdc37l1	295	29.6	23.3	6.1	12.4	41.4	61.8	NA	NA	NA
ENSDART00000048438	asb4	2	3.8	3.8	NA	NA	NA	NA	NA	NA	NA
ENSDART00000074549	thrab	12	37.8	34.5	12.8	21.3	56.8	69.4	NA	NA	NA
ENSDART00000018818	mul1a	35	17.6	16.7	-2.2	9.8	27.3	34.6	NA	NA	NA
ENSDART00000004964	nqo1	149	22.3	18.0	5.1	11.7	26.6	43.2	NA	NA	NA
ENSDART00000029823	ifnphi1	1	13.5	13.5	NA	NA	NA	NA	NA	NA	NA
ENSDART00000074540	ca10a	148	13.4	11.5	1.6	5.3	18.9	27.5	NA	NA	NA
ENSDART00000074543	hs3st4	5	12.2	12.6	NA	NA	NA	NA	NA	NA	NA
ENSDART00000126326	rpgrip1l	34	23.8	19.2	5.3	12.2	31.4	39.9	12.74	18.93	0.571309133447
ENSDART00000018817	rnf11a	108	41.7	30.1	11.0	17.1	63.3	85.1	NA	NA	NA
ENSDART00000074010	ubald1b	289	21.0	18.6	5.3	11.7	26.7	39.3	NA	NA	NA
ENSDART00000054428	zgc:112083	198	39.5	35.0	10.3	21.8	56.5	72.6	NA	NA	NA
ENSDART00000054420	rad9a	105	27.6	27.1	6.6	14.1	36.8	50.5	NA	NA	NA
ENSDART00000033263	ankrd49	63	49.1	35.4	13.2	22.5	70.5	101.8	NA	NA	NA
ENSDART00000027392	mef2ca	2	14.6	14.6	NA	NA	NA	NA	NA	NA	NA
ENSDART00000050559	sh3rf1	144	50.6	48.7	9.4	20.5	76.2	101.0	18.84	67.56	1.84237036319
ENSDART00000085061	rft1	14	51.5	51.5	26.7	34.2	67.6	80.0	NA	NA	NA
ENSDART00000059351	ift20	6	17.4	19.0	NA	NA	NA	NA	NA	NA	NA
ENSDART00000085165	slc9a3.2	1	9.9	9.9	NA	NA	NA	NA	NA	NA	NA
ENSDART00000050221	atp6v1e1b	246	21.9	17.5	4.6	10.1	27.7	43.0	NA	NA	NA
ENSDART00000059354	rad1	326	13.2	10.7	2.0	6.4	17.5	26.2	NA	NA	NA
ENSDART00000002892	ZNF710	57	20.0	15.7	2.7	9.1	23.1	44.0	NA	NA	NA
ENSDART00000075538	fbxo22	194	42.2	37.5	10.8	22.4	57.4	78.7	NA	NA	NA
ENSDART00000100663	wdr35	23	29.6	27.1	13.8	20.5	38.5	53.8	NA	NA	NA
ENSDART00000100664	CABZ01044023.1	5	13.4	11.7	NA	NA	NA	NA	NA	NA	NA
ENSDART00000061726	trim35-40	28	62.3	50.3	7.0	17.2	98.0	131.3	NA	NA	NA
ENSDART00000110818	CC2D1A	50	22.2	20.3	3.9	7.4	33.7	43.9	10.25	21.68	1.08074084696
ENSDART00000100667	skia	1	28.8	28.8	NA	NA	NA	NA	NA	NA	NA
ENSDART00000100668	kbtbd4	40	23.5	20.1	6.6	13.7	30.7	40.1	NA	NA	NA
ENSDART00000061729	C20H1orf112	115	43.4	34.3	7.2	15.5	64.3	98.6	NA	NA	NA
ENSDART00000093343	fev	1	17.2	17.2	NA	NA	NA	NA	NA	NA	NA
ENSDART00000083967	chpf2	101	24.7	24.2	4.0	11.8	36.4	49.2	6.15	3.77	-0.706021886958
ENSDART00000034968	ufd1l	105	35.4	33.2	10.1	20.4	46.7	62.3	20.97	48.2	1.20070628502
ENSDART00000022572	ptchd4	1	10.6	10.6	NA	NA	NA	NA	NA	NA	NA
ENSDART00000048537	cep57l1	752	21.4	18.4	4.0	9.5	29.4	41.8	103.66	32.7	-1.664496758
ENSDART00000083969	trpm4	1	25.6	25.6	NA	NA	NA	NA	NA	NA	NA
ENSDART00000102408	ell2	244	33.4	27.9	6.5	14.5	48.1	71.2	38.78	43.75	0.1739702135
ENSDART00000129605	CR855379.1	20	104.8	112.3	35.9	84.7	141.4	146.0	NA	NA	NA
ENSDART00000013454	prtfdc1	90	95.7	97.0	21.6	42.2	148.7	163.2	48.36	218.58	2.17627525121
ENSDART00000129604	KANSL1L	410	30.9	28.3	8.0	14.6	43.3	56.6	NA	NA	NA
ENSDART00000146725	b3gnt9	1	61.5	61.5	NA	NA	NA	NA	NA	NA	NA
ENSDART00000013453	fam20b	80	28.0	23.0	5.5	12.9	39.8	53.0	NA	NA	NA
ENSDART00000066980	atxn10	21	20.5	19.4	9.8	12.8	27.4	36.0	NA	NA	NA
ENSDART00000066987	mphosph6	139	38.1	32.2	8.9	18.1	55.1	81.5	165.69	204.93	0.306644664787
ENSDART00000100930	CABZ01073004.1	1	26.3	26.3	NA	NA	NA	NA	NA	NA	NA
ENSDART00000100931	gtpbpl	45	15.9	13.1	1.9	6.9	21.6	30.6	NA	NA	NA
ENSDART00000082380	hmgcrb	195	33.1	25.7	7.5	14.4	43.8	69.0	17.56	24.61	0.486951812923
ENSDART00000151966	ECI2	91	22.2	18.7	7.3	12.2	30.4	40.0	NA	NA	NA
ENSDART00000059170	CSMD1	2	39.5	39.5	NA	NA	NA	NA	NA	NA	NA
ENSDART00000097192	SLC37A3	139	46.9	43.3	13.3	23.2	67.3	86.2	NA	NA	NA
ENSDART00000125150	KDELR3	5	90.0	98.3	NA	NA	NA	NA	NA	NA	NA
ENSDART00000004338	epha4l	8	28.9	31.2	NA	NA	NA	NA	NA	NA	NA
ENSDART00000055087	phlda3	1	15.7	15.7	NA	NA	NA	NA	NA	NA	NA
ENSDART00000132389	GPR141	13	32.5	31.5	11.4	24.8	40.6	49.2	NA	NA	NA
ENSDART00000055088	lgals3bpa	1	40.5	40.5	NA	NA	NA	NA	NA	NA	NA
ENSDART00000004333	tbx15	1	17.4	17.4	NA	NA	NA	NA	NA	NA	NA
ENSDART00000077895	rnf7	505	13.2	10.3	-0.0	5.2	18.4	28.9	NA	NA	NA
ENSDART00000079928	galnt7	119	19.8	15.9	4.2	9.0	28.9	37.0	15.75	3.47	-2.1823442607
ENSDART00000125672	COBLL1	427	15.9	13.6	3.7	8.0	21.4	29.8	NA	NA	NA
ENSDART00000051792	sema3aa	18	25.7	24.0	5.8	15.4	35.8	48.4	NA	NA	NA
ENSDART00000051799	hdac1	307	108.4	110.5	18.5	43.1	169.4	196.5	100.26	744.3	2.89213809672
ENSDART00000134710	birc5b	2147	14.5	11.9	2.5	6.7	19.4	29.0	NA	NA	NA
ENSDART00000144074	tm7sf3	124	111.3	121.4	32.5	90.1	142.5	158.9	NA	NA	NA
ENSDART00000143642	LAMTOR4	142	58.2	54.4	12.1	25.8	83.1	106.2	41.39	331.02	2.99956423262
ENSDART00000015670	med7	445	23.6	20.0	5.9	11.6	31.6	47.3	154.19	64.21	-1.26383929842
ENSDART00000134432	oclnb	223	47.7	42.0	7.5	19.4	73.0	92.9	26.39	162.3	2.62059974411
ENSDART00000099202	igsf11	4	24.7	9.8	NA	NA	NA	NA	NA	NA	NA
ENSDART00000083388	TMEM98	1	23.8	23.8	NA	NA	NA	NA	NA	NA	NA
ENSDART00000058084	fah	1	-13.6	-13.6	NA	NA	NA	NA	NA	NA	NA
ENSDART00000035676	bnip3la	152	28.6	18.2	5.5	10.1	34.3	72.0	NA	NA	NA
ENSDART00000134439	znf770	164	37.0	31.6	10.1	20.2	47.1	64.4	15.29	23.77	0.636553496582
ENSDART00000008808	hmbox1b	8	49.7	39.2	NA	NA	NA	NA	NA	NA	NA
ENSDART00000079678	ftsj1	194	60.4	61.3	20.2	40.5	82.3	99.1	NA	NA	NA
ENSDART00000047843	si:ch1073-210b3.1	6	27.9	23.6	NA	NA	NA	NA	NA	NA	NA
ENSDART00000130720	usp37	8	30.5	32.4	NA	NA	NA	NA	131.86	148.34	0.169900687655
ENSDART00000123019	nubp2	88	14.7	12.2	2.5	6.9	19.5	32.4	NA	NA	NA
ENSDART00000079674	dnajc21	173	35.9	33.9	11.6	17.4	49.8	66.5	75.0	33.34	-1.16963649128
ENSDART00000082187	rragcb	22	37.9	31.3	4.4	10.3	38.6	101.6	NA	NA	NA
ENSDART00000008807	rpl12	3435	54.0	53.0	23.4	37.5	69.7	85.9	1222.78	151.0	-3.0175444059
ENSDART00000005313	FAM184A	1	2.8	2.8	NA	NA	NA	NA	NA	NA	NA
ENSDART00000092343	tjp2a	449	21.6	16.4	5.1	9.7	27.9	43.2	16.37	23.92	0.547163067724
ENSDART00000055339	BX571714.2	390	19.4	16.4	2.9	8.6	26.5	40.4	99.38	2.86	-5.11886848977
ENSDART00000122014	krit1	43	43.6	41.9	10.2	23.1	59.8	72.7	8.45	8.86	0.0683553573855
ENSDART00000092347	zgc:153440	5	63.9	59.8	NA	NA	NA	NA	NA	NA	NA
ENSDART00000092344	CABZ01046283.1	1	21.0	21.0	NA	NA	NA	NA	NA	NA	NA
ENSDART00000092348	SEC16A	170	56.2	44.3	9.4	16.5	85.5	129.8	15.6	78.11	2.32396123153
ENSDART00000055336	DENND1A	169	26.0	19.6	9.2	13.5	30.5	49.4	NA	NA	NA
ENSDART00000132651	u2surp	54	64.6	56.6	17.2	33.4	91.3	114.2	32.03	52.94	0.724934396721
ENSDART00000077095	TRAPPC8	214	20.1	16.7	2.8	7.9	29.2	42.7	13.8	6.8	-1.02106161553
ENSDART00000138881	rgl1	191	19.8	17.9	4.9	9.4	28.5	38.1	NA	NA	NA
ENSDART00000140193	arsa	13	17.2	16.7	4.3	6.2	21.2	32.4	NA	NA	NA
ENSDART00000125203	hopx	81	28.0	21.0	5.4	11.3	32.9	60.3	NA	NA	NA
ENSDART00000083038	nprl2	67	24.1	23.8	5.3	12.9	35.4	44.1	NA	NA	NA
ENSDART00000088928	FAM168B	695	16.5	13.2	1.6	6.8	22.3	33.7	NA	NA	NA
ENSDART00000122924	PPHLN1	17	30.1	28.5	10.9	15.3	41.8	52.6	NA	NA	NA
ENSDART00000134381	mms22l	77	40.4	34.4	10.1	20.1	56.7	79.8	14.17	21.46	0.598810317839
ENSDART00000122929	bbs4	18	49.1	42.6	21.4	26.1	72.3	88.9	NA	NA	NA
ENSDART00000074038	SCYL1	4	36.2	35.4	NA	NA	NA	NA	NA	NA	NA
ENSDART00000058221	dcaf7	224	41.0	36.6	7.6	18.0	59.4	77.7	59.09	121.27	1.03723679397
ENSDART00000058555	tardbp	127	48.0	45.5	9.3	22.9	68.9	87.9	21.11	187.94	3.15427367003
ENSDART00000135392	si:dkey-7n6.2	35	25.3	25.9	8.7	14.0	34.6	48.3	NA	NA	NA
ENSDART00000097333	ube2q1	86	16.9	12.9	1.0	6.5	24.9	41.6	34.11	5.14	-2.73035449042
ENSDART00000148826	ssfa2	123	20.1	15.9	2.6	6.8	29.8	44.8	NA	NA	NA
ENSDART00000097338	NAPA	40	15.4	13.3	2.9	6.8	23.3	25.6	NA	NA	NA
ENSDART00000142516	si:ch211-135f11.1	10	20.3	21.6	3.9	11.6	32.3	36.6	NA	NA	NA
ENSDART00000024283	sp5l	3	16.8	11.9	NA	NA	NA	NA	NA	NA	NA
ENSDART00000024282	ewsr1a	11	84.0	41.3	14.0	19.3	176.5	181.5	7.05	38.59	2.45253188126
ENSDART00000114258	erbb2	1	12.7	12.7	NA	NA	NA	NA	NA	NA	NA
ENSDART00000112710	AGAP3	12	39.2	30.0	11.2	15.7	47.6	87.9	NA	NA	NA
ENSDART00000086608	ranbp9	136	26.3	20.5	5.8	12.5	36.1	50.6	96.49	31.66	-1.60771817708
ENSDART00000113658	CAPN1	70	133.0	144.6	60.8	126.6	162.8	179.2	NA	NA	NA
ENSDART00000131097	BX957322.2	1	27.8	27.8	NA	NA	NA	NA	NA	NA	NA
ENSDART00000080604	sap18	394	48.0	42.7	11.8	23.4	71.3	91.1	135.9	492.85	1.85860316984
ENSDART00000131094	rsu1	9	29.8	17.6	NA	NA	NA	NA	NA	NA	NA
ENSDART00000003789	pdpk1b	509	28.1	21.0	5.5	11.9	37.2	57.4	36.0	48.49	0.429690347179
ENSDART00000131090	si:ch73-132f6.4	18	37.1	32.9	12.6	28.7	44.1	67.0	NA	NA	NA
ENSDART00000078984	cpvl	411	60.1	54.9	21.8	36.7	79.4	104.2	45.21	240.36	2.41048300421
ENSDART00000028842	si:ch211-133l5.8	26	36.3	32.9	9.1	19.9	50.3	65.6	NA	NA	NA
ENSDART00000078980	rab1bb	124	25.1	19.4	4.5	10.3	31.2	46.2	32.33	20.31	-0.67068326783
ENSDART00000078982	vat1	197	21.7	16.8	4.3	10.0	29.1	47.8	NA	NA	NA
ENSDART00000006373	ndfip1	277	40.5	37.4	14.2	23.0	54.0	69.5	NA	NA	NA
ENSDART00000104492	si:ch211-93f2.1	5	14.5	12.0	NA	NA	NA	NA	NA	NA	NA
ENSDART00000104491	ints8	88	21.1	19.3	3.6	9.2	30.6	44.0	NA	NA	NA
ENSDART00000091470	furina	84	27.2	23.1	5.7	12.1	38.4	52.1	10.98	19.14	0.801712775481
ENSDART00000091472	kcnv2b	2	61.6	61.6	NA	NA	NA	NA	NA	NA	NA
ENSDART00000111255	capn2a	11	93.6	117.1	42.3	44.6	125.5	134.9	NA	NA	NA
ENSDART00000104498	rcor3	258	18.1	15.3	4.7	9.0	24.7	33.9	NA	NA	NA
ENSDART00000028703	slc35d1b	21	26.5	17.8	7.1	10.4	46.4	60.4	NA	NA	NA
ENSDART00000018676	cyp3c1	58	36.1	25.1	8.6	12.1	50.7	73.0	NA	NA	NA
ENSDART00000002787	pycrl	153	18.9	15.6	4.2	8.7	25.5	39.6	NA	NA	NA
ENSDART00000011946	GABRR1	5	23.1	17.0	NA	NA	NA	NA	NA	NA	NA
ENSDART00000138242	cldn5b	10	22.3	20.6	-10.1	10.0	27.5	52.6	NA	NA	NA
ENSDART00000138713	si:dkey-90l23.2	367	15.9	12.7	1.6	5.8	20.8	33.1	NA	NA	NA
ENSDART00000104257	lpin1	8	29.0	15.7	NA	NA	NA	NA	NA	NA	NA
ENSDART00000138249	rwdd2b	55	22.1	16.9	6.6	11.5	30.9	42.7	NA	NA	NA
ENSDART00000151484	sp3b	270	34.3	25.9	4.1	11.4	51.0	78.5	24.36	86.75	1.83234962445
ENSDART00000129866	pcsk2	2	16.1	16.1	NA	NA	NA	NA	NA	NA	NA
ENSDART00000062403	tmem9	95	20.0	15.9	2.9	7.8	27.7	44.5	NA	NA	NA
ENSDART00000037808	itgb1b.2	3	18.4	20.8	NA	NA	NA	NA	NA	NA	NA
ENSDART00000062405	mboat2b	106	50.6	41.4	17.0	24.8	76.3	89.0	NA	NA	NA
ENSDART00000090875	tnfaip6	7	40.8	30.2	NA	NA	NA	NA	NA	NA	NA
ENSDART00000090874	KCNH7	3	16.7	16.4	NA	NA	NA	NA	NA	NA	NA
ENSDART00000146056	nkx3-1	1	26.9	26.9	NA	NA	NA	NA	NA	NA	NA
ENSDART00000128899	ERMP1	160	17.2	15.8	4.1	9.3	24.6	32.3	NA	NA	NA
ENSDART00000128895	emilin1a	1	14.9	14.9	NA	NA	NA	NA	NA	NA	NA
ENSDART00000060809	smg5	33	76.5	47.4	15.5	22.3	140.6	166.8	8.71	20.15	1.21003521482
ENSDART00000079461	dennd5b	85	36.4	27.6	5.7	14.4	57.7	70.5	5.21	43.17	3.05067381518
ENSDART00000125158	znf574	81	62.7	60.7	13.6	33.4	91.0	111.2	8.05	91.45	3.50592248163
ENSDART00000003435	smfn	384	26.8	23.6	6.9	12.6	36.7	51.7	36.37	55.63	0.613114179798
ENSDART00000139040	si:dkey-222b8.1	5	35.3	30.5	NA	NA	NA	NA	NA	NA	NA
ENSDART00000003432	diras1b	1	12.8	12.8	NA	NA	NA	NA	NA	NA	NA
ENSDART00000139042	si:ch211-132b12.7	8	31.6	21.3	NA	NA	NA	NA	NA	NA	NA
ENSDART00000067324	mfge8b	7	11.8	15.9	NA	NA	NA	NA	NA	NA	NA
ENSDART00000146052	man1a1	2	28.6	28.6	NA	NA	NA	NA	NA	NA	NA
ENSDART00000067320	C25H12orf73	23	14.6	13.3	4.7	7.9	18.0	24.9	NA	NA	NA
ENSDART00000080042	RAB33A	61	17.0	13.3	5.2	8.2	21.0	31.6	NA	NA	NA
ENSDART00000067322	fbxl14b	7	19.9	20.8	NA	NA	NA	NA	NA	NA	NA
ENSDART00000113184	arv1	116	32.5	23.6	2.8	10.7	48.6	61.3	NA	NA	NA
ENSDART00000087803	rln3a	1	44.2	44.2	NA	NA	NA	NA	NA	NA	NA
ENSDART00000020153	adck3	254	29.7	23.1	3.5	12.3	42.0	65.6	43.89	70.57	0.685162739794
ENSDART00000129418	BAHD1	161	30.0	24.4	6.9	13.6	37.8	60.1	NA	NA	NA
ENSDART00000020156	pax1a	8	19.8	18.7	NA	NA	NA	NA	NA	NA	NA
ENSDART00000024869	tex9	12	44.2	46.5	23.5	25.2	56.4	71.1	NA	NA	NA
ENSDART00000085701	senp5	139	30.8	27.5	6.5	16.2	41.4	58.2	NA	NA	NA
ENSDART00000110252	ppp2r5cb	83	47.7	31.2	2.6	10.8	78.5	114.0	NA	NA	NA
ENSDART00000024866	cyp11a1	912	19.4	14.7	3.4	7.4	25.6	41.7	53.05	27.93	-0.925537177522
ENSDART00000062669	cx30.3	5	92.6	85.3	NA	NA	NA	NA	NA	NA	NA
ENSDART00000149061	si:ch73-211l13.2	279	29.5	24.6	6.5	14.6	40.9	58.9	NA	NA	NA
ENSDART00000081356	caps2	1	125.8	125.8	NA	NA	NA	NA	NA	NA	NA
ENSDART00000108476	LRRC61	23	34.8	31.1	6.2	21.3	42.1	61.8	NA	NA	NA
ENSDART00000114677	CAMKK2	2	17.7	17.7	NA	NA	NA	NA	NA	NA	NA
ENSDART00000127520	acvr1l	130	67.4	57.3	8.9	22.7	106.6	126.5	23.67	75.78	1.67875743377
ENSDART00000056305	fzd8b	21	23.7	17.3	6.5	12.1	30.0	46.0	NA	NA	NA
ENSDART00000022132	haus4	228	24.5	22.6	6.9	12.9	33.8	45.1	71.74	23.69	-1.59849954672
ENSDART00000141691	si:ch211-37p17.5	129	13.9	12.1	3.3	6.6	17.6	28.7	NA	NA	NA
ENSDART00000022135	rhot1a	193	35.7	27.6	6.0	15.4	50.8	72.0	NA	NA	NA
ENSDART00000126132	mtmr3	8	28.3	26.7	NA	NA	NA	NA	NA	NA	NA
ENSDART00000141699	mepce	406	40.6	35.9	10.4	18.9	53.9	76.1	109.08	94.73	-0.203493315772
ENSDART00000093188	limk1a	15	23.5	19.0	11.1	13.7	31.2	36.6	NA	NA	NA
ENSDART00000123324	sap130a	95	36.5	28.4	5.7	13.7	50.8	85.0	16.1	83.85	2.38075009545
ENSDART00000123457	TMEM102	46	57.1	35.5	-6.7	13.8	107.6	135.0	NA	NA	NA
ENSDART00000067633	necap2	248	57.6	52.2	13.2	24.3	82.9	111.6	NA	NA	NA
ENSDART00000112560	STARD7	119	30.3	24.0	5.4	13.7	42.1	60.8	NA	NA	NA
ENSDART00000015801	dcbld1	101	42.4	32.7	10.0	17.9	65.7	86.7	6.91	49.34	2.83600009991
ENSDART00000067635	capzb	342	31.8	28.4	9.1	14.2	44.0	59.6	19.94	67.63	1.76199794402
ENSDART00000092896	CR626962.1	2	22.2	22.2	NA	NA	NA	NA	NA	NA	NA
ENSDART00000067638	med20	275	27.5	21.2	7.2	13.8	35.6	56.5	38.94	57.52	0.562810791719
ENSDART00000148447	hnrnpab	394	117.1	133.2	25.0	69.3	162.4	181.6	185.35	1719.64	3.21378255363
ENSDART00000100324	ppp2r5eb	207	28.2	24.8	5.7	12.8	37.8	54.4	30.44	47.44	0.640135651042
ENSDART00000145075	stub1	164	40.2	24.0	8.3	12.9	51.3	107.0	NA	NA	NA
ENSDART00000100321	timm10	417	33.3	25.8	7.2	14.9	46.0	72.9	73.79	130.33	0.820671987748
ENSDART00000151152	si:dkey-19e4.5	70	24.7	20.6	5.4	10.5	34.6	52.5	NA	NA	NA
ENSDART00000098400	shc1	45	25.0	17.6	3.7	9.7	29.3	54.8	NA	NA	NA
ENSDART00000110665	SPA17	3	33.9	21.1	NA	NA	NA	NA	NA	NA	NA
ENSDART00000041412	smarca2	58	31.1	25.4	7.8	16.3	37.0	54.3	16.59	41.44	1.32071011673
ENSDART00000038602	slc37a2	122	50.8	41.8	6.3	18.8	81.5	103.5	160.03	2.74	-5.86802268167
ENSDART00000129461	rpl22l1	347	25.3	20.8	5.7	12.5	33.6	51.4	48.07	8.37	-2.52183727559
ENSDART00000139907	si:dkeyp-77c8.1	8	69.0	15.6	NA	NA	NA	NA	NA	NA	NA
ENSDART00000064672	vsnl1b	1	45.8	45.8	NA	NA	NA	NA	NA	NA	NA
ENSDART00000064853	oxtrl	2	12.6	12.6	NA	NA	NA	NA	NA	NA	NA
ENSDART00000108699	coa3	27	30.6	19.6	6.1	10.3	43.9	68.5	85.53	158.71	0.891890587259
ENSDART00000036491	spint1a	88	55.8	50.2	13.4	25.0	79.6	115.4	13.45	204.09	3.92352741705
ENSDART00000115057	tjp2b	1	32.6	32.6	NA	NA	NA	NA	14.34	60.27	2.07139504075
ENSDART00000016710	scrn3	11	17.6	13.2	6.2	9.1	22.7	25.1	NA	NA	NA
ENSDART00000063135	pcyt2	249	24.6	20.0	4.7	11.2	34.0	48.7	NA	NA	NA
ENSDART00000063137	si:dkeyp-117h8.4	586	20.7	16.4	3.6	8.5	28.4	43.3	27.74	16.67	-0.734713683337
ENSDART00000063131	azi2	83	65.0	56.7	7.3	15.5	107.5	137.3	14.16	94.39	2.73681275821
ENSDART00000001102	mctp2a	2	53.0	53.0	NA	NA	NA	NA	NA	NA	NA
ENSDART00000011568	syngr3a	1	18.8	18.8	NA	NA	NA	NA	NA	NA	NA
ENSDART00000114062	immp1l	95	12.4	9.8	1.0	4.3	15.1	26.6	NA	NA	NA
ENSDART00000100458	C18H15orf39	391	23.7	19.1	4.5	10.6	32.2	47.5	NA	NA	NA
ENSDART00000065671	eri1	141	27.7	23.6	4.6	13.1	35.6	56.2	NA	NA	NA
ENSDART00000065670	ppp1r3b	739	39.4	32.7	8.5	16.6	57.5	82.4	104.17	263.11	1.33672622738
ENSDART00000055537	socs1a	59	9.1	8.1	-1.2	3.9	11.7	20.7	NA	NA	NA
ENSDART00000019774	tmem50a	165	36.2	30.9	6.0	14.3	54.1	74.4	23.21	129.44	2.47946508509
ENSDART00000137537	gnav1	51	45.9	44.4	10.6	20.0	60.4	80.6	NA	NA	NA
ENSDART00000125439	cyth1a	56	22.8	22.1	6.8	10.9	28.6	35.9	NA	NA	NA
ENSDART00000100491	sh3gl1b	72	34.0	35.6	5.9	16.8	49.1	66.0	NA	NA	NA
ENSDART00000026701	tubg1	92	61.0	57.9	8.8	20.8	88.6	123.3	NA	NA	NA
ENSDART00000078513	mob4	320	47.0	41.9	9.6	20.7	67.8	92.5	23.52	146.49	2.63884221852
ENSDART00000051547	gabarapa	109	75.9	69.0	10.4	29.9	123.4	152.9	NA	NA	NA
ENSDART00000051092	riok2	115	21.3	17.5	6.2	10.9	28.8	38.4	42.32	9.25	-2.19381435671
ENSDART00000125446	BX469912.1	1	7.7	7.7	NA	NA	NA	NA	NA	NA	NA
ENSDART00000040645	rhoaa	5	21.4	17.2	NA	NA	NA	NA	NA	NA	NA
ENSDART00000134947	cul1b	138	27.5	24.2	6.7	14.6	34.6	49.9	30.79	9.91	-1.63550490486
ENSDART00000134944	grid2ipb	3	36.1	16.1	NA	NA	NA	NA	NA	NA	NA
ENSDART00000040865	pdss1	133	23.9	20.8	7.0	13.1	32.5	42.2	NA	NA	NA
ENSDART00000134941	prc1b	124	23.8	19.6	5.5	10.7	35.5	50.0	NA	NA	NA
ENSDART00000060111	or111-11	3	11.6	7.6	NA	NA	NA	NA	NA	NA	NA
ENSDART00000060116	NPTN	51	26.4	17.3	3.3	7.8	38.1	64.7	NA	NA	NA
ENSDART00000006018	mespaa	7	9.0	8.1	NA	NA	NA	NA	NA	NA	NA
ENSDART00000057879	as3mt	24	30.8	21.8	3.5	9.8	47.6	67.9	NA	NA	NA
ENSDART00000141573	si:dkey-13n15.11	1	25.0	25.0	NA	NA	NA	NA	NA	NA	NA
ENSDART00000101134	khdrbs2	1	9.0	9.0	NA	NA	NA	NA	NA	NA	NA
ENSDART00000082603	fktn	7	43.8	39.3	NA	NA	NA	NA	9.6	2.11	-2.1857914069
ENSDART00000019518	aebp2	30	89.4	98.6	15.8	43.5	126.6	155.2	22.94	87.34	1.92877713976
ENSDART00000129924	hmgb3a	7	19.2	22.4	NA	NA	NA	NA	NA	NA	NA
ENSDART00000108794	SDSL	1	19.5	19.5	NA	NA	NA	NA	NA	NA	NA
ENSDART00000022586	lrrc40	346	28.4	24.0	8.5	14.7	38.8	53.0	60.0	13.57	-2.14454177996
ENSDART00000105956	neto1l	1	37.4	37.4	NA	NA	NA	NA	NA	NA	NA
ENSDART00000047073	oxsr1a	154	52.4	42.3	5.8	17.7	84.0	111.7	18.96	178.29	3.23319491743
ENSDART00000047071	tmed1a	154	29.6	26.6	6.8	13.4	41.2	57.5	44.2	14.45	-1.61297687689
ENSDART00000134735	sly1	186	25.1	23.3	8.0	15.9	32.5	43.6	26.31	14.06	-0.904014654093
ENSDART00000010982	fgf13a	8	20.8	21.7	NA	NA	NA	NA	NA	NA	NA
ENSDART00000147464	ryr3	1	59.9	59.9	NA	NA	NA	NA	NA	NA	NA
ENSDART00000152603	egln2	2	35.5	35.5	NA	NA	NA	NA	NA	NA	NA
ENSDART00000065091	sumf1	14	30.5	21.5	8.4	12.7	29.1	75.2	NA	NA	NA
ENSDART00000065092	itpr1a	1	10.2	10.2	NA	NA	NA	NA	NA	NA	NA
ENSDART00000113655	CU638868.1	1	24.3	24.3	NA	NA	NA	NA	NA	NA	NA
ENSDART00000108775	ubp1	138	23.6	19.4	3.5	9.7	32.5	48.1	NA	NA	NA
ENSDART00000081774	ccdc51	121	22.5	19.5	8.2	12.2	28.5	43.3	24.21	2.9	-3.06147827398
ENSDART00000137144	gga3	180	17.9	13.7	3.6	7.0	23.1	33.5	NA	NA	NA
ENSDART00000081773	baz2a	402	79.5	80.0	12.6	37.8	120.1	150.1	22.14	86.4	1.96437609027
ENSDART00000077951	pcolce2b	2	31.2	31.2	NA	NA	NA	NA	NA	NA	NA
ENSDART00000132460	zgc:172051	1	22.3	22.3	NA	NA	NA	NA	NA	NA	NA
ENSDART00000023779	vcp	626	22.1	18.5	4.1	10.1	30.4	45.9	108.88	86.21	-0.336811841221
ENSDART00000051890	mcm7	907	92.3	101.0	10.5	29.3	143.1	168.8	133.72	491.12	1.87686031488
ENSDART00000083554	CASK	56	18.7	18.0	2.8	7.9	29.0	38.8	NA	NA	NA
ENSDART00000083555	sin3ab	121	63.8	50.3	13.7	24.6	93.2	135.6	16.19	132.12	3.02867398398
ENSDART00000021953	cog5	50	25.8	21.9	3.3	10.3	34.9	47.6	6.99	18.63	1.41426331357
ENSDART00000149821	ecsit	150	29.3	25.5	11.6	17.0	38.8	52.8	30.46	6.01	-2.34147904578
ENSDART00000111385	si:ch211-11n16.2	134	39.0	29.9	8.4	15.7	58.5	81.7	NA	NA	NA
ENSDART00000104376	tax1bp1a	99	37.1	36.1	10.6	22.0	49.3	70.2	16.81	16.86	0.00428481170591
ENSDART00000033923	MIS12	162	30.4	24.9	7.6	15.5	39.9	56.7	NA	NA	NA
ENSDART00000005670	dhrs7	20	13.9	12.2	-1.5	8.0	22.1	28.9	NA	NA	NA
ENSDART00000103410	zbtb8b	6	34.4	36.7	NA	NA	NA	NA	NA	NA	NA
ENSDART00000111828	LIMD2	168	61.2	41.0	8.9	18.7	99.3	147.8	NA	NA	NA
ENSDART00000016860	ppp2r1b	421	47.9	35.4	6.7	15.9	75.6	107.9	14.83	121.07	3.02925092024
ENSDART00000087565	eva1a	1	126.9	126.9	NA	NA	NA	NA	NA	NA	NA
ENSDART00000089549	fam65a	21	17.9	17.3	1.8	9.4	23.2	37.2	17.31	23.87	0.463592841715
ENSDART00000016864	slc35f6	126	61.5	54.7	11.1	24.6	92.9	123.6	38.34	166.43	2.11799326919
ENSDART00000089545	pwwp2b	208	42.3	38.3	7.1	16.1	60.2	83.9	NA	NA	NA
ENSDART00000089547	fam133b	126	25.8	22.0	7.5	12.3	37.0	49.1	147.88	7.38	-4.32466232213
ENSDART00000085388	bmp3	1	15.5	15.5	NA	NA	NA	NA	NA	NA	NA
ENSDART00000111536	RMDN2	15	29.7	25.1	11.4	16.9	39.0	46.4	NA	NA	NA
ENSDART00000089540	si:ch211-222e23.8	7	35.9	23.2	NA	NA	NA	NA	NA	NA	NA
ENSDART00000000004	slc35a5	118	25.3	21.1	6.2	11.1	35.3	51.7	NA	NA	NA
ENSDART00000089408	shdb	289	23.9	19.9	4.7	10.9	33.8	50.6	NA	NA	NA
ENSDART00000112550	mapk9	26	29.0	20.4	9.3	13.7	32.4	56.9	NA	NA	NA
ENSDART00000061577	fhl2a	6	19.1	18.4	NA	NA	NA	NA	NA	NA	NA
ENSDART00000089403	klf5b	7	39.2	30.8	NA	NA	NA	NA	NA	NA	NA
ENSDART00000041114	psmb2	410	21.1	17.5	4.6	9.2	29.5	44.2	44.14	21.85	-1.01445334989
ENSDART00000060592	mrpl15	193	26.8	21.8	7.7	13.4	38.1	50.9	42.62	11.46	-1.89492354903
ENSDART00000004780	man2b1	114	33.4	27.9	8.1	16.7	46.6	67.4	22.27	24.26	0.123477992333
ENSDART00000004782	mphosph10	395	25.5	21.1	6.2	12.5	33.2	48.6	136.76	29.18	-2.22859453952
ENSDART00000113276	BX928744.1	3	19.6	16.6	NA	NA	NA	NA	NA	NA	NA
ENSDART00000102232	kcnq5a	4	60.4	63.6	NA	NA	NA	NA	NA	NA	NA
ENSDART00000074979	rnft2	3	26.7	26.4	NA	NA	NA	NA	NA	NA	NA
ENSDART00000074208	FP102272.1	1	35.3	35.3	NA	NA	NA	NA	NA	NA	NA
ENSDART00000074750	runx3	3	9.6	6.3	NA	NA	NA	NA	NA	NA	NA
ENSDART00000131841	tcerg1a	3	35.9	17.3	NA	NA	NA	NA	34.49	8.25	-2.06371210433
ENSDART00000018602	klhdc4	88	20.5	18.4	7.0	10.6	25.1	39.0	NA	NA	NA
ENSDART00000137465	si:dkeyp-51f11.3	2	7.7	7.7	NA	NA	NA	NA	NA	NA	NA
ENSDART00000074971	ubxn8	39	32.7	30.6	9.6	16.0	48.8	59.0	NA	NA	NA
ENSDART00000074200	gtf2ird1	6	23.4	23.9	NA	NA	NA	NA	NA	NA	NA
ENSDART00000078401	tmem161b	290	41.4	34.4	9.7	17.7	55.8	87.8	NA	NA	NA
ENSDART00000078403	BRD8	4	59.2	57.7	NA	NA	NA	NA	NA	NA	NA
ENSDART00000092809	abcg1	3	23.0	28.0	NA	NA	NA	NA	NA	NA	NA
ENSDART00000124799	PATL2	812	14.7	11.4	1.1	6.1	20.3	32.3	NA	NA	NA
ENSDART00000018532	triap1	363	17.9	14.7	4.1	8.6	25.0	36.4	NA	NA	NA
ENSDART00000124421	strada	77	38.5	30.7	10.4	16.8	54.8	70.5	NA	NA	NA
ENSDART00000124425	zgc:136678	2	32.2	32.2	NA	NA	NA	NA	NA	NA	NA
ENSDART00000111694	tnks	132	38.5	29.7	4.0	11.6	60.0	84.8	11.06	27.56	1.31722450247
ENSDART00000046587	ap2m1a	189	22.4	18.9	2.7	10.0	31.6	46.4	29.82	10.19	-1.54912620612
ENSDART00000059549	mki67ip	62	18.0	15.7	4.3	8.6	26.0	33.4	16.17	2.18	-2.8909196387
ENSDART00000053026	fam122b	455	28.6	24.0	7.5	14.7	36.1	54.7	NA	NA	NA
ENSDART00000073981	eif2s1b	265	14.4	12.3	1.7	6.6	18.7	29.2	26.92	3.92	-2.7797528505
ENSDART00000073985	rbfox2	102	97.9	103.9	4.3	44.1	152.5	170.9	27.35	223.9	3.03324179006
ENSDART00000143587	ern2	3	25.1	20.4	NA	NA	NA	NA	NA	NA	NA
ENSDART00000058943	FAM84B	197	31.9	28.8	7.2	15.3	44.7	60.8	NA	NA	NA
ENSDART00000058763	sec24d	14	61.3	31.4	8.7	15.3	117.9	152.0	NA	NA	NA
ENSDART00000057496	capsla	4	6.1	7.1	NA	NA	NA	NA	NA	NA	NA
ENSDART00000134795	ankra2	161	18.3	15.4	6.6	10.2	23.9	32.4	NA	NA	NA
ENSDART00000126490	FNBP4	83	69.5	63.5	8.8	24.5	110.7	147.8	17.64	89.21	2.3383548773
ENSDART00000129818	PACS1	17	30.6	26.7	6.6	15.8	39.5	66.2	NA	NA	NA
ENSDART00000066164	vsg1	4	71.6	61.0	NA	NA	NA	NA	NA	NA	NA
ENSDART00000005784	itgb1bp1	98	23.4	20.5	6.4	11.5	34.1	46.5	NA	NA	NA
ENSDART00000048739	trim9	3	37.8	26.4	NA	NA	NA	NA	NA	NA	NA
ENSDART00000114839	sez6l	5	87.3	62.8	NA	NA	NA	NA	NA	NA	NA
ENSDART00000127818	CR848025.2	7	24.2	18.3	NA	NA	NA	NA	NA	NA	NA
ENSDART00000097468	zglp1	384	11.5	9.5	0.8	4.6	15.9	25.3	NA	NA	NA
ENSDART00000051184	hnrpl	98	67.1	59.7	22.5	39.8	91.0	115.3	31.76	183.31	2.5290026729
ENSDART00000113676	ATP10B	1	21.5	21.5	NA	NA	NA	NA	NA	NA	NA
ENSDART00000114955	sowahaa	3	18.4	15.2	NA	NA	NA	NA	NA	NA	NA
ENSDART00000114954	rapgef5b	58	22.3	19.3	4.1	11.5	32.9	42.6	NA	NA	NA
ENSDART00000085164	elp6	5	26.6	19.5	NA	NA	NA	NA	NA	NA	NA
ENSDART00000024677	C2H3orf58	182	18.0	14.0	2.2	7.3	23.2	40.9	NA	NA	NA
ENSDART00000110060	zgc:165514	4	26.1	15.2	NA	NA	NA	NA	NA	NA	NA
ENSDART00000076160	CR847954.1	1	10.9	10.9	NA	NA	NA	NA	NA	NA	NA
ENSDART00000053797	slc3a2b	13	23.9	18.1	-6.0	14.4	47.2	55.4	NA	NA	NA
ENSDART00000053794	banf1	614	56.8	48.4	9.6	22.4	86.9	119.0	97.28	616.48	2.66383895722
ENSDART00000143364	sdf2l1	361	30.4	26.6	6.1	13.6	42.0	58.8	35.23	67.42	0.936372152489
ENSDART00000143365	thap7	88	38.3	39.7	8.6	22.1	49.4	67.8	NA	NA	NA
ENSDART00000032290	esyt1a	4	18.4	18.6	NA	NA	NA	NA	NA	NA	NA
ENSDART00000053009	MAF1	165	79.0	71.3	5.4	25.9	130.7	156.9	75.63	116.4	0.622060534216
ENSDART00000079656	tvp23b	38	48.9	41.5	16.4	26.0	63.3	77.4	NA	NA	NA
ENSDART00000051183	diabloa	63	13.6	7.2	0.2	3.3	19.1	29.6	NA	NA	NA
ENSDART00000115251	esama	6	23.9	14.8	NA	NA	NA	NA	NA	NA	NA
ENSDART00000127706	lrit1b	5	74.9	82.9	NA	NA	NA	NA	NA	NA	NA
ENSDART00000022967	amdhd2	116	50.0	49.7	13.6	27.7	68.1	84.9	14.28	31.66	1.14866527611
ENSDART00000052537	C12H16orf62	86	20.3	19.3	-1.6	8.1	29.7	42.3	9.92	5.21	-0.929056748108
ENSDART00000015007	taf5	132	42.4	37.1	6.4	19.2	63.2	83.2	22.33	29.15	0.384512632265
ENSDART00000002318	srsf6b	76	59.6	49.3	5.9	17.4	97.7	141.0	NA	NA	NA
ENSDART00000079448	rgs2	16	11.6	10.6	2.2	3.0	17.8	22.8	NA	NA	NA
ENSDART00000114481	WDFY3	10	57.9	29.6	12.1	15.5	94.2	125.9	5.57	5.82	0.0633418255683
ENSDART00000114483	apba1b	7	10.4	11.7	NA	NA	NA	NA	NA	NA	NA
ENSDART00000002641	kif26aa	2	14.5	14.5	NA	NA	NA	NA	NA	NA	NA
ENSDART00000079114	irx1b	1	13.7	13.7	NA	NA	NA	NA	NA	NA	NA
ENSDART00000079117	plekha3	29	37.9	23.8	10.0	15.3	43.6	83.4	NA	NA	NA
ENSDART00000110395	LIMD1	5	52.5	58.5	NA	NA	NA	NA	NA	NA	NA
ENSDART00000110396	zgc:194125	0	NA	NA	NA	NA	NA	NA	104.6	2.82	-5.21304387874
ENSDART00000110390	F8A2	504	24.0	19.6	5.4	11.6	31.7	47.8	NA	NA	NA
ENSDART00000149275	zgc:174935	72	10.6	11.4	0.9	3.6	15.6	21.6	NA	NA	NA
ENSDART00000132987	s1pr5a	3	23.7	22.6	NA	NA	NA	NA	NA	NA	NA
ENSDART00000149270	si:ch211-233f11.2	1	68.9	68.9	NA	NA	NA	NA	NA	NA	NA
ENSDART00000088026	prmt5	195	38.0	28.4	7.6	13.8	57.8	87.2	31.17	126.5	2.02090732484
ENSDART00000054228	lrata	1	6.8	6.8	NA	NA	NA	NA	NA	NA	NA
ENSDART00000049063	ankrd6b	4	42.9	35.8	NA	NA	NA	NA	NA	NA	NA
ENSDART00000049061	cdkn1ba	3	55.6	61.6	NA	NA	NA	NA	NA	NA	NA
ENSDART00000067138	hic1l	333	17.9	12.6	2.8	7.0	24.2	37.0	19.95	7.48	-1.41527857122
ENSDART00000123986	anxa1a	34	23.4	21.5	10.4	16.1	31.6	41.3	NA	NA	NA
ENSDART00000139677	si:ch211-274p24.4	13	19.3	21.4	1.4	11.9	26.2	35.1	NA	NA	NA
ENSDART00000067131	irak3	13	12.1	11.3	5.2	10.3	15.5	16.7	NA	NA	NA
ENSDART00000013150	cog8	82	18.8	14.8	2.9	7.4	25.8	35.6	NA	NA	NA
ENSDART00000130403	cdc42se1	140	45.6	27.4	4.9	11.3	73.2	111.3	NA	NA	NA
ENSDART00000105098	usp40	12	53.5	44.5	16.9	18.9	65.3	102.8	5.22	12.21	1.22594148842
ENSDART00000047515	rnf145b	272	64.7	44.2	10.0	19.3	103.2	143.4	17.54	100.81	2.52291810335
ENSDART00000135569	gale	308	22.5	17.7	5.4	11.5	30.3	47.2	77.35	52.57	-0.557161556765
ENSDART00000137705	lztr1	534	43.6	42.2	8.6	21.4	59.7	80.5	36.46	71.78	0.977267361777
ENSDART00000115117	brd4	439	39.9	18.3	2.2	7.8	50.5	127.4	60.1	150.12	1.32067929929
ENSDART00000136726	MAGI3	1	43.4	43.4	NA	NA	NA	NA	NA	NA	NA
ENSDART00000137700	C5H3orf30	1	16.6	16.6	NA	NA	NA	NA	NA	NA	NA
ENSDART00000138505	DHPS	2	7.8	7.8	NA	NA	NA	NA	NA	NA	NA
ENSDART00000076469	AP2A1	241	32.5	27.4	7.0	15.7	44.7	66.2	22.77	34.3	0.591074284924
ENSDART00000007927	rbmx	326	107.1	110.7	55.4	87.2	133.5	149.7	23.12	270.88	3.55044057539
ENSDART00000026275	cbsb	131	124.8	129.6	57.4	96.4	161.4	184.6	7.64	134.73	4.14035467946
ENSDART00000137172	jag1a	6	23.7	19.2	NA	NA	NA	NA	NA	NA	NA
ENSDART00000141068	sox11b	1000	47.3	42.2	12.6	23.5	65.6	88.7	48.96	347.06	2.82550963545
ENSDART00000061315	tsc22d2	244	27.2	22.1	5.3	11.4	40.5	56.2	NA	NA	NA
ENSDART00000090401	fam19a4b	2	36.3	36.3	NA	NA	NA	NA	NA	NA	NA
ENSDART00000078137	ankrd54	182	38.0	36.6	14.0	23.2	51.3	66.1	24.39	21.23	-0.200185386891
ENSDART00000128137	zgc:92594	233	11.8	10.1	1.4	5.3	16.2	23.9	NA	NA	NA
ENSDART00000123573	sdcbp	7	50.7	49.7	NA	NA	NA	NA	NA	NA	NA
ENSDART00000109014	GJC1	1	2.9	2.9	NA	NA	NA	NA	NA	NA	NA
ENSDART00000109017	USP31	42	46.2	40.7	6.4	22.7	73.7	89.5	NA	NA	NA
ENSDART00000104570	ZNF740	190	41.0	31.2	7.0	15.6	58.2	84.2	22.75	244.1	3.4235338447
ENSDART00000139451	aim1a	17	22.2	18.2	5.7	11.1	26.3	39.2	NA	NA	NA
ENSDART00000041627	ssb	178	113.2	138.8	7.1	46.2	165.6	182.8	45.66	546.31	3.58071706659
ENSDART00000109018	taok2b	8	18.6	17.8	NA	NA	NA	NA	NA	NA	NA
ENSDART00000060990	eif4ebp3l	15	21.9	16.7	-9.6	-5.6	25.7	56.5	58.26	451.32	2.95357310562
ENSDART00000009858	tmx2b	111	30.7	27.4	9.2	16.2	40.4	57.8	24.35	75.86	1.63941759932
ENSDART00000114759	lpcat3	14	59.5	44.2	24.4	36.3	82.5	92.7	NA	NA	NA
ENSDART00000067793	ints3	525	33.8	27.5	6.8	14.9	46.4	71.8	39.17	42.14	0.105441185867
ENSDART00000148587	trmt13	200	34.2	31.7	9.5	18.1	45.9	61.0	40.21	56.01	0.478130092147
ENSDART00000130794	C14H4orf45	7	20.1	18.8	NA	NA	NA	NA	NA	NA	NA
ENSDART00000148582	smpd1	107	31.6	26.2	5.8	15.0	45.6	62.4	NA	NA	NA
ENSDART00000084348	trappc12	153	20.9	17.0	5.9	10.1	29.1	39.6	NA	NA	NA
ENSDART00000114222	TANC1	1	60.5	60.5	NA	NA	NA	NA	NA	NA	NA
ENSDART00000114228	frem3	2	32.5	32.5	NA	NA	NA	NA	NA	NA	NA
ENSDART00000026135	ly75	57	63.3	33.2	5.7	14.1	105.3	169.1	NA	NA	NA
ENSDART00000023944	lmnl3	1107	32.3	25.8	6.2	13.3	46.5	69.9	135.59	102.32	-0.406162611779
ENSDART00000152857	fmn2b	27	13.8	11.9	4.3	7.5	20.1	28.7	55.78	6.67	-3.06398926784
ENSDART00000149180	aco2	226	60.0	43.1	11.5	19.5	94.4	135.7	22.86	213.93	3.22624150117
ENSDART00000064114	CLMN	7	22.7	19.2	NA	NA	NA	NA	NA	NA	NA
ENSDART00000064113	abt1	144	19.8	16.1	4.9	9.3	26.8	40.2	57.01	17.54	-1.70056625369
ENSDART00000031712	dnmt3aa	3	12.4	13.0	NA	NA	NA	NA	NA	NA	NA
ENSDART00000127810	fam110b	98	41.3	34.9	12.0	18.9	57.4	87.6	NA	NA	NA
ENSDART00000131282	tcf12	1	18.0	18.0	NA	NA	NA	NA	NA	NA	NA
ENSDART00000080412	ppp3cca	32	43.0	42.1	8.8	20.2	57.4	91.0	NA	NA	NA
ENSDART00000080413	srsf1a	624	112.5	119.7	37.0	86.4	146.3	165.8	147.25	2285.61	3.95623971431
ENSDART00000131286	erlin2	97	29.9	22.8	5.7	13.1	39.5	64.5	NA	NA	NA
ENSDART00000144303	zgc:86811	515	12.7	9.9	1.7	4.8	16.9	26.7	78.94	7.2	-3.45468770756
ENSDART00000115280	CR361563.1	67	57.8	35.0	6.9	17.8	89.6	130.1	12.35	15.82	0.357238558001
ENSDART00000039074	mapk15	2	49.1	49.1	NA	NA	NA	NA	NA	NA	NA
ENSDART00000115287	esd	265	18.6	16.4	5.5	9.6	24.5	36.8	20.01	11.07	-0.854065945124
ENSDART00000044378	rps6ka1	62	31.8	23.4	6.5	13.5	39.4	68.5	NA	NA	NA
ENSDART00000008273	rab4b	74	31.4	26.1	-1.9	11.8	44.8	76.7	NA	NA	NA
ENSDART00000104143	txlng	137	52.8	38.1	12.2	19.2	80.7	119.4	17.17	170.57	3.31240198206
ENSDART00000083010	acad9	89	31.0	23.8	6.9	13.4	38.7	66.4	NA	NA	NA
ENSDART00000067866	RPS17	268	28.9	26.8	8.8	14.8	40.6	53.3	133.56	6.13	-4.44545711437
ENSDART00000063837	CABZ01014055.1	443	53.4	46.3	9.6	21.1	79.5	109.1	71.67	426.21	2.57212318328
ENSDART00000088383	CNOT2	300	36.7	30.1	5.6	14.4	51.7	80.0	32.7	129.21	1.98235518858
ENSDART00000016386	tg	15	74.7	75.2	24.0	40.6	91.2	149.6	NA	NA	NA
ENSDART00000108656	si:dkey-34m19.3	220	22.1	20.0	7.5	12.9	28.5	38.3	36.87	15.17	-1.28122633085
ENSDART00000121946	crcp	196	17.3	15.2	3.8	8.8	23.6	30.2	62.25	19.64	-1.66427890753
ENSDART00000000250	slc40a1	2	122.2	122.2	NA	NA	NA	NA	NA	NA	NA
ENSDART00000083015	CCDC84	26	22.2	22.1	4.2	12.8	33.3	41.0	NA	NA	NA
ENSDART00000108659	ttc39a	1	13.4	13.4	NA	NA	NA	NA	NA	NA	NA
ENSDART00000108658	eva1c	7	12.5	8.0	NA	NA	NA	NA	NA	NA	NA
ENSDART00000065243	snrnp35	227	32.0	22.7	5.7	13.0	45.0	73.4	146.99	87.98	-0.740470502843
ENSDART00000015872	zcchc9	396	19.6	16.1	4.0	8.8	27.2	38.2	47.57	17.1	-1.47605570019
ENSDART00000015873	sf3b2	337	65.6	60.0	16.6	32.2	93.5	122.1	153.57	251.22	0.710054911749
ENSDART00000011447	sae1	243	41.9	38.5	9.5	20.9	59.6	78.6	65.79	164.18	1.31933817445
ENSDART00000136152	calua	102	28.1	19.0	4.8	10.9	34.4	69.1	NA	NA	NA
ENSDART00000136151	C15H11orf57	354	29.7	26.2	9.8	15.9	39.8	53.8	152.22	26.84	-2.50370134858
ENSDART00000074567	tmem57b	59	56.1	34.6	8.7	17.1	87.8	154.9	20.16	86.26	2.09719607723
ENSDART00000126301	prkab1b	235	21.9	18.7	3.2	9.6	31.4	44.5	NA	NA	NA
ENSDART00000020946	fancl	63	22.5	18.5	6.1	11.1	29.1	41.7	NA	NA	NA
ENSDART00000027667	rragd	9	28.9	22.5	NA	NA	NA	NA	NA	NA	NA
ENSDART00000114679	arf6a	605	31.2	27.5	7.9	15.4	43.1	59.4	49.06	23.41	-1.06742229945
ENSDART00000008312	fam53b	64	30.5	27.3	12.3	20.0	41.1	51.4	33.36	2.57	-3.69827902425
ENSDART00000078230	mettl16	391	40.3	35.1	9.9	20.2	53.8	76.4	53.39	77.74	0.542087558675
ENSDART00000131912	pld2	3	20.1	11.0	NA	NA	NA	NA	NA	NA	NA
ENSDART00000114532	malt1b	12	30.3	27.9	10.2	14.7	37.1	47.0	NA	NA	NA
ENSDART00000114172	pde6d	417	19.7	14.3	3.1	7.8	26.3	44.6	NA	NA	NA
ENSDART00000024194	kif11	1131	14.3	11.7	1.2	5.6	19.3	30.3	66.97	9.7	-2.78745831564
ENSDART00000075960	rab11fip4a	1	29.8	29.8	NA	NA	NA	NA	NA	NA	NA
ENSDART00000080781	arl15b	55	58.8	58.0	12.6	23.4	90.4	109.9	NA	NA	NA
ENSDART00000105762	ahr2	36	30.9	16.8	2.9	9.7	36.0	80.2	NA	NA	NA
ENSDART00000113957	arl8a	243	26.4	22.5	5.6	11.2	34.5	51.4	NA	NA	NA
ENSDART00000084714	CABZ01057907.1	557	19.2	15.9	2.7	8.3	26.2	38.7	42.2	8.6	-2.29483443401
ENSDART00000047391	rpl13	1445	25.1	23.5	5.9	13.1	35.0	45.6	294.74	22.63	-3.70313437626
ENSDART00000084249	cylda	129	29.7	26.6	7.2	13.8	40.4	57.8	NA	NA	NA
ENSDART00000136236	si:dkey-66g10.2	1	13.6	13.6	NA	NA	NA	NA	NA	NA	NA
ENSDART00000105768	zmynd11	140	64.3	70.5	12.2	21.9	97.0	120.0	18.37	224.18	3.60923404369
ENSDART00000133135	si:ch211-167j6.3	575	16.1	14.2	3.7	8.0	22.1	31.0	NA	NA	NA
ENSDART00000122797	pdia5	144	31.1	24.0	3.8	11.7	45.7	66.2	25.1	45.36	0.853733276104
ENSDART00000127317	FP103059.1	46	51.7	45.1	7.3	21.6	75.7	109.2	102.07	34.14	-1.58002393397
ENSDART00000113219	TNRC6A	316	43.7	36.2	5.3	15.8	62.8	95.0	57.15	59.05	0.0471835611827
ENSDART00000127314	tpbgl	2	59.0	59.0	NA	NA	NA	NA	NA	NA	NA
ENSDART00000115335	CR391986.1	51	49.3	41.0	10.3	19.9	68.6	108.2	NA	NA	NA
ENSDART00000137820	si:ch211-163l21.8	7	39.3	26.8	NA	NA	NA	NA	NA	NA	NA
ENSDART00000055745	sepw2a	201	105.9	119.9	28.2	76.3	143.6	158.1	NA	NA	NA
ENSDART00000087441	GFOD1	1	55.6	55.6	NA	NA	NA	NA	NA	NA	NA
ENSDART00000113221	tfap4	30	63.3	61.3	10.1	36.4	86.1	111.2	NA	NA	NA
ENSDART00000113934	hsf5	2	40.0	40.0	NA	NA	NA	NA	NA	NA	NA
ENSDART00000060561	csdc2a	1	29.3	29.3	NA	NA	NA	NA	NA	NA	NA
ENSDART00000005158	ccnt1	135	22.4	19.0	5.2	9.9	31.3	40.5	18.78	4.72	-1.99233829829
ENSDART00000129575	arnt2	64	55.2	50.7	10.8	26.7	77.3	112.9	NA	NA	NA
ENSDART00000085046	MUM1	139	45.2	41.0	9.4	20.8	61.1	89.9	27.59	25.52	-0.112517127588
ENSDART00000027443	esyt3	15	12.8	9.5	-4.1	1.7	23.3	37.3	NA	NA	NA
ENSDART00000085042	SH3RF3	30	28.4	22.8	9.7	13.9	36.3	57.4	NA	NA	NA
ENSDART00000076304	pcna	1402	42.6	38.5	10.8	21.1	60.2	78.8	207.73	544.57	1.39040792476
ENSDART00000124656	efnb1	3	54.2	33.0	NA	NA	NA	NA	NA	NA	NA
ENSDART00000050202	rcan3	1	20.9	20.9	NA	NA	NA	NA	NA	NA	NA
ENSDART00000061745	inpp4ab	1	15.5	15.5	NA	NA	NA	NA	NA	NA	NA
ENSDART00000061744	zp3a.1	51	34.1	29.7	6.8	13.8	52.3	69.0	52.01	8.42	-2.62689689953
ENSDART00000061747	fpgt	11	26.2	26.6	-0.9	18.9	34.6	53.0	NA	NA	NA
ENSDART00000038038	shfm1	653	21.2	16.6	4.4	9.9	28.3	43.1	247.16	89.62	-1.46355264695
ENSDART00000114026	LINGO2	7	24.1	24.2	NA	NA	NA	NA	NA	NA	NA
ENSDART00000041858	mtx2	135	22.3	19.2	6.1	12.2	28.8	42.5	NA	NA	NA
ENSDART00000125081	flt4	5	15.9	13.5	NA	NA	NA	NA	NA	NA	NA
ENSDART00000020792	cnpy1	435	35.5	31.5	9.4	19.3	48.2	65.9	NA	NA	NA
ENSDART00000110837	M1AP	1	28.5	28.5	NA	NA	NA	NA	NA	NA	NA
ENSDART00000083946	pld6	37	27.8	23.8	2.1	17.0	41.1	59.4	NA	NA	NA
ENSDART00000102936	CU914629.1	1	0.3	0.3	NA	NA	NA	NA	NA	NA	NA
ENSDART00000143113	sfswap	39	63.5	52.5	14.8	27.7	101.8	114.3	5.3	48.12	3.18257237773
ENSDART00000143117	zgc:162972	8	23.4	20.8	NA	NA	NA	NA	NA	NA	NA
ENSDART00000015127	C13H9orf72	56	18.6	16.0	3.2	11.1	24.1	34.6	NA	NA	NA
ENSDART00000134932	zgc:66472	141	50.5	44.7	9.3	20.9	75.7	97.7	44.22	144.59	1.70919684713
ENSDART00000143114	si:dkeyp-20e4.8	233	49.6	49.9	17.2	31.3	68.2	79.7	NA	NA	NA
ENSDART00000040328	h2afx	80	10.6	6.4	-6.6	-0.2	19.9	30.3	32.98	1584.05	5.58588266531
ENSDART00000142538	pias2	375	27.9	23.1	5.1	11.5	36.2	55.4	33.39	22.97	-0.539665236685
ENSDART00000146099	cerk	88	40.5	38.5	15.5	21.9	58.4	70.5	NA	NA	NA
ENSDART00000013434	oxct1a	183	35.2	30.4	7.6	18.9	42.9	64.6	26.37	40.68	0.625422107993
ENSDART00000013432	dnajc28	70	10.6	8.6	0.0	3.1	15.2	23.5	NA	NA	NA
ENSDART00000065278	CDHR1	1	70.1	70.1	NA	NA	NA	NA	NA	NA	NA
ENSDART00000013431	hmbsa	153	20.1	16.2	5.5	9.0	30.5	37.3	NA	NA	NA
ENSDART00000146093	sort1a	13	19.2	9.4	-6.1	-2.1	34.1	63.7	NA	NA	NA
ENSDART00000103330	chac1	477	45.8	42.9	12.0	25.9	62.9	82.3	153.52	1.91	-6.32871016816
ENSDART00000103336	ino80	31	33.0	28.0	7.7	17.5	44.7	64.1	11.52	16.17	0.489178962031
ENSDART00000135821	mfsd6b	74	17.7	12.1	4.1	6.2	22.7	36.6	NA	NA	NA
ENSDART00000059376	ube4a	54	37.0	25.7	9.9	18.2	49.4	67.7	NA	NA	NA
ENSDART00000079945	tut1	42	39.0	28.7	10.1	13.2	57.2	93.0	11.15	18.92	0.762868378532
ENSDART00000106541	zgc:174623	14	18.3	14.1	6.6	9.7	25.1	37.6	NA	NA	NA
ENSDART00000142820	si:dkey-9i23.11	2	16.8	16.8	NA	NA	NA	NA	NA	NA	NA
ENSDART00000073511	hyal6	18	14.0	11.4	2.6	6.0	17.8	23.2	NA	NA	NA
ENSDART00000084353	tbc1d10a	6	18.4	17.3	NA	NA	NA	NA	NA	NA	NA
ENSDART00000134778	tmem222b	40	53.0	48.6	14.3	23.7	71.2	86.7	NA	NA	NA
ENSDART00000137287	pebp1	49	29.5	24.6	8.0	15.2	39.4	61.6	NA	NA	NA
ENSDART00000073518	GRAMD2	6	20.3	19.4	NA	NA	NA	NA	NA	NA	NA
ENSDART00000125658	CLINT1	7	52.6	23.9	NA	NA	NA	NA	NA	NA	NA
ENSDART00000102681	pnp5a	20	17.6	13.0	5.2	6.6	23.4	42.5	NA	NA	NA
ENSDART00000032996	ppdpfa	17	45.2	29.5	10.7	17.6	73.3	101.2	NA	NA	NA
ENSDART00000134772	LANCL2	44	21.9	16.5	1.0	7.6	29.3	52.0	NA	NA	NA
ENSDART00000009196	ufl1	33	18.2	16.8	3.4	5.6	29.1	37.1	NA	NA	NA
ENSDART00000009197	pcif1	18	26.9	25.8	2.0	12.0	38.0	51.0	NA	NA	NA
ENSDART00000111587	rhobtb2a	4	38.7	22.4	NA	NA	NA	NA	NA	NA	NA
ENSDART00000110187	zgc:172128	37	16.3	13.8	6.0	8.6	24.8	32.1	NA	NA	NA
ENSDART00000051693	irx4a	1	28.0	28.0	NA	NA	NA	NA	NA	NA	NA
ENSDART00000134416	im:7140055	149	88.5	98.0	18.7	41.5	127.7	148.3	16.85	179.66	3.41444874246
ENSDART00000008864	sox17	2	24.2	24.2	NA	NA	NA	NA	NA	NA	NA
ENSDART00000047865	si:dkey-46g23.2	158	19.4	14.4	4.5	8.4	26.6	39.5	NA	NA	NA
ENSDART00000057886	cenpk	451	19.2	14.9	3.0	7.6	26.1	39.5	62.98	36.04	-0.805294746322
ENSDART00000134937	srek1	80	32.6	21.6	3.1	10.2	43.7	68.7	NA	NA	NA
ENSDART00000075009	eif2s2	610	15.8	12.8	3.4	7.2	21.2	31.0	208.59	6.32	-5.04460162674
ENSDART00000101200	si:ch211-101n13.1	10	81.7	83.9	25.1	56.4	113.0	126.8	NA	NA	NA
ENSDART00000055350	DTX2	40	46.6	50.5	6.8	17.7	69.6	87.5	NA	NA	NA
ENSDART00000083999	raly	23	23.9	18.3	8.2	14.2	29.1	49.4	NA	NA	NA
ENSDART00000065933	itgb6	140	17.8	13.5	1.8	8.5	22.9	34.4	NA	NA	NA
ENSDART00000112085	csde1	7	100.6	125.0	NA	NA	NA	NA	28.15	26.63	-0.080082493757
ENSDART00000112084	si:dkey-71p21.13	20	30.4	23.8	9.6	14.5	45.5	54.8	NA	NA	NA
ENSDART00000112082	RUFY1	119	33.7	20.4	2.6	9.3	48.4	82.5	65.2	100.46	0.623677310553
ENSDART00000099448	FNIP1	5	20.9	15.5	NA	NA	NA	NA	NA	NA	NA
ENSDART00000031952	marveld3	163	38.4	31.9	8.3	17.2	54.8	78.1	NA	NA	NA
ENSDART00000122943	rfx2	102	45.1	41.3	5.7	16.9	67.9	93.8	9.3	50.29	2.43496893208
ENSDART00000093028	KLHL35	95	29.6	23.2	5.0	12.6	41.6	61.4	NA	NA	NA
ENSDART00000099440	VGLL3	56	22.1	19.0	7.2	12.8	31.5	39.9	NA	NA	NA
ENSDART00000035382	scaper	40	13.5	12.0	2.3	7.5	17.7	26.4	NA	NA	NA
ENSDART00000129741	CU929378.1	217	15.5	12.2	3.2	7.8	19.5	28.8	NA	NA	NA
ENSDART00000128308	eif4bb	58	9.9	6.9	-8.8	-5.2	18.7	36.3	150.85	12.72	-3.56794412075
ENSDART00000109223	dlec1	17	28.9	30.3	12.7	22.8	34.1	36.3	3.98	2.5	-0.670840335882
ENSDART00000125221	TEX264	36	65.5	64.9	7.1	35.4	99.3	111.4	NA	NA	NA
ENSDART00000109221	wdr90	92	134.1	146.1	64.4	104.3	168.3	187.9	NA	NA	NA
ENSDART00000057263	zgc:63863	25	21.4	21.0	1.4	8.8	34.6	44.1	NA	NA	NA
ENSDART00000057262	C19H16orf80	194	30.1	24.8	8.8	16.4	38.2	59.8	NA	NA	NA
ENSDART00000111066	epo	15	29.9	23.0	12.4	18.7	31.7	62.2	NA	NA	NA
ENSDART00000109228	CU469532.1	1	16.1	16.1	NA	NA	NA	NA	NA	NA	NA
ENSDART00000114960	nos1apa	1	30.7	30.7	NA	NA	NA	NA	NA	NA	NA
ENSDART00000088949	fbxo10	72	36.2	29.4	9.6	20.1	52.2	68.0	20.2	84.35	2.06203277554
ENSDART00000140062	ptk2.2	2	20.3	20.3	NA	NA	NA	NA	NA	NA	NA
ENSDART00000138081	bcl6ab	8	23.0	18.0	NA	NA	NA	NA	NA	NA	NA
ENSDART00000122905	rac3b	1	16.5	16.5	NA	NA	NA	NA	NA	NA	NA
ENSDART00000079618	rexo1	27	39.3	40.5	10.9	20.7	48.2	64.2	12.46	4.93	-1.33764451665
ENSDART00000122904	hbae3	1	9.0	9.0	NA	NA	NA	NA	NA	NA	NA
ENSDART00000086666	STPG2	39	24.7	21.6	3.3	9.9	38.3	49.0	NA	NA	NA
ENSDART00000086661	dpagt1	25	32.8	32.6	8.6	24.5	42.2	60.4	NA	NA	NA
ENSDART00000113358	wdtc1	78	26.2	19.6	5.0	9.8	36.3	56.3	NA	NA	NA
ENSDART00000128610	pex16	122	31.2	25.1	4.3	11.0	44.3	66.6	NA	NA	NA
ENSDART00000101240	ROBO3	45	13.5	11.5	0.4	5.3	20.2	27.7	NA	NA	NA
ENSDART00000127916	hspe1	706	13.6	10.4	1.3	5.2	17.4	28.4	NA	NA	NA
ENSDART00000144939	C3H16orf58	49	22.0	15.1	3.5	8.3	30.8	41.8	NA	NA	NA
ENSDART00000077611	BX571853.2	3	32.5	11.7	NA	NA	NA	NA	NA	NA	NA
ENSDART00000077612	rel	35	45.5	37.9	10.8	23.0	66.9	84.5	NA	NA	NA
ENSDART00000101301	tmprss4a	228	41.2	34.3	4.5	12.5	63.1	86.0	NA	NA	NA
ENSDART00000131072	rpz2	26	24.1	23.7	10.3	15.5	28.2	41.9	NA	NA	NA
ENSDART00000101304	atg12	141	10.1	8.7	0.3	3.9	15.2	22.2	NA	NA	NA
ENSDART00000101306	ctnna2	48	42.1	41.3	13.3	21.1	56.8	71.0	9.77	15.53	0.668627362419
ENSDART00000131076	RFWD3	607	28.3	21.5	4.6	11.1	40.3	64.6	91.23	89.31	-0.0306865947928
ENSDART00000115205	cers2a	290	20.3	18.9	3.3	9.5	28.6	39.4	NA	NA	NA
ENSDART00000091416	CNTN3	3	46.9	46.7	NA	NA	NA	NA	NA	NA	NA
ENSDART00000122406	CU571336.2	70	39.1	31.2	7.9	15.9	59.9	79.5	13.56	14.8	0.12623999738
ENSDART00000124830	zgc:162816	105	56.9	57.6	7.4	24.1	90.9	111.7	NA	NA	NA
ENSDART00000126687	sf3a1	511	45.6	43.1	13.0	23.4	63.1	85.0	59.96	197.62	1.7206566729
ENSDART00000026339	gtpbp4	316	15.9	14.0	3.9	6.9	20.4	30.3	38.61	13.36	-1.53105454647
ENSDART00000040680	rngtt	62	28.9	23.7	8.2	12.6	37.6	54.3	NA	NA	NA
ENSDART00000133501	si:ch1073-75o15.4	33	51.5	46.0	17.4	24.4	66.4	88.9	NA	NA	NA
ENSDART00000076693	stambpa	176	27.9	22.1	7.8	12.7	38.1	54.7	NA	NA	NA
ENSDART00000133504	dab2ipb	32	23.0	18.1	4.4	11.0	30.3	44.3	NA	NA	NA
ENSDART00000123139	brd8	248	65.9	63.8	10.7	32.6	94.4	117.9	26.82	122.58	2.19234246755
ENSDART00000049331	gtf3aa	269	17.5	15.4	3.5	9.0	23.8	34.9	NA	NA	NA
ENSDART00000142790	daw1	1	6.5	6.5	NA	NA	NA	NA	NA	NA	NA
ENSDART00000142794	bet1l	464	20.1	16.7	4.6	10.4	27.1	41.4	NA	NA	NA
ENSDART00000055299	prl	4	12.4	9.0	NA	NA	NA	NA	NA	NA	NA
ENSDART00000053588	irak1bp1	104	27.7	28.7	7.8	16.0	38.2	46.9	20.07	8.29	-1.27559660987
ENSDART00000046050	pcbd1	330	36.4	31.9	11.4	21.5	47.6	66.9	NA	NA	NA
ENSDART00000065239	dnajc19	21	17.6	13.6	5.1	9.4	17.5	45.4	NA	NA	NA
ENSDART00000131610	serbp1a	4	6.0	2.1	NA	NA	NA	NA	57.55	18.26	-1.65612916304
ENSDART00000131613	C2H1orf21	315	27.1	24.2	4.9	12.4	36.7	53.9	NA	NA	NA
ENSDART00000024440	foxi3b	2	21.0	21.0	NA	NA	NA	NA	NA	NA	NA
ENSDART00000049291	gria3a	2	64.3	64.3	NA	NA	NA	NA	NA	NA	NA
ENSDART00000055294	zgc:112484	14	24.7	13.9	6.9	9.8	35.1	63.1	NA	NA	NA
ENSDART00000026180	fabp7a	10	23.8	15.2	8.0	10.2	28.1	51.2	NA	NA	NA
ENSDART00000139020	gbgt1l1	196	15.4	13.6	3.4	9.3	20.7	31.4	NA	NA	NA
ENSDART00000106126	si:rp71-36a1.3	43	13.4	12.2	2.7	5.5	20.2	24.8	NA	NA	NA
ENSDART00000129432	pcgf1	169	21.8	19.5	7.1	12.8	28.4	38.8	NA	NA	NA
ENSDART00000020135	pex19	301	24.2	20.8	6.9	13.7	32.1	47.8	NA	NA	NA
ENSDART00000020136	ivns1abpb	750	54.9	49.2	12.3	26.1	77.5	106.6	78.81	396.64	2.33137957023
ENSDART00000129439	UIMC1	341	15.5	12.4	2.4	6.4	19.9	33.6	13.76	0.5	-4.78240856493
ENSDART00000114032	EMC7	1	3.8	3.8	NA	NA	NA	NA	NA	NA	NA
ENSDART00000113021	DHX30	378	16.6	14.3	3.5	7.9	22.0	30.7	23.68	5.07	-2.22361142863
ENSDART00000062688	tmem68	98	68.7	58.3	7.0	17.3	115.1	142.7	NA	NA	NA
ENSDART00000121418	CABZ01036951.1	22	19.2	17.4	5.1	9.8	26.7	36.4	NA	NA	NA
ENSDART00000035358	socs2	1	8.6	8.6	NA	NA	NA	NA	NA	NA	NA
ENSDART00000050850	tor2a	107	34.2	19.4	3.3	9.3	43.7	95.5	NA	NA	NA
ENSDART00000110234	appbp2	296	34.8	28.9	6.8	17.6	43.9	70.4	19.32	34.39	0.831894021691
ENSDART00000098795	mmab	50	34.6	31.8	9.4	14.1	43.5	51.9	NA	NA	NA
ENSDART00000124134	GFRAL	2	12.0	12.0	NA	NA	NA	NA	NA	NA	NA
ENSDART00000124135	TMEM74	5	8.5	8.1	NA	NA	NA	NA	NA	NA	NA
ENSDART00000098421	uqcc	257	38.6	33.7	12.0	20.1	48.3	70.6	28.28	72.94	1.36692807953
ENSDART00000098423	CABZ01029886.1	1	-2.2	-2.2	NA	NA	NA	NA	NA	NA	NA
ENSDART00000098424	trib2	13	52.5	48.2	12.7	22.8	73.3	103.7	NA	NA	NA
ENSDART00000061425	C20H1orf95	5	9.9	10.3	NA	NA	NA	NA	NA	NA	NA
ENSDART00000149045	klf2b	6	9.8	10.8	NA	NA	NA	NA	NA	NA	NA
ENSDART00000029451	prkcbb	104	25.9	18.2	3.7	10.9	35.9	61.3	NA	NA	NA
ENSDART00000022154	lrrfip2	198	33.6	28.3	8.1	15.0	46.9	69.1	NA	NA	NA
ENSDART00000144248	MAN1A2	93	51.0	45.1	14.8	26.0	70.6	87.1	14.83	28.64	0.94951289481
ENSDART00000123308	znf609	65	57.0	60.4	10.3	25.9	79.7	101.5	13.46	38.76	1.5258901608
ENSDART00000029457	sh2d3ca	7	28.9	19.1	NA	NA	NA	NA	NA	NA	NA
ENSDART00000123304	psmf1	97	41.1	32.1	9.6	18.1	56.5	77.6	NA	NA	NA
ENSDART00000123300	NGRN	24	19.7	18.3	3.3	10.5	27.4	38.6	NA	NA	NA
ENSDART00000128678	METTL4	44	63.9	63.4	5.1	15.9	103.3	128.4	NA	NA	NA
ENSDART00000104659	sergef	54	24.1	21.1	8.4	13.4	29.3	41.9	NA	NA	NA
ENSDART00000067305	C25H12orf29	59	33.4	31.7	2.4	15.5	46.0	66.4	NA	NA	NA
ENSDART00000028983	PPP2R2A	40	36.7	31.0	-0.0	8.4	58.0	89.3	NA	NA	NA
ENSDART00000105754	col11a2	1	23.4	23.4	NA	NA	NA	NA	NA	NA	NA
ENSDART00000043595	twist1a	3	52.0	37.4	NA	NA	NA	NA	NA	NA	NA
ENSDART00000063333	pomca	1	31.3	31.3	NA	NA	NA	NA	NA	NA	NA
ENSDART00000145221	rnf40	106	29.3	23.1	8.7	11.9	36.4	61.7	26.97	25.51	-0.0802926226331
ENSDART00000142364	si:ch211-147d7.5	4	15.6	11.3	NA	NA	NA	NA	NA	NA	NA
ENSDART00000145226	si:ch211-233h19.2	66	15.1	14.1	1.6	6.1	19.6	28.5	NA	NA	NA
ENSDART00000052183	C19H6orf62	46	35.5	23.3	4.7	16.1	51.2	85.9	NA	NA	NA
ENSDART00000052185	gmnn	1899	45.3	41.2	13.6	24.2	61.3	81.1	951.57	1369.31	0.525067403345
ENSDART00000025466	slc18a2	7	17.3	12.6	NA	NA	NA	NA	NA	NA	NA
ENSDART00000147918	zfyve16	56	31.7	25.1	5.6	12.7	43.8	71.4	11.4	15.14	0.409331380934
ENSDART00000147917	gpr176	4	35.4	21.9	NA	NA	NA	NA	NA	NA	NA
ENSDART00000084223	EPC1	136	28.0	24.1	7.7	13.6	36.7	52.2	28.69	4.82	-2.57344291654
ENSDART00000081976	rock1	151	31.8	24.3	6.5	13.7	45.4	73.5	24.99	17.84	-0.486235286166
ENSDART00000052942	zgc:113025	16	18.3	17.9	2.7	9.0	23.4	34.8	NA	NA	NA
ENSDART00000140632	bcl2l13	284	27.8	23.6	7.5	13.9	37.1	48.5	NA	NA	NA
ENSDART00000100301	sssca1	262	14.6	12.7	2.4	8.1	19.9	26.8	24.92	0.79	-4.97930760485
ENSDART00000012791	sp8a	2	31.4	31.4	NA	NA	NA	NA	NA	NA	NA
ENSDART00000043162	reep2	193	67.4	48.4	6.0	19.1	97.3	151.2	NA	NA	NA
ENSDART00000140496	nfkbiz	5	36.5	37.3	NA	NA	NA	NA	NA	NA	NA
ENSDART00000137516	vamp3	181	75.4	71.3	9.5	25.9	108.5	147.3	56.64	561.19	3.30859613087
ENSDART00000112470	ccdc88b	2	26.5	26.5	NA	NA	NA	NA	NA	NA	NA
ENSDART00000006787	epha3l	1	11.8	11.8	NA	NA	NA	NA	NA	NA	NA
ENSDART00000140537	dhrs11a	5	43.2	32.0	NA	NA	NA	NA	NA	NA	NA
ENSDART00000007260	si:ch211-210c8.6	98	50.4	41.7	11.2	26.0	68.9	101.3	NA	NA	NA
ENSDART00000112675	SCAF8	405	33.4	23.9	5.3	12.5	45.4	80.0	29.0	30.64	0.0793633970227
ENSDART00000064878	gxylt2	32	14.5	10.7	2.9	6.5	19.5	31.2	NA	NA	NA
ENSDART00000064655	zbtb2a	376	18.2	15.6	3.7	8.1	24.2	36.3	NA	NA	NA
ENSDART00000031508	lbx2	15	18.0	11.5	2.0	10.0	22.3	34.7	NA	NA	NA
ENSDART00000064657	stx11a	437	15.4	13.4	2.7	7.3	19.1	31.5	NA	NA	NA
ENSDART00000086018	pcnxl4	53	32.6	23.7	8.5	15.1	46.5	68.0	9.91	4.0	-1.30888505741
ENSDART00000144068	C9H2orf76	137	70.8	62.7	17.6	35.1	101.3	130.8	NA	NA	NA
ENSDART00000101208	abhd11	16	26.8	19.0	8.2	11.0	38.3	49.7	NA	NA	NA
ENSDART00000034027	ZC3H11A	550	37.8	31.2	10.9	17.8	53.0	73.9	55.7	130.88	1.23249542071
ENSDART00000144060	rpl37	77	32.3	29.5	8.1	16.6	45.0	57.4	NA	NA	NA
ENSDART00000110547	ANKRD34A	1	34.2	34.2	NA	NA	NA	NA	NA	NA	NA
ENSDART00000021266	tra2b	65	85.1	86.1	9.2	32.1	122.8	163.5	19.43	246.95	3.66786116268
ENSDART00000063158	NUDT12	33	30.2	20.0	10.9	13.5	40.1	56.5	NA	NA	NA
ENSDART00000011540	bzw1b	1203	48.8	41.9	11.6	20.4	71.4	97.1	440.51	1082.08	1.29656048879
ENSDART00000063157	slc26a11	46	39.8	37.4	7.4	17.7	57.6	77.0	NA	NA	NA
ENSDART00000063152	chst14	100	24.6	19.7	7.3	12.0	31.5	49.3	NA	NA	NA
ENSDART00000016265	LRP3	4	47.3	27.7	NA	NA	NA	NA	NA	NA	NA
ENSDART00000063150	fam43a	12	22.0	17.2	8.0	10.7	25.4	34.4	NA	NA	NA
ENSDART00000063151	napgl	4	21.0	21.0	NA	NA	NA	NA	NA	NA	NA
ENSDART00000052239	ptpn2b	55	48.6	43.2	13.9	19.6	71.4	92.8	35.86	92.98	1.37454493765
ENSDART00000038767	mybbp1a	53	18.4	19.0	4.3	7.5	28.3	34.9	34.91	5.16	-2.75819738613
ENSDART00000130881	gabrr2a	6	21.5	22.6	NA	NA	NA	NA	NA	NA	NA
ENSDART00000130880	C21H5orf15	92	17.2	12.2	2.7	7.2	22.4	33.0	NA	NA	NA
ENSDART00000098925	vgll4l	1	101.9	101.9	NA	NA	NA	NA	NA	NA	NA
ENSDART00000055511	ergic3	144	32.1	23.5	5.9	10.9	47.1	68.2	14.43	9.37	-0.622950346832
ENSDART00000055510	ROMO1	399	29.5	25.8	6.6	14.2	40.7	53.3	172.88	53.14	-1.70190084437
ENSDART00000030453	dynlrb1	508	22.5	19.8	3.8	11.4	31.5	44.0	NA	NA	NA
ENSDART00000026276	cks1b	211	26.8	23.5	8.1	14.9	34.2	49.0	NA	NA	NA
ENSDART00000112867	nomo	15	52.3	53.2	21.1	36.6	66.6	80.9	4.84	15.98	1.72318845565
ENSDART00000026273	cd164	73	32.2	22.8	7.8	12.9	39.1	65.0	NA	NA	NA
ENSDART00000011663	snrpb	1393	72.5	75.1	11.7	36.2	104.2	126.4	334.73	1616.91	2.27216961544
ENSDART00000061001	gnb2l1	493	31.4	30.8	8.5	16.3	44.1	55.9	529.99	25.56	-4.37400539736
ENSDART00000122303	GEMIN6	149	56.3	50.5	10.6	21.5	83.4	112.7	NA	NA	NA
ENSDART00000153390	gpam	55	40.8	30.8	6.0	21.7	57.3	92.4	NA	NA	NA
ENSDART00000044462	max	875	26.7	22.4	6.4	12.7	36.0	52.2	92.23	184.54	1.00062555884
ENSDART00000091850	atrip	170	31.5	27.6	7.4	16.1	41.9	57.8	40.86	9.29	-2.13693870235
ENSDART00000092265	prcc	165	77.9	74.7	23.9	42.4	111.5	131.9	NA	NA	NA
ENSDART00000060174	jagn1a	16	11.5	8.1	-0.5	0.7	20.2	26.4	NA	NA	NA
ENSDART00000010143	SYS1	318	33.9	29.8	8.6	17.5	47.1	66.6	60.36	105.32	0.803114715519
ENSDART00000010140	igf2bp3	288	37.0	28.7	5.2	14.9	51.8	85.7	36.72	343.66	3.22634397641
ENSDART00000115072	tnip1	69	18.3	13.2	5.5	8.8	26.2	31.2	16.05	2.55	-2.65400414515
ENSDART00000115071	sepp1b	5	21.4	13.7	NA	NA	NA	NA	NA	NA	NA
ENSDART00000104686	AMBRA1	120	47.3	41.7	4.6	18.5	67.3	98.9	13.09	69.61	2.41082947767
ENSDART00000104687	pfn2	1815	32.7	28.3	8.2	15.1	45.5	63.4	88.62	772.96	3.12468952595
ENSDART00000080888	snf8	69	28.5	22.9	5.4	12.4	38.6	58.8	49.45	31.07	-0.670448279525
ENSDART00000103650	mafbb	25	24.9	19.7	9.2	11.4	34.6	43.5	NA	NA	NA
ENSDART00000104683	pbx4	111	45.3	37.4	4.8	18.3	62.0	99.8	19.57	72.79	1.89509650845
ENSDART00000103652	grin2ab	84	34.1	27.5	6.3	16.9	48.8	65.9	NA	NA	NA
ENSDART00000115078	thpo	1	15.1	15.1	NA	NA	NA	NA	NA	NA	NA
ENSDART00000082952	wbscr16	1	78.0	78.0	NA	NA	NA	NA	NA	NA	NA
ENSDART00000145404	crybb1	1	72.8	72.8	NA	NA	NA	NA	NA	NA	NA
ENSDART00000110266	pik3ap1	1	10.1	10.1	NA	NA	NA	NA	NA	NA	NA
ENSDART00000085675	clstn2	6	58.4	45.7	NA	NA	NA	NA	NA	NA	NA
ENSDART00000134820	foxp2	44	28.5	24.5	5.5	12.1	34.3	59.3	NA	NA	NA
ENSDART00000047094	GRIN2B	5	38.8	43.3	NA	NA	NA	NA	NA	NA	NA
ENSDART00000135616	dnajb2	5	11.8	6.8	NA	NA	NA	NA	NA	NA	NA
ENSDART00000108841	ZBTB41	7	35.6	33.1	NA	NA	NA	NA	NA	NA	NA
ENSDART00000135082	C10H5orf28	24	25.8	22.6	6.0	14.1	34.2	41.2	NA	NA	NA
ENSDART00000108514	ASXL2	26	16.2	10.5	1.6	5.2	17.4	25.6	NA	NA	NA
ENSDART00000108518	rnf10	37	73.8	68.5	20.9	52.8	109.6	122.5	5.19	9.2	0.825899322586
ENSDART00000127996	degs2	248	21.4	15.2	2.3	8.5	30.1	53.6	NA	NA	NA
ENSDART00000136902	txndc9	167	28.1	20.9	6.4	12.6	39.9	60.8	NA	NA	NA
ENSDART00000055186	ATP5J2	289	17.4	12.8	1.8	6.8	23.8	39.3	NA	NA	NA
ENSDART00000125795	FSD2	4	47.7	43.0	NA	NA	NA	NA	NA	NA	NA
ENSDART00000084503	TRMT10B	40	14.1	12.4	2.1	6.1	18.0	29.0	NA	NA	NA
ENSDART00000125790	NCBP1	271	46.3	37.7	6.8	15.0	71.2	103.0	26.88	104.85	1.96372181821
ENSDART00000125799	tex15	12	11.7	11.3	1.9	7.5	15.9	22.7	NA	NA	NA
ENSDART00000088364	KIF1A	14	22.4	19.7	6.4	11.4	26.5	41.0	NA	NA	NA
ENSDART00000060685	tmed10	157	35.9	25.9	10.7	16.5	46.4	76.0	34.37	122.89	1.83814576639
ENSDART00000033904	med29	198	18.5	15.0	3.1	8.6	26.1	36.0	38.16	15.22	-1.3260928125
ENSDART00000060689	eif2b2	61	14.0	12.5	1.9	4.9	16.3	28.6	NA	NA	NA
ENSDART00000039536	mrrf	11	15.1	13.0	-0.3	8.2	21.3	35.1	NA	NA	NA
ENSDART00000033902	phf11	20	21.8	18.2	5.5	7.3	30.3	44.2	NA	NA	NA
ENSDART00000065032	pip5k1ba	3	18.2	21.4	NA	NA	NA	NA	NA	NA	NA
ENSDART00000103434	C17H15orf41	199	13.9	10.4	2.2	6.1	18.0	28.9	NA	NA	NA
ENSDART00000078396	hmbsb	43	48.4	44.8	12.2	21.6	75.5	88.7	NA	NA	NA
ENSDART00000151026	SHF	24	25.0	20.5	8.9	15.0	30.5	51.1	NA	NA	NA
ENSDART00000111517	ctdp1	98	73.2	67.5	24.3	44.8	98.2	128.6	17.16	138.6	3.01380579953
ENSDART00000093247	GTF2A1L	0	NA	NA	NA	NA	NA	NA	6.46	2.64	-1.29099623534
ENSDART00000088179	nrxn3a	2	6.9	6.9	NA	NA	NA	NA	NA	NA	NA
ENSDART00000134819	SLC5A6	19	37.9	27.8	-4.2	18.2	62.6	79.5	NA	NA	NA
ENSDART00000037042	PDPR	34	40.7	27.6	9.7	13.9	57.0	86.7	9.63	15.09	0.647985102683
ENSDART00000004769	tmem180	70	39.5	29.2	8.1	17.1	60.4	80.8	9.24	13.29	0.52437634786
ENSDART00000061555	si:ch211-63o20.7	60	28.6	24.0	7.6	14.9	38.1	57.2	25.93	45.22	0.802338785898
ENSDART00000061557	elp3	106	49.1	41.8	11.9	23.9	73.8	92.1	NA	NA	NA
ENSDART00000030200	abhd14b	2	13.5	13.5	NA	NA	NA	NA	NA	NA	NA
ENSDART00000004816	SSBP4	20	44.1	35.5	3.0	8.4	77.4	101.0	NA	NA	NA
ENSDART00000003418	brms1la	160	27.7	21.2	5.6	14.9	37.0	56.3	41.79	18.54	-1.1725165147
ENSDART00000056721	ldhd	45	42.1	40.0	10.9	22.3	58.4	72.3	NA	NA	NA
ENSDART00000083534	GPATCH3	183	28.1	26.7	7.9	16.7	37.5	49.0	79.69	18.76	-2.08673886932
ENSDART00000083532	slc25a38a	7	34.4	40.8	NA	NA	NA	NA	NA	NA	NA
ENSDART00000018190	CCDC34	95	30.1	26.2	7.4	12.6	37.8	61.3	78.88	45.68	-0.788096901015
ENSDART00000083539	sin3aa	300	22.4	16.5	4.1	8.6	29.4	50.3	22.62	27.89	0.302149005038
ENSDART00000021997	med15	358	34.7	31.7	11.6	19.2	46.1	63.4	30.7	60.87	0.98749271022
ENSDART00000126516	cars	45	38.0	35.4	9.3	15.7	54.6	69.1	22.52	32.78	0.541609027019
ENSDART00000002763	cnn3a	255	22.1	18.4	5.9	10.5	31.9	42.3	16.26	47.61	1.54993737148
ENSDART00000131897	nf1b	4	51.9	50.7	NA	NA	NA	NA	NA	NA	NA
ENSDART00000082223	tax1bp3	37	112.5	117.7	52.8	78.5	139.4	165.2	NA	NA	NA
ENSDART00000146136	ube2l3b	385	26.8	21.2	4.6	11.9	34.7	58.2	NA	NA	NA
ENSDART00000050070	pigf	7	27.8	27.1	NA	NA	NA	NA	NA	NA	NA
ENSDART00000050074	mfsd8	208	108.2	116.6	40.2	81.1	141.1	158.7	7.97	48.44	2.6035472357
ENSDART00000073707	stx3a	171	12.2	11.3	1.0	6.1	17.1	25.5	NA	NA	NA
ENSDART00000073704	C19H6orf136	291	30.3	25.3	6.7	14.4	41.2	59.3	NA	NA	NA
ENSDART00000053003	hexim1	295	35.4	32.0	7.7	17.5	52.5	66.0	67.09	69.1	0.0425879669235
ENSDART00000053001	tcn2l	49	29.7	33.8	10.5	15.1	40.0	51.3	NA	NA	NA
ENSDART00000102746	rbm14b	92	55.4	30.3	4.9	12.5	94.8	137.8	16.38	169.04	3.36735741029
ENSDART00000083281	mul1b	114	28.8	24.3	6.0	13.2	45.7	56.4	NA	NA	NA
ENSDART00000012450	dvl2	77	64.9	55.8	10.5	25.1	104.9	126.5	14.93	91.75	2.61949399248
ENSDART00000126470	zgc:85777	8	29.6	27.4	NA	NA	NA	NA	NA	NA	NA
ENSDART00000123957	dclk1a	3	99.6	135.7	NA	NA	NA	NA	NA	NA	NA
ENSDART00000114851	ccdc85cb	17	31.7	27.0	12.2	22.7	44.1	50.5	NA	NA	NA
ENSDART00000114934	c6ast3	3	24.2	14.7	NA	NA	NA	NA	NA	NA	NA
ENSDART00000113617	zmiz1a	65	25.3	18.4	8.3	12.4	33.3	51.1	NA	NA	NA
ENSDART00000113616	zgc:171426	3	20.5	23.5	NA	NA	NA	NA	25.67	1.69	-3.92498814429
ENSDART00000083263	flii	237	60.2	50.0	7.9	17.4	95.8	135.1	17.02	143.81	3.07886105665
ENSDART00000036318	cbln13	24	26.5	20.4	3.8	13.9	38.2	53.6	NA	NA	NA
ENSDART00000020725	SMARCA1	4	72.2	65.2	NA	NA	NA	NA	NA	NA	NA
ENSDART00000019413	ndufa9	512	41.3	35.5	9.7	18.6	59.5	81.6	44.04	40.76	-0.111660417399
ENSDART00000038824	tmtopsb	1	20.5	20.5	NA	NA	NA	NA	NA	NA	NA
ENSDART00000145399	tpd52l2b	139	49.3	24.4	4.1	10.3	74.0	148.1	NA	NA	NA
ENSDART00000110001	acbd4	4	17.1	17.3	NA	NA	NA	NA	NA	NA	NA
ENSDART00000097767	pmt	1	5.9	5.9	NA	NA	NA	NA	NA	NA	NA
ENSDART00000059636	CHCHD4	68	27.8	27.0	9.0	16.5	37.4	49.9	NA	NA	NA
ENSDART00000059872	PPP1R35	11	9.2	10.0	0.6	5.9	12.9	15.9	NA	NA	NA
ENSDART00000024657	adarb1b	27	61.1	43.1	-0.1	15.7	110.9	137.0	NA	NA	NA
ENSDART00000077420	dtnbp1a	107	34.8	27.3	5.9	15.4	48.8	71.1	NA	NA	NA
ENSDART00000017359	sfpq	223	56.4	47.4	13.6	24.1	83.2	110.5	55.72	184.22	1.72516253429
ENSDART00000009500	aif1l	184	40.7	19.5	-2.5	7.2	57.2	115.7	97.84	1106.71	3.49970901673
ENSDART00000054619	prps1b	186	50.6	47.5	15.6	25.1	67.3	88.5	21.87	80.98	1.88861242263
ENSDART00000143300	brd7	273	49.1	36.5	6.8	14.8	75.3	113.1	82.66	85.44	0.047722283313
ENSDART00000113031	wasf2	383	63.4	59.8	18.1	37.6	88.3	110.3	33.82	281.06	3.05492958147
ENSDART00000140093	rims2b	2	32.2	32.2	NA	NA	NA	NA	NA	NA	NA
ENSDART00000065544	BUD13	35	37.4	29.8	8.4	18.1	41.4	72.7	29.48	21.79	-0.436070327979
ENSDART00000042386	CABZ01038514.1	3	17.1	14.4	NA	NA	NA	NA	NA	NA	NA
ENSDART00000106445	zgc:174268	40	31.6	25.1	7.4	12.4	50.1	62.2	NA	NA	NA
ENSDART00000047653	tfpia	1	16.7	16.7	NA	NA	NA	NA	NA	NA	NA
ENSDART00000013170	KIF26B	4	20.9	21.2	NA	NA	NA	NA	NA	NA	NA
ENSDART00000079424	GATC	44	13.8	13.7	4.0	7.7	17.9	23.5	NA	NA	NA
ENSDART00000052750	ADAMTSL3	3	18.2	24.5	NA	NA	NA	NA	NA	NA	NA
ENSDART00000002622	oclna	637	72.3	75.4	8.4	27.1	112.0	133.2	43.18	520.75	3.59215578579
ENSDART00000079131	cdyl	152	24.8	20.0	2.1	10.6	34.3	50.4	NA	NA	NA
ENSDART00000062858	adoa	25	14.2	10.2	2.2	8.3	24.6	29.2	NA	NA	NA
ENSDART00000062854	nfe2l2a	9	29.4	9.8	NA	NA	NA	NA	NA	NA	NA
ENSDART00000062855	egr2b	2	25.3	25.3	NA	NA	NA	NA	NA	NA	NA
ENSDART00000062856	RNF169	43	39.5	36.3	9.4	17.6	51.6	72.2	NA	NA	NA
ENSDART00000079138	ptenb	153	34.3	23.8	7.0	12.7	47.1	82.2	NA	NA	NA
ENSDART00000062850	agps	265	18.1	16.6	6.5	11.2	22.8	31.6	49.24	3.27	-3.91246822099
ENSDART00000062852	spcs2	340	22.4	18.7	5.7	10.5	29.8	45.6	57.9	116.87	1.01326939078
ENSDART00000112692	TMEM116	13	10.4	12.5	-9.4	7.2	15.7	18.6	NA	NA	NA
ENSDART00000152363	rhoga	1	24.1	24.1	NA	NA	NA	NA	NA	NA	NA
ENSDART00000105362	snx11	47	25.7	16.9	3.9	9.8	37.6	48.0	NA	NA	NA
ENSDART00000112695	tfe3a	16	29.0	24.4	10.6	12.7	39.2	54.0	NA	NA	NA
ENSDART00000049045	matn1	1	42.9	42.9	NA	NA	NA	NA	NA	NA	NA
ENSDART00000139491	prdm1c	13	25.7	19.5	9.8	13.9	28.9	55.3	NA	NA	NA
ENSDART00000131443	dpm2	99	21.4	16.1	2.2	8.4	26.5	48.8	NA	NA	NA
ENSDART00000139617	vps33a	1	21.6	21.6	NA	NA	NA	NA	NA	NA	NA
ENSDART00000065488	tex261	579	25.2	18.7	5.0	11.2	33.8	54.7	49.45	66.26	0.422167682435
ENSDART00000017576	fahd2a	10	50.8	54.4	-6.1	19.8	82.2	102.0	NA	NA	NA
ENSDART00000008920	rab11al	345	20.4	17.3	4.6	10.2	26.4	39.6	NA	NA	NA
ENSDART00000088881	git2a	36	16.0	15.7	-0.8	7.2	20.3	34.7	NA	NA	NA
ENSDART00000088884	fbxl22	4	24.0	19.5	NA	NA	NA	NA	NA	NA	NA
ENSDART00000111358	C8H9orf3	8	40.2	45.1	NA	NA	NA	NA	NA	NA	NA
ENSDART00000111359	fbxo21	51	39.0	39.9	9.3	21.1	52.0	70.7	NA	NA	NA
ENSDART00000077047	btr09	20	23.2	22.0	8.1	10.4	26.9	47.9	NA	NA	NA
ENSDART00000122665	mta3	1	49.3	49.3	NA	NA	NA	NA	38.84	48.06	0.307293447711
ENSDART00000113032	ADCK2	91	33.7	32.0	9.6	20.2	44.8	64.2	NA	NA	NA
ENSDART00000025295	mif4gda	1	44.4	44.4	NA	NA	NA	NA	NA	NA	NA
ENSDART00000151625	si:ch211-157c3.4	84	33.1	28.6	7.0	15.8	49.7	68.6	NA	NA	NA
ENSDART00000138524	r3hcc1	1	24.5	24.5	NA	NA	NA	NA	NA	NA	NA
ENSDART00000138527	rab20	128	31.7	25.5	6.1	12.9	41.4	54.8	NA	NA	NA
ENSDART00000115132	RIC3	4	59.5	57.5	NA	NA	NA	NA	NA	NA	NA
ENSDART00000101316	ZNF618	68	35.5	28.8	9.4	18.9	39.0	74.7	NA	NA	NA
ENSDART00000138523	btr04	6	33.3	38.3	NA	NA	NA	NA	58.59	17.5	-1.74329952789
ENSDART00000052539	myo1ea	5	28.4	23.2	NA	NA	NA	NA	NA	NA	NA
ENSDART00000130409	jhdm1da	9	36.3	27.2	NA	NA	NA	NA	NA	NA	NA
ENSDART00000023639	nkx2.7	2	3.5	3.5	NA	NA	NA	NA	NA	NA	NA
ENSDART00000002244	sf3b5	150	107.5	107.9	54.4	83.3	135.4	157.3	91.55	481.66	2.39538332752
ENSDART00000133703	cdk5rap3	135	21.3	17.6	3.9	10.9	29.7	41.6	50.67	12.16	-2.05898860008
ENSDART00000112846	dnajc6	64	33.7	24.2	6.2	16.1	48.9	70.8	NA	NA	NA
ENSDART00000062706	tmem189	176	34.1	26.5	9.2	16.9	43.2	73.9	NA	NA	NA
ENSDART00000090930	nkain4	80	31.2	24.2	7.5	12.1	40.5	73.0	NA	NA	NA
ENSDART00000122663	sppl3	336	69.6	70.4	12.3	34.9	100.5	124.8	15.32	158.18	3.36807899715
ENSDART00000112529	AL929115.2	109	34.1	31.5	12.0	19.2	47.2	64.5	NA	NA	NA
ENSDART00000079734	hadhaa	80	45.9	43.2	11.9	20.2	69.3	88.6	NA	NA	NA
ENSDART00000128110	caprin1a	9	63.2	52.7	NA	NA	NA	NA	8.42	109.83	3.70530813596
ENSDART00000016515	dnajc5ab	264	30.6	23.3	5.0	12.8	42.2	67.2	NA	NA	NA
ENSDART00000002241	chico	66	21.6	16.3	3.8	9.3	28.0	39.3	NA	NA	NA
ENSDART00000049626	mcm2	496	16.0	13.5	2.2	7.3	21.9	31.8	47.98	7.2	-2.73636434596
ENSDART00000128117	mea1	88	29.8	23.5	7.3	16.2	35.0	60.3	NA	NA	NA
ENSDART00000114097	STIM2	2	56.1	56.1	NA	NA	NA	NA	NA	NA	NA
ENSDART00000134190	sort1b	7	43.6	43.1	NA	NA	NA	NA	NA	NA	NA
ENSDART00000088777	atp13a2	126	73.4	75.1	28.4	51.8	90.2	108.7	11.6	22.38	0.948085230961
ENSDART00000010992	nudc	789	31.4	28.0	9.8	16.7	42.3	58.3	265.74	85.47	-1.63652537556
ENSDART00000010993	slc20a1a	1	70.3	70.3	NA	NA	NA	NA	NA	NA	NA
ENSDART00000088419	march2	64	32.9	30.0	1.9	13.4	43.6	67.4	NA	NA	NA
ENSDART00000025749	ttc9c	453	18.7	16.7	5.8	10.9	24.4	34.7	NA	NA	NA
ENSDART00000006505	mxtx2	1	8.3	8.3	NA	NA	NA	NA	NA	NA	NA
ENSDART00000006058	eif2s1a	555	21.8	19.6	7.1	12.5	28.9	39.3	326.81	66.57	-2.29550805555
ENSDART00000058325	lamtor2	231	25.5	22.2	6.2	14.4	33.0	48.4	72.12	81.49	0.176223633916
ENSDART00000086961	vps45	63	17.0	14.8	4.8	9.3	23.0	32.4	NA	NA	NA
ENSDART00000114209	gdf10b	12	22.9	17.1	5.7	14.1	36.8	40.4	NA	NA	NA
ENSDART00000082780	CR848706.1	150	25.0	22.0	4.8	11.6	33.3	48.8	NA	NA	NA
ENSDART00000114203	MAN2B2	138	14.6	12.1	-0.3	5.6	19.6	28.4	14.19	2.41	-2.55776953783
ENSDART00000114204	CU633999.1	1	-1.5	-1.5	NA	NA	NA	NA	NA	NA	NA
ENSDART00000062143	ARF4	291	49.9	40.5	10.4	22.3	72.4	106.1	NA	NA	NA
ENSDART00000056065	cnpy2	147	16.5	14.3	4.6	9.6	20.3	29.2	NA	NA	NA
ENSDART00000062146	ppp2cb	952	17.8	15.4	4.1	8.4	24.3	33.7	291.24	8.71	-5.06339198527
ENSDART00000090689	brat1	51	35.1	28.7	4.7	15.2	40.7	70.1	NA	NA	NA
ENSDART00000063264	zgc:136911	2	7.1	7.1	NA	NA	NA	NA	NA	NA	NA
ENSDART00000056858	BOLA3	405	23.8	20.8	7.9	13.1	30.5	43.1	NA	NA	NA
ENSDART00000064463	timm10b	569	29.6	27.0	7.4	14.3	43.4	56.4	NA	NA	NA
ENSDART00000136585	slc9a7	93	34.1	25.5	4.1	11.1	49.5	78.9	NA	NA	NA
ENSDART00000064461	st6galnac4	9	43.6	43.9	NA	NA	NA	NA	NA	NA	NA
ENSDART00000129593	CABZ01070579.1	214	40.3	33.4	9.1	15.8	55.5	89.4	15.4	70.96	2.20407565872
ENSDART00000039055	rnf170	70	18.7	16.3	3.1	7.2	24.4	38.7	20.91	0.83	-4.65493791524
ENSDART00000123797	pcp4b	3	38.8	42.0	NA	NA	NA	NA	NA	NA	NA
ENSDART00000061843	smek1	210	96.7	103.3	22.0	56.2	133.5	154.8	67.29	234.05	1.79835273879
ENSDART00000099262	tcf7l1a	70	50.6	45.7	9.4	26.0	69.7	103.3	10.56	60.65	2.52189781065
ENSDART00000129878	zdhhc8b	101	23.9	21.3	5.2	11.5	29.2	48.1	11.71	12.3	0.0709172397254
ENSDART00000008297	ck2a1	803	26.6	20.1	5.9	12.2	35.7	54.2	115.1	187.99	0.707768087294
ENSDART00000104160	SFT2D2	321	13.1	10.1	2.0	5.9	15.6	27.8	NA	NA	NA
ENSDART00000063817	ndufb11	326	21.9	19.8	5.2	11.2	30.1	42.9	50.24	27.51	-0.868880324575
ENSDART00000067841	zgc:112038	5	35.0	35.3	NA	NA	NA	NA	NA	NA	NA
ENSDART00000067843	C8H12orf43	296	36.9	33.1	10.7	20.7	48.8	64.9	276.93	24.61	-3.49220478732
ENSDART00000067517	DEPDC7	167	11.2	9.3	-0.5	4.1	15.5	22.9	NA	NA	NA
ENSDART00000067514	rbpms2a	270	22.6	19.5	6.7	12.7	32.2	40.5	NA	NA	NA
ENSDART00000138678	si:dkey-208k4.2	537	25.2	23.0	3.9	11.4	35.3	49.8	NA	NA	NA
ENSDART00000012284	cyp2aa3	12	15.6	10.1	0.7	6.7	24.9	30.5	NA	NA	NA
ENSDART00000046268	pmelb	1	84.8	84.8	NA	NA	NA	NA	NA	NA	NA
ENSDART00000084081	ogg1	2	13.5	13.5	NA	NA	NA	NA	NA	NA	NA
ENSDART00000050906	lrwd1	3	56.2	51.5	NA	NA	NA	NA	NA	NA	NA
ENSDART00000140799	zgc:85858	73	26.5	21.3	4.4	8.2	40.0	58.6	NA	NA	NA
ENSDART00000101470	itm2bb	3	33.7	19.2	NA	NA	NA	NA	NA	NA	NA
ENSDART00000031194	lysmd3	453	32.6	28.2	6.4	15.3	45.6	67.1	85.57	68.27	-0.325853338706
ENSDART00000129591	dennd4a	7	27.2	20.9	NA	NA	NA	NA	NA	NA	NA
ENSDART00000127483	CR388126.1	2	12.7	12.7	NA	NA	NA	NA	NA	NA	NA
ENSDART00000136059	znf395a	187	68.5	58.9	12.1	23.9	111.6	137.7	29.98	383.5	3.67715428933
ENSDART00000136057	arf1l	585	37.7	29.0	7.9	16.0	53.5	79.2	35.61	258.16	2.85791114212
ENSDART00000042970	atf4b1	24	20.4	16.4	5.6	8.1	27.7	42.6	NA	NA	NA
ENSDART00000127488	slc4a2b	193	82.7	93.0	10.2	31.9	127.0	150.4	12.29	96.96	2.9799047831
ENSDART00000023038	dacha	12	39.7	39.6	0.3	18.1	63.6	71.3	NA	NA	NA
ENSDART00000144479	gata2b	3	36.8	22.3	NA	NA	NA	NA	NA	NA	NA
ENSDART00000123172	cltcb	172	29.9	26.8	8.9	16.3	37.6	53.1	15.82	18.68	0.239744855237
ENSDART00000123170	celf1	410	35.4	19.1	4.2	10.6	42.1	95.8	17.97	276.29	3.94252103244
ENSDART00000113375	si:ch211-113a14.19	13	23.2	13.6	-0.8	8.7	18.9	72.8	NA	NA	NA
ENSDART00000144283	myof	190	21.5	18.5	3.2	9.9	29.8	45.5	18.03	18.7	0.0526388733427
ENSDART00000113852	PWWP2A	465	38.1	32.5	9.8	16.4	53.4	77.8	21.43	13.58	-0.658148370432
ENSDART00000055961	thg1l	95	23.0	19.5	6.1	12.0	30.6	43.5	NA	NA	NA
ENSDART00000027605	tmem161a	109	48.5	47.2	9.4	21.5	70.0	83.8	NA	NA	NA
ENSDART00000127508	thnsl2	1	26.6	26.6	NA	NA	NA	NA	NA	NA	NA
ENSDART00000020928	mrpl3	383	13.8	10.8	1.8	5.0	18.0	31.3	72.98	6.61	-3.46477897408
ENSDART00000088011	tmem2	247	25.7	21.4	6.3	11.6	34.5	50.7	8.64	4.42	-0.966984942772
ENSDART00000105745	inppl1b	16	41.3	27.7	10.0	15.6	66.7	91.7	NA	NA	NA
ENSDART00000084268	fam98b	70	22.6	15.6	5.3	9.8	29.8	47.2	22.83	9.18	-1.31436480081
ENSDART00000112980	mrps11	178	29.1	24.8	8.6	14.9	39.4	56.6	41.7	34.66	-0.266775729172
ENSDART00000081568	tcf19l	384	29.4	24.6	5.3	14.2	41.9	59.9	NA	NA	NA
ENSDART00000100516	stap2b	106	18.1	16.4	4.9	9.7	25.0	32.0	NA	NA	NA
ENSDART00000081561	ilf3a	80	109.7	118.3	45.8	83.1	143.7	157.5	16.7	200.16	3.5832336868
ENSDART00000110582	fam160a2	29	31.7	19.3	3.6	8.0	50.3	82.8	NA	NA	NA
ENSDART00000056538	zgc:55733	421	70.0	68.4	10.9	26.0	105.1	131.8	58.58	511.55	3.12639516066
ENSDART00000105835	tusc2b	128	16.6	12.8	1.5	5.9	21.1	35.0	NA	NA	NA
ENSDART00000102556	tor3a	5	19.9	23.4	NA	NA	NA	NA	NA	NA	NA
ENSDART00000031993	ITPR1	43	29.9	26.2	7.6	16.3	42.2	67.2	NA	NA	NA
ENSDART00000031992	rgs14a	99	26.0	23.2	10.3	15.9	33.1	44.5	NA	NA	NA
ENSDART00000149842	MEPCE	445	41.1	32.3	9.9	18.3	59.0	88.4	98.02	120.55	0.29848359908
ENSDART00000010282	cbr1l	166	23.5	21.7	7.7	12.4	31.7	44.8	45.85	22.73	-1.01232404966
ENSDART00000060547	stx8	236	21.9	20.2	5.7	11.4	29.3	39.8	NA	NA	NA
ENSDART00000127834	zeb2a	6	24.4	19.4	NA	NA	NA	NA	NA	NA	NA
ENSDART00000106205	ids	142	13.5	11.5	2.5	5.7	20.0	27.1	NA	NA	NA
ENSDART00000060549	wdr16	1	37.9	37.9	NA	NA	NA	NA	NA	NA	NA
ENSDART00000146309	znf593	626	19.6	17.1	5.4	10.8	25.6	36.2	114.54	41.13	-1.47758853162
ENSDART00000113582	git2b	60	29.7	25.1	8.1	11.5	42.1	57.9	NA	NA	NA
ENSDART00000082481	dnajc8	173	34.8	21.8	5.4	11.5	47.6	81.0	115.21	95.99	-0.263309922904
ENSDART00000113589	gpx4b	453	18.4	14.7	3.7	8.6	24.8	34.9	124.39	43.38	-1.51976855041
ENSDART00000146306	slc6a6a	1	86.4	86.4	NA	NA	NA	NA	NA	NA	NA
ENSDART00000037698	uck2b	169	36.4	27.8	5.2	12.4	51.5	91.1	32.56	240.14	2.88270312786
ENSDART00000019450	trpc4apa	254	57.9	35.2	11.0	18.3	90.3	141.3	11.76	255.01	4.43859385696
ENSDART00000075905	hnrnpc	1236	34.1	29.1	6.7	14.7	48.0	69.9	179.16	648.42	1.85568001902
ENSDART00000019104	fbp2	68	33.0	28.9	12.5	20.9	45.9	52.7	NA	NA	NA
ENSDART00000075903	crlf3	76	46.2	28.4	6.1	15.1	58.6	114.4	12.7	86.18	2.76252460145
ENSDART00000041833	fitm2	42	33.6	30.1	10.5	15.6	44.8	59.8	NA	NA	NA
ENSDART00000019455	csrp1a	326	22.2	19.6	6.6	11.9	29.1	41.2	NA	NA	NA
ENSDART00000061947	FRMD4B	129	56.6	49.0	11.5	26.8	72.6	94.8	9.97	78.89	2.98417702783
ENSDART00000014465	hip1	158	29.9	20.0	4.1	10.6	35.9	63.1	14.71	66.6	2.1787249307
ENSDART00000012820	snupn	516	84.1	85.9	29.2	58.6	110.9	132.8	41.7	307.44	2.88218559273
ENSDART00000012826	pex3	184	21.5	19.7	7.1	12.6	29.1	38.7	NA	NA	NA
ENSDART00000126118	trove2	54	33.8	32.8	9.9	17.5	46.4	61.7	NA	NA	NA
ENSDART00000026559	cd9b	926	47.2	43.0	12.7	23.9	66.0	88.0	83.47	360.19	2.10942845206
ENSDART00000093304	nrm	11	34.6	35.4	9.5	14.0	49.6	61.1	NA	NA	NA
ENSDART00000050912	pex12	169	15.8	12.4	2.6	7.8	23.2	32.6	NA	NA	NA
ENSDART00000040305	diaph3	20	14.3	11.2	5.1	8.4	17.2	27.7	NA	NA	NA
ENSDART00000040307	tdrd7	215	36.2	26.3	6.4	15.2	47.2	79.9	34.39	130.42	1.92310410387
ENSDART00000112368	znf687a	123	30.5	26.0	5.4	13.9	42.1	66.1	NA	NA	NA
ENSDART00000012037	CHRNA10	1	49.6	49.6	NA	NA	NA	NA	NA	NA	NA
ENSDART00000139589	polh	107	20.5	18.9	5.6	9.8	28.0	37.4	NA	NA	NA
ENSDART00000040308	ptbp3	35	34.8	24.9	3.1	9.7	59.5	75.5	NA	NA	NA
ENSDART00000126859	zgc:174651	9	22.4	21.9	NA	NA	NA	NA	NA	NA	NA
ENSDART00000135710	atad5b	108	21.5	20.3	2.2	8.0	32.0	41.4	NA	NA	NA
ENSDART00000133705	psmc3	215	59.1	55.0	17.1	30.8	86.2	107.3	48.55	274.53	2.49942061145
ENSDART00000103355	rhov	58	17.8	12.5	2.4	6.1	20.6	39.6	NA	NA	NA
ENSDART00000103350	numb	72	90.5	99.5	22.1	54.7	124.6	155.4	NA	NA	NA
ENSDART00000103352	vps18	199	46.7	40.0	14.0	24.7	65.1	89.5	30.47	43.6	0.516938634978
ENSDART00000111986	cdc123	59	21.3	17.7	2.3	10.2	29.4	42.1	NA	NA	NA
ENSDART00000135800	vwa9	213	31.0	29.0	7.8	15.2	42.7	55.1	30.78	29.56	-0.0583469621821
ENSDART00000075632	creb1a	88	20.2	16.4	3.0	7.9	26.0	46.6	25.63	8.91	-1.52433614177
ENSDART00000135294	NEK11	12	18.3	15.2	7.9	10.2	26.5	32.1	NA	NA	NA
ENSDART00000112321	SAMD5	18	30.2	28.4	18.6	21.0	37.9	43.5	NA	NA	NA
ENSDART00000112327	akap17a	219	32.8	26.7	9.0	16.8	40.2	68.1	45.18	32.66	-0.468159479831
ENSDART00000026516	pxmp2	87	34.7	31.4	8.2	16.2	51.7	65.0	NA	NA	NA
ENSDART00000077853	hic1	51	20.5	18.9	2.6	6.8	28.4	41.4	NA	NA	NA
ENSDART00000132341	coq4	47	15.7	11.7	2.5	6.4	22.7	33.8	NA	NA	NA
ENSDART00000004379	nol10	89	20.2	16.1	1.5	8.1	29.8	43.3	25.59	8.65	-1.56480810952
ENSDART00000137267	si:dkey-125i10.3	3	45.8	20.6	NA	NA	NA	NA	NA	NA	NA
ENSDART00000077854	mdm2	294	26.4	23.7	6.4	13.6	35.6	50.9	33.96	36.76	0.114300307736
ENSDART00000026258	adipor1a	441	24.7	21.3	5.8	11.7	34.3	51.5	NA	NA	NA
ENSDART00000057067	tyr	10	20.6	22.6	5.6	10.2	29.2	32.4	NA	NA	NA
ENSDART00000130279	PHLDB3	48	13.4	11.7	2.0	6.7	18.6	28.9	NA	NA	NA
ENSDART00000125436	FARS2	12	17.5	16.1	5.8	6.5	23.9	25.2	NA	NA	NA
ENSDART00000130271	sox7	2	22.3	22.3	NA	NA	NA	NA	NA	NA	NA
ENSDART00000130273	CABZ01080457.1	18	23.2	24.4	0.9	17.9	33.1	38.6	NA	NA	NA
ENSDART00000024208	nutf2l	2278	13.1	11.1	2.8	6.7	17.1	24.8	167.67	29.51	-2.50634875495
ENSDART00000147951	efna5a	29	24.3	22.2	5.3	11.7	33.2	52.9	NA	NA	NA
ENSDART00000092105	agpat5	197	63.0	57.7	10.3	25.4	91.4	118.8	NA	NA	NA
ENSDART00000112068	defbl1	1	23.2	23.2	NA	NA	NA	NA	NA	NA	NA
ENSDART00000141828	ano5b	126	32.3	24.3	6.3	15.4	43.9	68.2	NA	NA	NA
ENSDART00000141824	sftpba	1	50.6	50.6	NA	NA	NA	NA	NA	NA	NA
ENSDART00000132696	nckap1	84	50.4	38.5	9.4	23.0	79.1	105.2	10.31	96.74	3.23006820508
ENSDART00000065918	si:rp71-1h20.5	3	21.6	23.6	NA	NA	NA	NA	NA	NA	NA
ENSDART00000087964	CACHD1	37	50.1	37.5	8.8	17.0	84.8	101.0	17.21	80.02	2.21711353131
ENSDART00000055379	dvr1	1592	43.1	40.1	15.3	25.7	55.6	72.6	395.65	805.08	1.0249073923
ENSDART00000101266	zgc:165409	118	18.1	14.4	1.8	6.4	26.4	35.4	NA	NA	NA
ENSDART00000101265	pik3c3	81	14.8	12.7	2.8	8.0	18.2	28.7	NA	NA	NA
ENSDART00000101263	ube2g1b	120	49.3	29.4	7.2	15.2	69.0	135.3	NA	NA	NA
ENSDART00000101261	spp1	1	61.5	61.5	NA	NA	NA	NA	NA	NA	NA
ENSDART00000073399	C25H19orf40	28	19.4	16.1	8.5	12.1	24.2	27.1	NA	NA	NA
ENSDART00000122965	CABZ01069576.1	15	29.0	28.2	2.2	10.8	44.2	55.2	NA	NA	NA
ENSDART00000122964	CABZ01077449.1	1	39.3	39.3	NA	NA	NA	NA	NA	NA	NA
ENSDART00000039832	tgfbr2	138	21.1	16.4	5.5	10.9	27.8	39.8	NA	NA	NA
ENSDART00000125241	dbnlb	323	32.9	26.9	8.3	17.1	43.7	66.4	15.11	28.66	0.923534949097
ENSDART00000099463	lysmd4	16	28.3	27.9	9.9	19.3	37.8	45.7	NA	NA	NA
ENSDART00000099462	gpr85	3	54.0	44.7	NA	NA	NA	NA	NA	NA	NA
ENSDART00000109247	anapc1	104	23.9	21.4	7.1	14.6	31.4	45.4	12.15	6.52	-0.898012444262
ENSDART00000099467	ifrd1	47	18.0	13.1	2.4	6.1	20.2	47.4	NA	NA	NA
ENSDART00000065256	ppig	202	49.1	45.1	16.3	26.6	67.6	89.6	117.92	70.68	-0.738434484543
ENSDART00000109243	SEMA4B	59	20.3	16.4	3.2	7.2	28.3	40.2	7.4	6.22	-0.250610690386
ENSDART00000088963	golgb1	35	43.8	36.2	9.5	20.5	57.3	79.2	20.37	13.64	-0.578602335942
ENSDART00000109249	cenpo	39	19.6	15.6	4.6	9.8	29.1	40.6	NA	NA	NA
ENSDART00000109248	spen	96	25.9	18.9	3.5	8.7	37.1	54.5	9.03	6.22	-0.53781140735
ENSDART00000091652	hyal2	41	18.1	15.5	5.0	7.4	23.2	33.7	NA	NA	NA
ENSDART00000078610	zgc:73228	39	32.8	30.0	12.7	18.4	47.2	58.7	NA	NA	NA
ENSDART00000113697	eif4ea	110	20.7	18.8	6.2	11.4	27.7	39.4	NA	NA	NA
ENSDART00000008840	otof	10	49.2	42.6	18.8	25.0	50.8	108.8	NA	NA	NA
ENSDART00000079631	rad21l1	118	16.9	13.3	2.5	7.1	23.3	38.2	NA	NA	NA
ENSDART00000138065	TMPPE	3	50.3	22.5	NA	NA	NA	NA	NA	NA	NA
ENSDART00000051546	rps6ka3a	213	29.2	19.4	5.7	10.2	37.8	56.6	28.94	218.57	2.91695856936
ENSDART00000076101	slc15a4	1	17.9	17.9	NA	NA	NA	NA	NA	NA	NA
ENSDART00000065255	BX890577.2	117	22.5	15.7	4.5	10.0	27.7	50.3	NA	NA	NA
ENSDART00000097486	tmem141	19	27.4	20.6	14.0	17.4	35.3	40.3	NA	NA	NA
ENSDART00000142223	hivep3b	26	34.0	24.5	8.9	11.4	48.1	74.4	NA	NA	NA
ENSDART00000142226	pmp22a	16	22.4	21.4	2.5	11.6	35.0	39.2	NA	NA	NA
ENSDART00000142227	mxe	1	41.7	41.7	NA	NA	NA	NA	NA	NA	NA
ENSDART00000041304	apg3l	536	16.7	15.1	3.8	8.3	22.9	30.5	NA	NA	NA
ENSDART00000037846	FOCAD	80	26.4	24.9	6.2	15.7	35.7	48.6	5.3	2.13	-1.31513892922
ENSDART00000056882	cul3a	165	35.0	32.6	10.3	20.2	46.5	61.7	56.86	38.25	-0.57195435121
ENSDART00000053617	TATDN1	46	13.9	9.8	2.0	5.3	19.1	27.1	NA	NA	NA
ENSDART00000077670	acss3	20	41.9	33.7	9.7	14.1	79.5	82.5	NA	NA	NA
ENSDART00000131582	cbx3b	73	51.9	39.1	8.2	15.2	88.7	111.3	NA	NA	NA
ENSDART00000099794	mettl5	358	37.1	33.5	9.3	18.6	50.8	70.3	132.1	72.56	-0.864384105606
ENSDART00000026106	txlnbb	22	13.1	11.4	0.4	5.8	23.0	28.2	NA	NA	NA
ENSDART00000099790	adcy1a	3	38.7	39.5	NA	NA	NA	NA	NA	NA	NA
ENSDART00000099792	sostdc1a	21	25.9	26.2	9.5	14.6	33.6	44.1	NA	NA	NA
ENSDART00000006990	elovl5	7	28.7	23.2	NA	NA	NA	NA	NA	NA	NA
ENSDART00000003745	vim	2	21.6	21.6	NA	NA	NA	NA	NA	NA	NA
ENSDART00000054026	rcc1	304	113.4	130.5	11.4	61.6	166.4	187.8	122.39	1331.76	3.44377652285
ENSDART00000048050	ITGB1BP2	5	39.7	39.8	NA	NA	NA	NA	NA	NA	NA
ENSDART00000130083	lsm8	271	38.2	30.8	6.1	14.8	59.9	78.7	96.44	170.66	0.823421397075
ENSDART00000006648	mnat1	195	23.3	18.3	5.6	11.6	30.4	44.8	NA	NA	NA
ENSDART00000129189	slc25a38b	194	52.9	47.9	9.1	23.6	76.9	109.1	NA	NA	NA
ENSDART00000129634	npm1a	1425	49.2	40.5	12.2	22.9	70.4	98.6	142.2	616.04	2.11510256442
ENSDART00000084861	cish	127	43.6	35.6	8.5	22.9	59.5	85.5	NA	NA	NA
ENSDART00000062338	si:dkey-11e23.4	31	32.0	28.9	5.2	13.1	40.8	59.5	NA	NA	NA
ENSDART00000073947	pbx1a	5	9.8	12.9	NA	NA	NA	NA	NA	NA	NA
ENSDART00000126186	psmd12	435	28.4	23.7	6.8	12.9	38.1	56.7	54.35	151.83	1.48210493982
ENSDART00000011906	SLC35A3	51	20.5	19.2	4.6	9.0	27.5	41.3	NA	NA	NA
ENSDART00000084868	scn4bb	4	22.3	16.5	NA	NA	NA	NA	NA	NA	NA
ENSDART00000062335	glod4	111	17.5	15.1	4.7	9.1	25.1	34.8	NA	NA	NA
ENSDART00000150490	FAR2	1	33.9	33.9	NA	NA	NA	NA	NA	NA	NA
ENSDART00000050871	rgs3b	20	39.1	24.0	9.5	14.7	67.9	79.2	NA	NA	NA
ENSDART00000110213	trappc9	39	22.2	15.4	5.2	10.5	27.6	36.0	NA	NA	NA
ENSDART00000058290	dhdds	245	27.3	24.4	7.6	13.3	37.3	50.8	73.22	9.3	-2.97693515231
ENSDART00000056089	si:zfos-1505d6.3	128	74.2	77.8	32.7	53.4	94.6	109.1	8.68	0.33	-4.71715711309
ENSDART00000037824	lsm4	475	69.5	65.5	14.9	29.4	106.2	130.1	128.99	379.14	1.55547144715
ENSDART00000110219	NUFIP1	213	31.3	28.3	9.6	17.9	42.2	55.3	71.68	77.21	0.107217075591
ENSDART00000033362	GATAD2B	132	21.2	17.3	2.7	8.2	30.0	44.8	NA	NA	NA
ENSDART00000087632	CR853282.3	22	23.0	20.8	13.6	15.0	27.8	30.6	NA	NA	NA
ENSDART00000028806	lonp2	90	40.5	41.6	10.3	26.2	54.2	69.5	NA	NA	NA
ENSDART00000056081	sulf1	90	42.9	34.0	8.5	14.8	61.3	99.2	11.51	14.15	0.297914219587
ENSDART00000046076	CU929230.1	0	NA	NA	NA	NA	NA	NA	15.38	97.72	2.66759836031
ENSDART00000063849	cltca	264	30.0	19.8	3.8	9.7	38.1	56.4	28.16	47.33	0.749107588101
ENSDART00000128588	taf7	38	98.2	94.4	52.5	64.8	115.4	132.5	28.73	96.32	1.74527739923
ENSDART00000131630	znf644a	101	38.4	33.8	13.4	22.7	46.8	71.2	13.17	29.49	1.16297047681
ENSDART00000128582	baz1b	0	NA	NA	NA	NA	NA	NA	59.99	51.85	-0.21037804247
ENSDART00000025198	mettl21a	381	25.8	23.9	10.1	16.1	31.8	47.3	NA	NA	NA
ENSDART00000039206	rps23	1106	24.8	22.2	6.9	13.0	33.6	48.0	514.34	21.7	-4.56695540804
ENSDART00000091436	foxe3	1	17.6	17.6	NA	NA	NA	NA	NA	NA	NA
ENSDART00000129459	spata5l1	99	23.0	20.1	5.5	10.7	30.0	49.8	27.65	1.46	-4.24323920624
ENSDART00000129889	ift140	102	15.6	12.9	3.7	8.5	21.9	32.3	NA	NA	NA
ENSDART00000129455	CU633849.1	54	45.9	37.7	12.2	23.4	68.2	87.1	NA	NA	NA
ENSDART00000145025	zgc:113314	107	11.0	6.3	-2.4	1.6	14.3	26.3	NA	NA	NA
ENSDART00000129453	nrg1	75	23.7	18.9	4.5	9.6	32.4	42.6	NA	NA	NA
ENSDART00000129982	mpi	29	19.9	17.8	3.7	11.2	26.0	38.1	NA	NA	NA
ENSDART00000129888	azi1	2	12.6	12.6	NA	NA	NA	NA	NA	NA	NA
ENSDART00000020116	trim33	382	44.3	28.2	9.3	17.2	54.1	112.4	38.79	49.64	0.355818339599
ENSDART00000114501	polr1a	175	24.3	21.8	7.3	12.8	31.3	44.1	34.18	12.62	-1.43744048669
ENSDART00000114050	stk10	404	13.8	11.1	2.3	6.3	18.3	26.7	27.58	15.57	-0.824853512435
ENSDART00000147430	tarsl2	5	91.0	99.0	NA	NA	NA	NA	NA	NA	NA
ENSDART00000059135	bcl7bb	202	30.7	24.9	7.3	16.4	40.8	62.9	NA	NA	NA
ENSDART00000112933	ptx3b	1	3.1	3.1	NA	NA	NA	NA	NA	NA	NA
ENSDART00000121433	ypel5	73	20.0	19.4	0.9	9.6	31.8	37.8	NA	NA	NA
ENSDART00000038230	snrnp40	419	86.8	86.3	50.2	67.1	104.6	122.2	32.74	294.85	3.17085496724
ENSDART00000105176	ndufb8	315	17.6	14.6	1.3	7.9	22.8	37.3	42.36	18.03	-1.23230319256
ENSDART00000105175	LRFN5	7	32.2	27.0	NA	NA	NA	NA	NA	NA	NA
ENSDART00000105174	stm	1	33.5	33.5	NA	NA	NA	NA	NA	NA	NA
ENSDART00000059255	zgc:113176	23	54.0	57.1	18.4	28.6	67.8	89.2	NA	NA	NA
ENSDART00000149024	btbd7	69	40.0	35.3	1.9	11.6	61.9	81.8	NA	NA	NA
ENSDART00000105179	P4HTM	2	7.0	7.0	NA	NA	NA	NA	NA	NA	NA
ENSDART00000149021	GPR156	5	40.5	44.3	NA	NA	NA	NA	NA	NA	NA
ENSDART00000081919	CSPP1	113	17.5	16.0	4.4	8.1	23.2	34.8	NA	NA	NA
ENSDART00000090217	frem1b	1	23.2	23.2	NA	NA	NA	NA	NA	NA	NA
ENSDART00000090743	abca2	8	33.2	25.8	NA	NA	NA	NA	NA	NA	NA
ENSDART00000042594	hn1b	882	33.4	27.3	9.6	16.7	44.0	64.1	382.96	185.35	-1.04694159601
ENSDART00000022179	prkag1	14	38.1	23.7	4.5	14.7	48.9	77.4	NA	NA	NA
ENSDART00000144265	ppp1r10	92	36.6	27.1	6.1	13.2	58.7	77.3	15.75	65.27	2.05106821069
ENSDART00000084724	FDFT1	214	30.5	23.9	6.0	13.3	40.7	70.8	NA	NA	NA
ENSDART00000065470	CABZ01070045.1	18	23.9	17.4	8.4	12.7	35.2	46.4	NA	NA	NA
ENSDART00000022170	LTN1	131	23.6	18.3	3.5	9.5	32.2	46.1	13.85	14.53	0.0691487266963
ENSDART00000100791	si:dkey-12e7.1	83	32.8	30.7	10.3	15.9	47.0	57.5	NA	NA	NA
ENSDART00000139002	dus2l	296	40.3	33.0	11.0	19.8	56.0	76.7	56.97	74.89	0.394570683456
ENSDART00000115030	dip2a	3	35.3	16.0	NA	NA	NA	NA	NA	NA	NA
ENSDART00000063318	blf	5	61.6	47.9	NA	NA	NA	NA	NA	NA	NA
ENSDART00000067678	zgc:110339	514	25.9	22.1	7.0	12.2	34.9	49.3	77.55	43.14	-0.846100604763
ENSDART00000139009	TRIM62	3	20.4	8.7	NA	NA	NA	NA	NA	NA	NA
ENSDART00000145247	fam222ba	156	18.9	15.2	3.6	8.4	25.8	36.9	NA	NA	NA
ENSDART00000145241	slu7	312	39.4	37.0	14.4	25.6	50.3	66.1	75.11	158.83	1.08040653292
ENSDART00000079558	letm1	30	25.9	17.5	8.5	11.3	29.1	53.3	12.12	7.27	-0.737362429553
ENSDART00000052082	rpl30	684	32.8	31.5	10.3	18.7	43.3	57.6	445.49	17.72	-4.65194253865
ENSDART00000114598	zgc:112234	3	11.7	-4.3	NA	NA	NA	NA	NA	NA	NA
ENSDART00000075495	rpl23	1300	33.7	32.3	10.5	19.4	46.0	59.4	1052.4	65.83	-3.99879414563
ENSDART00000043144	ccnf	24	13.3	12.8	-0.2	6.2	21.2	29.9	NA	NA	NA
ENSDART00000133183	PARP8	14	26.7	27.6	7.9	13.8	41.5	43.2	NA	NA	NA
ENSDART00000031524	utp23	97	18.8	13.1	3.2	6.5	25.2	41.2	33.96	10.45	-1.70033351658
ENSDART00000064326	zgc:113209	8	20.5	16.5	NA	NA	NA	NA	NA	NA	NA
ENSDART00000123366	dtnba	81	77.8	79.7	15.4	36.2	112.1	139.7	NA	NA	NA
ENSDART00000123365	FGL1	1	83.2	83.2	NA	NA	NA	NA	NA	NA	NA
ENSDART00000133988	zgc:101731	2	10.9	10.9	NA	NA	NA	NA	NA	NA	NA
ENSDART00000133985	kcnd1	4	20.2	15.2	NA	NA	NA	NA	NA	NA	NA
ENSDART00000133984	P2RY2	45	9.6	6.9	-1.1	1.3	15.1	23.1	NA	NA	NA
ENSDART00000133982	ssbp4	20	67.1	43.1	6.2	18.2	105.2	170.8	20.51	36.37	0.826421433976
ENSDART00000133981	bco2a	3	15.2	9.7	NA	NA	NA	NA	NA	NA	NA
ENSDART00000111161	ddb1	247	44.3	41.9	10.6	25.5	60.6	82.4	104.13	130.39	0.324447458203
ENSDART00000047308	l3mbtl3	23	18.5	9.7	3.7	4.2	20.8	51.0	NA	NA	NA
ENSDART00000063175	MCOLN3	0	NA	NA	NA	NA	NA	NA	15.89	79.41	2.32120157087
ENSDART00000052256	sumo3b	395	121.3	136.2	23.1	72.6	168.5	197.3	326.61	2365.14	2.85628471522
ENSDART00000130867	SOWAHD	2	61.5	61.5	NA	NA	NA	NA	NA	NA	NA
ENSDART00000055572	si:dkey-65j6.2	1	9.2	9.2	NA	NA	NA	NA	NA	NA	NA
ENSDART00000055618	iba57	182	14.6	13.2	3.2	8.0	19.7	26.6	NA	NA	NA
ENSDART00000135632	mrps23	227	24.6	20.1	5.0	11.9	31.7	45.3	55.95	61.12	0.127506412172
ENSDART00000135631	myl6	571	41.8	32.3	10.8	18.6	54.2	90.1	45.04	178.36	1.98551337223
ENSDART00000148777	rab11fip4b	75	28.3	24.4	9.9	15.5	33.3	52.2	NA	NA	NA
ENSDART00000128937	ipo8	153	15.8	14.5	3.2	7.6	21.7	28.6	NA	NA	NA
ENSDART00000089654	pcm1	196	70.3	70.9	6.7	24.1	107.8	141.2	20.35	225.86	3.47232809122
ENSDART00000055611	ISCA2	126	12.4	11.0	0.6	6.0	16.1	24.4	NA	NA	NA
ENSDART00000002992	dcaf11	130	34.3	27.3	10.5	14.6	46.6	66.6	NA	NA	NA
ENSDART00000122366	CU928220.2	103	38.0	30.1	6.6	17.4	55.3	78.3	NA	NA	NA
ENSDART00000124807	fam169ab	50	61.0	45.4	11.9	28.9	89.6	131.9	18.23	127.76	2.80904975137
ENSDART00000092104	pxk	100	30.3	25.6	7.0	16.6	39.4	61.2	NA	NA	NA
ENSDART00000124808	CU984584.1	1	37.0	37.0	NA	NA	NA	NA	NA	NA	NA
ENSDART00000124809	acsbg2	95	25.4	18.6	8.0	10.9	29.8	48.7	7.39	18.19	1.29949927351
ENSDART00000122369	ef1	43	43.5	34.5	10.5	15.9	59.5	91.9	NA	NA	NA
ENSDART00000051505	BX323557.1	7	82.5	45.5	NA	NA	NA	NA	NA	NA	NA
ENSDART00000051055	ndufs4	114	16.4	13.6	4.5	8.3	21.5	33.3	NA	NA	NA
ENSDART00000080201	mdm4	197	40.8	34.8	5.9	15.2	60.0	83.2	NA	NA	NA
ENSDART00000147485	si:dkeyp-59a8.1	1	9.9	9.9	NA	NA	NA	NA	NA	NA	NA
ENSDART00000078525	uxs1	211	23.5	19.2	4.5	10.6	32.9	43.4	NA	NA	NA
ENSDART00000046420	serpinb1l1	2	23.8	23.8	NA	NA	NA	NA	NA	NA	NA
ENSDART00000115097	si:ch211-274p24.3	2	12.8	12.8	NA	NA	NA	NA	NA	NA	NA
ENSDART00000103636	si:dkeyp-120h9.1	118	35.1	27.4	5.5	11.3	49.9	73.6	12.13	37.66	1.63445344949
ENSDART00000082934	NAGK	2	27.0	27.0	NA	NA	NA	NA	NA	NA	NA
ENSDART00000082937	fscn2a	1	1.7	1.7	NA	NA	NA	NA	NA	NA	NA
ENSDART00000103985	PTGR2	10	12.0	9.9	5.9	7.8	16.6	18.3	NA	NA	NA
ENSDART00000097973	zgc:162592	809	19.1	15.4	4.1	9.2	24.7	40.1	NA	NA	NA
ENSDART00000103989	idh3g	446	20.6	16.8	3.8	9.1	27.5	39.9	25.5	57.78	1.18007295682
ENSDART00000085619	smarcc1b	463	18.8	14.9	3.2	8.4	24.9	38.6	36.02	23.09	-0.641530008132
ENSDART00000103638	idh3a	308	14.7	12.5	2.8	7.0	19.4	29.2	64.27	6.33	-3.34386806761
ENSDART00000108534	TMEM74B	3	21.3	17.7	NA	NA	NA	NA	NA	NA	NA
ENSDART00000000042	mcm6l	308	34.6	30.7	10.1	18.1	47.5	63.5	140.23	121.67	-0.204821535629
ENSDART00000111570	slc26a10	18	23.2	15.8	4.6	7.1	27.3	49.3	NA	NA	NA
ENSDART00000128681	DYRK3	39	38.4	32.0	0.3	9.7	58.5	83.6	26.81	104.03	1.95615650595
ENSDART00000030921	mapk14b	150	77.1	67.7	10.5	28.3	121.1	151.3	NA	NA	NA
ENSDART00000140457	opn5	2	14.8	14.8	NA	NA	NA	NA	NA	NA	NA
ENSDART00000140217	prpf4bb	127	41.5	27.8	5.1	13.0	59.8	110.7	32.07	141.0	2.13639890373
ENSDART00000021950	mthfd1b	6	32.6	25.4	NA	NA	NA	NA	36.0	85.44	1.24691474047
ENSDART00000150936	kcnt1	1	16.9	16.9	NA	NA	NA	NA	NA	NA	NA
ENSDART00000110998	PKP4	152	23.9	20.8	5.7	12.9	32.1	44.8	15.95	4.32	-1.88445320649
ENSDART00000122184	vps53	303	24.9	20.8	6.1	12.0	33.2	48.4	NA	NA	NA
ENSDART00000060157	zgc:92326	2	18.5	18.5	NA	NA	NA	NA	NA	NA	NA
ENSDART00000066722	pabpn1	175	30.8	23.0	3.5	10.9	39.5	75.1	217.0	87.38	-1.31232003177
ENSDART00000045815	evlb	6	42.8	40.1	NA	NA	NA	NA	NA	NA	NA
ENSDART00000060150	mid1ip1a	9	41.9	35.7	NA	NA	NA	NA	NA	NA	NA
ENSDART00000039554	gpc3	32	50.6	45.6	6.5	22.4	78.9	92.1	NA	NA	NA
ENSDART00000127299	ptprb	78	34.4	31.0	13.7	20.6	42.6	62.1	NA	NA	NA
ENSDART00000018461	vmp1	101	85.1	83.4	16.5	59.1	119.1	135.7	14.29	161.9	3.50202516409
ENSDART00000086943	dhx34	57	19.1	15.0	2.7	6.5	31.1	38.4	6.07	1.1	-2.46419299273
ENSDART00000088199	C9H3orf70	1	3.0	3.0	NA	NA	NA	NA	NA	NA	NA
ENSDART00000054620	kctd12b	38	29.3	30.2	9.6	16.2	40.8	50.9	NA	NA	NA
ENSDART00000066721	ngdn	33	17.0	12.9	3.4	5.0	25.7	36.9	86.74	7.96	-3.44585710732
ENSDART00000054626	hdac3	193	29.1	24.3	6.5	14.2	40.5	53.9	37.58	42.55	0.179194065153
ENSDART00000078373	rfc3	191	32.4	29.2	6.9	17.0	43.6	61.1	62.32	40.18	-0.633217669328
ENSDART00000138840	fam86a	27	14.4	13.8	3.8	9.4	20.8	25.8	NA	NA	NA
ENSDART00000121984	ssbp3b	121	48.3	31.9	7.4	19.0	67.4	118.7	19.66	259.87	3.72445486855
ENSDART00000008326	pon2	21	22.3	15.1	7.3	11.0	31.3	40.5	NA	NA	NA
ENSDART00000121980	CREB3L3	1	18.2	18.2	NA	NA	NA	NA	NA	NA	NA
ENSDART00000121983	hsd3b7	615	17.7	15.7	3.5	9.0	23.7	34.0	NA	NA	NA
ENSDART00000124752	CR352328.2	1	7.0	7.0	NA	NA	NA	NA	NA	NA	NA
ENSDART00000124753	CU633764.1	1	7.5	7.5	NA	NA	NA	NA	NA	NA	NA
ENSDART00000124751	kcnip3b	18	16.4	15.8	6.1	10.5	26.3	30.8	NA	NA	NA
ENSDART00000041157	BX530409.1	25	28.9	22.2	10.7	12.5	38.7	56.2	NA	NA	NA
ENSDART00000037065	sccpdhb	61	28.0	20.8	7.5	12.9	41.6	56.2	NA	NA	NA
ENSDART00000061203	rhot2	26	24.0	14.0	-7.5	5.8	20.1	71.9	NA	NA	NA
ENSDART00000086867	tapt1b	65	28.4	20.2	5.7	13.7	33.6	56.5	NA	NA	NA
ENSDART00000004295	C6H1orf74	57	20.9	16.3	6.9	11.1	26.6	42.5	NA	NA	NA
ENSDART00000004740	rab34b	1	20.5	20.5	NA	NA	NA	NA	NA	NA	NA
ENSDART00000037069	usp49	9	16.1	13.3	NA	NA	NA	NA	NA	NA	NA
ENSDART00000127124	rab12	155	16.9	14.9	4.3	8.5	21.0	33.2	NA	NA	NA
ENSDART00000127126	rab6ba	27	126.7	137.3	79.8	120.8	151.0	162.8	NA	NA	NA
ENSDART00000148805	nod2	1	45.5	45.5	NA	NA	NA	NA	NA	NA	NA
ENSDART00000083513	zgc:158642	0	NA	NA	NA	NA	NA	NA	10.32	4.54	-1.18467876813
ENSDART00000083514	kcnq1	12	31.6	16.1	3.9	7.9	30.5	87.4	NA	NA	NA
ENSDART00000083515	pdzd2	7	25.6	25.7	NA	NA	NA	NA	NA	NA	NA
ENSDART00000023123	nup88	147	43.2	39.0	15.1	26.7	56.9	78.3	28.36	95.66	1.75405825875
ENSDART00000126536	tmem167b	109	27.4	23.1	8.6	14.3	36.5	46.0	NA	NA	NA
ENSDART00000126533	clcn7	188	36.6	29.1	7.1	14.9	53.0	80.8	NA	NA	NA
ENSDART00000027034	qki2	4	32.2	32.8	NA	NA	NA	NA	NA	NA	NA
ENSDART00000124629	nkap	354	38.7	38.1	11.1	22.4	53.2	67.9	334.68	30.89	-3.43757056412
ENSDART00000066288	spata20	33	17.5	15.2	7.0	10.3	21.6	29.3	NA	NA	NA
ENSDART00000136859	ece1	94	34.4	29.3	6.8	16.2	44.9	69.8	NA	NA	NA
ENSDART00000146115	klf12b	1	19.1	19.1	NA	NA	NA	NA	NA	NA	NA
ENSDART00000146116	panx3	11	79.5	60.9	52.1	57.2	115.4	118.7	NA	NA	NA
ENSDART00000123970	mntb	57	23.7	16.2	0.1	7.8	33.6	59.3	NA	NA	NA
ENSDART00000050018	cnksr1	3	30.1	36.5	NA	NA	NA	NA	NA	NA	NA
ENSDART00000133772	cnn1b	14	22.7	22.7	4.4	7.8	33.2	46.1	NA	NA	NA
ENSDART00000134855	efr3bb	38	34.7	21.7	5.3	13.4	44.8	88.2	7.06	26.49	1.9077077551
ENSDART00000059053	rpp38	177	29.1	25.2	8.4	15.8	40.4	54.9	55.93	65.37	0.225006366851
ENSDART00000135342	htr1ab	2	15.2	15.2	NA	NA	NA	NA	NA	NA	NA
ENSDART00000059508	acpl2	6	66.5	84.8	NA	NA	NA	NA	NA	NA	NA
ENSDART00000086659	CYHR1	77	33.0	29.8	9.6	20.1	43.4	66.6	NA	NA	NA
ENSDART00000038200	cyp1a	15	17.3	17.3	8.2	14.3	25.2	28.7	NA	NA	NA
ENSDART00000102763	fam98a	85	68.2	65.2	17.8	40.8	89.5	118.3	NA	NA	NA
ENSDART00000058001	dact1	1	11.6	11.6	NA	NA	NA	NA	NA	NA	NA
ENSDART00000102767	fbxo9	212	22.9	19.7	5.8	11.8	30.0	45.6	NA	NA	NA
ENSDART00000143090	lin52	96	10.8	10.1	-1.7	4.2	16.0	25.5	NA	NA	NA
ENSDART00000058908	mpdu1b	7	29.2	30.2	NA	NA	NA	NA	NA	NA	NA
ENSDART00000019289	zgc:136439	19	26.8	23.0	12.0	12.7	40.0	45.8	NA	NA	NA
ENSDART00000105919	si:ch211-222k6.2	156	20.2	17.2	2.8	9.9	29.4	40.2	NA	NA	NA
ENSDART00000036331	atp6v1g1	644	17.9	15.6	4.3	8.9	24.3	34.1	NA	NA	NA
ENSDART00000113635	si:ch211-67f13.7	11	29.4	20.6	9.9	13.1	46.8	51.8	NA	NA	NA
ENSDART00000066000	prlhr2a	2	36.3	36.3	NA	NA	NA	NA	NA	NA	NA
ENSDART00000114911	sdccag8	105	33.4	30.4	7.9	16.1	44.5	65.1	NA	NA	NA
ENSDART00000052434	eif3hb	34	16.2	14.7	0.5	4.9	23.1	30.6	NA	NA	NA
ENSDART00000022369	adrbk2	114	63.0	58.6	8.8	20.6	98.2	118.0	28.12	31.28	0.153643918235
ENSDART00000110671	zgc:194930	6	14.8	14.3	NA	NA	NA	NA	NA	NA	NA
ENSDART00000110026	dhrsx	2	16.7	16.7	NA	NA	NA	NA	NA	NA	NA
ENSDART00000151136	brdt	203	18.3	15.9	3.7	8.5	26.7	36.0	86.27	7.79	-3.46916372258
ENSDART00000150552	si:ch211-223a21.1	1	29.4	29.4	NA	NA	NA	NA	NA	NA	NA
ENSDART00000132571	manea	29	26.0	20.0	5.0	11.7	39.7	51.1	NA	NA	NA
ENSDART00000137090	id2a	248	22.4	18.4	5.4	10.1	28.3	44.7	NA	NA	NA
ENSDART00000004122	ptprea	17	21.0	17.7	6.7	13.2	29.5	39.7	NA	NA	NA
ENSDART00000073726	cav2	1	17.8	17.8	NA	NA	NA	NA	NA	NA	NA
ENSDART00000004129	C18H19orf47	55	34.6	28.4	7.9	14.4	41.5	69.1	19.1	61.82	1.69450101594
ENSDART00000021880	ssr3	42	28.6	23.4	12.0	17.6	40.8	50.4	NA	NA	NA
ENSDART00000143895	iqcc	8	18.9	18.6	NA	NA	NA	NA	NA	NA	NA
ENSDART00000143892	si:ch211-246e12.3	8	53.5	35.9	NA	NA	NA	NA	NA	NA	NA
ENSDART00000143325	nt5c1ba	1	8.3	8.3	NA	NA	NA	NA	NA	NA	NA
ENSDART00000143891	ogt.2	214	75.7	75.6	14.2	32.0	116.3	145.7	6.37	89.9	3.81895583815
ENSDART00000138021	rbp7a	2	30.2	30.2	NA	NA	NA	NA	NA	NA	NA
ENSDART00000009528	mocs3	31	33.5	31.3	6.3	19.3	40.8	62.0	NA	NA	NA
ENSDART00000143899	sema4ba	3	8.0	4.5	NA	NA	NA	NA	NA	NA	NA
ENSDART00000130519	smpd4	53	63.1	52.8	-4.1	23.2	91.4	141.4	22.83	371.55	4.02455360463
ENSDART00000145499	C13H10orf11	3	49.0	45.4	NA	NA	NA	NA	NA	NA	NA
ENSDART00000058672	vgll4b	9	65.5	45.8	NA	NA	NA	NA	NA	NA	NA
ENSDART00000087187	CU929240.1	152	82.2	80.1	14.9	34.2	127.1	156.7	13.33	267.46	4.32657445974
ENSDART00000058678	ccdc127a	1	23.2	23.2	NA	NA	NA	NA	NA	NA	NA
ENSDART00000135032	si:dkey-57a22.11	537	31.9	25.7	5.5	13.3	43.6	64.7	49.46	58.36	0.238717643528
ENSDART00000091628	ccdc151	1	19.6	19.6	NA	NA	NA	NA	NA	NA	NA
ENSDART00000079155	hdac9b	43	21.5	20.0	8.8	10.2	26.6	36.7	NA	NA	NA
ENSDART00000079154	rpia	355	18.4	13.5	1.6	6.4	24.4	42.7	41.56	66.31	0.674030800749
ENSDART00000005653	strumpellin	254	43.0	35.6	10.5	20.7	61.4	85.5	16.06	70.73	2.13885036845
ENSDART00000079402	usp30	118	33.3	25.0	8.0	13.5	44.3	64.4	NA	NA	NA
ENSDART00000052730	rps13	575	33.4	31.3	10.8	20.8	44.1	56.0	501.75	40.06	-3.64673438532
ENSDART00000052731	nucb2a	8	26.4	19.5	NA	NA	NA	NA	NA	NA	NA
ENSDART00000076712	CR925773.1	4	21.3	17.4	NA	NA	NA	NA	NA	NA	NA
ENSDART00000089442	klhl5	3	14.7	16.6	NA	NA	NA	NA	NA	NA	NA
ENSDART00000112295	cntnap5a	2	38.1	38.1	NA	NA	NA	NA	NA	NA	NA
ENSDART00000079158	tmem170a	14	45.8	30.0	12.1	20.8	51.1	115.1	NA	NA	NA
ENSDART00000079409	nudt22	134	28.4	25.0	5.4	14.7	37.5	52.5	NA	NA	NA
ENSDART00000076715	ublcp1	117	32.3	25.4	8.8	15.3	45.9	67.7	36.1	101.2	1.48713854781
ENSDART00000053285	ndufa7	118	19.3	15.9	3.4	10.3	25.1	40.2	NA	NA	NA
ENSDART00000053284	bcl9	108	45.5	39.0	9.1	19.0	65.6	89.7	33.87	50.05	0.563362082229
ENSDART00000152346	polr3e	314	55.7	50.2	14.9	27.4	81.2	103.7	27.53	119.64	2.11962330052
ENSDART00000053933	gemin8	313	25.9	21.4	5.2	11.2	37.3	53.2	NA	NA	NA
ENSDART00000103696	si:ch211-93g23.2	3	25.0	28.3	NA	NA	NA	NA	NA	NA	NA
ENSDART00000142945	bloc1s6	126	15.2	10.9	2.6	6.4	20.5	31.5	NA	NA	NA
ENSDART00000053282	ccnt2a	136	20.2	15.5	6.4	10.1	27.4	38.7	32.79	17.09	-0.940103504717
ENSDART00000142949	igl3v4	1	-12.6	-12.6	NA	NA	NA	NA	NA	NA	NA
ENSDART00000008584	gdi2	109	21.1	19.4	3.8	11.0	29.9	36.7	35.76	26.92	-0.409668326573
ENSDART00000125182	CABZ01038313.1	112	27.9	22.8	5.5	12.6	40.3	61.9	NA	NA	NA
ENSDART00000124545	sart3	438	27.4	22.0	7.4	12.7	33.6	52.1	133.23	45.12	-1.56208000429
ENSDART00000104072	kbtbd8	175	26.5	19.7	5.6	9.9	35.7	56.5	20.59	51.62	1.32598631146
ENSDART00000125188	srsf9	261	127.2	132.1	67.8	102.3	156.1	181.3	21.32	254.93	3.57982181557
ENSDART00000109587	rnf6	71	39.7	32.3	4.8	15.3	59.9	84.0	NA	NA	NA
ENSDART00000134203	vcpip1	52	23.6	19.8	5.1	10.6	27.8	45.3	NA	NA	NA
ENSDART00000109585	C11H3orf37	24	32.8	26.6	9.5	17.9	44.1	51.9	NA	NA	NA
ENSDART00000109582	spata7	37	34.5	32.4	11.2	18.9	43.0	65.1	NA	NA	NA
ENSDART00000139632	gal3st1	2	27.4	27.4	NA	NA	NA	NA	NA	NA	NA
ENSDART00000109580	xpo6	123	72.0	74.1	10.6	22.5	112.9	145.7	31.2	288.13	3.20710194705
ENSDART00000109581	ABTB1	109	17.6	12.6	2.2	6.9	21.8	34.1	NA	NA	NA
ENSDART00000006290	plekhb2	150	37.7	23.4	5.3	11.3	50.1	100.2	NA	NA	NA
ENSDART00000109721	SNCAIP	38	26.6	20.0	5.8	12.4	34.6	56.4	NA	NA	NA
ENSDART00000104534	usf2	85	45.4	32.7	2.8	15.5	66.5	107.7	16.59	121.12	2.86805131903
ENSDART00000109055	CITED1	17	19.9	15.1	4.0	9.2	27.8	42.5	NA	NA	NA
ENSDART00000104536	chsy1	73	48.5	45.4	10.9	23.0	73.6	88.7	NA	NA	NA
ENSDART00000088750	apbb2b	6	17.0	13.4	NA	NA	NA	NA	NA	NA	NA
ENSDART00000111374	ndufs7	306	11.5	9.6	1.2	4.8	15.7	23.4	22.46	8.7	-1.36827062166
ENSDART00000109059	ttc7a	67	33.9	29.9	3.8	10.3	49.0	66.8	NA	NA	NA
ENSDART00000151606	si:ch1073-429i10.1	1	22.0	22.0	NA	NA	NA	NA	NA	NA	NA
ENSDART00000111377	CU855815.2	62	43.3	31.5	14.1	19.9	60.3	94.2	NA	NA	NA
ENSDART00000063783	itm2ca	1	14.7	14.7	NA	NA	NA	NA	NA	NA	NA
ENSDART00000063781	gpr55a	1	7.0	7.0	NA	NA	NA	NA	NA	NA	NA
ENSDART00000129843	ptp4a1	152	46.8	38.6	12.9	23.6	61.6	96.0	73.13	13.5	-2.43750395475
ENSDART00000138544	galr1	1	35.4	35.4	NA	NA	NA	NA	NA	NA	NA
ENSDART00000010580	si:ch211-195b13.1	18	30.3	28.6	8.6	10.1	41.8	58.1	NA	NA	NA
ENSDART00000138542	b3galtlb	28	38.2	32.8	10.5	23.0	45.4	76.5	NA	NA	NA
ENSDART00000138541	RPGRIP1	5	53.5	43.2	NA	NA	NA	NA	NA	NA	NA
ENSDART00000062836	fgf1b	2	8.9	8.9	NA	NA	NA	NA	NA	NA	NA
ENSDART00000142052	si:dkey-258f14.2	136	40.3	37.2	13.1	22.2	55.8	71.5	NA	NA	NA
ENSDART00000066783	mppe1	98	32.9	26.0	6.0	12.6	41.3	60.3	NA	NA	NA
ENSDART00000062787	ndufa11	724	25.7	22.3	7.3	13.7	34.9	49.2	159.86	58.46	-1.45128726009
ENSDART00000112546	pkn3	343	30.7	25.6	7.5	15.3	41.5	59.0	NA	NA	NA
ENSDART00000058629	acta1b	10	34.7	19.2	10.4	11.5	61.9	72.5	NA	NA	NA
ENSDART00000112543	phkb	94	15.1	13.8	3.4	8.1	21.0	25.0	NA	NA	NA
ENSDART00000112541	znf526	195	32.6	26.5	8.9	15.8	41.0	72.4	12.14	23.35	0.943654128341
ENSDART00000104074	zgc:158846	5	36.4	46.3	NA	NA	NA	NA	NA	NA	NA
ENSDART00000088833	CU855896.1	3	52.7	58.6	NA	NA	NA	NA	NA	NA	NA
ENSDART00000039312	ipo4	75	52.8	49.5	16.4	26.2	67.9	104.3	11.4	59.39	2.38118620824
ENSDART00000128463	tgfbi	1	18.0	18.0	NA	NA	NA	NA	NA	NA	NA
ENSDART00000125984	MUSTN1	1	20.5	20.5	NA	NA	NA	NA	NA	NA	NA
ENSDART00000141028	CCHCR1	70	35.6	28.0	8.8	15.9	50.0	68.9	NA	NA	NA
ENSDART00000024572	gtdc1	85	19.6	14.6	1.8	8.3	28.1	39.8	10.73	5.05	-1.08729478312
ENSDART00000128065	ddx27	276	26.8	23.7	9.3	15.7	34.8	47.5	110.23	22.66	-2.28229715238
ENSDART00000057577	wu:fb63a08	20	28.7	30.1	6.2	12.6	43.2	55.7	NA	NA	NA
ENSDART00000148285	ppm1k	96	12.5	10.8	-0.3	5.3	18.2	25.2	NA	NA	NA
ENSDART00000108935	sft2d1	25	21.9	20.8	5.0	9.7	32.2	42.7	NA	NA	NA
ENSDART00000006079	bmp2k	158	78.0	75.3	24.2	46.9	103.5	136.4	17.89	107.11	2.58186788672
ENSDART00000148548	nhej1	622	26.1	22.6	6.6	12.9	35.0	51.2	79.35	42.38	-0.90484663535
ENSDART00000111084	rfxap	206	33.2	26.8	5.7	15.9	43.9	65.7	NA	NA	NA
ENSDART00000148019	myo7ab	4	57.1	65.6	NA	NA	NA	NA	NA	NA	NA
ENSDART00000111081	prune	21	49.2	14.4	3.4	9.7	27.8	90.1	NA	NA	NA
ENSDART00000114265	rrn3	168	28.4	25.3	6.8	13.8	41.6	54.3	29.97	15.81	-0.922681716155
ENSDART00000148540	fech	100	19.0	16.8	1.4	9.6	27.6	41.8	NA	NA	NA
ENSDART00000114267	MAP6	1	41.2	41.2	NA	NA	NA	NA	NA	NA	NA
ENSDART00000114260	SENP2	621	29.9	23.9	6.2	13.7	39.9	63.2	45.12	37.18	-0.279240297479
ENSDART00000111088	depdc5	48	23.3	17.4	3.6	12.0	33.6	43.4	3.95	2.67	-0.565012911377
ENSDART00000111089	filip1b	7	14.7	16.1	NA	NA	NA	NA	NA	NA	NA
ENSDART00000012116	tlx2	14	16.7	15.8	6.0	13.5	21.4	27.8	NA	NA	NA
ENSDART00000043317	timm8a	83	16.3	16.3	2.8	8.7	22.7	29.5	NA	NA	NA
ENSDART00000062166	trim35-30	4	15.7	8.9	NA	NA	NA	NA	NA	NA	NA
ENSDART00000126335	zgc:77151	214	47.1	37.0	11.3	20.5	67.0	99.7	23.6	49.89	1.07996380976
ENSDART00000043312	srsf5a	81	55.9	49.4	18.2	26.6	74.2	110.3	19.1	158.8	3.05556636911
ENSDART00000128062	arfrp1	177	41.0	34.7	14.8	22.4	57.9	77.7	32.89	56.64	0.784172257248
ENSDART00000125230	exoc6	6	28.4	26.4	NA	NA	NA	NA	NA	NA	NA
ENSDART00000074004	mgrn1a	5	8.7	8.0	NA	NA	NA	NA	NA	NA	NA
ENSDART00000146785	tmem163b	1	6.4	6.4	NA	NA	NA	NA	NA	NA	NA
ENSDART00000012119	zgc:110366	31	45.8	35.8	18.2	27.5	56.6	77.4	NA	NA	NA
ENSDART00000041417	BX571768.1	25	21.5	21.9	5.7	12.0	27.1	39.8	NA	NA	NA
ENSDART00000127720	FP236276.2	1	14.2	14.2	NA	NA	NA	NA	NA	NA	NA
ENSDART00000127930	fam160b1	64	45.3	39.5	-2.1	15.1	72.2	101.4	10.17	53.07	2.38357686955
ENSDART00000153054	fbrs	243	20.4	18.2	5.9	10.9	27.4	40.3	17.55	7.15	-1.29545588353
ENSDART00000127725	MRPL21	188	17.0	13.1	0.7	6.2	23.0	37.7	NA	NA	NA
ENSDART00000141795	phox2ba	4	22.0	25.7	NA	NA	NA	NA	NA	NA	NA
ENSDART00000127729	stambpb	27	38.0	21.6	-3.4	6.5	60.1	95.1	NA	NA	NA
ENSDART00000039788	uqcrq	703	18.9	16.2	3.6	9.6	24.1	34.7	NA	NA	NA
ENSDART00000136071	si:dkey-188i13.9	2	21.5	21.5	NA	NA	NA	NA	NA	NA	NA
ENSDART00000136074	b3gnt5b	11	23.8	26.3	4.4	11.1	32.6	38.9	NA	NA	NA
ENSDART00000029084	dmtf1	95	33.2	29.9	7.4	18.0	49.3	57.4	NA	NA	NA
ENSDART00000099248	rabggtb	211	30.8	24.9	5.7	12.1	41.2	67.9	20.09	57.6	1.5195912476
ENSDART00000039780	slc1a5	4	35.3	21.5	NA	NA	NA	NA	NA	NA	NA
ENSDART00000054814	gne	100	24.0	20.3	3.9	9.7	32.2	50.0	16.36	22.44	0.455899927667
ENSDART00000067535	cap2	3	49.8	51.3	NA	NA	NA	NA	NA	NA	NA
ENSDART00000067537	elovl6l	1669	18.5	14.1	2.6	7.5	25.6	39.7	NA	NA	NA
ENSDART00000044331	copb2	242	58.2	53.9	17.8	35.4	76.7	98.2	30.78	178.24	2.53375600101
ENSDART00000067531	syn2a	1	13.1	13.1	NA	NA	NA	NA	NA	NA	NA
ENSDART00000023904	ppa2	3	11.1	11.7	NA	NA	NA	NA	NA	NA	NA
ENSDART00000020301	fam92a1	33	27.2	22.3	7.6	12.5	39.7	46.3	NA	NA	NA
ENSDART00000105898	TSTD1	31	33.8	32.0	9.2	22.4	47.0	60.2	NA	NA	NA
ENSDART00000084061	nedd4l	108	62.1	54.2	17.1	35.5	89.4	114.7	6.95	85.11	3.61424376838
ENSDART00000084063	wdr46	0	NA	NA	NA	NA	NA	NA	95.37	8.91	-3.42003818034
ENSDART00000121600	POLDIP3	469	59.4	57.6	11.4	24.0	87.1	108.7	35.3	200.52	2.50600605062
ENSDART00000017696	fam151b	41	17.7	16.3	5.4	8.4	25.2	34.3	NA	NA	NA
ENSDART00000121606	ldhbb	1	38.0	38.0	NA	NA	NA	NA	NA	NA	NA
ENSDART00000127469	sema3d	6	50.7	56.3	NA	NA	NA	NA	NA	NA	NA
ENSDART00000110352	AP1S3	25	32.8	28.4	3.6	19.2	53.3	64.1	NA	NA	NA
ENSDART00000127460	lmx1bb	8	38.9	24.4	NA	NA	NA	NA	NA	NA	NA
ENSDART00000127464	abca5	179	49.1	35.5	3.1	16.0	81.5	109.8	15.79	63.74	2.01318784792
ENSDART00000109107	csrnp1b	281	34.2	28.8	8.5	17.1	45.6	69.8	12.89	93.06	2.8519089234
ENSDART00000022236	emx3	3	37.0	38.6	NA	NA	NA	NA	NA	NA	NA
ENSDART00000029889	ctdnep1a	101	51.4	50.1	10.9	24.1	70.1	98.9	NA	NA	NA
ENSDART00000034492	PAQR8	3	18.3	19.2	NA	NA	NA	NA	NA	NA	NA
ENSDART00000136119	nphs2	1	39.1	39.1	NA	NA	NA	NA	NA	NA	NA
ENSDART00000086578	pum2	25	63.8	70.6	20.8	40.2	83.9	98.1	10.41	21.41	1.04031472709
ENSDART00000023549	zgc:86841	131	20.0	17.3	3.7	9.6	27.8	43.6	26.4	13.24	-0.995634807439
ENSDART00000123114	dnajc27	125	18.5	16.4	5.0	9.5	25.7	35.3	NA	NA	NA
ENSDART00000123117	ggh	11	33.7	31.7	22.9	26.5	43.9	45.0	NA	NA	NA
ENSDART00000016472	bmp7a	1	14.9	14.9	NA	NA	NA	NA	NA	NA	NA
ENSDART00000123111	mrps16	205	27.9	24.1	8.2	14.2	38.0	54.9	84.16	43.27	-0.95976758387
ENSDART00000061544	lztfl1	117	23.8	19.9	6.4	11.4	31.1	44.7	NA	NA	NA
ENSDART00000020908	zc4h2	184	32.1	29.0	8.1	14.4	45.9	60.7	22.15	49.06	1.14724053512
ENSDART00000113834	snrnp48	38	37.3	35.7	10.3	19.9	54.7	59.4	15.17	16.93	0.158360887649
ENSDART00000115130	apbb1	3	5.8	9.5	NA	NA	NA	NA	8.88	6.71	-0.40424691015
ENSDART00000115136	dennd3a	155	17.8	14.4	1.6	8.6	23.6	34.7	NA	NA	NA
ENSDART00000110699	CCDC132	150	29.5	22.4	6.6	12.4	42.7	65.7	NA	NA	NA
ENSDART00000040788	ugp2b	390	25.6	22.7	7.5	15.3	32.1	48.9	NA	NA	NA
ENSDART00000115139	pot1	71	26.3	20.6	2.3	11.0	39.2	52.2	NA	NA	NA
ENSDART00000027624	obfc1	175	22.2	19.5	6.7	12.9	30.1	41.5	NA	NA	NA
ENSDART00000027625	psmd13	186	19.4	15.9	5.4	9.2	25.3	38.1	32.18	4.83	-2.73606923189
ENSDART00000065208	nop16	424	16.4	12.8	2.8	6.9	21.8	34.0	160.94	28.46	-2.49951537083
ENSDART00000111631	ELFN2	1	10.4	10.4	NA	NA	NA	NA	NA	NA	NA
ENSDART00000036927	ndufs1	295	25.5	21.8	6.4	11.9	36.6	48.5	38.03	33.55	-0.180825172543
ENSDART00000036926	vangl1	7	19.9	7.7	NA	NA	NA	NA	NA	NA	NA
ENSDART00000105726	slc25a5	4575	44.5	42.0	13.3	26.7	59.1	77.5	499.8	349.32	-0.51680165613
ENSDART00000030553	top3b	133	37.0	32.0	12.0	20.8	50.4	71.5	NA	NA	NA
ENSDART00000140515	lmo7b	196	52.4	34.6	7.2	18.5	72.9	134.9	22.7	117.68	2.37410494908
ENSDART00000065755	gpn3	145	30.6	21.9	2.5	8.5	51.4	71.1	NA	NA	NA
ENSDART00000110568	ZDHHC21	83	45.7	41.1	13.1	22.6	65.4	84.6	NA	NA	NA
ENSDART00000012018	snrpa	206	86.7	89.6	20.7	53.1	115.4	140.4	60.35	677.95	3.48975319991
ENSDART00000009893	RNF167	21	17.1	15.3	8.4	9.5	26.2	28.3	NA	NA	NA
ENSDART00000009892	gabbr1a	1	59.7	59.7	NA	NA	NA	NA	NA	NA	NA
ENSDART00000110560	si:ch211-223a10.1	11	24.7	18.0	8.3	11.3	40.0	41.8	NA	NA	NA
ENSDART00000110566	CU639413.2	1	14.7	14.7	NA	NA	NA	NA	NA	NA	NA
ENSDART00000149825	ctage5	198	35.2	31.6	10.9	19.5	49.5	66.0	24.68	15.9	-0.634315628978
ENSDART00000102972	zgc:173652	7	36.4	21.7	NA	NA	NA	NA	NA	NA	NA
ENSDART00000102973	eda	24	33.7	25.6	8.2	11.7	53.3	70.6	NA	NA	NA
ENSDART00000149823	myh9a	569	27.0	19.7	6.0	11.6	35.8	57.1	70.42	89.65	0.348318355893
ENSDART00000142666	nap1l4b	190	23.9	18.4	5.3	10.7	34.4	51.4	NA	NA	NA
ENSDART00000026244	skiv2l2	246	56.0	50.9	14.0	29.4	76.0	98.5	52.85	315.75	2.57880735729
ENSDART00000010261	pno1	497	22.2	20.2	5.6	11.9	29.7	42.1	105.78	9.21	-3.52172191395
ENSDART00000149828	ccnd1	25	22.0	19.3	5.6	12.3	32.3	39.5	NA	NA	NA
ENSDART00000028471	zgc:63695	24	33.6	20.5	8.1	15.2	48.1	72.7	NA	NA	NA
ENSDART00000106267	ARG1	1	38.7	38.7	NA	NA	NA	NA	NA	NA	NA
ENSDART00000128788	mtg2	238	16.8	14.1	4.0	8.0	23.3	34.5	31.58	2.93	-3.43003860144
ENSDART00000027959	racgap1	417	32.1	23.1	5.7	12.8	46.2	72.5	29.94	303.49	3.34150285393
ENSDART00000142665	kctd15a	2	9.7	9.7	NA	NA	NA	NA	NA	NA	NA
ENSDART00000135794	sepn1	15	52.9	47.2	16.9	28.6	74.1	100.0	NA	NA	NA
ENSDART00000075438	cdkn2aipnl	354	45.2	20.1	8.2	13.3	47.8	147.6	43.26	152.59	1.8185548477
ENSDART00000075387	SNX2	230	72.7	70.1	22.3	45.8	98.3	125.5	31.96	102.54	1.68184748947
ENSDART00000047110	gsnb	101	25.8	19.6	6.3	12.6	38.7	52.6	19.14	9.74	-0.974597152404
ENSDART00000061926	stx11b.2	7	14.9	14.9	NA	NA	NA	NA	NA	NA	NA
ENSDART00000129674	slc44a2	7	11.9	10.0	NA	NA	NA	NA	NA	NA	NA
ENSDART00000075926	scel	59	24.2	19.6	5.4	13.9	29.4	51.7	NA	NA	NA
ENSDART00000059347	bckdha	211	43.4	29.8	6.9	14.3	65.6	100.1	12.72	108.98	3.09889282029
ENSDART00000152981	tdrd1	247	37.5	32.5	11.2	19.9	50.1	71.8	NA	NA	NA
ENSDART00000102567	CR457462.1	27	28.3	27.5	12.1	16.0	35.5	51.2	NA	NA	NA
ENSDART00000098119	ddrgk1	175	20.1	19.9	4.0	10.3	28.5	39.2	NA	NA	NA
ENSDART00000152985	vwa2	1	35.8	35.8	NA	NA	NA	NA	NA	NA	NA
ENSDART00000137309	gemin5	30	29.5	29.2	10.7	17.3	40.0	52.3	21.03	10.84	-0.956084093378
ENSDART00000137308	plxnb1a	8	37.8	30.5	NA	NA	NA	NA	NA	NA	NA
ENSDART00000059345	eed	529	44.4	41.6	12.2	23.2	59.8	82.7	78.32	128.89	0.718687665716
ENSDART00000125611	fam134c	64	84.3	99.1	9.1	27.5	129.5	149.7	NA	NA	NA
ENSDART00000067689	fgfr1b	124	22.4	19.5	5.7	11.8	30.2	43.5	7.61	9.73	0.354543351278
ENSDART00000104315	zgc:136858	58	48.7	42.7	9.4	25.5	65.7	99.9	NA	NA	NA
ENSDART00000015694	rab5ab	74	58.1	57.1	21.9	33.5	77.8	94.4	NA	NA	NA
ENSDART00000125619	THOP1	818	23.4	20.3	3.9	10.4	33.4	45.7	128.45	99.55	-0.36771366918
ENSDART00000100194	msi2b	148	25.9	21.3	6.4	13.0	34.8	47.2	17.82	14.0	-0.34807050969
ENSDART00000040362	mapk14a	277	36.8	31.0	10.4	18.8	49.7	72.1	47.36	189.6	2.00121797816
ENSDART00000113773	CDC42BPA	65	29.7	25.2	6.4	13.4	39.6	71.0	NA	NA	NA
ENSDART00000018253	rbm8a	697	54.5	49.9	15.7	25.5	74.4	106.5	190.94	397.6	1.05819839247
ENSDART00000074380	tsga10	12	24.7	26.6	9.0	12.2	31.0	37.4	NA	NA	NA
ENSDART00000133330	fam214b	41	31.7	26.3	10.4	19.0	42.2	52.7	18.12	7.93	-1.19219018434
ENSDART00000018255	ilf2	505	88.9	90.0	31.6	63.2	118.1	139.3	96.44	1019.99	3.40277954689
ENSDART00000074384	stx4	245	26.7	23.6	6.1	13.5	37.5	51.9	75.64	154.05	1.02617741398
ENSDART00000050249	mboat1	154	47.8	43.3	15.4	24.5	65.2	87.5	NA	NA	NA
ENSDART00000146321	fibcd1	2	7.6	7.6	NA	NA	NA	NA	NA	NA	NA
ENSDART00000088037	myo5aa	5	23.0	21.0	NA	NA	NA	NA	NA	NA	NA
ENSDART00000075659	pddc1	53	25.5	25.2	9.7	20.1	29.8	37.1	NA	NA	NA
ENSDART00000135864	ppp2r4	236	67.5	43.1	5.8	18.3	120.8	152.4	NA	NA	NA
ENSDART00000050245	xpnpep3	22	15.1	10.9	3.0	7.2	21.6	30.5	NA	NA	NA
ENSDART00000135860	rnf41l	10	36.2	37.8	9.4	14.1	55.2	58.1	NA	NA	NA
ENSDART00000089242	kbp	2	6.6	6.6	NA	NA	NA	NA	NA	NA	NA
ENSDART00000026539	enah	93	67.4	58.2	24.1	34.9	85.1	133.8	11.66	49.24	2.07826297328
ENSDART00000112301	TRHDE	13	28.1	18.9	7.3	10.9	26.0	53.2	NA	NA	NA
ENSDART00000004357	WU:FC32F04	1	4.1	4.1	NA	NA	NA	NA	17.97	8.69	-1.0481623267
ENSDART00000023012	acp5b	2	37.1	37.1	NA	NA	NA	NA	NA	NA	NA
ENSDART00000073555	ctu2	181	23.5	19.8	4.2	9.7	34.4	46.8	40.8	21.06	-0.954063715833
ENSDART00000049010	TEKT4	1	18.9	18.9	NA	NA	NA	NA	NA	NA	NA
ENSDART00000112308	si:dkeyp-23e4.3	3	25.8	23.0	NA	NA	NA	NA	NA	NA	NA
ENSDART00000137241	fam60al	479	22.7	17.3	3.8	9.2	32.0	46.9	99.33	63.08	-0.655046851328
ENSDART00000023337	napepld	16	23.8	25.8	6.5	12.5	30.6	35.3	NA	NA	NA
ENSDART00000112046	ZNF335	32	20.1	19.0	6.6	11.1	26.9	39.8	7.08	3.06	-1.21021770739
ENSDART00000114437	ARHGEF5	1	15.8	15.8	NA	NA	NA	NA	NA	NA	NA
ENSDART00000032151	cotl1	175	40.3	34.5	10.9	17.9	54.4	83.1	NA	NA	NA
ENSDART00000141808	sh2b1	138	20.6	15.9	2.4	8.6	25.9	48.4	25.06	2.17	-3.52961946688
ENSDART00000083890	USP24	49	27.3	20.7	2.9	9.2	38.8	52.4	13.39	6.59	-1.02280559032
ENSDART00000057047	hps1	53	27.9	25.2	10.3	13.2	34.1	53.9	NA	NA	NA
ENSDART00000057046	st3gal5l	42	11.1	11.1	-0.6	3.6	16.2	21.9	NA	NA	NA
ENSDART00000057733	C18H19orf54	9	22.6	25.9	NA	NA	NA	NA	NA	NA	NA
ENSDART00000057732	ap1m3	9	43.5	33.3	NA	NA	NA	NA	NA	NA	NA
ENSDART00000124901	mycbp2	78	29.3	22.7	6.8	15.3	42.0	60.1	10.17	3.13	-1.70008511692
ENSDART00000066256	vti1a	166	45.8	40.8	9.4	19.0	64.4	93.4	NA	NA	NA
ENSDART00000103373	pde6h	2	21.0	21.0	NA	NA	NA	NA	NA	NA	NA
ENSDART00000092988	kcnk9	1	19.4	19.4	NA	NA	NA	NA	NA	NA	NA
ENSDART00000103371	zdhhc17	53	75.9	84.8	1.8	19.2	120.6	141.4	NA	NA	NA
ENSDART00000092984	creb3l2	76	29.7	23.4	5.0	11.4	35.4	60.7	NA	NA	NA
ENSDART00000099600	mrpl44	480	29.6	23.3	9.4	14.5	39.9	57.9	43.98	33.73	-0.382815285837
ENSDART00000059193	prtgb	36	87.9	101.0	13.3	30.3	128.0	150.5	NA	NA	NA
ENSDART00000049963	twsg1a	52	29.8	23.5	6.5	15.3	41.3	52.5	NA	NA	NA
ENSDART00000124905	BX548000.3	139	42.6	37.6	11.8	19.9	60.7	80.2	30.43	11.62	-1.38888426511
ENSDART00000059194	snrpd2	1184	17.7	14.7	3.6	7.7	24.4	36.7	117.77	102.25	-0.203871239607
ENSDART00000055393	med25	129	97.8	103.3	22.5	65.4	137.9	154.2	14.32	163.11	3.50974183626
ENSDART00000038338	kntc1	119	36.7	34.8	15.0	24.8	46.7	59.5	NA	NA	NA
ENSDART00000149895	epha4a	15	29.1	25.7	-5.1	4.1	47.2	56.8	NA	NA	NA
ENSDART00000023488	atp6v1d	77	28.8	19.8	6.5	11.0	39.2	62.7	NA	NA	NA
ENSDART00000063923	znf259	222	24.8	21.8	7.3	13.3	34.8	44.8	50.44	27.52	-0.874087805626
ENSDART00000102475	zgc:158257	289	19.4	17.1	3.7	10.1	26.0	36.4	NA	NA	NA
ENSDART00000090809	kcnh6	4	13.1	15.4	NA	NA	NA	NA	NA	NA	NA
ENSDART00000077389	znf148	2	29.1	29.1	NA	NA	NA	NA	NA	NA	NA
ENSDART00000023484	SLC10A7	238	22.4	18.0	4.5	10.0	32.2	46.0	NA	NA	NA
ENSDART00000077383	C13H10orf32	180	48.0	42.6	13.7	25.0	68.2	91.1	NA	NA	NA
ENSDART00000039810	myo9al1	80	17.6	13.1	2.6	6.5	26.3	36.1	NA	NA	NA
ENSDART00000153296	nsfb	87	39.1	32.5	11.6	19.5	55.0	80.1	NA	NA	NA
ENSDART00000098806	ugt5c3	22	49.3	46.8	12.3	28.7	69.0	77.4	NA	NA	NA
ENSDART00000102021	sox1a	1	24.6	24.6	NA	NA	NA	NA	NA	NA	NA
ENSDART00000032844	PLEKHA6	3	14.8	16.4	NA	NA	NA	NA	NA	NA	NA
ENSDART00000109268	C7H7orf43	10	43.8	30.7	8.8	14.6	63.3	86.1	NA	NA	NA
ENSDART00000109911	HGSNAT	4	33.2	34.0	NA	NA	NA	NA	NA	NA	NA
ENSDART00000109266	mertk	20	32.4	28.6	5.4	18.2	44.2	57.9	NA	NA	NA
ENSDART00000109913	C19H5orf49	2	5.8	5.8	NA	NA	NA	NA	NA	NA	NA
ENSDART00000109264	GRIK2	3	31.1	38.5	NA	NA	NA	NA	NA	NA	NA
ENSDART00000109262	brip1	244	24.0	20.5	6.8	11.4	33.5	44.9	27.22	14.21	-0.937760512261
ENSDART00000033717	cradd	38	34.7	35.8	11.7	18.9	48.4	56.6	NA	NA	NA
ENSDART00000130215	CABZ01084273.1	1	-4.4	-4.4	NA	NA	NA	NA	NA	NA	NA
ENSDART00000013690	rplp2l	566	42.3	43.0	17.2	28.4	55.3	65.7	396.05	11.94	-5.05180783556
ENSDART00000078630	nme7	31	41.1	35.4	17.6	24.4	57.8	71.9	NA	NA	NA
ENSDART00000003834	ccm2	108	29.5	21.3	6.8	12.0	41.3	67.8	48.99	12.03	-2.02585064911
ENSDART00000124565	ercc3	0	NA	NA	NA	NA	NA	NA	10.74	8.43	-0.349389457043
ENSDART00000092180	exoc8	28	39.0	25.2	7.7	14.9	41.5	53.5	11.85	30.64	1.37052923814
ENSDART00000124567	ILKAP	35	36.1	32.9	10.7	20.4	49.8	64.7	NA	NA	NA
ENSDART00000092182	ppm1la	71	59.0	41.9	9.7	18.6	100.9	134.1	18.95	56.3	1.57093707391
ENSDART00000146773	acaca	54	17.7	14.2	1.7	7.4	25.9	33.4	5.19	2.3	-1.17410067741
ENSDART00000092188	xpo1b	44	73.6	56.0	11.1	28.4	122.8	147.6	5.11	56.29	3.46148345193
ENSDART00000097359	dnajc25	216	41.2	37.4	13.3	23.7	58.0	69.7	19.17	62.38	1.70223321571
ENSDART00000142203	ccdc28a	127	78.6	85.2	15.8	41.6	110.5	134.8	NA	NA	NA
ENSDART00000024595	ubr7	279	55.7	51.0	8.6	24.3	83.2	112.3	56.5	171.21	1.59944419621
ENSDART00000024593	hsf1	55	35.4	25.5	6.3	14.2	36.9	78.4	NA	NA	NA
ENSDART00000151673	DFNA5	1	46.3	46.3	NA	NA	NA	NA	NA	NA	NA
ENSDART00000127910	crebrf	9	33.3	33.9	NA	NA	NA	NA	NA	NA	NA
ENSDART00000127912	CABZ01103862.1	8	37.7	39.3	NA	NA	NA	NA	NA	NA	NA
ENSDART00000028870	ube2l3a	242	43.1	35.3	9.8	18.0	59.9	86.6	32.82	242.32	2.88426633928
ENSDART00000131037	CT573239.1	8	15.5	10.6	NA	NA	NA	NA	NA	NA	NA
ENSDART00000137936	fbxl4	119	16.3	13.6	1.7	7.3	19.6	32.5	NA	NA	NA
ENSDART00000131030	gorasp1	13	55.1	47.6	19.4	22.7	68.2	110.9	NA	NA	NA
ENSDART00000077125	aplp2	133	36.8	27.8	3.2	11.3	52.6	96.1	15.78	184.54	3.54776445133
ENSDART00000009775	RBM7	316	32.4	26.5	6.3	14.5	41.6	68.2	201.79	287.86	0.512512649723
ENSDART00000008454	skp1	289	101.1	111.7	21.4	59.0	137.7	160.7	65.44	423.07	2.69265173406
ENSDART00000033018	pi4k2b	196	45.1	39.7	11.1	20.0	68.4	85.2	NA	NA	NA
ENSDART00000091630	fbxo18	172	30.1	21.8	8.3	13.7	41.5	59.2	27.88	39.86	0.515711148971
ENSDART00000129617	atp6ap1b	138	13.4	12.1	2.2	5.7	16.9	27.1	NA	NA	NA
ENSDART00000028105	mfap1	215	29.9	24.0	7.7	14.8	39.3	59.0	132.89	71.06	-0.903122951816
ENSDART00000091638	samd13	142	40.4	28.6	11.5	18.4	51.6	81.3	NA	NA	NA
ENSDART00000138227	crispld1a	1	161.0	161.0	NA	NA	NA	NA	NA	NA	NA
ENSDART00000076835	mrpl1	284	15.8	13.5	2.6	7.5	20.3	34.6	49.41	3.81	-3.69694015295
ENSDART00000076386	fbxl8	30	22.3	17.3	4.9	12.3	30.8	47.8	NA	NA	NA
ENSDART00000138223	si:ch211-71m22.1	105	19.8	17.6	4.4	10.9	27.8	36.6	NA	NA	NA
ENSDART00000076830	coro1a	10	64.5	69.1	40.5	43.0	84.1	86.3	NA	NA	NA
ENSDART00000067082	clta	980	20.0	16.2	4.2	9.9	27.0	38.1	121.04	91.32	-0.406481127992
ENSDART00000076389	atp1b2a	1	36.9	36.9	NA	NA	NA	NA	NA	NA	NA
ENSDART00000056303	tsr3	141	40.0	36.4	7.8	19.9	56.9	78.1	77.23	38.79	-0.993476595509
ENSDART00000138228	srbd1	93	39.1	39.3	9.3	21.2	49.9	75.3	NA	NA	NA
ENSDART00000121456	fstl1b	19	69.6	75.3	9.2	27.8	111.8	131.7	NA	NA	NA
ENSDART00000121457	LBH	7	23.4	17.4	NA	NA	NA	NA	91.87	49.37	-0.895959183605
ENSDART00000024379	gnmt	141	20.8	16.4	6.5	10.0	30.5	42.6	NA	NA	NA
ENSDART00000098759	setd8a	421	88.0	92.4	30.8	60.9	114.7	139.4	120.61	256.42	1.08815926355
ENSDART00000124173	rxraa	5	15.8	12.5	NA	NA	NA	NA	NA	NA	NA
ENSDART00000092726	atp2b2	1	85.0	85.0	NA	NA	NA	NA	NA	NA	NA
ENSDART00000090580	si:dkey-215k6.1	21	47.4	44.4	16.3	28.5	72.6	75.2	NA	NA	NA
ENSDART00000136687	mylk4b	2	25.6	25.6	NA	NA	NA	NA	NA	NA	NA
ENSDART00000020044	shpk	2	18.0	18.0	NA	NA	NA	NA	NA	NA	NA
ENSDART00000139792	C19H1orf172	14	16.8	10.7	-1.1	3.4	29.7	45.0	NA	NA	NA
ENSDART00000028043	noc3l	52	18.3	16.7	5.0	9.7	22.3	37.4	8.25	0.57	-3.85536029497
ENSDART00000139795	syt2a	1	27.0	27.0	NA	NA	NA	NA	NA	NA	NA
ENSDART00000100904	pard6a	249	17.1	14.4	2.7	7.3	22.1	34.3	NA	NA	NA
ENSDART00000091180	baiap2a	38	71.8	66.8	18.4	30.3	101.3	135.1	NA	NA	NA
ENSDART00000007600	esrrb	11	20.7	20.9	3.7	6.4	31.6	32.3	NA	NA	NA
ENSDART00000087576	slx4	181	25.3	22.8	5.4	11.3	37.9	49.9	28.99	2.25	-3.68755842684
ENSDART00000129473	BX510922.1	6	18.2	11.6	NA	NA	NA	NA	NA	NA	NA
ENSDART00000054137	igfbp5b	1	16.9	16.9	NA	NA	NA	NA	NA	NA	NA
ENSDART00000087570	CABZ01053508.1	70	18.0	16.6	4.8	8.5	28.0	34.5	NA	NA	NA
ENSDART00000114072	zgc:174863	122	16.4	14.3	2.2	8.4	23.3	34.1	NA	NA	NA
ENSDART00000145008	pigt	6	93.3	94.9	NA	NA	NA	NA	NA	NA	NA
ENSDART00000114076	dph2	58	28.9	25.4	6.7	14.8	39.4	58.4	NA	NA	NA
ENSDART00000025171	ythdf1	245	22.0	19.8	4.8	11.5	30.2	43.5	29.64	9.81	-1.59522040609
ENSDART00000081777	ptges3b	15	33.3	29.7	10.6	19.6	48.4	51.6	45.21	50.46	0.158498288657
ENSDART00000079215	stc2a	1	11.3	11.3	NA	NA	NA	NA	NA	NA	NA
ENSDART00000062803	pitx1	12	12.0	10.6	1.5	4.2	15.8	19.4	NA	NA	NA
ENSDART00000149007	cdan1	58	13.0	8.7	-3.1	3.7	16.0	30.6	NA	NA	NA
ENSDART00000149554	rpl31	1064	28.4	26.9	8.1	16.2	38.3	51.8	422.19	11.58	-5.18818524895
ENSDART00000149551	emilin1b	49	68.6	71.6	21.0	38.5	92.2	118.3	NA	NA	NA
ENSDART00000010881	FOLH1	15	21.3	23.2	7.6	12.6	30.5	35.5	NA	NA	NA
ENSDART00000052552	hcls1	1	24.0	24.0	NA	NA	NA	NA	NA	NA	NA
ENSDART00000128876	SENP7	254	41.3	35.0	9.5	20.6	57.5	79.6	35.13	24.54	-0.517568327559
ENSDART00000134012	dnah12	1	33.7	33.7	NA	NA	NA	NA	NA	NA	NA
ENSDART00000145264	xpo7	170	29.2	21.6	7.6	13.8	35.2	62.0	6.51	11.8	0.858057411084
ENSDART00000087797	tgfbrap1	196	22.3	15.6	4.5	7.0	26.3	49.7	38.61	40.8	0.079594597917
ENSDART00000018150	neurod6b	30	23.2	22.6	5.2	10.0	34.7	42.8	NA	NA	NA
ENSDART00000055554	slc37a4a	3	53.8	69.8	NA	NA	NA	NA	NA	NA	NA
ENSDART00000130492	orc1	1254	32.9	28.1	8.6	16.1	45.5	64.3	88.05	87.46	-0.00969965563736
ENSDART00000131863	rgs7	73	71.1	67.5	17.5	43.2	104.9	120.8	NA	NA	NA
ENSDART00000043126	ripk2	93	19.3	15.4	1.7	8.7	27.2	41.8	NA	NA	NA
ENSDART00000026050	agtpbp1	33	14.6	15.2	-2.7	6.0	19.4	29.6	NA	NA	NA
ENSDART00000043431	nup188	422	29.3	24.7	6.1	13.0	41.2	60.4	23.67	34.18	0.530092690942
ENSDART00000012630	prmt1	361	118.1	135.9	18.8	82.8	160.0	176.6	43.21	1408.71	5.02686560483
ENSDART00000136386	si:ch211-210c8.7	125	64.6	64.7	18.2	38.7	84.1	110.6	NA	NA	NA
ENSDART00000144206	hmgn2	114	22.1	18.9	2.4	11.0	29.6	41.0	NA	NA	NA
ENSDART00000128700	CABZ01020207.1	4	39.5	46.9	NA	NA	NA	NA	NA	NA	NA
ENSDART00000087553	sec23ip	227	35.5	32.6	9.0	18.9	46.4	64.0	31.63	45.8	0.534054042467
ENSDART00000128705	ndrg3a	42	29.5	29.2	6.2	13.8	40.0	55.8	NA	NA	NA
ENSDART00000128707	capn12	1	50.5	50.5	NA	NA	NA	NA	NA	NA	NA
ENSDART00000115301	zgc:198241	4	20.3	9.2	NA	NA	NA	NA	NA	NA	NA
ENSDART00000128708	zgc:171497	49	27.6	23.5	6.9	16.4	32.2	50.5	NA	NA	NA
ENSDART00000123343	neil3	333	28.6	26.2	8.5	14.2	38.9	54.6	74.53	73.15	-0.0269633952956
ENSDART00000144208	lphn3.1	19	26.7	22.9	8.1	12.6	32.7	55.6	NA	NA	NA
ENSDART00000129497	HIST1H4L	22	12.4	2.7	-9.3	-5.4	20.4	42.9	NA	NA	NA
ENSDART00000050826	C24H18orf8	143	14.6	13.7	3.7	8.6	20.0	24.3	23.3	7.65	-1.60679830196
ENSDART00000111149	pigr	5	79.1	86.8	NA	NA	NA	NA	NA	NA	NA
ENSDART00000023684	cwc22	348	30.8	22.9	6.1	12.2	37.7	68.5	59.13	46.91	-0.333994776269
ENSDART00000111140	RPL29	2522	41.8	40.5	16.5	27.3	54.9	68.4	1617.2	174.33	-3.21360534311
ENSDART00000135655	C8H11orf31	516	33.2	25.4	7.0	13.9	42.9	74.8	168.87	22.33	-2.91885789777
ENSDART00000148208	sep15	127	62.5	62.5	15.3	40.6	88.1	103.4	64.94	252.21	1.9574461892
ENSDART00000112829	CCDC18	240	35.3	32.0	9.9	18.7	47.1	64.3	NA	NA	NA
ENSDART00000089030	myo5b	10	41.1	32.4	15.1	27.7	59.7	71.7	NA	NA	NA
ENSDART00000089033	lingo3a	2	14.6	14.6	NA	NA	NA	NA	NA	NA	NA
ENSDART00000135659	mat2b	456	21.7	18.3	5.1	10.4	30.0	41.1	90.75	21.48	-2.07890364979
ENSDART00000112820	zgc:165515	133	23.3	19.5	7.3	13.3	30.6	43.3	NA	NA	NA
ENSDART00000125381	gig2o	295	16.0	14.6	2.3	7.6	21.9	30.7	NA	NA	NA
ENSDART00000122439	CR944667.2	64	23.1	17.1	6.5	11.4	27.7	44.3	NA	NA	NA
ENSDART00000026239	eif2b4	112	16.6	14.2	2.9	8.3	22.2	33.1	39.66	7.56	-2.39122653801
ENSDART00000122433	trim33l	134	20.4	16.7	1.6	7.8	26.2	42.8	11.97	11.95	-0.00241253407539
ENSDART00000125424	CU915778.1	1	51.4	51.4	NA	NA	NA	NA	NA	NA	NA
ENSDART00000051070	golph3	201	42.1	36.4	7.9	17.3	60.6	90.8	52.02	156.51	1.58911653481
ENSDART00000147414	CNTLN	16	41.5	36.3	10.1	24.4	57.9	82.3	NA	NA	NA
ENSDART00000081244	syce2	22	28.3	26.3	12.8	15.1	33.0	49.8	NA	NA	NA
ENSDART00000081245	dhx15	150	61.2	53.5	9.8	25.7	96.1	116.8	16.09	132.57	3.04251810575
ENSDART00000031547	smndc1	113	68.7	47.8	11.4	20.5	116.1	147.4	52.74	166.79	1.66106331737
ENSDART00000141588	scpp8	1	52.4	52.4	NA	NA	NA	NA	NA	NA	NA
ENSDART00000064614	xkrx	12	18.1	10.8	-4.6	3.4	41.2	46.8	15.37	9.32	-0.721715305036
ENSDART00000060310	ATP5B	3405	19.1	18.1	-5.3	8.1	28.8	41.6	313.39	60.81	-2.36557865077
ENSDART00000034068	znf536	1	32.9	32.9	NA	NA	NA	NA	NA	NA	NA
ENSDART00000088208	lrp1b	74	61.0	55.0	16.6	34.0	87.6	107.5	14.3	37.21	1.37967524346
ENSDART00000078033	GPT	30	15.2	13.5	2.3	8.1	21.1	30.3	NA	NA	NA
ENSDART00000136172	TRIM14	9	56.1	64.9	NA	NA	NA	NA	NA	NA	NA
ENSDART00000097919	hnrnpk	257	121.6	134.4	41.8	89.6	154.4	171.8	21.08	370.62	4.13599396444
ENSDART00000006716	selt2	7	87.2	82.1	NA	NA	NA	NA	NA	NA	NA
ENSDART00000103612	tdp2b	400	33.8	27.9	9.6	16.8	46.5	66.1	86.99	137.91	0.664805602462
ENSDART00000098986	gucd1	158	96.3	97.6	21.6	66.9	137.8	151.0	NA	NA	NA
ENSDART00000111558	USP54	1	173.9	173.9	NA	NA	NA	NA	NA	NA	NA
ENSDART00000016803	grpel1	360	24.9	21.6	6.1	12.1	36.5	47.7	39.68	86.45	1.12345393814
ENSDART00000108889	OAF	2	23.9	23.9	NA	NA	NA	NA	NA	NA	NA
ENSDART00000108556	npm2a	325	16.5	14.4	2.8	7.5	21.6	34.7	NA	NA	NA
ENSDART00000111552	si:dkey-11p10.8	72	28.9	22.7	5.9	12.3	37.2	50.0	10.24	55.83	2.44682484078
ENSDART00000108553	COL4A3BP	148	50.4	41.8	12.5	24.1	71.0	95.0	9.89	29.83	1.59272155158
ENSDART00000100709	imp3	185	28.3	24.6	9.7	15.2	40.0	54.4	77.17	87.91	0.187987179416
ENSDART00000147518	fam89b	12	31.5	33.6	9.2	23.9	44.0	50.2	NA	NA	NA
ENSDART00000065565	alg8	74	41.8	32.8	9.9	16.3	62.3	82.8	NA	NA	NA
ENSDART00000081066	phactr4b	164	51.7	45.4	11.1	22.3	72.2	103.6	23.19	25.82	0.154986180661
ENSDART00000065568	zgc:113227	14	48.2	44.5	3.3	14.7	60.4	89.3	NA	NA	NA
ENSDART00000140230	zgc:123068	16	27.2	25.8	10.3	16.3	37.2	45.8	NA	NA	NA
ENSDART00000081790	ZNF609	68	60.0	51.5	5.3	19.0	98.6	126.0	16.73	61.61	1.88072709028
ENSDART00000140236	asic1b	14	26.4	20.1	4.6	10.3	43.1	53.5	NA	NA	NA
ENSDART00000137010	kmt2ca	54	31.6	30.3	9.4	16.3	41.1	59.7	NA	NA	NA
ENSDART00000145981	mmachc	284	13.3	10.7	2.5	5.8	17.9	26.7	NA	NA	NA
ENSDART00000126084	BX323045.3	81	44.6	43.4	7.2	17.4	68.4	85.8	36.5	172.0	2.23644019582
ENSDART00000033949	oser1	374	23.3	21.3	6.3	12.7	30.7	42.4	61.88	5.59	-3.46855300861
ENSDART00000133309	si:ch211-133l5.4	5	20.9	21.2	NA	NA	NA	NA	NA	NA	NA
ENSDART00000133308	nid1a	22	31.0	26.8	5.2	11.4	36.6	65.4	NA	NA	NA
ENSDART00000039571	camk2a	1	27.6	27.6	NA	NA	NA	NA	NA	NA	NA
ENSDART00000064080	cenpn	212	50.1	47.4	15.1	28.0	67.2	96.6	60.43	192.94	1.67481542438
ENSDART00000133305	os9	169	27.3	20.8	5.3	11.5	34.1	59.3	41.08	11.25	-1.86851118021
ENSDART00000098482	pld3	20	24.0	22.8	9.0	15.0	31.6	40.5	NA	NA	NA
ENSDART00000033943	mamdc1	9	26.4	30.8	NA	NA	NA	NA	NA	NA	NA
ENSDART00000138821	nfil3	24	42.3	39.1	18.3	23.9	58.0	68.3	NA	NA	NA
ENSDART00000138820	lrtm2	3	42.9	48.0	NA	NA	NA	NA	NA	NA	NA
ENSDART00000018408	anxa13l	45	85.9	91.1	35.4	43.1	120.5	146.4	NA	NA	NA
ENSDART00000033947	chrna2a	6	22.0	12.7	NA	NA	NA	NA	NA	NA	NA
ENSDART00000008144	rbb4l	221	24.1	20.3	6.6	12.7	31.4	43.9	22.3	45.05	1.01448339589
ENSDART00000045933	sh3glb1	72	41.3	37.9	12.8	24.4	54.2	73.5	26.2	26.98	0.0423235365235
ENSDART00000027545	erp44	136	33.3	25.7	9.0	15.7	43.0	68.0	61.44	102.72	0.741466986401
ENSDART00000124774	ncoa5	125	39.5	35.3	7.1	18.9	56.7	71.7	22.94	75.06	1.71017889887
ENSDART00000124770	UGT8	2	27.0	27.0	NA	NA	NA	NA	NA	NA	NA
ENSDART00000027019	wdfy1	127	24.7	21.1	7.3	11.0	30.5	49.2	28.64	24.7	-0.213520450792
ENSDART00000124773	ppid	1	16.2	16.2	NA	NA	NA	NA	NA	NA	NA
ENSDART00000059298	zgc:92313	2153	20.1	15.7	1.9	6.6	29.4	44.9	169.39	112.08	-0.595819846278
ENSDART00000019318	abcd3a	108	37.2	30.0	7.3	17.5	54.3	76.1	NA	NA	NA
ENSDART00000061265	rnf141	187	32.7	27.3	8.3	15.2	45.4	65.5	NA	NA	NA
ENSDART00000014774	txnl4a	274	49.0	44.9	8.0	18.1	74.2	102.6	134.37	312.71	1.21861428321
ENSDART00000110790	CU914772.1	204	56.4	53.1	15.9	29.2	74.1	96.0	12.63	93.79	2.89257946997
ENSDART00000110794	usp54a	14	44.8	39.0	19.4	21.5	59.6	72.2	NA	NA	NA
ENSDART00000150911	CASKIN1	1	12.3	12.3	NA	NA	NA	NA	NA	NA	NA
ENSDART00000019647	psmc2	529	25.1	22.0	6.8	12.6	34.7	46.9	59.9	27.97	-1.0986757492
ENSDART00000056765	smc4	742	86.7	87.8	34.2	59.8	113.4	134.6	68.55	454.02	2.72752727985
ENSDART00000056767	acaa2	638	53.8	46.2	10.8	22.1	76.7	104.5	19.96	158.02	2.98492354068
ENSDART00000102566	nbeaa	40	41.1	33.7	13.2	20.0	49.0	80.1	5.69	1.81	-1.65243895522
ENSDART00000074268	CCDC64B	124	18.0	15.8	1.8	7.1	27.6	37.1	49.45	3.47	-3.83296295307
ENSDART00000034686	cops8	324	16.6	13.4	1.8	6.8	21.9	35.0	NA	NA	NA
ENSDART00000126558	fbxl2	183	41.2	30.4	6.6	17.4	56.2	88.4	NA	NA	NA
ENSDART00000109885	snrnp200	59	105.3	108.0	37.7	71.0	141.9	159.1	10.48	43.98	2.06920888732
ENSDART00000064968	rasgef1bb	8	20.4	17.8	NA	NA	NA	NA	NA	NA	NA
ENSDART00000123917	tmem47	101	17.2	15.7	4.1	8.0	23.5	32.5	NA	NA	NA
ENSDART00000036680	ptgr1	49	24.5	19.7	4.5	10.3	34.5	50.1	48.68	44.08	-0.143204944143
ENSDART00000123910	ppp1r14ab	3	26.8	16.1	NA	NA	NA	NA	NA	NA	NA
ENSDART00000029252	aptx	58	14.0	10.0	2.7	6.1	18.0	28.2	NA	NA	NA
ENSDART00000146174	kiaa0947l	35	23.7	22.2	7.3	10.9	31.6	44.0	NA	NA	NA
ENSDART00000033411	trappc4	213	26.8	24.1	8.1	14.7	37.6	46.6	NA	NA	NA
ENSDART00000126439	si:ch211-113a14.17	1	20.3	20.3	NA	NA	NA	NA	NA	NA	NA
ENSDART00000082260	abhd13	6	31.3	31.8	NA	NA	NA	NA	NA	NA	NA
ENSDART00000146171	zgc:158564	118	26.8	19.1	3.5	10.8	34.7	58.5	51.02	1.35	-5.24003158655
ENSDART00000113837	mak16	88	21.4	18.3	7.2	11.8	27.3	39.6	43.8	9.31	-2.23407779693
ENSDART00000082944	CT583658.1	79	28.4	22.8	5.0	12.0	35.9	61.1	NA	NA	NA
ENSDART00000059369	PHYKPL	11	62.0	50.6	31.5	45.7	80.4	91.4	NA	NA	NA
ENSDART00000081064	fbrsl1	5	39.8	37.7	NA	NA	NA	NA	NA	NA	NA
ENSDART00000123482	cuedc2	196	48.9	40.2	5.6	21.6	71.1	106.3	NA	NA	NA
ENSDART00000056540	casq1a	2	44.9	44.9	NA	NA	NA	NA	NA	NA	NA
ENSDART00000020084	hsp90ab1	1910	32.8	29.9	10.7	18.5	44.3	58.7	399.56	64.46	-2.63193606847
ENSDART00000084070	CU041319.1	166	54.9	46.7	11.2	25.1	77.4	104.4	25.88	41.2	0.670806720078
ENSDART00000137477	si:ch211-241e1.5	140	25.7	23.7	6.1	12.6	34.5	46.3	NA	NA	NA
ENSDART00000038228	ap1s3b	370	29.7	24.6	8.2	14.8	41.0	56.3	98.29	39.73	-1.30681585117
ENSDART00000040771	rpl34	681	29.7	29.2	7.5	16.2	40.5	52.0	383.98	84.86	-2.17787458488
ENSDART00000134651	rnf220a	180	17.5	14.3	1.2	6.4	24.8	36.6	7.67	5.6	-0.453799750558
ENSDART00000105584	lrrc59	1295	13.4	11.6	2.0	6.1	18.3	26.6	517.89	3.82	-7.08292925308
ENSDART00000040776	anapc4	122	31.7	27.7	10.8	17.4	38.7	54.0	32.5	16.34	-0.992031734657
ENSDART00000134659	sla2	3	14.5	10.8	NA	NA	NA	NA	NA	NA	NA
ENSDART00000057382	fbln5	6	30.4	20.4	NA	NA	NA	NA	NA	NA	NA
ENSDART00000062116	cldnk	2	36.2	36.2	NA	NA	NA	NA	NA	NA	NA
ENSDART00000074840	C8H9orf64	8	14.9	12.3	NA	NA	NA	NA	NA	NA	NA
ENSDART00000057386	golga5	507	28.4	24.8	7.1	14.7	38.1	54.8	65.14	16.1	-2.01648303139
ENSDART00000013201	zgc:101130	14	23.2	15.0	5.9	11.5	30.3	57.6	NA	NA	NA
ENSDART00000013203	cse1l	683	12.0	9.5	0.3	4.2	16.4	26.3	28.84	16.19	-0.832968178938
ENSDART00000047834	nbas	60	36.0	29.2	8.7	17.6	46.9	69.3	NA	NA	NA
ENSDART00000105936	si:dkey-253d23.8	27	15.2	10.4	1.8	5.6	20.1	28.4	NA	NA	NA
ENSDART00000098417	pak2a	122	40.1	31.7	6.0	14.9	59.1	86.4	NA	NA	NA
ENSDART00000125529	C10H21orf91	19	29.2	21.1	6.9	11.1	51.3	60.8	NA	NA	NA
ENSDART00000105283	SAC3D1	139	17.2	15.3	4.1	8.3	24.9	33.1	NA	NA	NA
ENSDART00000105930	si:dkey-253d23.11	5	36.4	33.6	NA	NA	NA	NA	NA	NA	NA
ENSDART00000092536	CABZ01024764.1	1	35.9	35.9	NA	NA	NA	NA	NA	NA	NA
ENSDART00000097722	CABZ01063402.1	25	61.5	62.5	22.2	35.3	81.8	96.7	NA	NA	NA
ENSDART00000097723	sptbn2	62	55.6	39.5	13.2	22.3	75.7	131.4	19.16	71.66	1.90307048247
ENSDART00000079314	zgc:172079	1	10.2	10.2	NA	NA	NA	NA	NA	NA	NA
ENSDART00000089849	CCNYL1	211	40.9	39.6	9.8	19.2	58.8	75.6	43.45	24.78	-0.810179989561
ENSDART00000088653	prss12	1	8.4	8.4	NA	NA	NA	NA	NA	NA	NA
ENSDART00000055238	glyr1	900	22.7	17.2	4.3	9.3	29.6	46.3	10.77	121.98	3.50155446602
ENSDART00000077462	slc6a9	1	-4.2	-4.2	NA	NA	NA	NA	NA	NA	NA
ENSDART00000076151	atp11b	65	18.2	14.3	3.6	7.5	24.9	37.6	NA	NA	NA
ENSDART00000009545	pak4	297	42.8	35.1	5.5	16.7	67.9	88.7	23.74	206.77	3.12263504193
ENSDART00000009343	pyroxd2	9	22.5	17.8	NA	NA	NA	NA	NA	NA	NA
ENSDART00000009549	rhag	2	55.7	55.7	NA	NA	NA	NA	NA	NA	NA
ENSDART00000122200	CT027778.1	17	58.7	57.7	20.1	35.6	81.3	108.4	NA	NA	NA
ENSDART00000104880	si:dkeyp-34c12.1	76	95.0	102.5	42.6	66.1	121.4	141.9	NA	NA	NA
ENSDART00000134222	il15	3	13.7	14.5	NA	NA	NA	NA	NA	NA	NA
ENSDART00000104882	actn2	9	37.7	47.8	NA	NA	NA	NA	NA	NA	NA
ENSDART00000130029	zgc:113333	2	25.4	25.4	NA	NA	NA	NA	NA	NA	NA
ENSDART00000130028	fto	55	15.0	12.3	4.5	7.7	19.6	30.0	NA	NA	NA
ENSDART00000083134	mks1	54	32.5	30.6	18.4	22.6	42.3	55.7	NA	NA	NA
ENSDART00000104888	slc35b4	63	52.9	51.3	9.8	26.4	77.6	101.0	NA	NA	NA
ENSDART00000051197	C10H21orf59	350	23.6	19.7	5.2	12.1	31.8	46.9	NA	NA	NA
ENSDART00000113392	ggcta	4	23.1	23.4	NA	NA	NA	NA	NA	NA	NA
ENSDART00000130530	fam193b	255	42.2	38.1	7.6	15.7	60.6	90.5	22.45	69.19	1.62384809589
ENSDART00000052862	rbm4.1	184	36.4	32.7	12.9	21.2	48.7	64.3	34.83	131.0	1.91116443373
ENSDART00000005869	rpp14	69	25.2	17.4	9.2	13.6	30.2	49.3	NA	NA	NA
ENSDART00000005893	ube2g1a	185	73.5	67.8	4.5	30.0	118.3	144.9	45.74	433.19	3.24347166849
ENSDART00000052864	slc39a7	114	35.1	31.4	9.5	17.4	46.4	62.5	37.7	37.65	-0.00191465859674
ENSDART00000142927	ptrh1	139	25.0	21.4	6.9	13.0	32.6	51.6	NA	NA	NA
ENSDART00000058967	rap2b	149	30.4	20.1	2.2	9.9	42.5	72.6	48.03	80.35	0.742362215325
ENSDART00000142922	slc17a5	43	44.3	34.7	10.3	17.8	69.2	92.6	NA	NA	NA
ENSDART00000053472	rnf41	362	27.9	20.5	5.7	10.8	37.7	60.8	NA	NA	NA
ENSDART00000054235	plrg1	225	36.0	27.5	6.4	12.8	51.7	79.1	40.67	235.43	2.53326127363
ENSDART00000125169	jmjd6	485	22.6	16.2	3.6	8.5	30.2	51.4	NA	NA	NA
ENSDART00000153339	adam17b	8	38.7	28.6	NA	NA	NA	NA	NA	NA	NA
ENSDART00000125162	BX927349.2	77	100.9	107.3	8.9	28.1	158.1	191.9	NA	NA	NA
ENSDART00000125163	HAUS8	38	16.7	16.3	2.3	6.4	22.2	33.9	NA	NA	NA
ENSDART00000049003	atp6v1aa	267	23.6	20.8	5.1	11.5	30.7	46.3	NA	NA	NA
ENSDART00000125167	BX465186.1	1481	25.4	22.0	5.4	12.1	33.8	50.0	383.59	228.28	-0.748760642379
ENSDART00000049007	chst12a	18	29.3	23.2	6.1	11.4	32.9	65.6	NA	NA	NA
ENSDART00000008275	adat3	10	29.3	28.9	8.8	20.5	37.5	49.1	NA	NA	NA
ENSDART00000087586	C2CD4A	9	17.2	15.1	NA	NA	NA	NA	NA	NA	NA
ENSDART00000109707	neurl4	62	27.5	21.7	-3.3	8.3	42.0	68.7	NA	NA	NA
ENSDART00000109703	col6a6	1	92.2	92.2	NA	NA	NA	NA	NA	NA	NA
ENSDART00000010517	eif4eb	116	23.0	16.8	5.6	11.1	25.2	53.2	NA	NA	NA
ENSDART00000132660	polr3gla	1	21.1	21.1	NA	NA	NA	NA	NA	NA	NA
ENSDART00000061274	rps25	1004	21.7	17.9	3.9	9.5	32.5	43.7	570.67	17.81	-5.00189730129
ENSDART00000151665	grap2b	2	12.7	12.7	NA	NA	NA	NA	NA	NA	NA
ENSDART00000151662	fem1c	300	26.2	20.2	7.7	13.7	34.1	51.4	28.63	11.81	-1.2775187056
ENSDART00000056921	csnk1g2a	121	49.1	47.0	10.9	21.2	70.6	94.0	74.12	105.23	0.505611274437
ENSDART00000151661	wipf1	61	18.9	16.9	1.5	7.0	27.4	42.5	NA	NA	NA
ENSDART00000111318	osbpl1a	5	42.2	47.9	NA	NA	NA	NA	NA	NA	NA
ENSDART00000114792	TPC3	121	20.3	19.2	4.4	11.4	30.3	37.5	NA	NA	NA
ENSDART00000138128	si:ch73-112l6.1	18	17.6	13.0	6.4	10.6	24.4	31.1	NA	NA	NA
ENSDART00000098138	si:busm1-228j01.6	4	23.2	22.8	NA	NA	NA	NA	NA	NA	NA
ENSDART00000027603	ckbb	2435	18.2	16.0	4.9	9.9	24.0	33.3	401.71	43.1	-3.22039460125
ENSDART00000062811	yy1a	14	31.9	28.6	-0.4	13.3	41.3	72.4	NA	NA	NA
ENSDART00000020625	FBXO38	240	13.1	11.3	1.0	5.8	17.9	27.6	9.45	5.13	-0.881355503501
ENSDART00000062761	cnstb	1	16.0	16.0	NA	NA	NA	NA	NA	NA	NA
ENSDART00000086301	irge4	1	36.7	36.7	NA	NA	NA	NA	NA	NA	NA
ENSDART00000023677	DUPD1	1	0.9	0.9	NA	NA	NA	NA	NA	NA	NA
ENSDART00000023676	bckdk	147	53.4	36.7	2.9	15.7	92.3	125.1	20.88	249.91	3.58121501414
ENSDART00000112562	socs5a	14	61.6	55.3	12.0	30.6	77.9	111.4	NA	NA	NA
ENSDART00000033491	spryd4	43	45.2	39.3	10.9	26.4	62.0	83.9	42.18	73.62	0.80353865459
ENSDART00000104353	atp2b1b	25	68.0	61.9	9.5	35.3	82.7	149.9	NA	NA	NA
ENSDART00000141005	FAM117B	2	53.5	53.5	NA	NA	NA	NA	NA	NA	NA
ENSDART00000113332	NAV2	5	23.2	15.5	NA	NA	NA	NA	NA	NA	NA
ENSDART00000008277	pibf1	119	32.1	29.3	11.1	15.7	43.2	60.4	70.66	25.09	-1.49378127848
ENSDART00000029646	rplp1	1292	19.3	15.8	1.5	8.0	29.0	40.7	486.08	10.64	-5.513623719
ENSDART00000131774	setd1a	302	33.8	29.0	8.0	15.8	47.4	63.2	27.87	20.85	-0.418665618772
ENSDART00000125804	rbms3	2	49.3	49.3	NA	NA	NA	NA	NA	NA	NA
ENSDART00000091377	MRS2	208	32.0	30.1	10.5	21.1	41.5	53.9	NA	NA	NA
ENSDART00000091376	BX004880.1	1	10.8	10.8	NA	NA	NA	NA	NA	NA	NA
ENSDART00000067086	nans	788	25.2	22.0	7.9	14.4	32.4	44.4	190.96	45.87	-2.057647659
ENSDART00000123591	usp48	34	27.9	25.7	7.4	12.6	38.7	45.3	NA	NA	NA
ENSDART00000067733	C21H18orf25	148	15.2	10.2	2.3	6.4	22.0	33.0	36.66	9.52	-1.94517330723
ENSDART00000025782	nup93	71	38.7	32.4	12.0	23.8	52.4	75.5	23.97	61.22	1.35277313588
ENSDART00000067736	stk11	305	16.8	14.3	2.4	7.7	22.2	32.9	40.28	1.88	-4.42125911633
ENSDART00000122683	srp14	166	50.3	39.7	11.2	24.4	71.3	106.3	104.03	238.31	1.195839861
ENSDART00000005221	prkrirb	147	28.8	24.4	6.0	13.1	42.0	58.3	34.61	20.14	-0.781125258159
ENSDART00000132976	dgcr14	121	26.2	23.1	7.3	14.4	35.9	44.8	NA	NA	NA
ENSDART00000132971	mdm1	1	32.1	32.1	NA	NA	NA	NA	NA	NA	NA
ENSDART00000138568	mgst3	206	24.0	20.7	5.8	12.3	31.0	47.0	NA	NA	NA
ENSDART00000044918	EPHA2	2	95.8	95.8	NA	NA	NA	NA	NA	NA	NA
ENSDART00000012132	cbwd	20	29.6	24.5	16.0	20.4	39.3	49.3	NA	NA	NA
ENSDART00000019003	psmd10	622	15.9	13.3	2.4	6.9	22.0	33.9	NA	NA	NA
ENSDART00000127704	BX005085.2	4	22.0	21.8	NA	NA	NA	NA	NA	NA	NA
ENSDART00000127705	AKNA	7	50.5	42.5	NA	NA	NA	NA	NA	NA	NA
ENSDART00000053408	HAUS2	149	16.9	15.4	3.4	9.0	23.0	31.7	NA	NA	NA
ENSDART00000141606	commd8	147	18.2	15.2	5.1	8.3	24.7	35.9	NA	NA	NA
ENSDART00000127702	prpf6	99	76.9	65.6	13.5	24.1	123.7	148.7	37.98	102.08	1.42638842362
ENSDART00000054368	st5	14	23.5	19.8	10.0	15.0	25.2	43.2	NA	NA	NA
ENSDART00000053405	scamp2	57	44.0	32.6	8.1	14.4	61.2	96.9	NA	NA	NA
ENSDART00000127443	prdm5	13	45.1	35.6	17.8	31.4	64.2	69.7	NA	NA	NA
ENSDART00000127440	BEND2	44	25.0	22.9	8.1	12.5	31.5	45.2	NA	NA	NA
ENSDART00000127444	taf1a	252	18.9	16.9	5.2	9.6	26.1	36.1	42.05	5.75	-2.87047193931
ENSDART00000042421	ppp2ca	2	36.8	36.8	NA	NA	NA	NA	NA	NA	NA
ENSDART00000139213	zgc:153968	3	20.7	15.7	NA	NA	NA	NA	NA	NA	NA
ENSDART00000139214	ogdhb	18	27.2	18.6	9.1	10.6	26.2	46.1	NA	NA	NA
ENSDART00000067558	spg11	70	18.9	17.5	5.2	12.5	26.1	31.4	11.3	0.49	-4.52739721319
ENSDART00000123759	rapgef1b	229	47.5	40.2	12.0	21.7	61.3	98.8	30.06	69.17	1.20230144717
ENSDART00000044314	itgav	23	46.4	27.1	8.6	12.6	76.7	106.3	7.76	25.73	1.72932289955
ENSDART00000044647	PPIL3	116	17.4	15.0	5.1	9.1	23.5	31.5	NA	NA	NA
ENSDART00000114247	zgc:66449	12	24.0	22.0	6.4	16.5	33.4	35.1	NA	NA	NA
ENSDART00000135930	arid1aa	233	15.1	12.5	1.5	7.0	20.0	30.1	19.69	8.32	-1.24280767776
ENSDART00000020621	mapk4	9	32.8	20.7	NA	NA	NA	NA	NA	NA	NA
ENSDART00000020327	mrpl16	60	14.0	14.4	2.8	7.1	21.5	25.1	NA	NA	NA
ENSDART00000113215	ide	635	83.2	82.4	25.1	50.7	115.4	140.6	34.39	531.39	3.94971005765
ENSDART00000121661	zp2.6	339	15.4	12.9	1.3	6.5	20.0	30.7	NA	NA	NA
ENSDART00000121660	acot11b	4	15.6	14.4	NA	NA	NA	NA	NA	NA	NA
ENSDART00000114248	snx29	37	37.1	28.4	12.2	19.7	44.8	71.9	NA	NA	NA
ENSDART00000098563	plcb3	47	84.2	100.1	24.0	37.9	117.7	144.8	NA	NA	NA
ENSDART00000098565	CABZ01062083.1	239	17.0	13.1	1.1	5.5	21.0	36.9	NA	NA	NA
ENSDART00000084929	si:dkey-157l19.2	10	32.0	18.6	5.0	12.5	45.5	83.8	NA	NA	NA
ENSDART00000110409	FRMD5	5	8.1	9.2	NA	NA	NA	NA	NA	NA	NA
ENSDART00000110408	dph1	306	31.5	27.4	6.0	12.8	45.3	64.9	NA	NA	NA
ENSDART00000062092	trmt6	174	29.9	24.4	6.7	13.7	42.6	53.1	53.92	119.31	1.14582256634
ENSDART00000089351	nceh1b	1	12.6	12.6	NA	NA	NA	NA	NA	NA	NA
ENSDART00000105352	gip	1	18.6	18.6	NA	NA	NA	NA	NA	NA	NA
ENSDART00000144439	vwa1	1	16.9	16.9	NA	NA	NA	NA	NA	NA	NA
ENSDART00000049944	smarcb1a	818	18.2	15.2	3.6	8.6	24.4	36.7	90.39	17.49	-2.36963288439
ENSDART00000075127	b2m	27	27.3	17.7	11.5	14.6	32.1	52.5	NA	NA	NA
ENSDART00000148514	aprt	146	18.9	14.1	2.8	7.7	24.9	42.6	NA	NA	NA
ENSDART00000123137	st3gal3b	51	49.6	47.7	12.3	32.0	63.9	91.8	NA	NA	NA
ENSDART00000101097	acp6	4	7.1	6.1	NA	NA	NA	NA	NA	NA	NA
ENSDART00000123131	pmaip1	4	42.7	33.6	NA	NA	NA	NA	NA	NA	NA
ENSDART00000075129	lrrc47	0	NA	NA	NA	NA	NA	NA	18.31	8.04	-1.18736438462
ENSDART00000113816	C16H8orf76	101	20.0	16.4	0.4	6.9	26.5	40.3	21.06	2.54	-3.05160503425
ENSDART00000113815	sall1b	2	59.3	59.3	NA	NA	NA	NA	NA	NA	NA
ENSDART00000148692	apobec2a	1	18.8	18.8	NA	NA	NA	NA	NA	NA	NA
ENSDART00000112212	ZSWIM2	8	35.2	38.3	NA	NA	NA	NA	NA	NA	NA
ENSDART00000036901	fbxw11a	400	25.6	20.1	5.6	11.1	33.0	55.2	23.03	29.58	0.361107641306
ENSDART00000148698	eme1	298	25.6	23.7	6.8	12.0	35.5	48.1	86.16	48.0	-0.843983844048
ENSDART00000065772	ddt	66	71.2	72.1	14.6	31.4	102.7	124.1	NA	NA	NA
ENSDART00000140531	dimt1l	4	37.3	40.4	NA	NA	NA	NA	NA	NA	NA
ENSDART00000140532	si:dkey-6a5.3	7	23.7	31.2	NA	NA	NA	NA	NA	NA	NA
ENSDART00000150218	treh	286	23.7	22.2	7.3	13.9	31.3	42.2	NA	NA	NA
ENSDART00000112210	plekha5	43	59.5	40.3	12.5	21.7	95.0	132.7	5.38	35.37	2.71684814114
ENSDART00000034979	mospd1	136	33.1	30.9	8.9	17.0	45.6	60.7	NA	NA	NA
ENSDART00000007636	zgc:77118	7755	22.1	17.1	2.8	8.3	31.4	48.3	456.23	47.28	-3.27045937544
ENSDART00000007630	nhlh2	3	28.9	35.8	NA	NA	NA	NA	NA	NA	NA
ENSDART00000127693	vps4b	153	58.5	51.1	18.2	27.3	78.7	106.6	NA	NA	NA
ENSDART00000122081	sybu	554	12.0	9.7	0.3	4.4	17.0	26.6	NA	NA	NA
ENSDART00000122084	PRODH	3	22.3	16.6	NA	NA	NA	NA	NA	NA	NA
ENSDART00000040169	jakmip2	4	14.5	15.2	NA	NA	NA	NA	NA	NA	NA
ENSDART00000128727	DMXL1	157	19.1	18.0	2.1	9.7	26.1	37.9	15.3	1.84	-3.05575398152
ENSDART00000102952	suz12a	219	55.8	47.1	10.9	22.3	78.6	114.8	34.58	183.18	2.40525222129
ENSDART00000010942	rnf14	161	28.9	27.3	7.2	14.8	38.5	59.4	17.17	6.93	-1.30896278186
ENSDART00000010792	ptdss1	201	86.5	92.2	19.9	58.1	118.8	137.9	40.0	109.75	1.45614903465
ENSDART00000106112	RRP8	173	18.4	14.6	3.7	7.6	26.3	44.3	44.0	2.74	-4.00525572545
ENSDART00000045991	vrk1	13	7.3	4.8	0.7	2.7	11.3	19.5	NA	NA	NA
ENSDART00000141314	abi2a	22	76.2	58.9	7.7	14.5	136.2	170.1	9.52	26.01	1.45003292064
ENSDART00000060051	fgf14	23	34.0	30.6	2.2	11.2	52.2	74.4	NA	NA	NA
ENSDART00000060056	tpi1b	357	25.8	20.6	6.3	11.6	36.7	51.0	58.39	55.0	-0.0862896924931
ENSDART00000060505	mia3	261	124.5	137.7	28.1	90.6	167.0	181.9	30.93	146.25	2.24135788616
ENSDART00000149429	boka	2	37.8	37.8	NA	NA	NA	NA	NA	NA	NA
ENSDART00000106244	zgc:171750	397	30.5	24.5	6.4	14.2	40.8	62.5	20.76	10.01	-1.05236446952
ENSDART00000106246	CABZ01006835.1	1	24.4	24.4	NA	NA	NA	NA	NA	NA	NA
ENSDART00000122966	hapln1a	4	27.4	27.8	NA	NA	NA	NA	NA	NA	NA
ENSDART00000038430	AKAP13	5	48.2	42.3	NA	NA	NA	NA	NA	NA	NA
ENSDART00000019416	lhfp	8	27.9	21.6	NA	NA	NA	NA	NA	NA	NA
ENSDART00000115321	ahctf1	670	22.1	16.9	3.5	8.9	29.9	45.9	54.8	17.97	-1.60858548434
ENSDART00000075413	cox7c	570	20.9	17.3	4.5	9.0	29.0	43.3	212.42	162.69	-0.38479403055
ENSDART00000081633	SMC6	65	37.1	30.5	5.2	12.2	51.5	81.4	NA	NA	NA
ENSDART00000087246	pds5b	317	47.2	37.5	7.8	16.5	69.0	101.5	23.01	171.19	2.89526554103
ENSDART00000030683	tmpob	150	31.0	22.5	9.1	13.9	40.5	64.0	31.4	59.97	0.933476413687
ENSDART00000027428	chuk	186	63.7	64.3	24.5	44.1	82.5	104.5	23.01	125.23	2.44424732589
ENSDART00000067734	snx16	56	42.2	39.8	16.1	28.9	54.2	69.2	NA	NA	NA
ENSDART00000111129	ccar1	14	80.9	90.0	8.8	24.8	129.6	144.3	4.37	18.45	2.07791563145
ENSDART00000127699	CU019646.2	216	14.6	12.5	1.9	6.8	21.6	29.9	NA	NA	NA
ENSDART00000012862	isl2a	1	26.9	26.9	NA	NA	NA	NA	NA	NA	NA
ENSDART00000126297	sc5d	25	32.9	32.4	8.2	16.7	46.7	58.5	NA	NA	NA
ENSDART00000038434	hcrtr2	1	35.7	35.7	NA	NA	NA	NA	NA	NA	NA
ENSDART00000043924	mpp6b	34	36.6	25.8	9.2	18.6	40.5	81.2	NA	NA	NA
ENSDART00000077814	cdc16	294	23.0	19.7	4.1	12.1	29.8	44.4	51.51	36.12	-0.512054647242
ENSDART00000122660	hnrnpa0a	14	94.8	118.9	7.2	35.8	137.4	147.7	NA	NA	NA
ENSDART00000043920	mthfd2	37	20.4	17.7	3.5	10.8	28.0	40.2	NA	NA	NA
ENSDART00000081477	sri	125	28.2	25.8	5.7	16.6	38.7	51.1	NA	NA	NA
ENSDART00000132301	micu1	68	31.0	22.8	5.6	13.7	38.7	68.3	NA	NA	NA
ENSDART00000051712	gatad1	7	33.9	18.7	NA	NA	NA	NA	NA	NA	NA
ENSDART00000143340	cbx5	397	94.2	104.5	17.8	63.1	127.6	147.6	46.81	566.95	3.59833283761
ENSDART00000132309	gnptab	19	59.2	54.5	13.0	15.5	92.4	110.7	NA	NA	NA
ENSDART00000010420	actr1	369	30.2	24.9	8.7	14.4	41.1	58.8	NA	NA	NA
ENSDART00000018238	pdlim3a	2	9.2	9.2	NA	NA	NA	NA	NA	NA	NA
ENSDART00000045190	calb1	2	17.6	17.6	NA	NA	NA	NA	NA	NA	NA
ENSDART00000134794	spata6	14	24.0	13.7	1.2	7.8	47.6	56.9	NA	NA	NA
ENSDART00000018235	crot	8	55.0	50.2	NA	NA	NA	NA	NA	NA	NA
ENSDART00000134798	tdrd5	517	22.0	19.5	6.8	12.8	29.1	40.1	33.07	8.81	-1.90830912127
ENSDART00000018230	ap4b1	3	34.5	27.7	NA	NA	NA	NA	NA	NA	NA
ENSDART00000111656	gpr78	11	26.9	26.5	11.2	17.6	36.1	45.3	NA	NA	NA
ENSDART00000086619	prkca	54	32.1	25.6	10.2	17.0	42.0	59.2	NA	NA	NA
ENSDART00000085574	CD109	1	76.9	76.9	NA	NA	NA	NA	NA	NA	NA
ENSDART00000085573	rgs7bpa	2	70.0	70.0	NA	NA	NA	NA	NA	NA	NA
ENSDART00000082070	RASSF3	63	83.7	80.9	17.2	43.0	123.6	157.9	NA	NA	NA
ENSDART00000055009	uncx4.1	46	13.0	11.5	4.0	7.3	15.9	24.9	NA	NA	NA
ENSDART00000111941	zgc:174310	90	23.1	20.6	4.9	11.8	30.3	48.6	NA	NA	NA
ENSDART00000108942	ppargc1b	14	35.5	27.1	3.6	7.7	53.3	77.7	NA	NA	NA
ENSDART00000108945	GID4	26	31.5	28.5	2.3	8.3	42.4	74.1	NA	NA	NA
ENSDART00000135846	zfhx4	7	32.5	28.9	NA	NA	NA	NA	NA	NA	NA
ENSDART00000023074	mrps18b	421	21.8	18.6	4.1	10.9	29.4	42.6	44.12	31.89	-0.468328693339
ENSDART00000026551	srpx	15	20.1	16.6	3.1	11.4	28.2	42.4	NA	NA	NA
ENSDART00000097328	arfgap2	575	23.5	19.4	5.9	11.0	29.7	44.7	66.71	83.42	0.322490270922
ENSDART00000112360	usp45	120	27.8	25.7	7.8	15.6	37.1	50.3	NA	NA	NA
ENSDART00000112361	espl1	318	93.6	97.4	25.5	57.6	128.9	160.5	26.13	197.19	2.91580736111
ENSDART00000112024	SNX19	43	34.3	22.1	8.1	16.1	41.5	72.9	NA	NA	NA
ENSDART00000061672	prpf39	166	53.7	48.9	11.0	25.9	76.6	98.2	30.07	119.97	1.99627691396
ENSDART00000061677	si:ch211-14a17.6	256	25.0	19.2	6.0	11.3	32.0	50.2	NA	NA	NA
ENSDART00000101731	larp7	103	104.4	108.1	41.5	78.0	139.1	155.7	56.82	260.85	2.19874969673
ENSDART00000037749	stx5a	236	35.2	23.3	7.9	14.6	41.0	81.7	69.39	120.72	0.798865039169
ENSDART00000152518	LRFN2	4	16.4	10.7	NA	NA	NA	NA	NA	NA	NA
ENSDART00000083308	ptprsa	33	42.0	28.2	12.7	17.5	66.5	89.5	4.67	4.14	-0.17379178221
ENSDART00000021786	arl1	131	53.4	48.3	17.4	30.1	73.2	103.2	28.12	91.07	1.6953792897
ENSDART00000021782	mcat	5	24.3	21.9	NA	NA	NA	NA	NA	NA	NA
ENSDART00000083305	slc19a2	11	61.8	41.7	10.5	21.3	67.0	84.0	NA	NA	NA
ENSDART00000021788	pbk	414	26.7	17.4	4.1	8.9	33.1	61.7	NA	NA	NA
ENSDART00000112700	lrig2	2	3.7	3.7	NA	NA	NA	NA	NA	NA	NA
ENSDART00000066909	slc35e3	258	53.6	53.6	14.1	29.8	74.7	90.7	NA	NA	NA
ENSDART00000002075	wu:fd55e03	1	23.6	23.6	NA	NA	NA	NA	NA	NA	NA
ENSDART00000102850	elk4	13	39.3	32.3	2.4	12.1	60.7	91.8	NA	NA	NA
ENSDART00000103397	slc39a9	287	25.6	18.9	3.6	10.5	33.7	55.7	33.57	58.98	0.813053285364
ENSDART00000135677	gosr1	188	40.5	34.5	11.1	22.3	50.4	75.1	NA	NA	NA
ENSDART00000126924	pak2b	206	39.2	25.8	7.5	13.8	52.6	90.5	19.47	60.94	1.64613661597
ENSDART00000014098	ggctb	1	29.0	29.0	NA	NA	NA	NA	NA	NA	NA
ENSDART00000075086	cep44	12	26.0	25.4	4.2	14.1	39.3	43.6	NA	NA	NA
ENSDART00000014095	rap2c	275	97.5	98.7	35.9	62.8	132.8	155.0	90.54	154.78	0.773591853034
ENSDART00000041697	abl2	71	67.7	67.6	24.7	36.2	95.8	116.5	7.78	36.59	2.23360735535
ENSDART00000110559	GRAMD1C	256	52.9	49.2	12.9	26.9	75.0	102.4	32.07	147.61	2.20249420276
ENSDART00000105387	jmjd4	41	35.5	30.1	13.1	21.5	45.1	68.6	NA	NA	NA
ENSDART00000022246	bcs1l	58	28.9	29.1	9.9	18.4	38.5	47.3	NA	NA	NA
ENSDART00000046423	arl4cb	32	31.5	26.7	10.2	20.9	43.4	53.6	NA	NA	NA
ENSDART00000142263	EVA1B	80	22.4	18.0	5.6	10.5	30.9	40.5	NA	NA	NA
ENSDART00000086173	atm	23	32.6	25.7	5.0	15.1	38.2	47.6	NA	NA	NA
ENSDART00000089652	CR788297.1	33	17.2	13.9	3.5	6.3	28.5	37.4	NA	NA	NA
ENSDART00000147775	rxfp2b	15	28.3	26.5	7.0	13.9	33.6	51.1	NA	NA	NA
ENSDART00000129752	zgc:113452	7	31.7	29.5	NA	NA	NA	NA	NA	NA	NA
ENSDART00000112793	cdc26	302	26.0	22.6	9.6	14.6	32.9	47.5	70.93	13.85	-2.35650997132
ENSDART00000041349	crygn2	1	22.8	22.8	NA	NA	NA	NA	NA	NA	NA
ENSDART00000034441	tcp11l2	47	27.5	17.9	3.3	9.0	32.6	57.4	NA	NA	NA
ENSDART00000098826	CT573476.1	1	25.9	25.9	NA	NA	NA	NA	NA	NA	NA
ENSDART00000032861	ankrd52a	44	33.2	30.6	-5.8	10.7	55.4	75.4	17.03	63.09	1.88933291577
ENSDART00000114970	SPDL1	2	37.3	37.3	NA	NA	NA	NA	20.86	6.85	-1.60656326467
ENSDART00000022242	ogdha	215	25.2	22.5	7.9	14.8	33.6	43.7	NA	NA	NA
ENSDART00000089013	vrtn	158	58.6	38.6	7.5	17.1	89.1	145.3	14.47	309.86	4.42047970166
ENSDART00000130230	nfatc2ip	495	13.5	10.6	1.1	5.2	17.6	29.0	43.6	5.38	-3.01865005711
ENSDART00000129759	rdh10b	2229	13.6	11.9	2.2	6.9	18.0	25.5	129.58	3.28	-5.30400343785
ENSDART00000078651	dixdc1b	152	25.6	22.9	7.3	13.4	33.9	45.7	NA	NA	NA
ENSDART00000152687	si:ch211-286b5.4	445	28.1	24.7	8.5	14.2	36.0	48.7	113.51	43.24	-1.39238097343
ENSDART00000129758	slc4a2a	7	15.1	17.1	NA	NA	NA	NA	NA	NA	NA
ENSDART00000104233	cyfip1	97	125.3	146.8	24.5	79.5	167.1	190.2	7.68	127.52	4.05347341327
ENSDART00000111659	dfnb31a	36	30.7	29.1	4.0	14.0	41.7	63.8	NA	NA	NA
ENSDART00000112803	wdr20b	194	48.6	48.0	10.7	25.9	70.9	86.7	52.99	86.1	0.700293110241
ENSDART00000113656	ppp2r3b	127	12.3	9.4	1.4	4.2	18.1	26.2	13.47	2.56	-2.39553413546
ENSDART00000138028	blk	5	32.4	22.6	NA	NA	NA	NA	NA	NA	NA
ENSDART00000002078	neurod2	3	10.1	16.2	NA	NA	NA	NA	NA	NA	NA
ENSDART00000124544	epn1	159	29.0	24.1	6.5	14.4	40.3	59.0	26.03	7.24	-1.84611370932
ENSDART00000062375	TMEM81	1	13.3	13.3	NA	NA	NA	NA	NA	NA	NA
ENSDART00000024578	npepl1	397	30.1	22.0	6.1	12.5	39.2	66.2	73.69	139.33	0.918965168165
ENSDART00000052649	WIPF3	9	59.0	67.9	NA	NA	NA	NA	NA	NA	NA
ENSDART00000112800	hmox2b	31	40.0	25.5	1.3	16.3	60.4	102.0	NA	NA	NA
ENSDART00000052792	cers3b	2	40.6	40.6	NA	NA	NA	NA	NA	NA	NA
ENSDART00000127933	MBD1	41	68.3	69.6	-2.7	25.6	110.8	139.8	22.67	66.87	1.56057472624
ENSDART00000127932	MIIP	49	35.2	26.7	12.0	16.5	45.4	57.8	NA	NA	NA
ENSDART00000053870	galca	33	52.2	50.9	10.6	29.9	72.8	91.5	NA	NA	NA
ENSDART00000053876	dnajc22	1	29.2	29.2	NA	NA	NA	NA	NA	NA	NA
ENSDART00000053877	zdhhc14	4	34.0	28.9	NA	NA	NA	NA	NA	NA	NA
ENSDART00000053875	LGALS8	7	20.7	21.7	NA	NA	NA	NA	NA	NA	NA
ENSDART00000002453	acsl4l	60	63.5	62.9	18.5	26.2	92.8	113.5	NA	NA	NA
ENSDART00000035098	f11r	1467	41.6	35.9	9.0	19.4	58.1	81.7	65.68	305.07	2.21561428279
ENSDART00000104234	cx35b	1	34.8	34.8	NA	NA	NA	NA	NA	NA	NA
ENSDART00000109931	oafa	120	42.7	39.2	9.8	22.0	62.1	76.9	NA	NA	NA
ENSDART00000078998	crp2	264	13.8	11.1	1.2	5.7	19.0	28.1	35.87	34.64	-0.0503388152308
ENSDART00000109935	lonrf1	26	50.6	33.9	14.4	17.4	71.8	100.7	NA	NA	NA
ENSDART00000022803	snx10a	949	17.4	15.9	3.0	8.6	24.2	33.4	NA	NA	NA
ENSDART00000124842	zgc:153867	975	64.4	60.6	17.0	34.7	91.2	117.6	120.01	553.61	2.20571537757
ENSDART00000091612	dab2ipa	1	9.2	9.2	NA	NA	NA	NA	NA	NA	NA
ENSDART00000091615	iffo1a	2	42.6	42.6	NA	NA	NA	NA	NA	NA	NA
ENSDART00000091616	sdhaf2	80	24.8	22.9	9.9	13.5	35.7	43.4	NA	NA	NA
ENSDART00000033621	tm9sf1	63	32.6	28.3	9.2	17.3	45.1	62.6	NA	NA	NA
ENSDART00000054062	zgc:113355	4	42.8	28.7	NA	NA	NA	NA	NA	NA	NA
ENSDART00000054064	zc3h13	170	49.1	37.6	9.8	19.3	77.4	103.6	60.22	81.31	0.43319008659
ENSDART00000112809	ndufb5	701	24.8	20.5	6.4	11.5	33.9	50.7	111.94	56.57	-0.984616576752
ENSDART00000054066	zic2b	7	27.1	16.6	NA	NA	NA	NA	NA	NA	NA
ENSDART00000138798	CEP85	495	25.6	21.4	3.6	11.6	34.3	55.4	42.57	39.65	-0.10251622419
ENSDART00000020665	sgta	43	20.8	19.0	7.0	10.3	27.9	38.8	NA	NA	NA
ENSDART00000138792	arhgap4b	21	76.1	80.0	2.9	13.1	128.2	154.9	NA	NA	NA
ENSDART00000129678	CABZ01088061.1	8	56.6	54.4	NA	NA	NA	NA	NA	NA	NA
ENSDART00000129679	abcd4	23	11.9	7.3	0.2	4.7	17.0	24.8	NA	NA	NA
ENSDART00000121478	otud5b	182	26.7	22.9	7.8	15.6	35.5	47.5	40.88	9.14	-2.16112912588
ENSDART00000104487	cox4i2	3	7.1	7.5	NA	NA	NA	NA	NA	NA	NA
ENSDART00000124073	CSF3	12	5.6	4.7	1.7	3.5	7.2	13.4	NA	NA	NA
ENSDART00000124152	rgs17	33	26.4	19.3	4.1	9.7	35.2	61.4	NA	NA	NA
ENSDART00000024316	mcm5	552	23.8	20.1	5.0	10.7	32.2	48.4	117.07	79.63	-0.555987459851
ENSDART00000129194	si:ch211-113p18.3	62	20.0	15.5	3.4	11.9	23.6	49.4	NA	NA	NA
ENSDART00000024313	rnf150a	242	33.1	27.9	4.7	14.0	43.6	70.4	NA	NA	NA
ENSDART00000024312	dera	12	27.7	31.8	4.2	23.2	37.6	45.2	NA	NA	NA
ENSDART00000031727	vamp8	204	22.4	18.4	4.7	10.4	28.1	44.8	NA	NA	NA
ENSDART00000086795	zbtb44	9	37.2	30.4	NA	NA	NA	NA	NA	NA	NA
ENSDART00000003790	pwp1	105	30.0	24.4	7.4	13.7	36.3	67.0	28.46	7.28	-1.96692530633
ENSDART00000021360	galnt2	113	46.0	39.5	9.5	18.6	68.2	95.6	NA	NA	NA
ENSDART00000029781	ahsa1	1	0.3	0.3	NA	NA	NA	NA	NA	NA	NA
ENSDART00000063559	RELL2	1	18.9	18.9	NA	NA	NA	NA	NA	NA	NA
ENSDART00000003706	kmo	3	57.6	50.0	NA	NA	NA	NA	NA	NA	NA
ENSDART00000009755	rxrba	130	47.7	33.7	4.6	15.7	68.2	113.7	16.11	87.75	2.44544263137
ENSDART00000134226	ddx20	106	38.7	33.1	11.0	18.0	51.7	76.1	19.01	46.93	1.30375192838
ENSDART00000139771	RNF214	200	34.6	31.2	7.3	18.1	50.0	62.4	27.89	19.7	-0.501552304685
ENSDART00000078908	usp1	139	57.0	45.4	1.9	13.5	91.5	127.5	34.33	169.26	2.30169930935
ENSDART00000139775	sestd1	534	23.2	18.2	5.6	10.1	31.3	46.5	58.04	34.27	-0.760101327548
ENSDART00000047776	cblb	11	42.5	29.6	16.7	19.3	60.2	87.0	NA	NA	NA
ENSDART00000087229	LMLN	12	57.9	52.8	14.0	18.5	92.4	93.0	NA	NA	NA
ENSDART00000145061	pnpla7b	9	25.5	16.8	NA	NA	NA	NA	NA	NA	NA
ENSDART00000013011	vdac2	626	22.3	15.0	3.6	8.1	30.6	48.6	64.66	67.3	0.0577329973716
ENSDART00000004217	coro1ca	385	51.1	36.9	9.0	17.6	74.6	122.9	29.75	196.72	2.72518206651
ENSDART00000137658	si:dkey-58f10.6	1	66.9	66.9	NA	NA	NA	NA	NA	NA	NA
ENSDART00000129490	C5H9orf16	24	11.3	9.7	0.5	4.4	16.4	19.6	NA	NA	NA
ENSDART00000129496	cyr61	106	12.4	9.8	0.7	4.7	16.8	27.9	NA	NA	NA
ENSDART00000129495	C12H10orf88	270	33.5	29.8	8.3	16.5	45.4	65.3	32.13	14.67	-1.1310521098
ENSDART00000079234	msxa	2	154.1	154.1	NA	NA	NA	NA	NA	NA	NA
ENSDART00000079233	CABZ01055343.1	6	57.9	61.1	NA	NA	NA	NA	NA	NA	NA
ENSDART00000076503	ap1g2	166	20.9	19.5	6.3	11.5	28.8	38.9	NA	NA	NA
ENSDART00000105135	oprl1	5	28.6	19.1	NA	NA	NA	NA	NA	NA	NA
ENSDART00000105133	wnt4a	2	50.6	50.6	NA	NA	NA	NA	NA	NA	NA
ENSDART00000076506	wisp1a	1	47.5	47.5	NA	NA	NA	NA	NA	NA	NA
ENSDART00000007029	usb1	3	29.5	31.6	NA	NA	NA	NA	NA	NA	NA
ENSDART00000090709	COQ7	34	31.1	26.9	8.6	16.5	42.6	58.1	NA	NA	NA
ENSDART00000149579	dpysl4	1	41.8	41.8	NA	NA	NA	NA	NA	NA	NA
ENSDART00000007021	atp6v1ba	447	23.7	19.9	6.4	11.4	31.6	50.2	NA	NA	NA
ENSDART00000017849	her7	46	13.4	10.9	1.8	5.2	20.2	28.5	NA	NA	NA
ENSDART00000149574	ca14	2	27.7	27.7	NA	NA	NA	NA	NA	NA	NA
ENSDART00000149571	ldb2a	8	26.1	17.2	NA	NA	NA	NA	NA	NA	NA
ENSDART00000122870	RAB11FIP5	1	116.6	116.6	NA	NA	NA	NA	NA	NA	NA
ENSDART00000125393	FP102169.1	1	63.5	63.5	NA	NA	NA	NA	NA	NA	NA
ENSDART00000125396	sfr1	288	19.2	17.1	6.2	10.1	25.4	35.6	NA	NA	NA
ENSDART00000122878	si:ch211-113a14.13	25	-4.6	-6.1	-9.9	-8.1	-3.5	3.4	NA	NA	NA
ENSDART00000024084	pck2	1	13.8	13.8	NA	NA	NA	NA	NA	NA	NA
ENSDART00000063359	ucp2	151	96.9	106.6	26.4	67.2	127.9	152.2	294.23	17.48	-4.07316726284
ENSDART00000078018	ruvbl2	145	48.5	41.2	14.8	26.4	63.1	89.7	75.82	112.79	0.572988801949
ENSDART00000065566	hars2	270	16.0	14.2	2.4	8.3	21.6	30.7	NA	NA	NA
ENSDART00000145281	si:dkey-187a12.4	19	30.6	30.2	12.2	19.4	38.7	47.9	NA	NA	NA
ENSDART00000135207	rbm4.3	1353	115.6	123.9	43.7	89.9	147.0	164.7	61.49	1413.66	4.52293956159
ENSDART00000063420	si:rp71-1i20.2	1	10.9	10.9	NA	NA	NA	NA	NA	NA	NA
ENSDART00000145282	sepp1a	8	41.9	48.6	NA	NA	NA	NA	NA	NA	NA
ENSDART00000135200	ccdc28b	1	21.8	21.8	NA	NA	NA	NA	NA	NA	NA
ENSDART00000063357	ccnb1	3950	57.1	48.6	8.9	21.2	87.0	120.3	572.94	5527.68	3.27021813121
ENSDART00000025046	ppp1caa	193	80.9	79.7	13.8	40.9	117.8	136.4	38.22	499.49	3.70805611152
ENSDART00000011970	zgc:66479	138	46.8	45.2	11.5	23.5	66.2	88.9	73.68	103.83	0.494878380795
ENSDART00000137131	dnah7	1	41.4	41.4	NA	NA	NA	NA	NA	NA	NA
ENSDART00000052293	sh3bgrl3	66	32.8	21.9	-2.5	6.0	56.5	77.7	NA	NA	NA
ENSDART00000052292	trnau1apa	44	29.4	27.6	8.5	14.4	41.0	52.3	NA	NA	NA
ENSDART00000063483	prkchb	1	5.3	5.3	NA	NA	NA	NA	NA	NA	NA
ENSDART00000043455	smad3b	9	29.8	21.0	NA	NA	NA	NA	NA	NA	NA
ENSDART00000036499	aamdc	3	23.9	23.4	NA	NA	NA	NA	NA	NA	NA
ENSDART00000017153	hps4	159	19.6	16.1	5.1	9.8	27.5	38.9	NA	NA	NA
ENSDART00000076333	pgk1	1205	11.7	10.1	1.8	5.6	15.5	22.3	NA	NA	NA
ENSDART00000152216	znf513	57	29.3	17.8	4.4	12.4	44.8	60.3	NA	NA	NA
ENSDART00000043452	tsnaxip1	2	31.0	31.0	NA	NA	NA	NA	NA	NA	NA
ENSDART00000012659	zgc:55888	37	20.6	14.1	2.6	8.2	26.4	43.9	NA	NA	NA
ENSDART00000080029	ak7b	1	8.7	8.7	NA	NA	NA	NA	NA	NA	NA
ENSDART00000032778	RNF144B	170	12.9	10.5	0.4	5.0	17.3	25.8	NA	NA	NA
ENSDART00000141618	ercc2	300	15.5	12.5	0.8	5.6	24.5	34.9	36.36	16.15	-1.17081803461
ENSDART00000128728	cux2a	82	20.0	19.1	6.3	10.9	25.4	35.7	NA	NA	NA
ENSDART00000101091	zgc:65772	97	32.8	25.2	7.5	13.3	43.5	70.0	65.66	127.68	0.959445901649
ENSDART00000144883	fam162a	248	27.0	22.3	6.4	12.0	37.1	51.3	NA	NA	NA
ENSDART00000144220	si:dkey-52k20.13	16	25.8	16.5	3.7	10.2	29.1	68.1	NA	NA	NA
ENSDART00000128722	RGS9BP	63	17.6	12.6	1.2	6.9	22.1	37.2	NA	NA	NA
ENSDART00000141616	abcb5	141	19.5	17.0	3.4	8.4	25.8	37.2	8.75	3.5	-1.32192809489
ENSDART00000144225	osgep	17	25.7	18.5	6.1	11.8	38.8	57.1	NA	NA	NA
ENSDART00000151418	ap2m1b	51	16.3	13.7	2.6	7.6	22.1	32.9	21.63	102.45	2.24381441394
ENSDART00000021208	RABGAP1	27	56.0	48.2	7.4	25.0	77.9	121.9	NA	NA	NA
ENSDART00000111124	acot7	1	29.2	29.2	NA	NA	NA	NA	NA	NA	NA
ENSDART00000016793	memo1	107	50.5	47.6	10.0	25.1	70.3	80.9	31.09	190.14	2.61253954376
ENSDART00000111123	MSH4	1	10.7	10.7	NA	NA	NA	NA	NA	NA	NA
ENSDART00000122520	chchd3	138	19.5	13.8	3.2	6.8	22.3	37.5	16.0	9.51	-0.750554658914
ENSDART00000097934	cdh4	4	50.7	41.0	NA	NA	NA	NA	NA	NA	NA
ENSDART00000108718	polr2d	452	32.5	28.1	7.0	13.6	45.6	64.4	96.91	123.62	0.351194722148
ENSDART00000097930	vsig8a	3	71.7	67.2	NA	NA	NA	NA	NA	NA	NA
ENSDART00000148737	btk	2	22.7	22.7	NA	NA	NA	NA	NA	NA	NA
ENSDART00000066655	mybl1	19	18.6	15.0	7.3	10.1	24.5	33.0	NA	NA	NA
ENSDART00000000887	rassf6	3	9.9	9.0	NA	NA	NA	NA	NA	NA	NA
ENSDART00000097939	ZCCHC2	1	66.4	66.4	NA	NA	NA	NA	NA	NA	NA
ENSDART00000097938	NSUN6	6	42.7	36.0	NA	NA	NA	NA	NA	NA	NA
ENSDART00000026965	plxnb3	4	51.0	39.6	NA	NA	NA	NA	3.09	3.55	0.200212186488
ENSDART00000112805	CR848784.2	5	63.9	50.6	NA	NA	NA	NA	NA	NA	NA
ENSDART00000089017	rnasen	427	17.9	13.6	3.0	7.5	23.5	37.8	49.6	13.29	-1.899999016
ENSDART00000112801	dhcr7	43	26.1	18.2	4.1	11.4	35.5	51.4	NA	NA	NA
ENSDART00000089014	myo1ha	1	108.7	108.7	NA	NA	NA	NA	NA	NA	NA
ENSDART00000124847	CABZ01081748.1	6	24.4	27.1	NA	NA	NA	NA	NA	NA	NA
ENSDART00000124845	nmt1a	176	30.5	14.6	3.5	8.2	26.2	70.5	31.03	62.53	1.01088482038
ENSDART00000152689	OPLAH	6	12.8	9.0	NA	NA	NA	NA	NA	NA	NA
ENSDART00000026969	suco	150	62.8	61.5	9.9	27.6	92.8	126.8	14.27	21.46	0.588664741281
ENSDART00000124840	PPP4R1L	420	81.7	84.8	18.7	49.6	113.9	135.2	94.61	142.91	0.595042285888
ENSDART00000064369	akap7	17	33.4	26.0	8.4	11.0	50.6	66.8	NA	NA	NA
ENSDART00000013961	mycla	765	46.0	43.6	10.5	24.2	64.8	83.7	167.56	353.63	1.07756288082
ENSDART00000060998	nme5	1	15.5	15.5	NA	NA	NA	NA	NA	NA	NA
ENSDART00000080247	trim105	49	31.4	24.4	2.0	11.3	43.0	56.2	NA	NA	NA
ENSDART00000064365	C20H1orf198	387	21.6	18.6	5.8	11.0	30.1	42.0	36.04	32.3	-0.158064846232
ENSDART00000134814	cysltr1	2	10.2	10.2	NA	NA	NA	NA	NA	NA	NA
ENSDART00000127745	HIST1H4D	19	3.2	4.0	-6.7	-4.6	7.3	13.6	NA	NA	NA
ENSDART00000103948	si:ch211-69g19.2	1638	36.6	31.4	7.4	15.8	52.2	73.7	176.79	537.55	1.60436228063
ENSDART00000078012	zgc:153345	369	14.2	12.1	0.9	5.5	20.8	31.8	NA	NA	NA
ENSDART00000006737	sox5	1	17.4	17.4	NA	NA	NA	NA	NA	NA	NA
ENSDART00000078014	poldip2	438	34.8	32.8	10.9	19.2	47.2	60.0	49.02	43.03	-0.188027643919
ENSDART00000078336	klc3	31	57.9	53.6	20.5	38.5	82.3	95.9	NA	NA	NA
ENSDART00000011657	cdc6	242	80.9	82.7	9.0	23.4	128.6	164.4	70.27	963.46	3.77724396767
ENSDART00000103493	MARC2	37	22.5	18.7	6.9	12.2	26.7	50.2	NA	NA	NA
ENSDART00000138801	si:ch73-299h12.6	11	11.0	7.5	3.4	4.6	14.2	22.9	NA	NA	NA
ENSDART00000011303	ywhae2	21	24.4	16.9	3.3	11.4	37.7	46.4	NA	NA	NA
ENSDART00000103498	si:ch211-154o6.3	73	30.1	28.3	11.6	19.1	42.4	50.6	NA	NA	NA
ENSDART00000011305	dpp3	157	29.9	27.4	9.1	14.6	41.7	52.1	20.86	45.39	1.12163533042
ENSDART00000108575	psma1	102	12.0	8.8	1.4	5.1	18.0	24.3	NA	NA	NA
ENSDART00000030211	gmfb	70	49.4	29.6	-5.2	8.7	82.2	134.7	NA	NA	NA
ENSDART00000122127	copa	502	26.3	24.5	7.3	13.6	35.9	49.1	44.76	28.58	-0.647204119881
ENSDART00000065012	sh3bp2	3	18.4	11.6	NA	NA	NA	NA	NA	NA	NA
ENSDART00000030215	rpl18a	1476	41.9	40.7	11.4	26.6	58.1	70.7	445.64	45.23	-3.30052683162
ENSDART00000075889	trub1	27	32.0	24.0	3.6	16.0	44.3	71.0	12.55	67.85	2.43466145147
ENSDART00000066789	stard3nl	91	25.6	19.4	4.0	10.4	34.7	60.7	NA	NA	NA
ENSDART00000092024	si:dkey-32e23.4	14	23.0	18.6	9.3	12.0	36.1	40.5	NA	NA	NA
ENSDART00000059307	smpd2	21	27.3	23.3	8.1	15.2	39.2	48.8	NA	NA	NA
ENSDART00000004984	daam1b	35	19.7	18.2	1.6	6.5	26.7	39.2	NA	NA	NA
ENSDART00000122415	BX469915.2	1	3.9	3.9	NA	NA	NA	NA	NA	NA	NA
ENSDART00000056294	pitrm1	213	28.2	23.4	7.6	13.6	37.8	53.2	22.66	8.74	-1.37444267632
ENSDART00000056291	klf6b	6	25.2	22.2	NA	NA	NA	NA	NA	NA	NA
ENSDART00000045850	si:ch211-243j20.2	21	31.4	22.3	8.8	15.7	45.4	57.3	NA	NA	NA
ENSDART00000060193	thap3	9	22.6	17.8	NA	NA	NA	NA	NA	NA	NA
ENSDART00000060191	suv420h1	397	27.3	24.3	7.1	14.4	37.6	51.3	50.41	33.12	-0.60600728151
ENSDART00000018939	tha1	17	24.8	23.2	2.1	11.1	35.7	53.2	NA	NA	NA
ENSDART00000140410	iqsec2	1	9.5	9.5	NA	NA	NA	NA	NA	NA	NA
ENSDART00000000087	itsn1	11	18.5	17.3	4.2	9.0	22.7	34.9	8.84	11.12	0.331038513332
ENSDART00000018423	ywhaqb	127	17.1	14.3	-0.4	7.7	24.1	34.4	NA	NA	NA
ENSDART00000018425	slc12a2	76	72.6	67.6	10.2	26.6	111.7	136.7	6.04	84.77	3.81093333243
ENSDART00000018934	pde4d	1	9.3	9.3	NA	NA	NA	NA	NA	NA	NA
ENSDART00000010256	eif3m	535	35.9	32.7	10.9	18.2	49.6	67.4	130.9	165.87	0.34158788024
ENSDART00000126570	NFRKB	233	19.7	17.0	3.4	9.5	26.6	38.5	12.12	4.67	-1.37589524376
ENSDART00000126575	BX005109.1	2	12.4	12.4	NA	NA	NA	NA	NA	NA	NA
ENSDART00000082797	coq2	20	12.1	12.4	2.8	7.7	16.1	21.6	NA	NA	NA
ENSDART00000015374	cyb5r1	412	20.2	17.9	5.5	11.3	24.8	37.2	NA	NA	NA
ENSDART00000078484	rangap1b	198	31.5	27.1	4.0	14.1	44.0	67.0	32.75	36.98	0.175250318092
ENSDART00000082790	si:dkey-163m14.2	1	56.2	56.2	NA	NA	NA	NA	NA	NA	NA
ENSDART00000146480	pou2f1b	14	47.0	30.0	5.2	13.0	63.4	121.3	NA	NA	NA
ENSDART00000066781	elovl2	1	14.6	14.6	NA	NA	NA	NA	NA	NA	NA
ENSDART00000124716	CU571336.1	88	23.8	19.8	5.1	10.7	29.0	56.7	9.8	14.7	0.584962500721
ENSDART00000124715	im:7151068	51	48.8	53.4	11.3	20.3	69.0	81.7	NA	NA	NA
ENSDART00000078763	vsx1	6	14.7	14.5	NA	NA	NA	NA	NA	NA	NA
ENSDART00000124710	dlg5a	174	16.9	14.5	4.1	8.6	20.5	30.5	12.75	1.14	-3.48339151758
ENSDART00000076496	stk33	2	24.0	24.0	NA	NA	NA	NA	NA	NA	NA
ENSDART00000104520	cnbpb	15	41.7	27.1	0.3	20.2	63.1	93.3	NA	NA	NA
ENSDART00000019330	ech1	89	34.4	31.0	6.7	14.0	47.7	69.0	NA	NA	NA
ENSDART00000081043	zgc:174160	257	17.7	15.2	4.7	8.6	25.5	33.8	21.32	12.87	-0.728195384538
ENSDART00000147285	tomm70a	268	28.7	23.1	5.7	12.0	37.8	61.6	39.24	144.12	1.87687361021
ENSDART00000081047	atp1a1a.1	1091	48.3	45.1	11.5	22.6	68.9	90.7	80.99	213.51	1.39848795019
ENSDART00000114495	wu:fk48d07	309	58.5	53.5	10.8	27.0	84.4	111.5	8.77	72.86	3.0544782473
ENSDART00000127162	BX470211.1	2	32.9	32.9	NA	NA	NA	NA	NA	NA	NA
ENSDART00000056742	bre	120	31.3	23.7	7.0	11.0	42.4	73.7	NA	NA	NA
ENSDART00000127167	fam217b	28	36.9	34.9	4.6	12.7	49.3	88.5	NA	NA	NA
ENSDART00000018685	syt9a	1	35.1	35.1	NA	NA	NA	NA	NA	NA	NA
ENSDART00000147389	tmem35	8	19.2	13.9	NA	NA	NA	NA	NA	NA	NA
ENSDART00000147572	hipk3a	66	60.4	58.5	-0.1	18.9	99.9	127.2	8.34	29.63	1.82893933752
ENSDART00000104451	leprel4	7	26.2	21.8	NA	NA	NA	NA	NA	NA	NA
ENSDART00000122412	mpzl2b	279	34.1	25.3	8.3	15.4	47.7	71.2	62.38	96.12	0.623753095756
ENSDART00000126417	bri3	125	34.1	23.6	7.1	14.6	51.9	74.1	NA	NA	NA
ENSDART00000122294	ythdf3	181	33.9	26.6	8.8	16.3	47.9	70.6	NA	NA	NA
ENSDART00000036110	PFKFB2	24	44.1	39.5	21.1	30.4	56.1	77.7	NA	NA	NA
ENSDART00000123932	vps28	474	20.8	16.7	3.8	9.1	28.2	41.6	NA	NA	NA
ENSDART00000106039	CU074314.1	16	43.8	41.2	6.7	17.7	68.4	82.8	7.2	16.59	1.20424507463
ENSDART00000054290	ddost	475	32.9	29.5	8.8	17.4	43.9	60.6	74.63	86.65	0.215444063262
ENSDART00000085210	CACNA1H	16	24.8	18.4	11.1	14.4	23.4	35.5	NA	NA	NA
ENSDART00000103236	ankrd37	16	58.8	55.7	17.4	32.9	64.6	98.5	NA	NA	NA
ENSDART00000103234	gmds	192	18.2	16.7	3.3	8.6	25.3	35.7	28.4	6.12	-2.2142873717
ENSDART00000103235	flad1	290	20.8	17.0	5.8	9.4	26.3	42.2	NA	NA	NA
ENSDART00000085219	lmo4a	153	18.4	14.8	4.9	9.3	23.5	34.4	NA	NA	NA
ENSDART00000059017	nfkbil1	20	23.5	18.2	1.9	11.9	26.3	40.6	NA	NA	NA
ENSDART00000059014	zgc:173443	1	12.6	12.6	NA	NA	NA	NA	NA	NA	NA
ENSDART00000103239	tspan4	67	22.5	18.9	8.3	12.2	28.9	41.9	NA	NA	NA
ENSDART00000059013	sec61b	946	27.0	21.1	4.6	11.5	38.3	59.4	385.26	476.38	0.306280440853
ENSDART00000043626	crfb8	2	44.1	44.1	NA	NA	NA	NA	NA	NA	NA
ENSDART00000073459	BOLA2	15	12.4	7.7	2.4	5.1	20.3	28.9	NA	NA	NA
ENSDART00000079824	tbc1d15	1	14.4	14.4	NA	NA	NA	NA	NA	NA	NA
ENSDART00000059264	MXD4	4	27.1	18.6	NA	NA	NA	NA	NA	NA	NA
ENSDART00000073452	si:ch211-113a14.12	13	12.8	9.6	-1.2	0.5	18.0	21.9	NA	NA	NA
ENSDART00000021406	ppil1	617	52.3	50.9	19.8	33.3	69.5	88.0	150.03	258.42	0.784466718534
ENSDART00000139073	rassf4	19	47.1	40.0	17.6	23.2	75.1	82.8	NA	NA	NA
ENSDART00000073454	zgc:110434	14	8.4	4.1	-4.4	-2.2	14.1	26.5	NA	NA	NA
ENSDART00000004255	jak2a	19	51.2	30.7	18.2	25.3	77.9	104.0	5.17	6.69	0.371841930327
ENSDART00000102724	zgc:113343	3	19.4	18.9	NA	NA	NA	NA	NA	NA	NA
ENSDART00000102721	UBXN11	3	15.7	15.4	NA	NA	NA	NA	NA	NA	NA
ENSDART00000143052	cox14	50	7.4	5.9	-1.7	3.7	11.7	15.6	NA	NA	NA
ENSDART00000009227	orai1b	30	43.5	34.4	-0.8	17.7	66.4	91.7	NA	NA	NA
ENSDART00000143056	zyx	545	44.5	38.1	10.3	20.8	62.8	86.1	21.33	69.32	1.70038768882
ENSDART00000040756	zgc:136493	34	37.8	25.9	8.9	12.6	62.6	80.4	NA	NA	NA
ENSDART00000040754	mark2a	335	27.7	23.9	4.7	11.4	36.6	59.8	24.94	23.18	-0.105580898823
ENSDART00000010079	hspa5	3498	21.0	18.0	4.0	9.4	29.5	42.1	473.62	227.99	-1.0547594574
ENSDART00000067339	mcm10	633	23.6	20.1	6.4	12.2	30.5	44.9	67.2	25.1	-1.42077386883
ENSDART00000057364	zbtb48	33	42.7	31.7	6.2	23.8	71.2	90.0	11.33	18.7	0.722890408954
ENSDART00000047902	arcn1b	288	33.1	26.3	6.0	14.2	49.8	63.6	39.68	141.87	1.83808561679
ENSDART00000036375	dscr3	64	24.5	17.5	6.1	10.6	34.9	50.8	18.73	13.26	-0.49827012413
ENSDART00000133898	dnal4a	96	57.8	56.7	12.5	25.8	86.2	113.9	NA	NA	NA
ENSDART00000013229	gnaq	1	18.8	18.8	NA	NA	NA	NA	NA	NA	NA
ENSDART00000075663	efcab4a	4	34.1	23.8	NA	NA	NA	NA	NA	NA	NA
ENSDART00000076073	cyb5b	15	59.4	47.0	13.3	16.7	103.9	127.6	NA	NA	NA
ENSDART00000114491	ror2	44	70.3	76.1	16.3	34.4	102.8	115.0	8.28	117.74	3.82982995481
ENSDART00000132535	G3BP2	4	25.3	20.6	NA	NA	NA	NA	NA	NA	NA
ENSDART00000132536	hcfc1b	174	49.7	36.1	10.1	18.2	67.1	112.8	26.87	82.03	1.61015530711
ENSDART00000112356	si:ch211-150o23.3	59	31.1	25.9	6.4	13.9	41.0	63.7	NA	NA	NA
ENSDART00000060190	echdc1	3	45.3	50.3	NA	NA	NA	NA	NA	NA	NA
ENSDART00000009564	shox2	20	22.5	21.0	6.5	12.4	29.3	37.5	NA	NA	NA
ENSDART00000153310	cad	60	19.1	17.6	3.0	10.1	28.0	36.3	39.76	55.6	0.483767126049
ENSDART00000109549	inpp5k	6	46.2	40.9	NA	NA	NA	NA	NA	NA	NA
ENSDART00000083111	TTYH3	64	62.8	66.7	9.7	21.8	95.0	114.4	NA	NA	NA
ENSDART00000153317	abracl	494	28.9	22.7	7.8	13.3	40.3	59.6	NA	NA	NA
ENSDART00000057507	ssbp1	107	29.1	24.4	6.4	12.9	39.7	57.9	62.88	98.3	0.644590198969
ENSDART00000109546	unc5b	2	11.6	11.6	NA	NA	NA	NA	NA	NA	NA
ENSDART00000057500	drg1	688	27.6	24.6	8.2	14.8	36.9	50.3	89.25	49.78	-0.842285938823
ENSDART00000088826	h2afy	12	28.3	24.2	8.5	15.5	33.9	52.3	NA	NA	NA
ENSDART00000130554	isg15	1	-2.4	-2.4	NA	NA	NA	NA	NA	NA	NA
ENSDART00000130550	CR381544.1	67	21.0	16.3	5.7	10.3	26.3	40.1	NA	NA	NA
ENSDART00000130553	gro1	460	20.6	15.2	4.0	9.1	27.5	41.9	29.91	38.91	0.379513069854
ENSDART00000135072	poc5	130	40.1	36.8	11.0	21.4	54.2	70.3	NA	NA	NA
ENSDART00000005616	rnpep	38	52.5	45.0	16.7	29.3	69.1	93.9	NA	NA	NA
ENSDART00000135079	zgc:63568	9	30.5	35.6	NA	NA	NA	NA	NA	NA	NA
ENSDART00000142336	hipk3b	7	33.1	19.7	NA	NA	NA	NA	NA	NA	NA
ENSDART00000097251	DUSP21	20	23.2	17.6	-2.3	7.4	23.1	44.5	NA	NA	NA
ENSDART00000092552	ptprga	51	21.9	16.9	1.5	7.4	25.6	46.1	NA	NA	NA
ENSDART00000097254	sftpbb	7	27.1	12.7	NA	NA	NA	NA	NA	NA	NA
ENSDART00000142674	zfp36l2	888	19.3	16.0	4.6	9.8	26.3	37.1	NA	NA	NA
ENSDART00000034218	acin1b	233	25.0	20.9	5.7	12.4	33.5	51.4	64.39	23.28	-1.46774559173
ENSDART00000101565	C9H2orf47	40	103.1	108.3	46.1	82.8	136.0	145.8	45.74	83.24	0.863820599324
ENSDART00000101561	ttll7	66	24.1	18.4	4.2	10.5	35.0	46.0	NA	NA	NA
ENSDART00000101563	btr02	12	18.1	18.8	14.4	16.8	20.4	22.8	NA	NA	NA
ENSDART00000049572	ncapd3	90	38.7	30.8	11.4	19.1	54.5	78.8	9.47	51.87	2.4534640389
ENSDART00000049687	grifin	1	50.1	50.1	NA	NA	NA	NA	NA	NA	NA
ENSDART00000032474	pabpc1b	4	107.6	115.5	NA	NA	NA	NA	NA	NA	NA
ENSDART00000105236	smyd3	79	25.6	24.0	7.7	14.7	35.3	45.2	NA	NA	NA
ENSDART00000077804	SLC22A15	5	48.4	46.6	NA	NA	NA	NA	NA	NA	NA
ENSDART00000021437	gria1a	1	71.8	71.8	NA	NA	NA	NA	NA	NA	NA
ENSDART00000128406	BX324198.2	1	94.5	94.5	NA	NA	NA	NA	NA	NA	NA
ENSDART00000109764	C4H12orf45	48	45.4	32.0	10.6	19.5	51.0	101.3	44.0	68.08	0.629727513274
ENSDART00000006257	zgc:101572	2	70.6	70.6	NA	NA	NA	NA	NA	NA	NA
ENSDART00000109091	mettl1	137	30.7	25.5	8.9	17.1	40.3	56.1	46.3	18.85	-1.29644766999
ENSDART00000109761	GANAB	6	35.1	38.2	NA	NA	NA	NA	11.21	21.16	0.916553349309
ENSDART00000028648	eef1db	185	15.3	14.4	2.9	7.3	20.5	29.8	23.76	0.55	-5.43295940728
ENSDART00000136332	tmem56b	8	50.7	47.2	NA	NA	NA	NA	NA	NA	NA
ENSDART00000111333	mterfd3	8	33.2	26.7	NA	NA	NA	NA	NA	NA	NA
ENSDART00000111334	mtpap	214	19.7	16.5	5.1	8.1	27.5	38.5	NA	NA	NA
ENSDART00000127809	BX000701.1	13	39.5	42.6	12.0	19.0	56.8	59.9	NA	NA	NA
ENSDART00000129803	zc3h3	168	37.0	32.5	13.2	19.8	47.1	65.9	13.31	11.04	-0.269770399134
ENSDART00000077800	tfdp1a	284	30.0	22.9	5.2	11.7	39.2	64.0	39.31	56.36	0.519775247886
ENSDART00000133661	tasp1	21	84.8	87.4	29.9	65.3	116.3	122.7	NA	NA	NA
ENSDART00000062749	ctskl	6	26.6	21.6	NA	NA	NA	NA	NA	NA	NA
ENSDART00000076974	gfpt2	2	28.6	28.6	NA	NA	NA	NA	NA	NA	NA
ENSDART00000133665	mrpl35	1	-0.8	-0.8	NA	NA	NA	NA	NA	NA	NA
ENSDART00000114592	GPR97	1	61.0	61.0	NA	NA	NA	NA	NA	NA	NA
ENSDART00000062745	riok3	85	34.9	33.6	8.9	19.8	48.2	61.6	41.28	26.15	-0.658632024289
ENSDART00000062292	atf2	40	29.6	15.7	4.4	11.2	32.9	86.8	NA	NA	NA
ENSDART00000142010	ncam1b	1	22.8	22.8	NA	NA	NA	NA	NA	NA	NA
ENSDART00000112588	TJP1	102	20.7	21.1	5.4	8.7	29.5	36.6	12.86	2.81	-2.19424860711
ENSDART00000089844	HIST2H3A	23	19.7	19.1	3.7	8.7	28.5	35.1	NA	NA	NA
ENSDART00000089845	IM:7163548	61	98.4	93.7	24.7	44.7	152.0	172.1	18.23	130.28	2.83722915836
ENSDART00000086326	rab8a	199	29.7	23.5	4.2	12.9	40.9	63.4	NA	NA	NA
ENSDART00000121460	prdm8b	1	16.4	16.4	NA	NA	NA	NA	NA	NA	NA
ENSDART00000112584	NSMCE2	62	35.9	33.2	8.0	16.2	49.9	67.6	NA	NA	NA
ENSDART00000062676	supt5h	126	33.8	26.2	4.3	10.6	41.9	67.2	26.69	90.25	1.75762762652
ENSDART00000101152	spint2	244	76.7	78.7	18.9	38.4	114.0	134.3	28.69	292.92	3.35188682773
ENSDART00000080495	zbtb47a	7	11.9	9.5	NA	NA	NA	NA	NA	NA	NA
ENSDART00000136525	USP21	1	13.4	13.4	NA	NA	NA	NA	NA	NA	NA
ENSDART00000003511	llgl1	252	77.4	68.3	24.4	41.3	114.4	139.6	10.81	359.48	5.05547307905
ENSDART00000130594	afap1	2	17.1	17.1	NA	NA	NA	NA	NA	NA	NA
ENSDART00000003040	itln3	3	25.3	20.1	NA	NA	NA	NA	NA	NA	NA
ENSDART00000008761	arl6ip5b	160	56.3	50.6	14.9	25.2	79.9	111.8	NA	NA	NA
ENSDART00000006038	shisa4	6	14.9	17.9	NA	NA	NA	NA	NA	NA	NA
ENSDART00000091397	TNKS	180	53.8	54.0	14.2	27.6	77.1	95.3	28.23	62.34	1.14292902618
ENSDART00000114936	ESAM	6	37.2	28.7	NA	NA	NA	NA	NA	NA	NA
ENSDART00000113182	COMMD6	76	14.2	12.3	3.6	7.1	19.6	23.9	NA	NA	NA
ENSDART00000017309	ca16b	41	22.0	19.4	2.7	8.8	30.0	42.8	NA	NA	NA
ENSDART00000017304	cpsf4	173	51.1	45.6	15.0	25.4	69.5	86.6	NA	NA	NA
ENSDART00000017305	ZNF76	100	29.1	20.3	6.2	13.1	41.2	60.5	23.61	5.45	-2.11506990656
ENSDART00000017307	zgc:91890	77	26.0	19.2	4.1	11.4	35.0	58.3	NA	NA	NA
ENSDART00000054426	lim2.3	1	60.9	60.9	NA	NA	NA	NA	NA	NA	NA
ENSDART00000132950	rad17	211	15.7	14.5	3.6	8.5	22.7	28.9	NA	NA	NA
ENSDART00000112092	calhm3	1	7.2	7.2	NA	NA	NA	NA	NA	NA	NA
ENSDART00000150664	svopl	351	19.8	17.1	4.8	9.3	27.3	38.0	22.75	4.93	-2.2062069936
ENSDART00000127769	plekhg7	1	5.2	5.2	NA	NA	NA	NA	NA	NA	NA
ENSDART00000127766	padi2	40	33.5	30.7	11.3	23.3	45.0	58.2	NA	NA	NA
ENSDART00000053460	NAT6	181	39.5	36.5	11.8	18.6	52.4	74.9	NA	NA	NA
ENSDART00000127760	ECM1	7	19.0	16.4	NA	NA	NA	NA	NA	NA	NA
ENSDART00000127420	MDP1	28	40.9	31.5	12.6	21.0	48.1	100.4	NA	NA	NA
ENSDART00000151371	hmp19	11	25.1	27.5	9.7	12.9	28.4	49.3	NA	NA	NA
ENSDART00000022015	vps26b	77	36.1	25.6	5.6	12.4	52.4	77.3	14.74	100.86	2.77454570086
ENSDART00000022010	HIVEP2	1	50.2	50.2	NA	NA	NA	NA	NA	NA	NA
ENSDART00000047636	PITHD1	680	21.9	18.6	5.6	11.8	29.6	41.6	75.66	40.34	-0.907319692436
ENSDART00000123737	AMZ2	6	38.6	33.6	NA	NA	NA	NA	NA	NA	NA
ENSDART00000123732	nlk1	92	41.8	34.5	7.7	18.0	61.1	83.1	9.15	17.29	0.918094220471
ENSDART00000054340	rpl9	1351	28.3	27.1	6.6	14.5	39.7	53.4	268.16	17.14	-3.96765503959
ENSDART00000139235	tnnt2d	5	9.8	10.2	NA	NA	NA	NA	NA	NA	NA
ENSDART00000148504	ctbp2	141	33.2	25.1	8.2	14.4	41.0	58.5	NA	NA	NA
ENSDART00000145541	cadm1a	7	11.3	11.3	NA	NA	NA	NA	NA	NA	NA
ENSDART00000087055	TRIO	147	64.2	64.0	9.4	30.0	90.7	120.3	8.51	44.29	2.3797499602
ENSDART00000148500	dlgap4a	274	28.3	25.8	8.3	14.4	38.4	51.6	25.23	11.84	-1.09147112535
ENSDART00000148502	clcn5	227	22.3	19.5	3.4	9.2	30.3	44.6	NA	NA	NA
ENSDART00000113232	YEATS2	140	30.6	22.5	7.4	14.2	39.5	59.5	5.7	18.78	1.7201632386
ENSDART00000020344	zgc:86598	567	38.6	31.3	5.4	14.4	55.7	82.6	55.76	168.3	1.59373271035
ENSDART00000020342	sgsm3	93	37.4	30.2	9.3	17.4	53.6	79.7	NA	NA	NA
ENSDART00000114514	ptpn9b	126	27.2	21.0	6.6	14.5	34.8	55.8	NA	NA	NA
ENSDART00000140736	SHISA4	158	30.1	25.6	4.3	12.2	39.9	64.5	16.28	68.27	2.06815105227
ENSDART00000111028	chl1a	1	25.6	25.6	NA	NA	NA	NA	NA	NA	NA
ENSDART00000054153	denr	551	25.1	20.5	6.1	11.2	33.2	50.5	107.42	36.09	-1.57359157826
ENSDART00000121643	EVA1C	225	32.6	27.7	7.4	18.2	45.8	62.8	NA	NA	NA
ENSDART00000140731	si:ch211-11k18.4	906	27.4	22.6	8.0	13.8	37.7	54.2	85.07	168.72	0.987908641033
ENSDART00000020995	tmem26b	2	20.3	20.3	NA	NA	NA	NA	NA	NA	NA
ENSDART00000098540	gltscr1	532	26.9	23.8	5.8	12.6	37.5	54.6	36.7	11.57	-1.66539119862
ENSDART00000110426	CECR2	133	40.1	29.5	5.3	14.9	51.9	97.1	12.44	63.96	2.36218345335
ENSDART00000098545	tmem150a	3	21.8	21.8	NA	NA	NA	NA	NA	NA	NA
ENSDART00000110527	ahsa1l	102	43.7	35.6	12.4	19.2	63.2	82.1	71.89	142.85	0.990638027448
ENSDART00000038740	GALNT9	3	4.3	4.2	NA	NA	NA	NA	NA	NA	NA
ENSDART00000149630	ank3a	6	42.7	45.2	NA	NA	NA	NA	NA	NA	NA
ENSDART00000149631	sbds	153	24.4	20.7	5.2	11.9	33.0	46.8	NA	NA	NA
ENSDART00000127397	utp15	194	19.6	15.5	3.4	8.2	26.6	42.5	26.79	14.88	-0.848320054734
ENSDART00000127396	ppm1lb	9	35.1	39.0	NA	NA	NA	NA	NA	NA	NA
ENSDART00000038748	dyrk1b	109	27.9	19.6	5.5	11.2	29.5	65.2	19.57	7.14	-1.4546477766
ENSDART00000078305	zswim5	282	21.3	18.1	3.5	9.7	29.1	41.3	8.89	3.19	-1.47862699506
ENSDART00000110529	bub1bb	214	26.3	18.1	4.3	9.9	35.9	58.5	18.5	143.64	2.95686038226
ENSDART00000022270	AL844567.1	23	44.8	32.7	8.0	14.9	72.6	96.1	14.33	19.6	0.45181504474
ENSDART00000060291	ighmbp2	34	36.9	30.7	11.5	15.9	48.0	74.6	NA	NA	NA
ENSDART00000031970	HOOK3	101	22.0	17.2	7.1	11.8	26.3	47.9	29.97	14.87	-1.01111443646
ENSDART00000031976	tmem136a	3	28.2	23.3	NA	NA	NA	NA	NA	NA	NA
ENSDART00000126388	rela	20	23.4	15.6	3.3	8.5	36.8	55.4	NA	NA	NA
ENSDART00000144149	angptl4	1	3.6	3.6	NA	NA	NA	NA	NA	NA	NA
ENSDART00000022279	GTSE1	574	12.3	9.5	-0.2	4.3	16.5	25.5	35.05	3.3	-3.40887651465
ENSDART00000126385	CABZ01112436.1	2	27.0	27.0	NA	NA	NA	NA	NA	NA	NA
ENSDART00000126384	ube4b	179	43.8	39.5	12.4	22.1	57.1	80.6	34.6	68.66	0.988697819433
ENSDART00000115173	TTYH1	1	48.1	48.1	NA	NA	NA	NA	NA	NA	NA
ENSDART00000126380	CNBD1	2	9.6	9.6	NA	NA	NA	NA	NA	NA	NA
ENSDART00000016303	irx2a	5	30.5	36.2	NA	NA	NA	NA	NA	NA	NA
ENSDART00000138664	CLCN5	85	14.8	8.0	-0.3	3.5	15.8	33.5	NA	NA	NA
ENSDART00000104042	atf7b	615	26.6	22.0	6.1	11.9	35.1	54.9	NA	NA	NA
ENSDART00000124341	zgc:171474	692	27.2	19.8	5.7	11.6	34.0	60.7	23.32	9.72	-1.26253956959
ENSDART00000129153	c1qa	1	1.2	1.2	NA	NA	NA	NA	NA	NA	NA
ENSDART00000123467	CU856539.4	4	12.6	10.7	NA	NA	NA	NA	NA	NA	NA
ENSDART00000137699	cnot3a	130	20.7	15.9	5.8	10.5	24.2	38.5	13.81	5.5	-1.32820979585
ENSDART00000052331	rps20	983	37.4	36.2	11.7	23.0	51.0	64.7	1090.33	31.08	-5.13263453416
ENSDART00000137693	sdhaf1	18	22.5	18.5	4.8	11.7	35.3	40.1	NA	NA	NA
ENSDART00000137690	si:dkey-30j22.5	116	36.2	33.1	8.1	17.0	50.2	75.2	NA	NA	NA
ENSDART00000100574	stam2	69	50.3	46.1	12.3	20.6	66.0	114.5	NA	NA	NA
ENSDART00000146372	rab3da	185	22.0	19.4	4.8	10.4	30.6	43.1	NA	NA	NA
ENSDART00000140086	SUN2	4	43.7	32.2	NA	NA	NA	NA	NA	NA	NA
ENSDART00000016728	aga	61	46.4	36.6	12.6	25.0	66.4	82.1	19.4	28.16	0.537590681563
ENSDART00000043713	angpt1	2	26.4	26.4	NA	NA	NA	NA	NA	NA	NA
ENSDART00000043711	aox1	10	39.9	44.2	13.6	22.8	50.8	64.7	NA	NA	NA
ENSDART00000089968	rasl10a	3	19.9	16.1	NA	NA	NA	NA	NA	NA	NA
ENSDART00000015302	tomm40	246	63.4	61.6	14.6	31.4	89.8	115.5	43.21	145.88	1.75534496875
ENSDART00000088005	abcb10	18	28.1	24.3	2.8	17.2	30.1	49.2	NA	NA	NA
ENSDART00000034230	lrpprc	99	52.4	34.0	6.5	16.9	81.9	122.5	10.46	31.16	1.57481238181
ENSDART00000082060	si:ch211-218g4.2	5	16.5	10.8	NA	NA	NA	NA	NA	NA	NA
ENSDART00000016167	zw10	339	22.0	19.3	4.1	10.7	30.2	43.5	NA	NA	NA
ENSDART00000002186	uck2a	402	41.7	35.9	8.2	19.4	63.2	83.9	57.41	281.52	2.29386345848
ENSDART00000135855	arpc5lb	252	16.5	13.8	4.4	8.0	23.2	33.1	NA	NA	NA
ENSDART00000085774	si:ch73-127m5.1	4	42.7	18.3	NA	NA	NA	NA	NA	NA	NA
ENSDART00000024224	fen1	921	20.3	17.5	4.1	9.4	27.6	40.5	176.55	92.51	-0.932395591755
ENSDART00000047159	hmgb2a	1033	167.5	176.9	79.4	139.9	205.6	230.5	420.88	1872.48	2.15346944901
ENSDART00000112765	PRKD3	11	55.6	52.4	11.9	17.4	92.3	130.3	NA	NA	NA
ENSDART00000106388	EEF1E1	36	34.5	31.7	12.2	19.8	41.3	65.0	NA	NA	NA
ENSDART00000132329	stx17	88	44.2	38.4	11.2	20.8	65.0	86.4	NA	NA	NA
ENSDART00000037182	ankrd44	105	25.7	22.4	6.4	12.8	31.5	41.6	NA	NA	NA
ENSDART00000112343	TAF2	1	3.1	3.1	NA	NA	NA	NA	NA	NA	NA
ENSDART00000080423	ctsd	1119	44.4	41.2	11.1	24.0	60.5	80.7	57.46	324.89	2.49932144072
ENSDART00000043908	calcrlb	8	34.0	20.4	NA	NA	NA	NA	NA	NA	NA
ENSDART00000112348	fam26e	10	35.8	17.9	5.9	10.5	37.9	88.3	NA	NA	NA
ENSDART00000051224	pafah1b2	49	25.5	17.7	3.3	8.6	35.8	58.0	NA	NA	NA
ENSDART00000122605	ATXN7L1	16	35.5	26.2	0.1	15.3	64.6	72.4	NA	NA	NA
ENSDART00000077834	rps27.2	491	39.2	38.2	11.7	22.5	52.6	68.1	416.73	204.67	-1.02581331069
ENSDART00000077835	dexi	22	24.8	20.4	4.5	11.0	36.5	45.5	NA	NA	NA
ENSDART00000023058	efhc1	7	17.4	17.5	NA	NA	NA	NA	NA	NA	NA
ENSDART00000150895	SEC16B	17	27.9	26.8	11.4	20.4	38.3	43.7	NA	NA	NA
ENSDART00000090644	MRPL2	105	39.5	33.1	10.9	17.4	61.5	74.2	33.03	27.54	-0.262248410151
ENSDART00000150899	nin	148	27.5	23.4	5.0	10.9	38.8	60.0	62.5	4.29	-3.86480663694
ENSDART00000018686	rrp15	109	17.3	14.9	4.3	9.3	24.8	31.8	27.45	1.92	-3.83762793317
ENSDART00000080129	ston2	25	47.2	48.7	15.1	21.2	67.7	84.0	NA	NA	NA
ENSDART00000104058	ncalda	552	36.6	35.5	11.7	21.5	48.0	64.3	98.25	39.73	-1.30622861395
ENSDART00000144366	si:dkey-30k6.5	354	32.4	29.0	9.9	16.6	45.4	60.8	42.78	48.59	0.183722949952
ENSDART00000099397	or105-1	5	22.1	19.7	NA	NA	NA	NA	NA	NA	NA
ENSDART00000088077	zgc:158398	50	15.0	13.4	1.6	5.5	19.4	31.5	NA	NA	NA
ENSDART00000104051	cdipt	212	76.0	75.3	26.2	48.7	101.2	126.9	26.0	88.2	1.76226703253
ENSDART00000085512	si:dkey-226m8.9	121	44.0	40.2	7.3	17.1	64.3	100.5	NA	NA	NA
ENSDART00000103007	si:ch211-113a14.23	3	16.0	8.2	NA	NA	NA	NA	NA	NA	NA
ENSDART00000111927	WDR81	26	35.0	26.9	9.3	12.0	49.8	71.6	5.16	13.94	1.43378759045
ENSDART00000056749	htr5a	23	18.3	18.2	5.1	10.8	22.6	34.0	NA	NA	NA
ENSDART00000111691	mbnl3	5	35.3	27.8	NA	NA	NA	NA	NA	NA	NA
ENSDART00000108962	plgrkt	129	29.4	21.2	8.4	12.2	38.7	62.0	NA	NA	NA
ENSDART00000025841	arhgef18a	83	28.6	20.9	5.5	10.1	37.4	63.1	24.74	49.91	1.01248340353
ENSDART00000111929	slco4a1	2	8.6	8.6	NA	NA	NA	NA	NA	NA	NA
ENSDART00000111699	tor1	323	24.9	19.3	2.9	9.8	32.1	53.7	51.38	94.0	0.871453866552
ENSDART00000111698	hoxc11b	9	14.2	12.4	NA	NA	NA	NA	NA	NA	NA
ENSDART00000112009	PRR12	11	14.8	12.5	8.3	9.9	21.0	23.9	2.02	0.02	-6.65821148275
ENSDART00000152537	APLF	143	36.7	29.8	5.7	14.7	52.8	78.8	NA	NA	NA
ENSDART00000080120	immt	361	21.8	18.8	5.1	10.7	28.8	42.6	31.03	11.32	-1.4547897387
ENSDART00000032118	ube2g2	361	35.7	27.9	6.8	15.0	49.7	74.3	NA	NA	NA
ENSDART00000141265	znf106b	15	48.9	57.7	10.5	13.9	68.5	93.7	NA	NA	NA
ENSDART00000153129	dnmbp	128	31.8	26.4	8.3	16.9	42.0	61.1	8.37	15.52	0.890829029637
ENSDART00000147004	oxsr1b	164	27.2	22.6	5.5	12.3	35.8	54.7	22.26	39.23	0.817503742735
ENSDART00000144560	dgcr8	329	77.4	69.8	18.5	38.0	113.4	144.1	87.08	117.84	0.436416022848
ENSDART00000018741	pcid2	213	30.4	26.5	9.2	16.8	41.9	55.5	40.06	33.96	-0.23832596226
ENSDART00000126692	klc2	260	27.5	20.7	5.0	10.2	37.7	59.1	43.28	27.06	-0.67753865985
ENSDART00000131984	si:ch211-244c8.3	1	0.1	0.1	NA	NA	NA	NA	NA	NA	NA
ENSDART00000084114	nsd1a	129	22.5	20.3	5.0	10.1	30.0	41.8	10.06	2.15	-2.22622174022
ENSDART00000066924	tbc1d22a	42	16.0	9.4	-1.8	3.7	17.9	29.4	NA	NA	NA
ENSDART00000025604	zgc:77849	534	19.5	17.0	4.0	9.5	27.0	37.3	45.02	16.9	-1.41354281028
ENSDART00000036581	cdk2	407	37.4	32.4	10.0	19.4	48.1	74.0	NA	NA	NA
ENSDART00000123937	nlk2	7	45.4	24.7	NA	NA	NA	NA	NA	NA	NA
ENSDART00000098288	fadd	35	31.9	29.1	15.8	20.9	43.0	51.4	NA	NA	NA
ENSDART00000023306	asb12a	44	25.3	21.1	6.6	13.1	37.5	44.5	NA	NA	NA
ENSDART00000092941	rlf	270	46.2	44.0	9.4	22.5	63.1	86.5	41.25	85.26	1.04747493594
ENSDART00000097133	robo1	11	40.7	36.0	4.0	22.6	55.5	64.0	NA	NA	NA
ENSDART00000058007	samm50l	64	54.2	45.2	15.6	27.1	73.7	110.8	NA	NA	NA
ENSDART00000050172	trpc2	1	68.2	68.2	NA	NA	NA	NA	NA	NA	NA
ENSDART00000148889	ZNHIT6	392	46.3	40.6	11.4	23.2	65.2	86.1	72.11	188.89	1.38927507912
ENSDART00000101707	dhx40	146	22.5	18.7	3.7	9.3	34.2	44.5	29.62	10.86	-1.44754753748
ENSDART00000059484	zgc:110333	1	43.5	43.5	NA	NA	NA	NA	NA	NA	NA
ENSDART00000097395	prpf4	0	NA	NA	NA	NA	NA	NA	17.94	58.05	1.69411617683
ENSDART00000059489	prmt8b	1	8.9	8.9	NA	NA	NA	NA	NA	NA	NA
ENSDART00000054293	fam131c	12	25.0	27.9	6.0	11.9	35.2	51.7	NA	NA	NA
ENSDART00000086151	trim35-19	1	20.0	20.0	NA	NA	NA	NA	NA	NA	NA
ENSDART00000073663	ugt2a6	1	17.3	17.3	NA	NA	NA	NA	NA	NA	NA
ENSDART00000073846	BX957362.1	8	24.6	25.8	NA	NA	NA	NA	NA	NA	NA
ENSDART00000023301	sh3gl3a	2	6.9	6.9	NA	NA	NA	NA	NA	NA	NA
ENSDART00000098842	hsd17b12b	62	45.2	42.7	7.4	20.0	66.0	91.2	NA	NA	NA
ENSDART00000083322	cxxc1l	217	25.6	20.7	7.7	12.1	32.3	50.2	16.9	17.07	0.0144398118582
ENSDART00000074129	zgc:171489	1	17.0	17.0	NA	NA	NA	NA	NA	NA	NA
ENSDART00000083327	lrrc8db	13	51.9	42.0	12.8	21.2	73.8	87.6	NA	NA	NA
ENSDART00000058020	helb	127	44.9	42.6	14.1	26.0	60.6	80.7	17.89	37.74	1.07694103555
ENSDART00000051336	cyr61l1	2	46.9	46.9	NA	NA	NA	NA	NA	NA	NA
ENSDART00000007090	tbx16	1	75.4	75.4	NA	NA	NA	NA	NA	NA	NA
ENSDART00000027224	lmbr1l	188	32.5	27.7	5.6	14.1	48.9	67.6	13.84	13.0	-0.0903323197209
ENSDART00000020505	chd1l	148	30.7	25.7	8.1	15.5	43.8	55.7	NA	NA	NA
ENSDART00000078675	vps37a	135	20.4	17.1	4.5	9.0	27.6	42.1	NA	NA	NA
ENSDART00000146621	stk38l	205	24.4	19.4	5.0	11.3	30.9	49.3	38.86	21.8	-0.833957765921
ENSDART00000138009	FAM83H	9	39.6	41.8	NA	NA	NA	NA	NA	NA	NA
ENSDART00000113436	ssh2b	24	19.2	15.6	3.9	8.2	24.1	33.6	NA	NA	NA
ENSDART00000113438	ehmt2	307	31.6	27.8	10.1	16.1	44.7	62.8	28.29	47.51	0.747939030015
ENSDART00000124520	CU928126.3	1	18.3	18.3	NA	NA	NA	NA	NA	NA	NA
ENSDART00000003879	fam199x	15	18.3	11.3	3.0	7.5	19.1	30.3	NA	NA	NA
ENSDART00000007231	psmb1	532	18.2	14.9	3.5	8.1	23.2	37.2	68.76	52.42	-0.39145219115
ENSDART00000084803	asic2	2	10.0	10.0	NA	NA	NA	NA	NA	NA	NA
ENSDART00000084802	kif5bb	5	35.7	30.8	NA	NA	NA	NA	NA	NA	NA
ENSDART00000105874	dennd2da	3	19.5	15.0	NA	NA	NA	NA	NA	NA	NA
ENSDART00000059732	id1	8	16.3	16.0	NA	NA	NA	NA	NA	NA	NA
ENSDART00000024087	fzd9b	13	21.4	15.1	8.9	11.9	24.8	51.0	NA	NA	NA
ENSDART00000024082	psmb6	141	13.1	10.5	2.6	6.0	16.6	27.5	NA	NA	NA
ENSDART00000091449	cep128	53	36.5	32.7	13.3	19.4	48.7	61.4	25.32	7.03	-1.84868081036
ENSDART00000024555	gli2a	9	22.0	19.4	NA	NA	NA	NA	NA	NA	NA
ENSDART00000137977	pear1	1	45.1	45.1	NA	NA	NA	NA	NA	NA	NA
ENSDART00000137975	irak1	44	31.0	24.6	10.3	14.2	41.1	62.0	NA	NA	NA
ENSDART00000053858	papola	12	24.1	16.5	13.1	13.4	25.1	39.7	NA	NA	NA
ENSDART00000077161	RSF1	245	25.0	19.5	5.9	11.4	33.5	51.4	61.68	5.72	-3.43071571314
ENSDART00000136554	akap1a	307	21.4	17.5	6.2	10.8	27.0	40.7	NA	NA	NA
ENSDART00000109954	nr4a2a	5	16.4	3.6	NA	NA	NA	NA	NA	NA	NA
ENSDART00000102062	timp2b	3	25.5	19.8	NA	NA	NA	NA	NA	NA	NA
ENSDART00000143262	lyst	4	26.8	21.4	NA	NA	NA	NA	NA	NA	NA
ENSDART00000143265	hydin	7	26.9	28.7	NA	NA	NA	NA	NA	NA	NA
ENSDART00000058289	dusp22b	54	42.7	30.6	9.1	14.5	64.7	89.4	NA	NA	NA
ENSDART00000109953	PPFIA3	23	16.9	12.6	2.8	5.5	26.0	40.7	NA	NA	NA
ENSDART00000022864	ATXN3L	47	21.7	15.7	6.5	10.5	31.9	39.9	NA	NA	NA
ENSDART00000022866	pisd	28	20.8	18.1	1.7	7.4	26.5	44.6	NA	NA	NA
ENSDART00000109958	CU929119.1	4	14.6	13.6	NA	NA	NA	NA	NA	NA	NA
ENSDART00000028417	lrit2	2	36.0	36.0	NA	NA	NA	NA	NA	NA	NA
ENSDART00000054088	zgc:113364	5	7.0	6.4	NA	NA	NA	NA	NA	NA	NA
ENSDART00000033608	PURA	2	26.9	26.9	NA	NA	NA	NA	NA	NA	NA
ENSDART00000028410	cd226	1	7.6	7.6	NA	NA	NA	NA	NA	NA	NA
ENSDART00000059826	tsku	49	36.0	31.9	7.5	16.1	48.5	74.8	NA	NA	NA
ENSDART00000153137	cx23	53	29.1	27.5	7.5	14.4	33.5	47.8	NA	NA	NA
ENSDART00000113752	PMF1	317	19.4	15.4	4.0	10.5	25.6	40.1	82.45	30.56	-1.43187495029
ENSDART00000028419	PPP1R8	235	32.7	24.7	6.2	12.8	44.3	74.0	NA	NA	NA
ENSDART00000002583	aarsd1	28	27.7	20.8	3.7	17.2	36.9	58.8	NA	NA	NA
ENSDART00000002232	msxe	2	15.7	15.7	NA	NA	NA	NA	NA	NA	NA
ENSDART00000079030	BX927351.1	1	24.1	24.1	NA	NA	NA	NA	NA	NA	NA
ENSDART00000013343	b4galt6	313	38.3	24.9	5.3	12.9	54.4	89.5	20.45	47.55	1.21734449792
ENSDART00000036369	asb1	1	97.0	97.0	NA	NA	NA	NA	NA	NA	NA
ENSDART00000057492	gadd45gip1	179	28.7	26.0	8.9	16.1	41.3	51.0	51.27	14.78	-1.79446862825
ENSDART00000035602	cxxc1	266	28.8	26.8	6.6	15.0	38.6	51.3	126.39	73.12	-0.789544346225
ENSDART00000124593	dph5	4	26.0	16.8	NA	NA	NA	NA	NA	NA	NA
ENSDART00000098712	TMEM208	73	20.9	16.4	6.6	12.0	26.2	40.9	NA	NA	NA
ENSDART00000024331	glsb	81	23.3	17.9	4.0	10.4	31.1	46.3	NA	NA	NA
ENSDART00000024330	creb3l1	1	18.7	18.7	NA	NA	NA	NA	NA	NA	NA
ENSDART00000006930	rttn	55	33.9	26.3	9.7	16.9	42.4	64.3	7.09	10.54	0.572017334398
ENSDART00000078924	sf3a3	322	47.0	34.3	11.8	18.9	67.5	108.0	46.26	237.94	2.36276065196
ENSDART00000078920	auts2	16	21.8	18.8	-0.0	10.3	26.4	49.7	NA	NA	NA
ENSDART00000106529	si:ch73-138e16.6	36	25.7	22.8	8.9	15.1	31.0	50.3	NA	NA	NA
ENSDART00000091497	tceanc2	101	33.1	21.1	7.6	12.8	42.9	76.7	NA	NA	NA
ENSDART00000089480	cyp4v8	2	12.2	12.2	NA	NA	NA	NA	NA	NA	NA
ENSDART00000013079	scp2a	48	23.2	21.6	2.4	8.9	32.3	46.4	NA	NA	NA
ENSDART00000087204	dusp3a	15	15.8	14.0	-0.1	9.1	20.7	35.3	NA	NA	NA
ENSDART00000034707	lsm14b	556	40.3	35.7	9.7	20.1	52.1	78.7	227.21	358.95	0.659756565251
ENSDART00000145044	tacr3a	1	2.5	2.5	NA	NA	NA	NA	NA	NA	NA
ENSDART00000145043	dcaf17	9	27.0	30.0	NA	NA	NA	NA	NA	NA	NA
ENSDART00000087202	FAM195A	56	12.1	11.7	1.3	5.6	17.7	22.5	NA	NA	NA
ENSDART00000135221	C9H3orf17	98	26.7	26.1	6.3	12.6	37.9	47.0	NA	NA	NA
ENSDART00000130610	tmem117	13	27.5	22.7	5.2	19.9	33.9	44.5	NA	NA	NA
ENSDART00000052101	zgc:91944	4	42.3	12.6	NA	NA	NA	NA	NA	NA	NA
ENSDART00000002055	cacna2d3	5	68.9	61.6	NA	NA	NA	NA	NA	NA	NA
ENSDART00000002053	pms1	66	29.7	29.8	6.6	15.6	40.4	46.9	NA	NA	NA
ENSDART00000079251	vars2	73	24.3	21.0	5.7	12.3	32.8	48.5	20.2	4.97	-2.02303753608
ENSDART00000123681	myt1b	7	9.2	11.1	NA	NA	NA	NA	NA	NA	NA
ENSDART00000017791	tab2	274	31.2	23.9	4.6	11.8	41.8	75.4	32.68	20.46	-0.6756018384
ENSDART00000017829	HELZ2	1	40.2	40.2	NA	NA	NA	NA	NA	NA	NA
ENSDART00000080770	tmf1	124	34.0	23.9	4.9	13.4	45.6	80.4	27.16	29.56	0.122162789901
ENSDART00000131694	selenbp1	157	18.4	15.3	3.3	8.0	24.9	36.7	21.68	4.3	-2.33395619176
ENSDART00000128298	CABZ01067945.1	3	29.0	30.9	NA	NA	NA	NA	NA	NA	NA
ENSDART00000128839	fez1	1	24.6	24.6	NA	NA	NA	NA	NA	NA	NA
ENSDART00000101071	zgc:113293	66	10.0	8.2	-4.8	1.8	16.0	28.9	NA	NA	NA
ENSDART00000029238	shox	1	18.0	18.0	NA	NA	NA	NA	NA	NA	NA
ENSDART00000128830	RBM11	30	25.7	25.0	7.4	18.8	33.2	38.8	NA	NA	NA
ENSDART00000088677	si:dkeyp-110e4.6	14	22.8	19.2	5.2	12.9	29.1	36.4	NA	NA	NA
ENSDART00000021596	rxrbb	5	65.7	67.2	NA	NA	NA	NA	NA	NA	NA
ENSDART00000088673	tiparp	55	12.9	10.7	1.1	5.5	18.4	30.5	NA	NA	NA
ENSDART00000063400	mllt1	214	52.2	39.5	6.0	15.2	87.9	112.7	NA	NA	NA
ENSDART00000151437	carhsp1	133	16.6	13.5	1.6	5.9	19.8	37.5	NA	NA	NA
ENSDART00000151436	NTAN1	201	18.7	16.7	3.3	9.6	25.9	34.0	NA	NA	NA
ENSDART00000111104	phf12a	36	16.7	11.1	-3.9	4.8	23.6	45.2	NA	NA	NA
ENSDART00000111102	chpfb	34	27.8	17.5	7.9	13.3	38.9	65.3	NA	NA	NA
ENSDART00000130809	WDR61	224	36.9	34.6	12.7	22.1	52.6	64.6	35.7	41.77	0.226543069246
ENSDART00000055844	chid1	76	26.8	20.3	9.0	15.2	35.1	50.5	NA	NA	NA
ENSDART00000151614	si:ch73-367f21.6	2	6.1	6.1	NA	NA	NA	NA	NA	NA	NA
ENSDART00000047362	MSRA	141	23.3	17.6	5.4	9.5	31.1	52.4	NA	NA	NA
ENSDART00000114160	TMEM87B	68	29.2	22.3	2.7	13.4	41.3	59.6	NA	NA	NA
ENSDART00000114167	si:dkeyp-98a7.10	98	26.7	20.9	2.9	10.2	37.8	52.9	39.11	13.67	-1.51652429313
ENSDART00000026011	efnb2a	1	26.0	26.0	NA	NA	NA	NA	NA	NA	NA
ENSDART00000149279	med12	72	25.8	19.4	6.1	11.4	32.8	61.0	55.98	12.43	-2.17108519052
ENSDART00000114169	bnip1a	6	24.0	27.2	NA	NA	NA	NA	NA	NA	NA
ENSDART00000012673	gnb3a	1	127.2	127.2	NA	NA	NA	NA	NA	NA	NA
ENSDART00000012670	pnn	53	64.0	54.4	9.8	21.7	105.7	129.5	72.59	316.79	2.12568407376
ENSDART00000037973	morc2	147	95.9	100.8	21.7	63.2	135.4	154.8	17.84	166.88	3.2256235426
ENSDART00000141638	prkar1aa	136	43.4	27.9	8.8	15.3	55.6	109.0	NA	NA	NA
ENSDART00000141648	mnd1	106	18.1	15.8	4.6	8.6	22.0	35.2	NA	NA	NA
ENSDART00000022484	rnft1	58	46.1	37.0	8.8	14.7	73.4	96.5	NA	NA	NA
ENSDART00000022481	mccc2	235	32.2	18.9	6.1	11.4	38.0	86.2	39.98	38.97	-0.0369145405756
ENSDART00000099003	plscr3b	292	34.8	31.5	6.0	14.6	50.2	68.2	20.66	168.77	3.0301463188
ENSDART00000103828	BX530067.1	1	-0.9	-0.9	NA	NA	NA	NA	NA	NA	NA
ENSDART00000080006	zgc:112263	32	31.3	23.4	5.3	10.7	45.7	60.0	NA	NA	NA
ENSDART00000080005	itgb5	64	32.3	30.7	12.2	19.9	41.8	56.3	31.78	49.53	0.640183496286
ENSDART00000020598	hnrnpua	93	57.6	38.3	2.7	18.3	93.2	131.3	45.01	257.26	2.51490968763
ENSDART00000104606	rars2	43	17.5	15.2	3.3	8.9	23.4	35.4	NA	NA	NA
ENSDART00000104607	fam131ba	2	23.6	23.6	NA	NA	NA	NA	NA	NA	NA
ENSDART00000088247	qpctla	17	40.4	34.7	20.5	25.7	43.1	61.1	NA	NA	NA
ENSDART00000047208	madd	184	20.2	16.7	4.5	10.2	26.8	40.8	NA	NA	NA
ENSDART00000145959	sik2a	55	23.2	18.2	6.2	7.7	34.1	52.6	NA	NA	NA
ENSDART00000088242	BICC1	87	24.9	15.9	4.5	10.8	34.9	53.2	NA	NA	NA
ENSDART00000106708	SEC24B	192	30.3	25.7	5.6	14.6	42.6	61.5	20.98	27.02	0.365012996748
ENSDART00000145956	ptpn23a	90	39.7	32.3	4.5	16.5	58.9	84.3	8.89	24.14	1.44117035193
ENSDART00000088249	hcn4l	1	120.9	120.9	NA	NA	NA	NA	NA	NA	NA
ENSDART00000104608	BX927351.2	15	41.1	41.5	13.9	28.8	56.8	66.5	NA	NA	NA
ENSDART00000108471	ipo7	243	29.7	22.7	5.8	13.7	36.5	61.1	50.84	59.02	0.215239890427
ENSDART00000148246	POLE4	466	38.5	29.5	7.5	15.9	53.0	83.5	111.96	131.51	0.232189113972
ENSDART00000089076	dot1l	99	30.9	25.3	3.8	10.8	42.6	60.4	13.68	27.06	0.984093609091
ENSDART00000089079	mpnd	19	28.3	23.2	12.7	14.3	34.2	55.0	NA	NA	NA
ENSDART00000026903	ptpra	167	45.4	33.0	6.2	16.0	64.2	106.4	19.72	33.46	0.76277789366
ENSDART00000108778	NCOA7	306	21.4	16.3	3.2	9.1	28.2	47.3	NA	NA	NA
ENSDART00000100311	IKZF2	27	16.0	17.7	4.4	7.9	20.7	25.2	NA	NA	NA
ENSDART00000136754	cdh13	4	12.8	15.1	NA	NA	NA	NA	NA	NA	NA
ENSDART00000080260	zgc:109744	11	23.9	29.7	-2.2	5.4	39.7	41.9	11.4	85.79	2.91177566726
ENSDART00000136759	prdm13	5	14.0	16.3	NA	NA	NA	NA	NA	NA	NA
ENSDART00000041740	UBL7	156	29.4	23.5	5.3	11.1	38.4	63.4	NA	NA	NA
ENSDART00000044128	hat1	575	17.8	15.8	4.2	8.5	24.0	34.4	83.47	22.44	-1.89518509496
ENSDART00000123074	tlk1a	171	30.8	25.7	7.1	15.0	44.3	59.5	43.96	69.18	0.654163627424
ENSDART00000011324	ccdc102a	446	16.5	12.6	2.8	7.2	20.8	32.6	NA	NA	NA
ENSDART00000078313	luc7l	111	80.5	72.3	13.0	29.7	127.3	156.3	17.2	172.8	3.32862274746
ENSDART00000044432	apc	200	46.6	37.6	12.7	21.9	64.4	90.9	17.46	69.57	1.99441176174
ENSDART00000078316	nipa2	134	56.8	57.3	19.3	36.1	74.0	96.2	31.85	60.06	0.915111102413
ENSDART00000135834	dock5	27	42.9	34.2	14.8	19.0	45.7	92.7	NA	NA	NA
ENSDART00000108590	sc:d173	2	50.8	50.8	NA	NA	NA	NA	NA	NA	NA
ENSDART00000108597	ZNFX1	4	17.1	10.2	NA	NA	NA	NA	NA	NA	NA
ENSDART00000122475	CCDC137	72	19.5	14.9	2.9	8.6	24.1	43.5	39.49	21.02	-0.909724698498
ENSDART00000122474	ptk2.1	85	47.4	46.7	15.6	22.9	67.9	82.1	NA	NA	NA
ENSDART00000122476	PCYOX1L	98	29.8	24.8	5.4	13.4	43.8	59.7	NA	NA	NA
ENSDART00000081202	casp8l1	1	54.5	54.5	NA	NA	NA	NA	NA	NA	NA
ENSDART00000122473	BX511252.1	3	11.0	9.1	NA	NA	NA	NA	NA	NA	NA
ENSDART00000036371	angel2	125	45.5	42.2	12.9	22.4	61.1	83.8	35.41	82.75	1.22460246819
ENSDART00000051030	tmem19	16	21.8	20.9	5.6	12.4	28.1	42.2	NA	NA	NA
ENSDART00000002449	mpped2a	220	17.9	16.6	3.3	9.1	23.4	32.1	NA	NA	NA
ENSDART00000122986	wnt5b	4	14.5	15.6	NA	NA	NA	NA	NA	NA	NA
ENSDART00000081208	CU104697.1	1	22.7	22.7	NA	NA	NA	NA	NA	NA	NA
ENSDART00000081209	si:dkey-5i3.5	55	21.5	14.5	3.2	10.0	31.0	44.6	NA	NA	NA
ENSDART00000066730	cib1	1	10.3	10.3	NA	NA	NA	NA	NA	NA	NA
ENSDART00000116455	arhgap19	172	50.1	29.5	9.8	16.6	71.0	120.2	16.26	173.64	3.41670016518
ENSDART00000004071	znfl2a	12	14.7	14.1	4.1	10.2	21.0	21.5	14.59	0.95	-3.94090855959
ENSDART00000040443	zgc:110224	38	35.2	23.0	1.4	9.2	56.8	74.1	NA	NA	NA
ENSDART00000145019	akr1a1b	143	27.5	22.5	6.8	13.2	38.2	53.0	26.3	25.48	-0.0456975219234
ENSDART00000004622	sf3b4	618	63.7	62.8	17.6	38.0	86.4	109.6	44.08	343.77	2.96324752068
ENSDART00000126598	pxn	3	23.2	13.7	NA	NA	NA	NA	NA	NA	NA
ENSDART00000144605	PLLP	3	40.9	38.8	NA	NA	NA	NA	NA	NA	NA
ENSDART00000080919	rpl36a	715	30.3	27.8	9.1	18.4	40.0	55.2	755.51	43.2	-4.12834763366
ENSDART00000144609	tmed4	10	18.7	17.5	4.3	9.4	27.5	33.8	NA	NA	NA
ENSDART00000126596	kpna2	2380	18.2	14.7	2.2	7.8	24.5	38.9	143.3	97.8	-0.55113223931
ENSDART00000126595	bcas2	422	76.2	74.7	13.9	38.9	109.3	134.3	67.64	374.09	2.46743683609
ENSDART00000085182	NMI	6	11.8	11.9	NA	NA	NA	NA	NA	NA	NA
ENSDART00000050619	slc10a3	37	48.4	42.9	8.9	17.4	62.2	86.2	NA	NA	NA
ENSDART00000124731	smcr7a	299	34.2	26.3	6.8	14.1	46.2	72.8	NA	NA	NA
ENSDART00000124732	asb7	231	43.2	26.9	6.5	13.7	67.3	109.6	NA	NA	NA
ENSDART00000121926	rab42b	2	29.0	29.0	NA	NA	NA	NA	NA	NA	NA
ENSDART00000124735	ZNF554	5	20.6	16.0	NA	NA	NA	NA	NA	NA	NA
ENSDART00000147704	si:dkey-282h22.5	5	22.8	29.1	NA	NA	NA	NA	NA	NA	NA
ENSDART00000147557	tagapa	1	56.7	56.7	NA	NA	NA	NA	NA	NA	NA
ENSDART00000147556	zgc:113340	530	28.4	22.3	7.5	13.2	38.6	58.8	NA	NA	NA
ENSDART00000100032	hyou1	358	32.2	30.2	9.1	17.2	43.3	60.0	128.08	166.48	0.378303657219
ENSDART00000147805	supt20	193	20.0	15.5	3.1	8.2	29.4	43.5	19.81	7.13	-1.47425489845
ENSDART00000065036	phax	1281	20.0	16.2	4.6	10.2	25.6	38.7	126.24	90.1	-0.486570099313
ENSDART00000061000	bbs2	59	23.9	16.9	5.7	10.7	34.7	48.1	NA	NA	NA
ENSDART00000147550	snn	5	38.7	32.7	NA	NA	NA	NA	NA	NA	NA
ENSDART00000131298	fbxw5	91	83.0	88.2	15.3	60.2	113.3	133.0	NA	NA	NA
ENSDART00000065038	atf1	94	69.2	73.8	8.6	28.2	105.2	128.8	23.05	319.78	3.7942410554
ENSDART00000112234	si:ch1073-280h16.1	405	18.7	15.7	1.6	7.7	25.5	37.5	NA	NA	NA
ENSDART00000025214	tsr2	584	19.3	14.8	3.4	8.3	24.7	39.3	112.41	34.05	-1.72304368015
ENSDART00000102525	stt3b	237	51.0	41.4	10.0	21.4	72.3	107.7	31.54	119.52	1.921997488
ENSDART00000102526	gfer	292	24.2	19.1	5.0	11.3	31.4	49.7	NA	NA	NA
ENSDART00000098061	mbnl1	3	67.6	24.4	NA	NA	NA	NA	NA	NA	NA
ENSDART00000064926	kars	579	23.7	17.4	4.8	10.0	29.3	49.4	41.05	56.36	0.457289389644
ENSDART00000052348	exosc6	611	24.0	18.3	3.7	9.4	31.5	51.1	102.76	30.16	-1.76857046163
ENSDART00000060714	atp6ap1a	5	27.4	23.1	NA	NA	NA	NA	NA	NA	NA
ENSDART00000128253	zbtb14	158	48.3	44.8	12.4	24.6	70.1	88.5	94.58	87.97	-0.104523529754
ENSDART00000126959	tnfaip2a	5	42.2	31.5	NA	NA	NA	NA	NA	NA	NA
ENSDART00000023483	sim1b	1	21.0	21.0	NA	NA	NA	NA	NA	NA	NA
ENSDART00000036172	crkl	229	27.5	21.6	6.3	11.2	35.6	56.3	NA	NA	NA
ENSDART00000066558	decr2	134	28.9	23.9	7.0	12.9	39.9	59.9	18.29	31.7	0.793427765278
ENSDART00000085230	atl1	2	12.3	12.3	NA	NA	NA	NA	NA	NA	NA
ENSDART00000082517	RAB43	82	81.7	56.4	9.9	18.9	148.5	168.6	NA	NA	NA
ENSDART00000146609	coa5	303	37.2	34.6	9.7	19.5	54.1	68.7	NA	NA	NA
ENSDART00000074131	lmbrd1	75	87.3	95.5	26.0	61.1	114.4	133.4	NA	NA	NA
ENSDART00000104268	emc1	192	54.9	48.8	14.1	26.1	73.7	108.1	13.73	107.57	2.96987225282
ENSDART00000073478	brd1b	60	53.8	50.5	10.7	21.2	77.5	106.5	12.46	40.56	1.70275358398
ENSDART00000014916	klf3	14	21.6	21.8	10.2	15.6	26.6	37.0	NA	NA	NA
ENSDART00000009794	tdrkh	281	17.6	12.3	3.3	7.7	22.9	39.3	NA	NA	NA
ENSDART00000079803	nmt1b	3	16.0	16.4	NA	NA	NA	NA	NA	NA	NA
ENSDART00000004277	lamc1	97	42.9	35.9	13.9	22.9	56.2	83.9	10.83	45.01	2.05521232178
ENSDART00000079806	smap1	92	66.1	49.0	23.0	30.9	88.3	137.0	28.66	85.94	1.58429116751
ENSDART00000073472	zgc:113426	74	23.6	20.3	6.9	12.4	29.6	47.8	NA	NA	NA
ENSDART00000067078	plekhg5a	30	32.9	26.8	10.3	15.3	45.8	62.0	NA	NA	NA
ENSDART00000093155	hpse	49	11.8	12.3	0.8	7.1	15.8	22.7	NA	NA	NA
ENSDART00000051695	TPMT	58	19.6	15.1	5.1	10.1	25.7	39.3	NA	NA	NA
ENSDART00000093402	cdk12	171	38.0	35.0	9.2	20.0	54.4	71.9	36.42	79.86	1.13274214966
ENSDART00000093152	gfm1	219	14.2	10.8	2.4	6.3	20.2	28.7	31.54	2.04	-3.95054160282
ENSDART00000122299	fam131bb	2	7.9	7.9	NA	NA	NA	NA	NA	NA	NA
ENSDART00000134617	adssl	334	24.2	17.4	2.8	8.2	35.1	52.9	77.95	89.17	0.194009394274
ENSDART00000102293	C11H12orf10	230	24.1	18.1	3.8	9.4	35.1	52.5	75.87	29.96	-1.34049191393
ENSDART00000040733	cd209	9	33.5	24.9	NA	NA	NA	NA	NA	NA	NA
ENSDART00000143382	il1rapl2	5	22.7	18.1	NA	NA	NA	NA	NA	NA	NA
ENSDART00000092690	srebf2	100	82.5	80.7	13.4	32.4	120.2	153.9	12.0	42.71	1.83153949215
ENSDART00000136967	pm20d1.1	130	32.9	26.1	6.2	11.8	43.6	71.1	39.17	0.48	-6.35057091223
ENSDART00000128840	otud7b	64	33.6	26.6	10.2	16.2	46.9	72.7	NA	NA	NA
ENSDART00000005585	ms4a17a.2	1	35.0	35.0	NA	NA	NA	NA	NA	NA	NA
ENSDART00000066712	trappc3	74	22.8	16.5	4.0	11.2	29.4	41.4	NA	NA	NA
ENSDART00000005583	kdm5bb	81	25.2	21.8	4.2	10.4	35.9	56.5	15.98	10.22	-0.64487221199
ENSDART00000073462	rplp0	734	21.7	15.2	2.5	7.9	33.4	47.8	252.81	9.43	-4.74465194989
ENSDART00000078660	zgc:113436	4	32.4	37.1	NA	NA	NA	NA	NA	NA	NA
ENSDART00000111480	CU459160.2	156	20.6	16.0	4.9	9.4	25.5	41.5	NA	NA	NA
ENSDART00000111486	mrpl43	230	21.7	19.9	5.1	10.8	30.2	39.0	NA	NA	NA
ENSDART00000059035	fam188a	104	30.4	23.7	10.0	14.9	45.1	61.3	NA	NA	NA
ENSDART00000047412	fam213b	82	19.3	15.8	5.3	10.3	23.4	35.8	NA	NA	NA
ENSDART00000113420	myrip	1	51.5	51.5	NA	NA	NA	NA	NA	NA	NA
ENSDART00000019149	rpl7	743	28.6	28.5	7.0	16.4	39.4	50.6	278.06	19.79	-3.81255270488
ENSDART00000152492	C1H9orf156	40	24.5	17.0	5.4	8.4	34.8	46.2	NA	NA	NA
ENSDART00000073782	ggt5a	3	9.6	7.3	NA	NA	NA	NA	NA	NA	NA
ENSDART00000004181	slc27a4	28	25.6	16.3	2.8	8.8	32.4	58.2	NA	NA	NA
ENSDART00000078664	OGFOD2	3	19.8	30.2	NA	NA	NA	NA	NA	NA	NA
ENSDART00000041700	prdx3	464	34.7	28.6	7.1	14.7	49.2	72.1	NA	NA	NA
ENSDART00000078665	TMEM131	347	49.1	46.6	16.3	28.1	65.4	84.3	54.99	87.66	0.672749392264
ENSDART00000049514	alg11	107	28.0	21.9	7.1	13.5	37.8	55.0	NA	NA	NA
ENSDART00000125122	acss2	58	78.0	38.6	6.7	17.6	148.3	166.1	10.65	163.37	3.93921774691
ENSDART00000134269	fkbp1aa	198	23.4	18.6	4.9	9.6	32.6	47.6	NA	NA	NA
ENSDART00000017393	traip	342	17.7	13.9	4.2	8.3	26.0	35.0	NA	NA	NA
ENSDART00000047419	csnk1g1	157	54.1	41.6	6.3	18.5	84.4	123.8	NA	NA	NA
ENSDART00000060978	wdr83	24	15.6	10.7	2.8	4.3	18.7	33.3	NA	NA	NA
ENSDART00000074458	ptpmt1	104	25.5	20.6	7.5	14.1	30.1	48.3	NA	NA	NA
ENSDART00000044873	cpt2	90	36.2	30.0	8.3	18.3	48.2	67.1	NA	NA	NA
ENSDART00000058346	C1QBP	777	19.3	15.6	3.5	8.5	26.2	41.3	151.5	25.53	-2.56905235084
ENSDART00000088808	USP6	311	23.7	21.8	5.8	13.3	31.7	42.7	NA	NA	NA
ENSDART00000135053	CR391916.1	7	32.9	30.8	NA	NA	NA	NA	NA	NA	NA
ENSDART00000138012	zgc:172218	9	40.9	39.5	NA	NA	NA	NA	NA	NA	NA
ENSDART00000005053	slc12a4	3	60.4	58.0	NA	NA	NA	NA	NA	NA	NA
ENSDART00000035859	atad1a	154	39.4	36.6	13.7	22.6	53.2	66.7	NA	NA	NA
ENSDART00000113429	ADAMTS17	1	27.4	27.4	NA	NA	NA	NA	NA	NA	NA
ENSDART00000054977	atp7a	74	31.7	24.2	6.6	15.7	36.4	70.3	NA	NA	NA
ENSDART00000080892	txndc17	72	19.6	14.0	-1.5	6.9	28.6	43.8	NA	NA	NA
ENSDART00000023509	SKA2	756	21.5	18.3	5.6	10.6	28.9	40.3	234.92	91.78	-1.35591783109
ENSDART00000012644	krt4	2	9.8	9.8	NA	NA	NA	NA	NA	NA	NA
ENSDART00000014666	arcn1a	169	37.2	26.7	7.8	15.2	51.5	88.9	27.57	270.83	3.29621638349
ENSDART00000004986	igsf9b	11	47.8	26.0	11.6	18.5	63.2	101.2	NA	NA	NA
ENSDART00000112611	zgc:195245	2573	15.3	12.7	2.2	6.7	20.7	30.8	506.86	44.54	-3.50841385165
ENSDART00000023504	pnpla7a	163	56.2	40.0	8.2	15.4	97.5	121.9	9.52	53.72	2.49642582612
ENSDART00000130820	hbegfb	121	13.4	11.7	2.3	6.1	18.7	26.8	NA	NA	NA
ENSDART00000032498	zgc:100919	1496	18.5	16.0	2.8	8.3	25.1	37.9	96.64	34.94	-1.46774084641
ENSDART00000077577	CCNO	162	19.2	16.8	2.0	7.7	25.5	41.0	350.7	46.52	-2.91431442867
ENSDART00000146529	rpusd1	34	35.3	21.5	8.2	13.8	54.6	80.0	NA	NA	NA
ENSDART00000128193	rnf152	54	46.6	32.5	10.1	18.9	69.5	92.1	NA	NA	NA
ENSDART00000032494	ttc26	75	38.9	36.5	9.9	23.5	46.7	69.1	23.73	26.67	0.168505724357
ENSDART00000128197	med4	69	22.9	20.8	7.5	13.3	27.4	45.5	58.29	67.99	0.222074168082
ENSDART00000109897	CABZ01059627.1	604	28.3	24.8	7.6	13.9	38.8	53.6	NA	NA	NA
ENSDART00000109744	ppip5k2	37	52.2	47.0	12.3	31.6	66.8	94.0	NA	NA	NA
ENSDART00000109749	spryd3	64	18.1	14.5	0.4	4.4	23.5	42.3	NA	NA	NA
ENSDART00000143928	rwdd1	334	23.5	21.2	5.7	12.5	32.3	43.0	110.67	20.47	-2.43468118739
ENSDART00000091004	pcdh1a	1	3.8	3.8	NA	NA	NA	NA	NA	NA	NA
ENSDART00000109891	ANGEL1	61	14.8	13.1	3.4	8.3	22.0	27.0	NA	NA	NA
ENSDART00000048977	abcf1	176	28.3	25.0	6.2	15.1	36.3	49.4	95.55	9.98	-3.25914415253
ENSDART00000133642	gpd1l	253	43.7	38.9	12.6	24.8	60.6	87.0	NA	NA	NA
ENSDART00000063943	mrpl40	264	18.4	15.4	3.1	8.6	26.1	37.1	54.17	4.12	-3.71677784829
ENSDART00000129154	EXO5	38	41.6	37.7	9.1	24.4	53.5	80.9	NA	NA	NA
ENSDART00000062727	stx6	6	39.9	21.8	NA	NA	NA	NA	NA	NA	NA
ENSDART00000062724	crbn	28	39.2	34.5	5.9	14.8	65.3	74.9	NA	NA	NA
ENSDART00000121449	roraa	9	22.4	16.2	NA	NA	NA	NA	NA	NA	NA
ENSDART00000053447	ifrd2	331	15.8	13.3	2.9	7.7	21.6	31.7	33.17	11.78	-1.49353947296
ENSDART00000127742	atxn7l2a	731	19.3	16.6	4.5	9.1	26.1	36.1	61.78	6.1	-3.34025872318
ENSDART00000046776	bcmo1b	17	21.1	15.6	5.0	9.0	28.4	46.8	NA	NA	NA
ENSDART00000056121	mrps35	106	27.5	22.2	7.9	14.3	34.9	58.9	43.27	10.99	-1.97717573447
ENSDART00000131739	si:dkeyp-51b9.3	1	6.6	6.6	NA	NA	NA	NA	NA	NA	NA
ENSDART00000131736	kcnq2a	1	8.1	8.1	NA	NA	NA	NA	NA	NA	NA
ENSDART00000057502	tctex1d1	2	43.1	43.1	NA	NA	NA	NA	NA	NA	NA
ENSDART00000101174	traf1	105	25.4	21.0	6.0	12.8	34.3	54.1	NA	NA	NA
ENSDART00000131220	btg3	436	45.2	37.6	10.4	21.5	61.5	87.6	257.66	310.32	0.268288095204
ENSDART00000131223	fdx1b	2	21.3	21.3	NA	NA	NA	NA	NA	NA	NA
ENSDART00000128990	wu:fe05a04	114	57.4	52.3	23.1	34.3	76.5	99.6	45.87	118.64	1.37096769037
ENSDART00000141149	caln2	7	17.4	14.4	NA	NA	NA	NA	NA	NA	NA
ENSDART00000042607	pak7	1	27.3	27.3	NA	NA	NA	NA	NA	NA	NA
ENSDART00000006580	tfeb	2	33.3	33.3	NA	NA	NA	NA	NA	NA	NA
ENSDART00000084938	apod	1	29.7	29.7	NA	NA	NA	NA	NA	NA	NA
ENSDART00000126327	C12H10orf90	12	14.0	11.3	5.4	6.7	18.7	27.1	NA	NA	NA
ENSDART00000145380	adck5	13	32.7	36.5	5.8	9.6	49.3	62.6	NA	NA	NA
ENSDART00000114751	C18H19orf12	266	25.6	20.5	4.3	11.1	32.3	55.4	NA	NA	NA
ENSDART00000114750	gabrb2	11	17.8	11.2	3.5	7.0	17.5	47.4	NA	NA	NA
ENSDART00000137909	samd1b	2	29.0	29.0	NA	NA	NA	NA	NA	NA	NA
ENSDART00000087699	si:ch211-132b12.1	9	11.9	10.9	NA	NA	NA	NA	NA	NA	NA
ENSDART00000128073	ppp1r3ca	88	36.3	33.5	5.1	18.2	51.1	74.7	11.17	38.3	1.77771520633
ENSDART00000110198	zgc:162780	3	17.4	17.6	NA	NA	NA	NA	NA	NA	NA
ENSDART00000078949	afap1l1b	4	13.5	15.7	NA	NA	NA	NA	NA	NA	NA
ENSDART00000050971	rab14l	33	40.2	34.1	10.3	19.4	58.3	79.2	NA	NA	NA
ENSDART00000132584	ppardb	27	51.7	50.9	18.4	30.3	63.9	91.9	NA	NA	NA
ENSDART00000110196	gsdf	2	23.6	23.6	NA	NA	NA	NA	NA	NA	NA
ENSDART00000124298	KLHL29	30	29.7	24.0	5.4	11.3	40.7	54.8	NA	NA	NA
ENSDART00000149384	ddr2l	61	40.0	25.6	6.6	14.8	51.6	89.4	NA	NA	NA
ENSDART00000142215	si:ch211-79l20.4	257	25.4	22.1	5.0	11.8	34.1	53.7	25.86	33.14	0.357851327411
ENSDART00000127402	lypla1	8	24.0	24.7	NA	NA	NA	NA	NA	NA	NA
ENSDART00000007189	traf3ip1	52	28.7	19.9	7.5	11.1	40.4	64.9	NA	NA	NA
ENSDART00000042467	pparaa	9	30.3	23.0	NA	NA	NA	NA	NA	NA	NA
ENSDART00000022074	dhrs9	2	33.1	33.1	NA	NA	NA	NA	NA	NA	NA
ENSDART00000054879	MPC2	1	0.4	0.4	NA	NA	NA	NA	NA	NA	NA
ENSDART00000144380	CCDC142	7	46.4	42.8	NA	NA	NA	NA	NA	NA	NA
ENSDART00000054876	npm1b	53	55.1	48.9	8.3	22.8	88.8	105.7	15.13	85.09	2.49157760501
ENSDART00000123243	TIMM22	80	12.8	10.6	1.1	6.4	15.0	25.7	NA	NA	NA
ENSDART00000029579	ccdc12	407	24.7	19.1	6.2	11.7	33.3	51.3	110.78	59.07	-0.907199926541
ENSDART00000123245	igsf21a	26	18.5	15.3	4.5	11.1	21.7	39.8	NA	NA	NA
ENSDART00000077111	hsd17b14	2	60.0	60.0	NA	NA	NA	NA	NA	NA	NA
ENSDART00000067776	rab10	65	49.8	32.2	1.3	16.8	82.4	125.7	28.98	216.33	2.90010424782
ENSDART00000063096	sypa	1	32.6	32.6	NA	NA	NA	NA	NA	NA	NA
ENSDART00000145562	robo4	2	38.5	38.5	NA	NA	NA	NA	NA	NA	NA
ENSDART00000148528	grhl2a	8	22.7	12.9	NA	NA	NA	NA	NA	NA	NA
ENSDART00000131570	si:ch211-86k6.3	1	19.2	19.2	NA	NA	NA	NA	NA	NA	NA
ENSDART00000113250	nelfe	208	48.0	49.4	17.2	28.6	65.3	78.2	67.76	101.12	0.577562588845
ENSDART00000067778	dnajc7	1	36.5	36.5	NA	NA	NA	NA	NA	NA	NA
ENSDART00000027466	fam63b	8	23.8	18.5	NA	NA	NA	NA	NA	NA	NA
ENSDART00000140869	si:dkey-88l16.3	27	24.2	21.5	6.0	10.9	38.1	42.5	5.59	0.61	-3.19596713528
ENSDART00000114286	sugp1	106	30.0	26.1	9.2	15.5	37.6	48.2	39.27	12.56	-1.64459113377
ENSDART00000084009	zufsp	272	10.6	9.6	0.7	4.4	15.3	21.1	NA	NA	NA
ENSDART00000020367	C2H5orf22	93	23.8	21.5	9.3	12.9	32.1	41.1	NA	NA	NA
ENSDART00000140711	tbc1d5	66	63.7	53.6	8.1	32.1	95.5	136.9	6.54	94.71	3.85615422054
ENSDART00000114289	zgc:165518	266	15.7	12.2	2.6	6.7	20.9	30.4	19.78	2.02	-3.29161522801
ENSDART00000114288	foxp4	9	47.4	39.5	NA	NA	NA	NA	NA	NA	NA
ENSDART00000110441	pigu	46	39.8	32.4	5.6	16.5	49.8	86.9	NA	NA	NA
ENSDART00000098520	fzd10	3	15.2	3.8	NA	NA	NA	NA	NA	NA	NA
ENSDART00000140717	brpf3	224	27.7	24.6	5.4	13.4	38.2	56.7	21.86	45.57	1.05979096955
ENSDART00000110509	C13H20orf194	10	9.6	9.2	2.3	6.1	14.7	17.5	NA	NA	NA
ENSDART00000098682	si:ch211-225b11.1	7	18.2	17.6	NA	NA	NA	NA	NA	NA	NA
ENSDART00000110503	adam11	1	-6.3	-6.3	NA	NA	NA	NA	NA	NA	NA
ENSDART00000110505	si:dkeyp-68b7.5	1	50.2	50.2	NA	NA	NA	NA	NA	NA	NA
ENSDART00000110507	wdhd1	328	25.4	18.4	2.7	9.0	38.1	59.4	37.75	59.91	0.666320189065
ENSDART00000143271	olah	69	16.6	14.7	4.1	7.4	26.6	34.2	NA	NA	NA
ENSDART00000050983	ptar1	250	34.4	29.3	9.4	18.5	46.3	63.7	NA	NA	NA
ENSDART00000051313	fbp1b	1	15.0	15.0	NA	NA	NA	NA	NA	NA	NA
ENSDART00000034432	SUSD4	27	23.3	16.6	5.8	8.3	30.1	47.5	NA	NA	NA
ENSDART00000022290	mdh1a	510	32.1	25.7	8.3	15.8	41.1	64.5	66.52	49.19	-0.435423113564
ENSDART00000051312	ttc33	155	24.0	21.4	7.4	13.3	31.8	44.8	NA	NA	NA
ENSDART00000038990	jak1	86	34.1	33.8	10.3	18.5	47.5	60.9	16.68	31.0	0.894148926717
ENSDART00000035873	abcb4	6	39.9	24.9	NA	NA	NA	NA	NA	NA	NA
ENSDART00000045609	cpped1	19	14.5	12.1	2.4	6.8	21.8	28.8	NA	NA	NA
ENSDART00000016369	wls	124	80.0	82.5	30.9	52.8	103.1	125.8	9.03	120.53	3.73852248101
ENSDART00000149922	palld	493	15.9	13.4	3.3	7.1	20.9	29.6	26.98	2.97	-3.18335551215
ENSDART00000067594	zgc:153129	36	22.1	16.8	4.6	9.1	29.6	59.2	NA	NA	NA
ENSDART00000019636	usf1	172	29.3	25.8	6.0	12.9	40.2	57.5	33.46	61.34	0.874390721229
ENSDART00000086281	mavs	2	8.1	8.1	NA	NA	NA	NA	NA	NA	NA
ENSDART00000019983	rab23	161	29.4	26.0	5.9	11.4	42.3	60.2	NA	NA	NA
ENSDART00000019630	SP5	45	21.7	19.4	6.3	11.0	31.1	40.6	NA	NA	NA
ENSDART00000005195	bsdc1	28	25.3	13.6	5.4	7.8	31.2	70.0	15.81	27.45	0.795968781534
ENSDART00000111767	si:ch211-39k3.2	5	26.5	29.1	NA	NA	NA	NA	NA	NA	NA
ENSDART00000038099	PPP1R21	66	35.0	29.5	9.5	16.7	47.7	69.9	67.77	17.84	-1.92553115619
ENSDART00000122047	EMILIN2	1	19.3	19.3	NA	NA	NA	NA	NA	NA	NA
ENSDART00000122593	SLC2A13	7	29.2	12.2	NA	NA	NA	NA	NA	NA	NA
ENSDART00000122042	RNF219	78	70.5	63.9	23.5	40.2	100.0	123.6	9.19	121.38	3.72332205399
ENSDART00000134866	pknox2	15	40.7	30.2	4.4	18.7	62.0	70.9	NA	NA	NA
ENSDART00000091601	sbf1	43	92.8	85.5	19.4	37.6	150.5	170.5	4.96	26.27	2.40500417475
ENSDART00000149155	atf7ip	191	59.6	57.6	17.1	37.7	76.8	100.2	69.62	314.94	2.17750328421
ENSDART00000064021	AL935174.1	2	28.9	28.9	NA	NA	NA	NA	NA	NA	NA
ENSDART00000010821	cirh1a	537	25.6	22.4	6.5	12.8	34.0	47.7	80.36	41.33	-0.959288200359
ENSDART00000064025	elof1	290	45.8	30.4	11.5	18.6	56.3	115.7	51.14	279.0	2.44774105636
ENSDART00000149154	si:dkey-122a22.2	6	61.9	52.7	NA	NA	NA	NA	NA	NA	NA
ENSDART00000021011	upf1	70	40.3	24.5	5.4	12.6	53.7	109.2	16.64	95.35	2.51857750506
ENSDART00000115152	nom1	59	32.1	24.1	6.1	15.1	37.1	64.8	24.84	6.66	-1.89907109115
ENSDART00000085758	kdm1a	252	19.1	13.9	1.9	8.9	26.2	41.0	34.67	10.77	-1.68666958666
ENSDART00000088588	kcnn1b	1	50.8	50.8	NA	NA	NA	NA	NA	NA	NA
ENSDART00000115157	tuba4l	378	27.8	23.5	7.2	13.3	37.0	53.8	101.31	85.67	-0.241914591579
ENSDART00000088584	OCEL1	6	29.6	35.6	NA	NA	NA	NA	NA	NA	NA
ENSDART00000024756	zgc:162724	24	34.0	32.4	14.1	21.8	44.8	52.1	NA	NA	NA
ENSDART00000148389	chd4b	60	57.9	39.4	13.5	25.3	87.4	140.2	27.92	71.12	1.34895638262
ENSDART00000111711	chaf1a	255	36.1	26.9	7.4	15.1	46.4	80.6	190.88	114.64	-0.735555433433
ENSDART00000097874	tpm4b	74	36.4	27.0	8.2	12.5	52.1	82.9	NA	NA	NA
ENSDART00000149158	dmxl2	64	10.5	9.0	-1.3	4.5	16.0	20.5	NA	NA	NA
ENSDART00000148382	rfx1b	47	35.1	33.5	12.5	18.9	51.2	62.6	5.13	9.9	0.94846969936
ENSDART00000135730	lrmp	96	70.9	66.0	10.4	30.7	103.1	138.6	24.15	158.1	2.71074227352
ENSDART00000111719	wu:fi38e01	112	84.6	86.3	23.5	49.6	113.4	144.3	23.04	7.27	-1.66411344752
ENSDART00000148385	zgc:171699	49	25.2	24.2	9.3	18.1	29.8	44.9	NA	NA	NA
ENSDART00000055047	stk16	49	26.0	22.9	5.8	12.8	35.7	44.2	NA	NA	NA
ENSDART00000090100	ttc23	21	21.5	20.9	8.0	12.1	29.4	41.6	NA	NA	NA
ENSDART00000147128	cacng7a	1	9.3	9.3	NA	NA	NA	NA	NA	NA	NA
ENSDART00000026593	grip1	16	36.6	26.4	12.8	23.2	42.4	78.0	NA	NA	NA
ENSDART00000026592	anapc5	150	24.7	22.8	7.5	13.6	31.7	43.5	28.73	8.72	-1.72015795276
ENSDART00000147123	zgc:163077	1	28.3	28.3	NA	NA	NA	NA	NA	NA	NA
ENSDART00000051751	zgc:113424	701	53.1	50.7	15.1	29.7	72.2	95.8	110.2	454.96	2.04561548549
ENSDART00000051750	si:rp71-45k5.4	615	15.0	13.6	3.6	7.5	20.0	28.1	38.02	12.71	-1.58079450164
ENSDART00000122626	mbnl2	4	13.6	10.6	NA	NA	NA	NA	NA	NA	NA
ENSDART00000122628	junba	17	11.8	9.6	1.2	4.7	20.0	25.4	NA	NA	NA
ENSDART00000141101	pafah1b3	315	18.4	14.9	0.6	7.4	24.6	38.0	NA	NA	NA
ENSDART00000127277	si:ch211-241o7.5	337	30.5	26.6	10.1	16.4	38.7	56.6	121.42	65.19	-0.897283497948
ENSDART00000081490	CABZ01084942.1	1	5.6	5.6	NA	NA	NA	NA	NA	NA	NA
ENSDART00000033848	brf1a	82	29.9	23.9	6.1	15.2	38.1	56.1	37.51	37.46	-0.00192436341842
ENSDART00000018580	nedd8	452	24.3	21.5	6.5	11.6	33.4	44.3	90.15	76.76	-0.231972780124
ENSDART00000104035	ctdsp2	2	98.0	98.0	NA	NA	NA	NA	NA	NA	NA
ENSDART00000099803	arpc2	460	33.4	25.7	6.7	14.8	46.4	70.3	51.16	90.92	0.829581419936
ENSDART00000104031	sdf4	159	34.0	29.8	4.8	14.9	49.7	75.1	NA	NA	NA
ENSDART00000104032	si:ch211-223m11.2	214	21.5	18.7	4.4	10.9	29.3	41.6	NA	NA	NA
ENSDART00000085531	prkaa1	126	39.0	34.4	8.9	17.2	54.3	79.8	27.37	127.02	2.21438833536
ENSDART00000146296	traf2b	37	29.7	26.1	9.0	16.6	35.7	61.8	NA	NA	NA
ENSDART00000111671	mri1	40	42.8	31.7	8.4	14.9	68.5	91.8	NA	NA	NA
ENSDART00000108906	xpo1a	331	48.3	37.2	5.5	17.1	69.9	112.8	27.47	229.44	3.06218811363
ENSDART00000108900	cntnap2b	4	11.6	8.2	NA	NA	NA	NA	NA	NA	NA
ENSDART00000014058	zgc:100829	75	45.6	34.8	12.4	20.5	67.5	100.4	NA	NA	NA
ENSDART00000061638	mau2	482	39.2	30.3	7.5	16.8	58.3	80.5	NA	NA	NA
ENSDART00000037709	nol11	270	83.0	89.7	20.0	41.5	121.5	136.7	17.46	194.93	3.48083067639
ENSDART00000103467	arf5	1321	24.7	17.1	5.6	10.3	31.3	55.4	41.07	118.1	1.52385211231
ENSDART00000065996	tmem183a	16	57.2	53.5	20.9	30.7	73.4	97.0	NA	NA	NA
ENSDART00000014052	neil1	103	21.0	18.8	3.5	8.5	28.1	42.4	64.66	2.53	-4.67566421743
ENSDART00000037703	PSKH2	8	22.4	13.3	NA	NA	NA	NA	NA	NA	NA
ENSDART00000061633	zgc:171971	16	18.9	14.0	-3.9	8.4	27.0	47.1	NA	NA	NA
ENSDART00000101775	anxa11a	81	32.6	28.6	6.8	15.6	42.5	64.2	NA	NA	NA
ENSDART00000012581	pfas	15	50.2	39.0	5.4	10.9	81.6	104.9	9.73	22.29	1.19588490648
ENSDART00000101776	chek1	601	22.1	20.2	6.2	11.7	30.7	42.2	NA	NA	NA
ENSDART00000052004	zgc:153595	15	36.3	31.0	14.2	19.5	45.8	69.8	NA	NA	NA
ENSDART00000126041	ano10a	64	46.9	38.7	13.0	23.8	66.1	95.2	NA	NA	NA
ENSDART00000104304	bpgm	65	28.9	22.1	5.3	10.0	43.7	65.6	NA	NA	NA
ENSDART00000114308	csrnp2	1	3.0	3.0	NA	NA	NA	NA	NA	NA	NA
ENSDART00000136289	tmem64	44	36.5	28.0	3.7	16.3	52.6	77.6	NA	NA	NA
ENSDART00000056461	gbp2	6	25.7	28.3	NA	NA	NA	NA	NA	NA	NA
ENSDART00000136287	myb	167	39.2	31.3	12.2	20.2	52.6	76.7	31.0	42.34	0.449753053846
ENSDART00000074495	dpp9	219	87.8	91.1	27.6	59.6	121.6	138.8	NA	NA	NA
ENSDART00000126046	ccdc9	128	29.5	24.6	4.8	12.0	38.1	62.0	69.2	108.83	0.653232360721
ENSDART00000086215	SLC28A2	8	21.8	18.6	NA	NA	NA	NA	NA	NA	NA
ENSDART00000112806	orc3	23	29.8	28.0	21.8	24.5	34.4	48.9	70.66	50.68	-0.47947722475
ENSDART00000006256	zgc:101559	20	43.9	35.8	15.3	23.6	63.9	86.7	NA	NA	NA
ENSDART00000066949	fgd6	118	25.9	18.7	5.4	9.2	31.8	46.3	6.15	11.4	0.890375508826
ENSDART00000133073	rrbp1a	242	27.1	23.4	5.3	11.8	34.7	55.3	65.62	15.3	-2.10060394094
ENSDART00000063772	ttc27	2	25.3	25.3	NA	NA	NA	NA	NA	NA	NA
ENSDART00000091292	tmtc3	113	33.3	25.3	6.7	14.1	45.8	78.5	8.27	16.96	1.03617693539
ENSDART00000124502	lmnb1	337	132.0	148.5	37.9	102.2	172.4	188.3	35.12	695.26	4.30718784017
ENSDART00000082165	sec22a	132	21.2	14.7	2.2	6.9	26.9	47.5	NA	NA	NA
ENSDART00000062350	katnbl1	982	15.9	12.4	2.6	6.8	22.1	33.0	77.24	5.97	-3.69354532769
ENSDART00000014274	glcea	2	47.2	47.2	NA	NA	NA	NA	NA	NA	NA
ENSDART00000082169	wfikkn2b	3	26.9	26.4	NA	NA	NA	NA	NA	NA	NA
ENSDART00000050407	si:dkeyp-38g8.5	30	23.5	19.2	9.6	14.7	32.8	43.1	NA	NA	NA
ENSDART00000148535	bcl9l	39	18.4	17.0	6.2	9.9	25.1	32.2	NA	NA	NA
ENSDART00000073642	SH2B2	2	-1.0	-1.0	NA	NA	NA	NA	NA	NA	NA
ENSDART00000073865	rbl1	11	15.9	14.8	5.3	11.1	22.5	24.9	NA	NA	NA
ENSDART00000082523	impa2	1	7.0	7.0	NA	NA	NA	NA	NA	NA	NA
ENSDART00000004514	bet1	251	18.9	15.3	3.6	10.0	25.3	38.3	NA	NA	NA
ENSDART00000073861	GABARAP	61	72.9	68.8	11.2	18.8	111.5	144.2	NA	NA	NA
ENSDART00000083346	hypk	326	68.0	69.3	11.1	27.5	103.7	126.2	192.87	141.63	-0.445501867794
ENSDART00000083340	ubac1	1	-4.8	-4.8	NA	NA	NA	NA	NA	NA	NA
ENSDART00000074147	UBN2	352	25.7	22.1	5.1	12.2	36.3	51.2	64.32	47.42	-0.439771743697
ENSDART00000108816	fastkd2	249	12.5	9.7	1.5	5.2	16.1	24.3	NA	NA	NA
ENSDART00000106172	rac1	114	68.5	65.8	3.2	21.0	110.3	131.1	67.37	1087.89	4.01328257895
ENSDART00000148536	GK	50	15.4	15.0	3.2	7.5	21.0	31.7	NA	NA	NA
ENSDART00000054318	wdr92	85	38.8	37.3	12.8	20.2	54.3	67.8	NA	NA	NA
ENSDART00000020569	CABZ01112331.1	14	28.4	26.9	8.6	12.7	37.6	55.1	NA	NA	NA
ENSDART00000003891	jupa	34	79.0	73.9	30.6	45.4	105.5	137.5	4.92	80.46	4.03154151729
ENSDART00000027242	nr2f1b	91	53.3	53.5	20.6	31.8	72.4	89.6	NA	NA	NA
ENSDART00000078694	TMEM179B	55	38.3	30.1	15.5	23.2	45.8	69.7	NA	NA	NA
ENSDART00000123874	PQLC1	131	17.8	13.4	0.8	7.7	23.3	38.9	NA	NA	NA
ENSDART00000113414	kirrel3a	17	27.8	25.9	1.2	17.4	34.8	54.9	NA	NA	NA
ENSDART00000076895	pgpep1	25	35.3	33.2	15.5	23.4	45.6	60.5	NA	NA	NA
ENSDART00000113734	chrdl2	2	16.4	16.4	NA	NA	NA	NA	NA	NA	NA
ENSDART00000113735	cars2	33	42.2	38.2	9.4	25.7	53.9	70.3	NA	NA	NA
ENSDART00000092299	FEZ2	2	3.4	3.4	NA	NA	NA	NA	NA	NA	NA
ENSDART00000066367	fkbp10b	44	26.7	22.6	2.5	10.7	33.3	61.9	NA	NA	NA
ENSDART00000105853	CABZ01047562.1	187	22.6	18.2	4.6	9.8	28.2	46.5	NA	NA	NA
ENSDART00000059756	ralba	26	33.2	27.4	11.9	17.5	45.9	64.6	NA	NA	NA
ENSDART00000020628	cyth3	8	22.3	21.7	NA	NA	NA	NA	NA	NA	NA
ENSDART00000011987	isl1l	10	29.9	28.9	17.4	25.8	34.5	45.9	NA	NA	NA
ENSDART00000108477	fh	6	14.7	10.6	NA	NA	NA	NA	NA	NA	NA
ENSDART00000035447	mtmr9	115	24.0	19.0	4.5	8.9	31.0	49.8	NA	NA	NA
ENSDART00000056809	trps1	2	50.3	50.3	NA	NA	NA	NA	NA	NA	NA
ENSDART00000053838	cgrrf1	50	13.3	11.4	4.0	6.5	17.5	23.7	NA	NA	NA
ENSDART00000127978	CABZ01078767.1	1	-11.1	-11.1	NA	NA	NA	NA	NA	NA	NA
ENSDART00000127976	timm17a	111	28.9	25.0	9.6	15.0	38.6	49.5	NA	NA	NA
ENSDART00000127975	zgc:111974	129	15.5	12.2	2.0	7.5	19.1	31.4	NA	NA	NA
ENSDART00000056801	msl2a	21	42.1	40.7	11.5	22.5	48.8	64.5	NA	NA	NA
ENSDART00000143719	si:dkeyp-75b4.10	2	26.9	26.9	NA	NA	NA	NA	NA	NA	NA
ENSDART00000058383	tmem147	304	39.5	35.2	11.6	20.9	53.6	72.0	59.05	88.42	0.58243567467
ENSDART00000032392	dhdhl	1	-0.4	-0.4	NA	NA	NA	NA	NA	NA	NA
ENSDART00000032825	sept7b	251	118.9	131.6	26.4	85.0	158.5	179.7	32.24	237.36	2.88015318295
ENSDART00000032390	gtf2h1	238	32.9	29.5	10.7	18.3	43.5	59.5	NA	NA	NA
ENSDART00000032827	zgc:162964	13	54.3	27.1	16.5	17.2	97.5	121.6	NA	NA	NA
ENSDART00000145610	si:ch211-255g12.6	1	-1.7	-1.7	NA	NA	NA	NA	NA	NA	NA
ENSDART00000143710	pigq	69	44.8	39.0	15.7	21.6	63.8	79.7	NA	NA	NA
ENSDART00000009241	rpl35	892	27.5	23.4	7.2	13.4	38.6	53.8	380.48	33.46	-3.50731126971
ENSDART00000109973	TP53BP1	1	59.8	59.8	NA	NA	NA	NA	13.03	24.08	0.885998308192
ENSDART00000032399	CABZ01084815.1	8	15.5	15.8	NA	NA	NA	NA	NA	NA	NA
ENSDART00000033669	lipt1	34	18.2	17.9	1.3	6.5	26.4	37.8	NA	NA	NA
ENSDART00000022840	minal	99	16.8	11.7	3.3	6.1	21.0	43.4	NA	NA	NA
ENSDART00000126626	phf23b	8	27.9	26.2	NA	NA	NA	NA	37.27	125.4	1.75045062396
ENSDART00000126621	pfdn1	231	105.7	112.5	38.0	74.9	137.0	160.1	57.64	165.3	1.519944484
ENSDART00000033663	rps21	788	25.0	22.6	6.1	12.5	35.9	47.3	409.52	25.37	-4.01273848693
ENSDART00000113088	st3gal1	300	14.3	12.1	3.3	7.2	18.0	28.7	NA	NA	NA
ENSDART00000026464	cfl1l	999	40.1	37.7	13.6	24.2	52.9	69.1	181.36	154.46	-0.2316230197
ENSDART00000065881	fam120c	1	10.4	10.4	NA	NA	NA	NA	NA	NA	NA
ENSDART00000047735	EOGT	1	0.0	0.0	NA	NA	NA	NA	NA	NA	NA
ENSDART00000145715	ak4	25	35.7	28.5	4.8	10.7	45.2	78.2	NA	NA	NA
ENSDART00000106504	zgc:113443	9	17.3	18.3	NA	NA	NA	NA	NA	NA	NA
ENSDART00000079014	pdik1l	94	46.5	41.4	10.0	25.6	65.5	87.1	113.89	110.07	-0.0492197677604
ENSDART00000113082	HNRNPH3	9	40.6	23.7	NA	NA	NA	NA	NA	NA	NA
ENSDART00000077304	ptch2	3	26.6	35.9	NA	NA	NA	NA	NA	NA	NA
ENSDART00000020192	tubgcp2	279	26.9	25.1	8.2	15.0	35.3	46.7	NA	NA	NA
ENSDART00000079012	rad52	162	21.4	17.7	3.0	9.3	29.5	42.9	26.42	7.68	-1.78245225053
ENSDART00000113087	hmx1	1	8.5	8.5	NA	NA	NA	NA	NA	NA	NA
ENSDART00000062945	TNPO2	139	69.9	73.7	12.7	32.6	104.2	121.1	27.74	113.86	2.03722131207
ENSDART00000052787	vps11	73	29.6	22.8	5.7	12.3	37.2	58.3	NA	NA	NA
ENSDART00000011882	nap1l1	1298	25.4	21.6	7.3	13.8	34.0	47.6	454.41	54.14	-3.06922779128
ENSDART00000141626	gtf2h5	429	26.0	22.0	6.3	12.1	34.9	52.1	158.69	191.6	0.271886342825
ENSDART00000110291	srxn1	1	24.2	24.2	NA	NA	NA	NA	NA	NA	NA
ENSDART00000098734	cacybp	478	17.5	15.2	4.9	9.4	22.3	33.0	101.67	16.18	-2.65161052978
ENSDART00000098736	mrps14	189	20.4	17.2	3.4	10.1	28.3	41.7	NA	NA	NA
ENSDART00000035628	CR293507.1	6	17.6	21.3	NA	NA	NA	NA	NA	NA	NA
ENSDART00000131505	ykt6	236	25.8	23.0	8.5	14.5	33.5	50.4	NA	NA	NA
ENSDART00000132703	traf7	131	42.7	36.5	6.9	18.2	64.5	84.2	NA	NA	NA
ENSDART00000131506	cdh6	1	18.1	18.1	NA	NA	NA	NA	NA	NA	NA
ENSDART00000104750	mllt11	1	10.2	10.2	NA	NA	NA	NA	NA	NA	NA
ENSDART00000009796	MARK4	63	32.0	26.2	5.0	16.1	39.9	67.4	NA	NA	NA
ENSDART00000009740	smad7	1	14.1	14.1	NA	NA	NA	NA	NA	NA	NA
ENSDART00000009790	cx43.4	138	80.3	72.8	6.2	23.8	137.0	163.3	41.3	643.11	3.96085183599
ENSDART00000082388	chchd2	433	29.8	26.5	8.9	13.2	41.6	58.6	97.65	57.13	-0.77337151419
ENSDART00000045385	mespba	12	21.7	11.2	5.5	8.6	21.0	35.8	NA	NA	NA
ENSDART00000139886	toe1	24	40.8	39.1	17.0	21.5	56.6	71.6	19.6	12.71	-0.624889623998
ENSDART00000097198	sc:d217	64	52.2	46.5	8.0	27.3	73.1	114.1	NA	NA	NA
ENSDART00000028294	C18H11orf58	84	81.2	47.4	7.4	15.6	123.3	154.5	40.79	167.4	2.03701211565
ENSDART00000025669	slc16a9b	1	51.3	51.3	NA	NA	NA	NA	NA	NA	NA
ENSDART00000058407	slc25a33	336	37.1	32.4	12.4	21.4	50.6	66.3	48.71	129.18	1.40709283705
ENSDART00000130632	hif1al2	2	47.8	47.8	NA	NA	NA	NA	NA	NA	NA
ENSDART00000150532	zgc:110238	107	19.3	15.9	5.4	9.8	24.3	42.3	NA	NA	NA
ENSDART00000146070	arvcfb	70	18.4	14.4	2.8	5.6	24.8	39.6	NA	NA	NA
ENSDART00000130639	FP074874.1	9	20.6	15.2	NA	NA	NA	NA	NA	NA	NA
ENSDART00000052123	slc25a44b	340	25.4	19.1	4.8	10.2	34.0	54.0	NA	NA	NA
ENSDART00000132858	pcmtl	16	38.4	35.6	8.6	14.8	52.9	84.9	NA	NA	NA
ENSDART00000052126	yars	261	36.7	31.9	11.1	17.4	49.5	70.1	54.74	40.5	-0.434673526706
ENSDART00000076238	rbm41	22	20.1	18.9	8.7	12.6	24.2	35.0	NA	NA	NA
ENSDART00000017805	nfat5	11	25.2	13.0	-0.1	6.0	22.9	72.4	5.73	26.66	2.21806973633
ENSDART00000135954	fam172a	154	67.0	62.0	12.6	31.7	98.8	127.5	NA	NA	NA
ENSDART00000100932	stim1b	4	9.2	8.0	NA	NA	NA	NA	NA	NA	NA
ENSDART00000077348	casp3b	1	23.1	23.1	NA	NA	NA	NA	NA	NA	NA
ENSDART00000129489	tmem39a	2749	44.3	36.4	8.4	19.8	57.9	93.3	33.0	18.85	-0.807901500977
ENSDART00000004848	wrnip1	238	19.4	15.6	4.7	8.7	24.1	36.2	NA	NA	NA
ENSDART00000093094	nrxn1a	1	14.4	14.4	NA	NA	NA	NA	NA	NA	NA
ENSDART00000112424	megf6a	3	73.8	67.2	NA	NA	NA	NA	NA	NA	NA
ENSDART00000112428	IQCK	48	12.4	10.9	0.9	3.5	17.8	24.8	NA	NA	NA
ENSDART00000122830	USP15	48	23.9	21.8	4.3	10.4	35.2	43.6	6.23	0.31	-4.32889204264
ENSDART00000081791	ugt2b6	2	4.3	4.3	NA	NA	NA	NA	NA	NA	NA
ENSDART00000049722	pfdn5	250	24.6	22.0	5.3	12.1	35.7	44.0	41.87	41.99	0.00412887009472
ENSDART00000139088	trappc1	202	13.9	12.0	2.9	7.0	18.9	25.0	NA	NA	NA
ENSDART00000049230	pqbp1	249	33.2	20.1	3.9	10.7	50.1	84.4	71.58	54.9	-0.382750394524
ENSDART00000128507	ntpcr	11	31.3	26.8	13.0	23.7	33.5	43.0	NA	NA	NA
ENSDART00000088618	meox2b	1	69.9	69.9	NA	NA	NA	NA	NA	NA	NA
ENSDART00000125824	tmem198a	12	39.3	35.9	15.0	22.3	49.7	69.9	NA	NA	NA
ENSDART00000100937	patl1	378	64.5	62.4	21.6	40.6	86.4	104.5	56.2	134.94	1.26367603139
ENSDART00000021577	phf21ab	61	18.6	14.3	3.4	9.1	24.8	36.3	12.75	3.05	-2.0636160993
ENSDART00000088610	rangap1a	105	17.8	13.9	4.5	8.4	23.0	36.6	25.47	1.56	-4.02918102541
ENSDART00000139087	lgmn	296	44.1	35.1	10.9	20.5	60.9	87.1	32.45	137.53	2.08345597079
ENSDART00000025007	JAG2	1	27.9	27.9	NA	NA	NA	NA	NA	NA	NA
ENSDART00000055866	chmp2ba	2	26.8	26.8	NA	NA	NA	NA	NA	NA	NA
ENSDART00000055861	rnf34a	84	23.4	18.6	3.0	9.8	34.6	48.6	NA	NA	NA
ENSDART00000129480	scarb1	213	26.8	22.3	5.5	12.6	33.4	56.2	42.01	32.71	-0.361001026404
ENSDART00000128274	golga2	153	59.8	41.2	4.1	17.1	100.4	140.3	12.9	74.27	2.52540851266
ENSDART00000017110	lsm14ab	113	59.6	54.1	5.2	23.1	93.2	121.5	18.08	178.36	3.3023255219
ENSDART00000131874	pcl	124	37.8	31.7	6.5	16.9	51.1	81.2	NA	NA	NA
ENSDART00000103741	ppp4ca	451	35.2	30.1	8.2	16.4	45.6	67.2	116.94	297.7	1.34809072515
ENSDART00000077899	sertad2b	4	13.5	14.3	NA	NA	NA	NA	NA	NA	NA
ENSDART00000062191	CR847990.1	1	41.5	41.5	NA	NA	NA	NA	NA	NA	NA
ENSDART00000145055	pnrc2	512	32.7	28.4	4.8	14.2	46.0	65.6	36.95	103.86	1.49099386105
ENSDART00000141657	anxa4	98	16.9	13.4	3.5	7.8	23.3	31.8	NA	NA	NA
ENSDART00000128763	si:ch211-204c21.1	233	16.5	14.7	2.9	8.3	23.4	33.3	NA	NA	NA
ENSDART00000132387	pvalb6	19	27.7	26.1	11.3	15.6	32.0	59.6	NA	NA	NA
ENSDART00000115362	mcamb	1	23.2	23.2	NA	NA	NA	NA	NA	NA	NA
ENSDART00000104629	furinb	39	24.1	19.2	7.4	10.9	35.6	46.0	NA	NA	NA
ENSDART00000078053	tbcb	43	57.3	34.1	11.4	17.7	80.7	137.9	20.78	180.51	3.11881120325
ENSDART00000006772	marveld2a	60	78.1	77.2	5.2	52.0	116.6	133.1	NA	NA	NA
ENSDART00000078051	gpr161	74	22.4	22.5	4.4	10.7	32.0	42.1	11.61	1.29	-3.16992500144
ENSDART00000099121	arl8	17	12.0	9.3	-6.9	5.1	19.1	21.2	NA	NA	NA
ENSDART00000088265	atxn1a	25	32.6	21.6	9.1	12.0	41.0	67.3	NA	NA	NA
ENSDART00000006778	acat2	202	43.7	35.3	12.4	19.3	67.4	85.9	NA	NA	NA
ENSDART00000148268	znf142	30	28.0	24.2	6.9	15.1	35.7	54.5	NA	NA	NA
ENSDART00000140365	slc12a5b	1	7.8	7.8	NA	NA	NA	NA	NA	NA	NA
ENSDART00000063287	qtrt1	350	25.1	21.2	5.9	12.0	34.0	50.3	87.0	130.37	0.583524616941
ENSDART00000108753	poln	2	107.0	107.0	NA	NA	NA	NA	NA	NA	NA
ENSDART00000145979	col19a1	3	11.8	12.8	NA	NA	NA	NA	NA	NA	NA
ENSDART00000121562	CR848029.2	20	40.8	35.5	22.8	29.2	47.5	67.1	NA	NA	NA
ENSDART00000113894	slc45a3	3	21.7	15.9	NA	NA	NA	NA	NA	NA	NA
ENSDART00000121561	atf3	104	19.7	16.0	6.2	10.6	24.6	36.7	NA	NA	NA
ENSDART00000124088	HOMER2	53	36.8	28.2	4.6	11.2	50.1	84.1	14.7	5.55	-1.40525647849
ENSDART00000046122	atp2b4	126	50.3	42.6	8.9	21.8	75.4	99.5	40.73	90.24	1.1476752534
ENSDART00000149868	grsf1	237	23.0	20.7	5.8	10.6	31.9	46.9	64.72	8.65	-2.90343956991
ENSDART00000152327	wdr45l	102	30.5	24.0	6.6	14.0	44.7	63.2	79.08	20.51	-1.94698537925
ENSDART00000060363	rpl4	298	20.4	17.0	2.7	7.0	28.0	44.2	260.65	32.67	-2.99607550005
ENSDART00000136779	entpd5b	2	18.2	18.2	NA	NA	NA	NA	NA	NA	NA
ENSDART00000131203	pbrm1l	165	24.0	16.5	5.4	9.0	34.9	53.6	22.76	24.56	0.109810003064
ENSDART00000136771	dnajc5ga	260	103.1	107.3	28.0	72.5	138.0	162.4	NA	NA	NA
ENSDART00000136776	kti12	194	27.9	24.0	9.3	15.3	36.9	53.4	NA	NA	NA
ENSDART00000080286	si:ch1073-396h14.1	2	61.7	61.7	NA	NA	NA	NA	NA	NA	NA
ENSDART00000123055	zgc:153292	161	28.0	25.5	7.8	14.4	38.2	51.8	NA	NA	NA
ENSDART00000018972	C7H16orf87	511	12.0	9.6	0.1	4.5	16.6	24.9	87.64	2.53	-5.1143801943
ENSDART00000018973	scamp3	271	21.6	17.3	4.4	9.6	28.7	43.0	NA	NA	NA
ENSDART00000144148	zgc:174222	132	23.4	21.8	6.6	13.6	31.2	39.5	NA	NA	NA
ENSDART00000123053	ATOX1	36	38.8	30.2	14.7	22.1	47.7	71.1	NA	NA	NA
ENSDART00000126022	rarab	293	38.8	29.8	7.4	15.5	56.3	86.4	29.91	123.81	2.04942802861
ENSDART00000123503	CR925758.1	10	25.5	24.9	17.8	19.5	28.1	38.3	NA	NA	NA
ENSDART00000133811	sfxn1	21	34.7	38.1	-2.2	7.9	51.5	74.4	NA	NA	NA
ENSDART00000123504	CU855932.1	13	13.1	12.0	4.2	9.3	17.9	26.2	NA	NA	NA
ENSDART00000126025	VPRBP	188	30.0	21.3	6.6	11.2	39.4	74.3	47.79	17.3	-1.46593672972
ENSDART00000044411	gna11b	194	29.7	23.0	2.2	10.6	46.6	67.4	NA	NA	NA
ENSDART00000027740	nedd1	179	36.3	27.9	7.0	14.6	49.8	80.5	19.53	46.26	1.24407331675
ENSDART00000042194	cers4a	21	9.5	7.7	1.0	5.0	15.0	19.3	NA	NA	NA
ENSDART00000081228	abhd14a	104	36.3	27.6	6.9	17.1	43.3	85.6	NA	NA	NA
ENSDART00000105680	dtna	2	4.7	4.7	NA	NA	NA	NA	NA	NA	NA
ENSDART00000124888	BX000363.1	9	34.2	23.7	NA	NA	NA	NA	NA	NA	NA
ENSDART00000026295	arrb2b	9	25.8	17.3	NA	NA	NA	NA	NA	NA	NA
ENSDART00000147710	rsrc1	90	38.7	23.7	5.1	10.9	56.8	102.5	41.93	59.18	0.497126866348
ENSDART00000122459	arfgap3	458	35.1	24.5	6.6	12.8	52.1	81.2	84.49	80.14	-0.0762580883818
ENSDART00000081883	enpp4	22	45.4	34.6	15.5	24.1	76.9	84.0	NA	NA	NA
ENSDART00000124883	shmt1	659	18.4	15.4	4.2	9.1	24.4	37.2	72.98	12.23	-2.57707674706
ENSDART00000122455	CU151895.1	4	66.5	70.7	NA	NA	NA	NA	48.15	100.71	1.06459923969
ENSDART00000122453	zgc:136872	3	39.1	35.0	NA	NA	NA	NA	NA	NA	NA
ENSDART00000127219	FAM155A	2	17.7	17.7	NA	NA	NA	NA	NA	NA	NA
ENSDART00000143641	eef2a.1	11	56.1	31.7	10.0	18.0	90.7	138.4	NA	NA	NA
ENSDART00000007798	wdr82	0	NA	NA	NA	NA	NA	NA	18.33	121.21	2.72523003715
ENSDART00000056252	sema4e	1	35.8	35.8	NA	NA	NA	NA	NA	NA	NA
ENSDART00000127216	FAM161A	7	5.9	0.8	NA	NA	NA	NA	NA	NA	NA
ENSDART00000056254	stap2a	218	18.2	15.3	6.8	10.3	22.3	35.4	NA	NA	NA
ENSDART00000127214	tmtc4	23	27.8	18.9	3.6	9.4	37.4	71.2	NA	NA	NA
ENSDART00000131889	aifm1	426	34.6	29.9	9.0	16.2	46.9	69.0	35.64	110.56	1.63326027887
ENSDART00000080939	si:dkey-260j18.2	99	55.1	46.6	9.1	19.9	83.6	119.8	32.5	55.25	0.765534746363
ENSDART00000034376	SLC7A1	75	42.8	37.0	9.0	17.9	54.5	92.0	10.49	83.37	2.99051365734
ENSDART00000144621	smim15	92	55.5	54.8	14.3	26.0	79.7	99.5	57.85	122.54	1.08286389198
ENSDART00000144622	si:dkey-10o6.2	2	20.1	20.1	NA	NA	NA	NA	NA	NA	NA
ENSDART00000136361	sema6d	68	34.4	31.6	8.7	15.8	48.6	63.6	10.22	11.04	0.111344975841
ENSDART00000106343	zgc:113102	9	13.5	15.4	NA	NA	NA	NA	NA	NA	NA
ENSDART00000136367	si:ch211-235f12.5	3	11.7	12.7	NA	NA	NA	NA	NA	NA	NA
ENSDART00000003518	neu3.2	21	26.0	24.7	12.2	15.8	33.6	46.6	NA	NA	NA
ENSDART00000146996	si:ch211-87l2.1	6	35.8	32.9	NA	NA	NA	NA	NA	NA	NA
ENSDART00000051864	bod1	200	28.9	25.6	7.7	15.3	37.3	51.3	NA	NA	NA
ENSDART00000045921	frya	12	15.5	11.6	4.9	7.7	16.5	37.4	NA	NA	NA
ENSDART00000074689	eif5b	265	23.5	19.5	5.4	11.1	28.9	43.0	206.43	23.04	-3.16344002768
ENSDART00000078529	kin	80	48.1	44.5	14.0	20.6	69.0	96.1	33.0	78.63	1.25261382992
ENSDART00000121907	suv420h2	293	37.2	32.2	9.1	15.7	49.6	74.8	29.69	16.94	-0.809543218654
ENSDART00000121901	CABZ01086835.1	43	12.9	11.3	2.5	6.5	17.3	25.8	NA	NA	NA
ENSDART00000030794	tmem169	18	18.6	16.2	0.8	6.2	27.3	37.9	NA	NA	NA
ENSDART00000065507	CABZ01025393.1	1	3.8	3.8	NA	NA	NA	NA	NA	NA	NA
ENSDART00000065504	C21H17orf85	128	31.2	22.4	6.7	12.8	43.1	69.0	69.24	155.02	1.16277672787
ENSDART00000065503	pgap2	242	57.1	52.3	11.2	28.7	82.9	103.1	NA	NA	NA
ENSDART00000081089	IL17RA	2	64.9	64.9	NA	NA	NA	NA	NA	NA	NA
ENSDART00000065500	abcc4	83	24.5	21.2	7.6	11.3	33.7	42.2	NA	NA	NA
ENSDART00000147823	rcn2	31	63.8	62.6	25.8	36.0	74.2	98.6	21.04	33.83	0.685168472502
ENSDART00000105532	oaz1a	472	55.6	49.7	7.8	21.7	86.2	109.4	91.96	67.9	-0.437594891586
ENSDART00000147821	spsb4a	124	47.0	39.8	16.8	22.7	66.7	85.4	32.55	24.84	-0.389992369833
ENSDART00000006628	zgc:173742	476	79.0	79.3	14.7	31.5	117.6	146.3	269.84	395.38	0.5511356718
ENSDART00000147826	phf16	172	29.3	25.4	6.8	11.8	39.8	59.9	43.83	24.5	-0.839136929635
ENSDART00000030709	pnx	1	23.0	23.0	NA	NA	NA	NA	NA	NA	NA
ENSDART00000104804	prkar1ab	7	26.0	17.0	NA	NA	NA	NA	NA	NA	NA
ENSDART00000098297	CABZ01041002.1	1	20.8	20.8	NA	NA	NA	NA	NA	NA	NA
ENSDART00000098296	pacsin3	224	35.4	29.0	7.9	16.2	49.5	73.1	NA	NA	NA
ENSDART00000098295	zgc:153993	7	21.0	18.3	NA	NA	NA	NA	NA	NA	NA
ENSDART00000152888	mllt4	166	61.8	55.9	15.3	31.8	90.8	117.6	8.31	73.77	3.15011385355
ENSDART00000098292	ccdc19	9	21.5	15.5	NA	NA	NA	NA	NA	NA	NA
ENSDART00000098291	si:ch211-240g9.1	10	11.4	13.4	2.4	7.1	17.0	20.2	NA	NA	NA
ENSDART00000078528	cttnbp2nl	2	7.7	7.7	NA	NA	NA	NA	NA	NA	NA
ENSDART00000125823	CCDC138	225	17.9	16.4	3.6	9.2	23.6	34.2	NA	NA	NA
ENSDART00000102500	anp32b	136	91.1	103.5	11.9	35.0	138.8	160.6	129.76	563.97	2.11977269682
ENSDART00000134630	zdhhc16a	84	29.9	26.1	5.9	17.6	43.7	58.3	NA	NA	NA
ENSDART00000040240	tiprl	348	41.7	38.9	13.2	22.5	56.4	75.4	42.14	124.18	1.55917061754
ENSDART00000143012	si:dkey-15h8.13	2	51.7	51.7	NA	NA	NA	NA	NA	NA	NA
ENSDART00000015512	polr3f	87	16.3	14.7	2.3	8.9	21.1	33.2	77.1	9.72	-2.9877026412
ENSDART00000010569	g6pc3	3	53.3	32.9	NA	NA	NA	NA	NA	NA	NA
ENSDART00000033479	si:ch211-129c21.1	367	20.2	17.8	3.6	9.1	29.2	38.8	NA	NA	NA
ENSDART00000129236	CABZ01080116.1	2	14.2	14.2	NA	NA	NA	NA	NA	NA	NA
ENSDART00000027697	serinc2	121	62.3	58.3	12.8	25.8	86.2	126.0	15.34	155.2	3.33875816957
ENSDART00000082578	bnip2	73	28.7	27.5	2.5	13.7	43.3	54.2	NA	NA	NA
ENSDART00000146666	mcf2b	4	13.0	6.5	NA	NA	NA	NA	NA	NA	NA
ENSDART00000082577	prune2	3	11.2	10.4	NA	NA	NA	NA	NA	NA	NA
ENSDART00000075759	maea	390	42.8	37.8	10.2	21.7	60.7	80.5	NA	NA	NA
ENSDART00000085253	mid1	5	30.5	24.8	NA	NA	NA	NA	NA	NA	NA
ENSDART00000135941	il11ra	4	19.2	12.5	NA	NA	NA	NA	NA	NA	NA
ENSDART00000075150	bmp4	3	7.3	7.5	NA	NA	NA	NA	NA	NA	NA
ENSDART00000135945	rpsa	372	21.1	17.6	2.7	8.3	30.0	46.3	477.52	17.36	-4.78172230601
ENSDART00000059230	IRF2	2	32.9	32.9	NA	NA	NA	NA	NA	NA	NA
ENSDART00000075159	zgc:113377	6	19.4	18.0	NA	NA	NA	NA	NA	NA	NA
ENSDART00000079866	slc30a9	270	30.2	26.6	8.2	15.8	42.6	57.0	NA	NA	NA
ENSDART00000073416	cecr1a	30	26.4	17.2	4.7	8.5	42.1	56.1	NA	NA	NA
ENSDART00000132286	MGST1	9	42.2	39.0	NA	NA	NA	NA	NA	NA	NA
ENSDART00000130725	lpgat1	63	41.7	26.9	9.4	16.6	60.7	98.9	15.02	50.66	1.7539622642
ENSDART00000137400	C5H9orf171	4	39.3	39.0	NA	NA	NA	NA	NA	NA	NA
ENSDART00000132280	ror1	83	35.4	23.6	6.9	11.9	51.2	78.0	NA	NA	NA
ENSDART00000064573	setd6	32	19.4	16.7	6.3	10.2	25.0	32.8	NA	NA	NA
ENSDART00000125592	ZNF518B	48	26.3	21.6	4.8	12.5	39.0	52.2	NA	NA	NA
ENSDART00000125591	arhgap28	53	34.3	23.2	6.1	13.4	45.6	89.3	NA	NA	NA
ENSDART00000130723	CR759791.3	5	19.9	13.5	NA	NA	NA	NA	NA	NA	NA
ENSDART00000123612	BX470254.1	54	36.9	29.7	10.6	15.1	53.9	77.9	NA	NA	NA
ENSDART00000126221	HIST2H4B	13	-0.8	-5.6	-9.0	-8.7	-1.0	12.1	NA	NA	NA
ENSDART00000066778	acad11	22	51.3	46.0	26.8	34.2	67.1	73.4	NA	NA	NA
ENSDART00000082586	sntg2	11	34.4	24.5	6.4	12.0	54.5	57.0	NA	NA	NA
ENSDART00000013264	arglu1b	213	47.6	44.0	11.3	25.0	68.5	85.5	54.1	87.79	0.698428020287
ENSDART00000013263	ugdh	178	43.5	38.5	6.0	16.1	61.0	90.1	15.51	119.44	2.9450154791
ENSDART00000083212	fscn1a	119	32.7	21.3	5.4	9.6	45.6	84.8	19.27	113.92	2.56359257467
ENSDART00000132220	CABZ01006828.1	1	43.4	43.4	NA	NA	NA	NA	NA	NA	NA
ENSDART00000063029	mfsd6a	52	12.9	10.5	1.2	5.7	17.2	31.6	NA	NA	NA
ENSDART00000137019	cmklr1	1	36.3	36.3	NA	NA	NA	NA	NA	NA	NA
ENSDART00000152478	stambpl1	2	-4.0	-4.0	NA	NA	NA	NA	NA	NA	NA
ENSDART00000055253	FILIP1L	18	20.4	18.0	8.2	13.6	21.7	34.5	NA	NA	NA
ENSDART00000126229	rps7	1746	28.7	27.5	9.0	16.9	37.7	48.9	685.27	18.2	-5.23466217402
ENSDART00000055259	nmrk1	21	29.6	19.7	13.9	17.9	37.9	61.9	NA	NA	NA
ENSDART00000101694	relt	2	16.0	16.0	NA	NA	NA	NA	NA	NA	NA
ENSDART00000149863	mif4gdb	157	30.2	24.7	5.8	12.5	40.8	68.4	NA	NA	NA
ENSDART00000105778	hs6st1b	30	16.5	15.1	6.4	8.7	22.8	32.3	NA	NA	NA
ENSDART00000129104	zgc:123194	778	17.4	13.7	2.6	7.3	24.0	37.4	52.59	62.96	0.259647044027
ENSDART00000137017	h3f3d	551	113.4	126.4	28.2	67.2	157.6	179.1	345.1	2807.21	3.02405061322
ENSDART00000128766	serpinb1l3	3	10.7	10.3	NA	NA	NA	NA	NA	NA	NA
ENSDART00000024644	xrcc4	160	40.5	34.9	11.6	21.4	57.3	73.9	53.06	39.15	-0.43861236805
ENSDART00000123619	rac2	86	33.0	27.8	8.8	17.0	41.5	68.8	32.85	30.74	-0.0957762055189
ENSDART00000101525	si:dkey-266m15.6	1	36.2	36.2	NA	NA	NA	NA	NA	NA	NA
ENSDART00000101528	chrnb1	5	60.5	70.8	NA	NA	NA	NA	NA	NA	NA
ENSDART00000125535	mtx3	1	32.6	32.6	NA	NA	NA	NA	NA	NA	NA
ENSDART00000081571	si:ch211-59h6.1	1	27.3	27.3	NA	NA	NA	NA	NA	NA	NA
ENSDART00000109506	tmem201	7	45.7	40.1	NA	NA	NA	NA	NA	NA	NA
ENSDART00000109504	cc2d1b	37	15.3	11.6	1.7	7.2	18.5	33.2	NA	NA	NA
ENSDART00000109505	tmem79b	144	35.4	26.3	8.9	15.4	45.4	82.1	NA	NA	NA
ENSDART00000051612	dao.2	1	11.1	11.1	NA	NA	NA	NA	NA	NA	NA
ENSDART00000098888	tbx20	10	20.5	9.0	4.5	6.3	35.1	54.6	NA	NA	NA
ENSDART00000109508	vetz	15	12.1	11.4	0.1	5.6	18.5	23.6	NA	NA	NA
ENSDART00000058364	hmgb2b	1752	66.4	61.8	15.6	34.3	96.0	122.9	371.19	728.67	0.973107750629
ENSDART00000066080	slit1a	2	52.5	52.5	NA	NA	NA	NA	NA	NA	NA
ENSDART00000066086	zgc:114123	355	13.7	10.8	0.6	4.9	18.3	31.3	NA	NA	NA
ENSDART00000134697	pik3ip1	5	26.1	24.3	NA	NA	NA	NA	NA	NA	NA
ENSDART00000029824	map4k5	59	87.2	94.5	21.2	37.6	129.3	161.5	21.08	100.36	2.25123760377
ENSDART00000097213	par1	1	18.3	18.3	NA	NA	NA	NA	NA	NA	NA
ENSDART00000028940	styxl1	45	25.5	26.5	8.5	14.6	32.8	43.3	NA	NA	NA
ENSDART00000144917	MRPS12	2	18.8	18.8	NA	NA	NA	NA	NA	NA	NA
ENSDART00000010056	hip1r	215	26.5	23.9	8.7	15.5	35.6	48.4	50.45	7.71	-2.71005150408
ENSDART00000112639	pnpla4	21	30.3	19.6	10.9	12.3	35.8	71.9	NA	NA	NA
ENSDART00000112634	CZv9_NA991H1orf52	400	38.1	31.8	9.1	18.4	52.3	79.3	33.33	63.03	0.919217345284
ENSDART00000134678	OVOL2	1	23.5	23.5	NA	NA	NA	NA	NA	NA	NA
ENSDART00000112636	aldh1l1	31	35.8	32.8	6.4	15.4	49.3	75.4	15.62	14.31	-0.126370781415
ENSDART00000112637	SMARCC2	12	32.8	24.4	4.5	10.7	46.3	63.8	NA	NA	NA
ENSDART00000152429	si:ch211-22i13.2	190	16.9	13.8	5.2	9.0	21.8	31.7	33.5	4.55	-2.88022264515
ENSDART00000127656	CU183952.2	3	17.1	12.5	NA	NA	NA	NA	NA	NA	NA
ENSDART00000130818	ptprz1b	33	40.6	35.6	8.5	25.0	55.8	81.3	NA	NA	NA
ENSDART00000055038	rybpa	187	41.4	36.0	10.8	20.9	57.2	79.8	38.24	192.95	2.33507261545
ENSDART00000077553	xdh	9	40.7	23.7	NA	NA	NA	NA	NA	NA	NA
ENSDART00000028941	mrps18a	296	12.8	9.8	2.4	5.3	17.3	27.6	NA	NA	NA
ENSDART00000143904	epor	1	-0.4	-0.4	NA	NA	NA	NA	NA	NA	NA
ENSDART00000009473	zfand1	102	16.5	15.4	5.2	8.0	20.3	29.9	NA	NA	NA
ENSDART00000142265	rassf1	11	22.1	16.3	6.0	12.1	30.5	49.8	NA	NA	NA
ENSDART00000009477	cct8	255	57.0	48.8	14.4	29.6	78.3	111.5	120.44	253.62	1.07435390503
ENSDART00000100352	phf3	62	64.4	52.5	11.2	32.7	94.2	126.1	20.29	36.98	0.865976359648
ENSDART00000039399	sdpra	9	24.4	24.4	NA	NA	NA	NA	NA	NA	NA
ENSDART00000055338	thoc6	385	29.8	27.4	8.8	16.1	40.9	54.2	63.98	61.13	-0.0657404253508
ENSDART00000143909	tbc1d9	173	52.7	45.8	6.1	27.3	76.1	109.5	13.05	108.56	3.05637091396
ENSDART00000075216	fam193a	163	41.4	38.2	9.9	20.0	61.6	72.3	22.97	36.54	0.66972577725
ENSDART00000114352	zgc:112998	15	31.6	22.7	9.5	13.6	42.1	64.6	NA	NA	NA
ENSDART00000138638	si:dkey-26c10.5	1	44.6	44.6	NA	NA	NA	NA	NA	NA	NA
ENSDART00000076938	pogza	199	47.3	45.0	14.3	25.8	64.3	78.9	15.59	56.23	1.85071911884
ENSDART00000129590	mrps10	164	12.0	9.1	1.6	4.7	17.0	27.0	27.91	7.17	-1.96073710036
ENSDART00000138634	abca12	1	94.3	94.3	NA	NA	NA	NA	NA	NA	NA
ENSDART00000056878	traf4b	126	32.3	28.2	11.2	18.5	40.2	60.3	NA	NA	NA
ENSDART00000052803	si:dkey-30c15.10	534	16.2	12.5	2.4	6.8	22.2	36.1	NA	NA	NA
ENSDART00000079480	mrpl13	185	31.6	25.7	7.1	14.2	43.7	66.6	51.23	29.6	-0.791391715938
ENSDART00000044670	nfixb	1	-6.0	-6.0	NA	NA	NA	NA	NA	NA	NA
ENSDART00000124313	nr1h5	1	12.0	12.0	NA	NA	NA	NA	NA	NA	NA
ENSDART00000124317	pde7a	29	70.8	72.9	24.4	42.4	88.4	116.8	NA	NA	NA
ENSDART00000124315	vasna	3	20.4	20.4	NA	NA	NA	NA	NA	NA	NA
ENSDART00000062702	cebpb	17	33.7	30.1	7.9	15.5	40.3	58.0	NA	NA	NA
ENSDART00000062257	slc39a1	119	32.8	26.2	8.3	14.3	42.5	68.7	NA	NA	NA
ENSDART00000062254	MAD2L2	1	13.0	13.0	NA	NA	NA	NA	NA	NA	NA
ENSDART00000046716	cited2	128	30.7	27.4	8.2	14.7	43.4	61.6	NA	NA	NA
ENSDART00000059881	plekhh2	2	23.2	23.2	NA	NA	NA	NA	NA	NA	NA
ENSDART00000046712	zgc:86609	145	43.9	40.8	12.1	24.5	56.8	83.4	NA	NA	NA
ENSDART00000053310	tmem18	138	14.4	11.9	3.4	6.7	20.8	28.5	NA	NA	NA
ENSDART00000027587	ralab	12	16.3	12.9	2.3	9.2	24.2	26.5	NA	NA	NA
ENSDART00000054208	mtap	303	23.9	20.8	7.0	12.8	30.6	45.1	72.56	43.24	-0.746807932794
ENSDART00000084321	dact2	12	22.2	22.9	7.7	14.2	27.4	29.3	NA	NA	NA
ENSDART00000131715	psmb4	881	27.3	23.5	6.5	13.3	38.2	52.8	107.89	176.45	0.709698278165
ENSDART00000131240	zbed4	100	40.9	33.5	11.5	19.2	54.8	79.3	6.2	9.86	0.669319431104
ENSDART00000136561	si:dkeyp-82a1.6	297	14.6	13.0	2.8	7.6	18.4	29.5	NA	NA	NA
ENSDART00000140121	CR382385.2	4	26.1	30.8	NA	NA	NA	NA	NA	NA	NA
ENSDART00000128971	gm2a	637	54.4	48.0	12.3	26.3	73.6	110.0	60.52	297.12	2.29556182772
ENSDART00000128977	sp9	2	8.1	8.1	NA	NA	NA	NA	NA	NA	NA
ENSDART00000128974	m6pr	204	43.9	38.0	15.5	24.0	58.0	83.5	NA	NA	NA
ENSDART00000128975	slc25a32a	142	32.9	26.3	9.8	16.4	38.1	71.8	NA	NA	NA
ENSDART00000148632	yy1b	190	24.3	19.7	3.8	10.5	31.0	54.3	21.59	29.36	0.443488724821
ENSDART00000028357	PIGB	20	51.9	52.3	23.6	27.0	68.0	82.6	NA	NA	NA
ENSDART00000087909	TMEM246	151	36.7	36.2	10.2	18.1	50.7	67.4	NA	NA	NA
ENSDART00000129372	klhl22	3	28.6	17.8	NA	NA	NA	NA	NA	NA	NA
ENSDART00000129371	CABZ01072828.1	17	14.3	12.4	2.3	3.5	19.7	33.0	NA	NA	NA
ENSDART00000027582	brms1lb	71	42.3	32.4	7.3	18.6	66.2	82.7	NA	NA	NA
ENSDART00000126816	CABZ01058048.1	5	103.1	121.4	NA	NA	NA	NA	NA	NA	NA
ENSDART00000126814	cmasb	5	30.5	28.1	NA	NA	NA	NA	NA	NA	NA
ENSDART00000114773	mmrn2a	1	33.2	33.2	NA	NA	NA	NA	NA	NA	NA
ENSDART00000105333	akap6	1	33.0	33.0	NA	NA	NA	NA	NA	NA	NA
ENSDART00000150629	si:dkey-23a23.3	9	17.3	20.2	NA	NA	NA	NA	NA	NA	NA
ENSDART00000044971	myo1eb	179	24.3	20.0	4.3	10.6	34.8	47.8	38.89	33.47	-0.216530683748
ENSDART00000124271	gabpb1	10	15.1	14.1	-1.0	7.4	20.4	27.4	NA	NA	NA
ENSDART00000132081	rap1b	78	26.5	21.2	4.9	12.2	34.2	53.2	NA	NA	NA
ENSDART00000146930	pdk3a	3	18.3	20.6	NA	NA	NA	NA	NA	NA	NA
ENSDART00000038273	traf6	42	28.5	20.3	5.4	10.0	40.8	64.5	NA	NA	NA
ENSDART00000098504	def8	2	15.3	15.3	NA	NA	NA	NA	NA	NA	NA
ENSDART00000098503	haus6	529	40.5	36.1	10.4	21.3	55.4	76.4	NA	NA	NA
ENSDART00000122699	fam73b	52	24.2	25.3	4.3	11.4	33.9	48.0	NA	NA	NA
ENSDART00000058503	gpm6aa	3	26.8	15.2	NA	NA	NA	NA	NA	NA	NA
ENSDART00000113186	si:dkey-240e12.6	30	13.0	14.2	0.3	7.0	17.8	25.7	NA	NA	NA
ENSDART00000149410	si:ch211-116m6.3	0	NA	NA	NA	NA	NA	NA	9.03	2.43	-1.89376967388
ENSDART00000059918	hnrnph1	4	35.8	24.7	NA	NA	NA	NA	NA	NA	NA
ENSDART00000090881	si:dkey-100n10.2	4	15.2	17.8	NA	NA	NA	NA	NA	NA	NA
ENSDART00000092256	mrpl9	259	22.9	21.1	5.3	12.8	31.4	40.6	NA	NA	NA
ENSDART00000029552	CU467854.1	17	13.4	12.3	5.1	9.2	16.7	22.1	NA	NA	NA
ENSDART00000029553	rsg1	38	20.9	17.9	2.9	10.3	28.1	47.6	NA	NA	NA
ENSDART00000042481	phf23a	242	20.7	16.9	5.9	10.3	28.1	39.3	100.72	44.22	-1.1875792579
ENSDART00000022724	pnpo	81	13.8	14.1	0.4	5.0	19.6	31.2	NA	NA	NA
ENSDART00000039877	SCYL2	154	61.2	50.3	15.5	32.4	85.0	111.6	NA	NA	NA
ENSDART00000000005	ccdc80	5	20.8	10.9	NA	NA	NA	NA	NA	NA	NA
ENSDART00000144911	mars	324	32.1	29.8	9.5	18.4	41.2	56.3	48.08	61.92	0.364968575433
ENSDART00000063071	dgcr2	33	27.7	24.7	6.1	10.0	37.3	55.7	NA	NA	NA
ENSDART00000045598	zgc:110626	3	27.5	22.5	NA	NA	NA	NA	NA	NA	NA
ENSDART00000032355	GOLM1	8	14.1	9.6	NA	NA	NA	NA	45.47	34.68	-0.390811105523
ENSDART00000063075	NKAIN4	3	17.5	19.1	NA	NA	NA	NA	NA	NA	NA
ENSDART00000022861	itga11b	5	8.4	4.8	NA	NA	NA	NA	NA	NA	NA
ENSDART00000114556	nbr1	13	39.7	21.1	9.5	16.6	57.9	72.3	NA	NA	NA
ENSDART00000140844	slitrk3b	2	22.1	22.1	NA	NA	NA	NA	NA	NA	NA
ENSDART00000127054	C25H11orf24	282	21.2	17.9	4.3	9.7	30.0	43.2	16.59	5.75	-1.52868002512
ENSDART00000020381	grap2a	2	23.2	23.2	NA	NA	NA	NA	NA	NA	NA
ENSDART00000020386	gclm	114	53.1	47.5	13.5	22.4	70.2	106.6	29.84	262.49	3.13694302122
ENSDART00000039878	sap30bp	155	60.1	49.6	11.1	26.4	83.7	122.5	43.83	240.97	2.45886296271
ENSDART00000113279	rnf26	90	34.4	28.1	7.5	13.9	42.5	78.0	17.75	22.84	0.363743626083
ENSDART00000084284	ABI3	1	57.0	57.0	NA	NA	NA	NA	NA	NA	NA
ENSDART00000007308	wnt10a	1	39.5	39.5	NA	NA	NA	NA	NA	NA	NA
ENSDART00000022499	psmb3	376	22.1	18.4	3.7	9.3	30.7	44.0	106.94	33.2	-1.68754643516
ENSDART00000061062	PARD3B	15	34.8	35.4	14.1	18.8	44.5	64.1	6.85	4.42	-0.632057618456
ENSDART00000113239	nsun5	229	22.6	20.1	6.3	11.4	31.5	42.2	35.37	15.74	-1.16809067819
ENSDART00000137052	specc1	0	NA	NA	NA	NA	NA	NA	10.81	28.22	1.38435146486
ENSDART00000144898	RNF215	10	55.3	52.6	21.2	36.4	67.5	89.4	NA	NA	NA
ENSDART00000060259	wnt2	1	7.8	7.8	NA	NA	NA	NA	NA	NA	NA
ENSDART00000060255	blmh	24	21.7	19.5	-0.5	11.8	31.8	46.7	28.5	21.16	-0.429622291825
ENSDART00000090081	sema4ab	140	36.3	28.5	8.1	16.4	54.7	77.7	NA	NA	NA
ENSDART00000064596	cyp2x8	1	17.9	17.9	NA	NA	NA	NA	NA	NA	NA
ENSDART00000074478	nkiras2	2	15.7	15.7	NA	NA	NA	NA	NA	NA	NA
ENSDART00000074407	gltpd1	15	29.2	17.9	9.5	13.1	32.5	58.0	NA	NA	NA
ENSDART00000146160	loxl5b	15	32.8	23.1	14.4	17.1	32.8	60.7	NA	NA	NA
ENSDART00000021384	exoc4	24	62.8	62.7	16.5	27.4	99.2	117.4	NA	NA	NA
ENSDART00000016430	ikzf1	1	34.4	34.4	NA	NA	NA	NA	NA	NA	NA
ENSDART00000123268	nr1h3	62	32.1	27.6	8.0	12.0	51.1	62.9	NA	NA	NA
ENSDART00000058552	CABZ01111953.1	1	17.4	17.4	NA	NA	NA	NA	NA	NA	NA
ENSDART00000063613	ccdc6a	367	39.9	33.5	10.4	18.0	54.8	83.3	38.87	94.41	1.28028257168
ENSDART00000123199	usp6nl	5	37.2	18.9	NA	NA	NA	NA	NA	NA	NA
ENSDART00000058425	zgc:173990	135	40.9	37.2	7.7	17.9	60.1	80.9	16.28	5.29	-1.62176107215
ENSDART00000144237	gig2p	156	27.8	24.0	5.5	13.8	32.1	52.9	NA	NA	NA
ENSDART00000052379	nkd1	8	22.2	14.7	NA	NA	NA	NA	NA	NA	NA
ENSDART00000055414	pex26	26	26.5	22.8	7.6	17.3	39.3	46.5	NA	NA	NA
ENSDART00000055415	prph2a	1	19.2	19.2	NA	NA	NA	NA	NA	NA	NA
ENSDART00000047444	rbck1	19	36.7	32.1	8.7	21.3	47.2	61.5	NA	NA	NA
ENSDART00000127680	zfand2a	974	17.8	14.3	3.4	7.8	24.1	36.7	NA	NA	NA
ENSDART00000012888	atp5l	679	14.5	12.0	2.1	6.4	18.7	28.2	NA	NA	NA
ENSDART00000043756	ephb2b	51	31.1	20.5	-6.1	8.5	41.1	99.3	NA	NA	NA
ENSDART00000144897	si:ch211-183d5.1	6	44.4	31.9	NA	NA	NA	NA	NA	NA	NA
ENSDART00000152901	armc5	86	47.4	43.8	11.7	22.8	63.4	87.4	16.5	20.08	0.283293244818
ENSDART00000152904	sesn1	33	33.0	18.4	5.0	8.8	39.9	103.8	NA	NA	NA
ENSDART00000043751	macrod1	25	28.2	22.3	6.2	14.7	43.8	59.2	NA	NA	NA
ENSDART00000122026	HPDL	46	34.2	32.0	0.6	13.1	46.5	69.7	NA	NA	NA
ENSDART00000122027	LEPROTL1	299	36.4	24.7	6.3	14.2	50.3	92.9	NA	NA	NA
ENSDART00000010778	dopey1	55	30.3	23.9	3.8	14.0	41.1	67.1	6.09	2.9	-1.07038932789
ENSDART00000141607	fpgs	263	28.5	21.7	5.7	13.0	39.1	61.0	NA	NA	NA
ENSDART00000122021	ptpro	1	31.7	31.7	NA	NA	NA	NA	NA	NA	NA
ENSDART00000010774	zic2a	11	25.1	26.7	5.2	8.8	33.4	39.4	NA	NA	NA
ENSDART00000134844	micall2a	663	23.8	16.1	2.9	7.9	31.5	50.3	37.23	70.62	0.923611204908
ENSDART00000031640	zgc:113425	709	32.4	25.4	6.0	13.6	44.8	68.2	NA	NA	NA
ENSDART00000123197	relb	92	31.8	25.0	5.8	12.2	43.5	66.2	NA	NA	NA
ENSDART00000123191	ube2t	773	12.7	10.2	1.7	6.1	16.8	24.0	NA	NA	NA
ENSDART00000123193	calcrla	1	25.0	25.0	NA	NA	NA	NA	NA	NA	NA
ENSDART00000021037	hspa4a	360	23.3	20.0	6.6	11.5	30.9	43.8	40.82	27.97	-0.545395928557
ENSDART00000123198	hspa12a	8	33.1	27.0	NA	NA	NA	NA	NA	NA	NA
ENSDART00000021035	sec63	203	22.0	17.9	1.8	7.5	25.1	37.8	41.26	21.88	-0.915131083094
ENSDART00000054367	kdelr2b	28	15.9	13.5	1.9	7.3	25.6	32.8	NA	NA	NA
ENSDART00000097856	fras1	4	72.8	66.8	NA	NA	NA	NA	NA	NA	NA
ENSDART00000111731	fam57ba	262	26.1	21.5	6.2	11.9	33.6	56.2	NA	NA	NA
ENSDART00000132596	dio1	1	14.7	14.7	NA	NA	NA	NA	NA	NA	NA
ENSDART00000085888	trim8b	55	28.6	22.8	4.7	11.7	42.2	60.0	NA	NA	NA
ENSDART00000021213	cpne2	1	36.5	36.5	NA	NA	NA	NA	NA	NA	NA
ENSDART00000111738	TMEM17	49	28.7	22.5	5.7	9.1	42.1	57.1	NA	NA	NA
ENSDART00000111739	tcf20	116	93.3	103.4	20.7	50.3	132.1	154.2	28.27	15.27	-0.888571821034
ENSDART00000015479	psma8	304	19.7	16.5	4.5	8.8	25.2	39.4	28.97	35.66	0.299747018355
ENSDART00000111651	AL954696.1	261	25.9	21.3	4.5	11.4	35.0	58.0	52.67	29.64	-0.829436011848
ENSDART00000148105	naf1	268	41.6	38.4	13.0	21.3	54.2	78.6	NA	NA	NA
ENSDART00000025803	pola2	374	27.0	23.0	8.6	14.0	36.2	50.1	56.39	48.11	-0.229102543531
ENSDART00000108920	pik3r5	60	17.8	13.6	2.0	6.8	24.7	36.0	NA	NA	NA
ENSDART00000112384	ANKRD40	23	35.1	24.8	10.8	15.2	33.6	70.4	NA	NA	NA
ENSDART00000108694	CR559945.3	38	22.1	16.0	4.6	6.8	32.9	51.0	NA	NA	NA
ENSDART00000112380	ercc6	3	41.2	7.5	NA	NA	NA	NA	NA	NA	NA
ENSDART00000101671	clgn	36	52.5	46.5	15.9	35.6	61.6	98.7	NA	NA	NA
ENSDART00000081143	sephs1	51	72.9	74.6	3.9	36.2	117.6	133.3	NA	NA	NA
ENSDART00000140336	nsun2	259	125.8	129.3	54.9	100.7	159.6	177.7	25.24	331.92	3.71705174689
ENSDART00000147105	tdh	198	20.4	17.1	4.9	9.6	27.3	40.4	18.78	20.85	0.150850320678
ENSDART00000041007	stmn1b	12	20.4	11.1	5.8	7.8	24.5	38.1	NA	NA	NA
ENSDART00000023094	acvr1b	286	41.1	33.9	8.3	19.1	54.8	88.5	24.0	114.11	2.24931891642
ENSDART00000051777	zgc:101664	10	28.4	26.5	-7.6	7.2	51.5	57.7	NA	NA	NA
ENSDART00000051776	srp19	62	23.8	20.1	5.9	12.3	30.0	54.5	54.67	45.74	-0.257293009788
ENSDART00000060034	NAIF1	217	35.1	32.6	7.9	16.7	50.0	66.7	NA	NA	NA
ENSDART00000038036	ube3d	6	8.6	7.9	NA	NA	NA	NA	NA	NA	NA
ENSDART00000099822	nos1	1	76.5	76.5	NA	NA	NA	NA	NA	NA	NA
ENSDART00000103046	zgc:162879	710	29.6	23.8	5.4	12.5	40.6	62.8	NA	NA	NA
ENSDART00000006489	acsl4a	197	23.3	18.3	5.0	10.7	29.7	48.3	NA	NA	NA
ENSDART00000103048	cald1l	2	67.6	67.6	NA	NA	NA	NA	NA	NA	NA
ENSDART00000044085	CAPN2	1	70.4	70.4	NA	NA	NA	NA	NA	NA	NA
ENSDART00000085087	ddx28	282	16.8	14.4	3.1	7.0	22.3	35.0	54.35	5.03	-3.43364973011
ENSDART00000089689	mrps5	3	15.6	9.1	NA	NA	NA	NA	22.94	5.25	-2.12747606346
ENSDART00000092906	ppp1cab	78	101.4	120.0	9.3	45.6	148.3	170.7	18.4	406.43	4.46522922494
ENSDART00000148822	gpr56	1	9.9	9.9	NA	NA	NA	NA	NA	NA	NA
ENSDART00000129343	KRT222	1	20.4	20.4	NA	NA	NA	NA	NA	NA	NA
ENSDART00000147122	ntf7	9	18.5	18.5	NA	NA	NA	NA	NA	NA	NA
ENSDART00000061617	hmg20b	147	42.8	35.3	11.8	19.5	59.3	84.9	52.86	100.33	0.924504725308
ENSDART00000037729	CCSAP	2	36.8	36.8	NA	NA	NA	NA	NA	NA	NA
ENSDART00000046959	arhgap12b	108	22.8	18.1	4.0	9.7	28.8	43.1	NA	NA	NA
ENSDART00000101753	MTMR11	4	47.7	50.0	NA	NA	NA	NA	NA	NA	NA
ENSDART00000101751	skp2	721	36.2	29.3	6.6	15.4	51.6	74.0	59.82	195.55	1.7088377205
ENSDART00000148728	pacsin2	445	19.1	13.4	2.2	6.2	24.1	43.2	70.05	44.12	-0.666952259727
ENSDART00000124139	pank4	0	NA	NA	NA	NA	NA	NA	22.7	49.73	1.13142413362
ENSDART00000127023	CABZ01071909.3	41	18.6	18.2	3.1	10.4	25.3	34.6	NA	NA	NA
ENSDART00000111885	taf9	1595	30.5	27.0	8.3	15.6	42.5	57.6	217.27	240.94	0.149184939349
ENSDART00000078348	si:ch1073-416j23.1	41	18.0	15.2	5.4	9.9	23.0	29.3	NA	NA	NA
ENSDART00000127026	zgc:162193	1	13.0	13.0	NA	NA	NA	NA	NA	NA	NA
ENSDART00000127028	dus1l	210	24.0	19.8	5.7	11.6	30.9	47.3	36.57	103.95	1.5071572264
ENSDART00000012445	zgc:113278	8	27.0	20.1	NA	NA	NA	NA	NA	NA	NA
ENSDART00000078509	capza1b	334	18.8	15.1	3.6	8.0	23.6	37.4	63.31	25.17	-1.33072817906
ENSDART00000028565	ahsg	1	7.6	7.6	NA	NA	NA	NA	NA	NA	NA
ENSDART00000126255	st6gal2l	114	23.5	21.2	6.4	12.0	32.8	42.4	NA	NA	NA
ENSDART00000126256	cpne3	33	75.1	73.4	6.5	37.8	116.3	136.3	NA	NA	NA
ENSDART00000066961	ppp6r2a	91	40.7	27.5	6.5	14.9	51.6	75.6	25.32	69.16	1.44966046421
ENSDART00000066963	atp6v1f	387	12.8	11.4	3.0	6.4	17.2	25.6	NA	NA	NA
ENSDART00000066964	hgfa	1	20.4	20.4	NA	NA	NA	NA	NA	NA	NA
ENSDART00000145944	amotl2b	14	14.1	15.1	-0.0	9.8	19.9	24.3	NA	NA	NA
ENSDART00000020541	lipf	57	40.2	34.8	14.7	21.0	52.4	68.4	NA	NA	NA
ENSDART00000020810	sdcbp2	339	30.9	26.4	7.6	14.9	41.1	54.9	20.9	109.57	2.39027799855
ENSDART00000146272	NDUFB2	166	22.9	20.4	4.5	9.7	31.5	42.6	NA	NA	NA
ENSDART00000010041	dhfr	137	27.8	23.1	4.1	11.6	41.2	59.4	56.69	126.77	1.16104719919
ENSDART00000020817	nudcd3	104	21.6	17.0	4.8	9.0	27.8	46.7	20.14	13.15	-0.615000883827
ENSDART00000027268	otpa	1	9.7	9.7	NA	NA	NA	NA	NA	NA	NA
ENSDART00000020819	LMAN2L	81	20.7	14.7	5.7	8.2	23.3	33.7	19.35	2.48	-2.96392154064
ENSDART00000050420	arhgap4a	84	24.4	22.9	4.1	13.3	36.2	46.4	NA	NA	NA
ENSDART00000014254	diablob	191	28.6	22.5	8.0	14.0	34.8	58.0	NA	NA	NA
ENSDART00000041451	vipas39	98	20.5	17.7	5.2	10.4	25.3	39.9	NA	NA	NA
ENSDART00000073625	pde5ab	4	24.6	28.5	NA	NA	NA	NA	NA	NA	NA
ENSDART00000004023	pepd	139	31.0	29.7	10.5	16.3	44.1	53.8	37.49	24.08	-0.638670433528
ENSDART00000089066	tbc1d2b	45	31.8	27.7	7.3	17.4	41.6	56.7	NA	NA	NA
ENSDART00000083369	DGKE	7	33.3	28.3	NA	NA	NA	NA	NA	NA	NA
ENSDART00000102312	zgc:158340	1	10.1	10.1	NA	NA	NA	NA	NA	NA	NA
ENSDART00000129261	lpar1	19	18.7	18.6	3.4	9.7	25.0	37.2	NA	NA	NA
ENSDART00000083362	TTC31	363	55.6	48.9	17.5	31.0	78.1	103.4	231.56	128.4	-0.850740859219
ENSDART00000125532	AREL1	33	76.2	68.8	17.0	36.0	114.8	143.6	NA	NA	NA
ENSDART00000113661	kif16bb	1	17.8	17.8	NA	NA	NA	NA	NA	NA	NA
ENSDART00000133621	si:ch211-255a21.3	162	34.9	25.1	5.7	14.3	53.2	79.1	NA	NA	NA
ENSDART00000106153	top2a	602	15.5	12.5	1.7	6.5	21.1	31.4	60.22	7.65	-2.97671105514
ENSDART00000034456	kpna4	321	55.7	44.0	11.5	20.7	86.5	120.0	49.54	451.57	3.18828387032
ENSDART00000126646	MALSU1	12	15.2	10.5	4.7	7.5	14.3	25.9	NA	NA	NA
ENSDART00000129167	mapre1b	178	48.7	38.3	6.2	18.1	76.1	111.5	NA	NA	NA
ENSDART00000036456	cycsb	1998	28.9	24.5	6.8	13.5	40.3	56.2	472.85	362.79	-0.382247906977
ENSDART00000113710	dcbld2	10	33.1	29.0	8.8	13.1	45.0	60.2	NA	NA	NA
ENSDART00000113712	galnt13	49	21.1	14.8	6.3	9.2	23.2	52.3	NA	NA	NA
ENSDART00000113713	fam177a1	24	58.7	58.9	14.2	35.3	73.1	103.4	NA	NA	NA
ENSDART00000020603	ccng2	11	9.4	7.7	2.6	4.2	11.9	21.3	NA	NA	NA
ENSDART00000066407	nptx2b	1	21.1	21.1	NA	NA	NA	NA	NA	NA	NA
ENSDART00000113716	rabl6	25	26.6	21.8	10.8	13.6	29.8	49.0	NA	NA	NA
ENSDART00000144915	tbx1	3	67.5	69.6	NA	NA	NA	NA	NA	NA	NA
ENSDART00000146682	pcnp	53	32.7	27.3	10.3	16.6	47.8	65.5	NA	NA	NA
ENSDART00000086005	CABZ01057358.1	3	17.8	10.5	NA	NA	NA	NA	NA	NA	NA
ENSDART00000024514	chordc1	31	26.9	22.6	9.8	15.5	30.8	39.7	63.4	9.66	-2.71438774619
ENSDART00000115174	TCIRG1	566	30.6	25.3	7.3	15.0	40.4	59.5	NA	NA	NA
ENSDART00000123275	ptbp2a	50	66.9	47.5	9.5	20.1	106.0	163.9	9.09	106.73	3.55354164572
ENSDART00000102345	txnipb	18	25.8	28.4	9.8	17.4	32.2	38.9	NA	NA	NA
ENSDART00000093236	TULP3	89	20.2	15.0	6.4	9.1	26.1	38.3	NA	NA	NA
ENSDART00000132491	WDR83OS	622	26.4	23.6	7.8	14.1	35.0	48.7	61.75	115.45	0.902757131302
ENSDART00000093232	CR855307.1	76	45.1	40.7	16.8	28.7	59.7	80.8	NA	NA	NA
ENSDART00000130801	ACSL1	0	NA	NA	NA	NA	NA	NA	8.5	2.86	-1.57144769425
ENSDART00000040500	tspan9a	2	30.0	30.0	NA	NA	NA	NA	NA	NA	NA
ENSDART00000144419	larp4aa	74	29.6	23.5	6.4	13.4	36.6	52.0	NA	NA	NA
ENSDART00000091901	psmd14	715	22.8	16.3	2.6	7.2	33.4	53.2	82.48	136.1	0.722550829023
ENSDART00000058793	nenf	115	23.1	18.4	6.2	11.2	32.6	45.2	NA	NA	NA
ENSDART00000130380	dpysl2b	2	18.4	18.4	NA	NA	NA	NA	NA	NA	NA
ENSDART00000058797	hebp2	41	30.2	23.2	7.7	13.0	40.6	60.9	NA	NA	NA
ENSDART00000125537	CABZ01069006.1	337	26.2	23.1	8.8	15.6	34.6	50.1	NA	NA	NA
ENSDART00000087241	lss	29	24.1	23.2	6.6	11.8	34.6	42.6	NA	NA	NA
ENSDART00000087242	atpif1a	369	23.2	18.1	2.6	8.5	32.1	53.5	195.42	73.06	-1.41942446676
ENSDART00000130388	gfra3	1	3.2	3.2	NA	NA	NA	NA	NA	NA	NA
ENSDART00000106568	CU695216.1	72	45.4	43.3	12.6	23.8	66.1	83.3	NA	NA	NA
ENSDART00000080608	hoxd10a	1	9.0	9.0	NA	NA	NA	NA	NA	NA	NA
ENSDART00000005952	NRD1	187	30.4	24.1	6.2	13.8	44.0	61.9	12.57	30.76	1.29107085354
ENSDART00000092013	tmtc1	2	138.4	138.4	NA	NA	NA	NA	NA	NA	NA
ENSDART00000016307	her1	7	8.1	6.0	NA	NA	NA	NA	NA	NA	NA
ENSDART00000092011	exd3	37	74.0	62.3	11.0	25.1	124.9	155.6	6.23	103.03	4.04768850519
ENSDART00000097535	CABZ01075125.1	52	16.4	16.0	4.0	9.5	21.8	27.8	NA	NA	NA
ENSDART00000002279	cdh11	4	38.4	24.9	NA	NA	NA	NA	NA	NA	NA
ENSDART00000104493	sox2	1	42.4	42.4	NA	NA	NA	NA	NA	NA	NA
ENSDART00000056864	si:dkey-208k22.2	4	33.0	29.6	NA	NA	NA	NA	NA	NA	NA
ENSDART00000056865	ctnnbip1	370	36.4	23.1	5.8	12.2	48.9	89.8	NA	NA	NA
ENSDART00000053814	MTFMT	218	24.9	20.7	6.5	12.6	34.8	50.4	NA	NA	NA
ENSDART00000078858	CLEC6A	1	33.9	33.9	NA	NA	NA	NA	NA	NA	NA
ENSDART00000152289	ATG4D	104	34.8	26.4	9.3	14.7	52.8	70.5	NA	NA	NA
ENSDART00000067056	ticrr	383	26.3	19.1	4.9	10.0	34.3	58.5	31.36	20.83	-0.590262720075
ENSDART00000139868	slc35e4	1	26.6	26.6	NA	NA	NA	NA	NA	NA	NA
ENSDART00000086868	senp7	180	25.3	22.1	7.6	13.3	35.4	47.9	25.05	11.92	-1.07142636762
ENSDART00000006971	sept4a	92	33.7	28.4	9.6	19.2	47.1	63.6	26.55	4.58	-2.53529235759
ENSDART00000021634	wfikkn2a	2	24.5	24.5	NA	NA	NA	NA	NA	NA	NA
ENSDART00000134543	nceh1a	4	22.1	11.2	NA	NA	NA	NA	NA	NA	NA
ENSDART00000139715	dpm3	196	19.6	16.1	4.0	9.1	25.7	38.9	NA	NA	NA
ENSDART00000058424	fam46ba	22	25.4	25.0	5.4	12.1	37.0	44.7	NA	NA	NA
ENSDART00000081214	selt1a	572	26.1	23.1	5.0	12.4	36.6	48.9	40.0	71.47	0.837337788273
ENSDART00000088639	wscd2	9	35.3	26.5	NA	NA	NA	NA	NA	NA	NA
ENSDART00000151744	CMTM8	1	37.9	37.9	NA	NA	NA	NA	NA	NA	NA
ENSDART00000129783	snx25	126	25.2	20.7	7.4	11.7	37.2	50.5	12.65	0.44	-4.84549005094
ENSDART00000019259	dlb	2	5.6	5.6	NA	NA	NA	NA	NA	NA	NA
ENSDART00000142306	xpot	58	87.6	94.0	15.6	44.2	130.4	157.4	13.66	31.2	1.19158854546
ENSDART00000128889	ZBTB40	11	26.3	22.6	14.2	16.3	32.2	40.9	NA	NA	NA
ENSDART00000132874	eif1b	370	39.9	35.5	10.7	21.0	54.0	74.6	117.45	528.64	2.17023887852
ENSDART00000138401	scarf1	1	88.2	88.2	NA	NA	NA	NA	NA	NA	NA
ENSDART00000086861	nipblb	136	28.2	24.2	8.0	15.5	38.4	51.0	47.08	5.4	-3.12408300799
ENSDART00000002095	tmem39b	86	49.8	45.4	12.4	21.7	66.1	104.0	NA	NA	NA
ENSDART00000086263	mettl7a	1	64.8	64.8	NA	NA	NA	NA	NA	NA	NA
ENSDART00000142171	syt6a	5	24.8	24.7	NA	NA	NA	NA	NA	NA	NA
ENSDART00000089944	CABZ01044136.1	225	60.4	58.0	9.6	22.7	90.6	117.1	NA	NA	NA
ENSDART00000142175	si:dkey-76d14.2	1	8.2	8.2	NA	NA	NA	NA	NA	NA	NA
ENSDART00000143492	senp3a	420	14.8	12.2	1.8	6.3	20.1	31.7	34.35	4.79	-2.84221253797
ENSDART00000112400	bnip1b	77	27.9	23.3	8.6	13.3	36.4	46.2	NA	NA	NA
ENSDART00000112405	c6ast1	2	28.8	28.8	NA	NA	NA	NA	NA	NA	NA
ENSDART00000149244	itga6l	2	140.7	140.7	NA	NA	NA	NA	NA	NA	NA
ENSDART00000029763	sap30l	496	18.2	13.7	3.3	7.8	22.5	36.5	84.85	12.76	-2.73328633067
ENSDART00000099599	mlycd	7	19.7	20.6	NA	NA	NA	NA	NA	NA	NA
ENSDART00000021559	coro1b	14	52.1	45.9	12.8	34.8	75.0	93.4	NA	NA	NA
ENSDART00000081620	vax2	1	46.4	46.4	NA	NA	NA	NA	NA	NA	NA
ENSDART00000022579	GABRG3	22	28.9	28.4	9.5	18.5	38.9	46.2	NA	NA	NA
ENSDART00000140764	si:ch211-262h13.3	28	108.7	122.8	31.4	88.8	144.5	152.8	NA	NA	NA
ENSDART00000081216	elovl1b	103	26.1	20.4	3.8	8.9	40.3	54.7	NA	NA	NA
ENSDART00000109333	kif16ba	127	31.2	22.6	5.0	12.8	37.9	62.8	18.27	12.78	-0.51558879768
ENSDART00000153426	srcap	74	59.3	47.8	8.2	18.2	83.9	124.1	15.22	20.96	0.461670358034
ENSDART00000064219	trmu	81	37.2	30.0	9.6	17.6	47.9	80.7	NA	NA	NA
ENSDART00000140362	ccdc59	110	18.9	16.7	6.3	10.5	25.4	34.0	42.84	3.88	-3.46482992256
ENSDART00000101885	zdhhc18a	90	42.9	31.1	4.3	12.1	70.8	99.9	20.52	120.2	2.55033425999
ENSDART00000138243	rabgef1	164	42.4	37.9	8.2	20.4	58.5	81.1	NA	NA	NA
ENSDART00000153428	tnrc6b	263	19.0	12.8	2.4	6.6	25.4	39.3	42.2	7.81	-2.43384854545
ENSDART00000103868	zgc:152986	299	40.4	34.1	9.4	17.8	57.0	79.7	NA	NA	NA
ENSDART00000028011	CU694319.1	24	34.5	28.0	11.9	19.2	54.9	66.8	NA	NA	NA
ENSDART00000028016	waslb	426	21.9	18.5	4.3	10.5	29.4	46.5	36.26	36.09	-0.00677978184693
ENSDART00000028017	mad2l1	1820	18.5	15.5	3.3	8.3	25.0	36.9	291.61	73.02	-1.99767662007
ENSDART00000079582	kirrelb	9	22.8	18.3	NA	NA	NA	NA	NA	NA	NA
ENSDART00000028018	meis4.1a	1	114.8	114.8	NA	NA	NA	NA	NA	NA	NA
ENSDART00000055882	PDXP	2	15.2	15.2	NA	NA	NA	NA	NA	NA	NA
ENSDART00000008504	MED17	64	26.9	20.7	5.0	11.4	34.6	57.5	53.1	30.4	-0.804640537361
ENSDART00000146589	soat1	3	52.4	55.3	NA	NA	NA	NA	NA	NA	NA
ENSDART00000101888	SSTR2	1	14.8	14.8	NA	NA	NA	NA	NA	NA	NA
ENSDART00000062067	C17H14orf159	2	13.8	13.8	NA	NA	NA	NA	NA	NA	NA
ENSDART00000149088	nfxl1	3	11.5	10.6	NA	NA	NA	NA	19.53	11.04	-0.822951777109
ENSDART00000149087	slc36a1	32	26.1	18.7	6.6	11.8	33.7	65.1	NA	NA	NA
ENSDART00000054987	actb1	2428	14.6	11.7	2.9	6.8	18.9	29.5	125.53	55.16	-1.18633782834
ENSDART00000053761	bms1l	91	38.6	33.0	7.8	16.3	53.3	77.9	22.0	41.23	0.906190937476
ENSDART00000029492	cmtm7	2	55.8	55.8	NA	NA	NA	NA	NA	NA	NA
ENSDART00000128782	CABZ01085626.1	65	43.7	39.5	10.8	20.6	58.6	88.4	26.08	3.98	-2.71210353369
ENSDART00000101036	grpel2	96	20.1	18.2	3.2	7.4	26.2	37.2	NA	NA	NA
ENSDART00000101037	nhp2	637	25.6	16.4	3.1	8.1	32.3	55.0	102.79	326.73	1.66839900986
ENSDART00000092657	ADAMTS16	2	71.3	71.3	NA	NA	NA	NA	NA	NA	NA
ENSDART00000011319	smarce1	607	65.2	66.1	9.7	25.2	99.7	119.1	68.73	277.81	2.01508666678
ENSDART00000103484	gas2l3	442	32.7	24.3	7.7	14.8	45.5	70.8	NA	NA	NA
ENSDART00000099105	ubc	2997	35.4	32.2	10.0	18.4	48.4	65.1	351.04	640.75	0.868126142663
ENSDART00000067250	ing1	47	29.0	26.0	3.4	9.2	36.2	51.6	NA	NA	NA
ENSDART00000087247	CU207301.4	153	48.5	40.5	5.6	14.9	77.3	111.4	16.56	173.62	3.39015856937
ENSDART00000097991	fem1a	42	48.8	34.9	8.6	13.0	88.1	107.0	NA	NA	NA
ENSDART00000016087	ptprja	2	17.9	17.9	NA	NA	NA	NA	NA	NA	NA
ENSDART00000092925	commd9	78	19.6	16.1	4.5	10.0	24.2	38.8	NA	NA	NA
ENSDART00000076328	pgrmc1	236	38.5	33.7	9.5	19.4	48.6	69.0	34.15	93.24	1.44906342595
ENSDART00000063917	si:dkey-86e18.1	70	30.9	29.9	6.6	18.9	44.4	53.1	27.08	16.96	-0.675091569012
ENSDART00000027782	mknk2a	673	26.2	20.9	3.8	10.8	35.6	55.0	NA	NA	NA
ENSDART00000121544	foxp1a	134	41.2	31.6	8.9	20.8	54.4	81.7	NA	NA	NA
ENSDART00000121545	brms1	19	26.6	20.6	2.7	7.8	46.1	58.4	NA	NA	NA
ENSDART00000062402	tpd52l1	2	79.7	79.7	NA	NA	NA	NA	NA	NA	NA
ENSDART00000057513	ska1	628	27.4	22.9	7.2	14.4	37.0	52.2	NA	NA	NA
ENSDART00000045971	PBRM1	12	33.8	25.4	15.5	19.2	46.1	51.5	NA	NA	NA
ENSDART00000060939	adamts1	23	25.6	22.3	14.1	17.6	33.8	39.3	NA	NA	NA
ENSDART00000067386	rad51ap1	161	27.8	21.6	5.0	11.1	34.1	58.8	NA	NA	NA
ENSDART00000003428	prps1a	326	33.5	26.7	6.6	13.3	46.5	73.1	49.44	238.18	2.26830162668
ENSDART00000060930	CABZ01079427.1	272	17.3	15.2	3.3	9.6	22.6	32.3	NA	NA	NA
ENSDART00000060935	tnfaip1	149	59.9	60.1	17.7	31.1	83.0	101.3	NA	NA	NA
ENSDART00000029946	ube2b	13	19.1	16.8	9.3	13.0	21.9	36.7	NA	NA	NA
ENSDART00000056277	gigfy2	283	37.3	28.1	8.3	17.6	51.5	76.5	99.92	80.88	-0.304990479705
ENSDART00000125786	CCDC23	12	15.2	12.2	-0.3	9.2	28.4	31.3	NA	NA	NA
ENSDART00000044115	med6	267	22.9	18.6	4.7	10.1	30.4	48.8	44.21	76.07	0.782954870757
ENSDART00000056278	SLC25A22	13	57.7	58.6	11.1	19.8	82.6	109.6	NA	NA	NA
ENSDART00000114857	ppp4cb	540	78.2	77.8	18.2	48.6	109.6	131.1	26.12	599.43	4.52036448701
ENSDART00000018955	rest	98	31.5	24.1	7.5	14.6	39.6	66.0	12.57	19.9	0.662783781011
ENSDART00000123522	aqp7	1	37.5	37.5	NA	NA	NA	NA	NA	NA	NA
ENSDART00000034768	ghitm	90	48.9	45.8	8.8	25.0	68.2	91.6	NA	NA	NA
ENSDART00000133834	vps9d1	346	29.7	27.2	6.8	15.1	42.3	58.0	NA	NA	NA
ENSDART00000016660	MCUR1	101	22.9	20.0	6.1	13.0	31.0	43.2	NA	NA	NA
ENSDART00000011362	arrdc2	3	88.7	48.8	NA	NA	NA	NA	NA	NA	NA
ENSDART00000147662	pdxka	4	32.1	36.6	NA	NA	NA	NA	NA	NA	NA
ENSDART00000133388	mlh1	63	29.4	20.7	7.1	12.0	40.6	68.8	NA	NA	NA
ENSDART00000133838	si:dkey-200c24.1	31	18.3	16.4	2.2	5.0	26.2	40.9	NA	NA	NA
ENSDART00000106415	zgc:113220	73	28.5	24.3	6.6	13.4	41.0	52.4	NA	NA	NA
ENSDART00000115237	becn1	79	20.5	17.4	6.3	9.6	25.4	40.0	NA	NA	NA
ENSDART00000084637	scn1bb	68	36.4	32.7	11.3	17.8	51.4	68.1	NA	NA	NA
ENSDART00000084631	scn1ba	1	14.6	14.6	NA	NA	NA	NA	NA	NA	NA
ENSDART00000079699	plxna3	68	34.8	26.0	8.1	14.7	52.4	69.8	6.62	7.1	0.100987807585
ENSDART00000043112	capn7	55	43.1	41.2	16.1	23.3	58.0	70.1	NA	NA	NA
ENSDART00000127238	zgc:110410	1	8.5	8.5	NA	NA	NA	NA	NA	NA	NA
ENSDART00000150192	mocs2	105	14.2	11.5	2.4	6.3	19.2	29.6	NA	NA	NA
ENSDART00000150191	WAPAL	117	87.9	95.3	17.4	48.1	126.9	153.0	32.45	168.63	2.37757083741
ENSDART00000127235	si:dkey-81j8.6	1	22.5	22.5	NA	NA	NA	NA	NA	NA	NA
ENSDART00000127236	syt13	63	24.0	18.7	3.2	9.5	34.3	48.3	NA	NA	NA
ENSDART00000036148	zgc:77486	1	16.8	16.8	NA	NA	NA	NA	18.43	116.34	2.6582192332
ENSDART00000140284	zbtb16a	6	10.5	10.4	NA	NA	NA	NA	NA	NA	NA
ENSDART00000105316	samhd1	266	19.7	16.0	5.5	10.1	23.2	35.3	NA	NA	NA
ENSDART00000034606	sfxn5b	52	29.6	24.7	8.5	11.8	36.8	63.4	NA	NA	NA
ENSDART00000144641	ube2f	137	27.6	25.0	8.1	15.8	39.2	50.6	NA	NA	NA
ENSDART00000101177	spryd7b	115	39.9	31.3	8.3	15.6	57.8	88.9	NA	NA	NA
ENSDART00000146461	alpl	13	24.4	20.0	5.2	10.7	25.9	54.8	NA	NA	NA
ENSDART00000027321	prdm9	222	27.8	25.6	9.4	17.0	36.1	50.2	36.89	28.99	-0.347674455633
ENSDART00000075826	dcdc2b	2	28.3	28.3	NA	NA	NA	NA	NA	NA	NA
ENSDART00000020667	osbpl7	145	47.6	43.5	13.0	24.6	66.0	87.4	38.25	180.24	2.23638756577
ENSDART00000037553	faah2a	2	5.1	5.1	NA	NA	NA	NA	NA	NA	NA
ENSDART00000113550	BX511021.3	7	6.4	4.7	NA	NA	NA	NA	NA	NA	NA
ENSDART00000100073	dyrk1aa	109	62.5	45.9	6.2	19.7	110.6	133.7	25.55	10.0	-1.35332329116
ENSDART00000147593	pvrl3l	276	22.9	21.0	6.2	12.1	29.6	41.3	60.25	19.05	-1.66117024362
ENSDART00000100782	mus81	144	31.9	28.2	9.2	15.8	46.5	58.4	69.58	18.7	-1.89563440884
ENSDART00000092270	r3hdm4	52	28.5	21.0	8.2	12.3	34.7	65.9	NA	NA	NA
ENSDART00000147597	ubl3b	236	13.5	9.1	-1.2	4.2	17.1	33.3	NA	NA	NA
ENSDART00000132125	acadm	2063	18.0	15.8	5.3	10.4	22.7	32.7	164.48	17.34	-3.24573636597
ENSDART00000132129	mapk8a	23	31.8	19.6	10.1	12.5	45.0	54.1	NA	NA	NA
ENSDART00000098277	tmem41b	39	40.8	40.4	11.9	26.1	56.4	66.9	NA	NA	NA
ENSDART00000010019	upf3b	236	17.9	15.8	5.4	10.0	23.3	31.8	35.78	3.44	-3.37867291735
ENSDART00000125757	CU469577.1	1	10.7	10.7	NA	NA	NA	NA	NA	NA	NA
ENSDART00000029413	cited4b	1349	16.4	13.0	1.1	5.2	24.0	36.9	64.87	53.18	-0.286667661621
ENSDART00000102782	gria2a	1	12.7	12.7	NA	NA	NA	NA	NA	NA	NA
ENSDART00000010543	ltv1	366	30.2	27.8	10.3	18.1	40.5	53.1	79.13	43.27	-0.870857636464
ENSDART00000040266	myf6	1	20.8	20.8	NA	NA	NA	NA	NA	NA	NA
ENSDART00000040265	tbc1d7	72	16.1	13.5	4.3	9.3	21.7	30.5	NA	NA	NA
ENSDART00000034373	hagh	3	40.7	11.5	NA	NA	NA	NA	NA	NA	NA
ENSDART00000133170	arhgef28	160	22.4	16.6	4.7	10.3	26.5	43.5	NA	NA	NA
ENSDART00000121966	MDC1	39	38.8	32.4	13.7	21.9	58.8	70.5	43.17	16.5	-1.38756306833
ENSDART00000092456	shank3a	1	4.4	4.4	NA	NA	NA	NA	NA	NA	NA
ENSDART00000121963	HIST4H4	20	7.3	6.7	3.4	4.5	9.3	14.4	NA	NA	NA
ENSDART00000112739	akt1s1	174	86.7	89.1	27.0	58.3	116.0	139.6	33.08	132.38	2.0006540363
ENSDART00000045071	foxk2	184	38.7	32.5	8.2	15.8	53.7	81.1	13.3	30.79	1.21103562166
ENSDART00000059212	unc50	193	48.3	42.5	11.7	23.2	67.7	89.4	NA	NA	NA
ENSDART00000019392	sdr16c5a	67	28.9	24.2	12.0	16.2	39.5	53.8	NA	NA	NA
ENSDART00000075176	dis3l	45	27.6	19.7	2.5	15.7	38.8	56.9	NA	NA	NA
ENSDART00000004238	rpl7a	1427	24.4	21.7	4.5	10.6	36.7	48.4	415.27	16.83	-4.62494257035
ENSDART00000073439	trim44	70	46.6	36.5	12.7	20.9	71.2	93.9	18.56	49.26	1.40821991737
ENSDART00000112243	crlf1a	32	25.3	22.7	6.4	13.0	33.7	41.8	NA	NA	NA
ENSDART00000112242	zgc:194679	2	15.0	15.0	NA	NA	NA	NA	NA	NA	NA
ENSDART00000079843	CR376848.1	6	25.2	17.8	NA	NA	NA	NA	NA	NA	NA
ENSDART00000130097	CU464087.2	1	17.7	17.7	NA	NA	NA	NA	NA	NA	NA
ENSDART00000073432	rbl2	1	14.6	14.6	NA	NA	NA	NA	NA	NA	NA
ENSDART00000073434	SNX20	112	38.2	31.0	9.2	18.1	55.5	81.2	NA	NA	NA
ENSDART00000133587	wsb2	55	23.9	19.2	4.4	13.4	33.1	45.9	NA	NA	NA
ENSDART00000079848	tnfsf10	4	44.8	38.1	NA	NA	NA	NA	NA	NA	NA
ENSDART00000011823	pop4	448	34.8	30.8	9.5	18.9	46.9	61.9	NA	NA	NA
ENSDART00000081601	cept1a	345	23.4	18.7	5.0	10.6	28.2	47.7	NA	NA	NA
ENSDART00000125063	taf5l	121	26.0	21.7	3.1	12.4	36.4	55.8	51.89	40.65	-0.352201183576
ENSDART00000081607	tbl1xr1a	12	34.7	36.9	13.0	25.4	46.7	53.6	NA	NA	NA
ENSDART00000081604	adipor2	548	19.2	16.2	2.6	8.3	25.6	42.3	53.71	9.18	-2.54862466274
ENSDART00000051433	nelfb	65	54.2	54.6	11.7	24.7	78.4	97.3	18.73	125.81	2.74782379461
ENSDART00000052236	mnx1	3	22.5	16.9	NA	NA	NA	NA	NA	NA	NA
ENSDART00000052368	heatr3	522	15.7	13.2	3.2	7.6	21.6	30.9	60.93	11.87	-2.35983280538
ENSDART00000092492	TRPM4	5	30.4	20.0	NA	NA	NA	NA	NA	NA	NA
ENSDART00000057304	col27a1a	11	52.0	50.6	31.7	38.9	65.6	78.4	NA	NA	NA
ENSDART00000057305	thbs3a	1	31.6	31.6	NA	NA	NA	NA	NA	NA	NA
ENSDART00000136920	rp2	168	45.1	37.4	11.4	24.1	59.9	87.6	45.96	140.5	1.61211942735
ENSDART00000036906	kpna7	2	40.2	40.2	NA	NA	NA	NA	NA	NA	NA
ENSDART00000104204	foxg1a	1	27.3	27.3	NA	NA	NA	NA	NA	NA	NA
ENSDART00000066574	si:ch211-138k19.2	5	7.1	7.8	NA	NA	NA	NA	NA	NA	NA
ENSDART00000066578	tectb	32	20.9	15.9	2.6	7.2	26.7	47.9	NA	NA	NA
ENSDART00000057124	tefa	45	31.3	24.0	6.9	13.4	46.5	69.5	NA	NA	NA
ENSDART00000122375	mrpl48	144	12.2	10.4	0.3	5.1	16.2	24.7	NA	NA	NA
ENSDART00000091409	smarcad1	628	27.3	20.0	4.7	11.0	38.3	59.7	52.71	102.95	0.96579523279
ENSDART00000061406	usp39	316	31.8	29.2	7.2	15.9	46.3	59.7	42.21	53.88	0.352165021505
ENSDART00000112653	wdfy4	20	36.9	30.6	6.4	14.3	47.5	71.9	4.94	9.23	0.901819606061
ENSDART00000112651	CR388046.3	8	59.2	37.0	NA	NA	NA	NA	NA	NA	NA
ENSDART00000004498	insig2	17	35.4	31.8	19.5	23.6	44.0	47.1	NA	NA	NA
ENSDART00000112659	IPP	60	15.9	15.3	2.0	6.6	21.5	31.1	NA	NA	NA
ENSDART00000143694	mlh3	29	25.7	24.2	6.5	10.8	37.6	44.3	NA	NA	NA
ENSDART00000032722	pigm	147	20.7	16.0	3.6	8.5	27.3	46.1	NA	NA	NA
ENSDART00000102122	CU596012.1	89	15.1	14.1	2.3	6.6	20.1	30.3	NA	NA	NA
ENSDART00000143690	cped1	29	28.9	25.0	12.8	16.2	41.6	51.0	NA	NA	NA
ENSDART00000002835	psme3	318	94.1	103.6	16.0	34.2	148.2	170.7	84.53	620.73	2.8764305183
ENSDART00000109833	BX548160.2	1	26.5	26.5	NA	NA	NA	NA	NA	NA	NA
ENSDART00000109525	aspg	218	24.1	17.6	4.4	9.7	31.3	48.1	NA	NA	NA
ENSDART00000013933	si:dkey-42i9.4	690	96.5	98.7	36.3	68.1	129.4	152.3	240.95	1278.14	2.40724016315
ENSDART00000005548	batf	83	24.2	20.6	8.5	13.3	27.7	44.7	NA	NA	NA
ENSDART00000042237	zgc:77391	135	63.8	65.5	13.8	32.6	97.3	113.3	42.04	35.62	-0.239075152861
ENSDART00000032963	apoob	31	22.4	20.4	7.6	14.6	31.1	41.8	NA	NA	NA
ENSDART00000142614	lipea	6	32.1	16.9	NA	NA	NA	NA	NA	NA	NA
ENSDART00000128141	KIF3A	118	27.4	25.7	9.7	15.3	36.1	49.5	NA	NA	NA
ENSDART00000089713	mxra8a	18	27.3	27.5	3.7	17.4	39.6	49.4	NA	NA	NA
ENSDART00000010499	rplp2	123	17.4	15.5	0.8	6.8	25.2	38.1	126.53	12.52	-3.33717301809
ENSDART00000127838	pcdh18a	18	23.3	22.0	3.1	10.2	35.1	46.1	NA	NA	NA
ENSDART00000127839	CT583626.2	1	182.4	182.4	NA	NA	NA	NA	NA	NA	NA
ENSDART00000077539	tuba1c	11	22.7	20.4	10.1	11.4	33.1	42.0	NA	NA	NA
ENSDART00000037181	ufc1	142	32.8	30.6	9.8	19.6	43.1	56.3	NA	NA	NA
ENSDART00000127832	raver1	394	32.9	19.9	4.7	10.9	42.3	79.7	44.56	689.07	3.95082941048
ENSDART00000128415	tomm20a	409	21.5	16.5	5.2	10.0	27.0	46.7	NA	NA	NA
ENSDART00000053153	mhc1zba	22	20.1	17.8	9.1	12.7	24.3	38.3	NA	NA	NA
ENSDART00000053152	cbr1	197	24.6	18.3	3.8	10.6	32.7	47.3	NA	NA	NA
ENSDART00000053157	setd4	230	26.1	23.3	6.1	12.9	35.1	50.2	NA	NA	NA
ENSDART00000049676	depdc1a	807	62.3	59.2	15.6	35.2	86.7	111.5	42.15	165.72	1.97514318915
ENSDART00000023054	atl3	405	29.0	23.7	7.4	13.8	39.7	57.2	88.21	87.77	-0.00721431004395
ENSDART00000006899	igbp1	373	25.7	21.7	5.2	11.3	34.1	49.4	29.94	92.4	1.62581863025
ENSDART00000143966	si:ch211-173p18.3	431	45.2	42.2	12.7	23.4	61.2	76.0	38.73	102.85	1.40901838738
ENSDART00000099692	dclre1b	126	15.8	13.4	1.9	6.1	21.6	32.3	NA	NA	NA
ENSDART00000099693	trappc2	65	23.0	19.9	6.9	13.0	28.0	46.8	NA	NA	NA
ENSDART00000006892	tp53bp2	111	55.1	50.6	10.9	27.1	82.5	108.4	20.15	49.83	1.30623473527
ENSDART00000112345	rprd2b	55	38.7	31.0	11.6	15.9	51.9	75.8	12.7	5.95	-1.09386692346
ENSDART00000030133	synj2bp	235	29.2	22.2	6.1	11.0	40.0	65.9	NA	NA	NA
ENSDART00000078499	rftn2	27	67.2	42.1	4.1	17.7	124.7	138.4	NA	NA	NA
ENSDART00000048104	znf143a	167	23.0	21.0	5.1	12.1	30.8	45.2	36.72	15.72	-1.22396484116
ENSDART00000139441	morf4l1	669	44.7	39.5	15.7	25.2	58.3	81.7	176.91	95.73	-0.885972585543
ENSDART00000048423	timm50	175	24.1	16.7	6.6	10.4	31.0	57.3	39.04	3.91	-3.31971254026
ENSDART00000122609	klhl18	151	55.2	48.3	15.2	26.5	79.8	109.5	NA	NA	NA
ENSDART00000008177	zgc:92113	9	16.4	14.6	NA	NA	NA	NA	NA	NA	NA
ENSDART00000077896	lgalslb	46	19.2	15.5	5.0	9.3	27.6	40.6	NA	NA	NA
ENSDART00000124333	adcy5	111	53.5	46.7	13.7	26.2	77.3	99.0	NA	NA	NA
ENSDART00000111388	igdcc3	10	49.5	24.2	3.0	5.9	81.0	142.3	NA	NA	NA
ENSDART00000062185	rab40b	20	28.9	25.0	12.3	15.4	40.7	49.7	NA	NA	NA
ENSDART00000092465	fundc2	3	33.7	33.6	NA	NA	NA	NA	NA	NA	NA
ENSDART00000127784	ppapdc1b	604	18.5	15.3	3.2	7.8	24.7	37.1	NA	NA	NA
ENSDART00000122602	pth2r	1	19.7	19.7	NA	NA	NA	NA	NA	NA	NA
ENSDART00000007334	faua	255	27.5	23.7	5.3	12.1	39.3	54.2	84.99	12.34	-2.78395070795
ENSDART00000131268	rhbdd2	38	40.4	35.3	16.9	25.2	56.3	74.4	NA	NA	NA
ENSDART00000136541	znf143b	454	18.6	14.9	2.7	6.8	27.5	38.7	41.58	5.86	-2.82691718844
ENSDART00000089564	cacnb4b	1	69.4	69.4	NA	NA	NA	NA	NA	NA	NA
ENSDART00000042134	dock7	134	38.1	29.6	7.2	18.0	55.4	78.5	20.14	33.73	0.743968635011
ENSDART00000131267	tsc22d1	67	76.9	59.7	10.2	22.8	135.8	149.9	23.37	161.78	2.79130362685
ENSDART00000129318	CABZ01045212.1	14	40.1	32.9	15.0	19.1	50.6	80.9	NA	NA	NA
ENSDART00000008551	zgc:112977	5	26.6	35.6	NA	NA	NA	NA	NA	NA	NA
ENSDART00000129314	loxl3b	4	51.9	34.5	NA	NA	NA	NA	NA	NA	NA
ENSDART00000025254	CREM	1	3.4	3.4	NA	NA	NA	NA	NA	NA	NA
ENSDART00000028373	fkbp5	17	19.3	16.3	10.6	11.6	23.3	34.6	NA	NA	NA
ENSDART00000048640	pus3	366	16.2	12.7	2.1	6.5	22.1	32.9	65.02	26.74	-1.2818840906
ENSDART00000145342	cbln1	9	38.3	44.7	NA	NA	NA	NA	NA	NA	NA
ENSDART00000087382	ddx6	65	56.9	57.5	0.0	12.8	94.0	125.6	17.98	236.56	3.71774122261
ENSDART00000114715	MAN1B1	44	28.9	23.9	6.6	13.3	39.4	58.0	NA	NA	NA
ENSDART00000130198	exoc5	209	32.5	24.1	6.4	12.3	44.8	76.4	18.3	68.48	1.90383905323
ENSDART00000087657	nrxn2a	4	44.0	30.8	NA	NA	NA	NA	NA	NA	NA
ENSDART00000087654	adcy6a	15	31.5	24.2	12.5	17.8	40.7	55.6	NA	NA	NA
ENSDART00000087658	n4bp2	77	42.1	33.8	8.9	18.0	68.8	86.8	12.74	58.4	2.19660309151
ENSDART00000060839	tgfb1a	1	91.3	91.3	NA	NA	NA	NA	NA	NA	NA
ENSDART00000062986	hsh2d	12	28.9	19.0	11.0	15.5	48.7	52.6	NA	NA	NA
ENSDART00000062985	lifra	1	21.5	21.5	NA	NA	NA	NA	NA	NA	NA
ENSDART00000062983	rpl10a	1195	25.0	21.9	5.6	11.1	36.2	50.4	311.28	13.79	-4.49651852346
ENSDART00000050352	si:ch211-87m7.2	41	36.1	17.8	3.8	8.8	57.8	105.0	NA	NA	NA
ENSDART00000149475	ttll6	3	59.3	53.5	NA	NA	NA	NA	NA	NA	NA
ENSDART00000149471	eif3ja	487	34.0	28.5	8.2	14.8	46.7	67.1	257.07	102.41	-1.32780466122
ENSDART00000090310	pias1b	346	22.1	19.4	5.8	11.2	29.5	42.9	NA	NA	NA
ENSDART00000090316	stk24b	199	27.6	24.2	5.0	11.5	35.9	57.0	71.03	71.4	0.0074955889334
ENSDART00000022702	marcksa	2	122.8	122.8	NA	NA	NA	NA	NA	NA	NA
ENSDART00000141192	b4galt2	10	37.4	27.8	3.9	13.8	41.4	75.3	NA	NA	NA
ENSDART00000134371	si:ch211-214j8.12	51	32.7	28.4	11.1	18.6	43.7	59.0	NA	NA	NA
ENSDART00000024743	dpy30	168	92.4	94.4	37.2	63.4	122.9	137.7	88.44	196.11	1.14889217274
ENSDART00000006093	slc50a1	33	33.5	29.0	2.7	15.6	54.3	68.5	NA	NA	NA
ENSDART00000008047	wdr24	102	20.2	17.6	2.6	9.5	27.0	39.2	11.37	7.69	-0.56417675093
ENSDART00000006091	carm1	149	52.2	42.0	8.5	21.9	82.4	106.0	12.27	125.86	3.35861269391
ENSDART00000134379	rictora	161	27.5	21.3	4.1	12.4	33.3	64.6	8.66	19.27	1.15391764157
ENSDART00000031154	si:ch73-92e20.2	8	31.4	29.8	NA	NA	NA	NA	NA	NA	NA
ENSDART00000067001	noc4l	148	25.5	22.7	5.2	12.3	36.0	49.2	31.37	19.39	-0.694072725737
ENSDART00000006099	lims2	13	15.6	14.7	4.3	7.9	24.4	28.6	NA	NA	NA
ENSDART00000113299	zgc:110843	28	25.1	24.1	3.1	15.0	33.0	48.5	NA	NA	NA
ENSDART00000087036	armc7	32	22.1	15.5	3.6	10.0	26.0	34.6	NA	NA	NA
ENSDART00000030592	acot9.1	37	63.4	47.7	9.3	21.6	86.3	145.2	NA	NA	NA
ENSDART00000063057	dnajc5aa	38	37.3	26.2	5.6	13.3	45.6	80.2	NA	NA	NA
ENSDART00000052688	c3a	2	22.0	22.0	NA	NA	NA	NA	NA	NA	NA
ENSDART00000087039	LPIN3	215	22.4	17.0	1.7	8.5	31.5	48.3	NA	NA	NA
ENSDART00000055430	ndufa6	45	18.4	10.7	4.4	7.9	22.8	43.6	NA	NA	NA
ENSDART00000052421	txnipa	5	30.0	33.3	NA	NA	NA	NA	NA	NA	NA
ENSDART00000052355	ddx39b	22	72.1	49.2	11.3	28.2	115.0	147.5	NA	NA	NA
ENSDART00000052357	zgc:103601	1	20.7	20.7	NA	NA	NA	NA	NA	NA	NA
ENSDART00000137630	cct6a	591	17.9	14.0	3.1	7.1	24.2	36.6	99.43	23.45	-2.08409328439
ENSDART00000036989	get4	207	34.4	29.5	8.8	16.9	48.1	69.7	NA	NA	NA
ENSDART00000012717	ehd1b	110	35.5	30.5	9.8	16.6	50.0	67.0	33.41	66.35	0.989816482923
ENSDART00000105784	cldn11b	12	30.7	26.4	16.4	18.3	40.5	54.3	NA	NA	NA
ENSDART00000137636	KSR1	9	31.9	29.9	NA	NA	NA	NA	NA	NA	NA
ENSDART00000061070	mkrn1	184	49.3	45.2	13.7	24.4	67.0	91.8	43.27	48.05	0.151169310239
ENSDART00000111039	GTPBP8	8	18.9	18.9	NA	NA	NA	NA	NA	NA	NA
ENSDART00000007321	crlf1b	28	22.3	19.3	5.9	11.0	27.8	47.9	NA	NA	NA
ENSDART00000149696	cep290	25	51.5	48.2	20.3	34.4	67.4	88.7	14.86	3.73	-1.99418658028
ENSDART00000138372	si:dkey-246g23.2	4	25.1	23.9	NA	NA	NA	NA	NA	NA	NA
ENSDART00000140265	ikbkb	3	21.0	10.6	NA	NA	NA	NA	NA	NA	NA
ENSDART00000128043	acin1a	484	56.0	52.1	12.3	26.8	80.3	109.1	140.5	78.89	-0.832655787766
ENSDART00000080382	epas1b	13	36.8	28.7	10.9	13.6	39.3	89.7	NA	NA	NA
ENSDART00000080383	ogt.1	140	54.3	50.8	14.8	32.4	74.7	93.3	8.23	76.01	3.2072248986
ENSDART00000128047	uqcrc1	306	30.8	26.5	9.4	16.6	42.7	55.0	35.54	32.6	-0.12457171691
ENSDART00000123203	vbp1	627	21.7	19.5	5.2	11.3	28.6	41.0	144.4	116.92	-0.304549007968
ENSDART00000104716	asic4b	1	12.5	12.5	NA	NA	NA	NA	NA	NA	NA
ENSDART00000139293	gla	31	27.7	23.7	3.7	8.6	36.7	53.5	NA	NA	NA
ENSDART00000084570	MRPL18	680	17.3	14.3	3.6	8.3	22.0	33.9	121.96	9.65	-3.65973530285
ENSDART00000123209	pqlc2	58	44.9	35.1	9.5	21.5	67.9	90.7	NA	NA	NA
ENSDART00000139297	CCDC71	121	56.8	51.1	16.5	30.1	76.8	104.9	13.28	193.67	3.86627344214
ENSDART00000111284	agtrap	6	12.0	12.3	NA	NA	NA	NA	NA	NA	NA
ENSDART00000111285	SLX1A	2	20.3	20.3	NA	NA	NA	NA	NA	NA	NA
ENSDART00000111287	PHLPP1	7	39.3	38.7	NA	NA	NA	NA	NA	NA	NA
ENSDART00000016417	atp5g3a	521	34.5	24.7	8.4	14.3	43.6	73.5	83.2	243.6	1.54985869977
ENSDART00000019949	ndrg2	10	13.0	9.7	-0.1	5.6	12.6	30.5	NA	NA	NA
ENSDART00000111282	QSOX2	15	35.3	29.3	11.3	19.0	41.9	65.6	NA	NA	NA
ENSDART00000047464	rqcd1	37	54.2	37.1	6.2	21.6	76.3	127.7	24.03	133.57	2.47468745939
ENSDART00000028955	tdrd3	269	32.5	26.7	6.8	14.7	46.6	64.2	47.09	35.43	-0.410449257181
ENSDART00000028954	rilpl2	31	14.8	14.1	4.8	9.6	19.1	25.3	NA	NA	NA
ENSDART00000135776	srsf7a	564	119.5	126.5	49.6	96.1	151.1	167.6	63.52	1431.0	4.49366894936
ENSDART00000135777	zgc:193790	128	26.4	22.2	6.7	13.3	35.1	52.2	18.5	47.61	1.36373935815
ENSDART00000089158	HMHA1	12	24.6	19.7	2.2	14.8	28.9	54.7	7.2	8.81	0.291145112591
ENSDART00000108491	akap11	55	27.0	21.0	3.8	13.7	30.7	51.6	NA	NA	NA
ENSDART00000135771	myt1a	76	10.0	7.3	1.7	4.6	13.1	22.6	NA	NA	NA
ENSDART00000061987	ddx41	349	31.6	24.1	8.5	15.1	41.3	65.7	63.55	34.21	-0.893474021124
ENSDART00000089150	gse1	111	21.6	18.5	2.8	7.5	32.0	49.4	20.24	3.64	-2.4751989345
ENSDART00000106339	CU929037.1	159	31.4	27.6	9.3	15.7	45.7	55.1	NA	NA	NA
ENSDART00000124921	ube2z	610	18.6	16.1	4.9	9.4	26.0	36.3	NA	NA	NA
ENSDART00000122009	wdr59	28	41.5	35.6	10.0	20.2	57.2	75.3	NA	NA	NA
ENSDART00000122558	tspear	2	16.7	16.7	NA	NA	NA	NA	NA	NA	NA
ENSDART00000122559	amfr	107	59.9	50.0	12.3	27.1	85.4	119.0	NA	NA	NA
ENSDART00000124925	AL929007.1	2	19.4	19.4	NA	NA	NA	NA	NA	NA	NA
ENSDART00000147696	rap1gap	4	26.9	23.8	NA	NA	NA	NA	NA	NA	NA
ENSDART00000122000	dut	354	115.6	119.1	70.5	96.9	135.7	157.6	190.73	536.54	1.49215394685
ENSDART00000147699	mical3b	1	141.5	141.5	NA	NA	NA	NA	NA	NA	NA
ENSDART00000122003	mbd6	87	19.9	15.5	2.6	7.9	30.3	40.1	12.28	1.03	-3.57559431819
ENSDART00000035583	dennd3b	6	21.5	18.9	NA	NA	NA	NA	NA	NA	NA
ENSDART00000079392	CR559945.2	79	40.5	32.6	8.8	15.3	56.1	83.6	12.03	11.51	-0.0637488090438
ENSDART00000144126	si:ch211-137a8.2	449	37.9	32.6	9.4	18.5	50.7	73.8	NA	NA	NA
ENSDART00000141332	slc43a2b	11	29.4	20.5	6.3	8.4	48.3	68.2	NA	NA	NA
ENSDART00000128260	CABZ01087514.1	11	57.7	54.3	30.2	49.8	66.5	89.2	NA	NA	NA
ENSDART00000039187	march5l	135	40.3	37.0	9.8	19.5	58.1	73.1	NA	NA	NA
ENSDART00000060246	dnajc3	81	15.5	12.8	5.5	8.9	20.7	30.3	NA	NA	NA
ENSDART00000078152	suv39h1b	373	43.5	37.7	8.6	18.9	62.0	85.2	57.26	166.64	1.54113516904
ENSDART00000092426	grip2a	250	38.1	30.4	7.4	14.3	51.5	78.6	NA	NA	NA
ENSDART00000085868	appl1	73	74.7	82.7	14.2	34.4	104.7	125.7	NA	NA	NA
ENSDART00000104784	smim8	115	20.9	19.4	6.7	12.5	27.2	36.4	NA	NA	NA
ENSDART00000006636	myo3a	5	42.1	31.0	NA	NA	NA	NA	NA	NA	NA
ENSDART00000104782	zgc:173570	100	18.6	17.4	4.8	8.0	23.7	35.8	NA	NA	NA
ENSDART00000088309	map3k10	1	45.3	45.3	NA	NA	NA	NA	NA	NA	NA
ENSDART00000084055	fzd7a	10	24.9	22.6	14.3	16.3	32.7	43.2	NA	NA	NA
ENSDART00000088546	jam3b	29	24.9	20.3	4.2	11.3	32.6	58.5	NA	NA	NA
ENSDART00000077724	gnb5b	1	28.3	28.3	NA	NA	NA	NA	NA	NA	NA
ENSDART00000145201	ppp1r14bb	4	62.0	38.0	NA	NA	NA	NA	NA	NA	NA
ENSDART00000151166	pvrl1b	134	17.5	14.1	2.6	7.5	22.8	37.4	NA	NA	NA
ENSDART00000000670	ptpn4a	189	24.4	18.9	4.2	9.2	31.4	53.8	16.23	10.22	-0.66726780361
ENSDART00000111923	ajuba	153	18.7	15.8	3.7	9.8	24.0	40.2	30.83	3.95	-2.96441033104
ENSDART00000079695	zwilch	284	26.3	23.6	7.7	14.2	35.2	46.4	26.46	29.16	0.140177658048
ENSDART00000148120	ephb2a	1	50.7	50.7	NA	NA	NA	NA	NA	NA	NA
ENSDART00000151169	gmeb1	47	32.8	24.4	7.8	15.0	47.8	66.5	NA	NA	NA
ENSDART00000147474	stmn2b	26	25.3	21.5	8.1	10.9	35.4	41.5	NA	NA	NA
ENSDART00000061186	col4a4	1	78.4	78.4	NA	NA	NA	NA	NA	NA	NA
ENSDART00000140313	tnfaip8	245	32.0	25.7	7.3	15.5	44.6	64.3	NA	NA	NA
ENSDART00000140968	hps3	43	14.0	10.4	2.9	4.9	19.9	26.0	NA	NA	NA
ENSDART00000143604	ODF2	35	34.2	34.2	5.5	19.1	48.7	62.4	10.23	10.35	0.0168246226414
ENSDART00000064067	EHBP1	958	32.9	23.8	5.5	12.8	43.4	73.5	14.84	46.06	1.63402331917
ENSDART00000089205	ehbp1l1b	2	22.7	22.7	NA	NA	NA	NA	NA	NA	NA
ENSDART00000082651	CABZ01087670.1	1	42.7	42.7	NA	NA	NA	NA	NA	NA	NA
ENSDART00000031661	LYAR	166	29.4	22.8	6.9	15.5	40.1	58.3	41.39	14.27	-1.53629691375
ENSDART00000110111	cul5a	143	24.4	19.6	6.8	12.4	32.7	49.2	NA	NA	NA
ENSDART00000054744	prickle2	57	32.0	27.7	12.8	18.2	42.1	61.5	NA	NA	NA
ENSDART00000146879	zswim7	142	18.3	15.4	4.6	8.7	23.9	37.8	NA	NA	NA
ENSDART00000088094	stag2b	227	44.3	32.5	5.2	13.8	66.9	97.5	29.59	90.62	1.61471979432
ENSDART00000077817	nubp1	77	19.5	18.1	4.3	8.2	23.4	39.4	NA	NA	NA
ENSDART00000103064	nfya	26	56.1	40.6	13.4	25.0	84.4	114.4	NA	NA	NA
ENSDART00000088093	SIPA1L2	274	39.8	35.1	10.9	18.9	54.3	77.9	19.85	17.72	-0.163760403475
ENSDART00000044203	FP103003.1	3	22.7	23.1	NA	NA	NA	NA	NA	NA	NA
ENSDART00000011004	mfsd5	168	25.6	23.6	6.2	11.6	37.0	49.1	29.01	9.2	-1.65684452925
ENSDART00000075796	SEPT4	5	79.7	70.7	NA	NA	NA	NA	NA	NA	NA
ENSDART00000058401	lhfpl2b	1	25.6	25.6	NA	NA	NA	NA	NA	NA	NA
ENSDART00000044208	lmo1	3	28.3	23.9	NA	NA	NA	NA	NA	NA	NA
ENSDART00000008009	trim16	171	30.8	26.3	7.5	14.5	42.2	65.6	28.17	52.07	0.886292843015
ENSDART00000046995	txn2	281	23.4	19.1	5.9	10.2	33.1	47.3	NA	NA	NA
ENSDART00000102651	nolc1	685	41.5	31.5	9.4	18.5	54.4	91.1	46.41	301.93	2.70170650866
ENSDART00000041615	ugt5g1	40	37.8	25.2	8.7	15.4	62.8	74.2	NA	NA	NA
ENSDART00000046934	coq9	21	13.9	10.9	-0.9	3.6	14.0	21.8	NA	NA	NA
ENSDART00000065336	zgc:103519	4	14.3	13.7	NA	NA	NA	NA	NA	NA	NA
ENSDART00000065331	sall4	187	72.4	58.3	7.7	25.9	118.5	150.8	25.26	491.31	4.2817070594
ENSDART00000091351	gk5	139	20.1	17.8	4.3	8.8	27.3	37.3	NA	NA	NA
ENSDART00000075588	wdr76	235	25.8	19.6	5.3	11.1	35.2	56.5	NA	NA	NA
ENSDART00000065338	pak1ip1	32	25.1	25.6	2.1	4.2	36.5	50.9	12.51	2.45	-2.35222813516
ENSDART00000061366	rab11ba	330	19.2	16.5	5.7	10.3	24.8	36.0	NA	NA	NA
ENSDART00000113109	lgi2b	1	31.9	31.9	NA	NA	NA	NA	NA	NA	NA
ENSDART00000028225	mao	1	9.1	9.1	NA	NA	NA	NA	NA	NA	NA
ENSDART00000150389	tmem168a	101	53.6	46.4	12.1	24.6	78.5	101.9	NA	NA	NA
ENSDART00000127006	mns1	72	21.2	17.3	4.2	7.6	30.3	45.3	31.73	10.42	-1.60649224364
ENSDART00000127004	slc25a42	102	62.6	61.7	14.4	31.2	91.4	117.2	NA	NA	NA
ENSDART00000018726	prkacaa	162	34.6	24.8	5.8	13.7	49.7	76.2	NA	NA	NA
ENSDART00000126279	clk4a	822	24.4	20.6	6.3	12.0	31.7	46.8	107.39	54.31	-0.983569889547
ENSDART00000121789	slc5a6	100	28.3	20.2	6.0	12.5	36.3	61.4	NA	NA	NA
ENSDART00000074362	pcdh18b	1	25.5	25.5	NA	NA	NA	NA	NA	NA	NA
ENSDART00000126273	pomt2	180	34.8	28.6	8.5	16.7	51.1	68.2	18.46	13.39	-0.463246592321
ENSDART00000114246	adnpb	264	30.6	27.3	6.6	12.5	43.2	61.7	NA	NA	NA
ENSDART00000126274	CT867948.2	16	30.5	29.3	13.1	20.9	33.7	47.3	NA	NA	NA
ENSDART00000054356	pam16	75	13.3	10.8	2.8	5.9	18.8	27.1	NA	NA	NA
ENSDART00000123834	exoc7	262	17.6	15.2	3.6	9.3	24.1	34.2	19.57	6.09	-1.68412962272
ENSDART00000113905	EFTUD1	25	24.5	13.0	8.7	11.2	24.2	50.5	NA	NA	NA
ENSDART00000098408	HNRNPAB	1950	86.9	91.6	19.1	45.5	123.2	146.0	485.63	4399.65	3.17945930679
ENSDART00000133039	tac3a	14	13.7	14.4	5.2	8.0	19.1	22.2	NA	NA	NA
ENSDART00000082124	pim1	25	17.0	16.4	5.8	11.6	22.3	26.4	NA	NA	NA
ENSDART00000079711	slc25a1a	123	60.9	62.4	12.6	29.2	85.8	116.0	30.99	168.37	2.44176044329
ENSDART00000133031	COL23A1	4	32.0	30.7	NA	NA	NA	NA	NA	NA	NA
ENSDART00000091772	AL954372.1	91	30.9	23.2	7.2	12.0	35.5	59.6	15.79	22.58	0.516034314913
ENSDART00000123869	TTL	123	43.1	39.7	11.0	22.7	57.1	77.0	NA	NA	NA
ENSDART00000105272	zgc:173593	2	69.2	69.2	NA	NA	NA	NA	NA	NA	NA
ENSDART00000110905	alpk2	3	12.4	22.7	NA	NA	NA	NA	NA	NA	NA
ENSDART00000110906	znf280d	155	60.7	58.7	9.7	28.9	91.2	113.8	31.45	176.53	2.48878145773
ENSDART00000110907	ITFG1	35	20.3	13.0	1.9	8.4	29.7	45.5	NA	NA	NA
ENSDART00000110903	E2F2	1	63.2	63.2	NA	NA	NA	NA	NA	NA	NA
ENSDART00000102335	pspc1	27	50.4	45.8	11.5	26.0	69.5	90.7	NA	NA	NA
ENSDART00000093030	h3f3b.1	207	59.0	42.7	9.1	18.8	89.6	128.0	NA	NA	NA
ENSDART00000100328	csnk1g2b	171	26.5	23.3	5.2	11.6	36.5	49.2	33.44	7.26	-2.20353339409
ENSDART00000083833	bbs7	51	32.0	27.5	10.2	17.2	45.1	59.9	NA	NA	NA
ENSDART00000146144	oip5	481	15.1	13.1	2.9	7.9	19.6	30.8	NA	NA	NA
ENSDART00000005090	alg9	87	19.8	17.3	3.3	8.7	27.7	40.5	NA	NA	NA
ENSDART00000018245	CABZ01115322.1	163	27.8	23.0	8.5	14.2	38.0	52.3	NA	NA	NA
ENSDART00000097583	ubb	202	34.0	30.0	10.5	19.5	43.5	62.9	NA	NA	NA
ENSDART00000093090	ampd2	1	46.1	46.1	NA	NA	NA	NA	NA	NA	NA
ENSDART00000128014	AL935046.1	11	24.7	23.9	13.7	16.1	26.7	48.7	NA	NA	NA
ENSDART00000126668	pou6f2	40	28.7	27.0	1.6	14.0	42.4	59.7	NA	NA	NA
ENSDART00000126669	lman2lb	93	33.1	24.1	9.0	16.8	46.1	69.7	NA	NA	NA
ENSDART00000131697	PLEKHG3	10	26.4	20.0	-1.6	13.4	33.3	65.4	NA	NA	NA
ENSDART00000126660	si:dkey-15h8.11	201	16.0	11.7	1.6	6.6	21.5	37.1	NA	NA	NA
ENSDART00000129143	spopla	123	30.9	25.3	6.3	15.0	39.5	64.9	NA	NA	NA
ENSDART00000048095	elac2	369	34.3	27.2	8.1	14.8	47.8	71.2	50.43	91.48	0.859174140454
ENSDART00000092258	spata2	110	22.4	19.8	6.3	12.7	30.1	42.7	NA	NA	NA
ENSDART00000110666	osbpl11	111	49.4	42.3	7.1	22.6	70.5	97.3	NA	NA	NA
ENSDART00000035409	zc2hc1a	114	24.6	17.1	4.5	9.9	36.4	57.3	NA	NA	NA
ENSDART00000059795	bmp1b	15	42.6	46.5	7.9	22.4	60.1	72.1	NA	NA	NA
ENSDART00000035400	tsc1a	112	39.2	29.5	3.7	12.1	54.6	91.3	27.27	51.85	0.927029288785
ENSDART00000137197	swsap1	18	23.1	18.9	8.6	11.5	30.6	47.5	NA	NA	NA
ENSDART00000004550	RNF145	12	51.7	44.9	7.2	31.8	60.3	79.7	NA	NA	NA
ENSDART00000093256	ccny	2	46.3	46.3	NA	NA	NA	NA	NA	NA	NA
ENSDART00000073609	prmt7	137	34.3	30.2	9.1	18.6	46.0	66.1	33.54	26.81	-0.323111469582
ENSDART00000143203	parp2	180	30.8	25.5	10.1	16.2	43.6	57.3	41.21	32.82	-0.328419224767
ENSDART00000143202	yaf2	3	38.1	42.6	NA	NA	NA	NA	NA	NA	NA
ENSDART00000015723	prkci	219	43.0	36.2	10.1	18.0	59.3	90.2	19.31	150.78	2.96502500765
ENSDART00000130695	top2b	2	141.4	141.4	NA	NA	NA	NA	NA	NA	NA
ENSDART00000057463	pmepa1	29	26.5	19.0	9.4	15.0	40.0	55.6	NA	NA	NA
ENSDART00000130418	SGCZ	3	51.6	28.1	NA	NA	NA	NA	NA	NA	NA
ENSDART00000013768	eif4e3	213	35.3	30.6	8.3	16.2	48.7	69.3	NA	NA	NA
ENSDART00000057466	CCNDBP1	265	28.1	23.3	6.9	14.3	39.5	55.2	38.17	37.23	-0.035973570364
ENSDART00000130414	map3k7	237	52.0	48.8	11.3	20.6	75.4	100.2	27.43	81.51	1.57122244409
ENSDART00000110669	arl6ip6	39	31.0	21.9	3.7	12.6	37.9	66.2	NA	NA	NA
ENSDART00000130410	CU179703.1	5	15.1	14.8	NA	NA	NA	NA	NA	NA	NA
ENSDART00000130412	aqr	67	25.9	22.0	8.5	14.0	32.7	50.8	15.91	4.99	-1.67282211499
ENSDART00000106540	si:dkey-4c15.5	23	22.7	23.1	3.1	11.9	33.5	41.0	NA	NA	NA
ENSDART00000048890	slc22a2	1	-9.5	-9.5	NA	NA	NA	NA	NA	NA	NA
ENSDART00000048891	OGN	10	31.7	31.0	2.2	16.8	41.0	53.3	NA	NA	NA
ENSDART00000079050	nutf2	80	21.1	15.1	4.0	8.4	33.7	45.7	NA	NA	NA
ENSDART00000079726	pld1b	1	-4.3	-4.3	NA	NA	NA	NA	NA	NA	NA
ENSDART00000066929	taf3	259	26.8	22.8	6.0	13.2	36.1	55.8	64.2	6.46	-3.31296722732
ENSDART00000077188	cox7a3	395	18.9	15.8	3.4	8.4	25.5	38.6	NA	NA	NA
ENSDART00000077189	ier5l	22	18.3	15.7	8.1	9.6	25.7	32.1	NA	NA	NA
ENSDART00000077185	dgat1b	3	84.3	88.0	NA	NA	NA	NA	NA	NA	NA
ENSDART00000132744	ppcdc	3	32.9	34.9	NA	NA	NA	NA	NA	NA	NA
ENSDART00000024068	mmp23bb	1	19.9	19.9	NA	NA	NA	NA	NA	NA	NA
ENSDART00000134983	si:ch73-389k6.1	145	85.3	87.8	33.7	60.0	107.8	138.4	NA	NA	NA
ENSDART00000132741	C7	119	23.9	17.2	6.0	11.0	30.6	49.9	26.92	5.11	-2.39728321367
ENSDART00000134564	srsf5b	56	62.6	48.7	3.1	16.4	106.6	132.4	NA	NA	NA
ENSDART00000134560	slc45a1	2	49.9	49.9	NA	NA	NA	NA	NA	NA	NA
ENSDART00000109316	zgc:114046	2	16.3	16.3	NA	NA	NA	NA	NA	NA	NA
ENSDART00000109314	arhgap10	324	17.8	14.1	3.6	7.4	23.9	36.9	NA	NA	NA
ENSDART00000025562	cdh18	13	32.9	29.2	8.5	21.3	50.5	60.2	NA	NA	NA
ENSDART00000109644	ctdnep1b	120	39.7	29.7	7.1	16.9	53.7	90.5	NA	NA	NA
ENSDART00000109647	oraov1	49	21.1	15.2	2.6	7.3	28.6	43.1	NA	NA	NA
ENSDART00000108641	sh2d1ab	19	29.8	26.8	6.8	17.7	40.8	52.0	NA	NA	NA
ENSDART00000109318	ZC3H4	260	26.1	20.4	3.8	10.8	38.0	53.7	25.43	17.65	-0.526863278532
ENSDART00000130670	tada2a	102	23.0	17.1	5.8	10.0	29.8	44.7	30.0	23.16	-0.373327247394
ENSDART00000130671	prdm1b	15	35.3	37.3	6.8	25.8	51.8	56.1	NA	NA	NA
ENSDART00000135155	si:ch211-218o21.4	40	14.6	13.2	4.0	7.9	16.8	26.6	NA	NA	NA
ENSDART00000063621	fam175a	361	25.7	22.4	7.7	13.1	32.5	49.0	73.49	52.26	-0.491840826898
ENSDART00000151766	thrb	11	20.2	19.6	0.8	7.7	28.6	33.3	NA	NA	NA
ENSDART00000151765	uqcrh	793	22.6	19.1	5.1	11.5	30.5	43.7	166.3	69.69	-1.25476460864
ENSDART00000138460	rad51c	110	17.3	13.2	3.4	8.0	25.3	36.6	NA	NA	NA
ENSDART00000092783	arfgef1	191	27.7	22.2	8.4	13.8	33.6	51.6	10.72	5.91	-0.85907487028
ENSDART00000142157	arl15a	7	18.9	21.3	NA	NA	NA	NA	NA	NA	NA
ENSDART00000112469	ralgapa1	131	18.5	15.5	3.2	7.8	24.4	38.1	13.32	3.37	-1.98277358589
ENSDART00000089963	zgc:110286	6	10.7	10.4	NA	NA	NA	NA	NA	NA	NA
ENSDART00000073970	uap1	87	33.8	24.5	5.3	13.5	55.4	79.4	NA	NA	NA
ENSDART00000128548	CD37	2	41.0	41.0	NA	NA	NA	NA	NA	NA	NA
ENSDART00000023709	ptp4a2	215	108.6	112.0	51.8	86.2	135.7	157.9	90.25	527.81	2.54801984742
ENSDART00000128237	nrg2a	26	35.8	25.0	8.0	16.0	42.4	54.5	NA	NA	NA
ENSDART00000078899	bambib	18	22.4	21.6	9.9	12.2	30.6	41.4	NA	NA	NA
ENSDART00000052641	gatm	9	45.0	38.6	NA	NA	NA	NA	NA	NA	NA
ENSDART00000099060	si:ch73-189n23.1	8	28.5	21.4	NA	NA	NA	NA	NA	NA	NA
ENSDART00000153401	si:dkey-57h18.2	26	21.2	19.1	6.1	8.9	30.9	36.4	NA	NA	NA
ENSDART00000078896	waca	459	22.2	18.5	3.7	9.7	30.9	47.6	80.32	44.7	-0.84548443788
ENSDART00000103887	med10	56	71.5	76.4	18.2	35.4	109.6	120.4	64.89	129.28	0.994431032069
ENSDART00000003694	cand1	172	36.7	26.8	9.3	17.1	49.8	76.2	17.5	73.77	2.0756793136
ENSDART00000067497	PARP12	56	35.1	24.3	4.9	10.8	53.5	85.5	7.41	36.23	2.28963935815
ENSDART00000091252	spata13	272	28.0	20.7	5.5	12.4	36.7	58.5	35.82	17.75	-1.01294631271
ENSDART00000103997	fezf2	4	7.4	8.4	NA	NA	NA	NA	NA	NA	NA
ENSDART00000091529	wasf3	117	30.3	25.2	8.9	15.3	39.7	59.4	15.17	8.24	-0.880504843064
ENSDART00000109529	tmco3	174	22.3	20.9	6.6	13.5	30.1	38.5	NA	NA	NA
ENSDART00000046211	lnx2a	2	18.4	18.4	NA	NA	NA	NA	NA	NA	NA
ENSDART00000132817	si:ch1073-322p19.1	135	34.0	29.6	7.3	18.2	47.6	66.3	31.32	24.58	-0.349599296918
ENSDART00000062049	blvrb	530	28.4	22.3	7.5	13.2	38.6	58.8	NA	NA	NA
ENSDART00000044837	camk2b2	3	16.0	15.2	NA	NA	NA	NA	NA	NA	NA
ENSDART00000105788	mgat5	44	19.0	17.7	3.1	9.0	25.4	32.9	17.54	7.13	-1.298674766
ENSDART00000044838	ndrg1a	370	35.6	28.1	6.4	13.5	49.1	77.0	20.68	223.81	3.43596640769
ENSDART00000062514	icln	187	28.7	22.8	5.3	13.5	43.1	54.1	89.28	72.37	-0.302945255559
ENSDART00000037914	cox6a1	686	14.5	11.6	0.5	5.3	20.4	32.6	NA	NA	NA
ENSDART00000127645	wu:fc26g07	605	28.8	24.9	8.1	14.8	39.7	55.0	61.21	49.79	-0.297911352741
ENSDART00000099723	sh3bp5la	254	63.0	57.4	20.9	35.2	84.0	112.0	37.35	127.64	1.7729003656
ENSDART00000127646	CABZ01085888.1	662	24.4	19.5	6.0	11.7	31.4	48.9	90.13	50.43	-0.837725165398
ENSDART00000144807	myo9b	214	21.1	16.0	3.2	8.8	30.8	46.3	8.96	4.72	-0.924711872696
ENSDART00000144800	naca	1239	23.4	20.7	5.1	10.7	33.0	46.2	506.13	127.32	-1.9910489281
ENSDART00000042367	C7H11orf68	143	16.0	12.5	2.8	6.1	21.6	33.9	NA	NA	NA
ENSDART00000131105	CABZ01083442.1	26	59.4	60.6	13.2	36.7	92.1	98.7	NA	NA	NA
ENSDART00000022392	rnd3b	3	30.6	26.9	NA	NA	NA	NA	NA	NA	NA
ENSDART00000060979	MMADHC	164	33.9	28.3	9.5	18.0	45.2	66.3	36.77	43.27	0.234837944219
ENSDART00000059480	fosl2	15	26.1	20.8	6.4	12.1	37.7	51.8	NA	NA	NA
ENSDART00000003345	arhgef6	34	62.9	58.7	16.2	21.9	98.6	111.7	NA	NA	NA
ENSDART00000003346	pdcd2l	9	39.7	40.2	NA	NA	NA	NA	NA	NA	NA
ENSDART00000042368	fahd1	54	29.8	27.8	5.0	15.6	44.7	60.4	NA	NA	NA
ENSDART00000078093	zbtb2b	151	33.1	29.8	9.2	15.4	43.2	63.7	12.39	36.16	1.54521849027
ENSDART00000010129	pdf	3	22.4	13.5	NA	NA	NA	NA	NA	NA	NA
ENSDART00000063938	MAST1	2	42.9	42.9	NA	NA	NA	NA	NA	NA	NA
ENSDART00000016248	pa2g4b	299	30.1	18.0	4.8	11.0	35.4	78.3	42.32	139.01	1.71577713766
ENSDART00000028044	galcb	254	25.2	21.9	6.1	12.2	34.3	49.4	NA	NA	NA
ENSDART00000139339	mrpl34	70	23.4	20.4	3.8	12.2	32.3	49.1	92.51	74.42	-0.313918933767
ENSDART00000079583	ctbp1	719	32.7	22.3	5.7	11.7	41.9	75.1	24.24	429.54	4.14733088161
ENSDART00000149306	nmt2	103	42.1	25.4	5.3	14.6	55.5	89.8	24.24	69.16	1.51254817017
ENSDART00000114101	fam166b	3	49.8	45.2	NA	NA	NA	NA	NA	NA	NA
ENSDART00000114102	BX088524.2	101	25.8	21.6	4.6	10.0	37.5	59.6	NA	NA	NA
ENSDART00000089679	narfl	167	21.1	18.8	5.5	10.6	29.1	42.5	NA	NA	NA
ENSDART00000081371	si:dkey-30c15.17	1	68.3	68.3	NA	NA	NA	NA	NA	NA	NA
ENSDART00000121529	sh3bgr	9	14.0	11.4	NA	NA	NA	NA	NA	NA	NA
ENSDART00000081555	CABZ01068246.1	4	22.0	21.1	NA	NA	NA	NA	NA	NA	NA
ENSDART00000012385	me3	319	101.5	111.8	33.6	77.6	133.2	147.9	14.01	336.26	4.58504831158
ENSDART00000012381	CABZ01114089.1	15	30.3	18.9	9.6	11.3	42.9	63.9	NA	NA	NA
ENSDART00000142389	efcab4bb	2	12.5	12.5	NA	NA	NA	NA	NA	NA	NA
ENSDART00000024935	gsk3ab	869	17.5	12.9	1.8	7.0	23.4	37.3	43.25	56.64	0.389121132672
ENSDART00000150019	DHX35	112	64.5	60.6	14.0	29.6	92.5	120.8	NA	NA	NA
ENSDART00000126966	esrrga	9	18.7	14.9	NA	NA	NA	NA	NA	NA	NA
ENSDART00000084389	lrrn1	3	70.4	66.1	NA	NA	NA	NA	NA	NA	NA
ENSDART00000146251	si:ch211-137i24.12	4	28.4	24.2	NA	NA	NA	NA	NA	NA	NA
ENSDART00000133424	srp54	176	45.6	43.3	9.6	19.8	64.5	89.4	95.05	226.22	1.25096795095
ENSDART00000056213	pik3r1	134	32.1	28.0	7.6	14.2	44.7	66.3	16.12	30.34	0.912369341719
ENSDART00000031872	kctd6b	37	23.1	20.9	6.8	15.2	32.4	43.6	NA	NA	NA
ENSDART00000142997	eif2ak3	32	26.8	19.1	7.5	11.3	38.2	53.8	NA	NA	NA
ENSDART00000031875	tor1l3	1	18.8	18.8	NA	NA	NA	NA	NA	NA	NA
ENSDART00000115271	march6	83	34.8	22.5	4.0	10.8	49.4	91.8	19.74	57.66	1.54644884704
ENSDART00000123544	tex2	134	29.4	21.3	7.1	14.2	37.5	65.0	15.91	11.4	-0.480900011279
ENSDART00000126063	TTF2	313	18.6	16.1	4.5	8.7	25.9	35.8	36.85	10.63	-1.79352302245
ENSDART00000123548	CREBZF	7	40.8	34.1	NA	NA	NA	NA	NA	NA	NA
ENSDART00000126069	DUSP27	1	18.5	18.5	NA	NA	NA	NA	NA	NA	NA
ENSDART00000114974	PATZ1	103	35.8	27.4	6.6	14.9	49.3	83.2	NA	NA	NA
ENSDART00000112889	C22H10orf76	167	44.8	39.1	10.1	20.3	62.3	84.7	6.85	42.57	2.63566119693
ENSDART00000000804	slc8a1b	75	62.0	58.7	13.9	30.6	90.8	119.3	9.57	38.43	2.00564214658
ENSDART00000084380	aggf1	111	33.8	32.0	12.7	18.2	44.6	59.6	39.35	14.51	-1.43931611633
ENSDART00000112883	fmnl2b	24	20.5	19.0	6.9	13.2	26.8	37.5	NA	NA	NA
ENSDART00000073847	blcap	503	97.1	102.6	42.7	74.6	124.3	141.4	77.23	277.39	1.84468250248
ENSDART00000051663	ppil2	243	30.7	23.2	5.7	13.2	42.8	62.6	38.34	113.72	1.56856376201
ENSDART00000128910	CU062628.1	4	18.2	19.7	NA	NA	NA	NA	NA	NA	NA
ENSDART00000004062	atp5j	193	11.0	8.3	-0.1	3.6	14.4	23.6	NA	NA	NA
ENSDART00000100276	tmco1	601	29.3	25.0	7.7	14.8	40.2	55.9	106.7	99.79	-0.0965930213514
ENSDART00000140654	trhr2	4	22.1	22.4	NA	NA	NA	NA	NA	NA	NA
ENSDART00000061143	sept9b	3	11.8	13.5	NA	NA	NA	NA	NA	NA	NA
ENSDART00000150171	ttll1	38	14.4	14.4	7.1	10.2	18.8	23.4	NA	NA	NA
ENSDART00000110731	tbrg4	125	18.5	15.1	1.4	8.2	28.0	38.7	NA	NA	NA
ENSDART00000110730	CU013533.1	122	23.8	17.5	5.7	10.7	31.3	51.7	NA	NA	NA
ENSDART00000098259	arntl1b	10	16.6	14.7	7.2	8.4	17.5	25.5	NA	NA	NA
ENSDART00000040065	casc3	280	41.5	36.7	9.6	18.6	59.2	82.0	34.65	109.4	1.65868548066
ENSDART00000055742	nras	81	58.5	48.7	5.7	14.8	106.5	132.6	NA	NA	NA
ENSDART00000080975	tnfaip2b	2	12.7	12.7	NA	NA	NA	NA	NA	NA	NA
ENSDART00000106300	si:ch211-222k6.1	6	22.8	19.0	NA	NA	NA	NA	NA	NA	NA
ENSDART00000098076	CSK	9	20.9	25.4	NA	NA	NA	NA	NA	NA	NA
ENSDART00000135313	tnk1	117	44.1	39.8	6.5	14.2	66.6	86.1	15.84	44.87	1.5021788486
ENSDART00000128917	rps4x	347	27.6	26.2	6.0	14.4	39.4	50.6	290.69	28.62	-3.34438586513
ENSDART00000024729	pabpc1a	1083	50.0	49.9	15.1	29.7	68.6	85.3	365.59	402.11	0.137363605871
ENSDART00000051549	tp53	57	65.5	54.2	8.2	18.0	112.1	141.6	29.98	221.27	2.88373557401
ENSDART00000077341	depdc7	1	4.8	4.8	NA	NA	NA	NA	NA	NA	NA
ENSDART00000075808	APBB3	1	33.5	33.5	NA	NA	NA	NA	NA	NA	NA
ENSDART00000075770	zgc:162948	7	21.5	16.1	NA	NA	NA	NA	46.28	6.59	-2.8120384941
ENSDART00000047251	GRAMD4	198	21.9	17.6	2.3	8.8	30.5	48.6	NA	NA	NA
ENSDART00000019005	PCDH10	2	26.6	26.6	NA	NA	NA	NA	NA	NA	NA
ENSDART00000019004	arhgdig	272	21.8	17.4	3.8	9.5	27.3	41.5	NA	NA	NA
ENSDART00000109520	fbxl14a	373	17.5	14.3	1.6	7.2	24.1	39.2	64.63	7.69	-3.07114848832
ENSDART00000132105	tfap2b	1	29.0	29.0	NA	NA	NA	NA	NA	NA	NA
ENSDART00000105575	zgc:92591	3	9.7	13.7	NA	NA	NA	NA	NA	NA	NA
ENSDART00000137467	FAM35A	36	38.3	28.8	6.8	17.1	49.2	82.1	NA	NA	NA
ENSDART00000105572	gbx1	20	14.7	14.8	3.9	7.6	21.5	24.6	NA	NA	NA
ENSDART00000147860	st14b	1	12.5	12.5	NA	NA	NA	NA	NA	NA	NA
ENSDART00000012963	trappc6b	115	50.8	41.6	13.8	23.6	68.6	101.7	NA	NA	NA
ENSDART00000137469	mgaa	193	43.2	35.9	8.0	15.6	63.5	92.8	8.74	14.72	0.752072486556
ENSDART00000081593	cept1b	63	21.2	17.9	3.8	7.7	32.1	50.9	NA	NA	NA
ENSDART00000137966	CCDC167	46	12.3	10.5	0.4	7.8	15.8	25.1	NA	NA	NA
ENSDART00000122762	naa50	291	107.4	116.7	37.1	84.2	139.8	155.9	NA	NA	NA
ENSDART00000081595	eya1	1	46.5	46.5	NA	NA	NA	NA	NA	NA	NA
ENSDART00000132249	uri1	300	25.8	22.9	6.6	12.1	36.3	50.9	62.51	10.37	-2.59167110837
ENSDART00000132248	fryl	147	30.9	23.3	4.8	10.3	43.1	69.4	12.18	13.77	0.177014426229
ENSDART00000015000	henmt1	49	14.3	9.6	0.7	4.4	19.9	32.0	NA	NA	NA
ENSDART00000122324	C22H19orf44	2	9.4	9.4	NA	NA	NA	NA	NA	NA	NA
ENSDART00000063541	zbtb21	111	25.5	25.0	8.1	15.4	34.6	44.9	NA	NA	NA
ENSDART00000008306	zbtb1	76	33.0	30.9	6.0	15.1	47.5	59.9	NA	NA	NA
ENSDART00000075936	pax9	4	24.9	21.4	NA	NA	NA	NA	NA	NA	NA
ENSDART00000082715	SI:DKEY-209E8.1	202	22.2	21.0	5.6	12.3	27.4	39.8	NA	NA	NA
ENSDART00000059899	si:dkey-286j15.1	1	47.0	47.0	NA	NA	NA	NA	NA	NA	NA
ENSDART00000059893	tcf25	208	26.6	20.7	5.5	12.4	36.0	50.1	67.91	18.67	-1.86290210476
ENSDART00000135903	mpzl1l	179	21.0	17.3	4.9	9.2	26.9	42.1	NA	NA	NA
ENSDART00000121947	ephb4a	27	66.7	69.5	15.0	25.8	98.9	124.3	3.69	12.41	1.74981039407
ENSDART00000112268	ocrl	12	14.8	13.7	11.7	12.1	15.7	22.5	NA	NA	NA
ENSDART00000023116	srsf11	480	92.2	104.7	12.5	27.8	141.5	164.9	61.78	581.89	3.23553467696
ENSDART00000066168	pex11g	2	11.9	11.9	NA	NA	NA	NA	NA	NA	NA
ENSDART00000152717	kansl1a	163	32.3	30.1	8.7	15.5	43.7	60.7	15.47	20.9	0.434029745519
ENSDART00000125089	fancd2	21	44.5	43.8	8.2	17.4	59.2	61.7	NA	NA	NA
ENSDART00000121972	slc39a13	1001	18.2	14.4	2.6	7.6	25.1	37.4	NA	NA	NA
ENSDART00000036928	fbxo36a	18	23.0	16.5	4.5	10.6	29.5	47.5	NA	NA	NA
ENSDART00000152433	vps25	554	16.4	13.3	3.4	7.8	21.7	33.1	NA	NA	NA
ENSDART00000057696	GIT1	93	50.1	38.8	7.7	18.8	74.3	109.9	NA	NA	NA
ENSDART00000152431	grid1b	10	14.9	9.0	2.6	5.5	16.9	37.7	NA	NA	NA
ENSDART00000051456	si:ch211-196i2.2	1	91.1	91.1	NA	NA	NA	NA	NA	NA	NA
ENSDART00000109523	CABZ01073168.1	27	21.4	17.8	4.8	11.8	28.3	46.8	NA	NA	NA
ENSDART00000125084	CU207276.4	1	57.8	57.8	NA	NA	NA	NA	NA	NA	NA
ENSDART00000101655	calrl2	50	33.7	32.7	5.8	14.9	47.1	64.9	30.37	46.64	0.618920880033
ENSDART00000017562	klhl32	2	23.3	23.3	NA	NA	NA	NA	NA	NA	NA
ENSDART00000018504	zgc:77086	184	30.4	25.6	8.9	16.4	41.3	58.7	NA	NA	NA
ENSDART00000022348	prdm12b	6	16.8	15.0	NA	NA	NA	NA	NA	NA	NA
ENSDART00000106593	prp19	532	90.2	102.6	11.2	46.8	128.5	147.9	38.0	446.93	3.55597756465
ENSDART00000101295	gtf3c4	253	21.7	18.5	5.1	10.7	28.6	44.4	44.44	8.74	-2.34615363189
ENSDART00000104224	tecpr2	11	31.2	28.2	-6.4	19.8	51.0	54.2	NA	NA	NA
ENSDART00000085298	l2hgdh	54	44.3	39.3	12.9	18.3	65.1	87.4	12.39	38.23	1.62552901269
ENSDART00000104220	irgf1	1	26.4	26.4	NA	NA	NA	NA	NA	NA	NA
ENSDART00000104222	b3gntl1	94	40.5	29.5	8.1	13.8	65.1	99.6	NA	NA	NA
ENSDART00000062925	slc25a27	5	43.3	45.2	NA	NA	NA	NA	NA	NA	NA
ENSDART00000051919	n6amt1	54	26.0	20.3	3.4	10.4	36.5	58.7	NA	NA	NA
ENSDART00000036668	psmc1a	96	14.9	11.5	1.9	6.0	21.1	33.3	35.06	8.79	-1.99589092562
ENSDART00000024726	daam1a	99	34.4	29.1	8.4	17.5	43.0	71.5	17.41	14.85	-0.229453271963
ENSDART00000030838	bcl2l10	1029	23.4	19.2	5.7	11.5	31.4	45.3	68.19	41.48	-0.717144290726
ENSDART00000030835	hmbox1a	26	25.6	21.4	6.3	10.9	38.5	51.1	NA	NA	NA
ENSDART00000125030	osbpl3a	204	15.7	12.3	1.7	6.7	21.0	35.3	NA	NA	NA
ENSDART00000022694	ehd3	6	52.7	48.8	NA	NA	NA	NA	NA	NA	NA
ENSDART00000098970	lin28a	175	32.1	25.4	4.8	14.4	46.6	66.3	27.35	38.55	0.495190027122
ENSDART00000014602	cmtm6	3	5.4	1.0	NA	NA	NA	NA	NA	NA	NA
ENSDART00000148927	tgfb2	4	24.8	24.9	NA	NA	NA	NA	NA	NA	NA
ENSDART00000023568	kif18a	185	35.4	32.8	8.1	17.9	50.1	67.1	47.07	78.54	0.738619744977
ENSDART00000001444	g2e3	644	21.4	17.5	4.5	9.7	29.4	43.1	35.91	35.72	-0.00765357254344
ENSDART00000060944	mrpl39	99	23.1	18.1	4.3	9.4	32.2	43.8	18.99	13.76	-0.464759435447
ENSDART00000148928	rbm27	288	30.4	22.5	6.9	14.1	35.0	60.1	19.5	50.98	1.38645724939
ENSDART00000122170	smc5	140	21.0	17.6	3.0	8.7	30.5	45.4	43.15	22.76	-0.92286000176
ENSDART00000032744	rpl10	636	32.6	31.7	7.2	19.8	44.0	58.6	342.38	38.81	-3.14109809147
ENSDART00000098922	six4.3	9	41.1	39.1	NA	NA	NA	NA	NA	NA	NA
ENSDART00000083668	MANBAL	49	63.0	60.2	13.8	33.5	99.8	119.1	NA	NA	NA
ENSDART00000109814	kdm4ab	43	68.9	73.4	10.1	24.8	106.3	135.3	NA	NA	NA
ENSDART00000098928	zgc:162297	27	25.2	20.0	3.6	10.0	32.8	48.8	NA	NA	NA
ENSDART00000109816	gltpb	28	32.3	22.9	6.5	10.3	41.4	68.9	NA	NA	NA
ENSDART00000052393	pard6gb	314	21.7	17.3	5.7	11.4	28.9	42.1	NA	NA	NA
ENSDART00000083190	hdac8	93	65.5	53.6	9.0	17.0	111.5	144.5	12.1	54.71	2.17679750822
ENSDART00000102106	bcor	236	12.8	10.5	1.6	5.1	18.0	29.2	22.42	2.39	-3.22970375482
ENSDART00000083193	zgc:158343	1	32.0	32.0	NA	NA	NA	NA	NA	NA	NA
ENSDART00000058147	dync2li1	19	21.2	18.8	5.3	11.1	32.5	37.2	NA	NA	NA
ENSDART00000074647	CARD11	2	18.0	18.0	NA	NA	NA	NA	NA	NA	NA
ENSDART00000078771	SBK1	25	12.3	10.1	0.1	5.8	16.4	28.2	NA	NA	NA
ENSDART00000123015	irf3	1	76.8	76.8	NA	NA	NA	NA	NA	NA	NA
ENSDART00000133194	tbc1d1	104	36.8	21.0	8.2	13.5	47.9	94.6	14.11	23.28	0.722373070311
ENSDART00000124682	glb1	12	21.6	13.3	3.7	7.7	28.4	52.0	NA	NA	NA
ENSDART00000073671	ythdc1	353	25.5	19.0	5.1	11.1	35.3	56.5	42.98	75.23	0.8076426076
ENSDART00000124688	bag5	214	28.6	23.0	7.5	15.0	36.9	56.7	NA	NA	NA
ENSDART00000050585	znhit2	30	20.9	18.7	5.7	10.6	32.1	39.7	11.77	2.59	-2.18409031735
ENSDART00000049805	ildr2	1	34.6	34.6	NA	NA	NA	NA	NA	NA	NA
ENSDART00000021204	TSPAN2	13	33.0	23.7	5.4	8.5	38.9	61.2	NA	NA	NA
ENSDART00000077694	leo1	41	49.5	54.7	13.9	23.5	67.2	86.5	27.74	75.63	1.44699083126
ENSDART00000142091	STX3	2	18.2	18.2	NA	NA	NA	NA	NA	NA	NA
ENSDART00000142090	fanci	227	48.3	39.9	10.9	20.3	69.2	89.3	14.36	77.58	2.43362902671
ENSDART00000056987	marcksl1a	12	23.6	19.5	9.5	13.2	27.8	44.3	NA	NA	NA
ENSDART00000142098	si:dkeyp-110g5.4	15	28.4	27.8	7.7	13.0	37.1	48.8	NA	NA	NA
ENSDART00000001995	flot1a	139	42.0	32.8	7.2	14.7	60.4	99.4	NA	NA	NA
ENSDART00000009438	lmnb2	131	42.9	30.0	5.1	11.0	65.5	105.4	24.46	125.69	2.36137356334
ENSDART00000088818	FHOD3	4	57.6	66.8	NA	NA	NA	NA	NA	NA	NA
ENSDART00000009431	CABZ01078889.1	25	50.7	34.3	7.7	20.5	77.5	118.0	NA	NA	NA
ENSDART00000044949	syt16	8	48.6	46.5	NA	NA	NA	NA	NA	NA	NA
ENSDART00000125156	CU611056.1	192	25.2	21.9	3.4	10.6	34.8	48.0	NA	NA	NA
ENSDART00000057584	slc1a4	11	26.8	28.1	13.0	17.7	30.5	33.4	NA	NA	NA
ENSDART00000058324	rpz4	1	28.3	28.3	NA	NA	NA	NA	NA	NA	NA
ENSDART00000133585	FAM114A2	386	24.6	23.3	6.6	13.0	34.0	43.8	149.29	21.79	-2.77637943006
ENSDART00000016607	rgs5b	2	-2.5	-2.5	NA	NA	NA	NA	NA	NA	NA
ENSDART00000129086	siva1	3349	35.9	30.5	6.6	15.1	51.5	73.3	1342.92	2148.85	0.678191415713
ENSDART00000024722	ezh2	59	48.6	40.6	15.0	22.2	67.8	97.4	21.1	146.37	2.79430498505
ENSDART00000130080	asap3	94	47.3	42.6	10.4	28.2	65.5	86.2	NA	NA	NA
ENSDART00000123083	ddx59	96	27.2	20.8	5.8	11.2	34.2	56.5	22.54	13.43	-0.747028210745
ENSDART00000113774	si:ch211-188c16.1	534	19.0	15.8	3.3	9.5	23.5	36.1	42.75	6.87	-2.63754241584
ENSDART00000134271	s100u	6	16.1	15.4	NA	NA	NA	NA	NA	NA	NA
ENSDART00000075550	kazald3	4	15.8	17.3	NA	NA	NA	NA	NA	NA	NA
ENSDART00000014970	btbd3a	56	42.5	42.6	7.4	19.5	60.3	79.3	9.74	29.39	1.59333168157
ENSDART00000124231	PSMG4	59	37.7	35.9	9.8	21.9	50.7	68.7	NA	NA	NA
ENSDART00000142895	urm1	228	34.6	28.6	7.8	15.0	44.6	72.3	NA	NA	NA
ENSDART00000134274	piwil2	182	29.7	24.4	6.4	14.1	41.4	65.0	21.5	50.38	1.22851446226
ENSDART00000110133	BX511263.1	70	22.7	17.5	7.2	12.3	26.6	48.0	NA	NA	NA
ENSDART00000050916	ap2b1	109	47.0	35.3	9.2	18.8	67.9	105.3	8.5	58.15	2.77424444534
ENSDART00000110136	cntnap5b	3	19.1	18.9	NA	NA	NA	NA	NA	NA	NA
ENSDART00000010126	zdhhc23b	55	16.6	14.1	4.9	7.3	23.3	30.6	NA	NA	NA
ENSDART00000056180	cep41	54	81.3	82.3	17.2	37.6	118.9	146.4	NA	NA	NA
ENSDART00000134277	zgc:174712	3	28.8	29.2	NA	NA	NA	NA	NA	NA	NA
ENSDART00000082251	spdya	172	30.2	28.5	8.7	17.9	40.0	50.6	NA	NA	NA
ENSDART00000056188	POLR2H	205	32.9	29.3	10.3	17.3	42.2	61.1	54.85	66.07	0.268503724087
ENSDART00000079694	gnai2b	241	35.4	27.7	8.8	16.3	43.6	69.7	18.18	100.49	2.46662783787
ENSDART00000058669	tamm41	21	16.5	9.1	1.2	3.0	23.1	48.9	NA	NA	NA
ENSDART00000143417	CABZ01032469.1	26	22.2	19.3	4.5	10.1	30.6	45.7	NA	NA	NA
ENSDART00000127224	FAM149B1	17	18.1	14.0	-4.0	7.8	20.1	47.4	NA	NA	NA
ENSDART00000143948	rfc1	150	45.9	41.3	16.2	25.2	62.6	80.5	21.18	53.2	1.3287236564
ENSDART00000145324	CR388132.2	1	-13.7	-13.7	NA	NA	NA	NA	NA	NA	NA
ENSDART00000126853	rgs12b	12	29.2	39.3	2.1	8.3	44.4	47.6	NA	NA	NA
ENSDART00000089095	wdr74	60	23.2	21.7	7.3	11.5	30.1	43.3	22.33	8.84	-1.33686497643
ENSDART00000126850	SMOC2	5	9.5	14.6	NA	NA	NA	NA	NA	NA	NA
ENSDART00000113101	SMARCAD1	17	15.5	14.3	6.5	8.1	18.7	29.3	NA	NA	NA
ENSDART00000105374	narf	2	22.5	22.5	NA	NA	NA	NA	NA	NA	NA
ENSDART00000087639	smap2	6	33.9	12.2	NA	NA	NA	NA	NA	NA	NA
ENSDART00000113301	si:dkeyp-41f9.3	7	47.1	59.3	NA	NA	NA	NA	NA	NA	NA
ENSDART00000129339	srrm2	740	26.0	20.9	6.5	11.8	34.6	53.8	175.22	34.22	-2.35625579181
ENSDART00000020033	xrcc1	489	26.0	21.1	7.0	12.9	32.9	51.9	31.67	23.09	-0.455848694254
ENSDART00000029063	p2rx8	2	6.2	6.2	NA	NA	NA	NA	NA	NA	NA
ENSDART00000079559	CU464131.1	1	28.7	28.7	NA	NA	NA	NA	NA	NA	NA
ENSDART00000076086	cyp17a2	6	16.9	16.8	NA	NA	NA	NA	NA	NA	NA
ENSDART00000038955	suv39h1a	281	46.0	39.8	15.4	25.6	59.6	78.9	NA	NA	NA
ENSDART00000140806	UBAC2	7	20.2	18.7	NA	NA	NA	NA	NA	NA	NA
ENSDART00000086905	nrn1lb	3	51.8	13.4	NA	NA	NA	NA	NA	NA	NA
ENSDART00000090332	NEURL2	1	18.8	18.8	NA	NA	NA	NA	NA	NA	NA
ENSDART00000128936	mrps15	436	17.2	14.5	3.8	8.6	23.4	33.3	81.72	13.68	-2.57862097385
ENSDART00000128935	cep63	197	19.1	16.1	3.6	7.2	27.9	38.2	31.47	6.21	-2.34131200508
ENSDART00000122997	nupl1	242	22.4	19.2	6.6	11.4	31.3	41.3	51.0	79.65	0.643177114666
ENSDART00000134351	si:dkey-24l11.2	5	30.2	20.9	NA	NA	NA	NA	NA	NA	NA
ENSDART00000139102	dbpb	26	54.5	31.6	11.8	21.5	68.6	93.0	NA	NA	NA
ENSDART00000125313	ube3c	162	33.0	26.1	7.7	15.5	42.8	74.0	17.23	49.17	1.5128556536
ENSDART00000063037	si:dkey-80n10.2	8	27.1	30.4	NA	NA	NA	NA	NA	NA	NA
ENSDART00000019828	zgc:63587	145	24.1	20.3	5.3	11.6	34.3	47.5	NA	NA	NA
ENSDART00000042259	clybl	29	18.3	14.8	4.5	9.9	22.5	34.7	NA	NA	NA
ENSDART00000132466	si:ch211-269i23.2	245	17.0	12.6	1.9	7.0	22.1	38.1	33.28	2.96	-3.49098635251
ENSDART00000063038	nab1a	5	31.3	25.4	NA	NA	NA	NA	NA	NA	NA
ENSDART00000135344	ppp2r1a	139	51.1	36.1	1.9	11.6	82.1	131.4	15.8	190.27	3.59005164532
ENSDART00000052404	map2k5	20	36.6	21.7	5.0	11.8	51.6	82.7	NA	NA	NA
ENSDART00000127716	ppp1cc	169	64.1	45.9	11.0	22.0	103.0	143.6	38.88	332.59	3.09664466764
ENSDART00000047401	abcb11a	27	24.8	15.9	5.3	6.4	35.2	57.9	NA	NA	NA
ENSDART00000112276	zgc:173837	224	44.0	39.7	11.3	20.5	61.1	87.8	22.16	6.43	-1.78506723872
ENSDART00000110373	ZNF414	2	49.5	49.5	NA	NA	NA	NA	NA	NA	NA
ENSDART00000137611	azin1b	521	32.9	30.1	8.3	17.3	46.3	61.0	25.4	27.28	0.103015147365
ENSDART00000138050	RBM33	253	37.9	35.5	10.0	20.2	54.0	69.2	NA	NA	NA
ENSDART00000009859	eltd1	13	18.2	12.3	8.7	9.3	23.0	34.0	NA	NA	NA
ENSDART00000017075	xiap	424	18.2	15.6	4.5	9.3	23.9	33.8	NA	NA	NA
ENSDART00000077950	gpr61	33	20.1	15.8	9.0	10.5	30.3	35.9	NA	NA	NA
ENSDART00000007693	mettl10	109	26.3	23.1	4.2	14.8	36.4	50.7	NA	NA	NA
ENSDART00000097244	gtf2h3	2	28.2	28.2	NA	NA	NA	NA	NA	NA	NA
ENSDART00000022765	riok1	241	26.2	22.9	5.9	13.5	33.4	49.7	69.02	14.94	-2.20783432565
ENSDART00000124649	alg13	280	19.3	16.4	3.0	8.2	27.4	40.3	NA	NA	NA
ENSDART00000022768	ak5	1	12.1	12.1	NA	NA	NA	NA	NA	NA	NA
ENSDART00000016475	VMAC	13	11.6	12.0	0.8	3.7	17.5	20.8	NA	NA	NA
ENSDART00000104423	rbbp9	83	25.6	15.9	6.2	11.6	34.9	56.7	37.23	29.13	-0.353959914711
ENSDART00000104421	ppt2	15	42.9	37.1	11.4	18.5	60.8	86.9	NA	NA	NA
ENSDART00000104425	dnase1l3	6	23.9	30.2	NA	NA	NA	NA	NA	NA	NA
ENSDART00000115409	MAST2	195	19.8	17.7	3.0	8.7	26.8	38.0	NA	NA	NA
ENSDART00000030887	slc45a2	1	24.0	24.0	NA	NA	NA	NA	NA	NA	NA
ENSDART00000145815	txndc5	177	34.7	29.9	9.1	18.0	46.0	66.2	15.65	164.14	3.39069229614
ENSDART00000111774	supv3l1	370	23.8	19.6	4.9	11.2	33.8	48.3	57.46	31.19	-0.881474440158
ENSDART00000111777	abca3b	267	23.7	20.4	5.8	12.5	31.5	45.6	16.73	4.06	-2.04288581285
ENSDART00000089171	hmha1	24	19.8	11.7	5.4	7.3	30.6	43.4	29.15	11.48	-1.34437324141
ENSDART00000122579	CU694221.1	49	63.7	62.5	7.0	18.2	98.0	118.9	NA	NA	NA
ENSDART00000026866	cox4i1	787	17.3	14.1	4.1	8.5	23.1	34.6	138.78	48.2	-1.52569462024
ENSDART00000059366	ckmb	5	29.2	24.5	NA	NA	NA	NA	NA	NA	NA
ENSDART00000081367	dnaja3a	1122	18.9	16.5	5.2	10.2	25.4	36.0	NA	NA	NA
ENSDART00000148595	capn10	20	29.1	24.0	9.3	13.3	40.8	53.5	NA	NA	NA
ENSDART00000150719	phrf1	129	34.2	31.2	7.6	19.0	48.8	62.4	34.7	14.76	-1.23324294141
ENSDART00000034102	ctssb.2	4	32.8	29.6	NA	NA	NA	NA	NA	NA	NA
ENSDART00000144493	zfyve20	15	26.4	20.1	4.6	12.2	40.8	55.1	NA	NA	NA
ENSDART00000080503	si:dkey-31e10.5	1	6.7	6.7	NA	NA	NA	NA	NA	NA	NA
ENSDART00000081779	ZDHHC3	22	18.3	19.1	5.6	9.9	24.3	29.6	NA	NA	NA
ENSDART00000080501	zbtb47b	23	27.3	23.6	7.2	12.5	39.7	53.6	NA	NA	NA
ENSDART00000104768	pnkd	35	31.5	24.9	7.4	13.8	36.9	58.1	NA	NA	NA
ENSDART00000023519	EPS8L1	5	22.9	15.5	NA	NA	NA	NA	NA	NA	NA
ENSDART00000127571	CR848664.3	6	26.6	21.4	NA	NA	NA	NA	NA	NA	NA
ENSDART00000078173	dzank1	2	20.3	20.3	NA	NA	NA	NA	NA	NA	NA
ENSDART00000085846	nkx1.2la	2	14.0	14.0	NA	NA	NA	NA	NA	NA	NA
ENSDART00000104762	slc16a10	1	16.5	16.5	NA	NA	NA	NA	NA	NA	NA
ENSDART00000006619	rbpms2b	439	19.2	15.2	3.9	8.0	25.2	41.0	NA	NA	NA
ENSDART00000008224	aurka	2698	15.0	12.4	2.1	6.4	21.0	30.7	194.13	12.68	-3.93639643246
ENSDART00000079969	KCNK7	7	16.7	15.6	NA	NA	NA	NA	NA	NA	NA
ENSDART00000133976	txnl1	251	53.5	36.7	8.1	16.7	89.0	119.0	35.9	124.32	1.7920026597
ENSDART00000111617	rbm15	68	37.3	33.7	9.4	20.1	50.7	65.6	17.29	58.05	1.74735819811
ENSDART00000059955	ildr1b	212	38.4	29.2	7.6	14.2	58.0	80.4	NA	NA	NA
ENSDART00000111613	FP245444.1	31	26.4	15.9	6.7	9.6	44.0	56.6	NA	NA	NA
ENSDART00000089286	shc2	8	22.6	19.7	NA	NA	NA	NA	NA	NA	NA
ENSDART00000037109	srpk1a	218	29.2	22.6	5.6	13.9	36.7	59.7	51.68	73.5	0.508138179917
ENSDART00000065139	gfi1ab	2	23.1	23.1	NA	NA	NA	NA	NA	NA	NA
ENSDART00000081105	C15H11orf53	2	8.5	8.5	NA	NA	NA	NA	NA	NA	NA
ENSDART00000084464	fam155b	2	29.8	29.8	NA	NA	NA	NA	NA	NA	NA
ENSDART00000037450	syncripl	176	72.5	71.7	14.3	30.7	111.3	130.1	28.0	750.85	4.74502599187
ENSDART00000065131	si:ch211-138a11.5	1	11.7	11.7	NA	NA	NA	NA	NA	NA	NA
ENSDART00000066064	mrpl45	57	12.0	11.7	2.2	5.9	16.6	21.6	NA	NA	NA
ENSDART00000100420	pex11b	357	24.7	23.1	5.9	12.4	32.4	47.0	NA	NA	NA
ENSDART00000037455	ccnd3	85	23.5	18.7	7.9	11.4	33.8	48.1	NA	NA	NA
ENSDART00000064088	vkorc1l1	5	26.0	27.2	NA	NA	NA	NA	NA	NA	NA
ENSDART00000144401	tbc1d32	9	35.8	24.9	NA	NA	NA	NA	NA	NA	NA
ENSDART00000064083	otx1b	774	25.9	20.8	5.3	11.8	32.7	52.5	NA	NA	NA
ENSDART00000002886	exosc9	208	28.8	24.6	7.4	15.8	38.4	54.9	114.34	26.81	-2.09248707095
ENSDART00000018524	pcyt1aa	204	34.3	30.9	11.4	18.7	44.1	66.0	23.64	66.3	1.48777883482
ENSDART00000011785	rad54l	108	36.9	35.3	13.7	21.4	51.5	63.0	31.84	14.44	-1.14076959366
ENSDART00000099869	SLC17A7	1	90.1	90.1	NA	NA	NA	NA	NA	NA	NA
ENSDART00000123483	cs	7	42.1	40.7	NA	NA	NA	NA	NA	NA	NA
ENSDART00000099866	kif15	135	31.8	20.4	4.3	10.6	41.1	72.3	17.82	39.72	1.15636828601
ENSDART00000054761	zgc:158791	3	30.6	30.8	NA	NA	NA	NA	NA	NA	NA
ENSDART00000123487	zgc:153675	893	32.5	27.2	9.7	16.1	43.9	61.6	184.61	188.81	0.0324544732474
ENSDART00000123486	CABZ01021450.1	3	22.0	14.7	NA	NA	NA	NA	NA	NA	NA
ENSDART00000077732	bambia	35	35.6	35.0	8.6	14.1	46.6	61.9	NA	NA	NA
ENSDART00000124968	rpn2	2	27.5	27.5	NA	NA	NA	NA	11.58	39.96	1.7869213298
ENSDART00000011025	wipf2b	197	31.3	18.5	3.7	9.7	37.9	77.6	NA	NA	NA
ENSDART00000121885	tgfbr1a	3	32.2	27.7	NA	NA	NA	NA	NA	NA	NA
ENSDART00000121887	mpp2a	8	30.3	30.0	NA	NA	NA	NA	NA	NA	NA
ENSDART00000121883	mybpc2a	1	13.2	13.2	NA	NA	NA	NA	NA	NA	NA
ENSDART00000027115	nob1	88	23.5	21.3	7.7	13.2	29.6	42.6	23.78	42.64	0.842458723014
ENSDART00000114319	C3H16orf89	1	6.1	6.1	NA	NA	NA	NA	NA	NA	NA
ENSDART00000014031	dpf2	79	19.2	14.4	0.8	7.0	23.9	42.7	NA	NA	NA
ENSDART00000122686	asb8	288	38.8	25.0	8.9	14.8	47.8	81.5	NA	NA	NA
ENSDART00000110697	dnajc10	56	35.4	26.9	8.8	18.2	47.6	67.3	8.26	22.09	1.41917973194
ENSDART00000122680	CABZ01063556.1	3	16.5	13.0	NA	NA	NA	NA	NA	NA	NA
ENSDART00000121920	WIZ	2	6.9	6.9	NA	NA	NA	NA	NA	NA	NA
ENSDART00000110698	rbm46	47	36.8	32.8	6.1	15.7	51.6	70.3	NA	NA	NA
ENSDART00000122689	ZFHX2	264	49.6	37.2	9.0	18.5	63.5	122.8	38.84	195.83	2.33398668837
ENSDART00000012483	fam113	531	61.2	59.1	30.9	42.6	76.4	95.3	34.06	196.65	2.52947984615
ENSDART00000074438	cenpi	263	29.7	24.1	6.3	13.1	41.3	57.7	22.54	30.61	0.441515529355
ENSDART00000084559	RGS14	39	17.5	15.6	7.9	11.6	19.4	32.1	NA	NA	NA
ENSDART00000131909	ppapdc3	4	90.2	92.8	NA	NA	NA	NA	NA	NA	NA
ENSDART00000126219	ccdc6b	140	43.0	37.8	7.2	16.5	56.6	87.8	NA	NA	NA
ENSDART00000056405	magoh	605	69.7	68.9	25.4	42.2	91.2	115.2	151.81	780.67	2.36244600327
ENSDART00000126215	dap1b	16	22.5	16.7	7.3	11.2	30.5	42.1	NA	NA	NA
ENSDART00000074436	SLC16A5	1	30.4	30.4	NA	NA	NA	NA	NA	NA	NA
ENSDART00000123818	thop1	114	19.7	17.3	4.3	10.7	26.5	40.4	NA	NA	NA
ENSDART00000113929	rbm25	66	95.7	98.6	40.7	69.9	119.8	136.0	38.89	193.38	2.31396745435
ENSDART00000032481	ckma	3	17.4	6.7	NA	NA	NA	NA	NA	NA	NA
ENSDART00000044184	NOP14	433	20.8	16.0	4.3	9.4	26.7	42.4	45.26	9.52	-2.24920310596
ENSDART00000063944	tmem30ab	235	61.5	59.0	12.0	29.2	88.6	119.5	NA	NA	NA
ENSDART00000113923	PKN2	60	40.7	34.3	10.4	21.2	56.1	73.7	NA	NA	NA
ENSDART00000146234	apopt1	151	35.7	36.2	12.0	21.3	48.5	60.5	NA	NA	NA
ENSDART00000146237	fsta	1	20.2	20.2	NA	NA	NA	NA	NA	NA	NA
ENSDART00000113926	zgc:100918	235	22.1	17.5	5.7	11.8	27.8	41.4	34.01	51.25	0.591592998572
ENSDART00000036277	hdac4	17	35.8	30.9	4.1	21.7	48.7	60.6	NA	NA	NA
ENSDART00000113924	BX255895.1	1	14.8	14.8	NA	NA	NA	NA	NA	NA	NA
ENSDART00000082454	C19H1orf85	168	29.1	26.9	7.4	14.7	42.0	54.4	NA	NA	NA
ENSDART00000085335	zdhhc9	95	17.5	13.3	1.0	5.6	25.2	38.1	NA	NA	NA
ENSDART00000059400	C18H3orf33	11	25.4	18.4	6.4	9.5	38.1	47.3	NA	NA	NA
ENSDART00000082458	sarnp	328	65.9	65.2	17.2	43.4	90.3	110.5	198.92	464.64	1.22392502219
ENSDART00000059404	rab3ip	15	22.4	18.5	12.2	15.7	28.2	36.1	NA	NA	NA
ENSDART00000051526	jmjd7	72	23.7	21.7	9.0	12.4	30.4	41.5	NA	NA	NA
ENSDART00000041942	tspan2	38	42.3	41.2	16.2	21.5	61.7	71.9	NA	NA	NA
ENSDART00000002962	eef1da	93	28.1	23.5	7.3	11.9	40.7	56.2	127.96	4.81	-4.73351219335
ENSDART00000124065	ZNF407	36	17.5	16.1	1.4	10.9	21.2	31.4	8.5	6.49	-0.389244363026
ENSDART00000002961	rcor2	172	77.7	78.1	30.0	56.6	100.6	125.3	11.51	130.34	3.50132016148
ENSDART00000110967	kita	3	58.5	32.0	NA	NA	NA	NA	NA	NA	NA
ENSDART00000038301	gnpda2	271	50.5	43.1	13.0	23.3	71.7	98.1	NA	NA	NA
ENSDART00000093017	perp	12	47.7	37.8	6.4	17.4	65.7	106.7	NA	NA	NA
ENSDART00000151007	orc4	127	21.4	19.2	3.0	9.5	28.2	45.5	31.68	5.47	-2.53395959729
ENSDART00000134990	si:dkey-191j3.3	1	19.4	19.4	NA	NA	NA	NA	NA	NA	NA
ENSDART00000083857	CCNJ	47	28.0	19.9	-7.7	0.8	39.2	84.2	NA	NA	NA
ENSDART00000010190	POR	77	104.5	115.6	38.5	78.0	138.0	150.4	NA	NA	NA
ENSDART00000078746	ccdc157	19	26.4	25.2	9.0	14.7	36.5	47.4	NA	NA	NA
ENSDART00000034817	rbm28	92	37.2	31.3	11.6	19.1	50.4	62.0	59.29	17.05	-1.79801705748
ENSDART00000010199	fam219ab	2	9.6	9.6	NA	NA	NA	NA	NA	NA	NA
ENSDART00000036419	vrk2	31	41.7	43.4	12.2	21.8	55.2	65.9	NA	NA	NA
ENSDART00000013563	atf7a	35	27.4	22.4	7.5	15.3	39.0	57.1	NA	NA	NA
ENSDART00000100848	CYTH2	240	27.7	21.1	4.4	11.3	38.7	60.5	NA	NA	NA
ENSDART00000100849	cask	125	22.8	20.7	1.0	10.0	32.6	42.1	21.36	8.21	-1.37945751991
ENSDART00000066303	mrpl10	140	15.0	12.5	1.5	5.7	20.4	31.8	NA	NA	NA
ENSDART00000141373	si:rp71-36a1.1	2	18.8	18.8	NA	NA	NA	NA	NA	NA	NA
ENSDART00000066307	elac1	409	39.9	35.1	11.0	19.7	58.2	75.2	160.61	97.4	-0.72156804421
ENSDART00000028634	cherp	325	33.8	27.1	7.7	16.0	48.5	64.8	52.73	62.04	0.234574689656
ENSDART00000151853	btbd10a	106	30.9	24.1	8.2	15.3	43.7	60.6	13.7	11.6	-0.240051087833
ENSDART00000055170	cln3	160	32.3	29.0	10.0	17.2	42.7	63.2	NA	NA	NA
ENSDART00000111324	zgc:193807	13	39.8	38.7	15.8	23.6	51.3	62.2	NA	NA	NA
ENSDART00000043899	retsatl	1177	24.2	18.2	3.7	9.5	32.6	51.9	88.22	65.41	-0.431594545998
ENSDART00000014296	foxa2	3	13.1	14.1	NA	NA	NA	NA	NA	NA	NA
ENSDART00000055176	epn2	39	31.3	20.2	7.8	13.6	41.6	68.9	NA	NA	NA
ENSDART00000105644	uchl5	159	23.6	17.6	4.7	9.7	31.8	49.3	46.69	33.28	-0.488458155101
ENSDART00000024629	RAB31	2	55.8	55.8	NA	NA	NA	NA	NA	NA	NA
ENSDART00000141481	immp2l	55	43.9	38.9	10.2	20.2	56.3	83.3	28.02	51.49	0.877835314367
ENSDART00000048130	stard10	651	22.1	18.6	6.6	11.6	29.3	43.0	39.65	46.8	0.239187663879
ENSDART00000032880	rpa1	327	23.1	17.0	2.3	9.3	32.9	49.1	75.3	97.11	0.366970001371
ENSDART00000093277	ppm1h	42	18.2	15.2	4.4	8.3	22.1	33.3	NA	NA	NA
ENSDART00000051849	slc25a11	187	41.2	36.7	9.1	17.8	54.9	79.4	17.2	108.91	2.66265595682
ENSDART00000139922	tk1	22	18.7	13.2	3.5	8.0	25.9	37.6	NA	NA	NA
ENSDART00000009223	pdcd4b	46	24.7	19.1	-3.9	6.3	35.4	64.5	NA	NA	NA
ENSDART00000040542	ARHGEF12	134	20.6	17.8	2.3	8.8	28.2	42.2	18.74	3.89	-2.26827889267
ENSDART00000021985	ankdd1a	2	94.3	94.3	NA	NA	NA	NA	NA	NA	NA
ENSDART00000139924	golph3l	25	25.1	24.4	7.9	13.0	29.4	44.5	NA	NA	NA
ENSDART00000083271	agmat	13	52.0	38.4	15.6	19.6	63.3	109.1	NA	NA	NA
ENSDART00000109486	GPRC5B	5	18.6	21.4	NA	NA	NA	NA	NA	NA	NA
ENSDART00000139824	rasa1a	207	51.3	37.7	8.4	19.1	78.7	109.0	13.92	83.22	2.5797710772
ENSDART00000037027	fibpb	1	29.0	29.0	NA	NA	NA	NA	NA	NA	NA
ENSDART00000078119	ino80c	188	31.9	26.1	12.4	17.8	41.5	56.8	41.29	20.08	-1.04003314923
ENSDART00000045329	zgc:158387	264	35.8	28.2	9.2	17.1	46.7	71.4	34.9	150.54	2.10884793503
ENSDART00000130477	snai1a	22	36.4	32.2	5.3	10.9	52.2	84.2	21.84	309.95	3.82699074261
ENSDART00000013743	gorasp2	532	18.0	14.9	3.5	8.5	24.2	34.6	54.24	12.3	-2.14069886291
ENSDART00000037025	slc39a10	37	85.5	90.4	10.1	47.6	129.9	150.6	5.18	45.24	3.1265749263
ENSDART00000147063	abca4a	5	30.0	25.1	NA	NA	NA	NA	NA	NA	NA
ENSDART00000048871	desi1a	1	18.9	18.9	NA	NA	NA	NA	NA	NA	NA
ENSDART00000005732	ehd1a	45	49.1	35.7	11.0	18.3	79.2	105.5	9.98	58.67	2.55551127133
ENSDART00000005733	tma16	174	37.7	31.0	14.5	19.1	46.8	75.2	136.71	157.04	0.200013301522
ENSDART00000130478	MYOM2	16	38.5	25.3	14.4	16.0	55.3	78.6	NA	NA	NA
ENSDART00000021092	snx27b	141	29.8	21.7	4.3	10.4	40.0	65.6	36.65	32.58	-0.169826594496
ENSDART00000092277	fam134a	35	39.1	18.1	3.7	7.5	69.0	109.2	NA	NA	NA
ENSDART00000077958	capn2b	1	84.1	84.1	NA	NA	NA	NA	NA	NA	NA
ENSDART00000092274	rfx5	3	37.8	13.2	NA	NA	NA	NA	NA	NA	NA
ENSDART00000133676	si:dkey-91i10.2	4	28.1	31.9	NA	NA	NA	NA	NA	NA	NA
ENSDART00000101463	zgc:136739	7	33.7	26.4	NA	NA	NA	NA	NA	NA	NA
ENSDART00000101462	mrps18c	381	17.2	14.8	3.7	8.1	23.2	34.7	NA	NA	NA
ENSDART00000105614	dennd1b	17	40.4	29.5	0.0	22.2	62.7	73.1	NA	NA	NA
ENSDART00000141956	tyrobp	2	38.5	38.5	NA	NA	NA	NA	NA	NA	NA
ENSDART00000039145	inip	524	43.4	41.0	16.4	25.4	57.9	75.5	NA	NA	NA
ENSDART00000021672	epc2	471	29.9	23.7	7.8	14.9	40.7	60.0	62.8	33.16	-0.921320552283
ENSDART00000066445	NUDT13	1	73.9	73.9	NA	NA	NA	NA	NA	NA	NA
ENSDART00000109665	ppm1g	188	80.6	81.1	12.5	27.2	126.7	154.4	82.68	694.36	3.07007354696
ENSDART00000058460	utp11l	565	21.2	18.1	5.9	10.9	27.9	41.3	186.77	41.7	-2.16314345145
ENSDART00000025358	itgb3a	1	15.6	15.6	NA	NA	NA	NA	NA	NA	NA
ENSDART00000130696	myeov2	293	22.8	17.7	6.2	10.7	31.6	47.9	NA	NA	NA
ENSDART00000097574	ncor1	225	46.9	33.0	9.9	19.2	59.3	97.7	20.83	53.3	1.35547269361
ENSDART00000092053	chkb	140	29.6	22.7	6.2	10.6	43.7	62.8	NA	NA	NA
ENSDART00000092050	stab1	1	29.5	29.5	NA	NA	NA	NA	NA	NA	NA
ENSDART00000003240	map1lc3b	90	37.2	30.6	7.2	16.3	55.6	77.4	NA	NA	NA
ENSDART00000050445	trim2a	7	21.6	26.6	NA	NA	NA	NA	NA	NA	NA
ENSDART00000092058	chtf18	134	24.7	21.8	4.1	12.0	35.9	49.3	38.34	12.4	-1.62851021639
ENSDART00000112447	il13ra1	36	29.6	24.9	8.1	12.9	36.2	69.1	NA	NA	NA
ENSDART00000141575	lipin2	341	19.4	15.6	3.9	8.4	25.8	40.5	NA	NA	NA
ENSDART00000029727	atg5	226	26.1	24.1	4.8	13.9	35.1	49.9	NA	NA	NA
ENSDART00000086333	jarid2a	1	18.8	18.8	NA	NA	NA	NA	NA	NA	NA
ENSDART00000073957	slc35d1a	119	42.1	36.6	11.1	21.8	56.3	88.0	NA	NA	NA
ENSDART00000029720	nudt15	6	41.3	37.1	NA	NA	NA	NA	NA	NA	NA
ENSDART00000099089	ggcx	23	53.1	46.3	6.2	19.2	77.1	115.0	NA	NA	NA
ENSDART00000080777	mrpl28	505	30.1	26.2	8.9	16.2	41.5	55.6	132.3	60.35	-1.13238738552
ENSDART00000080771	SLC6A16	7	39.2	24.6	NA	NA	NA	NA	NA	NA	NA
ENSDART00000077707	LLPH	94	25.2	19.6	5.2	10.1	34.1	57.6	NA	NA	NA
ENSDART00000101070	dachd	15	25.3	16.7	8.2	15.4	36.2	53.4	NA	NA	NA
ENSDART00000080772	fstb	1	13.6	13.6	NA	NA	NA	NA	NA	NA	NA
ENSDART00000047719	cacna1ba	1	32.9	32.9	NA	NA	NA	NA	NA	NA	NA
ENSDART00000008663	adam10b	0	NA	NA	NA	NA	NA	NA	7.05	1.28	-2.46147944729
ENSDART00000047716	fermt3b	4	14.3	12.8	NA	NA	NA	NA	NA	NA	NA
ENSDART00000079255	utp3	129	42.0	36.8	14.1	26.2	56.0	68.2	91.71	53.05	-0.789726301806
ENSDART00000111189	gar1	574	29.3	22.0	6.3	12.1	38.5	64.2	120.41	93.87	-0.359219147879
ENSDART00000053187	stk35l	143	67.9	49.8	7.3	27.3	114.0	144.8	18.24	139.73	2.93746416569
ENSDART00000006429	hibadhb	53	38.2	28.4	8.8	17.0	63.4	72.7	NA	NA	NA
ENSDART00000111184	utp18	244	13.7	12.4	4.0	7.1	17.5	26.7	35.67	4.43	-3.00933261191
ENSDART00000091508	FAM83G	5	22.7	22.0	NA	NA	NA	NA	NA	NA	NA
ENSDART00000053184	CABZ01084569.1	2	11.4	11.4	NA	NA	NA	NA	NA	NA	NA
ENSDART00000114691	MCM8	121	27.3	25.5	8.3	17.5	36.1	48.1	NA	NA	NA
ENSDART00000138333	CABZ01032468.1	19	15.4	11.4	3.1	7.3	22.3	31.4	NA	NA	NA
ENSDART00000138334	ppp2r2a	359	37.2	29.5	9.2	17.6	51.6	73.9	30.58	115.5	1.91723253983
ENSDART00000044812	C12H17orf70	37	26.8	25.1	6.0	15.1	37.6	45.9	NA	NA	NA
ENSDART00000132830	stoml3b	14	20.1	21.4	6.2	10.2	28.1	33.8	NA	NA	NA
ENSDART00000017240	postna	56	21.7	19.6	4.5	9.9	27.2	39.8	NA	NA	NA
ENSDART00000017244	XKR6	3	31.5	15.9	NA	NA	NA	NA	NA	NA	NA
ENSDART00000132836	nxpe3	106	30.1	23.3	5.1	12.1	40.4	73.8	NA	NA	NA
ENSDART00000053183	tab1	101	26.4	23.2	4.6	11.4	35.2	55.2	13.7	22.34	0.705453292635
ENSDART00000062532	nhsl1b	24	25.2	22.4	5.8	12.7	36.6	49.0	NA	NA	NA
ENSDART00000127669	prox1b	13	43.9	40.5	6.7	9.8	67.4	82.5	NA	NA	NA
ENSDART00000112597	wu:fi27d05	61	40.9	32.7	6.7	15.2	55.4	79.5	NA	NA	NA
ENSDART00000062534	b3galt2	103	26.2	21.2	6.3	13.1	35.4	49.8	NA	NA	NA
ENSDART00000127662	CT573348.1	3	34.3	30.5	NA	NA	NA	NA	NA	NA	NA
ENSDART00000062539	pdcb	5	25.9	20.4	NA	NA	NA	NA	NA	NA	NA
ENSDART00000084664	AL929322.1	49	22.3	18.1	0.8	8.3	33.8	47.8	NA	NA	NA
ENSDART00000127666	poll	363	24.5	20.4	6.0	12.6	34.2	45.0	63.74	29.01	-1.13564872358
ENSDART00000034302	GRINA	185	15.0	13.2	2.7	8.2	19.7	28.2	NA	NA	NA
ENSDART00000022379	nr2f6a	17	26.8	22.9	10.3	17.0	26.2	49.0	NA	NA	NA
ENSDART00000136539	CENPT	102	28.3	25.7	5.9	11.7	40.9	57.7	71.22	59.55	-0.258180927612
ENSDART00000060971	dcun1d2	14	20.8	18.8	8.6	13.3	30.5	37.5	NA	NA	NA
ENSDART00000049831	dhrs11b	4	20.2	19.2	NA	NA	NA	NA	NA	NA	NA
ENSDART00000131126	bcl6a	7	20.4	22.2	NA	NA	NA	NA	NA	NA	NA
ENSDART00000022377	nkx2.5	1	18.6	18.6	NA	NA	NA	NA	NA	NA	NA
ENSDART00000008595	tra2a	488	36.0	28.3	5.2	12.1	55.0	78.6	77.48	315.83	2.0272523571
ENSDART00000008593	yipf5	433	39.3	33.5	8.9	16.8	51.3	70.7	31.25	210.06	2.74887337271
ENSDART00000016597	nfkbiab	418	20.6	17.8	5.5	11.1	26.0	40.2	48.57	5.01	-3.27718297783
ENSDART00000016592	mmgt1	360	77.1	78.6	13.9	31.4	114.8	141.0	53.61	289.96	2.43527985388
ENSDART00000076478	dhrs1	7	18.1	15.6	NA	NA	NA	NA	NA	NA	NA
ENSDART00000016591	fgf6a	14	11.4	12.2	2.9	3.8	17.8	22.2	NA	NA	NA
ENSDART00000113316	HEATR6	34	57.7	52.0	15.0	30.6	82.2	107.1	15.37	19.69	0.357345946211
ENSDART00000113310	CR628365.1	1	8.8	8.8	NA	NA	NA	NA	NA	NA	NA
ENSDART00000113311	COL9A1	7	31.8	22.7	NA	NA	NA	NA	NA	NA	NA
ENSDART00000114473	TRAFD1	39	33.4	29.0	9.4	16.6	46.2	55.9	NA	NA	NA
ENSDART00000025423	cstf3	140	58.9	43.0	13.1	22.7	80.1	144.9	62.0	450.64	2.86163525608
ENSDART00000023449	pygl	233	22.1	18.9	5.3	10.7	28.7	46.1	29.49	4.15	-2.82904258083
ENSDART00000057559	gak	11	30.8	33.2	-5.4	18.7	46.1	60.7	NA	NA	NA
ENSDART00000110364	tti2	44	36.5	35.0	17.3	22.5	46.8	59.1	NA	NA	NA
ENSDART00000110365	ADCY3	4	20.0	14.2	NA	NA	NA	NA	NA	NA	NA
ENSDART00000110366	zbtb22b	139	25.4	16.2	4.0	9.9	35.1	61.3	NA	NA	NA
ENSDART00000091159	adpgk2	47	59.8	59.7	2.0	28.2	94.5	110.9	NA	NA	NA
ENSDART00000080486	ywhag1	2	41.7	41.7	NA	NA	NA	NA	NA	NA	NA
ENSDART00000097194	serinc5	229	28.5	20.1	6.5	12.3	37.3	57.9	NA	NA	NA
ENSDART00000150039	kcnc2	8	10.4	4.0	NA	NA	NA	NA	NA	NA	NA
ENSDART00000131740	BX000999.5	2	22.9	22.9	NA	NA	NA	NA	NA	NA	NA
ENSDART00000150156	tap1	5	20.9	23.4	NA	NA	NA	NA	NA	NA	NA
ENSDART00000090107	nrd1	32	50.7	42.3	18.2	24.5	74.8	99.6	NA	NA	NA
ENSDART00000113547	CT867973.1	19	54.0	39.6	15.9	28.7	77.6	94.4	NA	NA	NA
ENSDART00000052104	fuca1	116	44.2	37.8	13.2	25.3	56.4	77.1	24.6	15.23	-0.691742373739
ENSDART00000080190	MEF2A	2	12.0	12.0	NA	NA	NA	NA	NA	NA	NA
ENSDART00000115259	si:ch1073-154c4.1	2	35.2	35.2	NA	NA	NA	NA	NA	NA	NA
ENSDART00000049434	scamp4	41	41.6	34.6	9.2	20.9	51.1	91.8	NA	NA	NA
ENSDART00000141767	ccdc77	223	55.4	50.7	14.5	27.4	78.1	104.2	33.18	91.02	1.45586970001
ENSDART00000141057	C13H6orf203	62	23.7	22.8	6.8	12.0	33.5	44.0	NA	NA	NA
ENSDART00000080196	CR925772.2	1	59.9	59.9	NA	NA	NA	NA	NA	NA	NA
ENSDART00000115253	qars	180	23.3	20.3	7.5	12.0	32.9	42.5	19.17	12.82	-0.580454075049
ENSDART00000115250	usp25	54	65.4	48.6	5.9	21.7	93.1	111.8	17.23	114.74	2.73537381643
ENSDART00000115255	MCF2L2	1	15.5	15.5	NA	NA	NA	NA	NA	NA	NA
ENSDART00000081346	BX897684.1	1	39.4	39.4	NA	NA	NA	NA	NA	NA	NA
ENSDART00000063953	zgc:65997	26	31.3	22.9	5.7	11.2	48.8	68.8	NA	NA	NA
ENSDART00000063950	psmc1b	163	21.5	19.3	5.8	12.9	28.1	39.0	29.78	5.37	-2.4713497606
ENSDART00000148792	GPR89B	77	15.7	10.5	2.8	5.9	21.0	32.9	NA	NA	NA
ENSDART00000063779	efhd1	39	100.5	108.2	15.8	53.9	147.3	178.6	16.29	129.09	2.98631873714
ENSDART00000063959	fam102aa	325	26.6	22.7	4.7	12.9	34.4	53.4	NA	NA	NA
ENSDART00000100214	nufip2	265	41.8	36.3	6.7	18.0	62.7	86.4	NA	NA	NA
ENSDART00000123519	ube2e1	55	71.1	68.8	12.6	26.8	100.3	128.6	69.89	342.76	2.29404080534
ENSDART00000140146	si:ch73-27e22.3	2	53.1	53.1	NA	NA	NA	NA	NA	NA	NA
ENSDART00000041192	lyrm2	30	13.5	11.8	6.1	8.0	14.5	29.7	NA	NA	NA
ENSDART00000098357	slc39a6	289	17.7	14.8	4.1	8.9	23.2	36.4	42.9	7.46	-2.52373011213
ENSDART00000081827	ect2	608	12.1	9.6	0.7	4.3	16.2	25.0	27.9	14.06	-0.988668527644
ENSDART00000098350	si:dkey-24l11.3	5	30.2	20.9	NA	NA	NA	NA	NA	NA	NA
ENSDART00000026989	hoxa13a	2	43.7	43.7	NA	NA	NA	NA	NA	NA	NA
ENSDART00000142016	ptrh2	98	30.2	27.3	11.4	17.3	39.4	53.7	45.96	91.75	0.997329359972
ENSDART00000038155	ccne2	5	22.4	22.2	NA	NA	NA	NA	NA	NA	NA
ENSDART00000110751	tiam1a	18	20.4	17.9	3.2	9.1	31.6	37.9	NA	NA	NA
ENSDART00000006021	usp20	87	55.5	52.3	14.1	26.5	83.9	97.6	NA	NA	NA
ENSDART00000007482	TSPYL1	168	38.0	29.3	8.1	17.5	49.7	82.0	28.53	76.43	1.42165928343
ENSDART00000098239	ftr83	3	17.7	13.4	NA	NA	NA	NA	NA	NA	NA
ENSDART00000007487	apip	30	17.3	14.0	1.6	6.3	22.4	34.5	NA	NA	NA
ENSDART00000040042	ldb3b	3	46.1	48.3	NA	NA	NA	NA	NA	NA	NA
ENSDART00000031141	polr3g	1	8.4	8.4	NA	NA	NA	NA	NA	NA	NA
ENSDART00000106329	zgc:173726	89	19.0	17.6	5.2	8.9	26.7	39.8	NA	NA	NA
ENSDART00000064748	NRBF2	6	21.8	20.7	NA	NA	NA	NA	NA	NA	NA
ENSDART00000027829	erc1b	11	40.6	31.0	3.2	16.9	76.0	86.5	NA	NA	NA
ENSDART00000080997	ZDHHC20	215	20.7	17.2	4.4	9.3	27.4	42.1	NA	NA	NA
ENSDART00000007237	nrcam	2	20.8	20.8	NA	NA	NA	NA	NA	NA	NA
ENSDART00000027850	slc35e1	374	40.1	33.5	12.8	21.2	53.5	76.5	NA	NA	NA
ENSDART00000134423	ponzr3	3	27.4	30.9	NA	NA	NA	NA	NA	NA	NA
ENSDART00000016628	fam129bb	53	80.0	71.2	4.5	26.7	130.5	166.9	NA	NA	NA
ENSDART00000130994	CABZ01102038.1	36	22.1	20.6	8.8	13.9	26.2	44.3	NA	NA	NA
ENSDART00000039871	clasp2	143	35.1	29.4	10.2	19.2	46.6	70.8	22.69	37.56	0.727140453981
ENSDART00000075286	slc2a15b	183	13.3	11.8	0.5	5.2	18.1	29.7	NA	NA	NA
ENSDART00000075281	zgc:113372	245	30.5	29.3	10.4	18.7	40.3	54.4	NA	NA	NA
ENSDART00000130990	CABZ01059415.1	1	11.7	11.7	NA	NA	NA	NA	NA	NA	NA
ENSDART00000025120	ndc1	291	43.0	35.0	10.4	19.1	59.1	89.6	27.43	163.2	2.57281453001
ENSDART00000075750	zgc:175135	590	14.8	11.7	2.5	6.4	18.3	29.5	NA	NA	NA
ENSDART00000075757	gtf2a2	793	20.1	16.3	3.6	9.7	25.3	39.4	216.93	72.52	-1.5807787519
ENSDART00000132168	znf410	14	10.5	10.1	2.4	4.4	16.4	20.4	NA	NA	NA
ENSDART00000026189	cog2	313	31.3	26.7	7.6	15.4	43.9	58.3	33.31	21.22	-0.65053069776
ENSDART00000132164	hira	169	20.6	16.9	4.6	9.1	28.1	45.7	27.5	15.73	-0.805912947884
ENSDART00000012903	wdr12	341	20.7	16.1	4.2	9.4	27.4	40.4	40.0	36.97	-0.113644956475
ENSDART00000147886	cd82b	249	71.4	64.6	6.3	21.1	119.1	144.8	NA	NA	NA
ENSDART00000125538	PBX1	4	35.9	29.0	NA	NA	NA	NA	NA	NA	NA
ENSDART00000147089	grik1a	184	29.4	26.7	9.9	16.7	40.4	52.8	NA	NA	NA
ENSDART00000122212	casp2	11	43.6	22.6	13.2	17.4	60.2	85.8	NA	NA	NA
ENSDART00000122747	tmem30aa	23	20.6	16.6	3.2	7.3	36.3	43.5	NA	NA	NA
ENSDART00000134695	si:ch73-18b11.1	89	106.4	111.1	25.4	66.4	148.3	171.9	NA	NA	NA
ENSDART00000040955	slc25a48	7	29.8	28.9	NA	NA	NA	NA	NA	NA	NA
ENSDART00000134690	eif2ak1	413	25.3	21.9	7.9	14.1	34.9	47.1	NA	NA	NA
ENSDART00000010052	ppifa	147	44.3	41.6	12.8	24.0	60.8	82.3	NA	NA	NA
ENSDART00000103748	gdpd3a	1	26.9	26.9	NA	NA	NA	NA	NA	NA	NA
ENSDART00000088358	znf704	9	28.4	28.7	NA	NA	NA	NA	NA	NA	NA
ENSDART00000066198	rab9a	194	21.5	17.7	4.0	9.5	28.0	43.2	71.72	9.69	-2.88780691745
ENSDART00000018503	sucla2	205	46.3	34.6	8.5	18.4	70.8	101.4	NA	NA	NA
ENSDART00000088578	si:dkey-13n15.2	38	25.3	19.8	8.5	13.6	34.0	48.9	NA	NA	NA
ENSDART00000057945	atpv0e1	316	20.8	16.9	5.1	10.0	27.9	41.4	NA	NA	NA
ENSDART00000103746	mapk3	444	26.5	21.0	5.1	11.1	38.9	54.5	36.87	45.42	0.300880289613
ENSDART00000146937	si:ch1073-412h12.1	144	26.4	22.9	9.9	13.7	33.2	48.4	NA	NA	NA
ENSDART00000128837	grin2da	3	37.4	38.6	NA	NA	NA	NA	NA	NA	NA
ENSDART00000135924	dhrs7b	45	21.6	20.2	4.3	8.5	28.0	36.6	NA	NA	NA
ENSDART00000018501	opn4.1	1	24.8	24.8	NA	NA	NA	NA	NA	NA	NA
ENSDART00000135921	tctn2	162	17.2	12.9	2.8	7.3	23.3	35.8	NA	NA	NA
ENSDART00000112204	TRAK2	45	54.2	43.1	15.3	25.7	78.8	97.3	NA	NA	NA
ENSDART00000152777	myo1c	69	32.6	26.4	6.8	17.3	42.2	64.8	NA	NA	NA
ENSDART00000055767	e4f1	156	28.4	26.2	7.6	14.7	39.2	53.2	20.86	33.58	0.686863072417
ENSDART00000025989	acvr2ab	99	43.6	38.3	8.6	17.2	63.0	83.9	NA	NA	NA
ENSDART00000014190	sec31b	107	33.6	26.9	5.4	12.2	44.6	65.2	20.12	48.99	1.28385698648
ENSDART00000127740	CTIF	7	73.1	69.7	NA	NA	NA	NA	27.71	19.75	-0.48855405753
ENSDART00000090548	CABZ01002626.1	3	25.5	22.2	NA	NA	NA	NA	NA	NA	NA
ENSDART00000037664	nnt	346	35.1	26.6	11.0	17.6	43.6	75.8	19.04	74.79	1.9738119049
ENSDART00000030811	cables2b	3	31.3	25.9	NA	NA	NA	NA	NA	NA	NA
ENSDART00000122735	USP43	9	41.4	34.5	NA	NA	NA	NA	NA	NA	NA
ENSDART00000147330	map3k19	2	80.4	80.4	NA	NA	NA	NA	NA	NA	NA
ENSDART00000081643	akirin2	599	69.1	66.8	20.5	39.0	97.5	121.3	45.68	481.22	3.39706204784
ENSDART00000132591	si:ch211-191i18.4	11	18.6	19.1	5.0	8.2	26.7	30.3	NA	NA	NA
ENSDART00000132590	si:dkey-25o1.7	2	68.0	68.0	NA	NA	NA	NA	NA	NA	NA
ENSDART00000050177	snx30	68	54.3	28.5	1.3	12.3	95.5	139.2	19.28	99.6	2.36904069073
ENSDART00000051474	barhl1a	2	32.3	32.3	NA	NA	NA	NA	NA	NA	NA
ENSDART00000067512	psma4	329	21.7	17.3	4.0	10.2	28.8	44.3	72.84	40.26	-0.855383750055
ENSDART00000083464	DENND4B	0	NA	NA	NA	NA	NA	NA	8.58	1.92	-2.15987133678
ENSDART00000042297	kdelc1	16	30.8	23.0	11.5	16.8	35.4	52.2	NA	NA	NA
ENSDART00000055711	CABZ01030889.1	1	18.9	18.9	NA	NA	NA	NA	NA	NA	NA
ENSDART00000036649	sfxn2	321	17.4	13.5	4.0	8.2	22.2	34.0	NA	NA	NA
ENSDART00000074083	si:ch73-131e21.5	198	28.4	16.8	3.4	9.0	31.6	67.0	41.99	65.4	0.63924484755
ENSDART00000074085	zp2.3	195	59.3	59.7	14.7	29.4	84.7	104.4	NA	NA	NA
ENSDART00000103566	CR933820.2	2	35.9	35.9	NA	NA	NA	NA	NA	NA	NA
ENSDART00000129337	C25H1orf51	9	29.2	21.5	NA	NA	NA	NA	NA	NA	NA
ENSDART00000082847	FAM78A	6	24.1	20.0	NA	NA	NA	NA	NA	NA	NA
ENSDART00000131924	fam222a	31	26.1	19.8	3.1	9.8	29.8	46.9	NA	NA	NA
ENSDART00000078283	tex10	162	17.1	13.6	2.4	7.4	24.1	34.9	25.6	8.51	-1.5889127732
ENSDART00000036646	dock4b	7	75.9	57.4	NA	NA	NA	NA	NA	NA	NA
ENSDART00000103293	ndufa5	147	11.8	9.2	-0.1	3.6	15.4	24.8	NA	NA	NA
ENSDART00000056896	dnajb4	3	12.3	12.7	NA	NA	NA	NA	NA	NA	NA
ENSDART00000045414	KCTD15	21	22.1	18.7	8.4	11.9	31.1	39.4	NA	NA	NA
ENSDART00000148974	keap1b	59	30.1	21.6	8.9	13.8	37.3	56.1	15.75	3.95	-1.99542727021
ENSDART00000139524	arl16	3	10.8	7.2	NA	NA	NA	NA	NA	NA	NA
ENSDART00000111403	ciz1b	54	14.3	11.5	2.0	4.9	22.0	29.7	NA	NA	NA
ENSDART00000081459	pdp2	95	26.0	21.4	6.9	11.9	33.1	52.3	NA	NA	NA
ENSDART00000122734	cebpd	2	23.7	23.7	NA	NA	NA	NA	NA	NA	NA
ENSDART00000059140	slc25a20	328	28.2	23.4	4.2	12.0	42.8	60.0	31.0	79.31	1.35523456772
ENSDART00000041577	kif7	33	45.3	38.8	14.1	24.2	55.5	87.1	25.05	22.76	-0.138310045776
ENSDART00000041578	stx12	250	23.6	20.5	5.6	11.5	32.9	46.9	NA	NA	NA
ENSDART00000014379	uqcrc2b	515	18.7	16.2	4.8	9.8	25.4	34.8	74.08	9.45	-2.97069786415
ENSDART00000059143	usp22	139	16.7	12.3	0.9	5.6	22.2	36.5	40.37	21.09	-0.936724491687
ENSDART00000101582	pcgf6	269	23.9	20.1	6.8	11.1	30.2	45.2	NA	NA	NA
ENSDART00000132216	si:dkey-7o6.3	7	39.4	35.1	NA	NA	NA	NA	NA	NA	NA
ENSDART00000101580	nicn1	11	22.9	15.0	-1.4	5.1	39.8	47.7	NA	NA	NA
ENSDART00000077280	mmp11a	1	49.9	49.9	NA	NA	NA	NA	NA	NA	NA
ENSDART00000098906	TENC1	2	92.4	92.4	NA	NA	NA	NA	NA	NA	NA
ENSDART00000098904	cpeb1b	63	68.2	39.5	5.4	13.5	128.5	155.2	NA	NA	NA
ENSDART00000080665	IKBIP	128	47.1	42.8	7.3	17.7	69.6	92.5	NA	NA	NA
ENSDART00000102929	casc5	229	15.2	11.9	3.1	6.3	20.8	31.9	17.82	3.34	-2.41557732905
ENSDART00000057613	il13ra2	629	28.5	21.9	5.0	11.5	38.0	55.6	NA	NA	NA
ENSDART00000013976	ppp1r13l	73	24.0	21.3	5.8	11.9	29.1	41.9	NA	NA	NA
ENSDART00000074883	ARHGAP23	3	72.0	76.2	NA	NA	NA	NA	NA	NA	NA
ENSDART00000143079	si:ch211-226h8.11	3	45.0	59.4	NA	NA	NA	NA	NA	NA	NA
ENSDART00000013972	AIM1L	3	30.2	29.8	NA	NA	NA	NA	NA	NA	NA
ENSDART00000113552	CABZ01023423.1	87	50.4	31.4	4.6	11.3	87.9	123.1	NA	NA	NA
ENSDART00000133178	pou3f3a	5	20.1	15.2	NA	NA	NA	NA	NA	NA	NA
ENSDART00000113551	trim2b	20	27.5	27.7	8.6	13.2	36.7	49.6	NA	NA	NA
ENSDART00000003957	tia1l	353	42.2	29.3	6.6	15.1	54.0	101.6	37.78	759.37	4.32910839751
ENSDART00000027329	fth1a	6923	22.2	20.2	8.1	13.6	28.4	38.1	553.0	12.2	-5.50232642756
ENSDART00000113558	SCCPDH	12	33.0	34.2	12.6	16.1	43.7	45.7	NA	NA	NA
ENSDART00000007997	acaa1	20	38.7	31.5	3.3	8.6	43.8	72.5	NA	NA	NA
ENSDART00000054209	CDKN2B	1	8.0	8.0	NA	NA	NA	NA	NA	NA	NA
ENSDART00000133174	SPTBN4	4	28.9	19.1	NA	NA	NA	NA	NA	NA	NA
ENSDART00000124370	CROCC	4	45.3	26.8	NA	NA	NA	NA	NA	NA	NA
ENSDART00000011822	slc10a2	1	50.5	50.5	NA	NA	NA	NA	NA	NA	NA
ENSDART00000124374	CABZ01007794.1	1	19.4	19.4	NA	NA	NA	NA	NA	NA	NA
ENSDART00000124378	CR382281.1	1	136.2	136.2	NA	NA	NA	NA	NA	NA	NA
ENSDART00000059619	fkbp14	88	37.2	35.4	16.2	23.2	47.8	64.9	NA	NA	NA
ENSDART00000062237	ankrd13c	87	83.4	77.9	15.1	26.9	135.0	154.2	NA	NA	NA
ENSDART00000127875	bmp1a	32	41.0	39.1	10.3	22.6	60.1	64.7	9.29	31.3	1.75241215544
ENSDART00000127871	scdb	2	21.8	21.8	NA	NA	NA	NA	NA	NA	NA
ENSDART00000077063	sec13	0	NA	NA	NA	NA	NA	NA	74.45	85.1	0.192887283104
ENSDART00000109872	cln6a	82	23.0	17.2	5.2	7.8	31.5	45.7	NA	NA	NA
ENSDART00000058695	hint1	166	25.3	23.7	3.3	10.7	35.6	49.0	54.93	40.06	-0.455431870706
ENSDART00000058877	rap2ab	1	32.8	32.8	NA	NA	NA	NA	NA	NA	NA
ENSDART00000077087	id3	66	18.8	14.1	1.4	7.5	25.1	42.6	NA	NA	NA
ENSDART00000129535	zgc:153738	9	31.1	23.0	NA	NA	NA	NA	NA	NA	NA
ENSDART00000033545	ndor1	92	26.2	22.6	7.5	14.2	36.2	48.4	NA	NA	NA
ENSDART00000054143	eef1g	1084	23.2	19.1	5.6	11.0	32.6	45.9	350.98	15.86	-4.46792414719
ENSDART00000129530	rps27a	1626	18.3	13.6	3.2	6.9	27.8	41.1	354.4	73.78	-2.26407690975
ENSDART00000129539	si:dkey-97a13.9	25	24.2	18.3	8.6	11.9	32.4	48.7	9.15	1.04	-3.13718821503
ENSDART00000129538	BPHL	216	37.7	17.5	2.8	7.2	59.7	112.3	15.99	68.26	2.09387047562
ENSDART00000077080	si:ch211-251p5.5	91	42.3	36.1	7.7	21.7	56.7	90.9	NA	NA	NA
ENSDART00000113123	CT573248.1	1	34.1	34.1	NA	NA	NA	NA	NA	NA	NA
ENSDART00000020054	opcml	2	16.3	16.3	NA	NA	NA	NA	NA	NA	NA
ENSDART00000113120	taf6l	590	24.9	20.5	5.5	11.7	34.4	50.6	NA	NA	NA
ENSDART00000035239	nek1	59	49.9	47.4	17.3	25.2	70.3	87.1	NA	NA	NA
ENSDART00000113168	C2CD4C	36	25.3	20.2	6.4	12.5	35.3	43.8	NA	NA	NA
ENSDART00000035235	UBB	1868	23.3	19.5	5.3	10.3	32.3	46.0	28.89	45.1	0.642557229578
ENSDART00000124215	TRIP10	182	35.7	33.1	10.8	17.6	47.0	64.2	NA	NA	NA
ENSDART00000102881	fam43b	1	18.3	18.3	NA	NA	NA	NA	NA	NA	NA
ENSDART00000110112	LAMTOR1	226	44.5	36.4	2.2	12.1	73.3	98.3	NA	NA	NA
ENSDART00000086696	arhgap5	21	55.1	18.4	6.3	10.4	80.0	138.8	5.67	12.68	1.1611341052
ENSDART00000131574	JTB	200	39.7	32.3	7.3	17.5	52.6	87.2	NA	NA	NA
ENSDART00000121648	arnt	44	20.8	13.6	1.8	8.7	28.2	44.2	6.27	45.06	2.84530996543
ENSDART00000143434	UBASH3B	43	52.4	38.6	13.9	21.9	80.7	110.9	NA	NA	NA
ENSDART00000137598	nadkb	334	28.8	24.2	6.9	12.0	40.2	58.8	NA	NA	NA
ENSDART00000143436	rpf1	657	29.8	27.9	8.2	16.8	40.8	52.7	324.65	44.15	-2.87839986638
ENSDART00000009411	bud31	908	78.4	79.0	28.2	50.8	106.2	126.2	139.52	566.7	2.02211325722
ENSDART00000143433	cbln12	17	20.5	19.1	5.8	9.0	27.6	39.4	NA	NA	NA
ENSDART00000009149	tmem57a	238	30.8	26.6	7.3	14.6	42.6	60.4	74.14	64.56	-0.199611536541
ENSDART00000140425	gad1a	1	18.1	18.1	NA	NA	NA	NA	NA	NA	NA
ENSDART00000017179	f9a	13	18.4	18.0	9.5	12.2	23.6	29.2	NA	NA	NA
ENSDART00000123634	NDUFB1	58	24.4	23.4	5.9	11.0	31.4	47.3	NA	NA	NA
ENSDART00000145658	snx7	175	17.8	14.8	1.9	7.4	23.3	35.7	NA	NA	NA
ENSDART00000087343	ptpn22	2	27.2	27.2	NA	NA	NA	NA	NA	NA	NA
ENSDART00000132648	nck1b	113	29.8	28.4	7.6	17.1	38.7	54.6	NA	NA	NA
ENSDART00000145656	med1	7	39.3	37.8	NA	NA	NA	NA	4.74	1.89	-1.32650082468
ENSDART00000145305	si:dkey-19a16.2	2	20.9	20.9	NA	NA	NA	NA	NA	NA	NA
ENSDART00000087610	arhgef12b	6	48.8	54.3	NA	NA	NA	NA	NA	NA	NA
ENSDART00000105227	CABZ01034848.1	56	48.3	26.8	4.1	8.6	65.3	150.0	32.88	52.53	0.675931285473
ENSDART00000052648	tmem144b	527	33.3	28.1	9.4	16.5	44.5	64.8	52.74	120.66	1.19397801116
ENSDART00000002778	dnajc5gb	46	26.3	22.0	7.8	12.7	32.6	49.0	NA	NA	NA
ENSDART00000076627	yipf6	244	20.9	18.4	4.1	9.6	29.5	40.9	NA	NA	NA
ENSDART00000061429	dlg1l	33	69.3	60.8	23.9	42.1	83.6	125.9	NA	NA	NA
ENSDART00000002770	tspan33	8	23.7	22.1	NA	NA	NA	NA	NA	NA	NA
ENSDART00000052645	tsr1	66	24.0	21.0	3.5	9.8	33.9	45.7	24.89	7.75	-1.68329801482
ENSDART00000085132	tbl1xr1b	83	54.4	46.4	11.3	20.6	82.4	105.9	41.99	183.56	2.12813401858
ENSDART00000017172	eftud2	224	41.3	36.5	8.2	16.7	59.1	85.6	26.98	64.86	1.26543867551
ENSDART00000075672	sra1	237	25.5	21.5	7.5	13.5	33.4	48.8	NA	NA	NA
ENSDART00000039865	sdhdb	437	22.2	19.2	5.6	10.1	29.9	41.4	NA	NA	NA
ENSDART00000062941	nthl1	11	27.6	30.7	9.5	15.9	35.1	42.8	NA	NA	NA
ENSDART00000020703	ints7	126	21.9	20.2	3.9	9.5	32.4	44.4	11.95	8.3	-0.525827376634
ENSDART00000128918	fgfbp1	12	9.6	8.8	2.6	4.7	12.3	16.8	NA	NA	NA
ENSDART00000049339	sox21a	10	9.6	10.4	2.3	7.9	13.3	16.0	NA	NA	NA
ENSDART00000030260	atp5h	741	9.4	7.5	0.0	3.2	12.4	19.2	66.1	4.04	-4.03222307364
ENSDART00000125291	ksr2	1	18.3	18.3	NA	NA	NA	NA	NA	NA	NA
ENSDART00000134335	akap10	276	13.3	10.1	1.6	5.4	17.3	28.0	NA	NA	NA
ENSDART00000128912	AL772300.3	83	37.9	26.9	10.1	15.4	52.5	65.9	43.36	98.93	1.19004332029
ENSDART00000085295	cul4b	413	24.2	18.2	6.9	11.5	28.3	48.6	41.31	51.28	0.311905201763
ENSDART00000125299	plk2a	6	22.7	10.1	NA	NA	NA	NA	NA	NA	NA
ENSDART00000017176	dkc1	526	28.1	20.8	4.1	10.3	37.3	61.3	383.57	117.61	-1.70547915476
ENSDART00000067048	klhdc10	347	50.7	44.1	9.5	21.9	71.2	103.8	NA	NA	NA
ENSDART00000063019	mibp2	1642	17.9	15.7	5.8	10.2	23.0	32.0	77.21	2.77	-4.8008298316
ENSDART00000109295	lrrn3	2	37.2	37.2	NA	NA	NA	NA	NA	NA	NA
ENSDART00000067040	si:dkey-180p18.9	195	22.8	19.2	5.6	12.5	31.1	42.6	NA	NA	NA
ENSDART00000100290	NAPB	7	25.3	19.3	NA	NA	NA	NA	NA	NA	NA
ENSDART00000139128	zgc:171679	14	35.1	26.5	15.3	18.6	30.9	51.3	NA	NA	NA
ENSDART00000135321	tial1	13	34.7	17.7	0.3	12.4	21.7	95.2	NA	NA	NA
ENSDART00000113679	dap3	188	28.9	23.3	5.7	12.0	42.2	59.1	50.98	20.83	-1.29126853398
ENSDART00000067046	cax1	481	17.6	12.9	1.6	6.8	21.9	35.9	32.07	20.81	-0.623947388706
ENSDART00000063010	mapre1a	285	39.5	23.4	5.9	11.9	49.2	113.6	121.3	458.85	1.91944305716
ENSDART00000099456	psenen	324	29.3	24.7	9.8	15.9	37.8	56.8	93.62	59.08	-0.664146938947
ENSDART00000052396	acn9	81	18.7	15.5	4.3	9.3	25.2	37.6	NA	NA	NA
ENSDART00000052397	PIAS1	4	44.0	40.4	NA	NA	NA	NA	NA	NA	NA
ENSDART00000019905	FNDC4	16	52.5	58.0	12.6	27.2	71.8	89.1	NA	NA	NA
ENSDART00000019907	unc119.1	222	44.5	26.9	10.0	16.5	65.1	107.4	NA	NA	NA
ENSDART00000012758	zgc:77112	93	17.3	15.4	0.9	6.2	23.8	34.9	NA	NA	NA
ENSDART00000012759	yipf3	120	27.4	21.7	5.2	12.7	37.9	54.9	10.91	22.61	1.05130989043
ENSDART00000007819	kdrl	2	19.6	19.6	NA	NA	NA	NA	NA	NA	NA
ENSDART00000017052	ncoa4	969	20.6	15.7	2.9	8.3	27.4	44.4	42.65	100.02	1.2296708635
ENSDART00000137672	setd2	142	74.9	76.8	16.9	44.3	104.4	126.4	16.37	80.02	2.28930630687
ENSDART00000060628	chmp7	556	36.7	30.0	8.5	15.7	52.8	75.3	NA	NA	NA
ENSDART00000043220	nkiras1	35	30.9	28.2	8.2	13.4	34.8	61.5	NA	NA	NA
ENSDART00000043555	myl12.2	666	16.5	13.2	1.9	6.6	22.7	37.9	119.6	15.9	-2.91111871891
ENSDART00000037891	dpp7	6	30.7	28.9	NA	NA	NA	NA	NA	NA	NA
ENSDART00000044162	aclya	330	30.7	24.0	7.5	12.4	40.6	67.6	30.55	32.85	0.104720990504
ENSDART00000113248	B3GALT1	13	25.5	24.5	12.7	19.8	35.5	42.2	NA	NA	NA
ENSDART00000080696	cep72	13	19.2	16.7	11.6	12.4	24.2	29.8	NA	NA	NA
ENSDART00000144306	scp2b	94	12.6	11.2	1.8	6.0	15.5	23.9	NA	NA	NA
ENSDART00000080347	dync2i1	33	25.7	25.0	6.5	18.3	33.9	47.3	NA	NA	NA
ENSDART00000029067	hbp1	17	38.6	35.5	9.6	23.5	51.4	65.7	NA	NA	NA
ENSDART00000109126	ALMS1	210	26.6	21.4	7.2	14.7	34.7	52.8	14.44	11.7	-0.303562212416
ENSDART00000099741	si:dkey-98f17.5	2	26.7	26.7	NA	NA	NA	NA	NA	NA	NA
ENSDART00000148894	si:ch73-303g23.4	3	13.4	14.8	NA	NA	NA	NA	NA	NA	NA
ENSDART00000099744	si:dkey-61p9.7	6	25.4	16.6	NA	NA	NA	NA	NA	NA	NA
ENSDART00000045682	rrp36	391	21.0	18.2	6.0	10.9	28.7	38.0	152.52	17.47	-3.12604692281
ENSDART00000127048	rdh14a	163	19.2	16.5	2.9	10.4	26.3	36.9	NA	NA	NA
ENSDART00000115408	thoc2	127	107.2	119.5	19.5	66.2	152.7	168.6	74.98	227.37	1.60046418177
ENSDART00000129471	gucy1b3	2	35.5	35.5	NA	NA	NA	NA	NA	NA	NA
ENSDART00000085824	pex11a	149	25.4	20.8	5.4	10.7	32.3	48.4	NA	NA	NA
ENSDART00000104744	dytn	11	31.5	20.6	10.2	14.7	33.5	64.4	NA	NA	NA
ENSDART00000145876	epsti1	1	24.1	24.1	NA	NA	NA	NA	NA	NA	NA
ENSDART00000145874	wu:fj05h12	30	24.0	16.1	2.4	5.1	37.2	55.9	NA	NA	NA
ENSDART00000111315	JAKMIP1	1	4.0	4.0	NA	NA	NA	NA	NA	NA	NA
ENSDART00000111797	ACER2	15	27.0	22.9	5.2	11.9	47.5	51.1	NA	NA	NA
ENSDART00000114563	tmem129	6	23.0	23.1	NA	NA	NA	NA	NA	NA	NA
ENSDART00000023838	zgc:91985	159	16.7	13.9	4.3	8.8	23.5	32.1	NA	NA	NA
ENSDART00000114313	bub1ba	179	23.4	20.6	6.3	11.9	32.1	46.2	38.17	8.26	-2.2082254998
ENSDART00000114316	sptlc2b	127	19.6	17.9	6.0	11.3	24.5	36.7	NA	NA	NA
ENSDART00000023831	cry5	61	47.1	36.6	9.7	19.8	71.4	101.2	8.69	53.03	2.60938066633
ENSDART00000026666	atg4a	13	41.5	30.1	5.9	25.5	58.7	88.1	10.35	4.81	-1.10552196862
ENSDART00000023833	eif2s3	698	19.4	16.0	3.9	8.9	26.3	39.8	120.88	38.75	-1.64130735012
ENSDART00000148308	cdc42ep4a	45	31.3	26.3	1.0	14.4	40.8	67.0	NA	NA	NA
ENSDART00000152964	calcoco2	1	44.3	44.3	NA	NA	NA	NA	NA	NA	NA
ENSDART00000026846	pin4	162	18.4	15.8	2.1	7.5	25.8	37.2	44.75	14.76	-1.60019496098
ENSDART00000124963	pkig	250	18.1	15.1	3.6	9.2	22.9	32.9	NA	NA	NA
ENSDART00000060898	MRPS28	273	16.7	15.1	3.4	8.3	22.6	33.1	74.09	25.63	-1.53144535508
ENSDART00000128743	tmem214	253	34.5	28.0	10.4	17.9	43.3	68.6	33.47	60.35	0.850485219956
ENSDART00000034124	rab5aa	197	29.9	25.6	7.8	16.2	38.9	55.3	NA	NA	NA
ENSDART00000031441	sema3fb	1	34.8	34.8	NA	NA	NA	NA	NA	NA	NA
ENSDART00000080522	plp1a	27	25.6	24.7	9.7	14.5	34.7	40.6	NA	NA	NA
ENSDART00000141486	ppp4r4	6	30.1	26.4	NA	NA	NA	NA	NA	NA	NA
ENSDART00000006676	phyhipla	1	22.8	22.8	NA	NA	NA	NA	NA	NA	NA
ENSDART00000078114	timm8b	697	18.8	16.0	5.8	10.6	24.4	34.2	NA	NA	NA
ENSDART00000078115	sdhda	1	8.9	8.9	NA	NA	NA	NA	NA	NA	NA
ENSDART00000039146	TMEM218	8	16.8	10.9	NA	NA	NA	NA	NA	NA	NA
ENSDART00000006673	mvk	86	19.5	17.1	4.2	9.8	26.6	36.7	NA	NA	NA
ENSDART00000006671	ilf3b	216	127.5	143.2	21.6	105.6	164.0	187.0	21.65	303.99	3.81158493575
ENSDART00000011229	sub1b	301	114.3	132.1	16.6	59.0	158.6	180.7	158.93	486.44	1.61387038969
ENSDART00000133957	si:dkey-93n13.1	9	27.6	26.2	NA	NA	NA	NA	NA	NA	NA
ENSDART00000132045	pgap1	64	32.7	26.3	5.7	14.2	45.1	65.0	NA	NA	NA
ENSDART00000016901	pard6b	1	27.6	27.6	NA	NA	NA	NA	NA	NA	NA
ENSDART00000099338	actr10	387	23.0	19.7	6.0	12.1	31.6	43.0	11.12	20.24	0.864052501971
ENSDART00000028008	itm2ba	72	47.4	41.1	8.3	20.3	68.1	100.4	27.79	79.95	1.52453219917
ENSDART00000133959	clock3	26	22.2	20.6	-3.9	7.4	26.7	45.0	NA	NA	NA
ENSDART00000108987	BX247898.1	2	4.8	4.8	NA	NA	NA	NA	NA	NA	NA
ENSDART00000143367	si:dkeyp-98a7.9	555	17.9	14.7	4.1	8.9	23.1	33.5	NA	NA	NA
ENSDART00000108983	hmgb1b	65	120.6	133.7	23.7	95.6	159.6	174.4	32.97	201.19	2.60933280672
ENSDART00000148160	crip1	196	28.7	24.2	4.4	11.8	38.5	58.1	NA	NA	NA
ENSDART00000037474	zgpat	37	27.3	24.2	9.2	16.8	37.9	46.9	17.21	3.61	-2.25317635515
ENSDART00000085252	pqlc3	21	19.6	15.1	7.1	10.1	23.5	41.2	NA	NA	NA
ENSDART00000014188	ube2na	737	40.7	29.3	7.2	14.2	55.7	91.9	116.25	274.85	1.24141376316
ENSDART00000023584	TLN2	29	65.1	73.9	16.0	32.9	94.4	109.7	2.97	5.96	1.00484939966
ENSDART00000081343	plk1	2292	29.7	24.3	6.0	12.3	41.8	60.0	326.55	214.29	-0.607739381084
ENSDART00000113493	tmem14c	241	12.8	11.5	0.9	5.5	17.4	26.5	NA	NA	NA
ENSDART00000081341	mapk13	4	34.6	28.4	NA	NA	NA	NA	NA	NA	NA
ENSDART00000122513	rfc2	264	15.5	12.4	-0.1	5.7	20.8	33.5	64.79	31.6	-1.0358465994
ENSDART00000082475	nr1d4b	2	8.1	8.1	NA	NA	NA	NA	NA	NA	NA
ENSDART00000127594	atrx	51	74.5	65.0	23.6	40.5	107.8	144.0	26.87	42.92	0.675653754743
ENSDART00000127597	zic1	9	61.9	38.7	NA	NA	NA	NA	NA	NA	NA
ENSDART00000039498	taf8	125	24.6	21.3	6.4	11.9	32.2	49.7	NA	NA	NA
ENSDART00000138099	tmem167a	189	18.4	14.9	2.7	8.7	23.6	38.9	NA	NA	NA
ENSDART00000039495	pdcd5	371	34.3	31.6	7.1	15.6	47.7	66.2	99.01	173.38	0.808291338433
ENSDART00000039490	rbm34	103	20.6	18.8	6.0	11.0	27.3	37.7	40.76	4.37	-3.22144886667
ENSDART00000018502	mapk12a	2	53.4	53.4	NA	NA	NA	NA	NA	NA	NA
ENSDART00000060098	GEMIN7	238	21.0	15.7	0.9	7.7	28.0	52.0	NA	NA	NA
ENSDART00000018500	hif1ab	296	47.8	44.5	13.6	24.7	64.7	85.8	14.74	87.32	2.5665756059
ENSDART00000123601	dda1	147	33.1	22.4	8.3	13.6	45.3	70.5	NA	NA	NA
ENSDART00000112257	SENP6	167	18.9	14.6	3.3	7.2	26.9	43.8	NA	NA	NA
ENSDART00000126234	zp3.2	628	16.1	14.0	5.1	9.2	20.8	28.9	100.23	8.15	-3.62037051894
ENSDART00000126233	TBC1D24	151	36.1	27.4	7.1	12.8	47.3	77.3	NA	NA	NA
ENSDART00000082472	hoxc3a	4	16.6	14.4	NA	NA	NA	NA	NA	NA	NA
ENSDART00000126231	zgc:162320	3	14.2	11.5	NA	NA	NA	NA	NA	NA	NA
ENSDART00000123606	ndufaf3	153	18.9	15.1	5.0	8.8	24.1	36.9	36.32	2.84	-3.67680136779
ENSDART00000123609	clec16a	7	21.9	21.0	NA	NA	NA	NA	NA	NA	NA
ENSDART00000078563	neurog1	18	16.6	12.2	1.1	3.8	26.4	31.4	NA	NA	NA
ENSDART00000126239	si:ch211-161h7.4	73	37.2	36.6	8.9	19.5	47.7	69.4	35.72	37.65	0.0759177844381
ENSDART00000035965	fut9	192	27.1	25.8	5.6	13.7	36.6	49.3	22.16	7.31	-1.6000145701
ENSDART00000082690	tpcn2	82	42.3	34.1	11.6	19.2	57.3	84.7	NA	NA	NA
ENSDART00000124587	fam78a	1	120.6	120.6	NA	NA	NA	NA	NA	NA	NA
ENSDART00000082693	tefm	35	25.3	19.8	7.8	13.8	31.3	52.0	NA	NA	NA
ENSDART00000090059	mtus2	6	28.9	28.0	NA	NA	NA	NA	NA	NA	NA
ENSDART00000145028	IKZF4	8	28.0	22.2	NA	NA	NA	NA	NA	NA	NA
ENSDART00000019270	nae1	116	15.0	12.1	2.7	7.4	21.7	30.0	NA	NA	NA
ENSDART00000145958	si:dkey-256i11.2	1	11.6	11.6	NA	NA	NA	NA	NA	NA	NA
ENSDART00000105432	mef2bnb	106	19.2	17.0	4.2	9.0	28.1	35.6	NA	NA	NA
ENSDART00000061141	cep85l	125	18.9	14.1	2.2	6.2	28.6	44.0	NA	NA	NA
ENSDART00000145514	anxa1b	8	27.6	21.8	NA	NA	NA	NA	NA	NA	NA
ENSDART00000100156	agpat4	35	32.1	25.2	6.5	13.0	48.6	67.8	NA	NA	NA
ENSDART00000061144	arpc5la	107	28.0	18.8	6.1	11.8	34.6	63.7	26.4	4.63	-2.51145383099
ENSDART00000147439	atp6v0b	289	14.6	12.8	3.0	7.1	20.1	28.8	NA	NA	NA
ENSDART00000061149	zgc:55461	1985	14.4	11.7	2.1	6.2	19.1	30.0	97.69	66.04	-0.564870768567
ENSDART00000084448	psmd11a	229	36.6	31.7	8.0	18.3	52.3	74.2	96.85	150.46	0.635556041537
ENSDART00000103531	dachb	7	29.5	29.7	NA	NA	NA	NA	NA	NA	NA
ENSDART00000034788	zgc:113348	54	16.2	12.1	3.7	7.9	19.5	39.0	NA	NA	NA
ENSDART00000127043	yth2	235	42.6	37.9	16.7	27.7	55.4	72.0	44.5	80.65	0.857869197302
ENSDART00000014536	rnls	37	18.7	17.3	2.2	6.9	23.8	41.5	NA	NA	NA
ENSDART00000034784	adcyap1b	3	15.9	16.4	NA	NA	NA	NA	NA	NA	NA
ENSDART00000097755	jund	12	40.2	31.5	2.5	13.1	77.4	83.5	NA	NA	NA
ENSDART00000060633	kansl3	150	40.3	36.1	9.9	18.2	55.8	75.5	23.37	38.06	0.703617827491
ENSDART00000113949	CABZ01075938.1	136	71.7	58.8	16.4	31.4	115.3	143.9	61.2	206.87	1.75712088471
ENSDART00000060635	dctn3	203	25.1	18.9	5.0	10.0	32.9	51.0	NA	NA	NA
ENSDART00000129778	CABZ01032454.1	19	21.6	15.2	6.5	11.2	34.2	40.7	NA	NA	NA
ENSDART00000061853	ap4s1	25	12.3	11.5	3.0	7.7	14.5	21.4	NA	NA	NA
ENSDART00000036783	cryzl1	28	34.3	33.8	11.0	22.0	47.0	53.6	NA	NA	NA
ENSDART00000082474	LAMB3	1	38.6	38.6	NA	NA	NA	NA	NA	NA	NA
ENSDART00000125712	dnajb9a	1	18.6	18.6	NA	NA	NA	NA	NA	NA	NA
ENSDART00000113497	setd5	56	37.0	28.4	6.5	14.0	54.5	72.0	17.08	41.24	1.27173635775
ENSDART00000082471	mfap2	12	30.6	29.7	14.5	23.9	41.1	44.3	NA	NA	NA
ENSDART00000111894	si:ch73-138n13.1	74	51.5	40.5	9.2	20.1	71.6	117.9	22.31	19.68	-0.180960292905
ENSDART00000113498	lrrcc1	71	43.3	32.7	15.7	25.8	54.1	72.3	46.04	45.96	-0.00250903548612
ENSDART00000111891	ESCO1	313	21.3	16.9	4.1	9.5	29.5	46.5	19.75	27.01	0.451640986557
ENSDART00000085319	sos2	145	27.3	20.5	1.4	9.2	39.9	62.1	17.51	10.18	-0.782441522358
ENSDART00000065373	eef1b2	2126	23.7	20.2	4.8	10.9	34.3	47.8	689.55	18.97	-5.18386358301
ENSDART00000061328	rbm39b	97	54.2	44.1	9.8	24.7	77.8	110.0	13.88	186.08	3.74484352889
ENSDART00000093074	wbscr22	321	23.8	20.5	8.6	13.6	29.1	42.7	43.96	15.04	-1.54738681927
ENSDART00000148245	fam101b	419	35.0	30.2	9.1	18.1	45.8	64.7	NA	NA	NA
ENSDART00000130884	mcu	212	22.5	18.1	3.7	10.6	30.5	42.7	NA	NA	NA
ENSDART00000145738	adob	188	22.7	17.8	2.4	7.9	31.7	45.8	NA	NA	NA
ENSDART00000099040	nr1d2a	4	12.9	11.8	NA	NA	NA	NA	NA	NA	NA
ENSDART00000051542	ccdc47	103	82.9	80.7	28.0	41.4	116.6	139.9	21.67	96.55	2.15557710574
ENSDART00000010311	ndufa10	135	18.1	17.0	3.6	8.5	24.8	34.7	23.24	6.41	-1.85821380679
ENSDART00000015765	cdc20	1226	49.8	39.6	13.0	22.5	66.8	104.8	141.01	1127.36	2.99907890215
ENSDART00000100075	TMEM184B	240	60.0	52.8	14.3	26.7	89.5	120.3	19.44	88.33	2.18387529255
ENSDART00000066677	si:ch211-140b10.6	577	25.8	23.1	7.1	13.6	35.6	48.8	NA	NA	NA
ENSDART00000033152	rab35	1600	24.4	18.6	5.8	11.0	31.6	53.2	237.07	55.9	-2.08439292049
ENSDART00000026907	her11	5	13.5	13.6	NA	NA	NA	NA	NA	NA	NA
ENSDART00000104252	eaf1	8	35.2	20.0	NA	NA	NA	NA	30.76	112.91	1.87604585725
ENSDART00000081718	slc9a2	6	22.4	20.4	NA	NA	NA	NA	6.67	2.48	-1.4273466408
ENSDART00000059420	lcp2a	1	64.2	64.2	NA	NA	NA	NA	NA	NA	NA
ENSDART00000041960	ywhaz	243	50.1	31.3	8.6	15.2	80.2	120.8	60.47	321.53	2.41066186879
ENSDART00000055157	UNCX	11	13.6	11.2	1.6	6.5	15.3	22.7	NA	NA	NA
ENSDART00000139241	RNF38	291	28.6	22.1	5.0	12.3	38.1	56.2	32.01	46.34	0.533735367319
ENSDART00000089078	acacb	17	41.6	28.3	12.8	17.9	31.7	91.4	2.68	4.56	0.766800823707
ENSDART00000018840	msh6	125	66.7	70.0	22.0	42.2	90.2	112.6	17.02	65.73	1.94932094803
ENSDART00000080631	leprel2	10	17.7	14.4	9.1	10.6	21.6	26.1	NA	NA	NA
ENSDART00000139944	si:dkeyp-12a9.5	5	38.8	47.1	NA	NA	NA	NA	NA	NA	NA
ENSDART00000093291	MON2	91	29.4	24.9	7.0	14.9	36.9	59.0	10.6	10.2	-0.0554951125917
ENSDART00000150034	pias4b	309	30.7	26.4	7.3	15.3	41.1	59.3	NA	NA	NA
ENSDART00000074430	metrnl	51	34.6	23.7	1.3	9.0	42.2	95.1	49.93	122.5	1.29480293745
ENSDART00000131616	atp5f1	476	14.0	11.2	2.2	5.9	18.8	29.5	89.9	7.89	-3.51022391039
ENSDART00000131061	BX323793.2	1	49.5	49.5	NA	NA	NA	NA	NA	NA	NA
ENSDART00000109460	nol7	1105	24.7	21.0	5.9	12.6	33.8	49.1	154.35	134.8	-0.195384986433
ENSDART00000057422	pacsin1a	1	22.8	22.8	NA	NA	NA	NA	NA	NA	NA
ENSDART00000034875	sdf2	194	33.5	27.5	7.4	15.6	47.4	62.9	NA	NA	NA
ENSDART00000130328	CR925817.3	1	37.5	37.5	NA	NA	NA	NA	NA	NA	NA
ENSDART00000130329	lctlb	1	27.1	27.1	NA	NA	NA	NA	NA	NA	NA
ENSDART00000008959	nelfcd	98	36.3	28.7	12.2	20.9	50.3	71.9	23.11	63.32	1.45414399567
ENSDART00000048859	ascc2	130	27.0	23.3	5.3	12.0	38.3	54.2	NA	NA	NA
ENSDART00000073734	fam96b	146	26.7	22.2	5.3	13.8	40.4	51.2	NA	NA	NA
ENSDART00000048855	MTUS1	190	46.0	38.0	10.3	21.8	68.4	90.1	6.52	16.84	1.36894826884
ENSDART00000130453	ahcyl2	283	34.9	30.9	8.8	17.0	47.4	68.5	24.04	90.41	1.91104545792
ENSDART00000048853	ube2d1a	256	21.4	19.1	3.8	9.1	30.6	44.2	53.75	114.64	1.0927738549
ENSDART00000092214	bmp7b	7	14.5	11.8	NA	NA	NA	NA	NA	NA	NA
ENSDART00000092217	ttc13	113	39.7	33.6	9.4	19.8	53.6	78.7	19.53	99.25	2.34537515303
ENSDART00000063662	mdh2	1198	18.3	14.8	2.9	7.9	25.6	37.9	133.84	19.88	-2.75111968848
ENSDART00000151878	rab3gap2	95	40.5	32.4	7.3	14.3	58.8	87.3	19.84	26.6	0.423014220002
ENSDART00000132789	secisbp2	87	36.2	22.2	6.6	16.1	48.0	81.5	NA	NA	NA
ENSDART00000149957	bcas3	24	51.8	45.7	20.2	31.3	63.9	88.8	NA	NA	NA
ENSDART00000141975	zgc:66483	577	43.5	41.2	12.7	24.3	61.1	77.2	NA	NA	NA
ENSDART00000132785	knop1	10	22.6	23.3	9.5	12.2	27.7	36.7	32.01	3.76	-3.08971810987
ENSDART00000077493	TST	59	37.1	28.8	10.7	15.1	53.8	79.3	NA	NA	NA
ENSDART00000039966	nt5c1bb	1	24.0	24.0	NA	NA	NA	NA	NA	NA	NA
ENSDART00000110393	si:dkeyp-104h9.5	93	24.0	20.9	6.2	11.0	34.8	45.9	NA	NA	NA
ENSDART00000077495	polr2a	242	76.3	78.9	18.0	41.1	109.2	128.4	17.01	148.84	3.12930724946
ENSDART00000112119	bhlha15	2	13.2	13.2	NA	NA	NA	NA	NA	NA	NA
ENSDART00000109601	BX085195.1	24	62.2	39.8	15.6	17.9	100.9	120.6	23.84	22.22	-0.101525419073
ENSDART00000125358	rnf175	103	22.4	17.6	8.8	13.2	27.0	46.1	NA	NA	NA
ENSDART00000128943	NRBP2	15	23.5	18.9	-1.8	10.7	32.5	57.0	NA	NA	NA
ENSDART00000114330	pdzrn3b	32	30.0	27.3	7.3	11.6	42.5	60.2	NA	NA	NA
ENSDART00000042162	tm7sf2	13	35.6	28.7	13.8	15.3	48.0	61.1	NA	NA	NA
ENSDART00000151729	elmo1	1	9.0	9.0	NA	NA	NA	NA	6.64	54.45	3.03567690226
ENSDART00000091742	btbd11b	1	28.9	28.9	NA	NA	NA	NA	NA	NA	NA
ENSDART00000121503	cplx3b	1	28.5	28.5	NA	NA	NA	NA	NA	NA	NA
ENSDART00000028217	srsf3a	79	47.0	35.4	11.7	26.3	46.9	97.7	78.51	283.75	1.85367206218
ENSDART00000103601	agbl5	94	34.6	29.5	7.9	16.1	44.7	70.0	11.65	7.39	-0.656683685395
ENSDART00000058484	cnn3b	443	54.8	49.2	13.9	27.5	75.9	107.2	46.08	439.58	3.25391312618
ENSDART00000058485	rai14	139	30.3	22.7	4.2	11.4	44.2	67.0	NA	NA	NA
ENSDART00000133789	ano10b	14	43.7	35.9	5.5	30.0	74.1	77.5	NA	NA	NA
ENSDART00000140995	mfsd2b	1	19.7	19.7	NA	NA	NA	NA	NA	NA	NA
ENSDART00000002568	ENGASE	11	29.4	16.6	9.9	14.9	41.0	66.2	NA	NA	NA
ENSDART00000086813	AGAP2	1	10.5	10.5	NA	NA	NA	NA	NA	NA	NA
ENSDART00000142112	VMA21	221	60.5	52.7	9.2	22.2	94.8	126.3	NA	NA	NA
ENSDART00000089923	znf652	77	41.4	31.0	11.3	15.6	58.7	91.1	NA	NA	NA
ENSDART00000062874	atp1b3b	468	42.2	37.4	10.6	20.8	58.3	76.1	71.3	219.58	1.62277267359
ENSDART00000086753	dapk2	7	27.3	24.8	NA	NA	NA	NA	NA	NA	NA
ENSDART00000143644	zgc:91811	205	13.0	11.5	2.8	6.7	17.3	25.8	NA	NA	NA
ENSDART00000023796	dcxr	37	86.2	80.7	35.4	56.1	98.3	131.6	NA	NA	NA
ENSDART00000073936	ACVR1B	110	54.9	35.7	-1.5	13.6	93.7	138.6	16.46	125.85	2.93466897563
ENSDART00000144849	CU467646.3	4	75.8	72.4	NA	NA	NA	NA	NA	NA	NA
ENSDART00000053702	ripply3	24	29.2	23.4	10.7	14.9	43.2	52.2	NA	NA	NA
ENSDART00000009698	esrp2	43	109.6	115.9	26.1	71.3	154.3	175.6	5.83	123.25	4.40194795295
ENSDART00000101051	zgc:158856	2902	22.6	17.5	4.5	9.7	30.0	48.2	NA	NA	NA
ENSDART00000101053	tp53i11a	38	41.4	41.2	12.3	20.2	59.6	71.4	NA	NA	NA
ENSDART00000131324	pygo2	207	34.1	25.4	6.9	14.7	44.8	76.6	20.96	58.89	1.49038395665
ENSDART00000003164	ppp1r8	15	23.5	23.8	7.7	14.1	28.4	31.7	NA	NA	NA
ENSDART00000003167	ak2	445	17.0	13.7	2.1	7.1	24.3	38.3	59.44	9.04	-2.71703943812
ENSDART00000008606	mettl8	34	25.2	25.1	8.0	14.4	34.9	43.3	NA	NA	NA
ENSDART00000038487	puf60b	328	33.8	29.0	10.0	17.3	45.9	63.5	82.38	156.47	0.925520044369
ENSDART00000067188	dclre1c	9	33.9	26.4	NA	NA	NA	NA	NA	NA	NA
ENSDART00000006443	gtf2a1	370	110.7	120.8	19.5	70.7	151.2	171.9	75.53	878.05	3.53918140346
ENSDART00000079591	dpm1	143	38.7	31.3	7.9	14.7	53.7	81.0	NA	NA	NA
ENSDART00000009609	eif5a	1081	33.2	29.3	9.5	17.4	44.2	62.8	65.0	195.3	1.58718032597
ENSDART00000091560	tldc1	74	28.7	27.9	9.2	17.4	38.1	47.0	NA	NA	NA
ENSDART00000138318	AGO1	25	63.0	68.1	9.5	14.0	94.0	122.4	NA	NA	NA
ENSDART00000048144	rbb4	1167	23.2	14.7	2.5	7.2	30.9	54.2	65.78	166.52	1.3399745503
ENSDART00000044876	plekha1	319	27.8	23.0	5.9	12.0	37.7	54.8	NA	NA	NA
ENSDART00000133432	atp2a3	78	26.9	17.3	1.2	7.7	32.8	65.5	NA	NA	NA
ENSDART00000114670	mrps2	343	27.6	24.9	7.2	13.8	37.6	54.9	NA	NA	NA
ENSDART00000114676	zgc:173994	40	31.4	29.1	10.2	21.6	36.1	44.8	NA	NA	NA
ENSDART00000138316	zgc:66484	62	15.8	15.0	3.0	6.4	20.2	27.3	NA	NA	NA
ENSDART00000114675	KLHL7	13	35.0	26.3	9.4	17.4	42.1	61.3	NA	NA	NA
ENSDART00000123560	CABZ01069081.1	1	7.8	7.8	NA	NA	NA	NA	NA	NA	NA
ENSDART00000132913	adam19b	1	15.0	15.0	NA	NA	NA	NA	NA	NA	NA
ENSDART00000150587	asb13a.1	1	5.1	5.1	NA	NA	NA	NA	NA	NA	NA
ENSDART00000062552	wtap	256	67.3	68.1	23.9	38.3	92.4	119.9	23.16	237.46	3.35797735432
ENSDART00000017269	parp1	24	53.6	54.6	8.6	19.1	75.7	87.8	7.49	56.09	2.90470595922
ENSDART00000017268	eml2	239	48.3	31.2	6.1	12.8	73.4	127.6	NA	NA	NA
ENSDART00000127601	wu:fj30f06	6	27.9	22.3	NA	NA	NA	NA	NA	NA	NA
ENSDART00000127600	hdac10	32	52.6	52.4	20.3	33.9	68.1	88.3	5.08	18.86	1.8924292739
ENSDART00000087219	BX294434.1	25	21.8	19.0	9.7	15.6	30.3	35.1	NA	NA	NA
ENSDART00000022688	tob1b	135	29.9	25.8	4.5	11.5	44.8	60.1	44.74	77.56	0.793747547048
ENSDART00000131145	OXSM	26	35.1	23.4	3.9	12.9	53.2	78.1	NA	NA	NA
ENSDART00000022684	cnih	289	79.8	71.4	4.6	17.5	135.8	166.9	NA	NA	NA
ENSDART00000060955	nudt18	22	15.6	15.1	3.4	5.7	22.5	26.9	NA	NA	NA
ENSDART00000060954	trmt10c	33	15.6	13.9	5.8	9.2	21.0	26.9	12.0	0.62	-4.27462238011
ENSDART00000022682	pdcd2	151	23.1	20.7	6.4	13.6	31.1	44.0	NA	NA	NA
ENSDART00000125971	gpc1b	70	29.4	27.1	8.5	17.2	35.2	48.0	NA	NA	NA
ENSDART00000125970	wu:fb52c12	11	15.2	12.2	4.4	5.7	23.7	34.7	NA	NA	NA
ENSDART00000042322	map1lc3a	3	31.7	24.3	NA	NA	NA	NA	NA	NA	NA
ENSDART00000128492	CABZ01087111.1	2	4.4	4.4	NA	NA	NA	NA	NA	NA	NA
ENSDART00000022356	ppp1r7	733	34.8	22.6	7.1	13.6	37.9	96.7	28.65	315.93	3.46299789456
ENSDART00000128497	NAT14	2	5.1	5.1	NA	NA	NA	NA	NA	NA	NA
ENSDART00000123076	ZNF784	174	21.6	17.9	5.4	9.4	30.8	45.3	20.52	2.4	-3.09592442
ENSDART00000148463	snx6	140	28.2	18.3	5.0	10.1	35.2	61.0	NA	NA	NA
ENSDART00000003385	ano1	316	25.6	21.7	6.5	12.4	32.1	51.5	NA	NA	NA
ENSDART00000106490	BX890616.1	7	30.5	23.4	NA	NA	NA	NA	NA	NA	NA
ENSDART00000028072	kat2a	112	33.4	28.7	3.8	14.9	43.3	73.3	26.39	47.11	0.836041981342
ENSDART00000087151	amt	49	35.0	23.0	5.7	14.7	38.0	81.3	NA	NA	NA
ENSDART00000114415	ascc1	186	17.3	12.5	3.0	7.0	23.7	35.2	79.39	23.98	-1.72712563755
ENSDART00000020261	chrna1	2	44.4	44.4	NA	NA	NA	NA	NA	NA	NA
ENSDART00000113370	b3galtla	78	14.7	11.8	2.4	6.0	19.6	27.0	NA	NA	NA
ENSDART00000100327	nptx1l	4	20.3	20.5	NA	NA	NA	NA	NA	NA	NA
ENSDART00000079187	fhl1b	12	28.0	20.9	9.9	14.1	30.5	62.4	NA	NA	NA
ENSDART00000044125	C20H12orf57	96	51.0	39.7	7.1	16.9	76.9	114.1	NA	NA	NA
ENSDART00000150055	slc35b3	86	26.6	23.1	7.9	15.4	35.1	53.2	NA	NA	NA
ENSDART00000038566	fam101a	13	19.1	16.1	1.5	12.7	25.0	36.9	NA	NA	NA
ENSDART00000142762	C5H5orf34	327	20.8	19.2	6.0	11.4	27.0	40.1	NA	NA	NA
ENSDART00000144430	fdx1	1105	45.0	41.9	13.7	25.5	59.2	79.3	181.97	363.46	0.998095975474
ENSDART00000149171	srp9	15	50.7	40.9	5.3	22.8	84.1	100.2	NA	NA	NA
ENSDART00000122074	SLC1A7	1	5.9	5.9	NA	NA	NA	NA	NA	NA	NA
ENSDART00000151470	MAP3K2	12	24.9	15.5	3.2	9.4	35.9	48.8	NA	NA	NA
ENSDART00000031837	zfyve9a	73	51.8	50.9	13.9	26.7	75.0	88.9	13.4	13.29	-0.011891896069
ENSDART00000144519	sh2d1aa	3	13.9	14.3	NA	NA	NA	NA	NA	NA	NA
ENSDART00000122677	si:rp71-61h23.4	211	46.2	35.2	8.8	18.6	69.1	95.6	15.29	92.77	2.60106993477
ENSDART00000064187	parvaa	37	32.7	32.1	5.6	16.2	45.9	59.8	NA	NA	NA
ENSDART00000144510	zmat5	406	21.2	18.0	5.0	10.8	30.4	42.2	NA	NA	NA
ENSDART00000144516	lonrf1l	440	21.8	18.6	4.2	10.0	29.0	42.7	NA	NA	NA
ENSDART00000059438	rtfdc1	74	50.4	45.4	14.5	25.9	68.9	94.1	24.92	165.08	2.72778936998
ENSDART00000067235	ciapin1	184	29.4	26.0	10.5	16.5	38.3	50.2	32.13	22.38	-0.521710944495
ENSDART00000084612	aars2	145	18.7	16.6	2.1	9.1	26.3	34.8	NA	NA	NA
ENSDART00000016608	mrp63	154	10.3	8.6	0.9	4.2	13.5	21.4	NA	NA	NA
ENSDART00000080834	eml3	108	15.3	11.8	3.5	7.5	20.4	29.0	NA	NA	NA
ENSDART00000067135	msrb3	2	4.3	4.3	NA	NA	NA	NA	NA	NA	NA
ENSDART00000105608	prkcea	2	42.6	42.6	NA	NA	NA	NA	NA	NA	NA
ENSDART00000137798	CDPF1	254	28.7	22.5	4.1	11.8	40.2	64.8	NA	NA	NA
ENSDART00000052076	slc30a10	4	20.6	23.4	NA	NA	NA	NA	NA	NA	NA
ENSDART00000137794	zgc:152652	46	19.3	17.8	4.3	11.9	25.8	34.7	NA	NA	NA
ENSDART00000100234	col2a1a	3	7.7	5.0	NA	NA	NA	NA	NA	NA	NA
ENSDART00000081801	ncl1	254	34.7	30.0	10.0	16.5	46.9	70.3	14.92	67.6	2.17977571091
ENSDART00000137424	c1qtnf4	15	26.7	24.2	4.5	14.1	35.4	54.4	NA	NA	NA
ENSDART00000125852	ugt1ab	3	23.0	19.7	NA	NA	NA	NA	NA	NA	NA
ENSDART00000012256	tnni2a.3	5	17.8	18.0	NA	NA	NA	NA	NA	NA	NA
ENSDART00000043058	TENM2	7	23.6	25.2	NA	NA	NA	NA	NA	NA	NA
ENSDART00000012928	wnk1b	19	61.1	65.9	15.2	37.0	83.4	99.4	NA	NA	NA
ENSDART00000031165	enoph1	69	50.1	40.4	10.8	20.0	74.8	104.6	NA	NA	NA
ENSDART00000031167	tfap2d	7	17.7	20.7	NA	NA	NA	NA	NA	NA	NA
ENSDART00000101949	sfxn4	63	18.2	14.3	2.5	7.4	23.8	35.1	NA	NA	NA
ENSDART00000101944	crygmxl1	19	27.1	20.3	9.9	14.7	41.5	50.0	NA	NA	NA
ENSDART00000055154	tmem184a	232	31.8	26.5	9.1	16.0	44.0	61.6	NA	NA	NA
ENSDART00000060405	neo1	49	44.3	36.7	8.8	17.2	68.8	97.1	NA	NA	NA
ENSDART00000101943	rragca	232	42.2	35.6	9.4	19.1	57.0	89.1	NA	NA	NA
ENSDART00000133895	ghdc	113	21.6	18.2	5.0	10.0	28.8	47.9	NA	NA	NA
ENSDART00000011699	nono	456	100.9	104.9	25.6	63.0	137.6	164.1	102.49	939.7	3.19671709658
ENSDART00000128760	pacs2	38	42.0	36.6	4.4	12.2	59.7	99.7	NA	NA	NA
ENSDART00000040838	MOV10L1	223	20.9	18.8	7.6	11.9	27.4	39.1	37.35	8.63	-2.1136757785
ENSDART00000003946	tmem59	39	39.1	32.9	14.0	21.1	52.6	74.4	NA	NA	NA
ENSDART00000011691	baxa	99	50.5	43.4	7.8	19.2	73.6	105.8	NA	NA	NA
ENSDART00000021139	fgfr1op2	151	31.2	24.7	7.5	14.2	45.5	64.2	NA	NA	NA
ENSDART00000113543	MBLAC1	1	7.2	7.2	NA	NA	NA	NA	NA	NA	NA
ENSDART00000044497	lmbr1	67	23.4	20.1	5.1	11.0	27.6	51.2	NA	NA	NA
ENSDART00000019045	ebp	76	17.0	13.4	6.2	8.5	19.5	30.6	NA	NA	NA
ENSDART00000019047	AL929022.1	7	10.2	5.7	NA	NA	NA	NA	NA	NA	NA
ENSDART00000135493	frmd8	220	26.1	19.8	5.5	10.0	33.6	64.6	NA	NA	NA
ENSDART00000047212	cpsf2	155	36.3	21.5	6.1	11.9	45.9	94.1	51.54	88.84	0.785516855687
ENSDART00000047211	chst10	24	92.3	95.9	34.1	70.1	115.5	130.2	NA	NA	NA
ENSDART00000135490	nfil3-4	1	52.3	52.3	NA	NA	NA	NA	NA	NA	NA
ENSDART00000065586	ptprda	4	26.2	19.0	NA	NA	NA	NA	NA	NA	NA
ENSDART00000065585	tbce	110	26.2	22.0	8.7	14.1	36.4	53.9	NA	NA	NA
ENSDART00000112955	PRRC2B	2	-6.4	-6.4	NA	NA	NA	NA	24.26	136.42	2.49140371215
ENSDART00000122728	hug	142	32.7	21.9	5.5	9.5	44.4	80.1	11.83	110.95	3.22938768874
ENSDART00000132209	eya3	175	55.0	38.7	9.5	18.9	83.1	122.0	8.65	140.07	4.01730405144
ENSDART00000112959	ankrd1a	12	23.7	22.8	5.8	12.3	38.1	40.8	NA	NA	NA
ENSDART00000122724	mios	162	31.0	26.0	6.7	14.1	43.2	61.8	22.61	22.44	-0.0108883161427
ENSDART00000122727	mtus1a	260	31.6	26.0	6.4	14.9	42.8	65.6	NA	NA	NA
ENSDART00000003940	rab2a	729	17.5	14.9	3.5	8.1	23.4	34.6	95.41	42.57	-1.16430339408
ENSDART00000122720	BX572619.7	1	16.9	16.9	NA	NA	NA	NA	NA	NA	NA
ENSDART00000055709	her2	26	13.5	9.7	0.4	6.1	19.3	28.1	NA	NA	NA
ENSDART00000122231	ccdc129	7	13.3	9.4	NA	NA	NA	NA	NA	NA	NA
ENSDART00000051670	rfc5	296	21.6	18.8	5.0	10.8	28.1	42.8	35.48	27.12	-0.387648831165
ENSDART00000122234	si:ch211-71n6.4	1	31.3	31.3	NA	NA	NA	NA	NA	NA	NA
ENSDART00000124864	fam83d	139	22.0	18.3	6.6	10.7	29.8	45.3	18.63	9.25	-1.01010240354
ENSDART00000051679	PRKDC	15	59.4	44.8	20.3	35.7	75.7	95.1	2.88	8.84	1.61797755795
ENSDART00000139946	nipal3	88	24.9	20.4	8.3	13.8	30.7	43.4	NA	NA	NA
ENSDART00000146914	mpp6a	34	41.7	34.6	11.4	17.8	44.3	97.4	47.69	85.96	0.849978700033
ENSDART00000084715	alkbh8	125	23.0	20.7	4.7	11.3	31.5	42.6	44.16	5.89	-2.90640063295
ENSDART00000099298	zgc:154018	57	66.5	57.7	8.1	30.6	99.8	128.3	12.51	100.78	3.0100556668
ENSDART00000146911	tceb1a	865	12.4	10.5	2.0	5.4	16.5	24.7	NA	NA	NA
ENSDART00000124868	lpl	3	17.4	8.1	NA	NA	NA	NA	NA	NA	NA
ENSDART00000151269	cdk6	21	26.9	19.7	7.3	13.2	37.0	57.8	NA	NA	NA
ENSDART00000151260	C6H21orf58	5	14.9	14.9	NA	NA	NA	NA	NA	NA	NA
ENSDART00000025962	gyg1a	3243	25.0	23.2	6.3	13.5	33.9	44.7	241.77	95.11	-1.34596629789
ENSDART00000112227	FAM5C	2	14.2	14.2	NA	NA	NA	NA	NA	NA	NA
ENSDART00000147357	kdm2aa	27	63.4	63.0	17.9	26.9	92.4	107.5	6.18	19.46	1.65483296688
ENSDART00000049285	ube2d2l	398	57.3	57.2	13.6	25.4	83.1	105.2	NA	NA	NA
ENSDART00000101617	aip	9	23.7	23.8	NA	NA	NA	NA	NA	NA	NA
ENSDART00000081663	prdx1	441	23.2	19.4	6.1	10.2	31.5	46.6	66.86	38.24	-0.806060831637
ENSDART00000081666	ube2r2	51	22.8	22.7	2.7	12.1	29.4	42.3	NA	NA	NA
ENSDART00000051491	sfrp1a	33	24.2	19.2	7.5	12.1	29.6	46.7	NA	NA	NA
ENSDART00000138508	zgc:194210	1	3.3	3.3	NA	NA	NA	NA	NA	NA	NA
ENSDART00000102493	zgc:173548	316	21.4	18.7	5.4	11.2	29.7	41.7	NA	NA	NA
ENSDART00000102492	top3a	63	21.2	16.7	5.0	9.4	26.4	44.8	NA	NA	NA
ENSDART00000139050	si:dkey-10f21.4	40	49.7	43.5	18.0	27.0	62.8	82.3	NA	NA	NA
ENSDART00000050644	serpinb1l4	3	13.4	14.8	NA	NA	NA	NA	NA	NA	NA
ENSDART00000099899	CABZ01015787.1	1	14.2	14.2	NA	NA	NA	NA	NA	NA	NA
ENSDART00000128039	porcn	4	31.0	23.7	NA	NA	NA	NA	NA	NA	NA
ENSDART00000138953	rgcc	5	20.9	18.4	NA	NA	NA	NA	NA	NA	NA
ENSDART00000138952	APOD	359	18.2	15.1	3.2	8.9	25.6	37.0	74.3	7.37	-3.33362568633
ENSDART00000010991	arhgef18b	25	34.8	19.4	9.7	12.2	57.7	86.1	9.71	32.48	1.74200843177
ENSDART00000066806	mcee	133	23.7	18.4	2.9	11.3	32.7	49.8	NA	NA	NA
ENSDART00000111426	si:ch211-208h7.4	98	25.5	22.2	5.9	12.7	35.1	44.9	22.03	12.5	-0.817541400151
ENSDART00000141977	herc3	18	26.0	21.3	2.5	9.7	34.0	51.6	NA	NA	NA
ENSDART00000114008	CU929087.1	171	28.4	24.8	4.8	12.0	40.1	58.7	NA	NA	NA
ENSDART00000129313	sept9a	315	62.9	62.8	15.1	33.7	84.0	114.1	21.81	291.75	3.74167098084
ENSDART00000085377	zgc:103670	3	6.5	-2.1	NA	NA	NA	NA	9.0	85.29	3.24437969318
ENSDART00000041515	sar1ab	12	42.6	32.9	18.8	28.2	48.6	77.9	NA	NA	NA
ENSDART00000129955	wu:fd44f01	343	17.6	15.5	5.8	10.3	22.7	32.8	48.07	12.12	-1.98774710466
ENSDART00000148961	s100a10b	4	43.3	29.8	NA	NA	NA	NA	NA	NA	NA
ENSDART00000139805	mcm9	98	23.2	22.4	4.4	12.1	32.4	45.8	15.97	12.77	-0.322605787709
ENSDART00000001159	mgat4b	55	47.4	33.4	8.6	17.1	59.1	104.9	NA	NA	NA
ENSDART00000128775	vegfaa	7	8.9	7.8	NA	NA	NA	NA	NA	NA	NA
ENSDART00000004921	fgd1	7	20.2	16.3	NA	NA	NA	NA	NA	NA	NA
ENSDART00000004923	smurf1	107	55.7	48.1	9.1	23.4	81.3	112.3	19.98	157.23	2.97624802657
ENSDART00000098963	dscama	6	69.7	52.6	NA	NA	NA	NA	NA	NA	NA
ENSDART00000057638	hk1	1	1.7	1.7	NA	NA	NA	NA	NA	NA	NA
ENSDART00000083407	BX649494.1	1	43.3	43.3	NA	NA	NA	NA	NA	NA	NA
ENSDART00000123155	si:dkeyp-46h3.6	51	18.7	17.8	-8.0	4.2	28.2	46.0	NA	NA	NA
ENSDART00000056614	ubtf	30	63.9	40.6	9.2	20.0	114.8	134.9	24.8	134.13	2.43521992599
ENSDART00000074609	suclg1	102	16.2	13.3	1.9	7.2	22.7	33.8	39.87	33.71	-0.242126978013
ENSDART00000058107	mcfd2	546	21.1	17.9	3.7	10.1	29.1	42.2	NA	NA	NA
ENSDART00000056618	mrpl12	759	18.3	15.8	4.8	9.4	25.6	34.5	NA	NA	NA
ENSDART00000074602	SMPD2	88	42.6	42.7	13.0	24.3	58.8	76.4	NA	NA	NA
ENSDART00000113111	psmb5	97	39.8	37.1	10.9	22.7	50.1	73.6	45.53	264.86	2.54034061529
ENSDART00000074600	si:dkey-162b23.4	6	43.5	34.2	NA	NA	NA	NA	NA	NA	NA
ENSDART00000058100	xpc	141	29.6	23.4	7.1	12.6	39.7	66.1	68.08	21.24	-1.68044727088
ENSDART00000128776	ammecr1	92	36.6	27.3	6.3	13.7	48.3	79.6	50.2	45.0	-0.157762362734
ENSDART00000092591	sec22c	22	18.7	14.5	5.1	8.9	22.9	35.9	NA	NA	NA
ENSDART00000020463	C2H1orf35	104	37.7	33.1	9.9	19.0	51.4	72.8	95.0	44.13	-1.10616776613
ENSDART00000027301	si:ch211-106g4.2	1	55.7	55.7	NA	NA	NA	NA	NA	NA	NA
ENSDART00000133157	cntn1b	1	195.3	195.3	NA	NA	NA	NA	NA	NA	NA
ENSDART00000050729	hddc2	318	41.4	34.4	11.2	20.5	57.5	79.4	NA	NA	NA
ENSDART00000082315	arfip2a	321	17.9	16.3	3.2	9.2	24.6	32.3	NA	NA	NA
ENSDART00000146005	gtpbp1	416	29.3	26.0	5.7	13.6	41.0	58.8	38.39	93.48	1.28392717394
ENSDART00000082319	TMEM54	286	15.6	12.5	2.0	6.1	22.2	32.6	NA	NA	NA
ENSDART00000146008	camkvl	14	17.3	19.6	6.5	10.7	21.9	27.0	NA	NA	NA
ENSDART00000114004	PIK3CA	1	98.6	98.6	NA	NA	NA	NA	NA	NA	NA
ENSDART00000053139	atp6v0cb	23	15.1	15.3	2.0	9.6	18.9	25.4	NA	NA	NA
ENSDART00000053138	CU424462.2	32	16.4	13.0	3.5	7.4	22.9	35.4	NA	NA	NA
ENSDART00000004656	GCA	174	37.8	35.1	13.7	22.7	48.9	63.7	NA	NA	NA
ENSDART00000129958	hnrnpa0b	219	53.8	37.3	8.3	17.8	84.7	129.0	81.26	611.99	2.9128908096
ENSDART00000053133	zgc:112265	1	13.5	13.5	NA	NA	NA	NA	NA	NA	NA
ENSDART00000098346	smu1	83	113.2	114.8	60.1	82.6	141.1	165.3	20.49	217.61	3.40875296593
ENSDART00000127857	CU855694.1	143	36.3	31.1	11.6	20.6	50.2	69.6	9.7	10.46	0.108826199172
ENSDART00000109858	knstrn	376	16.1	14.4	3.8	8.9	21.6	30.7	NA	NA	NA
ENSDART00000009386	gpatch1	132	13.9	12.0	1.3	6.8	18.7	29.2	35.55	1.22	-4.86489650694
ENSDART00000009385	yif1a	49	40.3	24.5	7.9	11.5	42.2	110.4	NA	NA	NA
ENSDART00000143639	vps8	41	26.3	22.8	10.2	14.1	36.9	46.7	NA	NA	NA
ENSDART00000128352	mitd1	163	42.8	33.4	9.9	16.7	65.5	87.2	NA	NA	NA
ENSDART00000004626	sec62	202	50.7	32.9	7.3	15.5	81.7	113.2	141.35	133.26	-0.0850280844504
ENSDART00000126728	ifitm5	1	14.9	14.9	NA	NA	NA	NA	NA	NA	NA
ENSDART00000062699	GRB7	2	32.3	32.3	NA	NA	NA	NA	NA	NA	NA
ENSDART00000004625	zar1	126	24.5	22.1	7.8	13.2	32.5	48.2	29.23	60.07	1.03919483472
ENSDART00000126723	zfyve27	40	19.0	16.1	3.4	7.8	30.0	40.4	NA	NA	NA
ENSDART00000113144	zgc:173575	5	12.8	15.8	NA	NA	NA	NA	NA	NA	NA
ENSDART00000126897	lamtor5	333	22.8	19.4	6.9	12.5	30.9	42.2	NA	NA	NA
ENSDART00000113142	PHLDB1	4	22.7	18.8	NA	NA	NA	NA	NA	NA	NA
ENSDART00000005382	gadd45bb	4	12.3	11.0	NA	NA	NA	NA	NA	NA	NA
ENSDART00000126899	bcar1	2	19.7	19.7	NA	NA	NA	NA	NA	NA	NA
ENSDART00000002177	copz2	129	35.7	32.9	11.8	19.1	47.1	66.2	NA	NA	NA
ENSDART00000024768	ttc36	1	47.5	47.5	NA	NA	NA	NA	NA	NA	NA
ENSDART00000110177	adhfe1	65	35.5	33.2	10.5	19.9	49.6	64.2	8.45	36.26	2.10135567857
ENSDART00000083654	si:ch211-106n13.3	1	72.0	72.0	NA	NA	NA	NA	NA	NA	NA
ENSDART00000112359	PVRL4	1	36.7	36.7	NA	NA	NA	NA	NA	NA	NA
ENSDART00000092406	CU694372.1	6	67.8	61.3	NA	NA	NA	NA	NA	NA	NA
ENSDART00000135037	si:dkey-220k22.3	1	46.8	46.8	NA	NA	NA	NA	NA	NA	NA
ENSDART00000035259	mgst1	1	47.3	47.3	NA	NA	NA	NA	NA	NA	NA
ENSDART00000024815	fam76b	359	60.2	60.2	19.2	39.7	80.8	96.3	56.56	463.15	3.03362548833
ENSDART00000143457	cndp2	69	34.5	28.9	5.9	15.3	49.9	74.0	9.54	57.34	2.58748073324
ENSDART00000143987	VAV2	145	15.6	14.3	3.3	9.2	18.6	30.2	NA	NA	NA
ENSDART00000143451	cnih2	4	59.8	67.8	NA	NA	NA	NA	NA	NA	NA
ENSDART00000057095	si:dkey-24p1.1	3	28.5	22.1	NA	NA	NA	NA	NA	NA	NA
ENSDART00000106645	dstyk	380	80.6	82.6	35.8	57.7	102.4	119.7	70.58	71.3	0.0146426465515
ENSDART00000106643	HOOK2	290	62.4	47.9	10.8	20.1	96.9	138.8	NA	NA	NA
ENSDART00000135307	SALL2	4	14.8	14.1	NA	NA	NA	NA	NA	NA	NA
ENSDART00000135303	stard13a	2	87.7	87.7	NA	NA	NA	NA	NA	NA	NA
ENSDART00000079518	dnajc1	195	74.2	76.3	22.9	41.8	101.7	121.9	284.06	147.72	-0.943330524609
ENSDART00000079514	efnb3a	3	17.5	16.0	NA	NA	NA	NA	NA	NA	NA
ENSDART00000052666	rasal2	406	30.1	26.7	6.3	13.3	43.4	61.8	61.82	57.26	-0.110545983859
ENSDART00000052662	hoxa13b	5	20.1	21.9	NA	NA	NA	NA	NA	NA	NA
ENSDART00000082987	hs3st3b1a	24	21.2	17.6	6.0	11.8	24.9	33.3	NA	NA	NA
ENSDART00000076350	mthfd2l	69	13.7	11.2	0.3	5.7	16.5	27.5	NA	NA	NA
ENSDART00000121923	ptch1	2	26.1	26.1	NA	NA	NA	NA	NA	NA	NA
ENSDART00000079431	rtn2b	6	30.3	22.8	NA	NA	NA	NA	NA	NA	NA
ENSDART00000132346	lrrc6	12	29.7	16.1	2.8	14.0	37.4	77.8	NA	NA	NA
ENSDART00000112763	BX323064.1	26	28.7	23.1	6.1	11.0	39.5	58.6	NA	NA	NA
ENSDART00000042158	serhl	34	34.0	30.8	17.0	22.2	41.6	57.1	NA	NA	NA
ENSDART00000128397	tjp3	152	42.4	36.0	11.2	20.7	58.1	82.6	49.26	108.75	1.14252686801
ENSDART00000128395	rwdd	204	27.0	23.4	9.5	15.2	36.9	50.9	52.86	10.08	-2.39068078614
ENSDART00000148021	cenpv	16	28.4	27.8	11.2	19.8	37.1	45.6	NA	NA	NA
ENSDART00000141979	bard1	98	24.6	20.7	4.4	10.6	32.9	54.1	NA	NA	NA
ENSDART00000121927	BX005106.1	1	12.2	12.2	NA	NA	NA	NA	NA	NA	NA
ENSDART00000045518	prkrip1	316	38.8	34.3	11.8	21.5	54.1	69.9	238.9	188.72	-0.340159530104
ENSDART00000059252	dfna5	4	72.8	88.8	NA	NA	NA	NA	NA	NA	NA
ENSDART00000153244	bub3	294	16.1	13.1	1.0	6.7	19.4	28.0	56.62	2.68	-4.40100684345
ENSDART00000153245	stxbp4	1	144.5	144.5	NA	NA	NA	NA	NA	NA	NA
ENSDART00000051749	zgc:91910	728	35.6	26.4	8.5	15.5	48.5	78.3	88.46	241.54	1.44916497763
ENSDART00000065807	kctd13	42	16.5	18.3	-0.4	6.9	25.2	30.7	NA	NA	NA
ENSDART00000065033	ngf	1	16.0	16.0	NA	NA	NA	NA	NA	NA	NA
ENSDART00000111228	FAM222B	177	36.7	27.4	11.5	17.7	50.5	71.3	NA	NA	NA
ENSDART00000087899	eif4ba	18	16.2	15.9	-3.7	5.3	28.2	36.9	37.98	36.18	-0.0700474975283
ENSDART00000087898	foxo1b	5	53.4	43.2	NA	NA	NA	NA	NA	NA	NA
ENSDART00000091177	trim36	953	41.4	31.5	6.2	13.8	62.6	90.9	84.41	104.92	0.313803883365
ENSDART00000061007	mt2	4520	15.6	13.4	2.9	7.3	20.7	30.2	1244.28	370.0	-1.74971399543
ENSDART00000043429	jph2	1	12.6	12.6	NA	NA	NA	NA	NA	NA	NA
ENSDART00000025410	zgc:109986	1	20.9	20.9	NA	NA	NA	NA	NA	NA	NA
ENSDART00000111226	SEZ6	1	9.0	9.0	NA	NA	NA	NA	NA	NA	NA
ENSDART00000025145	unc93b1	3	42.0	34.6	NA	NA	NA	NA	NA	NA	NA
ENSDART00000111225	ccdc173	19	16.7	11.0	4.0	6.8	22.6	31.9	NA	NA	NA
ENSDART00000114081	sms	15	59.2	24.8	0.2	12.3	124.3	149.0	33.9	58.87	0.796247354289
ENSDART00000114083	mcf2la	172	16.9	14.0	2.0	7.6	22.7	38.2	NA	NA	NA
ENSDART00000100744	tmem177	139	20.2	16.9	4.8	10.1	27.0	45.1	NA	NA	NA
ENSDART00000052917	slc3a2a	1	2.3	2.3	NA	NA	NA	NA	NA	NA	NA
ENSDART00000100743	cttnbp2	44	44.4	33.1	10.1	21.0	64.5	96.2	NA	NA	NA
ENSDART00000137655	stag2a	157	48.1	38.5	8.3	19.5	68.6	108.9	13.63	62.09	2.18757536955
ENSDART00000025724	NAPSA	12	56.6	50.4	25.4	37.8	69.3	76.1	NA	NA	NA
ENSDART00000149365	tnnt2a	7	45.5	33.2	NA	NA	NA	NA	NA	NA	NA
ENSDART00000037515	msto1	29	33.2	30.6	12.1	14.0	43.2	58.5	NA	NA	NA
ENSDART00000123338	kif3a	128	24.1	18.8	5.7	10.0	32.9	48.9	NA	NA	NA
ENSDART00000090803	fem1b	246	51.5	49.8	12.8	25.4	74.2	101.0	NA	NA	NA
ENSDART00000104029	fam132a	4	42.7	36.1	NA	NA	NA	NA	NA	NA	NA
ENSDART00000090377	SHISA7	1	15.8	15.8	NA	NA	NA	NA	NA	NA	NA
ENSDART00000088238	slc25a17	11	27.8	25.1	17.2	18.6	37.0	39.0	NA	NA	NA
ENSDART00000141170	stam	190	91.9	99.5	11.3	40.4	140.4	161.0	NA	NA	NA
ENSDART00000141177	slc24a4a	181	17.5	14.7	2.1	8.5	23.0	33.9	NA	NA	NA
ENSDART00000080323	ugt5b4	2	15.4	15.4	NA	NA	NA	NA	NA	NA	NA
ENSDART00000109148	brap	123	18.1	14.2	2.4	6.7	25.4	35.9	NA	NA	NA
ENSDART00000105518	camk2g1	115	42.5	35.3	7.2	15.6	60.6	88.8	10.94	161.52	3.88402817254
ENSDART00000085945	tsfm	303	18.4	15.3	2.6	7.2	25.6	39.1	NA	NA	NA
ENSDART00000115422	nudcd2	56	28.5	20.8	4.1	12.7	38.4	55.6	NA	NA	NA
ENSDART00000099769	ccdc22	220	36.8	31.4	9.1	17.9	48.9	74.0	41.65	36.45	-0.192397681039
ENSDART00000080328	NF1	11	27.4	15.9	-6.1	3.8	46.6	68.7	8.48	9.24	0.123828586853
ENSDART00000109141	FRMD7	1	46.6	46.6	NA	NA	NA	NA	NA	NA	NA
ENSDART00000104725	snx14	68	45.0	43.3	5.9	21.5	69.7	86.7	15.19	15.98	0.0731455384259
ENSDART00000006120	pik3cd	18	55.0	55.6	14.8	21.9	80.3	98.3	NA	NA	NA
ENSDART00000104025	flot1b	72	118.4	136.0	27.6	77.9	160.4	176.2	NA	NA	NA
ENSDART00000078135	tln1	21	43.1	31.9	14.5	22.3	53.3	112.0	4.11	16.92	2.04151926944
ENSDART00000006124	cops2	200	31.3	24.9	7.4	13.2	40.8	67.0	35.29	57.05	0.692967456396
ENSDART00000006657	huwe1	145	24.7	18.7	4.5	9.7	30.5	59.4	23.47	16.05	-0.548244544514
ENSDART00000088520	noa1	75	19.6	17.9	4.1	8.5	28.2	37.5	12.59	1.31	-3.26463956618
ENSDART00000103450	lactbl1b	2	43.6	43.6	NA	NA	NA	NA	NA	NA	NA
ENSDART00000145852	arpc5b	143	16.8	14.1	2.3	6.5	22.0	33.9	NA	NA	NA
ENSDART00000148363	cramp1l	74	24.0	18.1	3.2	10.5	33.4	50.7	13.54	6.12	-1.14562418088
ENSDART00000109609	C4H12orf56	1	42.4	42.4	NA	NA	NA	NA	NA	NA	NA
ENSDART00000109044	GRM8	1	24.7	24.7	NA	NA	NA	NA	NA	NA	NA
ENSDART00000089133	rufy2	277	23.5	19.3	6.1	12.0	30.5	48.2	NA	NA	NA
ENSDART00000020040	PDCL3	25	21.5	16.9	6.9	11.8	29.4	38.9	NA	NA	NA
ENSDART00000123443	daxx	100	43.2	34.6	12.0	22.4	56.0	94.8	75.08	149.75	0.996055447733
ENSDART00000125352	phf2	42	21.2	16.6	5.1	11.5	25.3	40.5	NA	NA	NA
ENSDART00000064513	il17a/f2	25	26.1	15.7	3.2	6.7	28.8	38.7	NA	NA	NA
ENSDART00000136655	NDUFA3	68	24.3	21.8	6.1	11.5	33.4	44.1	NA	NA	NA
ENSDART00000136656	selm	13	19.3	13.3	5.2	7.9	19.1	45.4	NA	NA	NA
ENSDART00000136657	vrk3	58	83.5	78.6	19.6	42.0	118.5	152.1	16.37	199.96	3.61058520521
ENSDART00000064515	lrrc57	70	32.4	28.6	13.4	20.1	42.6	59.0	NA	NA	NA
ENSDART00000039165	styx	29	85.9	84.4	10.3	39.3	133.3	160.1	74.87	100.95	0.431181251109
ENSDART00000141358	apom	8	18.6	18.0	NA	NA	NA	NA	NA	NA	NA
ENSDART00000099355	PRR5	3	14.8	10.9	NA	NA	NA	NA	NA	NA	NA
ENSDART00000147713	wdr96	1	35.2	35.2	NA	NA	NA	NA	NA	NA	NA
ENSDART00000099351	ppp1r26	180	15.3	13.5	2.0	6.6	21.2	31.0	26.44	11.22	-1.2366495009
ENSDART00000067311	C4H12orf66	72	85.3	88.3	20.3	50.7	114.4	146.0	NA	NA	NA
ENSDART00000099535	C21H9orf114	324	19.0	16.8	5.5	10.1	26.3	33.3	117.16	14.27	-3.0374228584
ENSDART00000102522	pet112	43	27.3	22.7	7.0	14.0	35.4	49.0	NA	NA	NA
ENSDART00000145236	dpysl5a	3	24.6	23.4	NA	NA	NA	NA	NA	NA	NA
ENSDART00000039969	slc20a1b	54	61.0	44.3	9.9	22.7	95.4	126.4	10.87	59.88	2.46172228103
ENSDART00000127182	arl2bp	370	18.7	16.6	4.2	9.3	24.1	33.5	NA	NA	NA
ENSDART00000011201	copz1	529	20.4	16.8	5.5	9.6	26.1	37.5	69.12	63.45	-0.123483053435
ENSDART00000079364	SNAPC2	59	23.9	20.9	6.6	12.7	29.3	43.2	NA	NA	NA
ENSDART00000019786	smc3	176	124.7	139.9	17.2	77.2	174.0	197.4	16.84	296.79	4.1394784393
ENSDART00000000382	trio	2	62.6	62.6	NA	NA	NA	NA	NA	NA	NA
ENSDART00000019785	sult3st1	41	34.3	24.8	7.4	14.7	56.0	75.2	NA	NA	NA
ENSDART00000025853	zfp36l1a	326	17.1	15.2	2.6	8.0	23.7	32.8	NA	NA	NA
ENSDART00000081325	dynll1	181	39.3	27.4	9.9	16.0	51.8	95.4	58.22	129.5	1.15336535334
ENSDART00000121710	CABZ01028403.1	1	19.2	19.2	NA	NA	NA	NA	NA	NA	NA
ENSDART00000124945	CABZ01068819.1	1	11.9	11.9	NA	NA	NA	NA	NA	NA	NA
ENSDART00000081326	prpf40a	129	65.6	65.7	19.0	38.7	94.6	112.7	49.34	140.14	1.50603918059
ENSDART00000044519	cx44.2	279	24.2	17.0	2.9	9.2	30.8	52.0	NA	NA	NA
ENSDART00000100396	ppp1r15a	20	37.1	24.8	9.9	13.1	53.3	71.5	NA	NA	NA
ENSDART00000121716	FAM107A	1	16.5	16.5	NA	NA	NA	NA	NA	NA	NA
ENSDART00000089211	EHBP1L1	1	38.7	38.7	NA	NA	NA	NA	NA	NA	NA
ENSDART00000122534	slc25a43	4600	44.3	41.9	13.0	26.6	59.0	77.4	NA	NA	NA
ENSDART00000122535	RPAP3	100	16.2	12.5	2.8	6.3	20.8	34.4	NA	NA	NA
ENSDART00000122536	BX950186.2	235	19.3	17.7	5.4	9.9	25.0	37.4	90.17	5.02	-4.16688825233
ENSDART00000111915	si:dkey-20i10.7	36	17.8	14.9	4.2	8.9	25.0	36.6	NA	NA	NA
ENSDART00000015967	lsr	319	31.6	26.9	5.7	13.0	44.7	65.7	44.27	143.91	1.70076556682
ENSDART00000149580	nrip1b	129	37.9	33.2	5.2	12.8	57.0	83.2	NA	NA	NA
ENSDART00000024204	pnp5b	1	12.5	12.5	NA	NA	NA	NA	NA	NA	NA
ENSDART00000123615	ASB5	55	27.4	21.9	7.8	12.0	31.9	45.6	NA	NA	NA
ENSDART00000103282	ADORA3	52	27.3	26.2	6.9	13.2	41.4	52.3	NA	NA	NA
ENSDART00000102420	cyp2aa8	5	18.6	19.9	NA	NA	NA	NA	NA	NA	NA
ENSDART00000136265	FAM72B	38	32.9	30.3	7.2	17.9	37.0	57.7	NA	NA	NA
ENSDART00000131944	tagln3b	1	9.8	9.8	NA	NA	NA	NA	NA	NA	NA
ENSDART00000026992	sox4a	2	16.0	16.0	NA	NA	NA	NA	NA	NA	NA
ENSDART00000080810	arxa	5	10.4	10.4	NA	NA	NA	NA	NA	NA	NA
ENSDART00000088690	lman2	291	39.1	33.7	7.6	17.1	55.6	79.8	42.13	151.16	1.8431566027
ENSDART00000144728	zcchc14	5	19.6	17.7	NA	NA	NA	NA	NA	NA	NA
ENSDART00000018788	BBX	5	20.8	18.9	NA	NA	NA	NA	5.84	1.78	-1.71409112791
ENSDART00000064444	paf1	273	33.8	25.3	4.6	12.2	48.8	78.6	22.94	91.3	1.99274946886
ENSDART00000121848	srrm1	62	68.3	62.2	13.0	26.6	96.0	118.0	54.67	233.14	2.09237526929
ENSDART00000146585	si:dkey-69o16.5	3	6.2	8.2	NA	NA	NA	NA	NA	NA	NA
ENSDART00000044264	mmp14b	13	21.8	18.8	4.3	10.4	23.8	51.8	NA	NA	NA
ENSDART00000121843	ccdc146	3	47.0	39.1	NA	NA	NA	NA	NA	NA	NA
ENSDART00000121842	CABZ01049057.1	637	52.4	47.0	11.7	24.3	75.4	104.2	43.97	119.5	1.44241918054
ENSDART00000128321	gpr126	1	27.1	27.1	NA	NA	NA	NA	NA	NA	NA
ENSDART00000121847	cstf1	166	85.9	94.4	13.5	46.2	122.2	143.9	37.56	626.42	4.05986130685
ENSDART00000081949	lats1	101	61.6	59.0	15.4	27.0	91.2	104.1	10.21	57.6	2.49608594545
ENSDART00000105417	prom1a	37	54.6	40.4	4.7	13.2	104.2	128.3	NA	NA	NA
ENSDART00000100170	glula	118	55.7	37.8	11.4	15.4	84.0	123.2	25.2	261.52	3.37542564338
ENSDART00000100173	RANBP3	361	46.8	40.2	10.1	20.7	70.2	91.8	79.3	172.62	1.12220685587
ENSDART00000122263	FAM210A	192	35.7	29.6	6.7	15.7	51.8	78.5	NA	NA	NA
ENSDART00000053380	hax1	71	27.7	23.5	10.0	13.8	35.6	54.1	NA	NA	NA
ENSDART00000038696	flvcr2b	109	26.3	20.4	6.2	11.8	34.4	55.3	NA	NA	NA
ENSDART00000114378	fbxw8	58	42.4	32.5	14.7	20.6	57.3	88.1	12.9	9.26	-0.47828696705
ENSDART00000105419	si:ch211-212d10.2	19	12.3	11.9	-0.4	3.6	17.5	25.0	NA	NA	NA
ENSDART00000147187	phyhd1	135	25.3	19.9	4.1	11.2	34.2	52.9	19.76	16.68	-0.24446365814
ENSDART00000007522	kal1a	2	5.4	5.4	NA	NA	NA	NA	NA	NA	NA
ENSDART00000149743	pparda	36	36.8	29.8	6.3	11.1	54.4	80.9	NA	NA	NA
ENSDART00000152173	TPP2	283	87.8	97.0	14.7	34.3	128.7	156.7	23.74	139.62	2.55611377648
ENSDART00000064888	tcta	18	19.6	15.2	7.9	9.4	26.7	36.7	NA	NA	NA
ENSDART00000073596	ist1	134	59.0	45.2	8.8	21.6	82.8	125.9	NA	NA	NA
ENSDART00000034850	dbi	42	28.6	27.2	10.7	20.1	37.0	45.1	NA	NA	NA
ENSDART00000036235	iscub	65	24.0	19.4	7.6	12.0	28.4	50.0	NA	NA	NA
ENSDART00000098415	ing5b	57	44.6	28.3	5.5	9.6	64.6	109.6	242.22	112.57	-1.10549559346
ENSDART00000103159	smim12	268	26.1	22.1	5.0	12.1	34.0	52.6	NA	NA	NA
ENSDART00000033316	vangl2	57	33.1	22.5	5.0	13.3	42.6	67.2	20.38	151.24	2.89161379782
ENSDART00000099977	MEX3C	22	45.0	44.2	12.1	16.5	58.3	90.9	NA	NA	NA
ENSDART00000103153	FBXO2	362	24.3	21.8	6.4	12.7	31.8	43.5	91.99	16.91	-2.44360037822
ENSDART00000099978	pdlim4	1	114.9	114.9	NA	NA	NA	NA	NA	NA	NA
ENSDART00000082415	FAM126B	41	15.3	12.9	3.3	5.4	21.0	31.6	NA	NA	NA
ENSDART00000084135	ubtd1a	6	35.7	25.2	NA	NA	NA	NA	NA	NA	NA
ENSDART00000017932	carf	67	15.9	14.0	3.8	8.0	21.2	29.6	8.48	1.83	-2.21222061628
ENSDART00000146764	cox17	1899	26.6	21.2	6.5	11.9	35.1	52.9	NA	NA	NA
ENSDART00000065398	ppp1r14ba	3	28.4	22.7	NA	NA	NA	NA	NA	NA	NA
ENSDART00000019521	dip2ba	178	43.7	37.4	9.3	16.7	63.8	87.5	13.74	74.87	2.44600575029
ENSDART00000061698	gcshb	1	38.7	38.7	NA	NA	NA	NA	NA	NA	NA
ENSDART00000133160	nup37	65	28.6	24.9	7.8	11.1	43.9	56.9	NA	NA	NA
ENSDART00000065397	fkbp2	596	24.9	22.6	5.0	12.1	35.3	46.5	NA	NA	NA
ENSDART00000130440	KCNQ2	1	71.0	71.0	NA	NA	NA	NA	NA	NA	NA
ENSDART00000026383	sigmar1	457	29.5	25.9	7.4	14.6	39.6	57.8	103.13	70.63	-0.546111064899
ENSDART00000081946	zgc:112332	5	24.4	17.9	NA	NA	NA	NA	NA	NA	NA
ENSDART00000030205	bnip3lb	96	52.5	39.1	7.4	18.7	87.3	119.7	NA	NA	NA
ENSDART00000102823	zak	6	19.6	12.3	NA	NA	NA	NA	NA	NA	NA
ENSDART00000139962	pawr	37	48.6	42.6	11.6	17.9	63.0	101.9	NA	NA	NA
ENSDART00000011178	opn1sw2	5	30.3	11.8	NA	NA	NA	NA	NA	NA	NA
ENSDART00000015780	ercc4	296	27.9	21.4	6.0	12.3	39.4	62.0	NA	NA	NA
ENSDART00000015786	gyltl1b	3	30.2	28.5	NA	NA	NA	NA	NA	NA	NA
ENSDART00000074290	MIA	2	39.0	39.0	NA	NA	NA	NA	NA	NA	NA
ENSDART00000013839	tmbim4	232	29.6	25.3	7.4	15.2	40.1	56.7	NA	NA	NA
ENSDART00000133059	cited4a	20	17.7	9.7	-1.3	2.0	23.0	39.5	NA	NA	NA
ENSDART00000074294	actr2a	189	28.1	21.9	4.9	13.7	37.2	57.8	30.49	42.53	0.480144704616
ENSDART00000080709	plcg2	35	21.5	19.6	7.4	13.0	27.0	35.5	NA	NA	NA
ENSDART00000013835	bloc1s1	270	19.6	16.1	4.1	9.0	25.3	36.5	NA	NA	NA
ENSDART00000059446	znf385b	1	48.1	48.1	NA	NA	NA	NA	NA	NA	NA
ENSDART00000151094	xrra1	4	22.0	24.0	NA	NA	NA	NA	NA	NA	NA
ENSDART00000151099	cacng5a	3	20.6	21.9	NA	NA	NA	NA	NA	NA	NA
ENSDART00000055136	actc1b	13	15.6	11.1	6.1	8.5	16.2	21.3	NA	NA	NA
ENSDART00000142444	si:dkey-30j22.2	3	8.3	9.9	NA	NA	NA	NA	NA	NA	NA
ENSDART00000045555	zgc:63637	88	23.6	16.9	3.3	10.8	33.8	53.8	NA	NA	NA
ENSDART00000103219	si:dkey-14d8.2	2	47.7	47.7	NA	NA	NA	NA	NA	NA	NA
ENSDART00000109548	atp8b5b	2	30.2	30.2	NA	NA	NA	NA	NA	NA	NA
ENSDART00000044371	tox	1	17.6	17.6	NA	NA	NA	NA	NA	NA	NA
ENSDART00000077928	dnah1	1	2.9	2.9	NA	NA	NA	NA	NA	NA	NA
ENSDART00000030995	umps	570	16.9	14.9	2.2	7.8	23.6	33.4	74.39	33.32	-1.15872029697
ENSDART00000125706	C10H12orf44	593	39.4	36.3	11.0	21.8	51.8	73.5	NA	NA	NA
ENSDART00000051804	marcksl1b	102	28.7	23.4	10.2	14.2	37.0	53.3	NA	NA	NA
ENSDART00000051807	lasp1	473	31.3	22.9	6.1	12.6	39.9	65.9	NA	NA	NA
ENSDART00000125705	zgc:152938	46	63.2	47.6	16.2	25.1	90.4	126.7	23.93	29.49	0.301405425523
ENSDART00000043855	dclk2	2	104.2	104.2	NA	NA	NA	NA	NA	NA	NA
ENSDART00000048633	trdmt1	93	10.0	6.8	-0.7	4.2	12.6	23.8	NA	NA	NA
ENSDART00000109464	zgc:194314	9	12.0	13.2	NA	NA	NA	NA	NA	NA	NA
ENSDART00000099208	asph	36	55.9	44.1	6.6	16.1	95.1	119.7	15.17	56.6	1.89958096747
ENSDART00000086201	ush2a	2	29.9	29.9	NA	NA	NA	NA	NA	NA	NA
ENSDART00000052352	ppp1r11	259	22.5	19.3	5.0	10.3	30.4	44.3	NA	NA	NA
ENSDART00000057155	cdkn3	225	13.8	12.5	2.8	6.9	18.6	26.6	NA	NA	NA
ENSDART00000109440	adamts9	1	10.4	10.4	NA	NA	NA	NA	NA	NA	NA
ENSDART00000109446	GSC2	1	8.3	8.3	NA	NA	NA	NA	NA	NA	NA
ENSDART00000106670	trmt112	222	20.8	16.0	4.1	9.8	28.4	43.9	NA	NA	NA
ENSDART00000013781	mcm6	1	50.5	50.5	NA	NA	NA	NA	NA	NA	NA
ENSDART00000109467	DHX36	8	36.2	32.9	NA	NA	NA	NA	NA	NA	NA
ENSDART00000028693	rxfp3.2a	1	38.5	38.5	NA	NA	NA	NA	NA	NA	NA
ENSDART00000092239	lix1l	8	37.3	31.9	NA	NA	NA	NA	NA	NA	NA
ENSDART00000141539	COA6	76	20.0	16.6	4.5	10.4	23.9	41.8	NA	NA	NA
ENSDART00000152209	meiob	1	33.0	33.0	NA	NA	NA	NA	NA	NA	NA
ENSDART00000064662	rassf2b	4	10.9	10.9	NA	NA	NA	NA	NA	NA	NA
ENSDART00000014787	pip4k2aa	28	45.3	28.4	-0.9	12.2	64.3	123.9	NA	NA	NA
ENSDART00000141915	si:ch211-166a6.5	108	22.6	16.5	4.5	7.7	31.5	52.5	16.21	7.08	-1.19506282543
ENSDART00000053892	C3H7orf55	108	29.9	25.6	5.0	11.6	41.7	61.0	NA	NA	NA
ENSDART00000112155	rrm2	3394	64.1	62.4	19.5	38.1	87.9	109.7	182.99	955.42	2.38437026679
ENSDART00000042624	arap3	116	27.5	23.5	4.3	12.3	38.2	52.2	NA	NA	NA
ENSDART00000112156	DBNDD2	17	24.8	21.0	13.2	17.7	29.3	36.3	NA	NA	NA
ENSDART00000112483	SLC22A31	136	29.7	26.2	7.0	14.2	42.9	58.2	NA	NA	NA
ENSDART00000053700	ERP27	1	3.1	3.1	NA	NA	NA	NA	NA	NA	NA
ENSDART00000114631	CR387996.1	90	54.5	49.9	8.4	19.5	91.8	107.1	25.73	74.29	1.52971656902
ENSDART00000108653	TCAIM	42	26.7	20.2	5.9	13.2	35.8	53.7	NA	NA	NA
ENSDART00000112484	nlgn2b	2	12.4	12.4	NA	NA	NA	NA	NA	NA	NA
ENSDART00000039907	btbd6b	242	16.9	15.4	5.7	9.8	22.3	29.7	NA	NA	NA
ENSDART00000112488	stip1	1208	24.3	20.1	6.6	12.4	31.6	46.3	74.45	97.89	0.394889639344
ENSDART00000032262	fbxo28	395	20.4	13.7	2.0	6.5	26.1	45.6	NA	NA	NA
ENSDART00000122891	TMEM97	134	26.4	24.0	5.7	13.6	35.6	52.4	NA	NA	NA
ENSDART00000128250	mob2a	33	43.4	42.5	9.1	19.9	64.1	83.5	NA	NA	NA
ENSDART00000109626	si:dkey-175m17.7	2	44.7	44.7	NA	NA	NA	NA	NA	NA	NA
ENSDART00000099517	eif2ak2	1	21.9	21.9	NA	NA	NA	NA	NA	NA	NA
ENSDART00000109622	RMI2	89	55.9	53.7	16.9	31.1	79.4	98.8	38.51	58.19	0.595538122954
ENSDART00000109620	sept8a	80	32.6	22.8	5.4	11.4	40.2	75.6	34.24	188.58	2.46142207112
ENSDART00000143848	sub1a	256	118.9	133.7	37.4	83.9	157.4	178.0	99.13	175.35	0.822843794994
ENSDART00000078128	ube3a	78	51.6	39.8	11.7	22.4	68.4	111.6	19.97	125.43	2.65097621132
ENSDART00000109628	KCNA3	1	61.0	61.0	NA	NA	NA	NA	NA	NA	NA
ENSDART00000141530	osbp	152	22.4	17.5	5.7	9.9	28.4	42.6	14.02	16.24	0.212065283175
ENSDART00000054266	gnpda1	271	31.3	26.4	6.5	13.6	43.6	61.6	NA	NA	NA
ENSDART00000054264	nr3c1	81	30.7	24.3	8.1	14.6	40.3	65.0	NA	NA	NA
ENSDART00000048831	tmem120a	5	32.6	9.2	NA	NA	NA	NA	NA	NA	NA
ENSDART00000076037	alg10	80	20.1	17.2	7.3	11.2	26.0	36.6	NA	NA	NA
ENSDART00000138150	si:ch1073-272j17.3	2	26.2	26.2	NA	NA	NA	NA	NA	NA	NA
ENSDART00000005263	usf1l	189	49.0	39.7	12.4	23.3	64.2	96.4	24.34	99.85	2.03643325962
ENSDART00000002545	mcrs1	282	30.9	27.9	10.0	18.1	40.2	55.5	55.91	54.41	-0.0392345165694
ENSDART00000076031	pigs	205	20.4	18.4	5.3	10.7	26.8	40.2	NA	NA	NA
ENSDART00000002547	bloc1s4	38	38.1	40.9	8.3	18.0	52.4	66.2	NA	NA	NA
ENSDART00000060344	aagab	328	31.0	29.7	7.6	16.9	42.3	54.4	NA	NA	NA
ENSDART00000092094	BEND7	2	8.8	8.8	NA	NA	NA	NA	NA	NA	NA
ENSDART00000142460	nphp3	5	19.4	15.0	NA	NA	NA	NA	NA	NA	NA
ENSDART00000086775	snx19a	9	36.4	27.4	NA	NA	NA	NA	NA	NA	NA
ENSDART00000014434	bri3bp	50	40.2	38.1	3.7	14.0	61.4	77.8	NA	NA	NA
ENSDART00000055972	cyp2k18	1	24.1	24.1	NA	NA	NA	NA	NA	NA	NA
ENSDART00000127623	cul1a	340	29.3	23.7	6.2	12.8	40.3	63.9	32.56	34.02	0.0632824413971
ENSDART00000127622	ralgps2	35	35.3	24.0	-6.8	9.0	54.0	95.8	NA	NA	NA
ENSDART00000037750	myl12.1	558	89.2	93.4	28.5	60.3	118.6	138.9	52.64	673.5	3.6774465515
ENSDART00000074710	PDGFC	61	45.4	33.6	10.1	19.4	71.9	99.8	NA	NA	NA
ENSDART00000101054	dnajc18	382	40.3	33.6	10.2	18.9	56.4	82.4	NA	NA	NA
ENSDART00000077745	zp2l1	26	38.6	25.9	8.8	12.4	44.1	80.9	26.96	15.83	-0.768159241045
ENSDART00000053278	mllt3	174	20.5	18.1	4.5	10.3	29.0	41.4	NA	NA	NA
ENSDART00000011577	btbd10b	865	22.2	18.1	5.3	11.1	29.5	45.3	58.11	20.9	-1.47528351236
ENSDART00000080752	uba3	534	19.4	15.3	3.4	8.1	26.1	37.8	59.71	14.93	-1.99975840324
ENSDART00000015535	ctnnbl1	105	58.9	49.9	6.3	14.0	96.5	123.2	19.31	116.91	2.59797826794
ENSDART00000136447	si:dkey-161j23.7	59	23.3	20.4	6.3	10.4	29.7	46.2	NA	NA	NA
ENSDART00000139684	lypla2	113	42.9	32.1	10.2	16.7	48.4	104.2	23.72	75.18	1.6642449055
ENSDART00000006463	phf6	702	21.2	18.2	4.5	10.1	29.2	43.7	60.08	30.03	-1.00048033796
ENSDART00000003634	stard3	93	61.3	46.3	11.9	23.1	101.7	138.7	15.05	80.91	2.42655453531
ENSDART00000048164	paics	299	19.7	17.7	4.3	9.3	27.8	39.2	14.43	9.42	-0.615272334878
ENSDART00000126976	mycbp	222	14.0	11.0	2.2	6.0	17.8	25.1	NA	NA	NA
ENSDART00000129257	TMEM220	3	19.2	18.6	NA	NA	NA	NA	NA	NA	NA
ENSDART00000114658	SECISBP2L	62	26.1	17.6	1.0	10.3	34.1	61.6	27.41	13.17	-1.05744698257
ENSDART00000126971	slain2	223	21.0	18.5	2.6	8.6	28.7	43.9	NA	NA	NA
ENSDART00000113684	arhgap39	4	12.0	13.6	NA	NA	NA	NA	NA	NA	NA
ENSDART00000126978	acadl	281	55.8	46.6	10.4	19.5	81.3	119.5	NA	NA	NA
ENSDART00000129259	GPANK1	99	23.5	20.5	7.1	12.8	31.2	40.2	NA	NA	NA
ENSDART00000129704	ABHD17A	159	36.9	29.4	9.6	18.1	49.4	72.2	21.97	54.06	1.29902664211
ENSDART00000133452	tmed2	945	33.3	25.3	5.6	11.9	47.4	75.0	98.29	258.55	1.39532675511
ENSDART00000105251	FBXO34	926	36.9	29.9	5.7	13.9	54.9	79.1	39.18	58.45	0.577085627151
ENSDART00000017202	kcnk1b	7	54.8	33.6	NA	NA	NA	NA	NA	NA	NA
ENSDART00000062576	thyn1	65	29.4	28.0	9.9	17.3	38.4	53.6	40.97	26.26	-0.641700976587
ENSDART00000138488	nasp	3297	27.6	21.6	6.0	11.9	37.7	59.4	1094.18	293.6	-1.89792621744
ENSDART00000149779	gemin2	549	21.0	18.3	5.1	11.4	27.8	39.2	142.46	8.87	-4.00547898065
ENSDART00000008603	prepl	6	25.1	26.6	NA	NA	NA	NA	NA	NA	NA
ENSDART00000024407	tmigd1	2	6.3	6.3	NA	NA	NA	NA	NA	NA	NA
ENSDART00000064739	rpl13a	1803	21.2	18.8	3.8	9.4	30.5	41.3	625.08	36.11	-4.11357051752
ENSDART00000110328	SH3TC1	270	0.5	-3.7	-9.1	-6.7	-0.3	11.3	NA	NA	NA
ENSDART00000052090	FUCA1	21	40.4	32.5	11.0	17.8	55.5	71.6	NA	NA	NA
ENSDART00000149777	setx	340	27.0	20.3	5.3	11.2	36.3	61.5	36.43	44.03	0.273359849194
ENSDART00000045351	lbx1a	17	51.7	52.0	13.2	32.4	74.4	89.3	NA	NA	NA
ENSDART00000131169	bmp2b	2	15.7	15.7	NA	NA	NA	NA	NA	NA	NA
ENSDART00000079175	zgc:113276	3	16.3	17.0	NA	NA	NA	NA	NA	NA	NA
ENSDART00000067434	nudt4b	28	20.8	13.2	-1.9	6.5	25.3	64.5	NA	NA	NA
ENSDART00000028099	smn1	456	17.3	13.7	2.9	7.3	22.2	34.0	71.64	12.75	-2.49026809024
ENSDART00000067433	ube2nb	479	26.0	20.0	5.6	10.9	34.0	54.7	71.44	109.09	0.610714874003
ENSDART00000091549	nt5dc3	27	31.1	22.2	8.6	14.5	38.6	47.7	NA	NA	NA
ENSDART00000091818	CR407704.1	1	80.4	80.4	NA	NA	NA	NA	NA	NA	NA
ENSDART00000005033	cmtm3	1	31.2	31.2	NA	NA	NA	NA	NA	NA	NA
ENSDART00000145444	mob3a	419	42.4	34.4	8.1	16.9	61.5	88.8	49.33	256.33	2.37746514424
ENSDART00000005845	mtmr6	67	34.4	25.7	6.6	14.6	46.4	82.0	18.99	27.58	0.538382551364
ENSDART00000019705	bmp6	20	16.6	17.1	7.0	11.2	24.7	27.6	NA	NA	NA
ENSDART00000113357	vhll	2	1.3	1.3	NA	NA	NA	NA	NA	NA	NA
ENSDART00000139003	ube2kb	156	27.1	23.4	6.2	11.2	37.4	57.4	NA	NA	NA
ENSDART00000124026	ubfd1	105	54.3	41.6	12.5	25.5	73.6	118.0	67.78	204.81	1.59535461578
ENSDART00000038501	zgc:175248	2	22.6	22.6	NA	NA	NA	NA	NA	NA	NA
ENSDART00000020249	dusp5	15	35.4	30.6	16.6	22.6	52.0	60.1	NA	NA	NA
ENSDART00000105499	CABZ01081674.1	1	22.4	22.4	NA	NA	NA	NA	NA	NA	NA
ENSDART00000105622	CU855733.1	2	55.4	55.4	NA	NA	NA	NA	NA	NA	NA
ENSDART00000007738	TMCO6	100	23.4	19.9	7.8	12.2	29.0	40.7	NA	NA	NA
ENSDART00000150118	gba2	124	33.7	26.7	8.2	15.4	49.7	67.3	NA	NA	NA
ENSDART00000098390	ubl7	192	72.4	71.5	32.5	52.8	92.2	116.9	29.77	171.41	2.52552015155
ENSDART00000105628	aspm	122	44.0	36.6	11.1	23.5	62.2	88.3	24.37	44.17	0.857960581317
ENSDART00000098396	zgc:158464	9	13.6	12.8	NA	NA	NA	NA	NA	NA	NA
ENSDART00000114678	nanos1	3	35.7	30.1	NA	NA	NA	NA	NA	NA	NA
ENSDART00000009973	sec14l1	155	22.8	22.2	4.0	11.8	29.9	43.6	35.83	21.89	-0.71089608903
ENSDART00000090631	adck1	44	37.8	30.4	8.6	17.8	52.2	74.1	NA	NA	NA
ENSDART00000002595	rpl21	742	24.0	21.0	5.8	12.1	34.2	46.1	414.64	18.42	-4.49251433229
ENSDART00000126951	uhrf1	0	NA	NA	NA	NA	NA	NA	9.6	103.01	3.42360618203
ENSDART00000130899	CU571402.1	14	23.8	19.9	6.8	9.5	34.8	45.9	NA	NA	NA
ENSDART00000129276	nrp1a	20	26.1	24.9	6.2	15.4	38.1	41.8	NA	NA	NA
ENSDART00000031761	fzd5	108	27.1	22.9	8.1	14.4	34.0	47.4	NA	NA	NA
ENSDART00000101659	cdc34a	243	80.2	59.8	6.2	17.6	137.3	179.6	43.86	390.95	3.15600639075
ENSDART00000133041	pank2	21	22.1	13.0	3.8	8.8	25.3	40.2	NA	NA	NA
ENSDART00000129277	zgc:174972	1	52.4	52.4	NA	NA	NA	NA	NA	NA	NA
ENSDART00000139423	mgat3	61	19.5	15.4	5.7	11.2	25.8	35.8	NA	NA	NA
ENSDART00000139420	elavl2	178	34.5	25.7	6.8	15.6	46.7	71.9	25.89	42.48	0.714388800904
ENSDART00000134107	acot13	10	21.2	14.4	10.1	11.2	24.0	42.6	NA	NA	NA
ENSDART00000063738	tssc1	47	17.1	14.6	4.4	10.5	21.8	30.8	NA	NA	NA
ENSDART00000111964	hmgb1a	237	60.9	55.7	13.4	33.0	88.1	113.5	45.83	85.54	0.900306921502
ENSDART00000137697	TMEM66	66	36.4	29.3	10.9	16.6	46.3	65.5	NA	NA	NA
ENSDART00000140481	nfu1	88	39.1	28.7	6.8	16.0	52.0	87.1	NA	NA	NA
ENSDART00000078187	FOXO4	17	62.6	65.6	12.2	47.2	83.2	101.4	NA	NA	NA
ENSDART00000135517	cenpf	71	46.0	35.8	8.8	18.5	54.5	105.0	17.91	51.04	1.51086299178
ENSDART00000085964	ARMC6	51	24.3	22.2	5.4	12.3	33.4	46.6	NA	NA	NA
ENSDART00000028895	negr1	34	58.7	55.7	12.3	24.6	85.9	115.8	NA	NA	NA
ENSDART00000065647	rrp9	562	26.0	22.4	7.8	13.8	35.1	50.5	141.04	80.54	-0.808327002374
ENSDART00000125785	ddx10	122	80.5	81.4	24.9	53.4	103.7	135.1	18.95	63.29	1.73977971934
ENSDART00000129279	PCMTD2	3	6.7	13.5	NA	NA	NA	NA	NA	NA	NA
ENSDART00000126306	CABZ01117603.1	1	10.6	10.6	NA	NA	NA	NA	NA	NA	NA
ENSDART00000104358	ARID3A	13	13.2	14.1	2.7	7.7	17.6	23.5	NA	NA	NA
ENSDART00000043076	ppdpfb	1387	37.2	27.7	6.8	13.9	50.5	83.2	714.1	73.01	-3.28996013321
ENSDART00000026145	CABZ01086041.1	10	23.3	20.8	8.8	17.1	29.7	39.1	NA	NA	NA
ENSDART00000064709	txnrd1	444	60.2	56.2	14.3	29.9	84.2	112.4	44.49	228.06	2.35786042741
ENSDART00000018837	gstp1	534	26.4	22.3	5.0	10.8	37.0	54.5	NA	NA	NA
ENSDART00000060888	ccdc130	469	18.9	16.9	3.1	9.3	26.9	38.5	125.56	30.9	-2.02269819079
ENSDART00000073872	CR352260.1	21	24.2	18.2	5.7	10.9	31.3	52.7	NA	NA	NA
ENSDART00000064700	fuca2	92	26.7	20.3	4.0	12.5	28.3	48.4	21.49	17.06	-0.333047836109
ENSDART00000064701	loxl2b	7	15.7	20.1	NA	NA	NA	NA	NA	NA	NA
ENSDART00000020000	zgc:86599	2025	22.6	18.9	5.8	11.5	28.9	44.4	117.97	89.83	-0.393150787099
ENSDART00000115210	ano9a	2	12.4	12.4	NA	NA	NA	NA	NA	NA	NA
ENSDART00000123156	DAGLB	63	30.8	22.4	7.3	12.9	34.1	67.9	NA	NA	NA
ENSDART00000098850	lipg	1698	14.7	13.0	2.3	7.1	19.8	29.4	NA	NA	NA
ENSDART00000130958	ccdc58	395	11.5	9.6	0.5	4.8	16.2	23.3	NA	NA	NA
ENSDART00000087110	eif4g3b	57	86.9	90.5	21.6	49.8	129.9	148.2	18.66	66.18	1.82644630546
ENSDART00000047101	zp2.2	257	13.1	10.1	1.2	5.3	17.8	29.7	9.39	0.67	-3.8088921572
ENSDART00000075039	gosr2	458	21.1	18.9	3.9	10.4	28.9	41.3	NA	NA	NA
ENSDART00000062003	efnb3b	13	26.5	23.5	5.3	16.6	42.6	49.5	NA	NA	NA
ENSDART00000135473	si:ch211-10d23.5	54	10.4	8.5	2.2	4.9	16.1	21.5	24.4	5.43	-2.16785704465
ENSDART00000135472	zgc:86764	570	28.7	25.6	7.7	14.3	39.2	56.5	109.53	104.95	-0.0616239079765
ENSDART00000019063	pdcd10b	252	18.2	15.8	3.5	8.4	23.9	36.8	57.94	13.68	-2.08249145438
ENSDART00000112438	si:ch73-335m24.5	1	27.6	27.6	NA	NA	NA	NA	NA	NA	NA
ENSDART00000112979	sox10	1	18.1	18.1	NA	NA	NA	NA	NA	NA	NA
ENSDART00000025940	ywhaba	638	21.4	17.3	3.7	8.8	27.4	46.4	37.4	146.85	1.97323309044
ENSDART00000113797	zbtb10	99	22.7	18.9	5.6	11.3	31.6	43.8	NA	NA	NA
ENSDART00000122257	eomesa	125	108.7	121.6	23.1	60.8	150.9	168.4	NA	NA	NA
ENSDART00000122256	ccr6a	26	22.2	23.6	7.4	10.0	30.2	34.8	NA	NA	NA
ENSDART00000122700	tenm3	7	29.7	26.7	NA	NA	NA	NA	NA	NA	NA
ENSDART00000113876	pvrl4	26	10.4	5.8	-0.4	4.0	14.4	26.8	NA	NA	NA
ENSDART00000122259	adam10a	115	74.3	67.6	22.5	44.4	106.2	139.5	12.49	118.11	3.24128573627
ENSDART00000051655	snrnp27	870	67.0	64.7	17.4	35.1	94.8	118.0	195.47	368.3	0.913934192121
ENSDART00000122709	mtf2	154	24.1	20.2	4.4	9.8	32.1	51.8	19.87	26.54	0.417576498121
ENSDART00000051552	mpdu1a	4	21.0	18.6	NA	NA	NA	NA	NA	NA	NA
ENSDART00000133420	TBC1D14	232	18.2	15.5	4.1	9.9	23.8	36.4	NA	NA	NA
ENSDART00000067053	vta1	584	22.7	19.5	6.8	12.0	29.5	43.4	40.53	58.85	0.538052239879
ENSDART00000055279	snrnp70	126	64.9	58.1	10.3	27.1	104.7	124.9	51.08	221.25	2.11484702504
ENSDART00000146977	si:ch211-113a14.15	2	12.8	12.8	NA	NA	NA	NA	NA	NA	NA
ENSDART00000103704	nap1l4a	496	29.9	23.8	8.0	13.7	38.1	58.9	47.31	55.43	0.228521846775
ENSDART00000131138	BX649490.1	7	47.9	52.0	NA	NA	NA	NA	NA	NA	NA
ENSDART00000057983	mrpl38	239	43.0	40.6	14.2	27.2	56.7	73.7	44.23	57.67	0.382795780158
ENSDART00000057980	tsta3	8	27.8	23.9	NA	NA	NA	NA	NA	NA	NA
ENSDART00000151240	ZXDA	0	NA	NA	NA	NA	NA	NA	4.93	4.75	-0.0536601331596
ENSDART00000111444	PPIP5K1	30	39.6	31.2	7.5	26.1	54.3	67.3	NA	NA	NA
ENSDART00000111445	si:dkeyp-72e1.7	9	25.4	23.8	NA	NA	NA	NA	NA	NA	NA
ENSDART00000060169	mier1a	179	51.3	43.0	9.8	21.1	78.7	107.8	25.52	287.64	3.49456408061
ENSDART00000041751	ercc1	135	13.5	10.5	1.1	6.0	17.7	29.2	NA	NA	NA
ENSDART00000014152	aar2	272	21.6	19.6	6.4	12.2	29.1	41.2	NA	NA	NA
ENSDART00000058032	fam204a	43	28.2	23.4	8.6	14.5	36.6	46.1	NA	NA	NA
ENSDART00000126948	cog3	200	26.8	23.7	5.4	13.2	37.4	53.2	NA	NA	NA
ENSDART00000134044	vdac3	238	39.2	31.8	7.6	15.9	54.0	89.3	17.65	38.72	1.13341076912
ENSDART00000100619	C1H7orf55	141	37.8	26.3	6.7	14.9	55.9	87.6	62.46	83.55	0.419707258928
ENSDART00000101631	SATB1	6	35.7	11.7	NA	NA	NA	NA	NA	NA	NA
ENSDART00000101633	prom2	1	79.6	79.6	NA	NA	NA	NA	NA	NA	NA
ENSDART00000056583	cct2	317	21.3	16.8	3.8	8.9	29.3	46.6	112.17	9.01	-3.63801596077
ENSDART00000044328	acss1	61	39.8	36.3	12.9	17.7	56.7	74.0	10.37	40.84	1.97756697206
ENSDART00000127367	CABZ01072511.1	79	16.5	12.6	0.4	6.4	22.2	38.3	NA	NA	NA
ENSDART00000113405	inpp5d	1	11.2	11.2	NA	NA	NA	NA	NA	NA	NA
ENSDART00000074597	bdh2	72	18.4	15.3	6.4	9.9	23.1	39.1	NA	NA	NA
ENSDART00000126370	foxo3b	5	26.6	12.8	NA	NA	NA	NA	NA	NA	NA
ENSDART00000066863	ralaa	223	31.0	22.5	6.5	11.9	43.8	67.4	NA	NA	NA
ENSDART00000102183	MAP3K6	14	26.1	22.9	9.5	11.8	35.1	48.9	NA	NA	NA
ENSDART00000138972	ZFHX3	11	49.2	34.1	11.6	20.1	80.0	89.7	NA	NA	NA
ENSDART00000133211	si:dkey-15h8.16	1	74.5	74.5	NA	NA	NA	NA	NA	NA	NA
ENSDART00000133210	si:dkey-28b4.8	2	51.7	51.7	NA	NA	NA	NA	NA	NA	NA
ENSDART00000008365	ncbp2	454	54.9	50.8	18.6	32.6	75.1	98.1	145.31	535.34	1.88132146289
ENSDART00000082082	gars	373	19.9	16.0	3.6	8.5	26.8	37.8	46.43	5.77	-3.00841405692
ENSDART00000082085	gsc	14	17.0	16.2	2.5	7.4	27.8	32.7	NA	NA	NA
ENSDART00000082084	DDX24	87	24.1	18.0	7.6	11.0	34.5	50.1	52.53	9.15	-2.52129793598
ENSDART00000082087	nip7	193	21.4	18.1	3.6	9.1	30.4	44.8	58.46	28.79	-1.02188204024
ENSDART00000050296	snrpe	476	32.0	29.9	8.8	17.0	44.6	62.9	210.66	166.03	-0.343472456018
ENSDART00000124625	zgc:152948	288	19.4	16.0	3.9	8.6	26.8	37.9	NA	NA	NA
ENSDART00000041531	park7	374	15.3	12.6	3.3	7.2	20.5	29.2	NA	NA	NA
ENSDART00000018523	ahcy	1460	22.3	18.6	5.3	11.0	29.7	44.3	54.21	14.32	-1.92052751432
ENSDART00000105761	zic3	1	24.0	24.0	NA	NA	NA	NA	NA	NA	NA
ENSDART00000147052	stat4	21	19.1	14.0	6.9	8.9	30.8	35.7	NA	NA	NA
ENSDART00000004416	lrp1ba	2	42.9	42.9	NA	NA	NA	NA	NA	NA	NA
ENSDART00000040827	ncaph2	194	34.0	28.9	9.6	18.0	44.6	61.4	24.85	90.54	1.8653094548
ENSDART00000052383	cd81	3	33.5	37.4	NA	NA	NA	NA	NA	NA	NA
ENSDART00000056639	faim2a	4	14.2	6.4	NA	NA	NA	NA	NA	NA	NA
ENSDART00000078686	pld1a	96	15.8	14.8	4.6	7.7	19.9	30.1	NA	NA	NA
ENSDART00000125973	tbcd	5	43.9	47.0	NA	NA	NA	NA	NA	NA	NA
ENSDART00000083427	slc25a29	3	13.0	15.1	NA	NA	NA	NA	NA	NA	NA
ENSDART00000114091	XPO5	33	26.7	23.0	4.6	11.5	36.7	49.0	NA	NA	NA
ENSDART00000003998	ewsr1b	811	88.0	88.4	36.1	58.6	117.3	138.0	91.38	757.25	3.05081932536
ENSDART00000099764	zgc:153031	1	22.4	22.4	NA	NA	NA	NA	NA	NA	NA
ENSDART00000003994	zgc:173594	174	18.4	16.8	5.1	10.2	24.2	37.5	NA	NA	NA
ENSDART00000078796	kansl2	230	23.5	21.1	6.3	12.2	32.1	43.4	56.6	15.21	-1.89578189999
ENSDART00000113515	GAB2	17	25.6	14.2	4.6	10.0	42.0	50.5	NA	NA	NA
ENSDART00000078790	STK31	117	28.9	22.6	6.4	13.8	39.8	60.0	42.91	16.38	-1.38937854411
ENSDART00000103663	kif6	1	67.8	67.8	NA	NA	NA	NA	NA	NA	NA
ENSDART00000054183	gpr137	36	34.3	30.3	13.3	17.4	48.1	59.9	NA	NA	NA
ENSDART00000129062	ikbke	25	54.7	38.8	15.3	23.4	75.5	124.3	NA	NA	NA
ENSDART00000082339	hoxd12a	8	12.8	12.2	NA	NA	NA	NA	NA	NA	NA
ENSDART00000066282	dhx8	174	55.8	45.1	12.3	23.0	85.2	117.1	14.62	170.48	3.54358728183
ENSDART00000129066	zcchc7	113	47.2	40.3	10.7	24.3	67.9	86.1	24.22	85.18	1.81431586486
ENSDART00000126705	eif3ea	593	20.0	17.0	3.5	8.9	28.5	39.2	149.71	37.64	-1.99183205741
ENSDART00000082333	RCVRN	1	12.8	12.8	NA	NA	NA	NA	NA	NA	NA
ENSDART00000082332	hoxd13a	3	33.8	35.9	NA	NA	NA	NA	NA	NA	NA
ENSDART00000011865	sec23b	432	22.9	20.3	5.6	11.2	31.5	43.4	NA	NA	NA
ENSDART00000126708	rhoub	2	31.7	31.7	NA	NA	NA	NA	NA	NA	NA
ENSDART00000133684	PHC3	128	30.4	24.6	7.0	14.6	41.2	63.1	NA	NA	NA
ENSDART00000146029	CR382372.2	3	6.9	8.2	NA	NA	NA	NA	NA	NA	NA
ENSDART00000076997	lmo4b	61	22.8	19.8	6.5	10.6	29.7	48.2	NA	NA	NA
ENSDART00000131342	ANKS3	1	3.0	3.0	NA	NA	NA	NA	NA	NA	NA
ENSDART00000151937	rnf144aa	5	17.4	22.3	NA	NA	NA	NA	NA	NA	NA
ENSDART00000043546	mrpl27	451	15.9	13.8	3.9	8.2	21.4	31.1	NA	NA	NA
ENSDART00000059658	tfb1m	76	16.2	15.0	3.0	8.6	21.2	28.6	NA	NA	NA
ENSDART00000109568	pip4k2ab	7	52.2	51.0	NA	NA	NA	NA	NA	NA	NA
ENSDART00000151938	CPT1A	1	12.7	12.7	NA	NA	NA	NA	NA	NA	NA
ENSDART00000052389	itga11a	2	36.6	36.6	NA	NA	NA	NA	NA	NA	NA
ENSDART00000149478	galns	42	21.4	19.6	3.4	10.3	27.9	37.5	NA	NA	NA
ENSDART00000022358	zc3h15	536	33.1	29.3	10.2	17.4	45.8	63.1	148.85	127.26	-0.226080194874
ENSDART00000098940	FOXL2	7	40.9	38.3	NA	NA	NA	NA	NA	NA	NA
ENSDART00000009360	ankrd29	1	75.7	75.7	NA	NA	NA	NA	NA	NA	NA
ENSDART00000102611	cd2ap	75	28.8	25.8	7.1	15.5	39.2	50.2	7.19	9.58	0.414033885297
ENSDART00000147850	ungb	4	7.2	9.9	NA	NA	NA	NA	NA	NA	NA
ENSDART00000137645	cep104	40	36.2	26.7	4.6	16.3	50.3	68.6	NA	NA	NA
ENSDART00000058385	bola1	191	11.6	10.3	1.5	5.5	16.5	22.5	NA	NA	NA
ENSDART00000058384	gapdhs	3	13.8	13.0	NA	NA	NA	NA	NA	NA	NA
ENSDART00000056519	gpr160	71	11.2	8.5	0.7	3.8	15.2	26.4	NA	NA	NA
ENSDART00000058380	rbm42	240	33.7	29.9	7.4	17.3	46.3	65.5	50.71	99.22	0.968360682826
ENSDART00000104845	tapbp	170	73.3	71.4	22.6	47.1	99.2	126.2	NA	NA	NA
ENSDART00000127312	osgn1	10	33.8	27.1	15.1	17.1	49.1	64.8	NA	NA	NA
ENSDART00000013640	SEMA6B	29	37.8	25.6	2.1	10.9	63.5	83.7	NA	NA	NA
ENSDART00000130793	grk5	1	18.9	18.9	NA	NA	NA	NA	NA	NA	NA
ENSDART00000106620	zgc:174224	1	7.1	7.1	NA	NA	NA	NA	NA	NA	NA
ENSDART00000066363	FAM53C	130	47.3	42.0	10.4	25.0	68.0	87.0	NA	NA	NA
ENSDART00000104503	cpne5	1	51.9	51.9	NA	NA	NA	NA	NA	NA	NA
ENSDART00000113165	zgc:193711	153	26.0	19.3	5.6	11.4	36.1	56.9	NA	NA	NA
ENSDART00000002481	scara3	1	35.9	35.9	NA	NA	NA	NA	NA	NA	NA
ENSDART00000113162	pi4kaa	18	68.0	40.9	14.0	23.9	112.6	160.1	7.41	10.72	0.532759458152
ENSDART00000145618	si:dkey-75a21.2	1	18.1	18.1	NA	NA	NA	NA	NA	NA	NA
ENSDART00000124882	thoc1	0	NA	NA	NA	NA	NA	NA	22.78	180.19	2.983679296
ENSDART00000092172	mtif2	53	38.6	39.6	13.4	20.3	53.3	64.1	19.73	7.76	-1.34626239854
ENSDART00000105399	C22H19orf26	5	33.6	25.6	NA	NA	NA	NA	NA	NA	NA
ENSDART00000132621	si:ch211-14a17.7	199	22.2	17.3	4.5	10.6	29.2	48.7	114.84	60.92	-0.91463738872
ENSDART00000056962	fbxo5	626	12.0	9.7	-0.4	4.2	17.7	26.5	492.39	6.28	-6.29289309293
ENSDART00000075563	snx24	67	28.4	29.1	6.7	18.0	38.5	50.5	NA	NA	NA
ENSDART00000132625	tulp4	24	51.8	31.2	10.8	16.7	73.4	126.3	NA	NA	NA
ENSDART00000067455	dpysl5b	13	27.2	24.8	0.2	7.6	33.0	58.3	NA	NA	NA
ENSDART00000078337	zc3h7b	196	67.3	65.2	7.5	30.2	105.4	132.7	23.18	140.3	2.5975625375
ENSDART00000123250	sdc3	72	29.3	18.5	5.3	8.9	37.7	66.1	16.4	58.1	1.82484234879
ENSDART00000077029	emc10	206	34.6	31.5	11.1	20.0	44.1	60.2	45.8	29.48	-0.635611073889
ENSDART00000029843	vezf1a	13	68.9	60.4	19.4	31.7	105.0	131.4	NA	NA	NA
ENSDART00000021753	ccnc	74	100.9	110.6	16.9	35.1	156.5	188.8	NA	NA	NA
ENSDART00000088800	ppcs	55	25.5	24.5	8.4	15.5	32.9	40.3	NA	NA	NA
ENSDART00000143474	zp3c	483	24.1	19.6	6.0	11.9	31.5	47.1	87.89	34.58	-1.34576115792
ENSDART00000141165	tinf2	588	22.7	18.4	4.2	9.6	32.5	48.8	NA	NA	NA
ENSDART00000080687	ogfrl2	49	29.9	22.8	10.2	16.1	42.7	56.7	NA	NA	NA
ENSDART00000130179	cul5b	7	34.7	30.0	NA	NA	NA	NA	NA	NA	NA
ENSDART00000144995	MFSD3	40	32.1	22.5	2.8	10.8	37.6	76.9	NA	NA	NA
ENSDART00000057216	arhgef4	26	17.4	16.7	5.9	9.0	22.7	35.5	NA	NA	NA
ENSDART00000057527	zgc:113019	67	24.4	20.8	4.3	12.5	35.2	43.6	28.17	12.44	-1.17917307824
ENSDART00000130177	pho	51	23.2	4.7	-5.2	-2.1	31.1	75.9	59.93	68.21	0.186704888696
ENSDART00000130175	AP3B1	346	25.0	23.1	7.7	14.0	33.7	44.7	29.18	15.49	-0.913642739128
ENSDART00000079536	nek7	52	59.8	48.3	7.9	15.7	99.9	120.4	NA	NA	NA
ENSDART00000138747	urb2	60	36.1	28.2	5.1	15.2	54.2	71.2	16.36	47.85	1.54834617643
ENSDART00000005105	psme1	10	75.8	65.4	38.9	50.1	100.7	125.2	NA	NA	NA
ENSDART00000052603	dazl	1041	25.3	17.3	3.5	8.9	33.7	58.3	NA	NA	NA
ENSDART00000101109	ap1s1	78	74.7	66.8	8.1	30.2	115.5	136.6	45.48	351.31	2.94944048396
ENSDART00000079538	CCDC30	10	75.2	74.9	11.1	33.2	103.0	144.4	NA	NA	NA
ENSDART00000089680	sigirr	2	80.2	80.2	NA	NA	NA	NA	NA	NA	NA
ENSDART00000142870	tyw1	212	70.1	71.8	21.0	35.4	99.7	123.2	20.89	106.78	2.3537570566
ENSDART00000112742	NBR1	13	43.4	28.4	12.9	15.8	63.3	110.6	9.15	39.06	2.09384830072
ENSDART00000023453	lsm14aa	299	76.9	70.6	14.2	34.9	118.4	144.4	21.76	221.42	3.34703507929
ENSDART00000075172	CTTNBP2NL	5	20.7	15.1	NA	NA	NA	NA	NA	NA	NA
ENSDART00000052916	CDA	47	14.8	12.0	3.4	7.8	18.7	29.6	NA	NA	NA
ENSDART00000023454	adsl	360	13.8	11.8	2.1	5.7	18.6	25.9	26.07	1.85	-3.81679340702
ENSDART00000128626	tmem104	238	19.5	14.7	4.4	7.8	26.6	45.1	NA	NA	NA
ENSDART00000153266	itsn2a	6	12.0	13.9	NA	NA	NA	NA	NA	NA	NA
ENSDART00000109138	hbegfa	160	13.1	10.2	-0.8	4.4	18.8	30.8	NA	NA	NA
ENSDART00000153260	si:ch211-141o9.10	3	9.6	9.6	NA	NA	NA	NA	NA	NA	NA
ENSDART00000049373	ftsjd2	161	41.1	34.1	6.5	14.4	61.6	89.2	19.35	62.33	1.68759314638
ENSDART00000045533	tmem127	16	48.6	43.0	20.0	27.7	57.4	91.2	NA	NA	NA
ENSDART00000109160	tmem70	749	16.4	14.0	3.3	8.1	22.0	31.0	NA	NA	NA
ENSDART00000144168	matr3l1.1	30	79.4	74.7	12.7	23.3	115.2	156.8	31.7	167.82	2.40435991417
ENSDART00000147275	plat	3	24.9	31.0	NA	NA	NA	NA	NA	NA	NA
ENSDART00000109164	TANC2	23	44.7	32.7	15.9	24.3	53.1	95.9	NA	NA	NA
ENSDART00000109166	WDR60	95	28.0	26.2	9.1	15.5	36.5	56.0	NA	NA	NA
ENSDART00000104449	CABZ01036418.1	5	17.0	24.3	NA	NA	NA	NA	NA	NA	NA
ENSDART00000091151	nell2b	4	8.0	13.0	NA	NA	NA	NA	NA	NA	NA
ENSDART00000025126	irf2bp2a	130	27.5	23.2	7.5	13.4	36.4	56.8	26.44	25.28	-0.0647257133306
ENSDART00000085969	map7d2a	2	8.7	8.7	NA	NA	NA	NA	NA	NA	NA
ENSDART00000109133	si:dkey-266f7.9	3	9.9	9.7	NA	NA	NA	NA	NA	NA	NA
ENSDART00000089342	C23H1orf192	1	27.5	27.5	NA	NA	NA	NA	NA	NA	NA
ENSDART00000052930	ndufv1	376	43.9	41.8	12.8	24.3	60.3	78.8	37.3	118.53	1.66800471656
ENSDART00000052938	atp11c	107	25.3	18.2	5.9	11.9	28.3	65.3	NA	NA	NA
ENSDART00000052423	spry2	40	15.9	14.9	3.8	8.1	21.4	28.3	NA	NA	NA
ENSDART00000142701	cdk2ap2	1	19.4	19.4	NA	NA	NA	NA	61.04	123.52	1.01691779043
ENSDART00000142700	znf423	57	26.8	22.2	8.8	16.2	33.5	50.2	NA	NA	NA
ENSDART00000110305	si:ch211-199g17.9	2	7.7	7.7	NA	NA	NA	NA	NA	NA	NA
ENSDART00000115420	ANO9	24	37.5	36.4	2.3	14.0	53.9	84.3	NA	NA	NA
ENSDART00000075170	pttg1	1	63.8	63.8	NA	NA	NA	NA	NA	NA	NA
ENSDART00000097273	RBM6	119	43.0	34.4	9.2	16.9	60.2	99.8	18.13	35.55	0.971470634763
ENSDART00000062908	rpl7l1	694	17.3	14.6	3.2	7.4	23.4	36.1	78.15	63.14	-0.307691612574
ENSDART00000141114	ms4a17a.9	20	22.2	17.0	2.9	6.8	35.6	51.5	NA	NA	NA
ENSDART00000101203	sumf2	22	18.8	11.9	3.3	7.2	31.6	39.0	NA	NA	NA
ENSDART00000049196	gdpd1	46	19.7	14.1	2.1	6.0	27.0	51.0	NA	NA	NA
ENSDART00000099703	CT573389.1	37	15.6	14.3	5.6	10.5	20.9	24.1	NA	NA	NA
ENSDART00000099701	selo	99	62.3	60.6	16.2	32.6	85.0	107.9	NA	NA	NA
ENSDART00000049992	syt9b	19	14.6	12.4	3.9	6.7	20.8	27.7	NA	NA	NA
ENSDART00000003465	gipc2	17	28.6	24.1	6.6	16.3	39.6	52.5	NA	NA	NA
ENSDART00000125753	rpl22	513	23.1	18.8	4.5	9.2	31.1	47.8	226.11	19.01	-3.57219436141
ENSDART00000111960	tfcp2l1	3	5.2	2.5	NA	NA	NA	NA	NA	NA	NA
ENSDART00000125781	zcchc8	106	96.4	106.9	19.6	61.8	135.9	155.3	26.31	227.45	3.11186628101
ENSDART00000006109	agk	84	22.6	17.1	5.0	11.5	32.7	48.7	NA	NA	NA
ENSDART00000039109	leng1	89	28.8	26.3	9.1	15.8	39.6	49.9	58.59	9.95	-2.55788601918
ENSDART00000148438	ulk4	41	35.6	29.5	9.4	20.2	47.7	68.7	NA	NA	NA
ENSDART00000114358	zgc:194392	1	31.2	31.2	NA	NA	NA	NA	NA	NA	NA
ENSDART00000067374	apex1	525	32.6	26.7	6.2	13.2	46.3	66.2	23.51	101.49	2.10999113886
ENSDART00000148348	nxph1	13	42.0	45.0	11.6	30.7	58.9	66.9	NA	NA	NA
ENSDART00000148431	cln8	49	39.9	38.2	15.1	21.1	56.0	68.5	NA	NA	NA
ENSDART00000148346	itpkca	247	66.0	56.7	12.3	27.9	95.1	135.7	NA	NA	NA
ENSDART00000067378	si:ch211-214j24.10	269	63.0	62.2	13.6	36.9	88.5	108.4	53.39	481.36	3.17247480777
ENSDART00000064615	dmtn	7	25.9	17.3	NA	NA	NA	NA	NA	NA	NA
ENSDART00000148436	gna14	1	50.2	50.2	NA	NA	NA	NA	NA	NA	NA
ENSDART00000005897	zgc:73340	336	18.4	14.4	3.0	6.9	25.2	40.6	NA	NA	NA
ENSDART00000142653	grm1a	5	10.1	7.8	NA	NA	NA	NA	NA	NA	NA
ENSDART00000033248	fam107b	213	24.5	21.1	6.4	13.4	32.0	45.4	NA	NA	NA
ENSDART00000062633	s1pr1	1	33.6	33.6	NA	NA	NA	NA	NA	NA	NA
ENSDART00000121489	mybl2	294	23.1	17.5	5.0	10.8	28.1	47.0	26.44	33.06	0.322364547785
ENSDART00000121488	fzd3b	17	22.6	14.4	5.6	7.4	24.4	36.6	NA	NA	NA
ENSDART00000014660	ormdl1	279	23.4	20.8	6.4	13.3	31.8	44.4	NA	NA	NA
ENSDART00000086525	atp10d	17	40.5	31.6	11.9	18.3	40.7	94.7	NA	NA	NA
ENSDART00000056034	rpap2	35	19.6	18.9	1.4	10.1	25.5	34.7	11.47	2.95	-1.95907853177
ENSDART00000056037	polr3h	87	28.8	26.1	12.0	16.2	35.7	52.0	19.62	7.14	-1.45832906219
ENSDART00000060853	pex10	63	27.4	24.4	8.9	12.8	40.7	50.0	NA	NA	NA
ENSDART00000124650	ralbp1	83	27.0	18.8	5.3	11.4	33.0	70.9	22.06	20.53	-0.103699163483
ENSDART00000065420	pacs1a	129	19.7	15.3	4.2	7.9	25.4	42.6	NA	NA	NA
ENSDART00000123399	gcfc2	194	40.9	37.1	15.3	23.7	52.7	70.0	NA	NA	NA
ENSDART00000039525	med30	2	15.8	15.8	NA	NA	NA	NA	NA	NA	NA
ENSDART00000099375	si:dkey-24p1.6	103	41.9	37.8	10.4	20.4	56.1	81.6	18.1	25.31	0.48371781014
ENSDART00000115344	cep70	102	20.1	17.3	5.0	10.8	25.3	38.3	NA	NA	NA
ENSDART00000123395	her8a	1	15.6	15.6	NA	NA	NA	NA	NA	NA	NA
ENSDART00000148326	mlst8	81	34.2	32.7	8.7	18.7	47.8	59.7	NA	NA	NA
ENSDART00000126611	thoc5	59	67.0	72.8	18.5	35.2	89.9	118.4	47.8	168.17	1.81483784154
ENSDART00000016946	glud1a	87	36.4	32.1	4.6	15.1	51.6	73.8	14.53	36.41	1.32530003781
ENSDART00000016765	zgc:103759	52	21.3	16.5	6.3	11.1	27.5	45.0	NA	NA	NA
ENSDART00000066368	klhl11	187	17.8	15.8	4.0	9.6	23.1	33.3	NA	NA	NA
ENSDART00000041068	SLC38A9	90	30.1	25.0	5.8	12.5	43.0	63.4	NA	NA	NA
ENSDART00000026807	wasa	6	26.8	29.3	NA	NA	NA	NA	NA	NA	NA
ENSDART00000147619	n6amt2	104	19.0	17.2	3.0	9.0	26.5	38.1	NA	NA	NA
ENSDART00000081308	purbb	14	41.0	28.2	13.4	16.9	42.2	81.3	NA	NA	NA
ENSDART00000147610	si:ch73-41e3.7	7	25.4	23.8	NA	NA	NA	NA	NA	NA	NA
ENSDART00000140641	si:dkey-27i16.2	1	15.0	15.0	NA	NA	NA	NA	NA	NA	NA
ENSDART00000046376	g3bp2	3	34.8	33.8	NA	NA	NA	NA	NA	NA	NA
ENSDART00000108554	BRCC3	86	20.0	16.2	3.9	8.2	23.9	42.0	NA	NA	NA
ENSDART00000015940	edf1	531	76.4	74.0	26.6	48.1	99.4	127.6	78.73	343.39	2.1248626433
ENSDART00000020004	mtmr2	21	32.7	31.2	14.7	28.4	38.8	50.4	NA	NA	NA
ENSDART00000127556	rbm24b	20	17.8	14.9	8.5	11.2	22.4	30.4	NA	NA	NA
ENSDART00000064390	ppil4	36	60.5	55.2	14.4	31.3	81.7	111.3	NA	NA	NA
ENSDART00000064393	ufm1	249	20.5	16.5	4.6	9.0	25.8	39.0	NA	NA	NA
ENSDART00000127080	znf804b	8	26.9	19.8	NA	NA	NA	NA	NA	NA	NA
ENSDART00000064394	magixa	6	41.8	31.3	NA	NA	NA	NA	NA	NA	NA
ENSDART00000131968	BX537137.1	37	17.4	16.0	3.0	8.7	23.0	34.0	NA	NA	NA
ENSDART00000080877	tnfsf10l4	141	15.4	14.1	2.7	8.7	21.6	28.2	NA	NA	NA
ENSDART00000112019	SETD9	9	16.6	14.3	NA	NA	NA	NA	NA	NA	NA
ENSDART00000136244	npr1a	7	55.1	29.8	NA	NA	NA	NA	NA	NA	NA
ENSDART00000136243	tbc1d16	118	52.7	45.3	13.3	25.7	71.7	106.0	17.48	26.44	0.597016992007
ENSDART00000123640	man2a1	9	40.3	40.6	NA	NA	NA	NA	NA	NA	NA
ENSDART00000131960	si:ch211-241b2.1	1	41.4	41.4	NA	NA	NA	NA	NA	NA	NA
ENSDART00000103261	ftr78	2	91.9	91.9	NA	NA	NA	NA	NA	NA	NA
ENSDART00000115007	TOB2	503	39.9	35.0	7.2	17.4	57.8	80.2	NA	NA	NA
ENSDART00000115005	BX511227.1	38	40.9	35.6	11.3	17.5	51.6	66.9	NA	NA	NA
ENSDART00000085686	CABZ01101980.1	16	35.3	37.1	-1.6	16.9	44.5	72.5	NA	NA	NA
ENSDART00000027171	f3b	388	14.6	12.4	2.3	7.3	19.1	30.3	NA	NA	NA
ENSDART00000011082	per1b	25	27.6	25.3	13.8	17.8	33.4	45.5	2.77	3.92	0.500967678066
ENSDART00000027174	lrrk2	4	49.7	55.4	NA	NA	NA	NA	NA	NA	NA
ENSDART00000146564	si:ch211-198c19.3	3	18.4	19.5	NA	NA	NA	NA	NA	NA	NA
ENSDART00000065159	zgc:158291	11	21.8	19.9	0.6	3.3	38.2	46.6	NA	NA	NA
ENSDART00000036813	ccdc94	309	27.0	24.8	7.2	14.9	35.8	49.8	69.43	85.56	0.301377311064
ENSDART00000115236	atp5ia	556	32.9	31.2	9.9	19.7	43.6	55.4	NA	NA	NA
ENSDART00000084379	CAMK1	1	24.3	24.3	NA	NA	NA	NA	NA	NA	NA
ENSDART00000140468	nadk2	80	21.1	19.8	4.1	10.2	28.3	44.8	NA	NA	NA
ENSDART00000140469	deptor	2	18.1	18.1	NA	NA	NA	NA	NA	NA	NA
ENSDART00000140391	tyro3	3	52.1	63.3	NA	NA	NA	NA	NA	NA	NA
ENSDART00000061101	igf2r	47	33.9	27.3	6.1	18.4	45.3	66.5	4.43	16.79	1.92222362638
ENSDART00000030357	CNOT6	303	19.9	15.4	1.9	8.1	27.1	40.8	NA	NA	NA
ENSDART00000043483	trim24	18	40.1	43.2	10.4	19.4	56.7	69.6	5.43	9.17	0.755969535791
ENSDART00000150308	SNRPG	489	16.2	13.5	2.5	6.7	21.8	31.6	NA	NA	NA
ENSDART00000110639	gpbp1l1	96	33.9	26.9	6.8	14.9	46.2	67.2	11.05	7.68	-0.524868153558
ENSDART00000012686	zgc:101000	2	42.6	42.6	NA	NA	NA	NA	NA	NA	NA
ENSDART00000007500	pde10a	7	29.3	24.1	NA	NA	NA	NA	NA	NA	NA
ENSDART00000028481	rnf168	273	35.5	32.5	11.5	20.1	49.0	65.2	79.34	67.06	-0.242595914351
ENSDART00000150877	si:dkey-238o14.9	6	17.4	15.8	NA	NA	NA	NA	NA	NA	NA
ENSDART00000102846	si:dkey-23a23.2	81	27.8	23.0	7.3	15.0	37.6	57.8	22.73	9.22	-1.30175902839
ENSDART00000149911	agtr1b	2	23.8	23.8	NA	NA	NA	NA	NA	NA	NA
ENSDART00000133354	irx4b	8	20.1	23.6	NA	NA	NA	NA	NA	NA	NA
ENSDART00000149913	b4galt1	1	20.3	20.3	NA	NA	NA	NA	NA	NA	NA
ENSDART00000010683	impa1	77	19.4	14.1	3.8	7.6	28.8	44.0	NA	NA	NA
ENSDART00000034523	tars	404	16.0	14.1	3.0	7.6	21.6	32.3	57.41	7.47	-2.94212190748
ENSDART00000002225	dnajb1a	127	36.4	35.5	12.6	18.3	49.0	61.6	NA	NA	NA
ENSDART00000045888	TKT	1	12.0	12.0	NA	NA	NA	NA	NA	NA	NA
ENSDART00000015417	rtf1	247	44.2	31.1	7.1	15.2	65.0	110.9	159.28	159.5	0.00199129781909
ENSDART00000083947	ptk6b	5	29.3	34.3	NA	NA	NA	NA	NA	NA	NA
ENSDART00000099958	zgc:153372	23	34.2	27.9	7.2	16.4	45.0	64.9	NA	NA	NA
ENSDART00000146708	adar	102	80.0	76.1	11.3	26.5	123.4	156.9	11.25	96.49	3.10045443111
ENSDART00000110839	mon1a	53	52.6	53.2	5.3	17.4	84.1	105.6	NA	NA	NA
ENSDART00000113981	SPEF1	11	43.9	39.1	11.1	21.5	52.1	80.5	NA	NA	NA
ENSDART00000099950	syf2	256	36.7	29.5	9.7	17.0	46.0	75.6	111.2	167.44	0.590487428645
ENSDART00000113985	MCTP1	3	13.1	16.5	NA	NA	NA	NA	NA	NA	NA
ENSDART00000033332	si:ch211-246m6.5	5	15.5	18.3	NA	NA	NA	NA	NA	NA	NA
ENSDART00000066452	selk	80	102.8	105.7	52.7	80.1	123.9	149.6	NA	NA	NA
ENSDART00000143922	atxn7l2b	460	20.6	18.5	6.5	11.6	28.1	38.2	30.87	3.5	-3.14077865578
ENSDART00000047020	casp9	67	32.0	27.6	6.6	11.2	46.2	67.3	NA	NA	NA
ENSDART00000121864	slc27a6	101	24.9	21.2	4.6	11.9	33.0	50.6	18.93	5.98	-1.66245702151
ENSDART00000075502	timmdc1	197	20.9	17.9	4.3	9.5	29.2	43.0	54.45	20.62	-1.40088771624
ENSDART00000102424	DCHS1	22	25.6	20.8	5.3	9.5	29.4	55.6	NA	NA	NA
ENSDART00000075500	poglut1	5	55.0	57.0	NA	NA	NA	NA	NA	NA	NA
ENSDART00000098707	naa35	149	28.9	24.3	6.5	14.4	40.7	53.6	18.33	7.26	-1.33616533254
ENSDART00000152650	si:dkey-1c7.1	1	28.4	28.4	NA	NA	NA	NA	NA	NA	NA
ENSDART00000125499	zgc:171727	120	19.6	17.1	5.7	9.8	27.1	34.5	NA	NA	NA
ENSDART00000104592	pm20d1.2	12	32.5	27.3	7.3	21.7	42.0	61.0	NA	NA	NA
ENSDART00000125494	tuba8l3	2	27.6	27.6	NA	NA	NA	NA	NA	NA	NA
ENSDART00000125492	MEX3D	14	16.1	18.0	3.7	9.2	24.0	28.9	23.68	168.82	2.83374484327
ENSDART00000051825	tcf7l1b	326	20.4	16.9	5.2	9.3	28.9	41.8	17.72	6.98	-1.34407966235
ENSDART00000139980	zfyve28	81	29.1	25.9	6.9	15.0	41.4	59.0	NA	NA	NA
ENSDART00000021925	slc29a1a	166	45.7	34.5	7.4	14.7	64.9	100.0	12.09	175.21	3.8571989685
ENSDART00000054366	scube2	35	29.0	17.6	5.5	12.9	34.1	68.6	NA	NA	NA
ENSDART00000063618	exosc7	393	36.0	31.8	13.9	22.5	46.2	58.3	61.16	111.88	0.871291847115
ENSDART00000018107	fancf	167	26.3	25.0	8.4	14.4	35.3	46.3	NA	NA	NA
ENSDART00000111858	MRPL42	37	14.1	11.0	0.7	6.3	21.1	33.5	NA	NA	NA
ENSDART00000082434	tgif1	85	36.5	24.7	2.5	11.8	54.6	80.1	NA	NA	NA
ENSDART00000085358	CABZ01117349.1	59	19.4	18.7	7.2	13.2	25.1	33.2	NA	NA	NA
ENSDART00000111850	si:ch211-86h15.1	107	30.8	27.3	10.2	18.1	42.8	55.8	47.83	30.05	-0.670550800388
ENSDART00000111853	gripap1	120	53.7	48.0	10.9	24.7	76.3	101.3	NA	NA	NA
ENSDART00000111852	arfgef2	181	34.1	24.4	7.5	15.5	43.9	76.9	14.9	18.06	0.277485562131
ENSDART00000111855	CHL1	2	6.0	6.0	NA	NA	NA	NA	NA	NA	NA
ENSDART00000089516	stoml1	173	18.6	14.9	3.6	8.7	25.8	34.2	NA	NA	NA
ENSDART00000037292	epha4b	1	-0.3	-0.3	NA	NA	NA	NA	NA	NA	NA
ENSDART00000137114	pald1b	2	19.0	19.0	NA	NA	NA	NA	NA	NA	NA
ENSDART00000132430	s100v2	14	43.8	37.0	15.4	34.1	53.8	78.6	NA	NA	NA
ENSDART00000023206	plk2b	6	9.8	8.9	NA	NA	NA	NA	NA	NA	NA
ENSDART00000152222	acsl3a	5	17.9	20.9	NA	NA	NA	NA	NA	NA	NA
ENSDART00000101405	DDAH1	1	5.6	5.6	NA	NA	NA	NA	NA	NA	NA
ENSDART00000112170	C8H9orf172	6	17.3	22.1	NA	NA	NA	NA	NA	NA	NA
ENSDART00000023208	ODF3L2	192	38.7	27.0	8.9	15.7	53.0	88.7	71.52	6.23	-3.52104266816
ENSDART00000101408	zgc:162171	1	6.3	6.3	NA	NA	NA	NA	NA	NA	NA
ENSDART00000021693	CR388002.1	9	22.9	26.4	NA	NA	NA	NA	NA	NA	NA
ENSDART00000102260	si:dkey-222f8.3	54	53.9	37.5	1.9	11.1	95.0	116.2	NA	NA	NA
ENSDART00000102267	kdm8	54	20.0	19.9	6.2	10.8	28.8	34.0	NA	NA	NA
ENSDART00000008424	malt1a	1	0.4	0.4	NA	NA	NA	NA	NA	NA	NA
ENSDART00000100422	rit1	37	61.5	62.1	10.4	24.8	95.5	111.6	NA	NA	NA
ENSDART00000134599	C9H2orf69	4	16.4	14.1	NA	NA	NA	NA	NA	NA	NA
ENSDART00000058736	grm4	15	15.1	11.7	3.3	8.4	20.1	33.0	NA	NA	NA
ENSDART00000057174	arpc5a	41	27.2	18.2	2.7	9.0	33.6	62.8	NA	NA	NA
ENSDART00000134598	wdr37	26	87.0	88.2	38.4	65.6	112.5	127.2	NA	NA	NA
ENSDART00000066631	slc51a	40	33.5	28.8	13.8	19.2	43.2	56.2	NA	NA	NA
ENSDART00000105602	elovl6	4	18.6	18.9	NA	NA	NA	NA	NA	NA	NA
ENSDART00000126405	FDXR	89	17.2	15.3	5.9	9.6	20.5	31.7	NA	NA	NA
ENSDART00000078476	KCTD17	32	44.2	35.9	10.9	14.7	67.6	95.1	NA	NA	NA
ENSDART00000129196	CNTD1	26	48.2	45.4	19.4	29.1	66.3	77.7	NA	NA	NA
ENSDART00000081802	NEK3	7	14.5	15.9	NA	NA	NA	NA	NA	NA	NA
ENSDART00000097625	HSPB11	32	17.7	15.8	1.5	10.9	23.9	28.7	NA	NA	NA
ENSDART00000097629	CLIC6	1	156.5	156.5	NA	NA	NA	NA	NA	NA	NA
ENSDART00000065841	si:ch73-252p3.1	3	16.8	21.7	NA	NA	NA	NA	NA	NA	NA
ENSDART00000053076	PRPSAP1	127	40.9	33.0	13.3	21.3	55.3	73.3	30.93	73.5	1.24873741652
ENSDART00000034865	hccsa	107	21.6	19.8	5.6	11.7	29.4	36.7	NA	NA	NA
ENSDART00000039295	lrrfip1a	2	34.1	34.1	NA	NA	NA	NA	NA	NA	NA
ENSDART00000005639	thoc7	502	58.2	55.3	23.1	37.1	77.4	96.8	191.82	385.85	1.00828695579
ENSDART00000109397	ripk1l	1	15.9	15.9	NA	NA	NA	NA	NA	NA	NA
ENSDART00000143862	pex2	39	20.8	18.6	4.7	7.8	30.9	41.3	NA	NA	NA
ENSDART00000109392	snx8a	3	47.1	50.9	NA	NA	NA	NA	NA	NA	NA
ENSDART00000109391	CABZ01052290.1	3	11.3	8.3	NA	NA	NA	NA	NA	NA	NA
ENSDART00000130366	si:dkey-21c1.4	11	32.8	28.8	9.7	21.5	44.3	61.4	NA	NA	NA
ENSDART00000048819	rassf2a	13	29.5	28.6	7.2	15.6	40.9	60.4	NA	NA	NA
ENSDART00000054736	bhlhe23	2	7.9	7.9	NA	NA	NA	NA	NA	NA	NA
ENSDART00000130361	nr6a1a	24	42.4	20.9	-3.4	9.6	67.6	115.4	NA	NA	NA
ENSDART00000136490	bnip4	60	43.4	34.1	13.7	19.6	63.5	94.4	NA	NA	NA
ENSDART00000133943	ift80	19	38.3	39.2	16.9	18.7	51.7	76.1	5.92	12.61	1.0908991947
ENSDART00000124452	ube2h	102	72.2	69.9	8.8	29.8	108.4	140.2	NA	NA	NA
ENSDART00000124455	fbxl15	2	21.5	21.5	NA	NA	NA	NA	NA	NA	NA
ENSDART00000138174	slc16a12b	1	17.1	17.1	NA	NA	NA	NA	NA	NA	NA
ENSDART00000041257	gsto2	948	26.5	23.3	9.3	15.2	34.0	48.5	135.54	109.91	-0.302396022816
ENSDART00000127492	CABZ01057013.1	257	14.1	10.6	2.0	6.1	16.9	25.3	10.26	4.04	-1.34460353286
ENSDART00000046618	ireb2	273	28.8	26.7	8.7	15.5	38.1	51.1	20.1	32.38	0.687907484236
ENSDART00000037999	b4galt7	109	44.5	39.7	11.8	20.7	62.3	81.9	NA	NA	NA
ENSDART00000085247	anapc15	198	17.5	13.1	2.8	6.6	22.4	36.0	NA	NA	NA
ENSDART00000046613	vps13d	29	21.4	16.1	3.4	12.5	27.3	47.6	NA	NA	NA
ENSDART00000053210	pknox1.1	1	2.8	2.8	NA	NA	NA	NA	NA	NA	NA
ENSDART00000133946	si:dkey-147f3.8	1	28.4	28.4	NA	NA	NA	NA	NA	NA	NA
ENSDART00000131366	rpl17	869	28.8	27.6	6.5	15.3	40.4	53.3	613.26	18.05	-5.08642811176
ENSDART00000137807	arf6b	124	38.3	29.9	8.0	18.2	53.2	82.2	NA	NA	NA
ENSDART00000058829	scrt1b	1	17.0	17.0	NA	NA	NA	NA	NA	NA	NA
ENSDART00000009649	tubgcp4	52	25.8	22.3	9.8	15.1	35.3	50.2	NA	NA	NA
ENSDART00000077769	serpinb1	16	14.2	11.3	4.8	5.9	18.0	27.0	NA	NA	NA
ENSDART00000110770	herc2	58	30.1	25.0	3.1	10.4	43.2	55.0	10.72	6.89	-0.637729017753
ENSDART00000009642	igf2a	2	36.0	36.0	NA	NA	NA	NA	NA	NA	NA
ENSDART00000075617	sox3	2	83.2	83.2	NA	NA	NA	NA	NA	NA	NA
ENSDART00000083137	mrm1	76	25.5	22.0	9.6	13.2	34.6	47.0	NA	NA	NA
ENSDART00000126916	mob2b	156	13.8	9.4	0.7	5.1	18.4	27.6	NA	NA	NA
ENSDART00000022918	ankrd46b	10	22.9	15.6	9.1	13.6	34.1	43.2	NA	NA	NA
ENSDART00000126914	SP6	4	7.0	11.2	NA	NA	NA	NA	NA	NA	NA
ENSDART00000126913	zgc:66474	31	26.6	23.2	6.8	17.0	33.0	46.1	34.05	48.74	0.517451452824
ENSDART00000129722	CR548641.1	12	19.9	18.5	13.0	14.2	24.3	33.5	NA	NA	NA
ENSDART00000114637	ace	1	19.7	19.7	NA	NA	NA	NA	NA	NA	NA
ENSDART00000114982	f2rl1.2	147	31.3	24.0	6.9	12.8	44.2	63.2	NA	NA	NA
ENSDART00000138354	si:ch211-253b1.4	20	19.4	20.4	6.0	10.0	28.7	35.7	NA	NA	NA
ENSDART00000114984	elmod3	8	51.7	57.4	NA	NA	NA	NA	NA	NA	NA
ENSDART00000114985	hpse2	20	15.8	18.6	-2.3	5.6	23.6	32.2	NA	NA	NA
ENSDART00000017229	ncam1a	2	63.2	63.2	NA	NA	NA	NA	NA	NA	NA
ENSDART00000138350	rps12	2201	30.4	29.4	8.7	17.4	42.0	53.0	1286.98	15.14	-6.40948061833
ENSDART00000103076	arl8bb	84	28.6	23.3	2.8	11.0	32.9	59.9	NA	NA	NA
ENSDART00000124047	adipoqa	14	33.4	34.8	8.8	22.0	42.6	48.7	NA	NA	NA
ENSDART00000038524	gsto1	2	21.9	21.9	NA	NA	NA	NA	NA	NA	NA
ENSDART00000149289	tlr18	41	21.1	17.5	6.4	11.2	27.4	39.8	NA	NA	NA
ENSDART00000124043	ITPK1	19	22.2	20.7	1.1	10.8	26.4	42.6	NA	NA	NA
ENSDART00000124040	insm1a	1	2.8	2.8	NA	NA	NA	NA	NA	NA	NA
ENSDART00000035739	tmem134	23	69.1	78.6	7.8	27.6	104.1	125.8	NA	NA	NA
ENSDART00000150097	tbk1	65	17.9	15.6	4.2	8.9	22.3	35.5	NA	NA	NA
ENSDART00000074746	smcr8a	128	36.4	30.0	9.7	14.3	52.4	77.7	NA	NA	NA
ENSDART00000131188	nsd1b	35	24.7	19.1	8.2	14.2	33.2	45.4	NA	NA	NA
ENSDART00000029699	atp6v0a2b	244	69.4	68.6	18.4	44.0	94.5	119.0	NA	NA	NA
ENSDART00000149755	tyk2	63	15.8	12.0	2.0	6.5	22.7	38.5	NA	NA	NA
ENSDART00000152340	GPA33	1	102.5	102.5	NA	NA	NA	NA	NA	NA	NA
ENSDART00000131181	SEMA4G	1	7.8	7.8	NA	NA	NA	NA	NA	NA	NA
ENSDART00000131180	zgc:85932	5	20.9	23.5	NA	NA	NA	NA	NA	NA	NA
ENSDART00000022643	znf622	164	36.0	35.9	11.1	18.9	50.0	62.0	48.58	83.23	0.776741147167
ENSDART00000131182	zgc:66024	97	26.3	19.8	5.8	14.2	30.4	47.5	NA	NA	NA
ENSDART00000125931	exosc5	41	26.6	23.0	4.5	13.8	34.6	50.2	NA	NA	NA
ENSDART00000125933	fam173b	159	34.2	30.0	9.2	17.7	45.3	60.9	NA	NA	NA
ENSDART00000022646	CNOT4	623	21.6	18.7	5.6	11.1	29.1	41.2	25.26	12.36	-1.03117589588
ENSDART00000134293	trub2	258	20.8	16.8	4.9	10.0	26.5	39.0	NA	NA	NA
ENSDART00000078816	ARAP2	5	24.1	15.3	NA	NA	NA	NA	NA	NA	NA
ENSDART00000054591	bmp15	696	15.4	13.6	2.2	7.7	20.3	29.7	NA	NA	NA
ENSDART00000145427	sypl2a	158	39.6	33.1	6.7	16.1	60.5	79.6	NA	NA	NA
ENSDART00000067147	ANKRD50	59	27.4	24.2	9.3	17.2	35.9	41.9	12.2	3.66	-1.73696559417
ENSDART00000013103	ppm1ba	85	19.5	16.5	1.8	7.8	30.2	41.3	47.19	5.17	-3.19024498582
ENSDART00000087444	hepacam2	1	0.0	0.0	NA	NA	NA	NA	NA	NA	NA
ENSDART00000087114	alg5	352	26.1	19.8	6.4	11.1	36.4	57.1	65.21	52.25	-0.319662182541
ENSDART00000087118	xylt1	1	4.7	4.7	NA	NA	NA	NA	NA	NA	NA
ENSDART00000066692	NUP54	301	53.0	52.6	13.7	28.9	72.8	92.0	30.09	67.45	1.1645343365
ENSDART00000130588	FP102892.2	45	26.1	21.6	4.2	12.6	29.6	50.0	10.48	5.02	-1.06187944759
ENSDART00000078412	rps8a	865	20.3	16.6	3.0	8.7	29.1	42.6	495.92	20.65	-4.58589372234
ENSDART00000012479	dscc1	73	15.2	12.4	4.4	8.2	18.9	27.7	NA	NA	NA
ENSDART00000012478	mmadhc	175	19.6	19.2	6.2	10.5	25.7	33.5	24.6	4.42	-2.47654004084
ENSDART00000105646	ITFG3	37	40.5	32.3	8.1	13.7	51.4	88.8	NA	NA	NA
ENSDART00000081337	ndufab1a	348	34.5	30.3	12.5	19.4	45.6	65.9	66.48	115.74	0.799895262
ENSDART00000012470	hoxb4a	2	36.7	36.7	NA	NA	NA	NA	NA	NA	NA
ENSDART00000137757	irf9	2	17.4	17.4	NA	NA	NA	NA	NA	NA	NA
ENSDART00000017485	sf3b14	446	57.5	51.9	17.5	30.5	77.7	106.7	101.41	403.97	1.99404823524
ENSDART00000012476	selrc1	22	11.7	11.3	-0.2	4.2	16.5	26.8	NA	NA	NA
ENSDART00000007756	DYNC1I2	155	31.7	22.1	6.6	13.5	42.0	74.6	NA	NA	NA
ENSDART00000064149	nabp1b	110	76.2	72.9	41.9	58.6	95.6	114.1	NA	NA	NA
ENSDART00000064144	bpnt1	3	24.0	14.0	NA	NA	NA	NA	NA	NA	NA
ENSDART00000029347	hig1	14	17.5	13.5	-6.1	-0.3	17.6	28.1	NA	NA	NA
ENSDART00000030083	chic2	189	30.9	23.0	6.9	12.3	43.6	67.9	NA	NA	NA
ENSDART00000129351	ccni	194	17.8	16.7	2.2	8.4	23.5	30.7	47.59	1.12	-5.4090878171
ENSDART00000064142	CABZ01080370.1	109	38.2	28.7	5.7	16.7	55.4	85.1	16.38	99.43	2.60174585015
ENSDART00000134125	fastk	301	20.6	17.0	3.1	9.2	27.6	43.0	16.9	3.15	-2.42359951278
ENSDART00000134121	pex14	160	23.3	16.6	5.2	10.7	27.7	52.3	NA	NA	NA
ENSDART00000134122	nfkb2	495	13.8	11.6	1.7	5.5	18.7	29.3	32.13	5.1	-2.65535182861
ENSDART00000010903	rsph9	1	-4.5	-4.5	NA	NA	NA	NA	NA	NA	NA
ENSDART00000113744	PKP3	2	12.8	12.8	NA	NA	NA	NA	NA	NA	NA
ENSDART00000047569	igf2b	1	43.2	43.2	NA	NA	NA	NA	NA	NA	NA
ENSDART00000124958	tdrd9	64	29.8	24.2	10.5	14.6	37.7	55.4	10.45	8.79	-0.249567871825
ENSDART00000074678	chrnb3a	11	71.4	60.6	15.7	38.2	95.4	143.1	NA	NA	NA
ENSDART00000063716	nphp1	64	19.2	19.9	5.2	11.3	27.7	34.0	NA	NA	NA
ENSDART00000063717	MRPL55	298	15.4	12.8	1.6	6.6	23.0	31.7	NA	NA	NA
ENSDART00000063719	rpp21	74	50.8	39.7	10.7	19.6	65.7	123.4	NA	NA	NA
ENSDART00000129882	ptgesl	287	28.3	23.2	5.0	14.3	39.8	56.6	NA	NA	NA
ENSDART00000052030	CDKN2AIP	205	26.4	20.8	5.1	12.3	36.3	51.9	NA	NA	NA
ENSDART00000075263	TSSC4	817	20.2	16.9	3.7	9.5	26.1	41.4	119.55	22.96	-2.38041958292
ENSDART00000134418	si:dkey-157g16.6	11	21.4	25.1	4.5	12.9	28.9	31.3	NA	NA	NA
ENSDART00000132189	mogs	96	28.0	26.3	5.2	11.3	38.6	59.7	NA	NA	NA
ENSDART00000130975	timm9	545	34.5	29.9	8.1	14.5	48.2	66.3	129.6	218.5	0.753567561503
ENSDART00000023997	tbca	292	34.1	29.8	9.6	17.3	46.2	65.1	59.3	75.55	0.349399650619
ENSDART00000130978	RALGAPB	71	41.6	45.2	-0.9	16.9	65.0	73.9	7.29	21.69	1.57303933335
ENSDART00000009194	aimp2	580	17.1	13.6	2.5	7.7	23.1	36.3	87.85	25.33	-1.79419520918
ENSDART00000132183	htatip	178	36.4	29.7	8.7	15.9	46.1	81.2	22.81	135.4	2.56948938715
ENSDART00000015884	mfge8a	98	28.9	23.8	5.8	11.5	40.0	64.8	NA	NA	NA
ENSDART00000052323	harbi1	103	30.3	24.6	6.3	13.7	37.7	60.0	NA	NA	NA
ENSDART00000100665	ddb2	212	21.6	18.8	5.4	11.4	28.9	43.0	43.21	7.75	-2.47909701543
ENSDART00000080465	hells	716	21.8	18.5	5.0	10.7	29.0	43.5	96.47	44.13	-1.12832061911
ENSDART00000144550	nck1a	1	57.4	57.4	NA	NA	NA	NA	NA	NA	NA
ENSDART00000080466	hoxa4a	3	23.4	24.5	NA	NA	NA	NA	NA	NA	NA
ENSDART00000021177	pex13	144	29.8	26.1	7.4	14.6	42.2	58.4	NA	NA	NA
ENSDART00000101188	exoc6b	127	40.9	30.6	8.6	17.0	55.3	87.0	NA	NA	NA
ENSDART00000123094	st3gal2l	357	28.6	23.9	8.4	14.1	37.8	55.7	78.53	25.69	-1.61203700686
ENSDART00000088484	ahnak	92	54.6	52.7	12.9	32.5	72.3	94.3	4.16	9.78	1.23325093681
ENSDART00000131005	coro6	4	35.3	36.0	NA	NA	NA	NA	NA	NA	NA
ENSDART00000115182	nup214	217	68.2	56.4	13.6	25.2	105.6	137.7	19.44	51.13	1.39514180708
ENSDART00000135985	HEPHL1	1	21.2	21.2	NA	NA	NA	NA	NA	NA	NA
ENSDART00000063863	ccdc124	380	32.4	27.8	8.7	17.0	42.3	61.1	79.41	29.13	-1.44681499408
ENSDART00000000992	GTSF1	867	94.7	97.9	35.7	68.5	123.8	142.1	192.53	1203.74	2.64436864402
ENSDART00000075191	zgc:172323	16	32.8	32.9	7.0	10.0	56.6	64.2	NA	NA	NA
ENSDART00000148661	stat2	3	32.6	34.9	NA	NA	NA	NA	NA	NA	NA
ENSDART00000112915	si:dkey-119m17.2	43	27.6	28.0	11.3	19.6	36.7	46.8	NA	NA	NA
ENSDART00000112914	si:ch211-51h9.7	1	30.9	30.9	NA	NA	NA	NA	NA	NA	NA
ENSDART00000108601	dcaf15	34	70.5	68.7	13.8	38.5	105.0	127.5	NA	NA	NA
ENSDART00000135989	cep170a	7	73.7	80.5	NA	NA	NA	NA	NA	NA	NA
ENSDART00000108604	PGBD4	4	8.5	11.4	NA	NA	NA	NA	NA	NA	NA
ENSDART00000084745	CR361541.1	95	23.1	18.4	1.6	6.0	29.9	51.4	7.28	8.03	0.141461537319
ENSDART00000126832	CR855996.2	189	24.4	18.4	6.5	11.4	32.3	52.3	NA	NA	NA
ENSDART00000125559	mboat7	100	31.9	28.3	8.2	16.5	42.4	62.0	NA	NA	NA
ENSDART00000051105	TMTC2	35	22.5	18.1	6.1	10.9	30.9	39.6	NA	NA	NA
ENSDART00000125555	nup205	38	29.5	24.4	4.9	9.6	36.5	61.6	13.56	15.03	0.14848783078
ENSDART00000122274	CIT	35	74.5	72.8	28.5	51.5	94.4	117.7	11.03	20.23	0.875063528967
ENSDART00000084691	CABZ01078314.1	41	49.6	40.3	17.0	31.5	65.4	93.3	NA	NA	NA
ENSDART00000122272	fdps	468	52.9	47.8	14.6	30.8	69.7	100.9	64.04	297.1	2.21390339221
ENSDART00000125550	gtpbp1l	87	37.6	29.9	7.3	16.7	51.0	83.9	NA	NA	NA
ENSDART00000060444	rps29	1299	36.9	36.3	10.5	21.8	51.4	63.0	720.55	109.59	-2.71698238502
ENSDART00000060447	med18	52	31.0	26.3	6.9	15.0	43.1	59.9	NA	NA	NA
ENSDART00000064726	pnpla3	1	18.8	18.8	NA	NA	NA	NA	NA	NA	NA
ENSDART00000060442	setdb1a	678	17.3	13.3	2.1	7.0	23.6	37.8	52.07	15.88	-1.71324149425
ENSDART00000101986	C9H2orf15	231	22.7	19.4	4.9	11.7	30.9	44.1	108.53	33.7	-1.68727339287
ENSDART00000101985	zgc:162944	696	28.2	25.7	7.6	14.8	39.9	52.2	168.42	144.21	-0.223892260375
ENSDART00000104118	atxn7l3	43	24.4	18.8	9.6	14.8	25.5	47.3	NA	NA	NA
ENSDART00000104112	zyg11	249	17.4	15.4	3.9	7.7	24.2	34.5	20.75	6.48	-1.67904561824
ENSDART00000103722	LYPLAL1	7	14.9	14.7	NA	NA	NA	NA	NA	NA	NA
ENSDART00000104111	CDK5RAP1	15	10.5	6.3	2.6	3.7	10.5	27.7	NA	NA	NA
ENSDART00000103724	ndfip2	13	20.5	17.1	7.1	11.8	31.0	38.2	NA	NA	NA
ENSDART00000146955	ldlr	1	6.2	6.2	NA	NA	NA	NA	NA	NA	NA
ENSDART00000146957	uaca	64	23.5	20.0	5.9	12.5	28.8	46.0	NA	NA	NA
ENSDART00000000198	sema6e	49	23.9	14.2	2.9	8.8	27.6	49.7	NA	NA	NA
ENSDART00000114752	CR457447.1	174	36.6	25.6	5.9	14.9	46.5	71.7	35.06	32.14	-0.125456067084
ENSDART00000075998	klhl26	108	22.8	20.1	4.9	9.3	31.6	43.1	NA	NA	NA
ENSDART00000111462	eif3s10	208	65.5	65.1	15.5	34.7	92.7	115.6	78.15	136.27	0.80215020776
ENSDART00000000192	ptpn4b	111	39.0	27.7	4.0	14.5	58.4	90.5	NA	NA	NA
ENSDART00000111464	WARS	39	15.3	11.7	4.5	7.3	19.5	26.1	NA	NA	NA
ENSDART00000075993	crtc1	65	17.2	13.7	2.1	5.1	26.8	38.3	NA	NA	NA
ENSDART00000100639	chrm4a	1	8.4	8.4	NA	NA	NA	NA	NA	NA	NA
ENSDART00000100638	LIN9	10	36.7	33.3	13.4	24.9	42.8	53.1	NA	NA	NA
ENSDART00000129829	si:rp71-36a1.5	3	33.6	27.5	NA	NA	NA	NA	NA	NA	NA
ENSDART00000041886	RNF130	1	17.7	17.7	NA	NA	NA	NA	NA	NA	NA
ENSDART00000061712	CNGB1	2	23.4	23.4	NA	NA	NA	NA	NA	NA	NA
ENSDART00000030658	ZBTB7B	28	23.0	17.7	4.9	10.9	30.8	50.3	NA	NA	NA
ENSDART00000077436	mylipb	9	32.0	19.4	NA	NA	NA	NA	NA	NA	NA
ENSDART00000127003	METTL9	209	29.2	21.6	7.1	13.7	39.9	64.6	NA	NA	NA
ENSDART00000134047	cyp2p10	46	27.5	25.5	4.4	13.0	43.8	55.0	NA	NA	NA
ENSDART00000114659	maml3	90	36.3	31.1	8.3	14.9	49.1	83.0	21.74	45.46	1.06424574379
ENSDART00000015081	CABZ01070469.1	1	25.8	25.8	NA	NA	NA	NA	NA	NA	NA
ENSDART00000127343	smarcd2	5	49.3	40.1	NA	NA	NA	NA	NA	NA	NA
ENSDART00000124068	PAX7	1	4.8	4.8	NA	NA	NA	NA	NA	NA	NA
ENSDART00000132207	zgc:165539	53	30.5	26.4	5.6	12.3	44.0	63.0	15.35	15.12	-0.0217805160365
ENSDART00000100240	rnmtl1b	86	21.2	17.1	6.2	9.4	27.7	40.1	NA	NA	NA
ENSDART00000078268	pag1	14	29.7	32.8	10.0	15.4	37.9	52.5	NA	NA	NA
ENSDART00000018350	cnot8	369	96.3	101.3	30.8	65.5	129.2	155.2	70.96	924.7	3.70390747389
ENSDART00000018351	zgc:65851	6	35.2	38.0	NA	NA	NA	NA	NA	NA	NA
ENSDART00000133274	CABZ01032467.1	8	34.8	38.6	NA	NA	NA	NA	NA	NA	NA
ENSDART00000007770	lbx1b	2	43.8	43.8	NA	NA	NA	NA	NA	NA	NA
ENSDART00000027345	tmem59l	198	37.6	24.4	4.3	11.4	59.2	85.8	15.97	37.59	1.23498460263
ENSDART00000142622	si:ch211-198a12.6	470	37.6	27.8	7.9	14.8	54.4	83.0	69.16	365.28	2.40099299058
ENSDART00000033294	wdr13	179	13.7	12.1	3.4	7.1	17.4	28.0	NA	NA	NA
ENSDART00000054476	fmr1	175	36.8	31.2	6.1	17.5	50.8	71.6	59.55	72.08	0.275497503062
ENSDART00000110974	zdhhc12b	2	26.0	26.0	NA	NA	NA	NA	NA	NA	NA
ENSDART00000092324	abcb6a	115	96.1	100.6	24.5	61.0	137.4	149.6	7.91	142.58	4.17195012115
ENSDART00000102202	zgc:158309	23	26.3	20.5	11.4	16.8	36.9	44.1	NA	NA	NA
ENSDART00000014868	calm2a	19	41.9	23.0	2.8	11.6	64.2	133.7	41.06	325.82	2.98826963182
ENSDART00000014685	cpm	2	21.8	21.8	NA	NA	NA	NA	10.56	5.94	-0.830074998558
ENSDART00000122869	C21H11orf82	2	40.3	40.3	NA	NA	NA	NA	NA	NA	NA
ENSDART00000146590	mboat2a	47	32.1	28.3	10.6	18.9	41.7	57.4	NA	NA	NA
ENSDART00000115090	gpt2	79	95.9	94.6	6.9	41.9	152.0	185.5	21.53	641.62	4.89729888826
ENSDART00000056657	zgc:113531	1	13.6	13.6	NA	NA	NA	NA	NA	NA	NA
ENSDART00000145069	dyrk2	19	36.5	37.6	6.6	17.1	47.8	58.4	NA	NA	NA
ENSDART00000110195	akirin1	626	67.6	65.6	26.5	42.3	88.4	110.2	52.0	440.21	3.08160839012
ENSDART00000106292	BX322657.1	41	21.3	16.9	4.1	9.9	28.5	44.9	NA	NA	NA
ENSDART00000048375	stmn4	39	20.3	16.8	2.1	11.6	24.2	42.3	NA	NA	NA
ENSDART00000129007	TTC28	10	26.0	16.6	5.2	7.6	43.5	57.9	NA	NA	NA
ENSDART00000126766	CABZ01060813.1	10	39.5	32.8	12.8	18.5	43.1	76.5	NA	NA	NA
ENSDART00000125515	nr5a5	1	-1.6	-1.6	NA	NA	NA	NA	NA	NA	NA
ENSDART00000013480	elovl1a	150	45.6	36.3	9.2	16.7	67.6	95.2	12.65	54.45	2.10579466402
ENSDART00000082354	hoxd9a	8	51.8	49.7	NA	NA	NA	NA	NA	NA	NA
ENSDART00000082351	tfap2a	119	16.6	13.5	0.3	7.7	23.8	35.5	NA	NA	NA
ENSDART00000126768	cc2d2a	33	88.4	84.5	16.0	48.4	123.5	155.2	5.63	13.02	1.20952262109
ENSDART00000090371	sin3b	197	26.2	19.6	4.7	10.7	34.4	58.6	30.92	63.58	1.04003269721
ENSDART00000082352	KBTBD11	2	12.9	12.9	NA	NA	NA	NA	NA	NA	NA
ENSDART00000100961	zgc:55558	164	65.3	71.9	11.6	27.8	94.8	113.1	55.47	224.93	2.01969646258
ENSDART00000100967	si:dkeyp-114g9.1	175	91.5	100.1	13.1	43.5	131.3	156.5	61.78	591.59	3.25938588983
ENSDART00000050762	phactr3b	4	32.3	33.3	NA	NA	NA	NA	NA	NA	NA
ENSDART00000027129	bmpr1ba	230	25.1	22.3	6.0	12.6	33.9	48.2	NA	NA	NA
ENSDART00000004477	foxi1	1	33.0	33.0	NA	NA	NA	NA	NA	NA	NA
ENSDART00000149382	abcc12	23	22.0	15.8	4.0	8.4	25.2	62.4	NA	NA	NA
ENSDART00000077222	ldlrad4	41	30.8	23.2	5.9	15.5	39.3	63.9	NA	NA	NA
ENSDART00000102674	plcd3a	10	24.4	25.5	4.6	11.1	37.0	51.6	NA	NA	NA
ENSDART00000093571	camlg	244	25.5	19.0	4.9	11.0	31.7	53.0	33.27	24.81	-0.42330013099
ENSDART00000101799	ALPK1	53	24.6	21.6	5.9	13.3	34.0	48.4	NA	NA	NA
ENSDART00000102672	nck2a	150	27.7	25.2	7.1	17.3	40.8	50.0	NA	NA	NA
ENSDART00000143676	zc3h12b	14	30.3	29.3	10.8	20.6	39.5	46.1	NA	NA	NA
ENSDART00000143677	grm6b	1	31.7	31.7	NA	NA	NA	NA	NA	NA	NA
ENSDART00000121708	pcsk1nl	2	14.4	14.4	NA	NA	NA	NA	NA	NA	NA
ENSDART00000009347	exoc3	197	32.3	27.7	6.9	15.2	44.6	64.3	24.03	81.01	1.75326335903
ENSDART00000040424	slc26a3	1	-0.4	-0.4	NA	NA	NA	NA	NA	NA	NA
ENSDART00000134724	ssna1	529	11.3	9.0	-0.2	4.4	16.3	25.2	NA	NA	NA
ENSDART00000134725	si:ch211-233a24.2	25	82.3	76.4	8.5	24.2	154.5	169.5	6.2	20.9	1.75316282169
ENSDART00000089207	cables1	4	53.9	39.5	NA	NA	NA	NA	NA	NA	NA
ENSDART00000087329	znf438	115	19.7	16.9	6.7	11.6	24.8	37.7	NA	NA	NA
ENSDART00000115189	slc34a2b	34	30.8	25.5	9.1	14.9	37.5	63.9	NA	NA	NA
ENSDART00000106606	si:dkey-4c15.16	27	30.8	29.4	10.8	19.4	38.8	52.4	NA	NA	NA
ENSDART00000131369	si:dkey-29d8.3	24	41.3	22.4	6.0	11.4	56.8	114.3	NA	NA	NA
ENSDART00000079336	raraa	8	20.6	20.0	NA	NA	NA	NA	NA	NA	NA
ENSDART00000035925	kctd2	6	25.5	26.0	NA	NA	NA	NA	NA	NA	NA
ENSDART00000027807	chd9	3	15.2	15.8	NA	NA	NA	NA	NA	NA	NA
ENSDART00000123940	PHTF2	3	19.9	11.0	NA	NA	NA	NA	NA	NA	NA
ENSDART00000092110	lin54	84	45.3	37.4	5.6	17.8	55.9	91.8	12.72	25.15	0.983459729409
ENSDART00000006393	tlx1	1	102.0	102.0	NA	NA	NA	NA	NA	NA	NA
ENSDART00000004692	IDH2	614	23.1	21.1	8.8	15.0	29.0	40.0	63.31	2.48	-4.67402136984
ENSDART00000055308	pih1d1	61	24.5	19.0	3.3	10.9	28.0	43.8	NA	NA	NA
ENSDART00000134469	glrx	221	17.8	14.1	1.9	6.7	24.9	38.7	NA	NA	NA
ENSDART00000009126	kras	14	46.7	44.2	9.3	19.0	77.2	92.2	NA	NA	NA
ENSDART00000143499	si:dkey-4c15.15	4	9.5	8.9	NA	NA	NA	NA	NA	NA	NA
ENSDART00000006830	mfn1b	69	30.0	24.2	9.0	16.1	41.8	57.6	NA	NA	NA
ENSDART00000134467	parpbp	110	65.6	68.9	13.9	37.5	94.0	113.1	31.42	282.16	3.16675839513
ENSDART00000026195	slc9a6a	50	49.2	48.6	5.9	16.4	69.2	111.4	NA	NA	NA
ENSDART00000130115	ANKRD30B	3	9.9	14.9	NA	NA	NA	NA	6.53	1.25	-2.38515489688
ENSDART00000063525	calr	1866	28.6	23.6	6.0	13.4	39.6	58.2	238.7	114.67	-1.05771056401
ENSDART00000063523	mgmt	140	27.0	23.8	4.1	11.9	36.9	55.2	NA	NA	NA
ENSDART00000058504	CU929219.1	1	-7.2	-7.2	NA	NA	NA	NA	NA	NA	NA
ENSDART00000139254	zgc:152977	1025	14.0	10.8	0.2	5.1	19.6	32.0	NA	NA	NA
ENSDART00000005127	garem	65	22.7	19.0	6.1	13.9	31.2	40.2	NA	NA	NA
ENSDART00000052627	npvf	1	15.6	15.6	NA	NA	NA	NA	NA	NA	NA
ENSDART00000148870	kmt2bb	112	24.9	17.1	4.1	9.6	30.0	55.4	31.08	13.89	-1.16193990443
ENSDART00000148872	slc16a4	1	8.7	8.7	NA	NA	NA	NA	NA	NA	NA
ENSDART00000112728	tmem175	39	19.0	16.9	2.2	8.1	26.7	37.5	NA	NA	NA
ENSDART00000049365	ESX1	158	15.7	13.9	1.7	6.8	21.6	31.0	NA	NA	NA
ENSDART00000086631	CR354611.2	257	24.5	20.2	6.8	11.8	33.0	44.8	15.59	4.28	-1.8649382263
ENSDART00000112722	org	4454	17.4	14.1	3.3	8.0	23.0	35.2	598.22	94.07	-2.66886953474
ENSDART00000085121	sdk2b	5	85.5	98.4	NA	NA	NA	NA	NA	NA	NA
ENSDART00000137795	ssrp1a	206	68.2	61.2	15.7	26.8	105.5	132.9	118.54	308.69	1.38078478504
ENSDART00000073892	zgc:114041	597	29.0	23.3	7.3	14.6	39.0	56.9	79.7	73.73	-0.112327967246
ENSDART00000128609	cry1b	144	46.6	45.4	14.9	27.2	64.3	79.7	NA	NA	NA
ENSDART00000122919	zgc:163098	114	22.5	21.0	3.8	12.7	28.3	43.1	16.06	5.96	-1.43008765706
ENSDART00000049420	ndrg1b	261	28.2	21.8	4.9	10.5	37.1	61.3	NA	NA	NA
ENSDART00000101219	wbscr27	82	21.2	16.3	2.3	8.5	33.0	48.0	NA	NA	NA
ENSDART00000128604	CABZ01077555.1	19	26.1	21.9	7.7	12.7	31.3	43.7	NA	NA	NA
ENSDART00000122917	AL840631.3	43	24.2	23.9	9.0	13.0	33.5	41.4	NA	NA	NA
ENSDART00000085989	trmt5	213	53.8	45.7	13.6	25.8	79.4	106.2	29.44	105.23	1.83769648441
ENSDART00000021340	sycp3	2	32.7	32.7	NA	NA	NA	NA	NA	NA	NA
ENSDART00000104933	eepd1	97	13.1	12.6	1.6	6.8	18.2	28.0	NA	NA	NA
ENSDART00000109183	trim3b	49	17.5	14.0	3.1	9.0	25.0	31.3	NA	NA	NA
ENSDART00000040191	snx17	54	39.1	30.7	5.4	16.4	58.3	84.1	NA	NA	NA
ENSDART00000006344	cap1	489	19.1	13.7	2.9	7.6	22.5	36.7	41.87	128.53	1.61811631288
ENSDART00000025107	map2k1	52	43.8	34.7	10.8	23.3	68.4	88.2	NA	NA	NA
ENSDART00000129919	TIFA	57	30.7	29.5	11.8	16.9	36.0	56.5	NA	NA	NA
ENSDART00000129918	kif17	7	48.2	43.4	NA	NA	NA	NA	NA	NA	NA
ENSDART00000145092	lipi	1	4.6	4.6	NA	NA	NA	NA	NA	NA	NA
ENSDART00000063093	auh	24	50.0	37.4	13.2	22.4	57.2	112.9	NA	NA	NA
ENSDART00000129910	tmem240	3	29.1	23.3	NA	NA	NA	NA	NA	NA	NA
ENSDART00000089327	hs2st1a	47	71.7	68.0	10.1	29.6	93.0	109.7	NA	NA	NA
ENSDART00000087857	unc5db	8	22.7	19.6	NA	NA	NA	NA	NA	NA	NA
ENSDART00000111269	ttll11	2	8.8	8.8	NA	NA	NA	NA	NA	NA	NA
ENSDART00000079253	pskh1	116	22.2	19.5	4.1	12.0	31.8	43.9	NA	NA	NA
ENSDART00000062383	ywhaqa	441	28.2	24.8	6.9	13.0	39.1	56.8	394.14	68.36	-2.52748386926
ENSDART00000142721	dcun1d4	204	16.4	13.5	2.0	8.2	21.7	31.4	NA	NA	NA
ENSDART00000142726	creg2	1	42.1	42.1	NA	NA	NA	NA	NA	NA	NA
ENSDART00000001804	kifc1	377	41.0	35.7	10.6	19.8	55.8	78.8	53.62	310.57	2.53407535261
ENSDART00000127983	lima1	211	29.5	23.6	6.7	11.8	40.8	55.7	43.48	62.7	0.528113502662
ENSDART00000053685	smox	14	14.6	16.7	-1.7	4.4	25.8	31.6	NA	NA	NA
ENSDART00000127987	BSN	5	35.5	25.2	NA	NA	NA	NA	NA	NA	NA
ENSDART00000127985	MTERF	161	23.1	21.8	5.7	12.0	31.2	45.8	NA	NA	NA
ENSDART00000080671	eif1axb	1525	16.4	12.9	4.0	7.5	20.8	32.1	344.25	139.93	-1.29875135511
ENSDART00000080673	syt11a	33	50.8	52.0	22.0	25.6	77.1	80.5	NA	NA	NA
ENSDART00000087070	abcc5	2	56.7	56.7	NA	NA	NA	NA	NA	NA	NA
ENSDART00000141397	rpl15	803	24.0	21.9	5.6	11.7	33.5	44.2	398.94	19.44	-4.35907165946
ENSDART00000127961	DENND6A	121	34.6	23.1	3.1	10.7	46.6	76.9	NA	NA	NA
ENSDART00000102045	zmym2	220	37.2	27.8	7.9	15.7	47.2	83.0	26.78	78.52	1.55190421214
ENSDART00000109224	CCKBR	7	22.3	19.8	NA	NA	NA	NA	NA	NA	NA
ENSDART00000080589	gulp1b	4	22.6	21.4	NA	NA	NA	NA	NA	NA	NA
ENSDART00000067354	zgc:101783	51	31.9	21.9	5.6	12.6	39.4	67.5	28.58	3.07	-3.21869535573
ENSDART00000067608	pde12	139	26.2	25.5	7.6	12.4	36.2	45.6	24.96	17.83	-0.485311231237
ENSDART00000114573	ccdc24	1	75.3	75.3	NA	NA	NA	NA	NA	NA	NA
ENSDART00000067353	CU041386.1	134	19.0	17.1	3.9	10.0	24.6	37.4	NA	NA	NA
ENSDART00000067600	zbtb43	2	14.5	14.5	NA	NA	NA	NA	NA	NA	NA
ENSDART00000145890	mhc1zaa	8	19.2	17.7	NA	NA	NA	NA	NA	NA	NA
ENSDART00000067604	arf4a	14	43.7	30.9	13.1	24.1	63.2	87.1	NA	NA	NA
ENSDART00000012048	cyb5r4	98	34.1	27.8	7.7	19.2	47.2	65.1	NA	NA	NA
ENSDART00000062656	cryl1	18	23.6	14.6	-3.4	5.0	39.9	56.4	NA	NA	NA
ENSDART00000020168	kctd5	46	20.2	19.1	3.1	7.3	29.4	40.4	17.35	3.65	-2.2489672937
ENSDART00000017567	dcp1a	194	17.4	14.2	3.2	7.7	23.4	36.5	NA	NA	NA
ENSDART00000053539	tcf21	9	21.7	17.9	NA	NA	NA	NA	NA	NA	NA
ENSDART00000141620	pi15a	14	31.7	18.9	2.0	12.1	33.5	68.0	NA	NA	NA
ENSDART00000135400	tmprss15	22	31.7	29.3	12.7	16.1	39.3	57.1	NA	NA	NA
ENSDART00000060879	si:ch211-9d9.1	50	41.8	38.2	18.4	25.8	54.1	69.7	NA	NA	NA
ENSDART00000064558	etf1	1123	27.4	22.5	6.4	14.0	34.6	53.5	139.4	174.55	0.324409795684
ENSDART00000024858	chchd10	450	18.9	15.0	4.2	8.6	26.1	38.4	76.53	30.1	-1.34626191268
ENSDART00000064554	ppp2r3c	53	26.8	25.8	11.3	16.2	36.2	44.3	16.77	3.68	-2.18810501751
ENSDART00000053535	arih1l	506	36.2	32.2	11.2	20.2	48.3	65.6	86.2	65.55	-0.395092088867
ENSDART00000053534	tbpl1	329	19.3	14.2	3.0	7.9	26.6	42.6	45.08	40.75	-0.145687456166
ENSDART00000127570	pbxip1b	24	22.8	20.9	8.7	11.5	31.7	40.5	14.2	0.74	-4.26222184876
ENSDART00000008698	stk3	220	76.4	74.3	17.1	40.7	107.2	139.0	11.86	265.78	4.4860566306
ENSDART00000127575	ckap5	1009	43.2	36.2	8.1	16.8	62.6	91.0	40.25	123.37	1.61593092727
ENSDART00000127578	twistnb	393	30.5	26.4	9.0	15.9	40.1	57.3	237.51	17.34	-3.77581245355
ENSDART00000081823	FBXW12	5	29.1	37.4	NA	NA	NA	NA	NA	NA	NA
ENSDART00000123403	arhgap11a	327	22.4	18.7	5.4	9.0	30.6	47.1	19.65	16.51	-0.251189192233
ENSDART00000098525	stx2b	50	16.3	13.3	1.8	6.1	20.6	37.9	NA	NA	NA
ENSDART00000126161	CR384099.1	7	13.6	11.3	NA	NA	NA	NA	NA	NA	NA
ENSDART00000126160	dnajb9b	30	15.9	15.4	-0.4	5.5	22.3	30.2	NA	NA	NA
ENSDART00000140863	si:dkey-7l6.3	16	28.7	17.8	-0.9	11.9	25.6	48.4	NA	NA	NA
ENSDART00000016211	tbp	513	51.1	47.6	16.3	28.8	69.2	92.4	57.6	450.46	2.96725828634
ENSDART00000115398	arid5a	25	24.5	16.7	4.1	9.8	32.4	50.5	NA	NA	NA
ENSDART00000016214	msna	165	37.1	29.2	8.8	16.1	50.3	75.8	146.82	86.86	-0.757284649347
ENSDART00000141628	si:dkey-102m7.1	266	15.1	12.7	1.8	6.4	21.4	30.4	NA	NA	NA
ENSDART00000081661	nudt2	108	38.7	30.6	8.5	15.6	61.9	78.1	NA	NA	NA
ENSDART00000081985	pim2	35	13.8	13.2	-0.6	4.5	18.5	28.8	NA	NA	NA
ENSDART00000140665	grb10a	163	27.1	19.7	5.6	10.4	37.1	62.3	NA	NA	NA
ENSDART00000140666	prosc	254	36.7	25.8	7.5	14.1	50.6	79.6	NA	NA	NA
ENSDART00000147947	ankhd1	280	36.8	34.6	9.8	19.0	49.4	67.4	41.68	19.6	-1.08850162328
ENSDART00000085309	dpcd	213	15.4	12.2	2.6	6.7	20.5	29.4	NA	NA	NA
ENSDART00000081982	KCNJ15	1	43.0	43.0	NA	NA	NA	NA	NA	NA	NA
ENSDART00000084174	LIG1	191	38.3	32.6	10.3	18.2	50.7	79.5	140.14	62.52	-1.16447911789
ENSDART00000111994	tmem63bb	72	37.3	27.5	7.5	12.9	48.9	82.3	NA	NA	NA
ENSDART00000084179	rnf32	4	42.1	41.9	NA	NA	NA	NA	NA	NA	NA
ENSDART00000064809	nol8	208	32.0	27.1	8.7	16.1	45.7	59.2	66.44	27.1	-1.29375922172
ENSDART00000034098	dtl	418	27.1	21.1	4.8	11.2	36.7	55.5	54.87	149.55	1.44653842954
ENSDART00000146772	zfand4	52	41.9	32.4	7.5	15.4	62.1	88.7	NA	NA	NA
ENSDART00000009838	agpat6	103	18.5	16.3	4.8	9.6	25.9	34.8	27.61	0.87	-4.98803167674
ENSDART00000064801	ogn	1	55.0	55.0	NA	NA	NA	NA	NA	NA	NA
ENSDART00000064803	iars2	32	41.2	28.0	10.6	13.3	44.6	107.6	5.05	24.85	2.29889055881
ENSDART00000076128	ppp1r2	178	78.7	74.2	13.9	41.7	119.6	139.9	65.82	189.78	1.52773003011
ENSDART00000123667	pkma	1121	24.9	21.0	6.2	12.3	31.5	47.3	49.18	75.8	0.624126113462
ENSDART00000115025	thap4	164	34.0	31.8	8.1	17.6	49.9	64.3	NA	NA	NA
ENSDART00000115026	CABZ01083862.1	1	8.0	8.0	NA	NA	NA	NA	NA	NA	NA
ENSDART00000035905	sumo3a	846	87.6	89.4	19.0	49.3	126.2	149.6	136.27	1434.51	3.39601813399
ENSDART00000115023	BX927294.1	212	25.9	21.0	6.2	11.2	35.0	50.2	NA	NA	NA
ENSDART00000097845	ggps1	369	55.5	47.2	12.1	23.9	77.4	112.3	67.67	194.49	1.52310768509
ENSDART00000003317	tfdp1b	49	42.8	31.5	5.5	14.1	66.7	96.9	38.23	63.02	0.721104554183
ENSDART00000030409	asap1b	131	27.4	21.8	7.6	12.8	35.8	57.7	NA	NA	NA
ENSDART00000142577	fxn	453	28.5	22.1	7.8	13.2	38.5	57.6	NA	NA	NA
ENSDART00000019743	tm9sf2	51	22.7	13.6	4.0	8.5	21.6	59.8	NA	NA	NA
ENSDART00000079347	serpine1	81	19.5	15.6	3.4	10.2	28.6	41.5	NA	NA	NA
ENSDART00000019744	reps1	126	36.4	23.9	4.1	10.7	52.9	93.1	15.1	72.55	2.26442706474
ENSDART00000146779	slc38a2	23	17.4	14.1	0.6	8.4	24.1	32.7	NA	NA	NA
ENSDART00000084355	zgc:165481	19	19.6	17.9	2.6	10.4	28.2	41.1	NA	NA	NA
ENSDART00000105453	si:ch211-197g15.7	6	48.5	24.9	NA	NA	NA	NA	NA	NA	NA
ENSDART00000137567	smim14	88	21.1	19.0	1.2	9.7	30.7	42.7	NA	NA	NA
ENSDART00000147491	fam63a	204	25.8	22.5	6.4	13.8	36.4	48.4	35.3	19.86	-0.82980256063
ENSDART00000085304	pcsk5b	35	30.2	21.8	2.5	14.6	32.7	84.9	NA	NA	NA
ENSDART00000150320	gfra1b	3	50.8	68.9	NA	NA	NA	NA	NA	NA	NA
ENSDART00000081188	lsm7	148	38.7	28.7	12.0	17.9	50.8	85.1	85.16	115.86	0.44413471522
ENSDART00000110613	LRIG3	67	16.8	11.9	3.7	7.2	18.8	36.8	7.25	1.04	-2.80139746676
ENSDART00000134918	dhx9	17	24.6	20.3	3.3	10.2	30.7	47.7	4.75	6.46	0.443606651476
ENSDART00000098045	gas1b	49	26.8	17.2	6.0	8.8	38.5	45.9	NA	NA	NA
ENSDART00000010119	eef1a2	5	15.2	17.1	NA	NA	NA	NA	NA	NA	NA
ENSDART00000034541	gpatch11	80	20.6	17.2	3.7	8.9	27.4	42.7	NA	NA	NA
ENSDART00000037797	sult2st3	1	96.6	96.6	NA	NA	NA	NA	NA	NA	NA
ENSDART00000060650	FCF1	575	25.2	21.5	8.1	13.9	32.7	45.9	111.57	14.88	-2.90650272223
ENSDART00000057944	rpl26	1595	25.8	23.8	6.4	13.8	35.8	46.9	529.02	17.36	-4.92948341265
ENSDART00000060657	rmi1	78	12.6	12.3	-0.7	4.1	18.4	27.4	NA	NA	NA
ENSDART00000106191	psmc5	38	14.9	11.0	2.6	4.1	21.9	28.5	44.81	14.16	-1.66199946107
ENSDART00000088293	SIPA1L3	7	38.6	40.7	NA	NA	NA	NA	NA	NA	NA
ENSDART00000088290	RAPH1	107	32.7	22.1	5.1	14.8	46.0	73.7	12.14	18.91	0.639380941694
ENSDART00000121806	cdc5l	628	31.5	28.1	10.1	17.5	41.7	58.0	122.94	138.64	0.173389169428
ENSDART00000146547	COLGALT2	1	-25.1	-25.1	NA	NA	NA	NA	NA	NA	NA
ENSDART00000075529	gstz1	8	26.5	20.3	NA	NA	NA	NA	NA	NA	NA
ENSDART00000146544	mpv17	48	41.2	38.4	12.7	19.3	53.4	78.1	NA	NA	NA
ENSDART00000075525	FP103005.1	2	69.2	69.2	NA	NA	NA	NA	NA	NA	NA
ENSDART00000019296	gdf9	78	30.4	25.8	5.5	14.3	39.8	64.6	NA	NA	NA
ENSDART00000075520	aldh6a1	678	23.7	17.9	4.5	10.6	30.4	47.5	42.39	13.29	-1.67338286178
ENSDART00000075521	zgc:113054	187	45.4	39.7	13.7	20.5	61.0	85.4	55.0	76.51	0.47621670443
ENSDART00000075522	syne2b	5	42.4	25.4	NA	NA	NA	NA	NA	NA	NA
ENSDART00000051666	ppm1f	11	14.9	9.0	6.1	6.3	18.3	35.7	NA	NA	NA
ENSDART00000152677	plekhm1	141	44.8	33.9	9.5	18.3	59.2	96.5	14.96	162.84	3.44427304625
ENSDART00000150129	polg	3	18.0	17.0	NA	NA	NA	NA	2.95	1.25	-1.23878685959
ENSDART00000055682	ndel1b	659	35.6	29.6	10.2	17.0	48.0	71.8	27.79	151.66	2.44820288838
ENSDART00000061838	ttc38	3	13.4	7.1	NA	NA	NA	NA	NA	NA	NA
ENSDART00000043815	klhl12	77	23.1	17.9	1.9	8.7	32.7	55.7	14.76	19.52	0.403260331502
ENSDART00000144938	si:ch211-191j22.3	79	45.7	30.7	10.3	15.8	62.5	115.8	NA	NA	NA
ENSDART00000122136	MDFI	17	27.7	23.5	10.2	13.7	31.3	49.7	NA	NA	NA
ENSDART00000122137	tpt1	119	32.1	29.3	11.1	15.7	43.2	60.4	225.07	46.31	-2.28097810794
ENSDART00000077962	exoc2	126	29.0	26.4	7.5	15.1	39.9	51.0	12.78	22.27	0.801213721841
ENSDART00000122131	CDK5RAP2	147	29.4	25.9	9.0	17.0	38.3	55.1	37.53	13.52	-1.4729491386
ENSDART00000043812	polr2c	185	30.9	29.1	12.0	21.5	39.4	48.8	50.46	51.67	0.0341866774486
ENSDART00000122139	hao2	4	15.8	15.1	NA	NA	NA	NA	NA	NA	NA
ENSDART00000137178	marveld2b	81	25.6	19.8	5.8	9.1	30.6	55.2	NA	NA	NA
ENSDART00000137179	caly	92	21.5	19.4	6.8	10.8	28.6	42.3	NA	NA	NA
ENSDART00000028997	CU633744.1	3	28.1	19.5	NA	NA	NA	NA	NA	NA	NA
ENSDART00000018163	irf2bp1	152	37.8	29.8	4.0	12.6	62.6	81.2	NA	NA	NA
ENSDART00000106436	zgc:171318	71	23.3	20.7	6.8	14.0	30.1	41.8	NA	NA	NA
ENSDART00000104323	snrka	274	29.4	18.4	5.5	10.7	37.7	68.4	25.33	21.07	-0.265656762895
ENSDART00000104322	uchl3	507	26.0	21.9	6.6	12.8	33.3	49.7	155.35	85.23	-0.866089004099
ENSDART00000023006	fam84a	81	28.9	26.7	7.2	16.6	41.9	53.9	NA	NA	NA
ENSDART00000085402	OCRL	16	22.5	19.7	6.5	13.4	29.3	41.8	NA	NA	NA
ENSDART00000145326	pde6g	2	36.8	36.8	NA	NA	NA	NA	NA	NA	NA
ENSDART00000080628	arpc3	259	18.2	14.9	3.8	8.7	23.1	37.8	NA	NA	NA
ENSDART00000082184	TMEM128	38	16.5	13.9	4.6	8.3	23.9	30.3	NA	NA	NA
ENSDART00000146728	znf653	87	26.8	20.7	5.6	12.8	33.6	57.5	51.0	22.49	-1.18121358597
ENSDART00000141405	fastkd1	77	17.0	14.5	3.3	8.5	20.6	32.9	NA	NA	NA
ENSDART00000089533	atrnl1a	1	11.2	11.2	NA	NA	NA	NA	NA	NA	NA
ENSDART00000108838	tecrb	196	21.9	17.7	3.8	8.3	29.5	48.1	NA	NA	NA
ENSDART00000061520	BRK1	18	21.5	19.3	-1.0	7.9	36.1	44.8	NA	NA	NA
ENSDART00000065862	FNBP1	6	39.0	26.0	NA	NA	NA	NA	NA	NA	NA
ENSDART00000112116	ctssb.1	9682	14.5	11.8	2.2	6.3	19.4	29.7	681.7	149.52	-2.18879850885
ENSDART00000065864	TTC17	78	36.2	32.4	9.3	16.0	49.9	72.1	16.22	27.31	0.751655494548
ENSDART00000152240	si:ch1073-174d20.2	28	62.7	50.6	15.0	27.7	97.5	122.8	11.1	28.79	1.37500811233
ENSDART00000065868	vps33b	5	30.3	28.9	NA	NA	NA	NA	NA	NA	NA
ENSDART00000100386	mstnb	1	17.2	17.2	NA	NA	NA	NA	NA	NA	NA
ENSDART00000112118	CU633988.1	62	23.5	18.8	1.1	10.6	32.6	50.4	NA	NA	NA
ENSDART00000002633	frzb	2	19.4	19.4	NA	NA	NA	NA	NA	NA	NA
ENSDART00000102245	pdpk1a	12	35.2	25.9	9.9	15.2	38.2	94.8	NA	NA	NA
ENSDART00000074264	crfb12	1	22.8	22.8	NA	NA	NA	NA	NA	NA	NA
ENSDART00000093187	lnpa	651	28.2	22.5	8.2	13.2	37.5	59.0	84.41	68.27	-0.30616217236
ENSDART00000093185	limk2	98	31.4	22.6	5.3	12.0	45.4	68.5	NA	NA	NA
ENSDART00000083761	fam69b	7	44.9	33.8	NA	NA	NA	NA	NA	NA	NA
ENSDART00000083760	frmd3	4	32.8	34.2	NA	NA	NA	NA	NA	NA	NA
ENSDART00000032009	CABZ01074899.1	3	29.7	34.0	NA	NA	NA	NA	NA	NA	NA
ENSDART00000066388	tomm22	454	20.4	17.5	5.6	10.2	26.2	38.7	57.62	50.49	-0.190571983109
ENSDART00000078459	tmem55a	1	17.8	17.8	NA	NA	NA	NA	NA	NA	NA
ENSDART00000013870	UBL4B	661	16.2	13.5	3.6	7.6	20.9	31.1	148.13	18.57	-2.99581813137
ENSDART00000062868	tfdp2	73	22.6	20.3	4.9	13.0	31.1	41.8	NA	NA	NA
ENSDART00000066380	ca7	504	26.0	15.8	4.1	8.9	32.7	64.1	NA	NA	NA
ENSDART00000066386	shisa9	1	21.1	21.1	NA	NA	NA	NA	NA	NA	NA
ENSDART00000097644	ephb4b	66	24.6	24.2	6.8	12.5	31.5	44.6	16.96	1.29	-3.71669319914
ENSDART00000097649	clpxb	37	63.2	61.3	28.7	34.5	83.9	102.9	NA	NA	NA
ENSDART00000097648	crfb6	48	30.5	27.2	8.0	20.0	36.0	57.4	NA	NA	NA
ENSDART00000001320	pdgfra	27	24.5	20.8	8.4	12.8	31.4	47.5	NA	NA	NA
ENSDART00000041279	tubb4b	2687	22.9	20.2	3.5	9.7	32.5	45.3	347.04	181.78	-0.932908479647
ENSDART00000063892	si:dkey-239i20.2	1	14.5	14.5	NA	NA	NA	NA	NA	NA	NA
ENSDART00000055422	flr	48	29.3	25.9	7.4	16.2	37.0	54.7	9.48	7.17	-0.402913940196
ENSDART00000024480	BAIAP2L2	1	24.1	24.1	NA	NA	NA	NA	NA	NA	NA
ENSDART00000143807	zgc:113060	44	28.2	23.2	11.1	16.7	37.3	49.9	NA	NA	NA
ENSDART00000143806	si:dkey-188i13.11	458	19.2	17.2	4.4	9.6	25.2	38.2	203.59	6.43	-4.98470415261
ENSDART00000099552	exosc8	124	57.1	56.0	19.1	33.6	76.7	96.4	37.55	92.5	1.30064045789
ENSDART00000035743	rrp1	527	19.4	16.5	4.6	10.0	24.5	37.7	141.11	11.71	-3.59100724964
ENSDART00000052329	ZNF408	44	27.2	24.1	4.0	15.4	37.8	46.8	10.63	1.8	-2.5620727852
ENSDART00000058970	gtpbp10	53	23.2	19.0	5.6	11.5	29.5	45.6	NA	NA	NA
ENSDART00000058971	lrrc20	5	14.9	16.4	NA	NA	NA	NA	NA	NA	NA
ENSDART00000058974	nbn	145	16.5	13.7	3.7	7.9	21.6	30.0	NA	NA	NA
ENSDART00000130340	zgc:174877	8	22.2	15.9	NA	NA	NA	NA	NA	NA	NA
ENSDART00000130342	CABZ01054396.1	89	22.0	18.7	7.0	12.3	29.0	44.6	NA	NA	NA
ENSDART00000130343	parp12a	62	36.4	32.7	11.3	20.0	52.9	63.6	NA	NA	NA
ENSDART00000048293	irf1b	3	11.7	7.2	NA	NA	NA	NA	NA	NA	NA
ENSDART00000130347	BX957278.1	4	20.6	24.4	NA	NA	NA	NA	NA	NA	NA
ENSDART00000124476	tube1	90	18.1	15.1	3.8	8.3	23.8	34.5	NA	NA	NA
ENSDART00000021645	kdelc2	65	49.9	49.1	15.9	28.5	63.5	83.1	NA	NA	NA
ENSDART00000092580	rbpjb	50	42.1	29.9	8.9	17.4	70.4	94.0	NA	NA	NA
ENSDART00000024199	atp5a1	2398	19.6	16.3	5.8	10.2	24.7	38.1	345.02	49.35	-2.80555800417
ENSDART00000110059	vav3b	3	25.5	23.7	NA	NA	NA	NA	NA	NA	NA
ENSDART00000024193	FP236813.1	233	32.5	27.0	3.9	13.1	45.2	64.8	28.01	92.67	1.72616038827
ENSDART00000055473	grb2b	211	23.0	19.1	5.6	10.4	31.3	48.7	36.6	18.35	-0.996063585441
ENSDART00000110056	MSANTD2	10	19.7	15.4	4.7	7.9	23.8	49.1	NA	NA	NA
ENSDART00000024627	cdh2	6	115.7	122.5	NA	NA	NA	NA	NA	NA	NA
ENSDART00000053946	cxcl12a	1	19.0	19.0	NA	NA	NA	NA	NA	NA	NA
ENSDART00000137821	micall2b	165	48.6	35.7	9.5	15.5	64.4	120.3	NA	NA	NA
ENSDART00000077783	hmox2a	50	23.8	21.6	3.7	6.7	32.8	49.8	NA	NA	NA
ENSDART00000131434	fam135a	311	30.9	23.8	7.2	14.4	43.5	65.5	17.71	18.33	0.049642573788
ENSDART00000077785	vps26bl	51	39.5	38.2	11.9	26.2	51.8	65.5	NA	NA	NA
ENSDART00000108970	pdlim7	6	17.7	15.2	NA	NA	NA	NA	NA	NA	NA
ENSDART00000028500	nxn	78	44.9	27.8	7.5	15.4	68.4	114.7	NA	NA	NA
ENSDART00000091727	ntrk3a	15	21.3	17.9	3.9	9.3	36.7	39.6	NA	NA	NA
ENSDART00000142348	sertad2a	184	21.0	18.6	4.3	8.1	30.6	42.7	NA	NA	NA
ENSDART00000129211	zgc:92107	104	26.9	20.9	6.9	13.2	33.0	57.8	15.1	3.55	-2.08865761982
ENSDART00000129745	SH2D1B	5	13.8	15.2	NA	NA	NA	NA	NA	NA	NA
ENSDART00000129214	CABZ01013938.1	1300	25.3	21.0	7.0	12.8	33.2	49.7	348.26	149.76	-1.21751243919
ENSDART00000129743	BX470131.2	262	22.1	20.0	7.3	12.1	30.3	42.2	NA	NA	NA
ENSDART00000126937	wu:fb59d01	2	57.4	57.4	NA	NA	NA	NA	NA	NA	NA
ENSDART00000114610	INCENP	4	3.3	2.5	NA	NA	NA	NA	122.14	128.87	0.0773807035643
ENSDART00000113643	fbxo25	133	23.4	20.3	6.5	12.8	29.5	46.5	NA	NA	NA
ENSDART00000044896	camk2d2	11	15.8	15.1	4.6	5.9	23.4	27.3	NA	NA	NA
ENSDART00000114613	ptcd1	646	14.3	11.9	2.7	6.5	19.1	27.3	59.18	3.7	-3.99951252068
ENSDART00000114966	antxr1b	8	13.1	12.7	NA	NA	NA	NA	NA	NA	NA
ENSDART00000133497	si:dkey-250k15.4	53	41.2	41.2	17.7	30.7	49.9	67.7	NA	NA	NA
ENSDART00000114617	BX510999.1	3	41.9	52.7	NA	NA	NA	NA	NA	NA	NA
ENSDART00000020283	rpusd4	261	17.7	14.2	3.2	8.3	24.5	34.6	46.57	3.73	-3.64215334657
ENSDART00000005804	XRCC2	28	15.5	12.2	0.0	6.7	19.8	31.3	NA	NA	NA
ENSDART00000076786	CLEC19A	16	26.9	16.7	-2.2	8.8	28.1	44.0	NA	NA	NA
ENSDART00000121581	si:ch211-161m3.4	16	14.4	12.6	0.3	6.1	21.0	28.8	NA	NA	NA
ENSDART00000035710	lin7c	209	37.3	30.4	3.0	13.8	55.3	77.0	NA	NA	NA
ENSDART00000121585	cep135	115	34.0	26.9	8.2	14.8	45.7	63.0	32.51	11.64	-1.48179249778
ENSDART00000024443	CABZ01057488.1	50	26.3	23.7	9.5	12.6	41.5	45.5	NA	NA	NA
ENSDART00000035714	dnajc24	182	25.7	23.0	7.7	12.8	32.1	47.8	NA	NA	NA
ENSDART00000149737	ryr2b	1	104.6	104.6	NA	NA	NA	NA	NA	NA	NA
ENSDART00000054653	mcm3l	2	24.6	24.6	NA	NA	NA	NA	179.28	20.99	-3.09444048222
ENSDART00000138264	si:ch211-183d21.1	10	35.2	30.1	13.3	18.9	50.5	68.8	NA	NA	NA
ENSDART00000012531	wacb	64	34.6	26.6	6.2	15.4	48.1	64.1	NA	NA	NA
ENSDART00000003674	ankmy2a	153	35.9	31.6	9.1	15.2	50.2	66.1	NA	NA	NA
ENSDART00000091588	kmt2ba	184	50.4	46.6	9.8	25.0	69.4	95.8	23.03	93.04	2.01433668568
ENSDART00000003670	zgc:101744	988	50.4	46.8	12.1	26.3	70.8	93.2	167.33	484.76	1.53457453543
ENSDART00000091583	ARMC10	63	17.3	13.8	5.5	10.1	22.8	34.0	NA	NA	NA
ENSDART00000145154	ccdc40	9	32.4	36.5	NA	NA	NA	NA	NA	NA	NA
ENSDART00000067161	tnpo3	289	59.8	53.2	18.0	34.1	82.8	111.7	60.46	162.36	1.42514336107
ENSDART00000123068	cacnb1	19	51.5	34.8	17.4	23.9	68.8	116.6	NA	NA	NA
ENSDART00000100727	osbpl9	128	66.8	65.7	13.5	29.1	96.7	131.5	NA	NA	NA
ENSDART00000113395	SERP1	646	21.4	17.3	4.0	8.8	27.9	44.3	NA	NA	NA
ENSDART00000113396	CABZ01067609.1	1	13.3	13.3	NA	NA	NA	NA	NA	NA	NA
ENSDART00000067168	pdzrn4	16	23.1	18.5	7.0	8.8	31.6	52.1	NA	NA	NA
ENSDART00000052541	ccnb2	4038	72.6	71.3	26.4	45.7	97.0	119.3	400.75	3493.92	3.12407214987
ENSDART00000044426	si:dkey-240h12.4	2	25.2	25.2	NA	NA	NA	NA	NA	NA	NA
ENSDART00000052012	twf1a	184	72.0	71.9	22.1	42.5	102.8	119.2	38.49	225.12	2.54813865743
ENSDART00000105666	crp6	1	18.4	18.4	NA	NA	NA	NA	NA	NA	NA
ENSDART00000105662	crp1	1	12.3	12.3	NA	NA	NA	NA	NA	NA	NA
ENSDART00000125348	id2b	18	12.4	12.2	3.8	6.5	16.0	23.3	NA	NA	NA
ENSDART00000093239	wtip	1	38.4	38.4	NA	NA	NA	NA	NA	NA	NA
ENSDART00000017970	cdc34b	363	117.3	123.7	55.8	88.0	148.8	174.3	19.89	323.32	4.02284757149
ENSDART00000044423	magi1b	29	53.0	45.1	13.1	25.3	72.8	114.8	6.64	23.07	1.79676285734
ENSDART00000017975	rps18	1028	41.5	41.4	17.2	27.4	53.5	65.1	602.13	47.11	-3.67596976167
ENSDART00000090675	ARHGAP35	53	35.0	22.5	5.8	10.6	45.8	84.2	NA	NA	NA
ENSDART00000009932	ints6	233	24.6	21.0	5.0	11.5	33.6	49.5	NA	NA	NA
ENSDART00000043658	slc2a15a	1	46.0	46.0	NA	NA	NA	NA	NA	NA	NA
ENSDART00000009936	tlk1b	101	41.4	26.6	4.4	13.0	61.8	105.9	37.12	65.16	0.811789893398
ENSDART00000007777	NPAS3	34	23.4	19.2	6.0	10.9	34.7	45.3	NA	NA	NA
ENSDART00000128161	kdm4b	163	30.1	19.9	4.7	11.4	37.5	62.5	26.6	56.54	1.08784563744
ENSDART00000125914	hmgcll1	7	15.1	13.8	NA	NA	NA	NA	NA	NA	NA
ENSDART00000128166	HIST1H4J	5	13.7	9.8	NA	NA	NA	NA	NA	NA	NA
ENSDART00000134146	MTSS1	140	49.1	40.6	7.3	22.5	73.3	99.2	NA	NA	NA
ENSDART00000045763	keap1a	14	33.1	29.6	9.8	18.3	45.1	64.1	NA	NA	NA
ENSDART00000067290	PYURF	243	25.9	19.7	6.6	12.5	34.8	54.0	NA	NA	NA
ENSDART00000067293	cnbpa	758	42.1	34.7	12.3	21.6	55.7	85.1	118.73	202.28	0.768669170815
ENSDART00000151693	oxnad1	13	21.3	17.0	2.5	11.5	27.0	38.8	NA	NA	NA
ENSDART00000151697	ubn2	284	40.6	34.6	8.9	19.2	56.2	79.9	35.82	27.77	-0.367238160167
ENSDART00000074604	cisd2	150	51.7	47.0	9.9	22.0	77.8	101.4	NA	NA	NA
ENSDART00000151695	INTS4	181	29.8	27.5	7.4	14.9	41.7	54.6	NA	NA	NA
ENSDART00000135551	RBBP8NL	1	14.8	14.8	NA	NA	NA	NA	NA	NA	NA
ENSDART00000135435	rbm39a	30	61.0	43.5	11.1	26.5	95.3	126.7	13.57	172.69	3.66969191694
ENSDART00000025713	akap1b	349	24.4	20.9	2.7	9.2	34.1	48.7	78.73	23.04	-1.77277276144
ENSDART00000130917	coil	329	83.1	75.5	14.3	29.1	128.0	167.9	141.85	136.77	-0.0526143355758
ENSDART00000025285	drg2	281	23.6	18.1	4.9	11.6	30.7	49.3	62.18	25.87	-1.26517056266
ENSDART00000148066	znf395b	95	23.1	16.5	2.8	8.5	29.9	51.6	NA	NA	NA
ENSDART00000137486	klhl21	14	36.5	21.1	5.9	8.7	48.0	87.3	NA	NA	NA
ENSDART00000042056	phb2	342	31.3	28.3	8.9	17.0	42.3	59.3	48.58	150.88	1.63496718604
ENSDART00000012234	syap1	309	19.7	16.0	4.0	9.3	25.6	37.4	33.75	12.37	-1.44804200185
ENSDART00000012232	pdss2	130	39.2	32.6	14.0	21.2	54.8	68.9	NA	NA	NA
ENSDART00000043039	fam84b	109	24.7	17.4	4.7	9.5	36.5	53.2	NA	NA	NA
ENSDART00000077998	cgna	85	20.8	17.8	3.5	9.9	28.5	40.2	NA	NA	NA
ENSDART00000029366	zgc:66447	16	23.6	19.6	6.4	11.4	33.7	46.1	NA	NA	NA
ENSDART00000029364	ak5l	4	23.1	23.6	NA	NA	NA	NA	NA	NA	NA
ENSDART00000090186	si:ch211-238n5.4	24	13.5	10.4	0.7	7.3	17.5	32.5	NA	NA	NA
ENSDART00000097673	ARFGAP1	132	15.7	12.2	2.1	7.6	21.4	33.9	21.61	10.4	-1.05511554383
ENSDART00000144570	smtnb	8	39.5	31.3	NA	NA	NA	NA	NA	NA	NA
ENSDART00000080110	c1qtnf3	35	41.2	39.8	3.5	13.3	62.3	79.0	NA	NA	NA
ENSDART00000080441	zgc:66443	682	43.7	40.2	12.9	22.8	60.2	82.1	131.62	220.62	0.745184855395
ENSDART00000080114	rnf103	154	62.7	61.9	21.2	39.6	81.8	105.6	NA	NA	NA
ENSDART00000088469	kdm6a	141	21.8	19.0	6.0	12.1	29.3	41.7	11.22	8.6	-0.383664111019
ENSDART00000111019	RABL6	64	22.7	22.7	3.8	12.2	31.2	41.6	29.31	7.81	-1.90799851455
ENSDART00000111018	NGEF	36	40.2	26.8	10.1	19.7	50.7	81.6	NA	NA	NA
ENSDART00000003097	RHOU	14	16.1	11.7	4.0	7.5	20.5	26.2	NA	NA	NA
ENSDART00000006579	saal1	172	37.6	35.3	10.0	21.2	52.1	66.1	25.9	54.08	1.06214305371
ENSDART00000111014	myca	5	26.3	27.0	NA	NA	NA	NA	NA	NA	NA
ENSDART00000128726	eef1a1a	2	41.2	41.2	NA	NA	NA	NA	NA	NA	NA
ENSDART00000151209	cdkn2d	43	11.3	6.4	-0.6	1.2	14.4	30.0	NA	NA	NA
ENSDART00000108628	ANO8	1	9.3	9.3	NA	NA	NA	NA	NA	NA	NA
ENSDART00000108629	LRCH1	56	35.3	24.6	5.7	11.2	54.9	73.1	NA	NA	NA
ENSDART00000147707	camsap1b	283	24.2	20.1	3.8	10.7	31.9	48.6	NA	NA	NA
ENSDART00000108626	eif4h	589	49.0	45.6	13.1	27.1	67.1	89.1	82.75	372.48	2.17033174633
ENSDART00000148603	acsl5	28	21.4	16.8	6.6	12.2	26.7	40.1	NA	NA	NA
ENSDART00000059837	fundc1	94	16.1	15.1	1.9	8.9	20.6	30.9	NA	NA	NA
ENSDART00000147009	si:dkey-251i10.2	1	29.0	29.0	NA	NA	NA	NA	NA	NA	NA
ENSDART00000112934	FOLR4	3	14.1	11.2	NA	NA	NA	NA	NA	NA	NA
ENSDART00000065293	usp5	9	46.7	49.7	NA	NA	NA	NA	NA	NA	NA
ENSDART00000084729	CABZ01018247.1	1	-3.7	-3.7	NA	NA	NA	NA	NA	NA	NA
ENSDART00000124873	CU915778.2	7	43.7	22.2	NA	NA	NA	NA	NA	NA	NA
ENSDART00000140051	cica	38	26.7	20.7	5.7	14.7	34.9	47.4	NA	NA	NA
ENSDART00000112288	ankib1b	82	34.0	29.1	8.2	18.2	45.2	66.4	NA	NA	NA
ENSDART00000147007	mrps31	260	22.7	19.4	6.4	12.0	30.3	41.8	53.53	10.89	-2.2973436986
ENSDART00000127022	CU462878.1	212	21.2	15.8	3.2	9.1	27.4	44.1	NA	NA	NA
ENSDART00000060469	gemin4	84	30.2	27.4	11.0	14.4	38.8	63.7	16.5	21.49	0.381199458295
ENSDART00000060466	si:dkey-241l7.6	480	10.5	8.2	0.4	3.9	14.5	21.3	NA	NA	NA
ENSDART00000087148	cbln4	3	26.9	19.4	NA	NA	NA	NA	NA	NA	NA
ENSDART00000039717	fam49ba	80	106.9	121.9	11.4	62.7	147.4	168.8	15.25	123.69	3.01984771927
ENSDART00000085754	RAB19	2	22.7	22.7	NA	NA	NA	NA	NA	NA	NA
ENSDART00000147900	rnmtl1a	24	14.6	15.2	1.2	8.7	20.4	27.8	NA	NA	NA
ENSDART00000042928	FUK	8	15.6	12.6	NA	NA	NA	NA	NA	NA	NA
ENSDART00000104137	ches1	25	29.8	24.2	11.7	13.9	35.1	54.9	16.04	12.69	-0.337982072614
ENSDART00000099235	rnf44	72	25.4	19.9	2.5	7.4	37.5	55.5	14.34	19.81	0.466183856188
ENSDART00000113889	ifi35	3	47.0	68.4	NA	NA	NA	NA	NA	NA	NA
ENSDART00000042218	pafah1b1a	435	35.3	28.3	10.7	18.5	48.3	69.5	84.09	61.39	-0.453930575251
ENSDART00000114669	DPY19L3	1	30.9	30.9	NA	NA	NA	NA	NA	NA	NA
ENSDART00000061738	ELMO3	3	46.7	42.1	NA	NA	NA	NA	NA	NA	NA
ENSDART00000061739	hsd11b3a	4	41.6	32.9	NA	NA	NA	NA	NA	NA	NA
ENSDART00000041711	gspt1	27	37.2	33.2	12.9	21.9	54.9	69.0	NA	NA	NA
ENSDART00000061736	si:dkey-4e7.3	8	31.2	30.3	NA	NA	NA	NA	NA	NA	NA
ENSDART00000041861	syt1a	15	24.0	24.6	3.9	12.1	34.4	42.4	NA	NA	NA
ENSDART00000017391	zc3h7a	99	78.8	81.4	15.1	30.4	120.7	148.5	22.96	307.94	3.74545473193
ENSDART00000037371	ppp1r13ba	8	45.7	52.6	NA	NA	NA	NA	NA	NA	NA
ENSDART00000051166	GRB10	1	51.1	51.1	NA	NA	NA	NA	NA	NA	NA
ENSDART00000017422	tbc1d17	263	20.5	16.8	5.0	9.7	26.7	45.6	NA	NA	NA
ENSDART00000023859	atp6v0ca	1007	21.1	18.3	4.8	10.4	27.7	40.7	72.44	37.69	-0.942604751286
ENSDART00000127329	gtf3c3	92	16.6	14.4	4.4	8.3	19.2	35.4	NA	NA	NA
ENSDART00000043345	zgc:136474	166	27.2	24.8	8.1	14.3	35.8	51.7	22.44	65.48	1.54498164587
ENSDART00000127321	fkbp3	202	30.1	24.7	9.4	14.2	38.6	58.4	NA	NA	NA
ENSDART00000136168	ptpn2a	63	61.4	63.2	20.4	41.5	80.3	95.7	NA	NA	NA
ENSDART00000097871	elp5	107	20.2	17.6	3.4	10.1	26.3	40.7	NA	NA	NA
ENSDART00000017427	rnpc3	55	25.6	22.3	4.6	10.4	32.7	53.5	16.04	10.8	-0.570642829404
ENSDART00000102563	phf10	267	37.9	28.6	7.1	14.8	54.7	81.0	17.28	48.2	1.47992992895
ENSDART00000074553	pptc7b	85	37.0	18.7	3.4	8.9	44.0	106.6	NA	NA	NA
ENSDART00000126334	zgc:101583	19	39.4	33.9	10.8	16.8	53.2	77.2	NA	NA	NA
ENSDART00000126332	nprl3	50	24.3	20.0	8.0	12.3	34.7	41.1	NA	NA	NA
ENSDART00000074557	BX682557.1	44	43.9	43.3	18.7	30.1	52.2	74.7	NA	NA	NA
ENSDART00000054416	dyrk1ab	156	38.2	32.4	5.9	14.7	61.9	80.5	24.3	20.58	-0.239713331599
ENSDART00000054410	med19a	317	19.2	15.4	3.9	9.3	26.2	39.9	103.61	16.63	-2.63930317884
ENSDART00000043688	si:dkey-241l7.2	120	13.2	8.8	1.8	4.7	15.4	27.5	NA	NA	NA
ENSDART00000027417	zgc:171704	6	32.2	34.1	NA	NA	NA	NA	NA	NA	NA
ENSDART00000014222	tcea2	7	60.3	26.7	NA	NA	NA	NA	NA	NA	NA
ENSDART00000124666	rgs20	14	17.0	15.8	8.4	10.4	18.7	24.3	NA	NA	NA
ENSDART00000149260	nt5c3a	17	43.6	34.7	4.4	22.4	55.7	93.3	NA	NA	NA
ENSDART00000125124	rpl6	895	28.4	23.3	5.6	12.0	41.4	59.2	424.12	16.9	-4.64937736532
ENSDART00000124661	papss2a	154	29.8	20.9	4.1	10.3	40.2	68.8	NA	NA	NA
ENSDART00000014806	npas2	1	20.3	20.3	NA	NA	NA	NA	NA	NA	NA
ENSDART00000057525	dnajb12a	346	30.5	21.8	5.1	12.3	44.3	67.9	NA	NA	NA
ENSDART00000062556	sod2	517	20.5	17.7	6.6	11.4	27.0	36.5	135.04	35.31	-1.93523808295
ENSDART00000103146	hoxc11a	11	22.3	18.3	6.8	11.3	29.3	34.9	NA	NA	NA
ENSDART00000110862	rbm24a	167	29.0	25.0	4.9	14.3	38.6	55.8	NA	NA	NA
ENSDART00000122209	ptena	145	30.1	25.3	5.8	13.6	41.5	63.6	50.05	6.73	-2.89469165911
ENSDART00000093376	usp8	174	27.5	23.5	7.8	13.7	37.9	53.6	29.97	8.29	-1.85407507702
ENSDART00000102472	dars	150	27.5	26.8	6.5	12.7	37.8	49.0	22.92	41.95	0.87206376657
ENSDART00000149893	si:dkey-114c15.7	18	25.2	23.2	5.6	12.0	35.1	53.8	NA	NA	NA
ENSDART00000056672	pigp	50	27.0	18.5	5.5	10.5	32.6	57.5	NA	NA	NA
ENSDART00000149896	als2b	59	57.2	52.1	13.0	31.6	82.7	105.5	NA	NA	NA
ENSDART00000114035	mnx2b	1	5.7	5.7	NA	NA	NA	NA	NA	NA	NA
ENSDART00000115049	mych	52	18.2	15.8	3.5	7.7	24.9	39.7	10.2	7.32	-0.478653598575
ENSDART00000050902	polr2j	238	32.6	31.5	7.9	17.5	47.2	58.5	99.22	100.53	0.0189232300329
ENSDART00000128127	CU929431.1	16	21.9	20.2	6.7	11.2	30.8	39.9	NA	NA	NA
ENSDART00000056679	e2f5	78	21.5	18.3	3.8	9.7	30.6	38.4	NA	NA	NA
ENSDART00000087823	adcy8	16	73.1	77.0	46.3	56.7	90.6	97.7	NA	NA	NA
ENSDART00000126744	si:dkey-17e6.2	1	-11.1	-11.1	NA	NA	NA	NA	NA	NA	NA
ENSDART00000126741	serf2	378	113.3	124.8	21.4	89.8	149.0	164.1	249.32	845.15	1.76120880052
ENSDART00000146061	psmd5	30	46.4	43.6	14.9	23.7	60.8	81.8	NA	NA	NA
ENSDART00000103307	cyp24a1	2	16.4	16.4	NA	NA	NA	NA	NA	NA	NA
ENSDART00000100903	si:dkey-242g16.2	3	20.4	12.3	NA	NA	NA	NA	NA	NA	NA
ENSDART00000146067	sclt1	112	28.3	22.0	7.3	13.0	42.5	57.6	39.37	7.97	-2.30444508317
ENSDART00000092356	neto1	1	89.8	89.8	NA	NA	NA	NA	NA	NA	NA
ENSDART00000092357	SGSM2	6	33.4	21.2	NA	NA	NA	NA	NA	NA	NA
ENSDART00000151973	fam196ab	1	49.6	49.6	NA	NA	NA	NA	NA	NA	NA
ENSDART00000082379	spcs1	31	13.6	14.0	0.5	5.2	21.8	25.7	NA	NA	NA
ENSDART00000020967	ck2a2a	156	43.6	40.6	15.0	24.5	58.2	72.0	NA	NA	NA
ENSDART00000004655	sps2	97	91.0	98.8	17.3	46.5	132.8	148.9	12.9	51.12	1.98651677064
ENSDART00000077209	tpra1	95	24.1	18.6	3.3	7.9	36.6	52.7	NA	NA	NA
ENSDART00000073527	spty2d1	142	30.9	28.8	8.6	17.8	39.2	53.8	94.21	62.05	-0.602448993694
ENSDART00000077200	eif4ebp3	3	11.0	13.7	NA	NA	NA	NA	NA	NA	NA
ENSDART00000143658	si:ch211-278j3.3	3	44.4	45.4	NA	NA	NA	NA	NA	NA	NA
ENSDART00000040409	ppa1b	400	34.6	27.7	6.6	14.0	51.8	70.7	58.4	71.49	0.291773083144
ENSDART00000009326	oprk1	1	59.0	59.0	NA	NA	NA	NA	NA	NA	NA
ENSDART00000009323	pla2g1b	1	23.2	23.2	NA	NA	NA	NA	NA	NA	NA
ENSDART00000143120	si:dkey-147f3.4	3	6.8	7.3	NA	NA	NA	NA	NA	NA	NA
ENSDART00000143121	tpx2	928	56.3	51.4	11.7	25.4	80.5	110.2	182.75	1270.88	2.79788450223
ENSDART00000143127	si:dkey-154p10.3	65	23.8	23.6	7.8	14.4	35.2	42.2	15.9	2.9	-2.45490196016
ENSDART00000040405	snd1	171	20.4	15.3	3.1	8.7	26.8	42.2	27.25	47.68	0.807128005911
ENSDART00000105818	guk1a	33	21.6	16.2	6.5	10.6	30.7	38.8	NA	NA	NA
ENSDART00000057039	taf4b	21	39.6	38.5	13.3	23.0	54.8	68.2	NA	NA	NA
ENSDART00000083397	zgc:165555	47	-1.8	-5.8	-10.0	-7.7	-0.3	6.9	NA	NA	NA
ENSDART00000083394	si:dkey-106c17.3	2	21.1	21.1	NA	NA	NA	NA	NA	NA	NA
ENSDART00000134444	ubr5	83	55.3	40.9	11.0	25.7	75.2	115.1	21.73	119.64	2.46093973594
ENSDART00000013604	lemd3	212	53.0	48.3	7.2	20.8	74.5	114.3	17.19	217.07	3.65851890319
ENSDART00000130287	zgc:162431	6	16.4	9.8	NA	NA	NA	NA	NA	NA	NA
ENSDART00000134448	l3mbtl1b	85	42.8	36.9	12.5	17.6	63.3	83.7	9.97	43.66	2.13064672059
ENSDART00000065199	ZFP36	14	19.0	15.7	7.8	9.0	29.1	33.5	NA	NA	NA
ENSDART00000005329	mark2b	56	84.4	89.9	19.1	45.4	124.6	136.2	NA	NA	NA
ENSDART00000076157	rab24	246	20.5	17.2	4.6	10.2	28.5	40.0	NA	NA	NA
ENSDART00000079645	zgc:174164	176	10.9	9.2	0.7	5.4	13.3	20.7	NA	NA	NA
ENSDART00000005496	kctd9	18	30.4	21.1	7.8	12.1	38.2	53.6	NA	NA	NA
ENSDART00000005326	ttc5	85	37.0	31.2	3.4	15.1	52.4	78.1	NA	NA	NA
ENSDART00000055324	rcn3	22	24.6	21.7	8.8	15.9	30.3	37.2	NA	NA	NA
ENSDART00000055325	psmb7	322	21.0	16.9	2.8	8.6	28.2	42.8	62.41	50.2	-0.314089847516
ENSDART00000062682	adipor1b	162	40.0	31.9	10.5	18.1	60.1	80.3	28.4	54.28	0.934529791027
ENSDART00000152588	BAALC	1	10.6	10.6	NA	NA	NA	NA	NA	NA	NA
ENSDART00000056926	tsnax	70	43.8	28.7	12.4	19.1	68.1	83.2	NA	NA	NA
ENSDART00000048449	MTRF1	89	20.1	19.0	6.0	11.7	23.8	36.0	NA	NA	NA
ENSDART00000132699	cast	285	22.2	18.4	6.0	10.8	29.5	42.9	36.16	11.82	-1.61316464224
ENSDART00000141873	zc3h18	62	65.5	52.8	5.9	23.8	103.5	131.1	27.03	121.07	2.16320800616
ENSDART00000141877	kcnk10a	3	39.0	41.6	NA	NA	NA	NA	NA	NA	NA
ENSDART00000009499	whsc1	185	87.4	92.6	18.3	43.6	126.3	148.5	31.33	236.2	2.91439228991
ENSDART00000122624	CU638740.3	39	19.2	18.0	5.4	9.8	26.4	38.7	NA	NA	NA
ENSDART00000153194	ARHGEF15	33	39.3	21.2	7.6	13.7	58.5	83.9	8.0	10.64	0.411426245726
ENSDART00000088425	clasrp	108	20.0	16.4	5.4	10.2	24.9	42.7	11.05	5.76	-0.939905652836
ENSDART00000109219	rem2	9	39.2	34.8	NA	NA	NA	NA	NA	NA	NA
ENSDART00000057258	slc12a5a	6	18.9	12.2	NA	NA	NA	NA	NA	NA	NA
ENSDART00000058565	pttg1ipb	488	69.5	67.1	18.5	37.5	98.2	123.7	78.19	277.88	1.82940598945
ENSDART00000058564	mcm4	625	30.9	26.5	7.1	14.7	42.9	61.1	68.13	79.16	0.216481405619
ENSDART00000057254	nfyba	151	117.8	120.7	54.9	90.3	151.4	173.8	40.77	309.33	2.92356689633
ENSDART00000122627	oaz1b	264	46.2	38.1	5.8	17.4	74.8	99.2	NA	NA	NA
ENSDART00000045574	shisa2	149	20.3	19.0	5.9	11.0	26.3	38.0	15.77	4.28	-1.88149995839
ENSDART00000088914	amotl2a	247	22.1	20.1	5.4	11.5	28.0	41.3	17.04	2.11	-3.01361043152
ENSDART00000057250	cacna2d2	1	45.9	45.9	NA	NA	NA	NA	NA	NA	NA
ENSDART00000130130	cyp3c1l2	1	81.9	81.9	NA	NA	NA	NA	NA	NA	NA
ENSDART00000005145	asz1	607	22.2	19.1	7.5	12.4	28.2	40.9	NA	NA	NA
ENSDART00000129682	ppp6r3	256	44.5	36.5	11.5	21.5	63.9	82.9	81.2	121.79	0.58484404799
ENSDART00000102148	pl10	532	53.4	38.2	8.1	18.3	80.3	123.0	155.95	633.41	2.02205609147
ENSDART00000005140	med27	312	37.8	36.0	13.2	23.0	48.9	62.8	35.79	121.49	1.76320911974
ENSDART00000005143	mycb	45	27.1	23.3	5.0	10.1	40.8	57.1	NA	NA	NA
ENSDART00000130138	acads	150	16.6	11.5	3.0	6.5	23.5	37.2	25.8	7.44	-1.7939965392
ENSDART00000142837	enpp5	9	27.1	15.7	NA	NA	NA	NA	NA	NA	NA
ENSDART00000142836	itpr3	15	34.6	20.6	8.8	14.5	37.9	93.6	6.62	31.65	2.25730237751
ENSDART00000024292	txlna	273	40.5	33.9	6.6	18.0	58.3	81.2	35.93	242.68	2.75579437603
ENSDART00000086617	gabbr2	1	62.2	62.2	NA	NA	NA	NA	NA	NA	NA
ENSDART00000024296	egln1	4	19.4	21.1	NA	NA	NA	NA	NA	NA	NA
ENSDART00000033103	gatad2ab	247	27.6	23.1	4.1	11.7	38.3	57.0	58.27	60.9	0.0636889174464
ENSDART00000149510	f13a1b	138	30.3	25.9	6.1	13.0	42.4	61.4	NA	NA	NA
ENSDART00000125215	shoc2	96	112.5	124.9	26.8	87.1	152.3	165.6	8.97	77.7	3.11473470838
ENSDART00000122936	C25H15orf27	44	37.1	30.8	9.1	16.9	53.5	74.1	NA	NA	NA
ENSDART00000122930	scg3	10	70.3	78.5	21.9	33.1	103.9	111.8	NA	NA	NA
ENSDART00000125211	IWS1	260	54.2	43.3	7.5	17.0	85.4	121.4	86.41	102.97	0.252953887331
ENSDART00000003248	nek2	1072	22.3	19.0	5.1	10.8	30.3	43.6	119.37	112.55	-0.0848742480734
ENSDART00000144965	ndrg3b	118	104.3	111.5	17.7	59.6	152.9	165.2	NA	NA	NA
ENSDART00000011389	pdia3	127	64.7	58.6	23.6	37.4	87.1	113.6	72.7	211.25	1.53892407214
ENSDART00000078996	arr3a	1	45.6	45.6	NA	NA	NA	NA	NA	NA	NA
ENSDART00000129518	twf1b	70	33.4	25.3	5.6	11.8	52.9	76.1	NA	NA	NA
ENSDART00000104480	fxr1	277	52.1	42.7	11.9	20.6	73.3	106.3	27.77	153.24	2.46419384861
ENSDART00000003242	PLA2G3	3	12.3	7.8	NA	NA	NA	NA	NA	NA	NA
ENSDART00000128089	klhl8	197	34.2	26.1	5.3	14.5	49.3	74.4	15.22	28.23	0.891260769946
ENSDART00000151599	znf706	386	80.5	83.4	24.4	54.6	108.4	129.2	NA	NA	NA
ENSDART00000105527	si:dkey-172o19.2	1	63.0	63.0	NA	NA	NA	NA	NA	NA	NA
ENSDART00000129978	PNPLA2	5	29.0	18.3	NA	NA	NA	NA	NA	NA	NA
ENSDART00000111241	naa25	285	34.4	29.1	9.5	16.4	42.9	65.1	41.17	58.03	0.495205480232
ENSDART00000111243	lpar2b	373	73.2	75.5	20.0	44.7	99.0	122.7	30.6	211.3	2.78768920924
ENSDART00000151594	si:ch1073-429i10.3	197	80.0	77.7	13.3	29.1	125.6	151.7	NA	NA	NA
ENSDART00000111245	tmem67	40	45.1	47.8	9.4	21.8	64.4	75.1	6.14	23.3	1.92401939417
ENSDART00000133532	PLEKHA2	2	52.1	52.1	NA	NA	NA	NA	NA	NA	NA
ENSDART00000105522	CU639413.3	144	32.0	19.8	3.7	10.0	41.9	83.3	63.65	86.36	0.440202729234
ENSDART00000029450	rnf181	176	26.0	22.8	7.2	11.6	36.2	49.7	NA	NA	NA
ENSDART00000062414	pex7	43	13.1	12.6	-1.1	6.8	23.3	27.9	NA	NA	NA
ENSDART00000135230	chd7	180	83.6	77.2	6.4	23.1	136.7	170.0	55.11	187.35	1.76534994538
ENSDART00000037819	TMC6	370	72.8	70.9	19.5	40.8	101.6	125.8	29.51	22.53	-0.389356607197
ENSDART00000066072	rnf8	680	17.5	15.6	3.6	8.9	23.3	33.0	98.31	6.33	-3.95706076884
ENSDART00000001861	slc6a13	52	41.3	36.5	10.7	23.3	54.3	68.4	NA	NA	NA
ENSDART00000131664	nsun3	2	10.4	10.4	NA	NA	NA	NA	NA	NA	NA
ENSDART00000042248	plxnb1b	7	74.2	61.7	NA	NA	NA	NA	NA	NA	NA
ENSDART00000128888	mogat2	18	40.9	31.1	8.5	14.5	43.7	70.8	NA	NA	NA
ENSDART00000128249	trim8a	29	40.9	32.9	13.5	20.6	54.2	67.7	NA	NA	NA
ENSDART00000012653	spice1	237	27.6	23.8	7.3	13.2	38.6	54.4	NA	NA	NA
ENSDART00000128887	alkbh1	223	17.0	13.7	2.5	7.7	22.9	35.2	NA	NA	NA
ENSDART00000128885	cwf19l2	91	37.1	29.2	8.3	14.8	54.2	74.9	44.77	17.57	-1.3494181269
ENSDART00000003420	drd4-rs	3	44.6	58.9	NA	NA	NA	NA	NA	NA	NA
ENSDART00000003422	smarcd1	275	114.4	129.1	30.3	74.7	156.3	175.3	29.67	350.69	3.56311946049
ENSDART00000073903	CR382298.2	42	20.5	20.7	6.9	11.3	28.4	36.4	NA	NA	NA
ENSDART00000078192	cnpy4	82	37.6	30.8	12.9	22.0	47.9	68.7	40.36	85.25	1.07877365969
ENSDART00000067629	saa	1	141.2	141.2	NA	NA	NA	NA	NA	NA	NA
ENSDART00000006147	CCDC111	62	23.2	24.0	3.7	9.5	31.3	43.3	NA	NA	NA
ENSDART00000067621	VPS37C	79	26.8	25.4	7.4	16.8	37.7	49.7	NA	NA	NA
ENSDART00000077484	zhx2	125	36.4	26.3	7.7	15.1	46.8	78.6	17.45	24.94	0.515234428733
ENSDART00000088359	SLC2A4RG	11	45.8	41.1	10.8	25.9	49.2	91.1	NA	NA	NA
ENSDART00000113073	dusp16	12	33.1	31.0	7.8	10.5	41.6	58.8	NA	NA	NA
ENSDART00000052977	cldn15a	4	8.1	7.6	NA	NA	NA	NA	NA	NA	NA
ENSDART00000080832	si:dkey-6n6.2	3	8.3	6.2	NA	NA	NA	NA	NA	NA	NA
ENSDART00000125200	srsf4	245	70.3	67.1	11.9	28.2	103.9	133.7	38.73	474.52	3.61494548855
ENSDART00000073907	ehf	9	35.4	25.9	NA	NA	NA	NA	NA	NA	NA
ENSDART00000110261	zgc:175107	3	13.8	11.7	NA	NA	NA	NA	NA	NA	NA
ENSDART00000062671	tuba8l	1037	12.8	11.0	1.8	6.4	17.5	25.3	46.57	23.83	-0.96662193063
ENSDART00000150753	si:ch73-266f23.1	52	34.5	23.3	8.8	14.1	54.0	76.1	NA	NA	NA
ENSDART00000110262	panx2	1	8.3	8.3	NA	NA	NA	NA	NA	NA	NA
ENSDART00000024872	creb3l3l	136	30.9	24.5	7.0	13.4	42.4	69.0	NA	NA	NA
ENSDART00000122881	tmcc3	54	59.8	56.6	10.5	28.0	84.5	114.7	NA	NA	NA
ENSDART00000056074	entpd4	138	66.3	67.4	16.7	34.3	92.3	113.7	35.69	63.17	0.823719670831
ENSDART00000046003	slc4a1ap	56	41.2	25.1	1.4	11.3	65.4	104.2	9.25	54.94	2.57033163967
ENSDART00000005381	GEN1	62	19.5	16.1	5.6	9.9	26.3	35.6	25.44	3.51	-2.85755573498
ENSDART00000127515	CABZ01068153.1	72	20.6	16.1	5.9	10.3	25.2	39.2	NA	NA	NA
ENSDART00000110398	fbxl20	31	21.9	19.2	5.8	12.1	26.6	40.8	NA	NA	NA
ENSDART00000022437	gpia	327	24.3	18.4	5.0	9.4	33.5	54.9	22.49	28.66	0.349754948484
ENSDART00000127519	TEAD3	132	21.9	20.9	2.7	9.4	30.7	41.3	18.42	21.71	0.237086664524
ENSDART00000020859	pip5k1ab	166	40.9	33.9	7.0	16.0	58.0	91.7	21.63	124.56	2.52573527912
ENSDART00000017956	dab2	731	19.1	15.4	2.9	8.3	26.1	40.4	106.3	19.88	-2.41875193486
ENSDART00000123465	CLCC1	89	28.8	20.8	5.7	10.7	44.3	65.6	NA	NA	NA
ENSDART00000123464	sltm	128	55.9	34.6	13.8	22.1	87.6	126.5	41.55	107.49	1.37128206727
ENSDART00000123463	METTL15	60	32.8	31.6	3.8	14.9	46.8	61.0	NA	NA	NA
ENSDART00000016727	eif1ad	73	13.8	13.6	5.2	8.4	19.1	24.7	NA	NA	NA
ENSDART00000128247	CABZ01028296.1	238	33.9	29.6	9.5	17.7	44.2	66.5	152.76	172.0	0.171141739854
ENSDART00000123469	clcn3	117	35.8	27.3	0.0	10.3	52.4	83.5	9.51	28.4	1.57837368353
ENSDART00000074787	khdrbs1a	934	113.6	128.5	27.3	68.7	157.2	175.4	288.04	2535.49	3.13792350723
ENSDART00000148475	cspg5a	6	29.4	33.6	NA	NA	NA	NA	NA	NA	NA
ENSDART00000079566	AL928852.1	1	69.0	69.0	NA	NA	NA	NA	NA	NA	NA
ENSDART00000145210	ankle2	220	26.8	21.7	5.4	12.3	35.0	56.5	NA	NA	NA
ENSDART00000097868	tgs1	289	33.1	27.2	8.0	14.7	45.5	68.6	NA	NA	NA
ENSDART00000145215	grin2ca	1	23.4	23.4	NA	NA	NA	NA	NA	NA	NA
ENSDART00000148478	lim2.5	1	8.9	8.9	NA	NA	NA	NA	NA	NA	NA
ENSDART00000102515	mesdc2	101	17.4	13.9	1.9	7.3	24.1	41.7	NA	NA	NA
ENSDART00000100336	esrrgb	3	23.5	24.0	NA	NA	NA	NA	NA	NA	NA
ENSDART00000140607	KNCN	1	54.6	54.6	NA	NA	NA	NA	NA	NA	NA
ENSDART00000100332	fgf12b	11	20.7	17.2	6.6	8.9	34.4	38.1	NA	NA	NA
ENSDART00000098473	klf9	7	17.8	14.3	NA	NA	NA	NA	NA	NA	NA
ENSDART00000098472	tmem44	33	43.1	33.2	14.7	18.5	44.5	119.5	NA	NA	NA
ENSDART00000097217	FAM109B	23	27.0	28.3	7.9	19.1	33.4	44.9	NA	NA	NA
ENSDART00000007091	bbs12	8	22.5	16.3	NA	NA	NA	NA	NA	NA	NA
ENSDART00000098476	cdt1	108	33.0	26.3	2.3	11.8	51.5	77.4	123.32	672.64	2.44742777986
ENSDART00000007545	cntn4	12	16.4	14.3	-1.5	7.3	32.0	38.6	NA	NA	NA
ENSDART00000038670	elf2a	6	18.0	18.7	NA	NA	NA	NA	NA	NA	NA
ENSDART00000110670	SENP1	121	43.8	32.2	7.6	17.2	62.5	98.9	25.87	126.98	2.2952493239
ENSDART00000038674	TMEM230	47	31.2	28.8	8.7	15.3	40.2	59.0	NA	NA	NA
ENSDART00000049226	acox1	64	20.1	15.2	1.1	7.8	30.6	44.8	NA	NA	NA
ENSDART00000063337	cdca8	1070	21.3	18.1	4.0	9.8	29.0	41.5	215.6	178.94	-0.268881256597
ENSDART00000141513	grk5l	71	38.0	31.7	13.9	20.8	48.4	75.1	NA	NA	NA
ENSDART00000064826	mov10a	40	36.0	36.0	8.3	14.8	47.6	60.7	13.03	19.7	0.596358545776
ENSDART00000034705	ntmt1	153	25.9	20.6	6.2	12.1	35.6	52.1	NA	NA	NA
ENSDART00000034704	slc25a3b	1304	34.1	27.7	5.7	12.3	52.0	74.3	155.31	206.99	0.414410346596
ENSDART00000133992	stau1	56	43.9	28.9	7.4	15.3	62.9	99.2	14.66	13.57	-0.111464382715
ENSDART00000063107	cyp2p7	1	13.2	13.2	NA	NA	NA	NA	NA	NA	NA
ENSDART00000036854	glcci1	65	24.1	24.0	4.0	11.3	34.8	48.2	NA	NA	NA
ENSDART00000019766	tgfb3	9	24.1	26.8	NA	NA	NA	NA	NA	NA	NA
ENSDART00000013659	trim25	25	19.4	18.7	2.4	13.5	23.9	38.3	NA	NA	NA
ENSDART00000065664	dusp4	281	16.1	13.2	1.8	6.5	21.9	32.2	NA	NA	NA
ENSDART00000052201	CCDC96	15	26.4	26.4	9.1	12.4	36.6	42.7	NA	NA	NA
ENSDART00000100484	rorca	78	17.6	16.1	1.1	7.2	27.6	34.8	NA	NA	NA
ENSDART00000046973	capza1a	196	40.1	31.3	9.0	17.8	58.6	83.3	24.2	133.49	2.46365271821
ENSDART00000131294	trpc5a	2	10.9	10.9	NA	NA	NA	NA	NA	NA	NA
ENSDART00000122487	dnpep	443	18.2	15.4	3.1	9.3	25.3	36.2	31.63	16.65	-0.925771378559
ENSDART00000122480	mob1bb	308	46.6	39.9	10.3	21.1	68.7	89.5	NA	NA	NA
ENSDART00000125452	CABZ01071911.2	67	31.9	27.1	5.3	16.9	41.6	63.0	28.19	25.95	-0.119448939325
ENSDART00000122333	paip2b	644	24.7	20.3	6.4	12.3	30.6	46.4	318.17	267.03	-0.252795978124
ENSDART00000125455	AL840631.2	5	25.9	24.5	NA	NA	NA	NA	NA	NA	NA
ENSDART00000010177	onecut1	3	47.7	42.1	NA	NA	NA	NA	NA	NA	NA
ENSDART00000140636	si:ch211-130m23.2	2	35.6	35.6	NA	NA	NA	NA	NA	NA	NA
ENSDART00000034569	si:dkey-13a21.4	4	18.7	9.4	NA	NA	NA	NA	NA	NA	NA
ENSDART00000146525	chtopb	160	30.1	25.0	9.6	16.2	39.6	60.8	NA	NA	NA
ENSDART00000085648	lig4	72	28.1	26.8	7.4	13.8	37.4	50.8	NA	NA	NA
ENSDART00000085642	dgkaa	1	-2.0	-2.0	NA	NA	NA	NA	NA	NA	NA
ENSDART00000121822	wu:fq41a10	69	34.6	26.7	12.0	15.9	42.3	61.5	NA	NA	NA
ENSDART00000085645	usp16	266	32.8	26.8	7.7	14.6	45.5	67.4	48.76	30.07	-0.697373258046
ENSDART00000026738	ptprfa	10	22.2	19.7	10.8	12.6	20.5	32.7	NA	NA	NA
ENSDART00000075017	RTKN	10	52.7	40.5	8.0	15.4	69.5	108.6	NA	NA	NA
ENSDART00000047069	tyms	928	58.2	54.6	18.9	34.1	78.6	103.1	71.41	316.28	2.14700430642
ENSDART00000080408	ical1	80	42.0	30.8	6.8	16.1	64.0	100.2	NA	NA	NA
ENSDART00000082299	ebag9	53	70.0	72.0	13.6	30.7	107.5	125.3	54.9	80.03	0.543734759996
ENSDART00000030282	GSTK1	4	55.2	58.1	NA	NA	NA	NA	NA	NA	NA
ENSDART00000147210	si:dkey-199f5.8	116	47.4	37.8	8.0	18.6	73.6	100.5	10.3	97.88	3.24836976401
ENSDART00000077941	mastl	713	40.0	35.0	8.2	18.9	54.7	79.7	24.71	120.12	2.28130946423
ENSDART00000077942	mtpn	323	22.3	15.5	1.7	7.1	28.1	53.5	40.71	52.98	0.38006462223
ENSDART00000122155	CABZ01054962.1	17	48.4	67.8	4.5	11.5	78.9	83.0	NA	NA	NA
ENSDART00000137156	hdhd1	1	6.2	6.2	NA	NA	NA	NA	NA	NA	NA
ENSDART00000079778	zgc:123282	1	21.8	21.8	NA	NA	NA	NA	NA	NA	NA
ENSDART00000150961	wdr91	28	25.2	20.4	2.5	9.9	41.6	53.0	NA	NA	NA
ENSDART00000109328	gpr144	6	20.5	19.5	NA	NA	NA	NA	NA	NA	NA
ENSDART00000146612	esf1	44	24.2	22.8	7.9	15.0	29.0	45.1	48.54	6.75	-2.84621470121
ENSDART00000083561	mtmr12	30	38.6	37.4	11.8	19.0	47.1	77.2	NA	NA	NA
ENSDART00000009164	esco2	145	36.9	32.8	9.5	17.8	50.8	68.2	22.29	79.21	1.82928596067
ENSDART00000021969	zgc:172271	4	11.4	11.6	NA	NA	NA	NA	NA	NA	NA
ENSDART00000103201	KAT7	42	45.0	40.5	13.3	22.6	64.7	85.4	NA	NA	NA
ENSDART00000083567	kif5c	5	47.8	21.1	NA	NA	NA	NA	NA	NA	NA
ENSDART00000010395	uqcrc2a	248	14.6	12.5	0.6	6.4	19.9	32.0	15.77	3.04	-2.37503943135
ENSDART00000086768	ep300b	39	94.3	100.8	33.7	65.2	120.2	144.6	11.7	55.89	2.25608164519
ENSDART00000082297	LRRC45	26	117.0	126.5	68.4	80.0	152.5	165.6	NA	NA	NA
ENSDART00000099270	ASTL	357	30.1	27.1	5.6	12.8	43.3	63.0	70.32	35.77	-0.975184952148
ENSDART00000036703	pfdn2	256	35.3	27.8	6.0	13.3	50.4	79.6	NA	NA	NA
ENSDART00000036702	mxd	2	22.5	22.5	NA	NA	NA	NA	NA	NA	NA
ENSDART00000103463	dnajc2	371	36.4	31.3	6.3	13.6	54.4	73.2	75.18	126.3	0.748433818632
ENSDART00000066411	dlgap5	463	30.3	26.4	5.9	15.0	41.5	60.5	65.76	89.64	0.446932349829
ENSDART00000088142	WWC3	226	24.3	20.8	4.6	10.5	32.0	48.6	31.08	9.33	-1.73603751756
ENSDART00000026098	prkri	32	27.1	18.8	9.1	12.2	34.7	43.7	NA	NA	NA
ENSDART00000046507	zgc:152698	9	12.9	11.1	NA	NA	NA	NA	NA	NA	NA
ENSDART00000111810	MYRIP	1	82.9	82.9	NA	NA	NA	NA	NA	NA	NA
ENSDART00000000019	nrf1	203	28.5	24.0	9.4	16.9	35.3	48.9	18.1	44.77	1.30654262093
ENSDART00000075142	pcmtd1	21	70.0	71.2	5.0	13.4	125.8	150.9	10.53	64.57	2.61635859072
ENSDART00000037036	cnppd1	399	30.5	24.0	8.4	14.2	41.7	61.0	19.84	65.48	1.72264229609
ENSDART00000089433	ctdsplb	524	63.9	51.7	7.7	18.7	105.4	139.2	NA	NA	NA
ENSDART00000065880	uck1	1	67.0	67.0	NA	NA	NA	NA	NA	NA	NA
ENSDART00000112134	ggnbp2	1124	18.9	16.1	3.9	9.5	25.2	37.4	155.32	21.34	-2.86361153108
ENSDART00000112133	TESK1	3	15.8	13.5	NA	NA	NA	NA	NA	NA	NA
ENSDART00000112131	lppr4a	17	23.9	21.8	11.5	16.9	26.7	41.9	NA	NA	NA
ENSDART00000112130	AAED1	17	18.6	18.7	5.6	12.7	24.7	33.0	NA	NA	NA
ENSDART00000004842	DUSP23	13	30.0	20.4	2.9	8.2	39.7	73.1	NA	NA	NA
ENSDART00000153059	sec24c	260	92.0	102.0	12.8	33.2	136.9	165.5	23.77	257.95	3.4398776381
ENSDART00000102227	tspan14	225	20.0	15.0	2.9	7.2	28.2	46.1	NA	NA	NA
ENSDART00000153055	si:dkey-38p12.2	144	15.4	12.4	2.2	7.3	20.2	29.3	NA	NA	NA
ENSDART00000008268	cyp7c1	18	18.5	16.4	7.2	9.8	23.7	31.7	NA	NA	NA
ENSDART00000083701	cdk11b	113	60.7	40.2	6.1	16.8	108.4	135.7	45.55	119.29	1.38895014881
ENSDART00000074761	zfand3	127	32.2	27.7	8.1	17.9	43.9	60.6	21.94	18.22	-0.268040566601
ENSDART00000136393	zgc:153126	930	43.8	35.9	8.5	17.7	62.7	90.4	NA	NA	NA
ENSDART00000018144	fgd4a	37	37.7	32.2	12.0	20.9	53.2	62.6	NA	NA	NA
ENSDART00000074765	btbd9	172	30.9	29.2	8.4	16.5	42.6	53.3	NA	NA	NA
ENSDART00000078438	GUCY2C	3	30.9	29.6	NA	NA	NA	NA	NA	NA	NA
ENSDART00000074943	XCR1	1	44.8	44.8	NA	NA	NA	NA	NA	NA	NA
ENSDART00000131876	ttk	375	35.6	30.2	10.0	17.5	49.9	69.4	32.82	97.49	1.5706790037
ENSDART00000074768	ppifb	888	22.0	17.1	4.1	9.4	29.6	46.2	84.55	52.48	-0.688037034679
ENSDART00000086765	stk36	130	22.5	18.8	3.8	11.3	28.5	44.1	NA	NA	NA
ENSDART00000131040	BX004964.3	2	50.0	50.0	NA	NA	NA	NA	NA	NA	NA
ENSDART00000147584	hcst	24	27.2	17.7	10.1	12.1	41.8	55.7	NA	NA	NA
ENSDART00000097664	SEMA4D	17	17.1	15.8	-1.8	8.4	25.0	33.4	NA	NA	NA
ENSDART00000097663	TMEM164	11	14.6	16.4	3.1	6.5	21.3	24.1	NA	NA	NA
ENSDART00000102022	FAM188B2	6	32.8	37.4	NA	NA	NA	NA	NA	NA	NA
ENSDART00000059574	ccdc93	167	20.4	17.8	5.5	11.3	27.0	39.7	NA	NA	NA
ENSDART00000053240	cab39l	134	42.1	32.1	7.0	16.6	57.4	92.1	NA	NA	NA
ENSDART00000086287	znf362	23	20.9	15.6	6.1	10.6	26.9	47.1	NA	NA	NA
ENSDART00000074325	DUSP10	2	34.5	34.5	NA	NA	NA	NA	NA	NA	NA
ENSDART00000041293	mark3	198	53.2	47.0	16.1	29.9	73.1	98.1	30.88	74.9	1.27829296608
ENSDART00000073751	suz12b	133	28.3	23.6	3.1	11.9	40.4	65.3	NA	NA	NA
ENSDART00000077418	ctsba	7291	30.1	27.0	9.2	16.1	41.0	55.3	820.39	871.53	0.0872404195293
ENSDART00000135304	pabpn1l	1289	20.9	16.8	3.9	9.4	27.9	43.2	203.28	204.46	0.00835034532245
ENSDART00000092773	mrps27	235	19.1	16.1	2.6	7.7	27.4	37.3	32.42	25.92	-0.322818372633
ENSDART00000122458	wrap73	116	52.6	47.3	10.2	19.2	79.5	102.2	NA	NA	NA
ENSDART00000023101	pes	252	28.3	24.1	8.9	14.4	35.7	54.2	48.8	28.36	-0.783023615211
ENSDART00000058955	arl6ip1	739	13.9	10.3	1.2	4.9	19.2	30.4	NA	NA	NA
ENSDART00000058956	ywhabl	225	38.8	30.7	7.7	14.6	49.2	92.5	48.05	232.34	2.27362921594
ENSDART00000019861	mbtps1	309	25.0	20.9	7.1	11.5	34.8	49.3	22.22	7.37	-1.59212229229
ENSDART00000130264	rpz	22	36.9	34.9	-2.5	20.1	57.7	75.9	NA	NA	NA
ENSDART00000058958	atp13a	206	20.0	16.5	3.6	9.2	27.8	40.7	17.83	6.11	-1.54506241781
ENSDART00000058775	zgc:101562	155	31.2	26.7	6.3	13.6	43.4	58.1	36.48	62.22	0.77027266537
ENSDART00000058777	slc35a1	190	24.6	22.0	7.2	12.0	33.7	44.4	NA	NA	NA
ENSDART00000114801	SGPP2	38	36.8	35.2	14.7	20.4	45.6	66.3	NA	NA	NA
ENSDART00000114800	C8H1orf106	15	17.7	16.4	3.2	8.6	23.2	31.6	NA	NA	NA
ENSDART00000114805	CR339053.3	6	19.1	13.7	NA	NA	NA	NA	NA	NA	NA
ENSDART00000054205	ndufb6	278	28.7	26.8	9.1	15.9	37.8	51.6	55.48	115.9	1.06284087357
ENSDART00000138139	zgc:153157	14	35.0	31.3	15.3	19.4	37.3	65.7	NA	NA	NA
ENSDART00000002714	slc17a9b	387	23.2	20.6	6.3	12.9	30.5	43.7	29.58	7.99	-1.88835464417
ENSDART00000114809	C16H1orf172	205	76.3	78.0	13.4	34.6	112.3	132.8	29.34	240.76	3.03665494573
ENSDART00000138136	chst2a	122	19.7	15.8	2.8	8.2	27.2	43.3	29.49	4.31	-2.77446604797
ENSDART00000124417	naa15a	192	73.1	59.7	17.8	29.9	114.7	142.3	37.7	253.48	2.74923549204
ENSDART00000124416	med31	294	33.3	30.2	10.4	18.5	46.3	56.0	102.44	109.63	0.0978634844916
ENSDART00000138133	gulp1a	125	43.7	39.8	10.5	18.2	64.5	81.8	NA	NA	NA
ENSDART00000105942	si:dkey-253d23.3	30	30.3	18.9	5.1	12.2	37.5	74.5	NA	NA	NA
ENSDART00000035558	htatip2	179	30.4	24.7	7.6	14.8	39.2	62.4	NA	NA	NA
ENSDART00000101044	hsbp1a	9	17.3	17.4	NA	NA	NA	NA	NA	NA	NA
ENSDART00000084932	map3k3	8	35.6	25.1	NA	NA	NA	NA	NA	NA	NA
ENSDART00000105944	ZNF22	207	25.1	22.3	5.7	10.1	35.6	48.1	88.73	20.45	-2.11732112532
ENSDART00000052660	skap2	60	18.7	17.7	7.0	10.3	27.4	30.8	NA	NA	NA
ENSDART00000110076	gas1a	20	21.6	18.4	5.6	11.0	24.4	42.8	NA	NA	NA
ENSDART00000110070	si:ch211-120p12.3	1	110.0	110.0	NA	NA	NA	NA	NA	NA	NA
ENSDART00000062081	lpar2a	70	15.0	14.8	2.2	7.0	21.2	29.0	NA	NA	NA
ENSDART00000024604	MARS2	19	22.7	18.8	3.4	10.5	35.7	43.8	NA	NA	NA
ENSDART00000137844	atp8b1	207	44.1	31.2	11.9	19.5	61.3	97.8	9.16	34.47	1.91192179527
ENSDART00000143356	TMEM14A	59	34.2	30.1	6.0	15.8	47.2	65.2	NA	NA	NA
ENSDART00000127360	TMEM138	3	27.3	38.5	NA	NA	NA	NA	NA	NA	NA
ENSDART00000104647	prim1	5	31.0	23.3	NA	NA	NA	NA	21.28	49.94	1.23069767043
ENSDART00000129769	cgnl1	9	33.3	17.2	NA	NA	NA	NA	12.91	48.72	1.9160251326
ENSDART00000033738	farsa	38	25.0	19.7	1.7	9.9	31.1	68.5	17.88	3.09	-2.53266799328
ENSDART00000113660	magi3	100	30.9	22.5	6.8	14.8	37.7	57.7	12.36	12.58	0.0254531789749
ENSDART00000129765	rassf8b	4	51.8	50.4	NA	NA	NA	NA	NA	NA	NA
ENSDART00000129766	safb	89	99.2	105.7	25.7	73.9	127.9	155.2	32.21	214.24	2.73364729994
ENSDART00000079454	vamp2	13	18.4	13.0	5.1	9.6	24.3	39.2	NA	NA	NA
ENSDART00000082162	CABZ01087549.1	5	58.7	38.7	NA	NA	NA	NA	NA	NA	NA
ENSDART00000002309	mafba	4	26.8	25.2	NA	NA	NA	NA	NA	NA	NA
ENSDART00000114492	sc:d808	345	27.0	22.6	6.6	12.2	38.1	54.3	NA	NA	NA
ENSDART00000014385	elovl7b	51	17.1	16.6	1.8	5.3	25.0	36.5	141.57	26.97	-2.39208815062
ENSDART00000052780	ndufa1	230	18.3	15.1	2.2	8.2	25.1	35.2	NA	NA	NA
ENSDART00000053205	cd74b	1	15.8	15.8	NA	NA	NA	NA	NA	NA	NA
ENSDART00000092656	erf	82	73.6	76.7	8.3	21.9	113.8	139.5	9.5	177.65	4.224966365
ENSDART00000052789	c1galt1c1	75	27.2	23.9	6.7	14.6	37.2	51.7	NA	NA	NA
ENSDART00000133430	zgc:92606	131	18.6	16.7	4.6	9.4	23.9	33.6	NA	NA	NA
ENSDART00000035080	zgc:158263	4	18.1	19.5	NA	NA	NA	NA	NA	NA	NA
ENSDART00000110380	LARP4	28	26.3	21.2	4.7	14.6	32.4	49.3	NA	NA	NA
ENSDART00000149717	foxo1a	4	10.9	8.4	NA	NA	NA	NA	NA	NA	NA
ENSDART00000110389	ptpn9a	17	37.1	37.0	13.5	24.4	44.6	51.7	NA	NA	NA
ENSDART00000045299	ola1	315	29.5	26.6	6.3	14.0	41.9	57.1	50.88	7.54	-2.75446224202
ENSDART00000139669	sybl1	99	14.6	12.0	1.8	6.8	17.3	27.0	NA	NA	NA
ENSDART00000019561	FOXR1	18	11.1	6.6	0.3	1.8	20.4	28.1	NA	NA	NA
ENSDART00000045295	IPO11	84	23.9	18.3	2.9	8.4	32.1	44.4	12.6	14.0	0.152003093445
ENSDART00000078854	mpv17l2	164	28.4	21.6	8.4	12.7	41.1	58.0	NA	NA	NA
ENSDART00000009687	zgc:56095	1227	23.5	18.5	5.1	10.5	32.2	50.7	163.81	343.99	1.0703431946
ENSDART00000049099	trip13	273	18.9	16.0	4.1	10.4	25.2	37.8	NA	NA	NA
ENSDART00000017850	ctu1	270	37.8	34.1	8.4	20.3	52.8	66.1	76.79	97.37	0.342558894139
ENSDART00000091873	crebbpb	0	NA	NA	NA	NA	NA	NA	9.52	9.31	-0.0321804057491
ENSDART00000078824	szrd1	505	47.1	39.6	11.0	19.4	71.3	93.9	71.55	225.73	1.65757449647
ENSDART00000145175	si:ch73-257c13.2	4	23.3	23.1	NA	NA	NA	NA	NA	NA	NA
ENSDART00000114100	birc6	83	46.2	34.1	8.4	20.4	65.7	103.6	10.56	29.55	1.48454829571
ENSDART00000047662	ppp1r13bb	99	52.7	31.2	5.0	15.4	79.1	128.1	17.29	156.87	3.18155970193
ENSDART00000106414	rnh1	3	31.6	22.8	NA	NA	NA	NA	NA	NA	NA
ENSDART00000047525	cryba1l1	5	13.8	10.9	NA	NA	NA	NA	NA	NA	NA
ENSDART00000135573	si:dkeyp-2e4.5	7	14.1	18.3	NA	NA	NA	NA	NA	NA	NA
ENSDART00000111670	svilb	60	24.7	20.3	6.9	10.7	31.2	57.4	NA	NA	NA
ENSDART00000052562	spata4	26	32.3	23.2	5.9	14.5	32.6	45.2	NA	NA	NA
ENSDART00000047529	acap3b	2	112.6	112.6	NA	NA	NA	NA	NA	NA	NA
ENSDART00000047528	gnai3	11	21.7	15.9	6.4	11.8	32.1	41.8	NA	NA	NA
ENSDART00000145108	MFF	47	11.8	10.8	-0.8	5.1	18.0	24.9	NA	NA	NA
ENSDART00000141718	fam105ba	2	2.6	2.6	NA	NA	NA	NA	NA	NA	NA
ENSDART00000017912	gli2b	4	21.3	22.0	NA	NA	NA	NA	NA	NA	NA
ENSDART00000102243	il21r	3	25.2	26.5	NA	NA	NA	NA	NA	NA	NA
ENSDART00000012438	hspa9	772	25.3	21.4	6.3	12.6	34.7	49.5	79.74	100.75	0.337404328305
ENSDART00000025366	cetn3	401	17.3	15.3	3.4	9.1	22.8	33.2	NA	NA	NA
ENSDART00000022605	tmem126a	42	21.4	15.8	6.1	11.8	33.4	42.8	NA	NA	NA
ENSDART00000086530	SHKBP1	65	21.5	18.3	5.8	11.1	26.9	46.1	NA	NA	NA
ENSDART00000128149	fam32al	64	46.7	33.5	9.5	17.4	68.8	98.3	229.85	155.03	-0.568145246376
ENSDART00000090475	fam21c	235	25.4	23.5	4.1	10.5	33.8	55.6	24.83	9.82	-1.33828933186
ENSDART00000128142	ARHGAP6	1	-7.7	-7.7	NA	NA	NA	NA	NA	NA	NA
ENSDART00000049893	erbb3b	1	20.7	20.7	NA	NA	NA	NA	NA	NA	NA
ENSDART00000141077	RAPGEF2	295	35.3	29.6	9.7	17.1	49.0	69.0	29.64	19.83	-0.579860770077
ENSDART00000098173	vapal	696	20.9	18.0	2.8	9.1	30.6	42.7	78.34	65.82	-0.251223101826
ENSDART00000114661	atp6v1ab	187	15.2	12.7	3.1	7.3	21.6	28.6	NA	NA	NA
ENSDART00000109023	fmnl3	3	32.5	27.4	NA	NA	NA	NA	NA	NA	NA
ENSDART00000010944	dctn5	67	19.1	16.8	5.2	10.1	24.8	35.4	NA	NA	NA
ENSDART00000111389	exd2	321	46.0	40.3	9.0	20.2	67.6	96.0	53.6	98.89	0.883591638807
ENSDART00000109024	lrp12	63	39.7	33.6	11.4	18.6	53.6	75.2	12.32	15.61	0.341468281283
ENSDART00000139448	GALNTL6	18	29.7	25.4	10.6	19.4	30.6	49.2	NA	NA	NA
ENSDART00000111384	zgc:172282	1	120.4	120.4	NA	NA	NA	NA	NA	NA	NA
ENSDART00000111386	dlx2a	1	54.6	54.6	NA	NA	NA	NA	NA	NA	NA
ENSDART00000112768	ubald1a	4	17.2	16.0	NA	NA	NA	NA	NA	NA	NA
ENSDART00000128647	C12H17orf62	13	55.1	48.5	32.5	39.5	74.5	86.2	NA	NA	NA
ENSDART00000148598	tefb	74	33.4	25.3	5.6	11.6	52.8	74.0	NA	NA	NA
ENSDART00000148596	gadd45ab	10	19.0	19.2	-7.0	7.3	29.9	41.3	NA	NA	NA
ENSDART00000130934	lnpb	77	48.3	38.6	13.1	23.2	69.5	94.7	NA	NA	NA
ENSDART00000075223	cox7a2a	725	15.8	14.2	3.4	8.7	20.5	27.6	99.72	16.41	-2.60330764398
ENSDART00000075222	gnl2	0	NA	NA	NA	NA	NA	NA	10.23	12.01	0.23143000596
ENSDART00000111038	PLXDC2	18	19.2	17.2	10.4	11.9	24.5	31.0	NA	NA	NA
ENSDART00000152624	olfm2b	1	-2.2	-2.2	NA	NA	NA	NA	NA	NA	NA
ENSDART00000152860	snx9b	250	29.5	25.7	7.7	15.0	38.8	56.5	NA	NA	NA
ENSDART00000006698	ebf1a	37	19.8	17.9	2.2	12.5	29.8	34.8	NA	NA	NA
ENSDART00000026120	ap3m2	9	66.3	54.5	NA	NA	NA	NA	NA	NA	NA
ENSDART00000113848	zgc:171422	362	29.3	25.1	6.2	15.7	37.9	55.9	22.44	66.23	1.56141218228
ENSDART00000114239	CU457819.3	1	-8.4	-8.4	NA	NA	NA	NA	NA	NA	NA
ENSDART00000004041	zgc:162200	338	26.6	19.7	4.9	9.8	38.8	55.5	51.75	35.39	-0.548217100849
ENSDART00000113849	kif5ba	219	53.1	47.9	12.3	22.8	77.7	105.5	56.69	56.13	-0.0143222098575
ENSDART00000090657	znrf3	154	27.6	26.3	3.1	11.8	39.2	55.4	NA	NA	NA
ENSDART00000066765	bmi1a	779	28.3	23.5	5.6	13.1	40.2	57.2	NA	NA	NA
ENSDART00000128050	UTP14C	36	20.8	19.2	8.3	11.8	28.0	39.3	29.09	4.94	-2.55794034952
ENSDART00000093382	GALNT3	6	23.1	18.4	NA	NA	NA	NA	NA	NA	NA
ENSDART00000031700	eng2a	1	2.9	2.9	NA	NA	NA	NA	NA	NA	NA
ENSDART00000007066	cdk8	263	34.8	32.4	8.8	17.0	48.5	67.1	37.47	104.75	1.48314236114
ENSDART00000029387	ppan	744	23.2	19.6	6.4	12.1	31.8	42.5	214.08	13.5	-3.9871187087
ENSDART00000064107	cxadr	136	33.3	30.8	8.9	17.9	45.7	55.3	NA	NA	NA
ENSDART00000129303	SLC6A3	4	31.8	24.1	NA	NA	NA	NA	NA	NA	NA
ENSDART00000039083	slco1c1	30	10.6	9.5	-3.3	4.4	17.4	20.7	NA	NA	NA
ENSDART00000080135	gfpt1	4	31.5	28.9	NA	NA	NA	NA	NA	NA	NA
ENSDART00000039080	wasb	1	21.6	21.6	NA	NA	NA	NA	NA	NA	NA
ENSDART00000080138	ptcd3	407	20.3	17.4	5.8	10.3	26.9	37.8	53.08	8.7	-2.60908106463
ENSDART00000078041	CABZ01073424.1	33	35.8	27.8	9.0	13.7	55.1	65.9	NA	NA	NA
ENSDART00000104157	TMEM45A	18	38.8	29.8	9.4	20.2	56.8	74.3	NA	NA	NA
ENSDART00000044368	si:ch211-39i19.4	6	32.4	25.4	NA	NA	NA	NA	NA	NA	NA
ENSDART00000104151	entpd3	6	12.1	12.1	NA	NA	NA	NA	NA	NA	NA
ENSDART00000063824	CABZ01117079.1	8	23.0	22.3	NA	NA	NA	NA	NA	NA	NA
ENSDART00000067814	tk2	29	34.0	21.4	0.8	6.6	60.5	77.2	NA	NA	NA
ENSDART00000108646	piezo1	26	29.9	24.8	7.2	13.6	36.4	51.9	NA	NA	NA
ENSDART00000108647	alyref	1506	60.0	57.3	13.4	27.3	87.8	110.5	450.72	1773.98	1.97668637073
ENSDART00000140039	rpl8	790	25.9	21.5	6.8	12.3	35.9	51.2	320.89	14.02	-4.51652057668
ENSDART00000108643	tctn1	28	22.7	17.1	7.5	11.7	30.9	49.2	NA	NA	NA
ENSDART00000112146	CR388068.1	57	22.2	16.6	2.8	8.8	28.5	38.6	NA	NA	NA
ENSDART00000113843	ypel3	185	93.1	98.0	12.5	30.1	146.0	173.8	NA	NA	NA
ENSDART00000041842	ndufb10	162	22.0	20.4	6.3	10.3	30.1	40.1	69.61	22.38	-1.63708453864
ENSDART00000140032	si:dkeyp-69c1.9	1	14.8	14.8	NA	NA	NA	NA	NA	NA	NA
ENSDART00000125463	haus3	383	20.3	17.6	5.7	10.6	26.4	38.6	NA	NA	NA
ENSDART00000056641	smarcd3a	1	-14.0	-14.0	NA	NA	NA	NA	NA	NA	NA
ENSDART00000113972	zmiz1b	34	16.0	16.0	5.0	8.3	20.5	25.2	NA	NA	NA
ENSDART00000002750	tacc3	1692	11.1	9.0	0.5	4.2	15.1	24.7	127.39	4.73	-4.75126803799
ENSDART00000015841	gstt1b	111	17.9	15.8	4.0	8.9	24.9	32.3	NA	NA	NA
ENSDART00000025581	ets2	116	32.0	28.6	7.7	15.7	39.5	64.7	13.26	13.62	0.0386459278995
ENSDART00000136000	stab2	5	43.4	46.7	NA	NA	NA	NA	NA	NA	NA
ENSDART00000042901	taf6	43	110.7	121.7	47.3	74.8	143.3	159.8	NA	NA	NA
ENSDART00000099214	slc16a1	41	36.2	27.3	6.9	14.1	49.0	83.5	NA	NA	NA
ENSDART00000008243	slmo2	499	30.0	24.8	6.7	14.2	41.7	60.2	60.58	98.15	0.696146689558
ENSDART00000129547	CABZ01087568.1	51	16.5	15.3	5.0	9.4	20.1	29.7	NA	NA	NA
ENSDART00000123142	pex5	42	38.5	31.1	2.8	20.3	55.5	81.0	NA	NA	NA
ENSDART00000123143	CU856359.1	194	28.7	24.9	6.9	14.6	43.2	54.5	43.82	14.66	-1.57970438086
ENSDART00000126314	pcdh8	2	0.7	0.7	NA	NA	NA	NA	NA	NA	NA
ENSDART00000123147	ZBTB8A	197	19.1	16.5	3.8	9.1	25.4	37.2	NA	NA	NA
ENSDART00000123145	RNF4	595	15.5	12.1	2.5	6.5	21.9	31.6	NA	NA	NA
ENSDART00000126318	CU683898.1	105	21.9	17.6	4.9	9.5	26.0	44.9	NA	NA	NA
ENSDART00000078221	mgrn1b	106	38.3	31.2	9.6	16.4	56.8	79.7	NA	NA	NA
ENSDART00000008302	insra	72	45.9	34.0	10.0	15.5	72.8	98.2	NA	NA	NA
ENSDART00000113864	FAXC	1	73.0	73.0	NA	NA	NA	NA	NA	NA	NA
ENSDART00000075958	slc13a2	4	15.2	14.6	NA	NA	NA	NA	NA	NA	NA
ENSDART00000110097	CU075911.1	2810	16.2	13.6	3.7	8.2	21.0	30.7	165.14	88.28	-0.9035310756
ENSDART00000041849	tmem8a	10	17.3	18.3	4.2	11.2	22.2	32.1	NA	NA	NA
ENSDART00000002384	phox2a	1	15.1	15.1	NA	NA	NA	NA	NA	NA	NA
ENSDART00000065411	atg9a	24	31.4	25.1	9.7	14.4	45.5	64.7	NA	NA	NA
ENSDART00000064343	klf7b	22	16.3	12.5	0.6	5.9	20.3	33.8	NA	NA	NA
ENSDART00000019155	btg2	2016	46.9	41.5	10.3	21.9	66.8	90.5	43.35	835.27	4.26813872381
ENSDART00000075484	ube2a	79	47.5	26.6	2.6	10.6	79.7	119.7	NA	NA	NA
ENSDART00000122308	pum1	13	10.8	10.1	-6.0	-2.5	22.7	29.3	26.04	133.27	2.35555070271
ENSDART00000147026	shroom1	6	30.7	16.2	NA	NA	NA	NA	NA	NA	NA
ENSDART00000144100	psmd1	246	33.9	28.3	8.3	14.3	46.4	73.3	47.91	83.16	0.795562944726
ENSDART00000146845	pth1a	48	23.8	19.8	8.0	12.1	34.3	40.2	NA	NA	NA
ENSDART00000127303	map7d3	177	27.5	23.0	5.1	13.5	36.3	55.9	24.33	10.96	-1.15048852198
ENSDART00000127304	AL929192.1	2	15.4	15.4	NA	NA	NA	NA	NA	NA	NA
ENSDART00000087894	zgc:153409	5	-2.7	-4.2	NA	NA	NA	NA	NA	NA	NA
ENSDART00000074574	APH1A	194	27.1	21.2	3.7	10.4	37.5	55.7	25.97	53.55	1.04404056096
ENSDART00000074575	SEPT7	352	57.7	44.1	8.7	22.0	86.2	125.9	21.04	192.04	3.19020023137
ENSDART00000018827	dachc	19	24.4	20.2	2.5	13.1	23.3	44.8	NA	NA	NA
ENSDART00000051779	atg4c	9	53.2	38.9	NA	NA	NA	NA	NA	NA	NA
ENSDART00000002498	elp4	39	28.5	24.2	3.6	9.5	38.4	59.3	NA	NA	NA
ENSDART00000098031	apeh	184	41.3	22.4	6.6	11.3	49.2	108.6	NA	NA	NA
ENSDART00000027386	acot8	14	20.8	21.8	10.3	13.2	27.1	29.1	NA	NA	NA
ENSDART00000085076	CHST15	38	24.7	22.3	9.0	16.1	35.1	41.4	NA	NA	NA
ENSDART00000124641	ulk1a	183	16.5	14.1	2.2	7.7	21.8	36.0	NA	NA	NA
ENSDART00000059360	hnrnpul1	16	46.5	27.7	-0.6	11.5	91.4	107.8	NA	NA	NA
ENSDART00000050542	HTRA4	2	50.8	50.8	NA	NA	NA	NA	NA	NA	NA
ENSDART00000124646	rgmd	128	14.7	11.4	3.0	7.6	17.9	28.0	NA	NA	NA
ENSDART00000110809	rsad1	34	15.1	11.8	3.5	7.1	21.9	29.7	NA	NA	NA
ENSDART00000110808	si:ch73-221f6.7	14	11.9	9.6	6.7	7.2	11.7	24.0	NA	NA	NA
ENSDART00000061751	zp3a.2	118	54.8	43.2	13.8	22.6	78.3	112.9	49.38	7.63	-2.69417187431
ENSDART00000110807	SPEN	288	61.2	59.7	15.4	30.6	81.9	106.0	43.75	66.05	0.594275544527
ENSDART00000105776	fam207a	271	23.5	22.0	7.2	12.7	32.1	45.5	69.97	11.29	-2.63169100554
ENSDART00000142589	si:dkey-148f10.4	3	26.7	22.1	NA	NA	NA	NA	NA	NA	NA
ENSDART00000061758	MIER3	306	26.3	19.0	3.7	9.2	36.2	60.8	45.44	104.66	1.20367542411
ENSDART00000134896	si:ch211-12e13.2	113	17.8	13.7	2.4	6.6	23.7	35.7	25.79	8.15	-1.66193980867
ENSDART00000102416	cyp3c4	1	-13.6	-13.6	NA	NA	NA	NA	NA	NA	NA
ENSDART00000134890	dusp11	138	105.1	110.6	51.9	79.3	136.5	156.3	NA	NA	NA
ENSDART00000102410	TAF15	400	87.0	89.8	12.2	38.7	130.4	150.6	195.57	1380.55	2.81948615342
ENSDART00000129962	BX324179.3	3	35.3	33.1	NA	NA	NA	NA	NA	NA	NA
ENSDART00000134893	CPAMD8	1	28.6	28.6	NA	NA	NA	NA	NA	NA	NA
ENSDART00000055492	ddx5	194	73.4	77.4	15.3	40.7	103.4	124.1	123.86	906.49	2.87158075371
ENSDART00000093358	loh12cr1	68	37.6	37.2	11.1	19.2	51.8	62.4	28.07	19.85	-0.499890056482
ENSDART00000034913	SGMS1	256	32.0	27.9	7.3	16.1	43.6	60.3	NA	NA	NA
ENSDART00000083957	CAMSAP2	29	26.9	20.1	5.2	12.7	34.9	61.6	NA	NA	NA
ENSDART00000058890	ephx2	39	17.2	13.2	3.8	10.1	21.1	33.3	NA	NA	NA
ENSDART00000131177	adcy1b	2	20.0	20.0	NA	NA	NA	NA	NA	NA	NA
ENSDART00000104977	PICK1	50	37.9	30.9	7.6	15.9	56.8	67.8	NA	NA	NA
ENSDART00000036513	trib3	33	50.6	50.6	11.3	20.0	72.2	99.4	10.98	110.04	3.32507808531
ENSDART00000103320	dll4	4	21.4	18.2	NA	NA	NA	NA	NA	NA	NA
ENSDART00000013446	eif2d	48	24.4	20.8	3.3	9.9	31.5	48.6	28.12	4.33	-2.69915766435
ENSDART00000066997	dram1	4	17.9	17.4	NA	NA	NA	NA	NA	NA	NA
ENSDART00000066999	ccdc53	61	25.0	21.2	6.7	10.8	33.3	50.8	NA	NA	NA
ENSDART00000113732	orc6	503	62.5	58.5	19.5	36.5	86.2	112.4	93.42	792.87	3.08528098891
ENSDART00000013449	chst13	37	37.9	36.2	5.2	16.7	46.6	75.3	NA	NA	NA
ENSDART00000100924	cwc25	110	38.9	31.0	7.8	15.6	55.9	82.9	153.77	108.63	-0.501351483247
ENSDART00000082395	PDCD1LG2	2	23.8	23.8	NA	NA	NA	NA	NA	NA	NA
ENSDART00000017034	rnf2	999	16.7	14.0	2.5	7.9	21.7	32.0	45.68	57.57	0.333754561554
ENSDART00000146085	C10H9orf123	46	22.1	19.3	4.7	11.4	26.5	42.5	NA	NA	NA
ENSDART00000041597	arpp19a	17	39.2	18.4	6.8	14.2	30.2	114.3	NA	NA	NA
ENSDART00000073508	HYAL4	3	13.1	11.6	NA	NA	NA	NA	NA	NA	NA
ENSDART00000125149	ndst2a	250	26.7	20.1	7.9	13.7	34.9	51.6	NA	NA	NA
ENSDART00000073500	ptprz1a	1	66.2	66.2	NA	NA	NA	NA	NA	NA	NA
ENSDART00000077883	pfkfb4	94	73.7	75.4	18.6	46.1	98.4	125.5	NA	NA	NA
ENSDART00000125663	si:dkey-165n16.1	84	30.3	28.5	11.0	16.2	41.5	55.1	NA	NA	NA
ENSDART00000045109	zgc:92242	3	74.4	69.6	NA	NA	NA	NA	NA	NA	NA
ENSDART00000015664	pcnx	72	31.2	22.5	7.9	12.2	42.7	66.9	7.85	3.55	-1.14487362939
ENSDART00000134763	C9H21orf33	379	15.7	12.8	2.9	7.2	20.4	32.2	NA	NA	NA
ENSDART00000058099	si:ch73-308m11.1	5	35.0	31.7	NA	NA	NA	NA	NA	NA	NA
ENSDART00000082955	sowahcb	20	38.7	41.1	13.4	16.7	50.9	64.5	NA	NA	NA
ENSDART00000021736	scocb	67	18.5	15.7	4.1	10.3	26.9	34.9	NA	NA	NA
ENSDART00000151106	zgc:56064	733	41.1	34.5	12.0	20.4	56.6	82.4	80.29	203.08	1.33875594666
ENSDART00000130734	strbp	54	71.6	67.6	22.3	32.8	106.1	123.8	9.19	53.51	2.54167176231
ENSDART00000025096	larp1b	457	27.1	16.7	3.6	7.7	36.2	69.1	26.14	95.1	1.86318619995
ENSDART00000066191	ift52	76	28.8	25.2	10.1	17.6	40.2	52.9	24.63	10.13	-1.2817824537
ENSDART00000054738	gid8b	98	57.8	46.9	12.9	24.6	85.5	118.0	42.09	212.92	2.33876205658
ENSDART00000059752	med16	489	21.6	18.0	4.5	9.4	29.8	41.3	33.14	19.4	-0.772516950147
ENSDART00000130739	plaa	189	21.8	16.0	3.1	8.4	32.9	48.6	29.72	21.47	-0.46911192468
ENSDART00000066197	glra1	2	31.4	31.4	NA	NA	NA	NA	NA	NA	NA
ENSDART00000113368	RNF5	104	31.6	24.8	8.8	13.7	43.4	61.6	NA	NA	NA
ENSDART00000151950	serac1	31	40.4	34.8	10.5	18.9	61.4	78.2	NA	NA	NA
ENSDART00000055340	fus	61	33.8	24.0	8.8	12.8	39.4	74.3	11.8	38.65	1.71168155456
ENSDART00000112095	vars	164	31.8	27.4	7.7	14.4	44.5	61.0	20.38	29.54	0.535515774599
ENSDART00000112098	CR847925.1	184	51.2	34.7	9.8	17.3	76.5	116.6	NA	NA	NA
ENSDART00000058370	ARHGAP32	31	21.0	18.2	3.4	9.9	29.5	44.4	NA	NA	NA
ENSDART00000077089	nucb1	203	21.2	17.5	5.2	8.2	31.9	42.5	60.96	39.47	-0.6271063836
ENSDART00000101789	flot2b	29	38.2	32.6	6.7	11.2	60.5	72.5	NA	NA	NA
ENSDART00000023388	yod1	58	28.8	23.0	2.1	13.4	38.3	55.9	NA	NA	NA
ENSDART00000032341	pef1	172	13.5	10.3	-0.2	4.7	20.0	27.5	NA	NA	NA
ENSDART00000049464	fermt2	167	45.9	41.6	4.2	15.3	64.7	91.5	10.87	85.67	2.97843814812
ENSDART00000125272	slc2a10	68	26.2	20.4	7.0	12.7	36.3	51.4	15.99	2.5	-2.67716993882
ENSDART00000122953	gnl3	53	24.9	18.5	4.6	10.2	37.3	54.1	20.71	2.15	-3.26791898863
ENSDART00000109234	spata18	28	34.4	31.1	12.7	16.9	49.7	58.7	NA	NA	NA
ENSDART00000039868	usp4	333	36.6	27.6	8.9	15.8	50.0	76.3	51.72	64.77	0.324603468933
ENSDART00000109236	HSCB	225	15.4	12.2	2.8	6.1	22.1	32.5	NA	NA	NA
ENSDART00000109230	ulk3	33	16.4	11.8	1.9	7.4	19.2	28.0	NA	NA	NA
ENSDART00000091684	anapc7	59	23.6	22.2	2.6	11.5	30.7	50.6	14.27	27.23	0.932211647568
ENSDART00000091683	alkbh5	324	26.5	22.3	4.9	12.3	35.8	57.2	66.85	39.22	-0.769338024789
ENSDART00000028171	lta4h	341	25.3	20.8	5.4	11.1	35.8	53.6	18.57	19.26	0.052633887908
ENSDART00000135383	si:dkey-192p21.6	59	22.9	19.8	7.1	11.4	30.8	42.0	NA	NA	NA
ENSDART00000053834	psmc6	262	18.6	12.4	1.7	6.8	25.1	39.1	29.24	37.65	0.364706553607
ENSDART00000002463	tmed5	553	50.0	30.3	7.1	14.4	82.2	120.8	50.33	167.28	1.73277446409
ENSDART00000138091	BX324142.2	1	18.6	18.6	NA	NA	NA	NA	NA	NA	NA
ENSDART00000005305	CABZ01065289.1	4	2.7	1.7	NA	NA	NA	NA	NA	NA	NA
ENSDART00000002464	neu1	19	25.9	25.2	5.0	18.4	37.3	50.3	NA	NA	NA
ENSDART00000002469	hspa4b	295	25.4	22.1	8.0	13.4	35.1	48.2	63.74	7.21	-3.14412785454
ENSDART00000035967	brd2a	397	18.5	15.2	2.3	7.8	25.7	37.9	111.02	12.76	-3.121119364
ENSDART00000046454	zgc:171445	56	32.6	25.0	7.0	12.8	52.0	65.9	NA	NA	NA
ENSDART00000101253	luc7l3	82	74.3	69.7	5.8	22.8	119.8	139.8	27.77	135.86	2.29052167703
ENSDART00000128025	rps26l	355	33.9	33.4	10.1	21.1	45.2	56.7	150.45	7.65	-4.29768054864
ENSDART00000144907	pidd	18	19.1	16.3	-1.4	5.7	28.8	42.4	NA	NA	NA
ENSDART00000144906	zgc:162358	14	15.1	13.6	2.5	6.5	19.1	29.1	NA	NA	NA
ENSDART00000077627	ret	1	56.7	56.7	NA	NA	NA	NA	NA	NA	NA
ENSDART00000101332	tmprss13a	4	9.9	8.3	NA	NA	NA	NA	NA	NA	NA
ENSDART00000131063	C7H4orf48	71	37.4	32.8	7.4	15.3	50.0	77.5	NA	NA	NA
ENSDART00000080632	zgc:64022	19	33.7	32.4	9.2	21.5	40.7	54.2	NA	NA	NA
ENSDART00000131067	fbxo42	186	53.5	49.7	16.9	27.8	77.2	98.7	46.13	43.44	-0.0866811892613
ENSDART00000037224	zgc:56530	118	27.4	25.2	8.4	15.9	35.6	48.1	NA	NA	NA
ENSDART00000006386	atp1b1a	8	39.9	40.1	NA	NA	NA	NA	NA	NA	NA
ENSDART00000024720	si:ch211-282j22.3	121	26.7	21.1	5.6	10.8	40.1	50.4	17.57	19.42	0.144429009411
ENSDART00000089569	camsap2	3	15.0	16.2	NA	NA	NA	NA	NA	NA	NA
ENSDART00000006300	ptplad1	79	35.9	39.0	13.5	23.7	48.9	59.8	NA	NA	NA
ENSDART00000003221	nsrp1	104	34.9	32.3	11.5	19.6	47.6	64.4	45.97	13.53	-1.76453082684
ENSDART00000104979	zgc:112023	14	30.9	25.5	13.6	18.4	40.5	56.2	NA	NA	NA
ENSDART00000091466	polr3b	117	17.0	14.2	2.8	8.1	19.0	35.5	11.57	3.13	-1.88615430217
ENSDART00000098865	vasp	87	48.4	39.6	18.4	25.5	53.7	93.7	17.4	21.64	0.314613193091
ENSDART00000133514	elovl7a	884	13.5	10.6	1.8	5.5	19.1	27.6	NA	NA	NA
ENSDART00000079594	C13H4orf32	34	57.8	45.3	9.4	18.2	81.4	135.3	NA	NA	NA
ENSDART00000079597	vps36	51	21.6	22.3	-0.8	7.6	33.6	43.8	NA	NA	NA
ENSDART00000002791	odz4	11	54.7	31.6	9.0	14.5	98.9	105.2	NA	NA	NA
ENSDART00000005021	tkt	1371	26.3	23.4	6.0	13.0	36.2	49.8	72.5	97.25	0.423717254971
ENSDART00000133519	rad9b	3	46.5	43.6	NA	NA	NA	NA	NA	NA	NA
ENSDART00000011955	gpsm1b	60	30.5	26.4	5.0	15.8	36.7	60.0	14.99	15.15	0.0153174104125
ENSDART00000005168	ddx55	170	18.0	15.8	4.8	9.9	23.3	33.1	25.29	5.26	-2.26543233237
ENSDART00000006380	tbx3a	2	24.5	24.5	NA	NA	NA	NA	NA	NA	NA
ENSDART00000109976	acap3a	1	11.1	11.1	NA	NA	NA	NA	NA	NA	NA
ENSDART00000081754	sdha	373	28.6	23.8	6.4	13.3	39.7	55.8	29.03	40.56	0.482513080377
ENSDART00000086490	smyd4	38	24.3	23.5	1.9	13.4	33.1	51.2	NA	NA	NA
ENSDART00000006381	psen2	31	41.4	30.2	10.8	19.2	70.8	80.0	NA	NA	NA
ENSDART00000086495	C25H12orf4	31	26.5	16.9	0.4	6.8	48.3	64.6	NA	NA	NA
ENSDART00000060838	rer1	102	111.2	118.3	28.3	74.7	155.3	173.3	44.23	439.74	3.31355362281
ENSDART00000081813	zbtb24	9	37.8	26.2	NA	NA	NA	NA	NA	NA	NA
ENSDART00000102081	afap1l2	4	26.0	23.5	NA	NA	NA	NA	NA	NA	NA
ENSDART00000008498	adh8a	4	25.1	19.4	NA	NA	NA	NA	NA	NA	NA
ENSDART00000081810	clic1	29	31.6	24.4	5.4	9.7	47.8	66.3	NA	NA	NA
ENSDART00000042737	rab18b	121	46.5	37.6	8.2	17.7	69.3	101.4	NA	NA	NA
ENSDART00000093367	trim3a	43	25.2	18.0	-6.6	8.2	28.7	51.5	NA	NA	NA
ENSDART00000081759	sema5a	35	30.5	28.9	7.3	13.5	47.1	56.1	NA	NA	NA
ENSDART00000008490	zgc:55512	296	36.7	27.9	4.8	13.9	51.3	84.7	NA	NA	NA
ENSDART00000077404	por	32	59.7	50.8	2.8	17.9	108.2	123.4	NA	NA	NA
ENSDART00000109970	DLC1	1	5.1	5.1	NA	NA	NA	NA	NA	NA	NA
ENSDART00000152626	rpl24	2051	33.3	32.1	7.4	16.8	46.7	59.5	792.79	43.49	-4.18818315103
ENSDART00000085051	hhip	11	20.8	21.5	5.8	16.2	26.5	34.1	NA	NA	NA
ENSDART00000139055	efcab7	52	53.1	47.1	13.3	32.0	74.1	88.3	NA	NA	NA
ENSDART00000087815	b4galnt1a	7	50.3	47.1	NA	NA	NA	NA	NA	NA	NA
ENSDART00000129956	SLC39A14	29	28.8	26.0	6.0	14.0	40.0	54.2	NA	NA	NA
ENSDART00000113058	gpsm2	108	32.2	25.9	7.8	15.5	45.4	67.0	NA	NA	NA
ENSDART00000129953	rhogd	16	54.0	56.6	20.9	39.8	64.0	84.0	NA	NA	NA
ENSDART00000003444	sh2d3cb	15	28.1	19.2	11.5	14.2	41.0	55.1	NA	NA	NA
ENSDART00000129407	plin2	6	22.7	23.2	NA	NA	NA	NA	NA	NA	NA
ENSDART00000129950	ANKRD66	43	24.0	20.9	8.4	12.7	33.1	41.5	NA	NA	NA
ENSDART00000114002	NTF4	12	21.8	17.6	9.1	13.3	26.7	29.7	NA	NA	NA
ENSDART00000020122	ywhah	339	25.7	22.5	6.5	12.5	32.5	49.7	NA	NA	NA
ENSDART00000133012	ylpm1	112	60.3	59.1	10.7	23.6	89.3	117.1	20.0	51.0	1.35049724708
ENSDART00000114006	CABZ01051901.1	14	29.0	23.4	11.5	18.9	33.8	51.9	NA	NA	NA
ENSDART00000150100	si:ch73-57f22.2	16	15.6	16.3	5.2	8.1	23.2	28.1	NA	NA	NA
ENSDART00000110249	C8H1orf228	30	50.0	48.1	18.8	30.7	67.2	81.3	NA	NA	NA
ENSDART00000113598	arhgef19	1	28.8	28.8	NA	NA	NA	NA	NA	NA	NA
ENSDART00000007700	atf6	110	31.4	25.5	3.8	11.1	40.9	73.1	NA	NA	NA
ENSDART00000062693	ptpn1	481	23.9	19.4	3.6	11.3	31.6	49.6	NA	NA	NA
ENSDART00000110241	cnksr2a	2	6.1	6.1	NA	NA	NA	NA	NA	NA	NA
ENSDART00000023539	cyba	10	10.7	10.9	6.4	8.2	13.8	15.2	NA	NA	NA
ENSDART00000020576	cdc25	553	45.2	30.8	9.3	17.7	56.6	115.0	137.78	558.18	2.01836394936
ENSDART00000149508	mbd3a	47	66.8	46.0	11.2	24.8	99.8	138.9	15.39	228.27	3.89067613148
ENSDART00000149057	kpnb1	274	14.5	13.8	2.7	6.9	20.7	27.6	77.25	94.81	0.295504301102
ENSDART00000022841	metap1d	171	26.9	24.1	7.1	13.6	36.4	50.7	NA	NA	NA
ENSDART00000090226	znf319	16	33.9	31.8	8.7	11.4	53.5	56.7	NA	NA	NA
ENSDART00000090221	cdc42ep1b	46	19.1	18.9	3.0	9.0	25.1	36.0	NA	NA	NA
ENSDART00000080094	prelid1a	503	16.5	14.0	4.3	8.3	21.6	32.0	28.53	6.22	-2.19749326145
ENSDART00000022147	ndufab1b	425	14.8	12.5	3.4	7.7	19.4	28.7	54.41	7.8	-2.80232579931
ENSDART00000022413	zhx3	46	48.9	49.4	15.5	23.5	60.8	80.6	20.55	31.12	0.598703666417
ENSDART00000126129	NAGPA	7	29.9	25.2	NA	NA	NA	NA	NA	NA	NA
ENSDART00000123447	CU633857.1	2	15.6	15.6	NA	NA	NA	NA	NA	NA	NA
ENSDART00000126123	si:dkey-162h11.3	1	73.1	73.1	NA	NA	NA	NA	NA	NA	NA
ENSDART00000080099	oard1	80	21.3	16.6	6.3	10.9	28.4	42.2	NA	NA	NA
ENSDART00000123337	CABZ01081747.2	5	19.4	14.1	NA	NA	NA	NA	NA	NA	NA
ENSDART00000087729	KDM4C	14	13.9	10.8	6.6	8.7	17.3	27.6	NA	NA	NA
ENSDART00000092787	cdk4	17	66.2	81.6	11.1	21.9	95.0	111.3	NA	NA	NA
ENSDART00000087726	igf2bp1	30	57.8	48.8	7.9	15.6	87.4	127.3	8.87	47.26	2.41361361967
ENSDART00000087724	CABZ01041812.1	8	20.0	17.6	NA	NA	NA	NA	NA	NA	NA
ENSDART00000147908	ms4a17a.5	2	24.5	24.5	NA	NA	NA	NA	NA	NA	NA
ENSDART00000147909	wu:fc17b08	116	51.2	41.6	9.1	18.8	74.1	109.5	21.01	93.2	2.14925379287
ENSDART00000098419	CABZ01070258.1	3	15.9	8.2	NA	NA	NA	NA	NA	NA	NA
ENSDART00000101513	ppp6r2b	25	37.5	18.5	5.6	11.8	41.6	90.1	NA	NA	NA
ENSDART00000121791	ush1c	2	26.2	26.2	NA	NA	NA	NA	NA	NA	NA
ENSDART00000105143	ZC3H12A	2	18.1	18.1	NA	NA	NA	NA	NA	NA	NA
ENSDART00000105140	C11H1orf50	257	23.8	22.2	7.0	12.9	34.3	44.3	NA	NA	NA
ENSDART00000147903	lrit1a	1	5.3	5.3	NA	NA	NA	NA	NA	NA	NA
ENSDART00000147904	mad1l1	106	93.3	94.4	41.3	68.4	125.8	143.8	41.29	235.56	2.51223025501
ENSDART00000147905	fam213aa	15	71.4	73.2	25.6	43.3	101.9	113.2	30.17	21.63	-0.480081031185
ENSDART00000084131	fam160b2	27	43.4	35.5	6.0	18.7	67.4	86.2	NA	NA	NA
ENSDART00000016024	traf4a	23	41.5	33.6	17.0	22.1	49.7	89.8	NA	NA	NA
ENSDART00000043172	tmem258	679	32.4	26.4	8.4	14.9	45.0	66.8	138.1	412.21	1.57766618474
ENSDART00000043173	rpl18	1261	33.6	32.3	9.8	20.0	45.1	58.1	692.06	50.45	-3.77797094716
ENSDART00000111735	tm2d3	491	38.1	30.7	8.4	15.3	53.5	80.9	38.76	38.87	0.00408853692412
ENSDART00000110651	slc12a8	26	20.5	15.1	3.1	6.8	30.4	47.0	NA	NA	NA
ENSDART00000007211	wbp1la	37	33.3	28.2	11.2	18.3	40.3	71.1	NA	NA	NA
ENSDART00000149156	tcf7	3	32.9	33.8	NA	NA	NA	NA	NA	NA	NA
ENSDART00000134514	smarca4	321	70.0	66.9	8.5	22.3	111.1	139.8	65.97	164.74	1.32030888381
ENSDART00000080897	rprd2a	44	96.8	110.8	22.2	62.8	128.8	154.7	9.04	56.27	2.63797128564
ENSDART00000101807	si:ch211-106h11.3	1	19.8	19.8	NA	NA	NA	NA	NA	NA	NA
ENSDART00000079019	spsb1	1240	20.7	16.4	2.8	8.8	27.8	42.9	172.88	248.93	0.525969131045
ENSDART00000088177	ptpdc1	66	24.8	21.0	3.7	12.5	32.4	46.5	NA	NA	NA
ENSDART00000063129	cmc1	52	16.3	12.6	3.9	8.1	21.5	31.8	NA	NA	NA
ENSDART00000044776	stxbp3	157	32.3	22.8	7.7	12.9	43.6	69.3	NA	NA	NA
ENSDART00000016702	iah1	25	65.9	62.6	12.2	45.3	96.5	111.3	NA	NA	NA
ENSDART00000103431	esrp1	5	22.2	20.9	NA	NA	NA	NA	NA	NA	NA
ENSDART00000063121	BX539313.3	112	46.5	46.9	14.6	27.9	64.7	75.6	NA	NA	NA
ENSDART00000016709	rabl5	7	36.6	25.9	NA	NA	NA	NA	NA	NA	NA
ENSDART00000019706	phc2b	97	17.8	15.9	1.5	10.1	24.9	31.7	NA	NA	NA
ENSDART00000130891	camk4	1	8.1	8.1	NA	NA	NA	NA	NA	NA	NA
ENSDART00000138862	PIGW	66	25.4	19.0	7.8	11.8	33.2	45.9	NA	NA	NA
ENSDART00000055500	ptx4	13	53.4	49.4	10.8	33.8	59.9	90.0	NA	NA	NA
ENSDART00000036871	si:ch211-121a2.4	8	17.4	15.3	NA	NA	NA	NA	NA	NA	NA
ENSDART00000130897	ABCF3	182	19.4	16.6	4.3	10.4	25.3	41.6	53.72	3.69	-3.86376658337
ENSDART00000065640	CABZ01043370.1	15	16.0	10.1	7.7	9.2	19.2	36.3	NA	NA	NA
ENSDART00000085453	si:ch211-274p24.5	9	25.1	21.0	NA	NA	NA	NA	NA	NA	NA
ENSDART00000065643	dbf4	18	29.0	25.5	8.5	14.1	45.3	54.5	NA	NA	NA
ENSDART00000065644	BX571969.1	16	41.1	44.1	11.0	16.6	59.5	74.6	NA	NA	NA
ENSDART00000131069	esr2a	6	25.3	14.3	NA	NA	NA	NA	NA	NA	NA
ENSDART00000140483	scaf4a	116	44.4	38.0	12.1	22.6	61.8	84.4	49.32	59.02	0.259031121029
ENSDART00000112872	pax1b	93	28.4	27.8	6.5	17.1	38.2	52.9	NA	NA	NA
ENSDART00000112873	si:dkey-181m9.8	27	45.3	34.1	14.3	20.8	75.0	93.3	NA	NA	NA
ENSDART00000113083	asip	1	19.4	19.4	NA	NA	NA	NA	NA	NA	NA
ENSDART00000152636	clock	20	18.1	15.9	4.1	11.5	30.5	36.2	NA	NA	NA
ENSDART00000026249	gnl3l	79	19.2	17.4	6.8	10.9	27.5	33.4	16.99	1.89	-3.16822771296
ENSDART00000152639	ICT1	3	18.6	11.5	NA	NA	NA	NA	NA	NA	NA
ENSDART00000112878	SHPRH	18	28.5	24.3	10.3	12.9	39.8	54.0	7.82	31.97	2.03147823147
ENSDART00000112879	SLC4A7	260	22.4	18.2	4.1	9.6	30.7	44.6	NA	NA	NA
ENSDART00000051081	eef2l2	1	10.1	10.1	NA	NA	NA	NA	NA	NA	NA
ENSDART00000079011	ikzf5	469	30.2	26.6	10.0	16.7	40.5	57.7	NA	NA	NA
ENSDART00000051553	znf703	10	30.6	26.2	12.0	14.3	39.1	48.5	NA	NA	NA
ENSDART00000149854	si:ch1073-228j22.1	228	33.4	28.9	8.1	13.9	46.2	67.0	NA	NA	NA
ENSDART00000151025	BCL2L12	106	23.4	21.0	5.7	12.7	32.7	45.8	46.4	3.29	-3.81796531628
ENSDART00000060166	got2a	103	43.4	31.3	10.3	19.2	60.1	91.5	NA	NA	NA
ENSDART00000077182	PREB	290	12.2	9.7	0.9	4.3	16.8	27.3	NA	NA	NA
ENSDART00000010626	nup155	185	61.0	37.3	7.8	15.3	107.6	136.2	29.19	91.77	1.65254839678
ENSDART00000114284	mcl1a	697	34.3	30.7	9.1	17.6	46.2	63.5	182.58	105.47	-0.791696044129
ENSDART00000039693	pgp	417	22.6	17.8	5.0	10.2	31.6	44.4	NA	NA	NA
ENSDART00000115062	zgc:173552	4	5.8	4.4	NA	NA	NA	NA	NA	NA	NA
ENSDART00000102434	ehhadh	24	26.9	23.4	5.8	11.4	40.1	60.7	NA	NA	NA
ENSDART00000057865	ier3ip1	66	46.6	36.7	5.2	14.4	70.2	108.1	NA	NA	NA
ENSDART00000085666	pfkfb4l	44	37.2	28.1	11.7	19.6	44.5	85.8	NA	NA	NA
ENSDART00000082940	uhmk1	22	22.5	19.4	7.9	12.0	29.2	41.9	NA	NA	NA
ENSDART00000015393	b9d1	48	17.6	15.0	2.7	9.5	22.1	36.3	NA	NA	NA
ENSDART00000097944	SLC29A2	6	47.0	42.8	NA	NA	NA	NA	NA	NA	NA
ENSDART00000047082	gdap1l1	1	15.2	15.2	NA	NA	NA	NA	NA	NA	NA
ENSDART00000108782	POLR2M	31	49.8	50.5	14.8	19.1	71.4	100.9	NA	NA	NA
ENSDART00000135600	si:ch211-271e10.2	3	38.4	42.9	NA	NA	NA	NA	NA	NA	NA
ENSDART00000108780	erg	14	54.0	45.9	28.9	41.4	66.9	79.3	NA	NA	NA
ENSDART00000108787	ndufs2	580	22.9	19.4	7.1	12.2	29.5	43.8	85.79	22.95	-1.90231533801
ENSDART00000005447	kif1b	118	24.8	21.9	7.3	13.1	33.5	46.5	12.15	6.9	-0.816288046828
ENSDART00000108784	C19H7orf41	1	8.7	8.7	NA	NA	NA	NA	NA	NA	NA
ENSDART00000020798	RNASEL	34	21.2	16.9	2.1	9.9	28.9	38.4	NA	NA	NA
ENSDART00000105692	mrpl54	361	17.0	14.8	3.1	7.8	23.4	32.1	NA	NA	NA
ENSDART00000089574	TUB	1	60.2	60.2	NA	NA	NA	NA	NA	NA	NA
ENSDART00000147278	plk3	1069	24.6	19.5	3.7	10.0	34.9	53.4	68.14	132.86	0.963332966982
ENSDART00000081765	zgmrpl4	14	17.2	17.5	0.9	5.3	21.8	30.6	NA	NA	NA
ENSDART00000099509	WDR62	181	61.8	47.9	14.0	28.1	78.6	123.6	25.58	241.01	3.23600483875
ENSDART00000081766	nog1	5	23.9	19.7	NA	NA	NA	NA	NA	NA	NA
ENSDART00000081761	bin1	215	17.8	15.0	2.8	7.6	24.2	35.9	NA	NA	NA
ENSDART00000125787	STXBP6	60	60.8	45.9	11.2	19.6	98.6	130.8	NA	NA	NA
ENSDART00000045124	pomp	619	34.9	29.4	9.4	16.7	48.9	68.3	97.85	200.09	1.03200531077
ENSDART00000063774	rac1l	7	14.5	11.2	NA	NA	NA	NA	NA	NA	NA
ENSDART00000021949	FAM120A	1	3.1	3.1	NA	NA	NA	NA	NA	NA	NA
ENSDART00000098731	stxbp5b	45	22.6	14.1	3.7	9.6	26.2	46.5	NA	NA	NA
ENSDART00000021942	eapp	156	52.1	50.5	15.6	31.4	72.2	88.1	61.7	163.81	1.40868103642
ENSDART00000103405	gch1	12	34.8	23.3	8.4	15.1	32.3	86.9	NA	NA	NA
ENSDART00000104364	rps15	908	33.0	32.5	10.1	19.1	43.8	56.9	328.54	29.64	-3.47045167773
ENSDART00000103407	tmem245	11	58.3	32.4	5.6	7.2	98.2	122.3	NA	NA	NA
ENSDART00000015136	mogat3b	1	-4.5	-4.5	NA	NA	NA	NA	NA	NA	NA
ENSDART00000104360	gamt	3	20.8	22.4	NA	NA	NA	NA	NA	NA	NA
ENSDART00000104362	dazap1	35	44.2	38.6	13.6	20.9	56.8	91.2	NA	NA	NA
ENSDART00000082496	dtwd1	138	99.1	102.4	58.4	82.4	118.9	149.9	NA	NA	NA
ENSDART00000111528	kri1	193	33.5	21.9	6.1	10.5	44.4	80.2	100.91	23.73	-2.08828514438
ENSDART00000085442	mut	87	42.8	42.6	10.9	23.2	57.2	72.6	16.68	20.36	0.287618272631
ENSDART00000138871	si:dkey-216e24.3	8	20.9	13.7	NA	NA	NA	NA	NA	NA	NA
ENSDART00000133356	rnf146	383	38.9	31.9	6.7	18.7	56.7	77.5	NA	NA	NA
ENSDART00000109759	tmx2a	17	28.1	21.3	12.8	15.9	39.7	50.6	NA	NA	NA
ENSDART00000111839	CT955967.1	66	58.7	45.1	9.3	21.4	94.4	126.4	11.71	122.88	3.39143714022
ENSDART00000133355	gps2	642	28.1	23.3	7.4	13.7	39.4	54.5	89.14	80.9	-0.139933258295
ENSDART00000111521	BX571823.1	117	33.5	30.6	9.0	17.1	45.0	63.3	38.98	57.5	0.560827865461
ENSDART00000088169	POLRMT	105	22.0	19.6	2.4	11.3	30.2	40.8	NA	NA	NA
ENSDART00000138878	ndufaf5	67	21.9	18.9	6.5	12.0	30.7	39.7	NA	NA	NA
ENSDART00000111833	pctp	16	13.4	9.5	2.4	5.2	19.8	24.9	NA	NA	NA
ENSDART00000000070	dap	314	80.5	83.6	21.7	52.6	109.4	132.2	49.34	265.57	2.42826256172
ENSDART00000151016	si:dkey-276l13.6	1	17.2	17.2	NA	NA	NA	NA	NA	NA	NA
ENSDART00000050687	lpcat4	149	19.9	13.7	2.8	7.2	28.8	42.3	89.31	39.77	-1.16714116015
ENSDART00000139942	si:dkey-88p24.9	191	55.2	52.7	16.3	30.1	71.8	97.8	NA	NA	NA
ENSDART00000103857	zgc:162509	57	33.5	33.6	10.0	20.8	42.3	59.0	NA	NA	NA
ENSDART00000004797	ccbl1	28	26.8	24.7	2.9	6.3	38.5	54.5	NA	NA	NA
ENSDART00000023834	setb	484	58.1	51.9	14.4	27.3	82.0	114.5	114.32	706.55	2.62771383696
ENSDART00000137410	exosc10	169	32.5	28.3	8.0	17.2	42.0	61.2	65.57	122.64	0.903321802135
ENSDART00000045374	smad3a	8	38.7	39.2	NA	NA	NA	NA	NA	NA	NA
ENSDART00000111639	rereb	24	29.6	22.1	5.9	16.3	39.5	63.2	NA	NA	NA
ENSDART00000056734	setd7	12	57.5	61.0	7.0	21.0	84.7	86.6	NA	NA	NA
ENSDART00000074968	acsl3b	24	95.8	103.8	12.3	32.0	150.6	164.1	8.08	75.28	3.21983942998
ENSDART00000099690	fam129ab	10	22.9	15.3	11.1	11.8	29.8	45.8	NA	NA	NA
ENSDART00000074212	scrib	117	62.7	56.6	14.8	27.5	98.8	118.3	20.12	41.76	1.05349140676
ENSDART00000074747	tmem203	1094	13.5	10.1	1.5	5.4	17.6	29.7	NA	NA	NA
ENSDART00000074216	higd2a	170	24.6	20.8	4.9	12.9	35.2	48.4	NA	NA	NA
ENSDART00000054590	spon2b	1	2.3	2.3	NA	NA	NA	NA	NA	NA	NA
ENSDART00000113644	vps39	109	37.5	28.3	4.8	16.0	47.8	87.5	NA	NA	NA
ENSDART00000054594	crfb5	125	17.3	13.5	2.0	7.9	23.1	35.8	NA	NA	NA
ENSDART00000124788	BX957235.1	65	23.2	19.6	3.5	10.5	31.4	52.7	NA	NA	NA
ENSDART00000076766	FGFBP2	9	10.6	14.1	NA	NA	NA	NA	NA	NA	NA
ENSDART00000124781	snapc3	3	63.3	56.9	NA	NA	NA	NA	NA	NA	NA
ENSDART00000124780	agfg1a	149	12.5	9.0	1.7	4.6	18.4	28.1	18.16	16.53	-0.135677477999
ENSDART00000133722	anapc2	76	20.1	17.0	4.0	8.7	28.5	40.4	20.84	5.27	-1.98348041064
ENSDART00000133721	si:ch211-156j22.4	875	23.1	19.6	7.1	12.6	29.8	43.0	22.52	25.14	0.15877782234
ENSDART00000133650	ecd	272	29.9	26.9	11.2	16.7	39.0	54.4	35.48	36.98	0.0597392151031
ENSDART00000138312	zbtb18	124	32.1	23.9	7.1	13.7	44.2	65.5	NA	NA	NA
ENSDART00000103855	lpcat1	111	32.2	25.7	7.9	14.1	47.2	64.1	33.59	47.94	0.513198113415
ENSDART00000110646	srsf1b	49	88.9	78.5	9.7	59.5	122.9	165.5	NA	NA	NA
ENSDART00000046841	sash1a	8	27.7	23.6	NA	NA	NA	NA	18.15	22.84	0.33159310248
ENSDART00000046840	exosc3	454	16.3	14.5	3.9	8.0	21.4	30.9	52.1	6.12	-3.08967981447
ENSDART00000040204	tuba8l2	48	19.3	15.9	3.9	10.2	29.1	37.6	NA	NA	NA
ENSDART00000124438	nudt6	27	29.8	25.4	4.5	17.1	39.8	53.9	NA	NA	NA
ENSDART00000001678	adam8a	95	86.3	86.5	35.2	52.5	113.4	143.6	NA	NA	NA
ENSDART00000077435	ccnl1a	53	95.4	100.3	18.8	57.0	138.1	153.3	14.75	171.69	3.54101915313
ENSDART00000079497	zgc:136360	4	34.7	40.8	NA	NA	NA	NA	NA	NA	NA
ENSDART00000073777	trim35-1	3	30.0	35.1	NA	NA	NA	NA	NA	NA	NA
ENSDART00000102750	tnfrsf1b	30	28.5	18.7	1.2	12.0	44.2	69.6	NA	NA	NA
ENSDART00000102751	si:dkey-179j5.5	9	33.3	30.7	NA	NA	NA	NA	NA	NA	NA
ENSDART00000058938	fbxo32	211	22.3	17.8	3.9	9.4	31.0	47.8	57.87	113.85	0.976246742254
ENSDART00000058936	SCAMP5	1	54.1	54.1	NA	NA	NA	NA	NA	NA	NA
ENSDART00000133939	tle2	498	72.2	73.6	17.8	46.0	96.4	120.4	32.3	114.89	1.83064716156
ENSDART00000139882	ranbp3	21	36.2	24.3	10.2	16.7	47.6	49.3	NA	NA	NA
ENSDART00000143598	CKAP2L	12	26.2	23.0	4.0	5.0	41.2	48.2	NA	NA	NA
ENSDART00000020400	igfbp3	9	24.3	20.8	NA	NA	NA	NA	NA	NA	NA
ENSDART00000047134	clcn6	59	41.3	41.4	8.8	19.5	61.0	80.7	NA	NA	NA
ENSDART00000133937	map9	30	28.2	25.1	7.9	12.7	39.5	58.4	NA	NA	NA
ENSDART00000114820	C17H15orf57	243	44.5	41.1	14.1	22.2	61.2	79.4	31.07	54.07	0.79930611496
ENSDART00000126466	entpd1	3	21.4	16.1	NA	NA	NA	NA	NA	NA	NA
ENSDART00000048707	srgap2b	358	24.8	21.4	5.5	12.2	31.6	48.2	NA	NA	NA
ENSDART00000114927	AL928712.1	107	17.5	16.3	2.1	7.9	23.3	35.0	29.52	4.14	-2.83399004856
ENSDART00000105967	cacna2d1a	11	27.1	14.7	10.8	12.9	31.5	37.5	NA	NA	NA
ENSDART00000114923	CR382327.3	68	12.4	12.0	2.5	4.8	17.3	24.4	NA	NA	NA
ENSDART00000114920	C6H6orf106	290	54.8	48.1	13.1	25.3	84.0	105.8	17.52	131.42	2.90711016719
ENSDART00000012268	mrpl41	167	15.2	14.0	3.1	7.7	19.7	27.7	NA	NA	NA
ENSDART00000111392	abcd1	1	73.7	73.7	NA	NA	NA	NA	NA	NA	NA
ENSDART00000056723	gins3	684	25.1	23.4	9.3	14.5	33.2	44.5	143.49	43.84	-1.71063049375
ENSDART00000113609	rfwd2	506	52.3	48.7	15.6	30.3	69.9	92.6	29.65	167.23	2.49572967108
ENSDART00000110016	UBE2QL1	15	23.7	19.7	12.5	14.0	27.4	45.3	NA	NA	NA
ENSDART00000110017	cpsf1	141	29.4	25.3	9.0	14.9	39.3	55.0	17.32	7.34	-1.23858696188
ENSDART00000110769	btr12	110	56.8	55.8	15.4	28.3	78.8	105.1	16.45	38.49	1.22639608719
ENSDART00000108999	SAMD4A	3	15.0	11.5	NA	NA	NA	NA	NA	NA	NA
ENSDART00000024662	lppr3a	2	21.9	21.9	NA	NA	NA	NA	NA	NA	NA
ENSDART00000053906	arl6ip4	15	30.3	29.2	13.2	22.1	41.8	47.2	NA	NA	NA
ENSDART00000074228	tcf3b	84	22.2	17.2	5.4	8.7	30.7	48.6	10.34	29.74	1.52416846174
ENSDART00000132158	ptpn18	7	9.8	11.9	NA	NA	NA	NA	NA	NA	NA
ENSDART00000010564	xrcc3	132	29.7	20.2	5.1	9.7	37.1	71.1	NA	NA	NA
ENSDART00000039987	pgm3	117	22.4	17.8	4.2	8.4	32.3	46.2	NA	NA	NA
ENSDART00000143373	rbmx2	119	21.5	19.2	4.8	11.2	28.9	38.2	64.61	6.36	-3.34465880442
ENSDART00000022393	CR392006.1	1	18.2	18.2	NA	NA	NA	NA	NA	NA	NA
ENSDART00000122858	zdhhc4	199	39.5	34.8	12.0	17.3	55.1	76.9	47.15	20.03	-1.23509534975
ENSDART00000122085	atg16l1	653	24.3	17.7	4.6	10.5	31.0	52.4	19.52	41.66	1.09370978648
ENSDART00000136456	HIST3H3	4	4.7	0.6	NA	NA	NA	NA	NA	NA	NA
ENSDART00000033755	HOMEZ	49	61.1	56.1	13.6	27.9	85.9	127.2	NA	NA	NA
ENSDART00000006378	cdkn1c	22	16.9	13.4	4.6	9.2	20.5	29.8	NA	NA	NA
ENSDART00000130072	kmt2e	31	45.2	38.0	8.1	19.3	65.2	101.3	NA	NA	NA
ENSDART00000106432	zgc:173480	49	15.1	12.2	2.9	8.2	21.2	28.0	NA	NA	NA
ENSDART00000130070	colec12	7	59.4	51.2	NA	NA	NA	NA	NA	NA	NA
ENSDART00000029599	mtmr1b	115	16.9	13.2	2.5	5.7	25.9	38.3	NA	NA	NA
ENSDART00000130077	mtfr1	121	58.5	43.5	11.2	20.3	92.2	128.5	NA	NA	NA
ENSDART00000013167	retsat	32	67.8	70.3	22.7	30.7	99.5	117.1	NA	NA	NA
ENSDART00000052761	rpl39	2569	24.4	21.0	7.3	13.4	32.7	46.5	1063.23	437.85	-1.27994510058
ENSDART00000079437	ap4m1	121	12.7	10.9	1.6	5.1	18.6	25.3	NA	NA	NA
ENSDART00000127755	ash1l	28	39.8	39.5	11.9	16.9	60.2	67.7	5.98	5.83	-0.0366496009976
ENSDART00000046981	pdlim1	173	22.1	17.4	4.7	10.1	29.2	46.3	NA	NA	NA
ENSDART00000148181	inpp4aa	25	78.0	74.7	9.1	17.5	128.9	151.6	NA	NA	NA
ENSDART00000035755	dvl1a	6	21.3	20.7	NA	NA	NA	NA	NA	NA	NA
ENSDART00000028297	si:dkeyp-89c11.2	85	19.4	17.0	3.0	8.1	26.1	43.2	NA	NA	NA
ENSDART00000059308	spc24	143	37.0	24.4	7.1	10.4	49.0	92.9	53.96	242.22	2.16635573925
ENSDART00000098640	grhpra	36	36.9	31.5	13.0	21.9	55.2	62.6	NA	NA	NA
ENSDART00000127753	adam15	4	8.5	10.1	NA	NA	NA	NA	NA	NA	NA
ENSDART00000101957	baiap2l1b	373	30.7	28.5	8.1	16.2	42.9	55.8	NA	NA	NA
ENSDART00000035759	cd2bp2	492	41.5	33.0	12.2	20.7	55.4	85.3	191.49	76.44	-1.3248693702
ENSDART00000137861	acvrl1	1	23.4	23.4	NA	NA	NA	NA	NA	NA	NA
ENSDART00000114085	si:ch211-119o8.6	163	19.8	17.7	5.4	8.8	26.1	38.7	NA	NA	NA
ENSDART00000140482	TNRC6B	3	22.6	21.9	NA	NA	NA	NA	12.86	40.02	1.63783052458
ENSDART00000091898	si:dkey-211g8.6	2	14.9	14.9	NA	NA	NA	NA	NA	NA	NA
ENSDART00000091899	ccm2l	10	31.6	24.8	9.1	14.3	34.5	51.1	NA	NA	NA
ENSDART00000139602	tfr1a	7	27.5	18.6	NA	NA	NA	NA	NA	NA	NA
ENSDART00000087410	adat1	3	7.1	6.3	NA	NA	NA	NA	NA	NA	NA
ENSDART00000015517	pdcd6	25	30.3	25.9	10.8	12.0	46.8	59.8	NA	NA	NA
ENSDART00000124947	evi5b	103	45.1	29.0	11.3	16.2	66.8	103.2	NA	NA	NA
ENSDART00000091097	socs5b	31	13.9	9.8	-0.1	6.6	19.2	29.9	NA	NA	NA
ENSDART00000135592	poc1bl	54	26.0	23.6	5.3	10.7	35.9	56.8	NA	NA	NA
ENSDART00000131721	fam65b	34	30.0	17.1	4.9	11.5	32.8	70.5	NA	NA	NA
ENSDART00000025530	RBMS1	16	46.0	27.1	10.2	13.7	49.6	74.4	NA	NA	NA
ENSDART00000091099	INO80B	44	32.6	28.3	6.8	14.6	45.6	61.3	16.83	28.06	0.73747983229
ENSDART00000052503	nudcd1	331	20.0	18.0	5.0	10.8	27.2	37.5	NA	NA	NA
ENSDART00000025535	sept5a	62	34.5	27.6	9.9	16.6	48.2	70.7	NA	NA	NA
ENSDART00000113954	si:ch211-113e8.11	206	30.1	26.8	8.9	15.6	41.6	54.9	NA	NA	NA
ENSDART00000043341	foxd1	5	63.2	61.8	NA	NA	NA	NA	NA	NA	NA
ENSDART00000132923	ppp1r12a	139	52.0	43.8	10.2	25.6	70.2	96.8	24.29	156.37	2.68652935923
ENSDART00000132920	slc35c2	27	26.1	19.2	2.9	9.1	37.6	62.9	NA	NA	NA
ENSDART00000012414	sh3bp5b	303	18.6	15.7	2.8	8.6	25.0	40.5	NA	NA	NA
ENSDART00000012413	ankhb	39	29.9	21.7	7.9	13.8	43.9	60.3	NA	NA	NA
ENSDART00000017424	ptmaa	35	26.2	24.4	6.0	11.7	33.2	46.1	NA	NA	NA
ENSDART00000076479	slc38a6	460	15.6	12.6	1.4	5.8	20.7	33.2	NA	NA	NA
ENSDART00000137737	fbxo44	264	15.5	13.5	3.3	6.7	21.0	30.8	NA	NA	NA
ENSDART00000026509	cwf19l1	6	20.3	18.1	NA	NA	NA	NA	20.66	136.48	2.72377739245
ENSDART00000128129	MLF1IP	3	61.7	19.1	NA	NA	NA	NA	NA	NA	NA
ENSDART00000081323	abhd17c	216	70.8	64.7	10.7	23.4	112.6	136.4	22.02	168.24	2.93363438117
ENSDART00000090413	snapc5	43	32.9	26.1	8.0	17.1	46.3	62.8	33.62	21.21	-0.664575103706
ENSDART00000022625	nrarpb	7	25.1	28.0	NA	NA	NA	NA	NA	NA	NA
ENSDART00000023814	prkcsh	351	34.8	31.5	8.5	18.5	47.3	64.5	74.79	74.4	-0.00754276221726
ENSDART00000128121	FP326669.1	9	39.0	28.4	NA	NA	NA	NA	NA	NA	NA
ENSDART00000128985	ryk	159	34.5	25.9	9.9	15.8	40.4	67.2	31.9	9.53	-1.74300830474
ENSDART00000022621	kdsr	148	28.2	23.9	5.7	13.1	38.6	59.4	NA	NA	NA
ENSDART00000022620	kalrnb	26	28.7	27.9	12.5	16.9	36.3	46.1	NA	NA	NA
ENSDART00000128433	hm13	165	49.0	36.2	4.4	16.0	76.0	119.4	28.01	295.91	3.40114456335
ENSDART00000099660	h2afva	1389	51.4	44.5	10.2	20.2	75.7	105.8	838.67	3053.86	1.86445876972
ENSDART00000099665	purba	123	31.3	24.8	10.3	16.8	41.7	60.0	24.24	16.09	-0.59122537275
ENSDART00000128435	pinx1	642	25.2	23.1	7.3	13.1	34.3	44.8	441.42	19.03	-4.53580453047
ENSDART00000109003	arhgap17b	8	53.5	35.9	NA	NA	NA	NA	NA	NA	NA
ENSDART00000109001	si:dkeyp-117b11.2	3	12.2	5.6	NA	NA	NA	NA	NA	NA	NA
ENSDART00000109004	zgc:174895	20	26.2	10.4	2.2	5.4	18.4	92.6	NA	NA	NA
ENSDART00000151389	si:ch73-367f21.4	58	26.6	22.4	6.4	13.9	35.0	53.5	NA	NA	NA
ENSDART00000146132	si:ch211-254n4.3	2	30.9	30.9	NA	NA	NA	NA	NA	NA	NA
ENSDART00000114086	RBM26	156	36.6	31.0	9.3	17.9	51.1	71.0	86.14	69.98	-0.299740659002
ENSDART00000088422	abcc8	2	3.6	3.6	NA	NA	NA	NA	NA	NA	NA
ENSDART00000114217	TBC1D10B	164	18.8	14.9	2.5	7.5	22.4	37.5	NA	NA	NA
ENSDART00000152849	syt15	2	19.3	19.3	NA	NA	NA	NA	NA	NA	NA
ENSDART00000017770	zbtb8os	59	22.7	17.9	4.2	10.6	32.0	45.9	NA	NA	NA
ENSDART00000017646	atp6v0a1a	243	23.8	18.8	4.3	9.2	32.0	48.4	NA	NA	NA
ENSDART00000023971	slc5a5	27	46.4	46.7	13.4	27.3	62.3	79.4	NA	NA	NA
ENSDART00000108872	ndufaf4	152	22.1	17.7	6.8	11.2	30.2	44.3	NA	NA	NA
ENSDART00000149195	exosc2	305	25.7	19.8	6.2	12.0	35.2	54.5	124.26	87.4	-0.507656774554
ENSDART00000019078	lhx8a	389	14.3	11.9	1.5	6.4	19.8	29.1	NA	NA	NA
ENSDART00000007914	nabp1a	224	34.5	32.4	12.3	19.5	45.2	58.0	76.45	27.27	-1.48720180133
ENSDART00000075709	si:dkey-24n17.5	44	52.8	39.3	15.2	27.6	72.1	82.8	11.75	32.35	1.46110495543
ENSDART00000113953	abcb6b	21	45.7	37.7	4.7	12.7	73.3	91.4	NA	NA	NA
ENSDART00000064472	pnrc1	7	17.7	21.2	NA	NA	NA	NA	NA	NA	NA
ENSDART00000042694	mapre3b	41	39.2	30.4	11.4	16.6	48.3	80.1	NA	NA	NA
ENSDART00000080404	mphosph8	234	41.7	29.9	7.8	14.3	59.8	93.6	191.46	63.84	-1.58451045778
ENSDART00000131295	nup62l	837	30.2	25.0	8.0	14.0	42.7	59.7	134.98	129.11	-0.0641449123298
ENSDART00000006538	otx1a	3	31.6	25.3	NA	NA	NA	NA	NA	NA	NA
ENSDART00000080401	CR774184.1	69	37.9	30.8	9.2	17.2	55.8	76.9	27.06	55.53	1.03710555662
ENSDART00000115296	C17H2orf43	6	27.5	25.5	NA	NA	NA	NA	NA	NA	NA
ENSDART00000115293	faxcb	4	21.0	14.1	NA	NA	NA	NA	NA	NA	NA
ENSDART00000021191	u2af1	1072	66.2	66.5	24.9	45.0	86.8	107.0	78.03	297.09	1.92879924
ENSDART00000021192	kcnk6	151	63.7	55.2	10.8	25.3	93.3	126.8	NA	NA	NA
ENSDART00000115290	mcf2lb	2	20.1	20.1	NA	NA	NA	NA	NA	NA	NA
ENSDART00000123780	DDX47	91	18.8	14.4	4.4	8.5	22.7	45.5	66.56	3.02	-4.46203497882
ENSDART00000028610	elavl3	4	89.6	32.8	NA	NA	NA	NA	NA	NA	NA
ENSDART00000011149	FAM185A	68	22.6	21.4	9.0	14.2	29.7	39.7	NA	NA	NA
ENSDART00000011146	twist3	4	9.8	9.6	NA	NA	NA	NA	NA	NA	NA
ENSDART00000145395	matn3b	1	13.0	13.0	NA	NA	NA	NA	NA	NA	NA
ENSDART00000099278	SEC24A	484	34.5	23.9	5.5	12.8	47.2	80.6	55.69	18.71	-1.57360873406
ENSDART00000011143	myd88	74	29.0	26.7	6.2	14.3	41.7	61.1	NA	NA	NA
ENSDART00000063800	gapdh	5914	14.0	12.4	2.2	7.0	18.1	26.1	250.77	72.04	-1.79949468028
ENSDART00000108669	zgc:171551	1	36.3	36.3	NA	NA	NA	NA	NA	NA	NA
ENSDART00000063806	atp6v1b2	23	11.1	11.3	1.8	4.8	15.1	19.7	NA	NA	NA
ENSDART00000089385	adkb	2	46.8	46.8	NA	NA	NA	NA	NA	NA	NA
ENSDART00000008607	ttyh2l	94	16.8	12.9	1.7	5.9	21.9	32.9	NA	NA	NA
ENSDART00000084090	ncapg2	51	43.0	36.8	13.7	19.1	62.1	79.9	NA	NA	NA
ENSDART00000048507	uevld	154	29.7	24.8	7.6	15.0	40.8	60.0	NA	NA	NA
ENSDART00000046274	trappc13	508	32.8	29.6	9.4	16.4	44.4	59.7	85.58	72.93	-0.230761284874
ENSDART00000129363	ivd	10	29.7	25.3	7.9	16.2	44.6	50.2	NA	NA	NA
ENSDART00000055409	fam83fb	1	11.9	11.9	NA	NA	NA	NA	NA	NA	NA
ENSDART00000032603	tspo	77	36.5	28.7	7.9	21.0	50.0	65.5	NA	NA	NA
ENSDART00000127495	gpd2	10	39.0	35.0	21.3	27.6	42.4	66.0	NA	NA	NA
ENSDART00000117148	asb6	29	16.8	16.5	5.7	9.3	22.8	26.9	NA	NA	NA
ENSDART00000056375	pih1d3	20	19.4	12.8	8.2	10.1	22.3	36.1	NA	NA	NA
ENSDART00000058248	CCDC89	3	2.8	2.9	NA	NA	NA	NA	NA	NA	NA
ENSDART00000136026	thtpa	32	27.4	25.6	12.2	17.4	33.7	49.7	NA	NA	NA
ENSDART00000031188	nbeal2	6	35.7	25.4	NA	NA	NA	NA	NA	NA	NA
ENSDART00000064789	txn	1	116.5	116.5	NA	NA	NA	NA	NA	NA	NA
ENSDART00000074514	spryd7a	37	24.9	23.0	8.9	12.0	35.6	47.3	NA	NA	NA
ENSDART00000136125	rbm15b	112	40.6	35.7	9.5	17.0	54.4	80.9	NA	NA	NA
ENSDART00000136123	kdm6bb	1	4.3	4.3	NA	NA	NA	NA	NA	NA	NA
ENSDART00000144464	sfxn5a	38	32.5	27.4	6.9	10.3	38.2	69.1	NA	NA	NA
ENSDART00000123163	ANKLE1	147	27.9	21.0	6.8	12.5	36.8	58.7	55.5	20.77	-1.41798655528
ENSDART00000113847	chpfa	100	22.1	13.9	2.4	7.6	27.1	53.7	NA	NA	NA
ENSDART00000074519	kpna3	7	24.9	13.9	NA	NA	NA	NA	NA	NA	NA
ENSDART00000016112	capns1b	331	29.1	23.4	8.1	13.9	42.7	56.8	NA	NA	NA
ENSDART00000016117	ube2q2	63	44.2	36.7	2.8	19.6	56.6	95.1	26.71	121.04	2.18003201158
ENSDART00000044526	snx27a	159	27.1	21.3	6.2	11.9	35.4	63.0	22.63	60.65	1.42227106074
ENSDART00000144725	ccdc85b	2	49.4	49.4	NA	NA	NA	NA	NA	NA	NA
ENSDART00000140543	zfyve26	79	20.8	17.8	5.9	11.1	27.3	35.3	NA	NA	NA
ENSDART00000013394	mtch2	224	81.0	83.7	23.6	51.2	108.6	132.7	NA	NA	NA
ENSDART00000105774	ek1	40	36.5	30.7	11.9	20.7	52.4	66.5	NA	NA	NA
ENSDART00000084272	arid1ab	99	86.7	87.2	12.6	43.1	128.7	159.3	23.25	110.88	2.25369654125
ENSDART00000140546	btc	20	26.9	23.7	8.0	11.4	39.6	49.9	NA	NA	NA
ENSDART00000130245	BX530066.1	23	16.0	12.1	4.9	8.5	21.2	32.6	NA	NA	NA
ENSDART00000122782	BX649538.2	101	29.1	27.0	6.0	15.2	37.9	52.1	NA	NA	NA
ENSDART00000122781	dusp8a	24	24.9	19.3	2.6	8.6	28.6	44.1	NA	NA	NA
ENSDART00000152400	DBF4B	241	28.4	23.5	4.4	10.9	39.0	56.6	NA	NA	NA
ENSDART00000109358	uba2	655	18.7	15.1	3.9	8.4	23.1	34.8	89.48	147.63	0.722348760792
ENSDART00000040998	MTFP1	9	15.9	14.8	NA	NA	NA	NA	NA	NA	NA
ENSDART00000034246	cdc7	111	36.0	31.2	9.2	19.9	48.5	65.2	55.33	35.61	-0.63577948808
ENSDART00000034935	desi2	213	91.2	97.9	16.3	65.2	127.2	153.9	47.93	161.81	1.75529992527
ENSDART00000060577	tmem33	545	32.4	26.9	6.8	14.1	45.4	66.6	NA	NA	NA
ENSDART00000034248	rab32a	287	31.8	29.1	7.4	14.3	45.4	61.1	NA	NA	NA
ENSDART00000128504	CT030012.1	9	6.3	2.6	NA	NA	NA	NA	NA	NA	NA
ENSDART00000106237	si:dkey-20i20.5	3	54.1	48.2	NA	NA	NA	NA	NA	NA	NA
ENSDART00000026316	sema3gb	3	25.5	22.4	NA	NA	NA	NA	NA	NA	NA
ENSDART00000113596	scly	35	34.0	31.3	8.3	18.9	43.3	63.9	NA	NA	NA
ENSDART00000099891	atp5ib	537	19.5	18.0	5.6	11.1	25.7	36.1	221.54	111.09	-0.995838251751
ENSDART00000082000	CABZ01080098.1	1	-5.5	-5.5	NA	NA	NA	NA	NA	NA	NA
ENSDART00000105955	TIMM21	91	28.1	21.2	7.5	12.9	36.5	50.2	NA	NA	NA
ENSDART00000146311	si:dkeyp-53d3.5	87	20.1	17.3	4.2	9.2	28.2	37.6	NA	NA	NA
ENSDART00000146314	med14	117	29.6	21.0	4.6	11.1	39.7	65.1	27.53	80.17	1.5420578643
ENSDART00000146315	stx5al	194	18.6	14.3	3.4	7.3	25.8	36.9	NA	NA	NA
ENSDART00000065435	cst3	97	24.4	21.8	8.2	13.0	32.1	44.0	NA	NA	NA
ENSDART00000128508	ZDHHC5	16	39.3	33.3	9.3	14.6	66.1	76.0	NA	NA	NA
ENSDART00000075978	ELMSAN1	165	21.9	18.4	4.8	10.6	27.9	40.4	10.62	9.66	-0.136688671968
ENSDART00000061958	ppiab	868	9.4	6.5	-6.3	-0.2	15.5	27.7	60.82	102.67	0.755396968705
ENSDART00000061775	rbbp5	119	57.9	51.1	10.6	22.2	83.6	117.9	27.82	168.93	2.60223123173
ENSDART00000100696	tsen15	75	13.7	12.8	2.9	8.3	18.8	25.4	NA	NA	NA
ENSDART00000089358	crb3b	141	24.9	22.1	6.6	12.7	32.3	43.4	NA	NA	NA
ENSDART00000093331	rreb1a	118	43.7	34.1	9.9	16.9	70.2	88.0	11.04	46.76	2.08253475775
ENSDART00000110821	ttc19	121	20.0	17.6	3.5	10.5	27.7	36.3	NA	NA	NA
ENSDART00000015395	tpst2	1	-8.0	-8.0	NA	NA	NA	NA	NA	NA	NA
ENSDART00000149855	fer	79	38.6	25.3	7.4	15.2	48.3	92.5	NA	NA	NA
ENSDART00000021575	adgb	3	-0.4	-8.2	NA	NA	NA	NA	NA	NA	NA
ENSDART00000040190	asl	47	71.2	73.7	21.7	48.7	88.4	105.1	NA	NA	NA
ENSDART00000102430	tmem41aa	95	34.4	25.6	3.8	10.9	50.1	80.7	NA	NA	NA
ENSDART00000110880	ing2	707	20.2	15.7	3.3	8.6	27.5	43.9	101.6	68.32	-0.572520522039
ENSDART00000102690	RETSAT	2	33.5	33.5	NA	NA	NA	NA	NA	NA	NA
ENSDART00000015643	tbcc	473	19.7	16.8	4.8	9.2	25.6	37.8	NA	NA	NA
ENSDART00000040334	pik3r3b	250	36.2	25.8	5.7	12.5	51.3	81.7	NA	NA	NA
ENSDART00000143160	fbxo15	28	35.5	30.2	12.4	20.3	46.0	62.7	NA	NA	NA
ENSDART00000102694	ppp2r5d	230	23.5	19.0	4.5	10.3	29.7	48.0	NA	NA	NA
ENSDART00000015139	dcaf13	48	23.1	18.6	1.6	6.9	34.7	47.3	71.86	277.66	1.95005851546
ENSDART00000007073	dlx4a	1	7.9	7.9	NA	NA	NA	NA	NA	NA	NA
ENSDART00000103346	fip1l1b	9	22.2	14.7	NA	NA	NA	NA	64.85	13.14	-2.30314129882
ENSDART00000127186	C2H14orf119	126	35.3	29.5	7.4	16.2	47.9	74.3	NA	NA	NA
ENSDART00000103343	grasp	275	18.7	16.9	2.8	8.0	26.1	40.1	NA	NA	NA
ENSDART00000103340	s100v1	6	13.8	14.0	NA	NA	NA	NA	NA	NA	NA
ENSDART00000075600	tspan3b	9	31.5	23.5	NA	NA	NA	NA	NA	NA	NA
ENSDART00000111992	PPP1R16B	33	13.9	10.6	-0.7	6.8	15.9	24.6	NA	NA	NA
ENSDART00000111993	CR318653.1	5	28.1	36.7	NA	NA	NA	NA	NA	NA	NA
ENSDART00000111995	si:dkey-238o13.4	3	24.4	21.3	NA	NA	NA	NA	NA	NA	NA
ENSDART00000075609	pstpip1b	2	13.8	13.8	NA	NA	NA	NA	NA	NA	NA
ENSDART00000079956	CABZ01081749.1	9	16.9	15.4	NA	NA	NA	NA	NA	NA	NA
ENSDART00000079953	e2f8	90	28.5	27.1	7.7	14.8	36.8	50.2	9.58	13.57	0.502323159683
ENSDART00000130626	rars	172	23.9	18.4	7.4	12.7	29.2	47.3	33.35	13.16	-1.34152727234
ENSDART00000073564	tes	163	29.3	26.1	8.1	15.9	39.7	52.1	NA	NA	NA
ENSDART00000004365	tada2b	119	37.0	26.6	4.1	13.4	56.3	83.1	NA	NA	NA
ENSDART00000137293	C24H3orf58	87	30.8	27.6	12.7	19.3	38.9	53.4	NA	NA	NA
ENSDART00000027158	psmd3	227	32.0	19.7	3.9	10.0	43.0	80.8	26.28	31.53	0.262759894361
ENSDART00000073560	gart	231	17.0	12.9	3.2	7.0	20.2	36.4	15.88	2.35	-2.75647825058
ENSDART00000004361	klf5a	2	10.2	10.2	NA	NA	NA	NA	NA	NA	NA
ENSDART00000125641	CABZ01061567.1	13	28.6	23.6	-1.7	9.7	36.7	64.3	NA	NA	NA
ENSDART00000125640	qkia	2	26.7	26.7	NA	NA	NA	NA	NA	NA	NA
ENSDART00000125645	runx1t1	18	23.3	25.5	4.0	7.7	37.3	42.8	NA	NA	NA
ENSDART00000009182	aqp3a	1	127.1	127.1	NA	NA	NA	NA	NA	NA	NA
ENSDART00000032188	si:dkey-256h2.1	619	45.3	41.0	13.9	24.9	62.9	83.1	143.52	367.93	1.35817951912
ENSDART00000130248	CABZ01084700.1	1	18.4	18.4	NA	NA	NA	NA	NA	NA	NA
ENSDART00000123950	PRIMA1	8	25.6	18.3	NA	NA	NA	NA	NA	NA	NA
ENSDART00000130241	nop10	906	18.9	15.9	4.8	9.6	24.4	35.7	129.66	81.45	-0.670746874168
ENSDART00000130715	commd4	143	15.0	12.5	2.0	6.6	21.5	30.8	NA	NA	NA
ENSDART00000130242	cyp2j20	1	45.9	45.9	NA	NA	NA	NA	NA	NA	NA
ENSDART00000130713	zgc:162962	9	22.5	19.6	NA	NA	NA	NA	NA	NA	NA
ENSDART00000114854	zdhhc16b	92	27.2	24.1	4.1	13.9	35.4	52.2	NA	NA	NA
ENSDART00000097149	CABZ01028287.1	110	20.9	17.1	5.2	8.3	30.5	41.2	33.02	10.17	-1.69902044106
ENSDART00000112479	acadsb	129	34.9	25.4	9.0	16.3	44.5	73.6	18.73	29.58	0.659271152856
ENSDART00000025487	icmt	74	34.9	22.1	4.2	12.8	43.4	68.1	NA	NA	NA
ENSDART00000114146	NECAB3	1	4.4	4.4	NA	NA	NA	NA	NA	NA	NA
ENSDART00000111302	rhbdd3	14	25.9	24.2	13.4	15.5	29.4	48.6	NA	NA	NA
ENSDART00000065923	rrp7a	220	15.2	14.0	4.0	8.4	20.4	29.3	56.14	4.57	-3.61876299345
ENSDART00000112079	tlcd2	219	19.6	16.3	4.7	10.4	27.0	39.3	NA	NA	NA
ENSDART00000141835	tspan18b	16	71.7	71.9	27.8	47.9	88.7	104.3	NA	NA	NA
ENSDART00000112076	cadps2	69	72.7	50.3	11.7	22.8	104.4	140.1	3.57	17.43	2.2875765901
STD10	STD10	27632	9.2	7.9	1.2	4.5	11.5	16.6	NA	NA	NA
STD50	STD50	22789	52.5	53.5	34.9	44.9	61.0	67.8	NA	NA	NA
STD100	STD100	28864	99.6	103.3	68.6	88.6	115.0	125.0	NA	NA	NA
STD150	STD150	15772	150.0	158.1	100.8	135.0	174.0	188.2	NA	NA	NA
STD200	STD200	15607	183.4	194.4	116.0	163.9	215.3	232.1	NA	NA	NA
STD250	STD250	6654	230.6	251.1	114.6	197.4	280.9	304.1	NA	NA	NA
STD300	STD300	5083	263.1	285.2	141.9	232.9	316.5	342.3	NA	NA	NA
STD10_2	STD10_2	17017	10.2	9.1	2.5	5.7	12.6	17.6	NA	NA	NA
STD50_2	STD50_2	9211	63.4	64.3	46.5	55.8	72.2	79.3	NA	NA	NA
STD100_2	STD100_2	5695	103.2	106.8	75.3	92.9	118.1	127.7	NA	NA	NA
STD150_2	STD150_2	5488	157.1	164.5	108.7	142.6	181.4	195.2	NA	NA	NA
STD200_2	STD200_2	3223	210.0	224.5	121.9	190.3	249.1	268.3	NA	NA	NA
STD250_2	STD250_2	835	240.4	262.5	104.2	210.2	295.4	321.2	NA	NA	NA
